series,retention_time_min,signal_au
before,0.0,80.0
before,0.007276034561164165,80.0
before,0.01455206912232833,80.0
before,0.021828103683492497,80.0
before,0.02910413824465666,80.0
before,0.03638017280582083,80.0
before,0.04365620736698499,80.0
before,0.05093224192814916,80.0
before,0.05820827648931332,80.0
before,0.06548431105047749,80.0
before,0.07276034561164166,80.0
before,0.08003638017280582,80.0
before,0.08731241473396999,80.0
before,0.09458844929513414,80.0
before,0.10186448385629832,80.0
before,0.10914051841746247,80.0
before,0.11641655297862664,80.0
before,0.12369258753979082,80.0
before,0.13096862210095497,80.0
before,0.13824465666211913,80.0
before,0.14552069122328332,80.0
before,0.15279672578444747,80.0
before,0.16007276034561163,80.0
before,0.1673487949067758,80.0
before,0.17462482946793997,80.0
before,0.18190086402910413,80.0
before,0.1891768985902683,80.0
before,0.19645293315143247,80.0
before,0.20372896771259663,80.0
before,0.2110050022737608,80.0
before,0.21828103683492495,80.0
before,0.22555707139608913,80.0
before,0.2328331059572533,80.0
before,0.24010914051841745,80.0
before,0.24738517507958163,80.0
before,0.2546612096407458,80.0
before,0.26193724420190995,80.0
before,0.2692132787630741,80.0
before,0.27648931332423826,80.0
before,0.2837653478854024,80.0
before,0.29104138244656663,80.0
before,0.2983174170077308,80.0
before,0.30559345156889495,80.0
before,0.3128694861300591,80.0
before,0.32014552069122326,80.0
before,0.3274215552523874,80.0
before,0.3346975898135516,80.0
before,0.3419736243747158,80.0
before,0.34924965893587995,80.0
before,0.3565256934970441,80.0
before,0.36380172805820826,80.0
before,0.3710777626193724,80.0
before,0.3783537971805366,80.0
before,0.38562983174170073,80.0
before,0.39290586630286495,80.0
before,0.4001819008640291,80.0
before,0.40745793542519326,80.0
before,0.4147339699863574,80.0
before,0.4220100045475216,80.0
before,0.42928603910868574,80.0
before,0.4365620736698499,80.0
before,0.4438381082310141,80.0
before,0.45111414279217826,80.0
before,0.4583901773533424,80.0
before,0.4656662119145066,80.0
before,0.47294224647567074,80.0
before,0.4802182810368349,80.0
before,0.48749431559799905,80.0
before,0.49477035015916326,80.0
before,0.5020463847203274,80.0
before,0.5093224192814916,80.0
before,0.5165984538426557,80.0
before,0.5238744884038199,80.0
before,0.5311505229649841,80.0
before,0.5384265575261482,80.0
before,0.5457025920873124,80.0
before,0.5529786266484765,80.0
before,0.5602546612096407,80.0
before,0.5675306957708048,80.0
before,0.574806730331969,80.0
before,0.5820827648931333,80.0
before,0.5893587994542974,80.0
before,0.5966348340154616,80.0
before,0.6039108685766257,80.0
before,0.6111869031377899,80.0
before,0.618462937698954,80.0
before,0.6257389722601182,80.0
before,0.6330150068212824,80.0
before,0.6402910413824465,80.0
before,0.6475670759436107,80.0
before,0.6548431105047748,80.0
before,0.662119145065939,80.0
before,0.6693951796271032,80.0
before,0.6766712141882674,80.0
before,0.6839472487494316,80.0
before,0.6912232833105957,80.0
before,0.6984993178717599,80.0
before,0.705775352432924,80.0
before,0.7130513869940882,80.0
before,0.7203274215552523,80.0
before,0.7276034561164165,80.0
before,0.7348794906775807,80.0
before,0.7421555252387448,80.0
before,0.749431559799909,80.0
before,0.7567075943610732,80.0
before,0.7639836289222374,80.0
before,0.7712596634834015,80.0
before,0.7785356980445657,80.0
before,0.7858117326057299,80.0
before,0.793087767166894,80.0
before,0.8003638017280582,80.0
before,0.8076398362892223,80.0
before,0.8149158708503865,80.0
before,0.8221919054115506,80.0
before,0.8294679399727148,80.0
before,0.836743974533879,80.0
before,0.8440200090950432,80.0
before,0.8512960436562074,80.0
before,0.8585720782173715,80.0
before,0.8658481127785357,80.0
before,0.8731241473396998,80.0
before,0.880400181900864,80.0
before,0.8876762164620282,80.0
before,0.8949522510231923,80.0
before,0.9022282855843565,80.0
before,0.9095043201455206,80.0
before,0.9167803547066848,80.0
before,0.9240563892678489,80.0
before,0.9313324238290132,80.0
before,0.9386084583901774,80.0
before,0.9458844929513415,80.0
before,0.9531605275125057,80.0
before,0.9604365620736698,80.0
before,0.967712596634834,80.0
before,0.9749886311959981,80.0
before,0.9822646657571623,80.0
before,0.9895407003183265,80.0
before,0.9968167348794906,80.0
before,1.0040927694406547,80.0
before,1.011368804001819,80.0
before,1.0186448385629832,80.0
before,1.0259208731241474,80.0
before,1.0331969076853114,80.0
before,1.0404729422464756,80.0
before,1.0477489768076398,80.0
before,1.055025011368804,80.0
before,1.0623010459299682,80.0
before,1.0695770804911322,80.0
before,1.0768531150522964,80.0
before,1.0841291496134606,80.0
before,1.0914051841746248,80.0
before,1.098681218735789,80.0
before,1.105957253296953,80.0
before,1.1132332878581173,80.0
before,1.1205093224192815,80.0
before,1.1277853569804457,80.0
before,1.1350613915416097,80.0
before,1.142337426102774,80.0
before,1.149613460663938,80.0
before,1.1568894952251023,80.0
before,1.1641655297862665,80.0
before,1.1714415643474305,80.0
before,1.1787175989085947,80.0
before,1.185993633469759,80.0
before,1.1932696680309232,80.0
before,1.2005457025920874,80.0
before,1.2078217371532514,80.0
before,1.2150977717144156,80.0
before,1.2223738062755798,80.0
before,1.229649840836744,80.0
before,1.236925875397908,80.0
before,1.2442019099590722,80.0
before,1.2514779445202364,80.0
before,1.2587539790814006,80.0
before,1.2660300136425648,80.0
before,1.2733060482037288,80.0
before,1.280582082764893,80.0
before,1.2878581173260573,80.0
before,1.2951341518872215,80.0
before,1.3024101864483857,80.0
before,1.3096862210095497,80.0
before,1.316962255570714,80.0
before,1.324238290131878,80.0
before,1.3315143246930423,80.0
before,1.3387903592542063,80.0
before,1.3460663938153705,80.0
before,1.3533424283765347,80.0
before,1.360618462937699,80.0
before,1.3678944974988632,80.0
before,1.3751705320600272,80.0
before,1.3824465666211914,80.0
before,1.3897226011823556,80.0
before,1.3969986357435198,80.0
before,1.404274670304684,80.0
before,1.411550704865848,80.0
before,1.4188267394270122,80.0
before,1.4261027739881764,80.0
before,1.4333788085493406,80.0
before,1.4406548431105046,80.0
before,1.4479308776716688,80.0
before,1.455206912232833,80.0
before,1.4624829467939973,80.0
before,1.4697589813551615,80.0
before,1.4770350159163255,80.0
before,1.4843110504774897,80.0
before,1.491587085038654,80.0
before,1.498863119599818,80.0
before,1.5061391541609823,80.0
before,1.5134151887221463,80.0
before,1.5206912232833105,80.0
before,1.5279672578444747,80.0
before,1.535243292405639,80.0
before,1.542519326966803,80.0
before,1.5497953615279672,80.0
before,1.5570713960891314,80.0
before,1.5643474306502956,80.0
before,1.5716234652114598,80.0
before,1.5788994997726238,80.0
before,1.586175534333788,80.0
before,1.5934515688949522,80.0
before,1.6007276034561164,80.0
before,1.6080036380172806,80.0
before,1.6152796725784446,80.0
before,1.6225557071396088,80.0
before,1.629831741700773,80.0
before,1.6371077762619373,80.0
before,1.6443838108231013,80.0
before,1.6516598453842655,80.0
before,1.6589358799454297,80.0
before,1.666211914506594,80.0
before,1.673487949067758,80.0
before,1.680763983628922,80.0
before,1.6880400181900863,80.0
before,1.6953160527512505,80.0
before,1.7025920873124147,80.0
before,1.709868121873579,80.0
before,1.717144156434743,80.0
before,1.7244201909959072,80.0
before,1.7316962255570714,80.0
before,1.7389722601182356,80.0
before,1.7462482946793996,80.0
before,1.7535243292405638,80.0
before,1.760800363801728,80.0
before,1.7680763983628922,80.0
before,1.7753524329240564,80.0
before,1.7826284674852204,80.0
before,1.7899045020463846,80.0
before,1.7971805366075488,80.0
before,1.804456571168713,80.0
before,1.8117326057298773,80.0
before,1.8190086402910413,80.0
before,1.8262846748522055,80.0
before,1.8335607094133697,80.0
before,1.840836743974534,80.0
before,1.8481127785356979,80.0
before,1.855388813096862,80.0
before,1.8626648476580263,80.0
before,1.8699408822191905,80.0
before,1.8772169167803547,80.0
before,1.8844929513415187,80.0
before,1.891768985902683,80.0
before,1.8990450204638472,80.0
before,1.9063210550250114,80.0
before,1.9135970895861754,80.0
before,1.9208731241473396,80.0
before,1.9281491587085038,80.0
before,1.935425193269668,80.0
before,1.9427012278308322,80.0
before,1.9499772623919962,80.0
before,1.9572532969531604,80.0
before,1.9645293315143246,80.0
before,1.9718053660754888,80.0
before,1.979081400636653,80.0
before,1.986357435197817,80.0
before,1.9936334697589813,80.0
before,2.0009095043201452,80.0
before,2.0081855388813095,80.0
before,2.0154615734424737,80.0
before,2.022737608003638,80.0
before,2.030013642564802,80.0
before,2.0372896771259663,80.0
before,2.0445657116871305,80.0
before,2.0518417462482947,80.0
before,2.059117780809459,80.0
before,2.0663938153706227,80.0
before,2.073669849931787,80.0
before,2.080945884492951,80.0
before,2.0882219190541154,80.0
before,2.0954979536152796,80.0
before,2.102773988176444,80.0
before,2.110050022737608,80.0
before,2.117326057298772,80.0
before,2.1246020918599364,80.0
before,2.1318781264211006,80.0
before,2.1391541609822644,80.0
before,2.1464301955434286,80.0
before,2.153706230104593,80.0
before,2.160982264665757,80.0
before,2.1682582992269213,80.0
before,2.1755343337880855,80.0
before,2.1828103683492497,80.0
before,2.190086402910414,80.0
before,2.197362437471578,80.0
before,2.204638472032742,80.0
before,2.211914506593906,80.0
before,2.2191905411550703,80.0
before,2.2264665757162345,80.0
before,2.2337426102773987,80.0
before,2.241018644838563,80.0
before,2.248294679399727,80.0
before,2.2555707139608914,80.0
before,2.2628467485220556,80.0
before,2.2701227830832194,80.0
before,2.2773988176443836,80.0
before,2.284674852205548,80.0
before,2.291950886766712,80.0
before,2.299226921327876,80.0
before,2.3065029558890404,80.0
before,2.3137789904502046,80.0
before,2.321055025011369,80.0
before,2.328331059572533,80.0
before,2.3356070941336973,80.0
before,2.342883128694861,80.0
before,2.3501591632560253,80.0
before,2.3574351978171895,80.0
before,2.3647112323783537,80.0
before,2.371987266939518,80.0
before,2.379263301500682,80.0
before,2.3865393360618463,80.0
before,2.3938153706230105,80.0
before,2.4010914051841747,80.0
before,2.4083674397453385,80.0
before,2.4156434743065027,80.0
before,2.422919508867667,80.0
before,2.430195543428831,80.0
before,2.4374715779899954,80.0
before,2.4447476125511596,80.0
before,2.452023647112324,80.0
before,2.459299681673488,80.0
before,2.466575716234652,80.0
before,2.473851750795816,80.0
before,2.48112778535698,80.0
before,2.4884038199181444,80.0
before,2.4956798544793086,80.0
before,2.502955889040473,80.0
before,2.510231923601637,80.0
before,2.5175079581628013,80.0
before,2.5247839927239655,80.0
before,2.5320600272851297,80.0
before,2.539336061846294,80.0
before,2.5466120964074577,80.0
before,2.553888130968622,80.0
before,2.561164165529786,80.0
before,2.5684402000909503,80.0
before,2.5757162346521145,80.0
before,2.5829922692132787,80.0
before,2.590268303774443,80.0
before,2.597544338335607,80.0
before,2.6048203728967714,80.0
before,2.612096407457935,80.0
before,2.6193724420190994,80.0
before,2.6266484765802636,80.0
before,2.633924511141428,80.0
before,2.641200545702592,80.0
before,2.648476580263756,80.0
before,2.6557526148249204,80.0
before,2.6630286493860846,80.0
before,2.670304683947249,80.0
before,2.6775807185084126,80.0
before,2.684856753069577,80.0
before,2.692132787630741,80.0
before,2.6994088221919053,80.0
before,2.7066848567530695,80.0
before,2.7139608913142337,80.0
before,2.721236925875398,80.0
before,2.728512960436562,80.0
before,2.7357889949977263,80.0
before,2.7430650295588905,80.0
before,2.7503410641200543,80.0
before,2.7576170986812185,80.0
before,2.7648931332423827,80.0
before,2.772169167803547,80.0
before,2.779445202364711,80.0
before,2.7867212369258754,80.0
before,2.7939972714870396,80.0
before,2.801273306048204,80.0
before,2.808549340609368,80.0
before,2.8158253751705318,80.0
before,2.823101409731696,80.0
before,2.83037744429286,80.0
before,2.8376534788540244,80.0
before,2.8449295134151886,80.0
before,2.852205547976353,80.0
before,2.859481582537517,80.0
before,2.8667576170986813,80.0
before,2.8740336516598455,80.0
before,2.8813096862210092,80.0
before,2.8885857207821735,80.0
before,2.8958617553433377,80.0
before,2.903137789904502,80.0
before,2.910413824465666,80.0
before,2.9176898590268303,80.0
before,2.9249658935879945,80.0
before,2.9322419281491587,80.0
before,2.939517962710323,80.0
before,2.9467939972714867,80.0
before,2.954070031832651,80.0
before,2.961346066393815,80.0
before,2.9686221009549794,80.0
before,2.9758981355161436,80.0
before,2.983174170077308,80.0
before,2.990450204638472,80.0
before,2.997726239199636,80.0
before,3.0050022737608004,80.0
before,3.0122783083219646,80.0
before,3.0195543428831284,80.0
before,3.0268303774442926,80.0
before,3.034106412005457,80.0
before,3.041382446566621,80.0
before,3.0486584811277853,80.0
before,3.0559345156889495,80.0
before,3.0632105502501137,80.0
before,3.070486584811278,80.0
before,3.077762619372442,80.0
before,3.085038653933606,80.0
before,3.09231468849477,80.0
before,3.0995907230559343,80.0
before,3.1068667576170985,80.0
before,3.1141427921782627,80.0
before,3.121418826739427,80.0
before,3.128694861300591,80.0
before,3.1359708958617554,80.0
before,3.1432469304229196,80.0
before,3.1505229649840834,80.0
before,3.1577989995452476,80.0
before,3.1650750341064118,80.0
before,3.172351068667576,80.0
before,3.17962710322874,80.0
before,3.1869031377899044,80.0
before,3.1941791723510686,80.0
before,3.201455206912233,80.0
before,3.208731241473397,80.0
before,3.2160072760345613,80.0
before,3.223283310595725,80.0
before,3.2305593451568893,80.0
before,3.2378353797180535,80.0
before,3.2451114142792177,80.0
before,3.252387448840382,80.0
before,3.259663483401546,80.0
before,3.2669395179627103,80.0
before,3.2742155525238745,80.0
before,3.2814915870850387,80.0
before,3.2887676216462025,80.0
before,3.2960436562073667,80.0
before,3.303319690768531,80.0
before,3.310595725329695,80.0
before,3.3178717598908594,80.0
before,3.3251477944520236,80.0
before,3.332423829013188,80.0
before,3.339699863574352,80.0
before,3.346975898135516,80.0
before,3.35425193269668,80.0
before,3.361527967257844,80.0
before,3.3688040018190084,80.0
before,3.3760800363801726,80.0
before,3.383356070941337,80.0
before,3.390632105502501,80.0
before,3.3979081400636653,80.0
before,3.4051841746248295,80.0
before,3.4124602091859937,80.0
before,3.419736243747158,80.0
before,3.4270122783083217,80.0
before,3.434288312869486,80.0
before,3.44156434743065,80.0
before,3.4488403819918143,80.0
before,3.4561164165529785,80.0
before,3.4633924511141427,80.0
before,3.470668485675307,80.0
before,3.477944520236471,80.0
before,3.4852205547976354,80.0
before,3.492496589358799,80.0
before,3.4997726239199634,80.0
before,3.5070486584811276,80.0
before,3.514324693042292,80.0
before,3.521600727603456,80.0
before,3.52887676216462,80.0
before,3.5361527967257844,80.0
before,3.5434288312869486,80.0
before,3.550704865848113,80.0
before,3.5579809004092766,80.0
before,3.565256934970441,80.0
before,3.572532969531605,80.0
before,3.5798090040927693,80.0
before,3.5870850386539335,80.0
before,3.5943610732150977,80.0
before,3.601637107776262,80.0
before,3.608913142337426,80.0
before,3.6161891768985903,80.0
before,3.6234652114597545,80.0
before,3.6307412460209183,80.0
before,3.6380172805820825,80.0
before,3.6452933151432467,80.0
before,3.652569349704411,80.0
before,3.659845384265575,80.0
before,3.6671214188267394,80.0
before,3.6743974533879036,80.0
before,3.681673487949068,80.0
before,3.688949522510232,80.0
before,3.6962255570713958,80.0
before,3.70350159163256,80.0
before,3.710777626193724,80.0
before,3.7180536607548884,80.0
before,3.7253296953160526,80.0
before,3.732605729877217,80.0
before,3.739881764438381,80.0
before,3.7471577989995453,80.0
before,3.7544338335607095,80.0
before,3.7617098681218732,80.0
before,3.7689859026830375,80.0
before,3.7762619372442017,80.0
before,3.783537971805366,80.0
before,3.79081400636653,80.0
before,3.7980900409276943,80.0
before,3.8053660754888585,80.0
before,3.8126421100500227,80.0
before,3.819918144611187,80.0
before,3.8271941791723507,80.0
before,3.834470213733515,80.0
before,3.841746248294679,80.0
before,3.8490222828558434,80.0
before,3.8562983174170076,80.0
before,3.863574351978172,80.0
before,3.870850386539336,80.0
before,3.8781264211005,80.0
before,3.8854024556616644,80.0
before,3.8926784902228286,80.0
before,3.8999545247839924,80.0
before,3.9072305593451566,80.0
before,3.914506593906321,80.0
before,3.921782628467485,80.0
before,3.9290586630286493,80.0
before,3.9363346975898135,80.0
before,3.9436107321509777,80.0
before,3.950886766712142,80.0
before,3.958162801273306,80.0
before,3.96543883583447,80.0
before,3.972714870395634,80.0
before,3.9799909049567983,80.0
before,3.9872669395179625,80.0
before,3.9945429740791267,80.0
before,4.0018190086402905,80.0
before,4.009095043201455,80.0
before,4.016371077762619,80.0
before,4.023647112323784,80.0
before,4.030923146884947,80.0
before,4.038199181446112,80.0
before,4.045475216007276,80.0
before,4.05275125056844,80.0
before,4.060027285129604,80.0
before,4.067303319690768,80.0
before,4.074579354251933,80.0
before,4.081855388813096,80.0
before,4.089131423374261,80.0
before,4.096407457935425,80.0
before,4.1036834924965895,80.0
before,4.110959527057753,80.0
before,4.118235561618918,80.0
before,4.125511596180082,80.0
before,4.132787630741245,80.0
before,4.14006366530241,80.0
before,4.147339699863574,80.0
before,4.1546157344247385,80.0
before,4.161891768985902,80.0
before,4.169167803547067,80.0
before,4.176443838108231,80.0
before,4.183719872669395,80.0
before,4.190995907230559,80.0
before,4.198271941791724,80.0
before,4.205547976352888,80.0
before,4.212824010914051,80.0
before,4.220100045475216,80.0
before,4.22737608003638,80.0
before,4.234652114597544,80.0
before,4.241928149158708,80.0
before,4.249204183719873,80.0
before,4.256480218281037,80.0
before,4.263756252842201,80.0
before,4.271032287403365,80.0
before,4.278308321964529,80.0
before,4.2855843565256935,80.0
before,4.292860391086857,80.0
before,4.300136425648022,80.0
before,4.307412460209186,80.0
before,4.31468849477035,80.0
before,4.321964529331514,80.0
before,4.329240563892679,80.0
before,4.3365165984538425,80.0
before,4.343792633015006,80.0
before,4.351068667576171,80.0
before,4.358344702137335,80.0
before,4.365620736698499,80.0
before,4.372896771259663,80.0
before,4.380172805820828,80.0
before,4.387448840381992,80.0
before,4.394724874943156,80.0
before,4.40200090950432,80.0
before,4.409276944065484,80.0
before,4.416552978626648,80.0
before,4.423829013187812,80.0
before,4.431105047748977,80.0
before,4.438381082310141,80.0
before,4.445657116871305,80.0
before,4.452933151432469,80.0
before,4.460209185993634,80.0
before,4.4674852205547975,80.0
before,4.474761255115961,80.0
before,4.482037289677126,80.0
before,4.48931332423829,80.0
before,4.496589358799454,80.0
before,4.503865393360618,80.0
before,4.511141427921783,80.0
before,4.5184174624829465,80.0
before,4.525693497044111,80.0
before,4.532969531605275,80.0
before,4.540245566166439,80.0
before,4.547521600727603,80.0
before,4.554797635288767,80.0
before,4.562073669849932,80.0
before,4.569349704411096,80.0
before,4.57662573897226,80.0
before,4.583901773533424,80.0
before,4.591177808094589,80.0
before,4.598453842655752,80.0
before,4.605729877216917,80.0
before,4.613005911778081,80.0
before,4.620281946339245,80.0
before,4.627557980900409,80.0
before,4.634834015461573,80.0
before,4.642110050022738,80.0
before,4.6493860845839015,80.0
before,4.656662119145066,80.0
before,4.66393815370623,80.0
before,4.6712141882673945,80.0
before,4.678490222828558,80.0
before,4.685766257389722,80.0
before,4.693042291950887,80.0
before,4.7003183265120505,80.0
before,4.707594361073215,80.0
before,4.714870395634379,80.0
before,4.722146430195544,80.0
before,4.729422464756707,80.0
before,4.736698499317872,80.0
before,4.743974533879036,80.0
before,4.7512505684401996,80.0
before,4.758526603001364,80.0
before,4.765802637562528,80.0
before,4.773078672123693,80.0
before,4.780354706684856,80.0
before,4.787630741246021,80.0
before,4.794906775807185,80.0
before,4.8021828103683495,80.0
before,4.809458844929513,80.0
before,4.816734879490677,80.0
before,4.824010914051842,80.0
before,4.8312869486130054,80.0
before,4.83856298317417,80.0
before,4.845839017735334,80.0
before,4.8531150522964985,80.0
before,4.860391086857662,80.0
before,4.867667121418827,80.0
before,4.874943155979991,80.0
before,4.8822191905411545,80.0
before,4.889495225102319,80.0
before,4.896771259663483,80.0
before,4.904047294224648,80.0
before,4.911323328785811,80.0
before,4.918599363346976,80.00000000000001
before,4.92587539790814,80.00000000000001
before,4.933151432469304,80.00000000000003
before,4.940427467030468,80.00000000000006
before,4.947703501591632,80.0000000000001
before,4.954979536152797,80.00000000000018
before,4.96225557071396,80.00000000000034
before,4.969531605275125,80.00000000000064
before,4.976807639836289,80.00000000000115
before,4.9840836743974535,80.0000000000021
before,4.991359708958617,80.0000000000038
before,4.998635743519782,80.0000000000068
before,5.005911778080946,80.00000000001218
before,5.013187812642109,80.00000000002163
before,5.020463847203274,80.00000000003826
before,5.027739881764438,80.00000000006726
before,5.0350159163256025,80.00000000011768
before,5.042291950886766,80.00000000020476
before,5.049567985447931,80.00000000035445
before,5.056844020009095,80.00000000061027
before,5.064120054570259,80.00000000104522
before,5.071396089131423,80.0000000017807
before,5.078672123692588,80.00000000301772
before,5.085948158253752,80.00000000508703
before,5.093224192814915,80.00000000853004
before,5.10050022737608,80.00000001422782
before,5.107776261937244,80.00000002360622
before,5.115052296498408,80.0000000389597
before,5.122328331059572,80.00000006395956
before,5.129604365620737,80.00000010444704
before,5.136880400181901,80.0000001696632
before,5.144156434743065,80.00000027414478
before,5.151432469304229,80.00000044062907
before,5.158708503865393,80.00000070447746
before,5.1659845384265575,80.00000112037107
before,5.173260572987721,80.0000017723826
before,5.180536607548886,80.00000278903451
before,5.18781264211005,80.00000436567211
before,5.195088676671214,80.00000679749905
before,5.202364711232378,80.00001052805179
before,5.209640745793543,80.00001621988181
before,5.2169167803547065,80.00002485696915
before,5.22419281491587,80.00003789216996
before,5.231468849477035,80.0000574581443
before,5.238744884038199,80.00008666715297
before,5.246020918599363,80.00013003440661
before,5.253296953160527,80.00019407198404
before,5.260572987721692,80.00028811656401
before,5.267849022282856,80.0004254753689
before,5.27512505684402,80.00062500204112
before,5.282401091405184,80.00091324912198
before,5.289677125966348,80.00132738805925
before,5.296953160527512,80.00191914312822
before,5.304229195088676,80.00276005438454
before,5.311505229649841,80.00394846896992
before,5.318781264211005,80.00561876197493
before,5.326057298772169,80.00795340971624
before,5.333333333333333,80.01119868146812
before,5.340609367894498,80.0156848815668
before,5.3478854024556615,80.02185226261959
before,5.355161437016825,80.03028394119187
before,5.36243747157799,80.041747376886
before,5.369713506139154,80.05724621886604
before,5.376989540700318,80.0780845723618
before,5.384265575261482,80.10594597968175
before,5.391541609822647,80.14298962981935
before,5.3988176443838105,80.19196648726738
before,5.406093678944975,80.25635813862988
before,5.413369713506139,80.34054116447496
before,5.420645748067303,80.44997971826547
before,5.427921782628467,80.59144869472314
before,5.435197817189631,80.77328935437913
before,5.442473851750796,81.0056984961299
before,5.44974988631196,81.30105119374593
before,5.457025920873124,81.67425569875773
before,5.464301955434288,82.14313733311756
before,5.471577989995453,82.72884603612437
before,5.478854024556616,83.4562796953757
before,5.486130059117781,84.3545125087334
before,5.493406093678945,85.45721444986272
before,5.500682128240109,86.80304453332997
before,5.507958162801273,88.43599712230578
before,5.515234197362437,90.40567715633229
before,5.522510231923602,92.76747709923441
before,5.5297862664847655,95.58262585261892
before,5.53706230104593,98.9180781099748
before,5.544338335607094,102.84621191812224
before,5.5516143701682585,107.44430284736256
before,5.558890404729422,112.79374541498075
before,5.566166439290586,118.97899648975735
before,5.573442473851751,126.0862215014075
before,5.5807185084129145,134.20163248184755
before,5.587994542974079,143.40951726567553
before,5.595270577535243,153.7899714438825
before,5.602546612096408,165.4163586292094
before,5.609822646657571,178.3525398393764
before,5.617098681218736,192.64992877611584
before,5.6243747157799,208.34444577771032
before,5.6316507503410635,225.45345844046926
before,5.638926784902228,243.97281044655548
before,5.646202819463392,263.87405106844784
before,5.653478854024557,285.10198522172243
before,5.66075488858572,307.5726669553969
before,5.668030923146885,331.1719571826553
before,5.675306957708049,355.754758736413
before,5.6825829922692135,381.14502820627223
before,5.689859026830377,407.1366444925662
before,5.697135061391541,433.49518894490257
before,5.704411095952706,459.96066202237216
before,5.7116871305138694,486.25112764126175
before,5.718963165075034,512.0672400877083
before,5.726239199636198,537.0975711429874
before,5.7335152341973625,561.0246186519443
before,5.740791268758526,583.5313439997522
before,5.748067303319691,604.3080566723474
before,5.755343337880855,623.0594409568575
before,5.7626193724420185,639.5115043517922
before,5.769895407003183,653.4182205284324
before,5.777171441564347,664.5676424241198
before,5.784447476125512,672.7872734858823
before,5.791723510686675,677.9485069408358
before,5.79899954524784,679.9699734600191
before,5.806275579809004,678.8196754383819
before,5.813551614370168,674.5158296551374
before,5.820827648931332,667.1263873008926
before,5.828103683492496,656.7672490451826
before,5.835379718053661,643.5992406700061
before,5.842655752614824,627.8239595595992
before,5.849931787175989,609.6786419393736
before,5.857207821737153,589.4302334179927
before,5.8644838562983175,567.3688697179963
before,5.871759890859481,543.8009895584655
before,5.879035925420646,519.0423070575533
before,5.88631195998181,493.41086684690737
before,5.893587994542973,467.2203919157613
before,5.900864029104138,440.77411304945576
before,5.908140063665302,414.3592409730382
before,5.9154160982264665,388.24220959774686
before,5.92269213278763,362.6647828956328
before,5.929968167348795,337.8410807408793
before,5.937244201909959,313.95554234321764
before,5.944520236471123,291.1618112912141
before,5.951796271032287,269.5824951216197
before,5.959072305593452,249.30972584249483
before,5.966348340154616,230.40642674293585
before,5.973624374715779,212.90817555836546
before,5.980900409276944,196.82554473303898
before,5.988176443838108,182.14679592904517
before,5.995452478399272,168.84080760982198
before,6.002728512960436,156.8601208026446
before,6.010004547521601,146.1439981961982
before,6.017280582082765,136.62140464758005
before,6.024556616643929,128.21383202145944
before,6.031832651205093,120.8379071539399
before,6.039108685766257,114.40773778765691
before,6.0463847203274215,108.83696683344323
before,6.053660754888585,104.04051967870055
before,6.06093678944975,99.93604202899877
before,6.068212824010914,96.44503662929921
before,6.075488858572078,93.49371599670816
before,6.082764893133242,91.01359496697157
before,6.090040927694407,88.94185147919842
before,6.0973169622555705,87.22148675154241
before,6.104592996816734,85.80131705212223
before,6.111869031377899,84.63582890281155
before,6.119145065939063,83.6849280470697
before,6.126421100500227,82.91361014702579
before,6.133697135061391,82.29157821673792
before,6.140973169622556,81.79282849066705
before,6.14824920418372,81.39522297957114
before,6.155525238744884,81.08006355430754
before,6.162801273306048,80.83167915760895
before,6.170077307867212,80.63703477395991
before,6.177353342428376,80.4853681533743
before,6.18462937698954,80.36785802129651
before,6.191905411550705,80.2773256241032
before,6.199181446111869,80.20796994793893
before,6.206457480673033,80.15513578325624
before,6.213733515234197,80.11511295374542
before,6.221009549795362,80.08496444571288
before,6.2282855843565255,80.0623808193441
before,6.235561618917689,80.04555811394204
before,6.242837653478854,80.03309643482162
before,6.250113688040018,80.02391649351488
before,6.257389722601182,80.01719153337761
before,6.264665757162346,80.01229228266968
before,6.271941791723511,80.0087428147836
before,6.2792178262846745,80.00618544333753
before,6.286493860845839,80.00435302541983
before,6.293769895407003,80.00304728019576
before,6.301045929968167,80.00212194630798
before,6.308321964529331,80.00146979649591
before,6.315597999090495,80.00101270007042
before,6.32287403365166,80.00069407322039
before,6.3301500682128236,80.00047318454543
before,6.337426102773988,80.00032089033076
before,6.344702137335152,80.00021646292643
before,6.351978171896317,80.0001452483594
before,6.35925420645748,80.00009694820251
before,6.366530241018645,80.00006436786474
before,6.373806275579809,80.00004251079818
before,6.381082310140973,80.00002792738239
before,6.388358344702137,80.0000182499643
before,6.395634379263301,80.00001186300253
before,6.402910413824466,80.00000767057713
before,6.4101864483856295,80.00000493358115
before,6.417462482946794,80.00000315643845
before,6.424738517507958,80.00000200878377
before,6.4320145520691225,80.00000127165667
before,6.439290586630286,80.00000080076921
before,6.44656662119145,80.00000050158631
before,6.453842655752615,80.00000031252503
before,6.4611186903137785,80.00000019369783
before,6.468394724874943,80.00000011941682
before,6.475670759436107,80.00000007323304
before,6.482946793997272,80.00000004467344
before,6.490222828558435,80.0000000271077
before,6.4974988631196,80.00000001636201
before,6.504774897680764,80.00000000982385
before,6.5120509322419275,80.00000000586715
before,6.519326966803092,80.00000000348557
before,6.526603001364256,80.00000000205978
before,6.533879035925421,80.0000000012108
before,6.541155070486584,80.00000000070797
before,6.548431105047749,80.00000000041179
before,6.555707139608913,80.00000000023824
before,6.5629831741700775,80.0000000001371
before,6.570259208731241,80.00000000007849
before,6.577535243292405,80.0000000000447
before,6.58481127785357,80.00000000002532
before,6.5920873124147334,80.00000000001427
before,6.599363346975898,80.000000000008
before,6.606639381537062,80.00000000000446
before,6.6139154160982265,80.00000000000247
before,6.62119145065939,80.00000000000136
before,6.628467485220555,80.00000000000075
before,6.635743519781719,80.00000000000041
before,6.6430195543428825,80.00000000000023
before,6.650295588904047,80.00000000000011
before,6.657571623465211,80.00000000000007
before,6.664847658026376,80.00000000000003
before,6.672123692587539,80.00000000000001
before,6.679399727148704,80.00000000000001
before,6.686675761709868,80.0
before,6.693951796271032,80.0
before,6.701227830832196,80.0
before,6.70850386539336,80.0
before,6.715779899954525,80.0
before,6.723055934515688,80.0
before,6.730331969076853,80.0
before,6.737608003638017,80.0
before,6.7448840381991815,80.0
before,6.752160072760345,80.0
before,6.75943610732151,80.0
before,6.766712141882674,80.0
before,6.773988176443837,80.0
before,6.781264211005002,80.0
before,6.788540245566166,80.0
before,6.7958162801273305,80.0
before,6.803092314688494,80.0
before,6.810368349249659,80.0
before,6.817644383810823,80.0
before,6.824920418371987,80.0
before,6.832196452933151,80.0
before,6.839472487494316,80.0
before,6.84674852205548,80.0
before,6.854024556616643,80.0
before,6.861300591177808,80.0
before,6.868576625738972,80.0
before,6.875852660300136,80.0
before,6.8831286948613,80.0
before,6.890404729422465,80.0
before,6.897680763983629,80.0
before,6.904956798544793,80.0
before,6.912232833105957,80.0
before,6.919508867667121,80.0
before,6.9267849022282855,80.0
before,6.934060936789449,80.0
before,6.941336971350614,80.0
before,6.948613005911778,80.0
before,6.955889040472942,80.0
before,6.963165075034106,80.0
before,6.970441109595271,80.0
before,6.9777171441564345,80.0
before,6.984993178717598,80.0
before,6.992269213278763,80.0
before,6.999545247839927,80.0
before,7.006821282401091,80.0
before,7.014097316962255,80.0
before,7.02137335152342,80.0
before,7.028649386084584,80.0
before,7.035925420645748,80.0
before,7.043201455206912,80.0
before,7.050477489768076,80.0
before,7.05775352432924,80.0
before,7.065029558890404,80.0
before,7.072305593451569,80.0
before,7.079581628012733,80.0
before,7.086857662573897,80.0
before,7.094133697135061,80.0
before,7.101409731696226,80.0
before,7.1086857662573895,80.0
before,7.115961800818553,80.0
before,7.123237835379718,80.0
before,7.130513869940882,80.0
before,7.137789904502046,80.0
before,7.14506593906321,80.0
before,7.152341973624375,80.0
before,7.1596180081855385,80.0
before,7.166894042746703,80.0
before,7.174170077307867,80.0
before,7.181446111869031,80.0
before,7.188722146430195,80.0
before,7.195998180991359,80.0
before,7.203274215552524,80.0
before,7.2105502501136876,80.0
before,7.217826284674852,80.0
before,7.225102319236016,80.0
before,7.232378353797181,80.0
before,7.239654388358344,80.0
before,7.246930422919509,80.0
before,7.254206457480673,80.0
before,7.261482492041837,80.0
before,7.268758526603001,80.0
before,7.276034561164165,80.0
before,7.28331059572533,80.0
before,7.2905866302864935,80.0
before,7.297862664847658,80.0
before,7.305138699408822,80.0
before,7.3124147339699865,80.0
before,7.31969076853115,80.0
before,7.326966803092314,80.0
before,7.334242837653479,80.0
before,7.3415188722146425,80.0
before,7.348794906775807,80.0
before,7.356070941336971,80.0
before,7.363346975898136,80.0
before,7.370623010459299,80.0
before,7.377899045020464,80.0
before,7.385175079581628,80.0
before,7.3924511141427915,80.0
before,7.399727148703956,80.0
before,7.40700318326512,80.0
before,7.414279217826285,80.0
before,7.421555252387448,80.0
before,7.428831286948613,80.0
before,7.436107321509777,80.0
before,7.4433833560709415,80.0
before,7.450659390632105,80.0
before,7.457935425193269,80.0
before,7.465211459754434,80.0
before,7.4724874943155974,80.0
before,7.479763528876762,80.0
before,7.487039563437926,80.0
before,7.4943155979990905,80.0
before,7.501591632560254,80.0
before,7.508867667121419,80.0
before,7.516143701682583,80.0
before,7.5234197362437465,80.0
before,7.530695770804911,80.0
before,7.537971805366075,80.0
before,7.54524783992724,80.0
before,7.552523874488403,80.0
before,7.559799909049568,80.0
before,7.567075943610732,80.0
before,7.574351978171896,80.0
before,7.58162801273306,80.0
before,7.588904047294224,80.0
before,7.596180081855389,80.0
before,7.603456116416552,80.0
before,7.610732150977717,80.0
before,7.618008185538881,80.0
before,7.6252842201000455,80.0
before,7.632560254661209,80.0
before,7.639836289222374,80.0
before,7.647112323783538,80.0
before,7.654388358344701,80.0
before,7.661664392905866,80.0
before,7.66894042746703,80.0
before,7.6762164620281945,80.0
before,7.683492496589358,80.00000000000001
before,7.690768531150523,80.00000000000001
before,7.698044565711687,80.00000000000001
before,7.705320600272851,80.00000000000003
before,7.712596634834015,80.00000000000004
before,7.71987266939518,80.00000000000006
before,7.727148703956344,80.00000000000009
before,7.734424738517507,80.00000000000013
before,7.741700773078672,80.0000000000002
before,7.748976807639836,80.0000000000003
before,7.756252842201,80.00000000000044
before,7.763528876762164,80.00000000000067
before,7.770804911323329,80.000000000001
before,7.778080945884493,80.00000000000148
before,7.785356980445657,80.00000000000219
before,7.792633015006821,80.00000000000324
before,7.799909049567985,80.00000000000479
before,7.8071850841291495,80.00000000000705
before,7.814461118690313,80.00000000001036
before,7.821737153251478,80.00000000001518
before,7.829013187812642,80.0000000000222
before,7.836289222373806,80.00000000003237
before,7.84356525693497,80.00000000004711
before,7.850841291496135,80.0000000000684
before,7.8581173260572985,80.00000000009906
before,7.865393360618462,80.00000000014313
before,7.872669395179627,80.00000000020634
before,7.879945429740791,80.00000000029677
before,7.887221464301955,80.00000000042579
before,7.894497498863119,80.00000000060949
before,7.901773533424284,80.00000000087039
before,7.909049567985448,80.00000000124005
before,7.916325602546612,80.00000000176256
before,7.923601637107776,80.00000000249935
before,7.93087767166894,80.00000000353579
before,7.938153706230104,80.00000000499028
before,7.945429740791268,80.00000000702654
before,7.952705775352433,80.00000000987043
before,7.959981809913597,80.00000001383277
before,7.967257844474761,80.00000001934018
before,7.974533879035925,80.00000002697676
before,7.98180991359709,80.00000003754025
before,7.9890859481582535,80.0000000521174
before,7.996361982719417,80.00000007218492
before,8.003638017280581,80.00000009974435
before,8.010914051841747,80.00000013750177
before,8.01819008640291,80.00000018910649
before,8.025466120964074,80.00000025946734
before,8.032742155525238,80.00000035517068
before,8.040018190086403,80.0000004850312
before,8.047294224647567,80.0000006608157
before,8.054570259208731,80.00000089819201
before,8.061846293769895,80.0000012179688
before,8.069122328331058,80.0000016477119
before,8.076398362892224,80.00000222384509
before,8.083674397453388,80.00000299437319
before,8.090950432014552,80.0000040224019
before,8.098226466575715,80.00000539067481
before,8.10550250113688,80.00000720740537
before,8.112778535698045,80.00000961375177
before,8.120054570259208,80.00001279337117
before,8.127330604820372,80.00001698459657
before,8.134606639381536,80.00002249591235
before,8.141882673942701,80.00002972556562
before,8.149158708503865,80.00003918634732
before,8.156434743065029,80.00005153681555
before,8.163710777626193,80.00006762052165
before,8.170986812187358,80.00008851514674
before,8.178262846748522,80.00011559387187
before,8.185538881309686,80.00015060180196
before,8.19281491587085,80.00019575085422
before,8.200090950432013,80.0002538372206
before,8.207366984993179,80.00032838633892
before,8.214643019554343,80.00042383127462
before,8.221919054115506,80.00054573154593
before,8.22919508867667,80.00070104074088
before,8.236471123237836,80.00089843279574
before,8.243747157799,80.00114869855831
before,8.251023192360163,80.00146522626665
before,8.258299226921327,80.00186458186215
before,8.26557526148249,80.00236720764794
before,8.272851296043656,80.00299826072245
before,8.28012733060482,80.00378861588584
before,8.287403365165984,80.0047760613482
before,8.294679399727148,80.00600671957886
before,8.301955434288313,80.00753673002752
before,8.309231468849477,80.0094342352198
before,8.31650750341064,80.01178171686706
before,8.323783537971805,80.0146787341053
before,8.33105957253297,80.01824512174802
before,8.338335607094134,80.02262471244097
before,8.345611641655298,80.02798965275872
before,8.352887676216461,80.03454538947538
before,8.360163710777625,80.04253640833969
before,8.36743974533879,80.05225281351943
before,8.374715779899955,80.06403784125469
before,8.381991814461118,80.07829640593623
before,8.389267849022282,80.09550478053522
before,8.396543883583448,80.11622151574326
before,8.403819918144611,80.14109970299069
before,8.411095952705775,80.17090068531655
before,8.418371987266939,80.20650931644737
before,8.425648021828103,80.24895086196418
before,8.432924056389268,80.29940962663166
before,8.440200090950432,80.35924937835074
before,8.447476125511596,80.43003562129931
before,8.45475216007276,80.51355974817037
before,8.462028194633925,80.61186507356396
before,8.469304229195089,80.72727471713459
before,8.476580263756253,80.8624212657081
before,8.483856298317416,81.02027809800728
before,8.49113233287858,81.20419220373081
before,8.498408367439746,81.41791827050587
before,8.50568440200091,81.66565374784285
before,8.512960436562073,81.95207452700517
before,8.520236471123237,82.28237080021935
before,8.527512505684403,82.6622825826895
before,8.534788540245566,83.09813429747997
before,8.54206457480673,83.59686773781388
before,8.549340609367894,84.16607263528508
before,8.556616643929058,84.81401397778464
before,8.563892678490223,85.54965513974106
before,8.571168713051387,86.38267581198762
before,8.57844474761255,87.3234836518576
before,8.585720782173714,88.38321851881174
before,8.59299681673488,89.57374812005685
before,8.600272851296044,90.90765386730291
before,8.607548885857208,92.3982057431869
before,8.614824920418371,94.05932499700707
before,8.622100954979535,95.90553353722194
before,8.6293769895407,97.95188896530556
before,8.636653024101864,100.21390430433758
before,8.643929058663028,102.70745161797946
before,8.651205093224192,105.4486488924421
before,8.658481127785358,108.45372976628148
before,8.665757162346521,111.73889594002121
before,8.673033196907685,115.32015237858033
before,8.680309231468849,119.21312573203517
before,8.687585266030013,123.43286674124968
before,8.694861300591178,127.99363775998489
before,8.702137335152342,132.90868690890557
before,8.709413369713506,138.19001077300487
before,8.71668940427467,143.8481079548017
before,8.723965438835835,149.89172619298932
before,8.731241473396999,156.32760614068923
before,8.738517507958163,163.1602252594344
before,8.745793542519326,170.39154561408333
before,8.75306957708049,178.02076963983006
before,8.760345611641656,186.0441081848083
before,8.76762164620282,194.4545653006164
before,8.774897680763983,203.24174434912675
before,8.782173715325147,212.39168000868844
before,8.789449749886312,221.88670068948022
before,8.796725784447476,231.7053257005619
before,8.80400181900864,241.8222012467187
before,8.811277853569804,252.20807896967628
before,8.818553888130968,262.8298402867348
before,8.825829922692133,273.65056922320673
before,8.833105957253297,284.6296757891133
before,8.84038199181446,295.7230712236401
before,8.847658026375624,306.8833956334012
before,8.85493406093679,318.060297696017
before,8.862210095497954,329.20076520376546
before,8.869486130059117,340.24950430053485
before,8.876762164620281,351.14936433730827
before,8.884038199181445,361.8418043570613
before,8.89131423374261,372.2673963393013
before,8.898590268303774,382.3663595082722
before,8.905866302864938,392.0791192572211
before,8.913142337426102,401.34688358309205
before,8.920418371987267,410.1122293796158
before,8.927694406548431,418.3196905173758
before,8.934970441109595,425.91633936056394
before,8.942246475670759,432.852353241837
before,8.949522510231922,439.081557446257
before,8.956798544793088,444.5619364459593
before,8.964074579354252,449.2561054788377
before,8.971350613915416,453.131735073059
before,8.97862664847658,456.1619217766453
before,8.985902683037745,458.3254991463277
before,8.993178717598909,459.6072839672414
before,9.000454752160072,459.99825369689495
before,9.007730786721236,459.4956522324236
before,9.0150068212824,458.1030222666895
before,9.022282855843565,455.8301637018428
before,9.02955889040473,452.6930188032497
before,9.036834924965893,448.7134859765542
before,9.044110959527057,443.9191652108789
before,9.051386994088222,438.34303932749026
before,9.058663028649386,432.02309618314285
before,9.06593906321055,425.0018978802991
before,9.073215097771714,417.326103814958
before,9.080491132332877,409.04595503218655
before,9.087767166894043,400.2147278487189
before,9.095043201455207,390.88816503366036
before,9.10231923601637,381.1238930087796
before,9.109595270577534,370.9808335394663
before,9.1168713051387,360.5186182398327
before,9.124147339699864,349.79701391839853
before,9.131423374261027,338.8753663547325
before,9.138699408822191,327.8120695361926
before,9.145975443383355,316.66406671315167
before,9.15325147794452,305.48638886908
before,9.160527512505684,294.3317353677352
before,9.167803547066848,283.2501006537029
before,9.175079581628012,272.2884499653919
before,9.182355616189177,261.4904460913164
before,9.189631650750341,250.8962282810917
before,9.196907685311505,240.54224353017693
before,9.204183719872669,230.46112960922355
before,9.211459754433834,220.68164841956008
before,9.218735788994998,211.22866753900695
before,9.226011823556162,202.12318718698373
before,9.233287858117325,193.38240929295802
before,9.24056389267849,185.0198449027386
before,9.247839927239655,177.04545580610443
before,9.255115961800819,169.46582601704173
before,9.262391996361982,162.28435858262753
before,9.269668030923146,155.50149313460605
before,9.276944065484312,149.11493962301512
before,9.284220100045475,143.11992377684814
before,9.29149613460664,137.50944001399353
before,9.298772169167803,132.27450776235852
before,9.306048203728967,127.40442744591591
before,9.313324238290132,122.88703272324017
before,9.320600272851296,118.70893593140403
before,9.32787630741246,114.8557640747156
before,9.335152341973624,111.31238309603344
before,9.342428376534789,108.06310856907369
before,9.349704411095953,105.09190134508529
before,9.356980445657117,102.38254706904831
before,9.36425648021828,99.9188188429269
before,9.371532514779444,97.68462265112298
before,9.37880854934061,95.66412547207182
before,9.386084583901773,93.84186627675318
before,9.393360618462937,92.20285035773546
before,9.400636653024101,90.73262764019194
before,9.407912687585267,89.4173557989003
before,9.41518872214643,88.24384914324523
before,9.422464756707594,87.19961433695683
before,9.429740791268758,86.27287409266935
before,9.437016825829922,85.45258002568723
before,9.444292860391087,84.72841586934521
before,9.451568894952251,84.09079224896722
before,9.458844929513415,83.53083418575332
before,9.466120964074578,83.04036245910669
before,9.473396998635744,82.61186989902396
before,9.480673033196908,82.23849361223814
before,9.487949067758072,81.91398406963435
before,9.495225102319235,81.63267190069739
before,9.502501136880399,81.38943315576749
before,9.509777171441565,81.17965371080412
before,9.517053206002728,80.99919340402289
before,9.524329240563892,80.84435041073493
before,9.531605275125056,80.71182628326375
before,9.538881309686221,80.5986920079481
before,9.546157344247385,80.50235536172609
before,9.553433378808549,80.42052978715924
before,9.560709413369713,80.35120494731873
before,9.567985447930877,80.29261907085251
before,9.575261482492042,80.24323315276247
before,9.582537517053206,80.2017070377894
before,9.58981355161437,80.16687738056935
before,9.597089586175533,80.13773744954437
before,9.604365620736699,80.11341871957556
before,9.611641655297863,80.09317418087042
before,9.618917689859027,80.07636327872714
before,9.62619372442019,80.06243838923426
before,9.633469758981354,80.05093272996912
before,9.64074579354252,80.04144960144913
before,9.648021828103683,80.03365285416724
before,9.655297862664847,80.02725847707566
before,9.662573897226011,80.02202720599222
before,9.669849931787176,80.01775805425032
before,9.67712596634834,80.01428267269256
before,9.684402000909504,80.01146045155066
before,9.691678035470668,80.00917428263413
before,9.698954070031832,80.00732690636634
before,9.706230104592997,80.00583777440247
before,9.71350613915416,80.00464036470134
before,9.720782173715325,80.00367989190222
before,9.728058208276488,80.00291136159282
before,9.735334242837654,80.00229792249043
before,9.742610277398818,80.00180947565022
before,9.749886311959981,80.00142150453986
before,9.757162346521145,80.00111409416346
before,9.764438381082309,80.00087111137996
before,9.771714415643475,80.00067952214688
before,9.778990450204638,80.0005288246425
before,9.786266484765802,80.00041058009741
before,9.793542519326966,80.00031802571858
before,9.800818553888131,80.00024575634083
before,9.808094588449295,80.00018946341528
before,9.815370623010459,80.00014572166727
before,9.822646657571623,80.00011181525065
before,9.829922692132786,80.00008559651677
before,9.837198726693952,80.00006537162528
before,9.844474761255116,80.00004980817319
before,9.85175079581628,80.00003786082598
before,9.859026830377443,80.00002871161989
before,9.866302864938609,80.00002172218196
before,9.873578899499773,80.00001639560092
before,9.880854934060936,80.00001234608808
before,9.8881309686221,80.00000927490656
before,9.895407003183264,80.0000069513292
before,9.90268303774443,80.00000519761741
before,9.909959072305593,80.00000387720623
before,9.917235106866757,80.00000288543725
before,9.92451114142792,80.00000214231095
before,9.931787175989086,80.00000158683409
before,9.93906321055025,80.00000117262373
before,9.946339245111414,80.00000086449795
before,9.953615279672578,80.00000063583936
before,9.960891314233741,80.00000046656159
before,9.968167348794907,80.0000003415456
before,9.97544338335607,80.00000024944026
before,9.982719417917234,80.00000018174504
before,9.989995452478398,80.0000001321103
before,9.997271487039564,80.00000009580518
before,10.004547521600728,80.00000006931374
before,10.011823556161891,80.0000000500297
before,10.019099590723055,80.00000003602588
before,10.026375625284219,80.00000002588091
before,10.033651659845384,80.00000001854909
before,10.040927694406548,80.00000001326305
before,10.048203728967712,80.00000000946113
before,10.055479763528876,80.00000000673317
before,10.062755798090041,80.00000000478053
before,10.070031832651205,80.00000000338618
before,10.077307867212369,80.00000000239288
before,10.084583901773533,80.00000000168698
before,10.091859936334698,80.00000000118654
before,10.099135970895862,80.00000000083259
before,10.106412005457026,80.00000000058284
before,10.11368804001819,80.00000000040706
before,10.120964074579353,80.00000000028362
before,10.128240109140519,80.00000000019715
before,10.135516143701683,80.00000000013672
before,10.142792178262846,80.00000000009459
before,10.15006821282401,80.00000000006528
before,10.157344247385176,80.00000000004496
before,10.16462028194634,80.00000000003088
before,10.171896316507503,80.00000000002117
before,10.179172351068667,80.00000000001448
before,10.18644838562983,80.00000000000988
before,10.193724420190996,80.00000000000672
before,10.20100045475216,80.00000000000456
before,10.208276489313324,80.00000000000308
before,10.215552523874488,80.00000000000209
before,10.222828558435653,80.0000000000014
before,10.230104592996817,80.00000000000095
before,10.23738062755798,80.00000000000064
before,10.244656662119144,80.00000000000043
before,10.251932696680308,80.00000000000028
before,10.259208731241474,80.00000000000018
before,10.266484765802637,80.00000000000013
before,10.273760800363801,80.00000000000009
before,10.281036834924965,80.00000000000006
before,10.28831286948613,80.00000000000004
before,10.295588904047294,80.00000000000003
before,10.302864938608458,80.00000000000001
before,10.310140973169622,80.00000000000001
before,10.317417007730786,80.0
before,10.324693042291951,80.0
before,10.331969076853115,80.0
before,10.339245111414279,80.0
before,10.346521145975442,80.0
before,10.353797180536608,80.0
before,10.361073215097772,80.0
before,10.368349249658936,80.0
before,10.3756252842201,80.0
before,10.382901318781263,80.0
before,10.390177353342429,80.0
before,10.397453387903592,80.0
before,10.404729422464756,80.0
before,10.41200545702592,80.0
before,10.419281491587085,80.0
before,10.42655752614825,80.0
before,10.433833560709413,80.0
before,10.441109595270577,80.0
before,10.44838562983174,80.0
before,10.455661664392906,80.0
before,10.46293769895407,80.0
before,10.470213733515234,80.0
before,10.477489768076397,80.0
before,10.484765802637563,80.0
before,10.492041837198727,80.0
before,10.49931787175989,80.0
before,10.506593906321054,80.0
before,10.513869940882218,80.0
before,10.521145975443384,80.0
before,10.528422010004547,80.0
before,10.535698044565711,80.0
before,10.542974079126875,80.0
before,10.55025011368804,80.0
before,10.557526148249204,80.0
before,10.564802182810368,80.0
before,10.572078217371532,80.0
before,10.579354251932696,80.0
before,10.586630286493861,80.0
before,10.593906321055025,80.0
before,10.601182355616189,80.0
before,10.608458390177352,80.0
before,10.615734424738518,80.0
before,10.623010459299682,80.0
before,10.630286493860845,80.0
before,10.63756252842201,80.0
before,10.644838562983173,80.0
before,10.652114597544339,80.0
before,10.659390632105502,80.0
before,10.666666666666666,80.0
before,10.67394270122783,80.0
before,10.681218735788995,80.0
before,10.68849477035016,80.0
before,10.695770804911323,80.0
before,10.703046839472487,80.0
before,10.71032287403365,80.0
before,10.717598908594816,80.0
before,10.72487494315598,80.0
before,10.732150977717144,80.0
before,10.739427012278307,80.0
before,10.746703046839473,80.0
before,10.753979081400637,80.0
before,10.7612551159618,80.0
before,10.768531150522964,80.0
before,10.775807185084128,80.0
before,10.783083219645293,80.0
before,10.790359254206457,80.0
before,10.797635288767621,80.0
before,10.804911323328785,80.0
before,10.81218735788995,80.0
before,10.819463392451114,80.0
before,10.826739427012278,80.0
before,10.834015461573442,80.0
before,10.841291496134605,80.0
before,10.848567530695771,80.0
before,10.855843565256935,80.0
before,10.863119599818098,80.0
before,10.870395634379262,80.0
before,10.877671668940428,80.0
before,10.884947703501592,80.0
before,10.892223738062755,80.0
before,10.89949977262392,80.0
before,10.906775807185083,80.0
before,10.914051841746248,80.0
before,10.921327876307412,80.0
before,10.928603910868576,80.0
before,10.93587994542974,80.0
before,10.943155979990905,80.0
before,10.950432014552069,80.0
before,10.957708049113233,80.0
before,10.964984083674397,80.0
before,10.972260118235562,80.0
before,10.979536152796726,80.0
before,10.98681218735789,80.0
before,10.994088221919053,80.0
before,11.001364256480217,80.0
before,11.008640291041383,80.0
before,11.015916325602547,80.0
before,11.02319236016371,80.0
before,11.030468394724874,80.0
before,11.03774442928604,80.0
before,11.045020463847203,80.0
before,11.052296498408367,80.0
before,11.059572532969531,80.0
before,11.066848567530695,80.0
before,11.07412460209186,80.0
before,11.081400636653024,80.0
before,11.088676671214188,80.0
before,11.095952705775352,80.0
before,11.103228740336517,80.0
before,11.11050477489768,80.0
before,11.117780809458845,80.0
before,11.125056844020008,80.0
before,11.132332878581172,80.0
before,11.139608913142338,80.0
before,11.146884947703501,80.0
before,11.154160982264665,80.0
before,11.161437016825829,80.0
before,11.168713051386995,80.0
before,11.175989085948158,80.0
before,11.183265120509322,80.0
before,11.190541155070486,80.0
before,11.19781718963165,80.0
before,11.205093224192815,80.0
before,11.212369258753979,80.0
before,11.219645293315143,80.0
before,11.226921327876306,80.0
before,11.234197362437472,80.0
before,11.241473396998636,80.0
before,11.2487494315598,80.0
before,11.256025466120963,80.0
before,11.263301500682127,80.0
before,11.270577535243293,80.0
before,11.277853569804456,80.0
before,11.28512960436562,80.0
before,11.292405638926784,80.0
before,11.29968167348795,80.0
before,11.306957708049113,80.0
before,11.314233742610277,80.0
before,11.32150977717144,80.0
before,11.328785811732605,80.0
before,11.33606184629377,80.0
before,11.343337880854934,80.0
before,11.350613915416098,80.0
before,11.357889949977261,80.0
before,11.365165984538427,80.0
before,11.37244201909959,80.0
before,11.379718053660755,80.0
before,11.386994088221918,80.0
before,11.394270122783082,80.0
before,11.401546157344248,80.0
before,11.408822191905411,80.0
before,11.416098226466575,80.0
before,11.423374261027739,80.0
before,11.430650295588904,80.0
before,11.437926330150068,80.0
before,11.445202364711232,80.0
before,11.452478399272396,80.0
before,11.45975443383356,80.0
before,11.467030468394725,80.0
before,11.474306502955889,80.0
before,11.481582537517053,80.0
before,11.488858572078216,80.0
before,11.496134606639382,80.0
before,11.503410641200546,80.0
before,11.51068667576171,80.0
before,11.517962710322873,80.0
before,11.525238744884037,80.0
before,11.532514779445203,80.0
before,11.539790814006366,80.0
before,11.54706684856753,80.0
before,11.554342883128694,80.0
before,11.56161891768986,80.0
before,11.568894952251023,80.0
before,11.576170986812187,80.0
before,11.58344702137335,80.0
before,11.590723055934514,80.0
before,11.59799909049568,80.0
before,11.605275125056844,80.0
before,11.612551159618008,80.0
before,11.619827194179171,80.0
before,11.627103228740337,80.0
before,11.6343792633015,80.0
before,11.641655297862664,80.0
before,11.648931332423828,80.0
before,11.656207366984992,80.0
before,11.663483401546157,80.0
before,11.670759436107321,80.0
before,11.678035470668485,80.0
before,11.685311505229649,80.0
before,11.692587539790814,80.0
before,11.699863574351978,80.0
before,11.707139608913142,80.0
before,11.714415643474306,80.0
before,11.72169167803547,80.0
before,11.728967712596635,80.0
before,11.736243747157799,80.0
before,11.743519781718962,80.0
before,11.750795816280126,80.0
before,11.758071850841292,80.0
before,11.765347885402456,80.0
before,11.77262391996362,80.0
before,11.779899954524783,80.0
before,11.787175989085947,80.0
before,11.794452023647112,80.0
before,11.801728058208276,80.0
before,11.80900409276944,80.0
before,11.816280127330604,80.0
before,11.82355616189177,80.0
before,11.830832196452933,80.0
before,11.838108231014097,80.0
before,11.84538426557526,80.0
before,11.852660300136426,80.0
before,11.85993633469759,80.0
before,11.867212369258754,80.0
before,11.874488403819917,80.0
before,11.881764438381081,80.0
before,11.889040472942247,80.0
before,11.89631650750341,80.0
before,11.903592542064574,80.0
before,11.910868576625738,80.0
before,11.918144611186904,80.0
before,11.925420645748067,80.0
before,11.932696680309231,80.0
before,11.939972714870395,80.0
before,11.947248749431559,80.0
before,11.954524783992724,80.0
before,11.961800818553888,80.0
before,11.969076853115052,80.0
before,11.976352887676216,80.0
before,11.983628922237381,80.0
before,11.990904956798545,80.0
before,11.998180991359709,80.0
before,12.005457025920872,80.0
before,12.012733060482036,80.0
before,12.020009095043202,80.0
before,12.027285129604365,80.0
before,12.03456116416553,80.0
before,12.041837198726693,80.0
before,12.049113233287859,80.0
before,12.056389267849022,80.0
before,12.063665302410186,80.0
before,12.07094133697135,80.0
before,12.078217371532514,80.0
before,12.08549340609368,80.0
before,12.092769440654843,80.0
before,12.100045475216007,80.0
before,12.10732150977717,80.0
before,12.114597544338336,80.0
before,12.1218735788995,80.0
before,12.129149613460664,80.0
before,12.136425648021827,80.0
before,12.143701682582991,80.0
before,12.150977717144157,80.0
before,12.15825375170532,80.0
before,12.165529786266484,80.0
before,12.172805820827648,80.0
before,12.180081855388813,80.0
before,12.187357889949977,80.0
before,12.194633924511141,80.0
before,12.201909959072305,80.0
before,12.209185993633469,80.0
before,12.216462028194634,80.0
before,12.223738062755798,80.0
before,12.231014097316962,80.0
before,12.238290131878125,80.0
before,12.245566166439291,80.0
before,12.252842201000455,80.0
before,12.260118235561619,80.0
before,12.267394270122782,80.0
before,12.274670304683946,80.0
before,12.281946339245112,80.0
before,12.289222373806275,80.0
before,12.29649840836744,80.0
before,12.303774442928603,80.0
before,12.311050477489768,80.0
before,12.318326512050932,80.0
before,12.325602546612096,80.0
before,12.33287858117326,80.0
before,12.340154615734424,80.0
before,12.347430650295589,80.0
before,12.354706684856753,80.0
before,12.361982719417917,80.0
before,12.36925875397908,80.0
before,12.376534788540246,80.0
before,12.38381082310141,80.0
before,12.391086857662573,80.0
before,12.398362892223737,80.0
before,12.405638926784901,80.0
before,12.412914961346067,80.0
before,12.42019099590723,80.0
before,12.427467030468394,80.0
before,12.434743065029558,80.0
before,12.442019099590723,80.0
before,12.449295134151887,80.0
before,12.456571168713051,80.0
before,12.463847203274215,80.0
before,12.471123237835378,80.0
before,12.478399272396544,80.0
before,12.485675306957708,80.0
before,12.492951341518872,80.0
before,12.500227376080035,80.0
before,12.5075034106412,80.0
before,12.514779445202365,80.0
before,12.522055479763528,80.0
before,12.529331514324692,80.0
before,12.536607548885856,80.0
before,12.543883583447021,80.0
before,12.551159618008185,80.0
before,12.558435652569349,80.0
before,12.565711687130513,80.0
before,12.572987721691678,80.0
before,12.580263756252842,80.0
before,12.587539790814006,80.0
before,12.59481582537517,80.0
before,12.602091859936333,80.0
before,12.609367894497499,80.0
before,12.616643929058663,80.0
before,12.623919963619826,80.0
before,12.63119599818099,80.0
before,12.638472032742156,80.0
before,12.64574806730332,80.0
before,12.653024101864483,80.0
before,12.660300136425647,80.0
before,12.66757617098681,80.0
before,12.674852205547976,80.0
before,12.68212824010914,80.0
before,12.689404274670304,80.0
before,12.696680309231468,80.0
before,12.703956343792633,80.0
before,12.711232378353797,80.0
before,12.71850841291496,80.0
before,12.725784447476125,80.0
before,12.73306048203729,80.0
before,12.740336516598454,80.0
before,12.747612551159618,80.0
before,12.754888585720781,80.0
before,12.762164620281945,80.0
before,12.76944065484311,80.0
before,12.776716689404275,80.0
before,12.783992723965438,80.0
before,12.791268758526602,80.0
before,12.798544793087768,80.0
before,12.805820827648931,80.0
before,12.813096862210095,80.0
before,12.820372896771259,80.0
before,12.827648931332423,80.0
before,12.834924965893588,80.0
before,12.842201000454752,80.0
before,12.849477035015916,80.0
before,12.85675306957708,80.0
before,12.864029104138245,80.0
before,12.871305138699409,80.0
before,12.878581173260573,80.0
before,12.885857207821736,80.0
before,12.8931332423829,80.0
before,12.900409276944066,80.0
before,12.90768531150523,80.0
before,12.914961346066393,80.0
before,12.922237380627557,80.0
before,12.929513415188723,80.0
before,12.936789449749886,80.0
before,12.94406548431105,80.0
before,12.951341518872214,80.0
before,12.958617553433378,80.0
before,12.965893587994543,80.0
before,12.973169622555707,80.0
before,12.98044565711687,80.0
before,12.987721691678034,80.0
before,12.9949977262392,80.0
before,13.002273760800364,80.0
before,13.009549795361528,80.0
before,13.016825829922691,80.0
before,13.024101864483855,80.0
before,13.03137789904502,80.0
before,13.038653933606184,80.0
before,13.045929968167348,80.0
before,13.053206002728512,80.0
before,13.060482037289677,80.0
before,13.067758071850841,80.0
before,13.075034106412005,80.0
before,13.082310140973169,80.0
before,13.089586175534333,80.0
before,13.096862210095498,80.0
before,13.104138244656662,80.0
before,13.111414279217826,80.0
before,13.11869031377899,80.0
before,13.125966348340155,80.0
before,13.133242382901319,80.0
before,13.140518417462483,80.0
before,13.147794452023646,80.0
before,13.15507048658481,80.0
before,13.162346521145976,80.0
before,13.16962255570714,80.0
before,13.176898590268303,80.0
before,13.184174624829467,80.0
before,13.191450659390632,80.0
before,13.198726693951796,80.0
before,13.20600272851296,80.0
before,13.213278763074124,80.0
before,13.220554797635288,80.0
before,13.227830832196453,80.0
before,13.235106866757617,80.0
before,13.24238290131878,80.0
before,13.249658935879944,80.0
before,13.25693497044111,80.0
before,13.264211005002274,80.0
before,13.271487039563437,80.0
before,13.278763074124601,80.0
before,13.286039108685765,80.0
before,13.29331514324693,80.0
before,13.300591177808094,80.0
before,13.307867212369258,80.0
before,13.315143246930422,80.0
before,13.322419281491587,80.0
before,13.329695316052751,80.0
before,13.336971350613915,80.0
before,13.344247385175079,80.0
before,13.351523419736242,80.0
before,13.358799454297408,80.0
before,13.366075488858572,80.0
before,13.373351523419736,80.0
before,13.3806275579809,80.0
before,13.387903592542065,80.0
before,13.395179627103229,80.0
before,13.402455661664392,80.0
before,13.409731696225556,80.0
before,13.41700773078672,80.0
before,13.424283765347885,80.0
before,13.43155979990905,80.0
before,13.438835834470213,80.0
before,13.446111869031377,80.0
before,13.453387903592542,80.0
before,13.460663938153706,80.0
before,13.46793997271487,80.0
before,13.475216007276034,80.0
before,13.482492041837197,80.0
before,13.489768076398363,80.0
before,13.497044110959527,80.0
before,13.50432014552069,80.0
before,13.511596180081854,80.0
before,13.51887221464302,80.0
before,13.526148249204184,80.0
before,13.533424283765347,80.0
before,13.540700318326511,80.0
before,13.547976352887675,80.0
before,13.55525238744884,80.0
before,13.562528422010004,80.0
before,13.569804456571168,80.0
before,13.577080491132332,80.0
before,13.584356525693497,80.0
before,13.591632560254661,80.0
before,13.598908594815825,80.0
before,13.606184629376989,80.0
before,13.613460663938154,80.0
before,13.620736698499318,80.0
before,13.628012733060482,80.0
before,13.635288767621645,80.0
before,13.64256480218281,80.0
before,13.649840836743975,80.0
before,13.657116871305139,80.0
before,13.664392905866302,80.0
before,13.671668940427466,80.0
before,13.678944974988632,80.0
before,13.686221009549795,80.0
before,13.69349704411096,80.0
before,13.700773078672123,80.0
before,13.708049113233287,80.0
before,13.715325147794452,80.0
before,13.722601182355616,80.0
before,13.72987721691678,80.0
before,13.737153251477944,80.0
before,13.744429286039109,80.0
before,13.751705320600273,80.0
before,13.758981355161437,80.0
before,13.7662573897226,80.0
before,13.773533424283764,80.0
before,13.78080945884493,80.0
before,13.788085493406093,80.0
before,13.795361527967257,80.0
before,13.802637562528421,80.0
before,13.809913597089587,80.0
before,13.81718963165075,80.0
before,13.824465666211914,80.0
before,13.831741700773078,80.0
before,13.839017735334242,80.0
before,13.846293769895407,80.0
before,13.853569804456571,80.0
before,13.860845839017735,80.0
before,13.868121873578898,80.0
before,13.875397908140064,80.0
before,13.882673942701228,80.0
before,13.889949977262392,80.0
before,13.897226011823555,80.0
before,13.904502046384719,80.0
before,13.911778080945885,80.0
before,13.919054115507048,80.0
before,13.926330150068212,80.0
before,13.933606184629376,80.0
before,13.940882219190541,80.0
before,13.948158253751705,80.0
before,13.955434288312869,80.0
before,13.962710322874033,80.0
before,13.969986357435197,80.0
before,13.977262391996362,80.0
before,13.984538426557526,80.0
before,13.99181446111869,80.0
before,13.999090495679853,80.0
before,14.006366530241019,80.0
before,14.013642564802183,80.0
before,14.020918599363347,80.0
before,14.02819463392451,80.0
before,14.035470668485674,80.0
before,14.04274670304684,80.0
before,14.050022737608003,80.0
before,14.057298772169167,80.0
before,14.064574806730331,80.0
before,14.071850841291496,80.0
before,14.07912687585266,80.0
before,14.086402910413824,80.0
before,14.093678944974988,80.0
before,14.100954979536152,80.0
before,14.108231014097317,80.0
before,14.11550704865848,80.0
before,14.122783083219645,80.0
before,14.130059117780808,80.0
before,14.137335152341974,80.0
before,14.144611186903138,80.0
before,14.151887221464301,80.0
before,14.159163256025465,80.0
before,14.166439290586629,80.0
before,14.173715325147795,80.0
before,14.180991359708958,80.0
before,14.188267394270122,80.0
before,14.195543428831286,80.0
before,14.202819463392451,80.0
before,14.210095497953615,80.0
before,14.217371532514779,80.0
before,14.224647567075943,80.0
before,14.231923601637106,80.0
before,14.239199636198272,80.0
before,14.246475670759436,80.0
before,14.2537517053206,80.0
before,14.261027739881763,80.0
before,14.268303774442929,80.0
before,14.275579809004093,80.0
before,14.282855843565256,80.0
before,14.29013187812642,80.0
before,14.297407912687584,80.0
before,14.30468394724875,80.0
before,14.311959981809913,80.0
before,14.319236016371077,80.0
before,14.32651205093224,80.0
before,14.333788085493406,80.0
before,14.34106412005457,80.0
before,14.348340154615734,80.0
before,14.355616189176898,80.0
before,14.362892223738061,80.0
before,14.370168258299227,80.0
before,14.37744429286039,80.0
before,14.384720327421554,80.0
before,14.391996361982718,80.0
before,14.399272396543884,80.0
before,14.406548431105048,80.0
before,14.413824465666211,80.0
before,14.421100500227375,80.0
before,14.428376534788539,80.0
before,14.435652569349704,80.0
before,14.442928603910868,80.0
before,14.450204638472032,80.0
before,14.457480673033196,80.0
before,14.464756707594361,80.0
before,14.472032742155525,80.0
before,14.479308776716689,80.0
before,14.486584811277853,80.0
before,14.493860845839018,80.0
before,14.501136880400182,80.0
before,14.508412914961346,80.0
before,14.51568894952251,80.0
before,14.522964984083673,80.0
before,14.530241018644839,80.0
before,14.537517053206003,80.0
before,14.544793087767166,80.0
before,14.55206912232833,80.0
before,14.559345156889496,80.0
before,14.56662119145066,80.0
before,14.573897226011823,80.0
before,14.581173260572987,80.0
before,14.58844929513415,80.0
before,14.595725329695316,80.0
before,14.60300136425648,80.0
before,14.610277398817644,80.0
before,14.617553433378808,80.0
before,14.624829467939973,80.0
before,14.632105502501137,80.0
before,14.6393815370623,80.0
before,14.646657571623464,80.0
before,14.653933606184628,80.0
before,14.661209640745794,80.0
before,14.668485675306957,80.0
before,14.675761709868121,80.0
before,14.683037744429285,80.0
before,14.69031377899045,80.0
before,14.697589813551614,80.0
before,14.704865848112778,80.0
before,14.712141882673942,80.0
before,14.719417917235106,80.0
before,14.726693951796271,80.0
before,14.733969986357435,80.0
before,14.741246020918599,80.0
before,14.748522055479762,80.0
before,14.755798090040928,80.0
before,14.763074124602092,80.0
before,14.770350159163256,80.0
before,14.77762619372442,80.0
before,14.784902228285583,80.0
before,14.792178262846749,80.0
before,14.799454297407912,80.0
before,14.806730331969076,80.0
before,14.81400636653024,80.0
before,14.821282401091405,80.0
before,14.82855843565257,80.0
before,14.835834470213733,80.0
before,14.843110504774897,80.0
before,14.85038653933606,80.0
before,14.857662573897226,80.0
before,14.86493860845839,80.0
before,14.872214643019554,80.0
before,14.879490677580717,80.0
before,14.886766712141883,80.0
before,14.894042746703047,80.0
before,14.90131878126421,80.0
before,14.908594815825374,80.0
before,14.915870850386538,80.0
before,14.923146884947704,80.0
before,14.930422919508867,80.0
before,14.937698954070031,80.0
before,14.944974988631195,80.0
before,14.95225102319236,80.0
before,14.959527057753524,80.0
before,14.966803092314688,80.0
before,14.974079126875852,80.0
before,14.981355161437016,80.0
before,14.988631195998181,80.0
before,14.995907230559345,80.0
before,15.003183265120509,80.0
before,15.010459299681672,80.0
before,15.017735334242838,80.0
before,15.025011368804002,80.0
before,15.032287403365165,80.0
before,15.03956343792633,80.0
before,15.046839472487493,80.0
before,15.054115507048659,80.0
before,15.061391541609822,80.0
before,15.068667576170986,80.0
before,15.07594361073215,80.0
before,15.083219645293315,80.0
before,15.09049567985448,80.0
before,15.097771714415643,80.0
before,15.105047748976807,80.0
before,15.11232378353797,80.0
before,15.119599818099136,80.0
before,15.1268758526603,80.0
before,15.134151887221464,80.0
before,15.141427921782627,80.0
before,15.148703956343793,80.0
before,15.155979990904957,80.0
before,15.16325602546612,80.0
before,15.170532060027284,80.0
before,15.177808094588448,80.0
before,15.185084129149613,80.0
before,15.192360163710777,80.0
before,15.199636198271941,80.0
before,15.206912232833105,80.0
before,15.21418826739427,80.0
before,15.221464301955434,80.0
before,15.228740336516598,80.0
before,15.236016371077762,80.0
before,15.243292405638925,80.0
before,15.250568440200091,80.0
before,15.257844474761255,80.0
before,15.265120509322418,80.0
before,15.272396543883582,80.0
before,15.279672578444748,80.0
before,15.286948613005912,80.0
before,15.294224647567075,80.0
before,15.301500682128239,80.0
before,15.308776716689403,80.0
before,15.316052751250568,80.0
before,15.323328785811732,80.0
before,15.330604820372896,80.0
before,15.33788085493406,80.0
before,15.345156889495225,80.0
before,15.352432924056389,80.0
before,15.359708958617553,80.0
before,15.366984993178717,80.0
before,15.374261027739882,80.0
before,15.381537062301046,80.0
before,15.38881309686221,80.0
before,15.396089131423373,80.0
before,15.403365165984537,80.0
before,15.410641200545703,80.0
before,15.417917235106867,80.0
before,15.42519326966803,80.0
before,15.432469304229194,80.0
before,15.43974533879036,80.0
before,15.447021373351523,80.0
before,15.454297407912687,80.0
before,15.461573442473851,80.0
before,15.468849477035015,80.0
before,15.47612551159618,80.0
before,15.483401546157344,80.0
before,15.490677580718508,80.0
before,15.497953615279672,80.0
before,15.505229649840837,80.0
before,15.512505684402,80.0
before,15.519781718963165,80.0
before,15.527057753524328,80.0
before,15.534333788085492,80.0
before,15.541609822646658,80.0
before,15.548885857207821,80.0
before,15.556161891768985,80.0
before,15.563437926330149,80.0
before,15.570713960891315,80.0
before,15.577989995452478,80.0
before,15.585266030013642,80.0
before,15.592542064574806,80.0
before,15.59981809913597,80.0
before,15.607094133697135,80.0
before,15.614370168258299,80.0
before,15.621646202819463,80.0
before,15.628922237380626,80.0
before,15.636198271941792,80.0
before,15.643474306502956,80.0
before,15.65075034106412,80.0
before,15.658026375625283,80.0
before,15.665302410186447,80.0
before,15.672578444747613,80.0
before,15.679854479308776,80.0
before,15.68713051386994,80.0
before,15.694406548431104,80.0
before,15.70168258299227,80.0
before,15.708958617553433,80.0
before,15.716234652114597,80.0
before,15.72351068667576,80.0
before,15.730786721236925,80.0
before,15.73806275579809,80.0
before,15.745338790359254,80.0
before,15.752614824920418,80.0
before,15.759890859481581,80.0
before,15.767166894042747,80.0
before,15.77444292860391,80.0
before,15.781718963165074,80.0
before,15.788994997726238,80.0
before,15.796271032287402,80.0
before,15.803547066848568,80.0
before,15.810823101409731,80.0
before,15.818099135970895,80.0
before,15.825375170532059,80.0
before,15.832651205093224,80.0
before,15.839927239654388,80.0
before,15.847203274215552,80.0
before,15.854479308776716,80.0
before,15.86175534333788,80.0
before,15.869031377899045,80.0
before,15.876307412460209,80.0
before,15.883583447021373,80.0
before,15.890859481582536,80.0
before,15.898135516143702,80.0
before,15.905411550704866,80.0
before,15.91268758526603,80.0
before,15.919963619827193,80.0
before,15.927239654388357,80.0
before,15.934515688949523,80.0
before,15.941791723510686,80.0
before,15.94906775807185,80.0
before,15.956343792633014,80.0
before,15.96361982719418,80.0
before,15.970895861755343,80.0
before,15.978171896316507,80.0
before,15.98544793087767,80.0
before,15.992723965438834,80.0
before,16.0,80.0
after,0.0,780.0
after,0.007276034561164165,780.0
after,0.01455206912232833,780.0
after,0.021828103683492497,780.0
after,0.02910413824465666,780.0
after,0.03638017280582083,780.0
after,0.04365620736698499,780.0
after,0.05093224192814916,780.0
after,0.05820827648931332,780.0
after,0.06548431105047749,780.0
after,0.07276034561164166,780.0
after,0.08003638017280582,780.0
after,0.08731241473396999,780.0
after,0.09458844929513414,780.0
after,0.10186448385629832,780.0
after,0.10914051841746247,780.0
after,0.11641655297862664,780.0
after,0.12369258753979082,780.0
after,0.13096862210095497,780.0
after,0.13824465666211913,780.0
after,0.14552069122328332,780.0
after,0.15279672578444747,780.0
after,0.16007276034561163,780.0
after,0.1673487949067758,780.0
after,0.17462482946793997,780.0
after,0.18190086402910413,780.0
after,0.1891768985902683,780.0
after,0.19645293315143247,780.0
after,0.20372896771259663,780.0
after,0.2110050022737608,780.0
after,0.21828103683492495,780.0
after,0.22555707139608913,780.0
after,0.2328331059572533,780.0
after,0.24010914051841745,780.0
after,0.24738517507958163,780.0
after,0.2546612096407458,780.0
after,0.26193724420190995,780.0
after,0.2692132787630741,780.0
after,0.27648931332423826,780.0
after,0.2837653478854024,780.0
after,0.29104138244656663,780.0
after,0.2983174170077308,780.0
after,0.30559345156889495,780.0
after,0.3128694861300591,780.0
after,0.32014552069122326,780.0
after,0.3274215552523874,780.0
after,0.3346975898135516,780.0
after,0.3419736243747158,780.0
after,0.34924965893587995,780.0
after,0.3565256934970441,780.0
after,0.36380172805820826,780.0
after,0.3710777626193724,780.0
after,0.3783537971805366,780.0
after,0.38562983174170073,780.0
after,0.39290586630286495,780.0
after,0.4001819008640291,780.0
after,0.40745793542519326,780.0
after,0.4147339699863574,780.0
after,0.4220100045475216,780.0
after,0.42928603910868574,780.0
after,0.4365620736698499,780.0
after,0.4438381082310141,780.0
after,0.45111414279217826,780.0
after,0.4583901773533424,780.0
after,0.4656662119145066,780.0
after,0.47294224647567074,780.0
after,0.4802182810368349,780.0
after,0.48749431559799905,780.0
after,0.49477035015916326,780.0
after,0.5020463847203274,780.0
after,0.5093224192814916,780.0
after,0.5165984538426557,780.0
after,0.5238744884038199,780.0
after,0.5311505229649841,780.0
after,0.5384265575261482,780.0
after,0.5457025920873124,780.0
after,0.5529786266484765,780.0
after,0.5602546612096407,780.0
after,0.5675306957708048,780.0
after,0.574806730331969,780.0
after,0.5820827648931333,780.0
after,0.5893587994542974,780.0
after,0.5966348340154616,780.0
after,0.6039108685766257,780.0
after,0.6111869031377899,780.0
after,0.618462937698954,780.0
after,0.6257389722601182,780.0
after,0.6330150068212824,780.0
after,0.6402910413824465,780.0
after,0.6475670759436107,780.0
after,0.6548431105047748,780.0
after,0.662119145065939,780.0
after,0.6693951796271032,780.0
after,0.6766712141882674,780.0
after,0.6839472487494316,780.0
after,0.6912232833105957,780.0
after,0.6984993178717599,780.0
after,0.705775352432924,780.0
after,0.7130513869940882,780.0
after,0.7203274215552523,780.0
after,0.7276034561164165,780.0
after,0.7348794906775807,780.0
after,0.7421555252387448,780.0
after,0.749431559799909,780.0
after,0.7567075943610732,780.0
after,0.7639836289222374,780.0
after,0.7712596634834015,780.0
after,0.7785356980445657,780.0
after,0.7858117326057299,780.0
after,0.793087767166894,780.0
after,0.8003638017280582,780.0
after,0.8076398362892223,780.0
after,0.8149158708503865,780.0
after,0.8221919054115506,780.0
after,0.8294679399727148,780.0
after,0.836743974533879,780.0
after,0.8440200090950432,780.0
after,0.8512960436562074,780.0
after,0.8585720782173715,780.0
after,0.8658481127785357,780.0
after,0.8731241473396998,780.0
after,0.880400181900864,780.0
after,0.8876762164620282,780.0
after,0.8949522510231923,780.0
after,0.9022282855843565,780.0
after,0.9095043201455206,780.0
after,0.9167803547066848,780.0
after,0.9240563892678489,780.0
after,0.9313324238290132,780.0
after,0.9386084583901774,780.0
after,0.9458844929513415,780.0
after,0.9531605275125057,780.0
after,0.9604365620736698,780.0
after,0.967712596634834,780.0
after,0.9749886311959981,780.0
after,0.9822646657571623,780.0
after,0.9895407003183265,780.0
after,0.9968167348794906,780.0
after,1.0040927694406547,780.0
after,1.011368804001819,780.0
after,1.0186448385629832,780.0
after,1.0259208731241474,780.0
after,1.0331969076853114,780.0
after,1.0404729422464756,780.0
after,1.0477489768076398,780.0
after,1.055025011368804,780.0
after,1.0623010459299682,780.0
after,1.0695770804911322,780.0
after,1.0768531150522964,780.0
after,1.0841291496134606,780.0
after,1.0914051841746248,780.0
after,1.098681218735789,780.0
after,1.105957253296953,780.0
after,1.1132332878581173,780.0
after,1.1205093224192815,780.0
after,1.1277853569804457,780.0
after,1.1350613915416097,780.0
after,1.142337426102774,780.0
after,1.149613460663938,780.0
after,1.1568894952251023,780.0
after,1.1641655297862665,780.0
after,1.1714415643474305,780.0
after,1.1787175989085947,780.0
after,1.185993633469759,780.0
after,1.1932696680309232,780.0
after,1.2005457025920874,780.0
after,1.2078217371532514,780.0
after,1.2150977717144156,780.0
after,1.2223738062755798,780.0
after,1.229649840836744,780.0
after,1.236925875397908,780.0
after,1.2442019099590722,780.0
after,1.2514779445202364,780.0
after,1.2587539790814006,780.0
after,1.2660300136425648,780.0
after,1.2733060482037288,780.0
after,1.280582082764893,780.0
after,1.2878581173260573,780.0
after,1.2951341518872215,780.0
after,1.3024101864483857,780.0
after,1.3096862210095497,780.0
after,1.316962255570714,780.0
after,1.324238290131878,780.0
after,1.3315143246930423,780.0
after,1.3387903592542063,780.0
after,1.3460663938153705,780.0
after,1.3533424283765347,780.0
after,1.360618462937699,780.0
after,1.3678944974988632,780.0
after,1.3751705320600272,780.0
after,1.3824465666211914,780.0
after,1.3897226011823556,780.0
after,1.3969986357435198,780.0
after,1.404274670304684,780.0
after,1.411550704865848,780.0
after,1.4188267394270122,780.0
after,1.4261027739881764,780.0
after,1.4333788085493406,780.0
after,1.4406548431105046,780.0
after,1.4479308776716688,780.0
after,1.455206912232833,780.0
after,1.4624829467939973,780.0
after,1.4697589813551615,780.0
after,1.4770350159163255,780.0
after,1.4843110504774897,780.0
after,1.491587085038654,780.0
after,1.498863119599818,780.0
after,1.5061391541609823,780.0
after,1.5134151887221463,780.0
after,1.5206912232833105,780.0
after,1.5279672578444747,780.0
after,1.535243292405639,780.0
after,1.542519326966803,780.0
after,1.5497953615279672,780.0
after,1.5570713960891314,780.0
after,1.5643474306502956,780.0
after,1.5716234652114598,780.0
after,1.5788994997726238,780.0
after,1.586175534333788,780.0
after,1.5934515688949522,780.0
after,1.6007276034561164,780.0
after,1.6080036380172806,780.0
after,1.6152796725784446,780.0
after,1.6225557071396088,780.0
after,1.629831741700773,780.0
after,1.6371077762619373,780.0
after,1.6443838108231013,780.0
after,1.6516598453842655,780.0
after,1.6589358799454297,780.0
after,1.666211914506594,780.0
after,1.673487949067758,780.0
after,1.680763983628922,780.0
after,1.6880400181900863,780.0
after,1.6953160527512505,780.0
after,1.7025920873124147,780.0
after,1.709868121873579,780.0
after,1.717144156434743,780.0
after,1.7244201909959072,780.0
after,1.7316962255570714,780.0
after,1.7389722601182356,780.0
after,1.7462482946793996,780.0
after,1.7535243292405638,780.0
after,1.760800363801728,780.0
after,1.7680763983628922,780.0
after,1.7753524329240564,780.0
after,1.7826284674852204,780.0
after,1.7899045020463846,780.0
after,1.7971805366075488,780.0
after,1.804456571168713,780.0
after,1.8117326057298773,780.0
after,1.8190086402910413,780.0
after,1.8262846748522055,780.0
after,1.8335607094133697,780.0
after,1.840836743974534,780.0
after,1.8481127785356979,780.0
after,1.855388813096862,780.0
after,1.8626648476580263,780.0
after,1.8699408822191905,780.0
after,1.8772169167803547,780.0
after,1.8844929513415187,780.0
after,1.891768985902683,780.0
after,1.8990450204638472,780.0
after,1.9063210550250114,780.0
after,1.9135970895861754,780.0
after,1.9208731241473396,780.0
after,1.9281491587085038,780.0
after,1.935425193269668,780.0
after,1.9427012278308322,780.0
after,1.9499772623919962,780.0
after,1.9572532969531604,780.0
after,1.9645293315143246,780.0
after,1.9718053660754888,780.0
after,1.979081400636653,780.0
after,1.986357435197817,780.0
after,1.9936334697589813,780.0
after,2.0009095043201452,780.0
after,2.0081855388813095,780.0
after,2.0154615734424737,780.0
after,2.022737608003638,780.0
after,2.030013642564802,780.0
after,2.0372896771259663,780.0
after,2.0445657116871305,780.0
after,2.0518417462482947,780.0
after,2.059117780809459,780.0
after,2.0663938153706227,780.0
after,2.073669849931787,780.0
after,2.080945884492951,780.0
after,2.0882219190541154,780.0
after,2.0954979536152796,780.0
after,2.102773988176444,780.0
after,2.110050022737608,780.0
after,2.117326057298772,780.0
after,2.1246020918599364,780.0
after,2.1318781264211006,780.0
after,2.1391541609822644,780.0
after,2.1464301955434286,780.0
after,2.153706230104593,780.0
after,2.160982264665757,780.0
after,2.1682582992269213,780.0
after,2.1755343337880855,780.0
after,2.1828103683492497,780.0
after,2.190086402910414,780.0
after,2.197362437471578,780.0
after,2.204638472032742,780.0
after,2.211914506593906,780.0
after,2.2191905411550703,780.0
after,2.2264665757162345,780.0
after,2.2337426102773987,780.0
after,2.241018644838563,780.0
after,2.248294679399727,780.0
after,2.2555707139608914,780.0
after,2.2628467485220556,780.0
after,2.2701227830832194,780.0
after,2.2773988176443836,780.0
after,2.284674852205548,780.0
after,2.291950886766712,780.0
after,2.299226921327876,780.0
after,2.3065029558890404,780.0
after,2.3137789904502046,780.0
after,2.321055025011369,780.0
after,2.328331059572533,780.0
after,2.3356070941336973,780.0
after,2.342883128694861,780.0
after,2.3501591632560253,780.0
after,2.3574351978171895,780.0
after,2.3647112323783537,780.0
after,2.371987266939518,780.0
after,2.379263301500682,780.0
after,2.3865393360618463,780.0
after,2.3938153706230105,780.0
after,2.4010914051841747,780.0
after,2.4083674397453385,780.0
after,2.4156434743065027,780.0
after,2.422919508867667,780.0
after,2.430195543428831,780.0
after,2.4374715779899954,780.0
after,2.4447476125511596,780.0
after,2.452023647112324,780.0
after,2.459299681673488,780.0
after,2.466575716234652,780.0
after,2.473851750795816,780.0
after,2.48112778535698,780.0
after,2.4884038199181444,780.0
after,2.4956798544793086,780.0
after,2.502955889040473,780.0
after,2.510231923601637,780.0
after,2.5175079581628013,780.0
after,2.5247839927239655,780.0
after,2.5320600272851297,780.0
after,2.539336061846294,780.0
after,2.5466120964074577,780.0
after,2.553888130968622,780.0
after,2.561164165529786,780.0
after,2.5684402000909503,780.0
after,2.5757162346521145,780.0
after,2.5829922692132787,780.0
after,2.590268303774443,780.0
after,2.597544338335607,780.0
after,2.6048203728967714,780.0
after,2.612096407457935,780.0
after,2.6193724420190994,780.0
after,2.6266484765802636,780.0
after,2.633924511141428,780.0
after,2.641200545702592,780.0
after,2.648476580263756,780.0
after,2.6557526148249204,780.0
after,2.6630286493860846,780.0
after,2.670304683947249,780.0
after,2.6775807185084126,780.0
after,2.684856753069577,780.0
after,2.692132787630741,780.0
after,2.6994088221919053,780.0
after,2.7066848567530695,780.0
after,2.7139608913142337,780.0
after,2.721236925875398,780.0
after,2.728512960436562,780.0
after,2.7357889949977263,780.0
after,2.7430650295588905,780.0
after,2.7503410641200543,780.0
after,2.7576170986812185,780.0
after,2.7648931332423827,780.0
after,2.772169167803547,780.0
after,2.779445202364711,780.0
after,2.7867212369258754,780.0
after,2.7939972714870396,780.0
after,2.801273306048204,780.0
after,2.808549340609368,780.0
after,2.8158253751705318,780.0
after,2.823101409731696,780.0
after,2.83037744429286,780.0
after,2.8376534788540244,780.0
after,2.8449295134151886,780.0
after,2.852205547976353,780.0
after,2.859481582537517,780.0
after,2.8667576170986813,780.0
after,2.8740336516598455,780.0
after,2.8813096862210092,780.0
after,2.8885857207821735,780.0
after,2.8958617553433377,780.0
after,2.903137789904502,780.0
after,2.910413824465666,780.0
after,2.9176898590268303,780.0
after,2.9249658935879945,780.0
after,2.9322419281491587,780.0
after,2.939517962710323,780.0
after,2.9467939972714867,780.0
after,2.954070031832651,780.0
after,2.961346066393815,780.0
after,2.9686221009549794,780.0
after,2.9758981355161436,780.0
after,2.983174170077308,780.0
after,2.990450204638472,780.0
after,2.997726239199636,780.0
after,3.0050022737608004,780.0
after,3.0122783083219646,780.0
after,3.0195543428831284,780.0
after,3.0268303774442926,780.0
after,3.034106412005457,780.0
after,3.041382446566621,780.0
after,3.0486584811277853,780.0
after,3.0559345156889495,780.0
after,3.0632105502501137,780.0
after,3.070486584811278,780.0
after,3.077762619372442,780.0
after,3.085038653933606,780.0
after,3.09231468849477,780.0
after,3.0995907230559343,780.0
after,3.1068667576170985,780.0
after,3.1141427921782627,780.0
after,3.121418826739427,780.0
after,3.128694861300591,780.0
after,3.1359708958617554,780.0
after,3.1432469304229196,780.0
after,3.1505229649840834,780.0
after,3.1577989995452476,780.0
after,3.1650750341064118,780.0
after,3.172351068667576,780.0
after,3.17962710322874,780.0
after,3.1869031377899044,780.0
after,3.1941791723510686,780.0
after,3.201455206912233,780.0
after,3.208731241473397,780.0
after,3.2160072760345613,780.0
after,3.223283310595725,780.0
after,3.2305593451568893,780.0
after,3.2378353797180535,780.0
after,3.2451114142792177,780.0
after,3.252387448840382,780.0
after,3.259663483401546,780.0
after,3.2669395179627103,780.0
after,3.2742155525238745,780.0
after,3.2814915870850387,780.0
after,3.2887676216462025,780.0
after,3.2960436562073667,780.0
after,3.303319690768531,780.0
after,3.310595725329695,780.0
after,3.3178717598908594,780.0
after,3.3251477944520236,780.0
after,3.332423829013188,780.0
after,3.339699863574352,780.0
after,3.346975898135516,780.0
after,3.35425193269668,780.0
after,3.361527967257844,780.0
after,3.3688040018190084,780.0
after,3.3760800363801726,780.0
after,3.383356070941337,780.0
after,3.390632105502501,780.0
after,3.3979081400636653,780.0
after,3.4051841746248295,780.0
after,3.4124602091859937,780.0
after,3.419736243747158,780.0
after,3.4270122783083217,780.0
after,3.434288312869486,780.0
after,3.44156434743065,780.0
after,3.4488403819918143,780.0
after,3.4561164165529785,780.0
after,3.4633924511141427,780.0
after,3.470668485675307,780.0
after,3.477944520236471,780.0
after,3.4852205547976354,780.0
after,3.492496589358799,780.0
after,3.4997726239199634,780.0
after,3.5070486584811276,780.0
after,3.514324693042292,780.0
after,3.521600727603456,780.0
after,3.52887676216462,780.0
after,3.5361527967257844,780.0
after,3.5434288312869486,780.0
after,3.550704865848113,780.0
after,3.5579809004092766,780.0
after,3.565256934970441,780.0
after,3.572532969531605,780.0
after,3.5798090040927693,780.0
after,3.5870850386539335,780.0
after,3.5943610732150977,780.0
after,3.601637107776262,780.0
after,3.608913142337426,780.0
after,3.6161891768985903,780.0
after,3.6234652114597545,780.0
after,3.6307412460209183,780.0
after,3.6380172805820825,780.0
after,3.6452933151432467,780.0
after,3.652569349704411,780.0
after,3.659845384265575,780.0
after,3.6671214188267394,780.0
after,3.6743974533879036,780.0
after,3.681673487949068,780.0
after,3.688949522510232,780.0
after,3.6962255570713958,780.0
after,3.70350159163256,780.0
after,3.710777626193724,780.0
after,3.7180536607548884,780.0
after,3.7253296953160526,780.0
after,3.732605729877217,780.0
after,3.739881764438381,780.0
after,3.7471577989995453,780.0
after,3.7544338335607095,780.0
after,3.7617098681218732,780.0
after,3.7689859026830375,780.0
after,3.7762619372442017,780.0
after,3.783537971805366,780.0
after,3.79081400636653,780.0
after,3.7980900409276943,780.0
after,3.8053660754888585,780.0
after,3.8126421100500227,780.0
after,3.819918144611187,780.0
after,3.8271941791723507,780.0
after,3.834470213733515,780.0
after,3.841746248294679,780.0
after,3.8490222828558434,780.0
after,3.8562983174170076,780.0
after,3.863574351978172,780.0
after,3.870850386539336,780.0
after,3.8781264211005,780.0
after,3.8854024556616644,780.0
after,3.8926784902228286,780.0
after,3.8999545247839924,780.0
after,3.9072305593451566,780.0
after,3.914506593906321,780.0
after,3.921782628467485,780.0
after,3.9290586630286493,780.0
after,3.9363346975898135,780.0
after,3.9436107321509777,780.0
after,3.950886766712142,780.0
after,3.958162801273306,780.0
after,3.96543883583447,780.0
after,3.972714870395634,780.0
after,3.9799909049567983,780.0
after,3.9872669395179625,780.0
after,3.9945429740791267,780.0
after,4.0018190086402905,780.0
after,4.009095043201455,780.0
after,4.016371077762619,780.0
after,4.023647112323784,780.0
after,4.030923146884947,780.0
after,4.038199181446112,780.0
after,4.045475216007276,780.0
after,4.05275125056844,780.0
after,4.060027285129604,780.0
after,4.067303319690768,780.0
after,4.074579354251933,780.0
after,4.081855388813096,780.0
after,4.089131423374261,780.0
after,4.096407457935425,780.0
after,4.1036834924965895,780.0
after,4.110959527057753,780.0
after,4.118235561618918,780.0
after,4.125511596180082,780.0
after,4.132787630741245,780.0
after,4.14006366530241,780.0
after,4.147339699863574,780.0
after,4.1546157344247385,780.0
after,4.161891768985902,780.0
after,4.169167803547067,780.0
after,4.176443838108231,780.0
after,4.183719872669395,780.0
after,4.190995907230559,780.0
after,4.198271941791724,780.0
after,4.205547976352888,780.0
after,4.212824010914051,780.0
after,4.220100045475216,780.0
after,4.22737608003638,780.0
after,4.234652114597544,780.0
after,4.241928149158708,780.0
after,4.249204183719873,780.0
after,4.256480218281037,780.0
after,4.263756252842201,780.0
after,4.271032287403365,780.0
after,4.278308321964529,780.0
after,4.2855843565256935,780.0
after,4.292860391086857,780.0
after,4.300136425648022,780.0
after,4.307412460209186,780.0
after,4.31468849477035,780.0
after,4.321964529331514,780.0
after,4.329240563892679,780.0
after,4.3365165984538425,780.0
after,4.343792633015006,780.0
after,4.351068667576171,780.0
after,4.358344702137335,780.0
after,4.365620736698499,780.0
after,4.372896771259663,780.0
after,4.380172805820828,780.0
after,4.387448840381992,780.0
after,4.394724874943156,780.0
after,4.40200090950432,780.0
after,4.409276944065484,780.0
after,4.416552978626648,780.0
after,4.423829013187812,780.0
after,4.431105047748977,780.0
after,4.438381082310141,780.0
after,4.445657116871305,780.0
after,4.452933151432469,780.0
after,4.460209185993634,780.0
after,4.4674852205547975,780.0
after,4.474761255115961,780.0
after,4.482037289677126,780.0
after,4.48931332423829,780.0
after,4.496589358799454,780.0
after,4.503865393360618,780.0
after,4.511141427921783,780.0
after,4.5184174624829465,780.0
after,4.525693497044111,780.0
after,4.532969531605275,780.0
after,4.540245566166439,780.0
after,4.547521600727603,780.0
after,4.554797635288767,780.0
after,4.562073669849932,780.0
after,4.569349704411096,780.0
after,4.57662573897226,780.0
after,4.583901773533424,780.0
after,4.591177808094589,780.0
after,4.598453842655752,780.0
after,4.605729877216917,780.0
after,4.613005911778081,780.0
after,4.620281946339245,780.0
after,4.627557980900409,780.0
after,4.634834015461573,780.0
after,4.642110050022738,780.0
after,4.6493860845839015,780.0
after,4.656662119145066,780.0
after,4.66393815370623,780.0
after,4.6712141882673945,780.0
after,4.678490222828558,780.0
after,4.685766257389722,780.0
after,4.693042291950887,780.0
after,4.7003183265120505,780.0
after,4.707594361073215,780.0
after,4.714870395634379,780.0
after,4.722146430195544,780.0
after,4.729422464756707,780.0
after,4.736698499317872,780.0
after,4.743974533879036,780.0
after,4.7512505684401996,780.0
after,4.758526603001364,780.0
after,4.765802637562528,780.0
after,4.773078672123693,780.0
after,4.780354706684856,780.0
after,4.787630741246021,780.0
after,4.794906775807185,780.0
after,4.8021828103683495,780.0
after,4.809458844929513,780.0
after,4.816734879490677,780.0
after,4.824010914051842,780.0
after,4.8312869486130054,780.0
after,4.83856298317417,780.0
after,4.845839017735334,780.0
after,4.8531150522964985,780.0
after,4.860391086857662,780.0
after,4.867667121418827,780.0
after,4.874943155979991,780.0
after,4.8822191905411545,780.0
after,4.889495225102319,780.0
after,4.896771259663483,780.0
after,4.904047294224648,780.0
after,4.911323328785811,780.0000000000001
after,4.918599363346976,780.0000000000001
after,4.92587539790814,780.0000000000002
after,4.933151432469304,780.0000000000005
after,4.940427467030468,780.0000000000008
after,4.947703501591632,780.0000000000013
after,4.954979536152797,780.0000000000022
after,4.96225557071396,780.0000000000038
after,4.969531605275125,780.0000000000064
after,4.976807639836289,780.0000000000108
after,4.9840836743974535,780.0000000000182
after,4.991359708958617,780.0000000000306
after,4.998635743519782,780.000000000051
after,5.005911778080946,780.000000000085
after,5.013187812642109,780.000000000141
after,5.020463847203274,780.0000000002327
after,5.027739881764438,780.0000000003823
after,5.0350159163256025,780.0000000006255
after,5.042291950886766,780.0000000010189
after,5.049567985447931,780.0000000016524
after,5.056844020009095,780.0000000026681
after,5.064120054570259,780.0000000042893
after,5.071396089131423,780.0000000068655
after,5.078672123692588,780.000000010941
after,5.085948158253752,780.0000000173598
after,5.093224192814915,780.0000000274237
after,5.10050022737608,780.000000043133
after,5.107776261937244,780.000000067545
after,5.115052296498408,780.0000001053116
after,5.122328331059572,780.0000001634781
after,5.129604365620737,780.0000002526635
after,5.136880400181901,780.0000003887992
after,5.144156434743065,780.0000005956732
after,5.151432469304229,780.0000009086374
after,5.158708503865393,780.0000013799806
after,5.1659845384265575,780.0000020866769
after,5.173260572987721,780.0000031415015
after,5.180536607548886,780.0000047088969
after,5.18781264211005,780.0000070275015
after,5.195088676671214,780.0000104419728
after,5.202364711232378,780.0000154477067
after,5.209640745793543,780.0000227533486
after,5.2169167803547065,780.0000333677156
after,5.22419281491587,780.000048720022
after,5.231468849477035,780.0000708252841
after,5.238744884038199,780.0001025106582
after,5.246020918599363,780.0001477234922
after,5.253296953160527,780.0002119483097
after,5.260572987721692,780.0003027681566
after,5.267849022282856,780.0004306161198
after,5.27512505684402,780.0006097758463
after,5.282401091405184,780.0008597060826
after,5.289677125966348,780.001206784237
after,5.296953160527512,780.001686588387
after,5.304229195088676,780.0023468667397
after,5.311505229649841,780.0032513790426
after,5.318781264211005,780.0044848365686
after,5.326057298772169,780.0061592167638
after,5.333333333333333,780.0084217860308
after,5.340609367894498,780.0114652298423
after,5.3478854024556615,780.015540363574
after,5.355161437016825,780.0209719798775
after,5.36243747157799,780.0281784783369
after,5.369713506139154,780.0376960191534
after,5.376989540700318,780.0502080424736
after,5.384265575261482,780.066581095517
after,5.391541609822647,780.0879080065072
after,5.3988176443838105,780.1155595319478
after,5.406093678944975,780.1512456748972
after,5.413369713506139,780.1970879180193
after,5.420645748067303,780.2557036261816
after,5.427921782628467,780.3303038376164
after,5.435197817189631,780.4248055672862
after,5.442473851750796,780.5439595771485
after,5.44974988631196,780.693494311092
after,5.457025920873124,780.8802763330154
after,5.464301955434288,781.1124871313871
after,5.471577989995453,781.3998155510448
after,5.478854024556616,781.7536643744053
after,5.486130059117781,782.1873686954259
after,5.493406093678945,782.7164227120934
after,5.500682128240109,783.3587104156068
after,5.507958162801273,784.1347343940267
after,5.515234197362437,785.0678356220963
after,5.522510231923602,786.1843957151407
after,5.5297862664847655,787.5140117328059
after,5.53706230104593,789.0896322888696
after,5.544338335607094,790.9476425283775
after,5.5516143701682585,793.1278845545991
after,5.558890404729422,795.6735992148979
after,5.566166439290586,798.6312748802736
after,5.573442473851751,802.0503890721108
after,5.5807185084129145,805.9830295913783
after,5.587994542974079,810.4833832699627
after,5.595270577535243,815.6070826547281
after,5.602546612096408,821.4104038936688
after,5.609822646657571,827.949312832642
after,5.617098681218736,835.2783608287505
after,5.6243747157799,843.4494369808737
after,5.6316507503410635,852.5103892647635
after,5.638926784902228,862.5035332901126
after,5.646202819463392,873.4640738768192
after,5.653478854024557,885.4184711426825
after,5.66075488858572,898.3827890351743
after,5.668030923146885,912.3610699295978
after,5.675306957708049,927.3437837431085
after,5.6825829922692135,943.3064036662632
after,5.689859026830377,960.2081627921133
after,5.697135061391541,977.9910463605931
after,5.704411095952706,996.5790728139533
after,5.7116871305138694,1015.877913224072
after,5.718963165075034,1035.7748928309388
after,5.726239199636198,1056.1394104420476
after,5.7335152341973625,1076.8238014043814
after,5.740791268758526,1097.6646579969897
after,5.748067303319691,1118.4846077294017
after,5.755343337880855,1139.0945355897684
after,5.7626193724420185,1159.2962212705404
after,5.769895407003183,1178.8853473746392
after,5.777171441564347,1197.6548201786682
after,5.784447476125512,1215.3983313208284
after,5.791723510686675,1231.9140773924516
after,5.79899954524784,1247.0085453987958
after,5.806275579809004,1260.5002658944236
after,5.813551614370168,1272.2234326651517
after,5.820827648931332,1282.0312883679937
after,5.828103683492496,1289.7991796552085
after,5.835379718053661,1295.4271929456186
after,5.842655752614824,1298.8422929570856
after,5.849931787175989,1299.99990001842
after,5.857207821737153,1298.8848585407006
after,5.8644838562983175,1295.5117672354481
after,5.871759890859481,1289.9246610213283
after,5.879035925420646,1282.1960543086425
after,5.88631195998181,1272.4253747195603
after,5.893587994542973,1260.736834537598
after,5.900864029104138,1247.2768035821716
after,5.908140063665302,1232.2107611594593
after,5.9154160982264665,1215.7199157506107
after,5.92269213278763,1197.997588800085
after,5.929968167348795,1179.2454631483952
after,5.937244201909959,1159.6697972597804
after,5.944520236471123,1139.4777035250172
after,5.951796271032287,1118.8735828169567
after,5.959072305593452,1098.0557985122305
after,5.966348340154616,1077.2136618436625
after,5.973624374715779,1056.5247872675898
after,5.980900409276944,1036.152862121064
after,5.988176443838108,1016.2458598246667
after,5.995452478399272,996.9347108648902
after,6.002728512960436,978.3324313332854
after,6.010004547521601,960.5336954121643
after,6.017280582082765,943.6148263018327
after,6.024556616643929,927.6341700093911
after,6.031832651205093,912.6328083899762
after,6.039108685766257,898.6355619685108
after,6.0463847203274215,885.6522293945727
after,6.053660754888585,873.6790088225827
after,6.06093678944975,862.7000469122402
after,6.068212824010914,852.6890632923337
after,6.075488858572078,843.6110019581048
after,6.082764893133242,835.4236658805136
after,6.090040927694407,828.0792967819817
after,6.0973169622555705,821.5260682661896
after,6.104592996816734,815.709466982244
after,6.111869031377899,810.5735429859411
after,6.119145065939063,806.0620166974486
after,6.126421100500227,802.1192356514322
after,6.133697135061391,798.6909794423452
after,6.140973169622556,795.7251157788812
after,6.14824920418372,793.1721143153105
after,6.155525238744884,790.9854279007577
after,6.162801273306048,789.1217530925268
after,6.170077307867212,787.541183257086
after,6.177353342428376,786.2072683957782
after,6.18462937698954,785.0869960612289
after,6.191905411550705,784.1507074644588
after,6.199181446111869,783.3719622059401
after,6.206457480673033,782.7273640899439
after,6.213733515234197,782.1963592898377
after,6.221009549795362,781.7610168042793
after,6.2282855843565255,781.4057997526945
after,6.235561618917689,781.1173346641642
after,6.242837653478854,780.884184566498
after,6.250113688040018,780.6966304199933
after,6.257389722601182,780.5464642904653
after,6.264665757162346,780.4267966360237
after,6.271941791723511,780.3318792006088
after,6.2792178262846745,780.2569442661053
after,6.286493860845839,780.1980604097893
after,6.293769895407003,780.1520044364389
after,6.301045929968167,780.1161487930907
after,6.308321964529331,780.0883635157045
after,6.315597999090495,780.0669315865482
after,6.32287403365166,780.0504764844788
after,6.3301500682128236,780.0379006735519
after,6.337426102773988,780.0283337856222
after,6.344702137335152,780.0210892981512
after,6.351978171896317,780.0156285791786
after,6.35925420645748,780.0115312587003
after,6.366530241018645,780.0084709824353
after,6.373806275579809,780.0061957044754
after,6.381082310140973,780.0045117752265
after,6.388358344702137,780.0032711771478
after,6.395634379263301,780.0023613508503
after,6.402910413824466,780.0016971366917
after,6.4101864483856295,780.0012144313614
after,6.417462482946794,780.0008652248264
after,6.424738517507958,780.0006137405504
after,6.4320145520691225,780.0004334515019
after,6.439290586630286,780.0003047867291
after,6.44656662119145,780.0002133788852
after,6.453842655752615,780.000148732774
after,6.4611186903137785,780.0001032195025
after,6.468394724874943,780.00007132088
after,6.475670759436107,780.0000490649626
after,6.482946793997272,780.0000336067177
after,6.490222828558435,780.0000229182035
after,6.4974988631196,780.0000155609065
after,6.504774897680764,780.0000105193539
after,6.5120509322419275,780.0000070801601
after,6.519326966803092,780.0000047445709
after,6.526603001364256,780.0000031655608
after,6.533879035925421,780.0000021028302
after,6.541155070486584,780.0000013907774
after,6.548431105047749,780.0000009158216
after,6.555707139608913,780.0000006004323
after,6.5629831741700775,780.0000003919376
after,6.570259208731241,780.0000002547239
after,6.577535243292405,780.0000001648248
after,6.58481127785357,780.0000001061878
after,6.5920873124147334,780.0000000681125
after,6.599363346975898,780.000000043499
after,6.606639381537062,780.0000000276586
after,6.6139154160982265,780.0000000175099
after,6.62119145065939,780.0000000110366
after,6.628467485220555,780.000000006926
after,6.635743519781719,780.0000000043275
after,6.6430195543428825,780.0000000026921
after,6.650295588904047,780.0000000016674
after,6.657571623465211,780.0000000010282
after,6.664847658026376,780.0000000006313
after,6.672123692587539,780.000000000386
after,6.679399727148704,780.0000000002349
after,6.686675761709868,780.0000000001423
after,6.693951796271032,780.0000000000858
after,6.701227830832196,780.0000000000516
after,6.70850386539336,780.0000000000308
after,6.715779899954525,780.0000000000184
after,6.723055934515688,780.0000000000109
after,6.730331969076853,780.0000000000065
after,6.737608003638017,780.0000000000038
after,6.7448840381991815,780.0000000000022
after,6.752160072760345,780.0000000000013
after,6.75943610732151,780.0000000000008
after,6.766712141882674,780.0000000000005
after,6.773988176443837,780.0000000000002
after,6.781264211005002,780.0000000000001
after,6.788540245566166,780.0000000000001
after,6.7958162801273305,780.0
after,6.803092314688494,780.0
after,6.810368349249659,780.0
after,6.817644383810823,780.0
after,6.824920418371987,780.0
after,6.832196452933151,780.0
after,6.839472487494316,780.0
after,6.84674852205548,780.0
after,6.854024556616643,780.0
after,6.861300591177808,780.0
after,6.868576625738972,780.0
after,6.875852660300136,780.0
after,6.8831286948613,780.0
after,6.890404729422465,780.0
after,6.897680763983629,780.0
after,6.904956798544793,780.0
after,6.912232833105957,780.0
after,6.919508867667121,780.0
after,6.9267849022282855,780.0
after,6.934060936789449,780.0
after,6.941336971350614,780.0
after,6.948613005911778,780.0
after,6.955889040472942,780.0
after,6.963165075034106,780.0
after,6.970441109595271,780.0
after,6.9777171441564345,780.0
after,6.984993178717598,780.0
after,6.992269213278763,780.0
after,6.999545247839927,780.0
after,7.006821282401091,780.0
after,7.014097316962255,780.0
after,7.02137335152342,780.0
after,7.028649386084584,780.0
after,7.035925420645748,780.0
after,7.043201455206912,780.0
after,7.050477489768076,780.0
after,7.05775352432924,780.0
after,7.065029558890404,780.0
after,7.072305593451569,780.0
after,7.079581628012733,780.0
after,7.086857662573897,780.0
after,7.094133697135061,780.0
after,7.101409731696226,780.0
after,7.1086857662573895,780.0
after,7.115961800818553,780.0
after,7.123237835379718,780.0
after,7.130513869940882,780.0
after,7.137789904502046,780.0
after,7.14506593906321,780.0
after,7.152341973624375,780.0
after,7.1596180081855385,780.0
after,7.166894042746703,780.0
after,7.174170077307867,780.0
after,7.181446111869031,780.0
after,7.188722146430195,780.0
after,7.195998180991359,780.0
after,7.203274215552524,780.0
after,7.2105502501136876,780.0
after,7.217826284674852,780.0
after,7.225102319236016,780.0
after,7.232378353797181,780.0
after,7.239654388358344,780.0
after,7.246930422919509,780.0
after,7.254206457480673,780.0
after,7.261482492041837,780.0
after,7.268758526603001,780.0
after,7.276034561164165,780.0
after,7.28331059572533,780.0
after,7.2905866302864935,780.0
after,7.297862664847658,780.0
after,7.305138699408822,780.0
after,7.3124147339699865,780.0
after,7.31969076853115,780.0
after,7.326966803092314,780.0
after,7.334242837653479,780.0
after,7.3415188722146425,780.0
after,7.348794906775807,780.0
after,7.356070941336971,780.0
after,7.363346975898136,780.0
after,7.370623010459299,780.0
after,7.377899045020464,780.0
after,7.385175079581628,780.0
after,7.3924511141427915,780.0
after,7.399727148703956,780.0
after,7.40700318326512,780.0
after,7.414279217826285,780.0
after,7.421555252387448,780.0
after,7.428831286948613,780.0
after,7.436107321509777,780.0
after,7.4433833560709415,780.0
after,7.450659390632105,780.0
after,7.457935425193269,780.0
after,7.465211459754434,780.0
after,7.4724874943155974,780.0
after,7.479763528876762,780.0
after,7.487039563437926,780.0
after,7.4943155979990905,780.0
after,7.501591632560254,780.0
after,7.508867667121419,780.0
after,7.516143701682583,780.0
after,7.5234197362437465,780.0
after,7.530695770804911,780.0
after,7.537971805366075,780.0
after,7.54524783992724,780.0
after,7.552523874488403,780.0
after,7.559799909049568,780.0
after,7.567075943610732,780.0
after,7.574351978171896,780.0
after,7.58162801273306,780.0
after,7.588904047294224,780.0
after,7.596180081855389,780.0
after,7.603456116416552,780.0
after,7.610732150977717,780.0
after,7.618008185538881,780.0
after,7.6252842201000455,780.0
after,7.632560254661209,780.0
after,7.639836289222374,780.0
after,7.647112323783538,780.0
after,7.654388358344701,780.0
after,7.661664392905866,780.0
after,7.66894042746703,780.0
after,7.6762164620281945,780.0
after,7.683492496589358,780.0
after,7.690768531150523,780.0
after,7.698044565711687,780.0
after,7.705320600272851,780.0
after,7.712596634834015,780.0
after,7.71987266939518,780.0
after,7.727148703956344,780.0
after,7.734424738517507,780.0
after,7.741700773078672,780.0
after,7.748976807639836,780.0
after,7.756252842201,780.0
after,7.763528876762164,780.0
after,7.770804911323329,780.0
after,7.778080945884493,780.0
after,7.785356980445657,780.0
after,7.792633015006821,780.0
after,7.799909049567985,780.0
after,7.8071850841291495,780.0
after,7.814461118690313,780.0
after,7.821737153251478,780.0
after,7.829013187812642,780.0
after,7.836289222373806,780.0
after,7.84356525693497,780.0
after,7.850841291496135,780.0
after,7.8581173260572985,780.0000000000001
after,7.865393360618462,780.0000000000001
after,7.872669395179627,780.0000000000002
after,7.879945429740791,780.0000000000003
after,7.887221464301955,780.0000000000005
after,7.894497498863119,780.0000000000007
after,7.901773533424284,780.000000000001
after,7.909049567985448,780.0000000000016
after,7.916325602546612,780.0000000000024
after,7.923601637107776,780.0000000000036
after,7.93087767166894,780.0000000000056
after,7.938153706230104,780.0000000000084
after,7.945429740791268,780.0000000000127
after,7.952705775352433,780.0000000000192
after,7.959981809913597,780.0000000000289
after,7.967257844474761,780.0000000000432
after,7.974533879035925,780.0000000000645
after,7.98180991359709,780.000000000096
after,7.9890859481582535,780.0000000001423
after,7.996361982719417,780.0000000002108
after,8.003638017280581,780.0000000003113
after,8.010914051841747,780.0000000004585
after,8.01819008640291,780.0000000006734
after,8.025466120964074,780.0000000009863
after,8.032742155525238,780.0000000014409
after,8.040018190086403,780.0000000020991
after,8.047294224647567,780.0000000030498
after,8.054570259208731,780.0000000044192
after,8.061846293769895,780.0000000063862
after,8.069122328331058,780.0000000092039
after,8.076398362892224,780.0000000132288
after,8.083674397453388,780.0000000189626
after,8.090950432014552,780.0000000271084
after,8.098226466575715,780.000000038649
after,8.10550250113688,780.0000000549537
after,8.112778535698045,780.0000000779263
after,8.120054570259208,780.0000001102042
after,8.127330604820372,780.0000001554313
after,8.134606639381536,780.0000002186282
after,8.141882673942701,780.0000003066908
after,8.149158708503865,780.0000004290641
after,8.156434743065029,780.0000005986468
after,8.163710777626193,780.0000008330021
after,8.170986812187358,780.0000011559752
after,8.178262846748522,780.0000015998446
after,8.185538881309686,780.0000022081779
after,8.19281491587085,780.0000030396058
after,8.200090950432013,780.0000041727984
after,8.207366984993179,780.0000057130036
after,8.214643019554343,780.0000078006096
after,8.221919054115506,780.0000106223237
after,8.22919508867667,780.000014425719
after,8.236471123237836,780.000019538101
after,8.243747157799,780.0000263908988
after,8.251023192360163,780.0000355510931
after,8.258299226921327,780.0000477615796
after,8.26557526148249,780.0000639928352
after,8.272851296043656,780.0000855088308
after,8.28012733060482,780.0001139508403
after,8.287403365165984,780.0001514436409
after,8.294679399727148,780.0002007296368
after,8.301955434288313,780.0002653376646
after,8.309231468849477,780.0003497947223
after,8.31650750341064,780.0004598906177
after,8.323783537971805,780.0006030076102
after,8.33105957253297,780.0007885295688
after,8.338335607094134,780.0010283480301
after,8.345611641655298,780.001337485875
after,8.352887676216461,780.001734863199
after,8.360163710777625,780.0022442343828
after,8.36743974533879,780.0028953304346
after,8.374715779899955,780.0037252464198
after,8.381991814461118,780.0047801202634
after,8.389267849022282,780.0061171564374
after,8.396543883583448,780.0078070560561
after,8.403819918144611,780.0099369236965
after,8.411095952705775,780.0126137308247
after,8.418371987266939,780.0159684259854
after,8.425648021828103,780.0201607928371
after,8.432924056389268,780.0253851685375
after,8.440200090950432,780.0318771467599
after,8.447476125511596,780.0399214014947
after,8.45475216007276,780.0498607794741
after,8.462028194633925,780.0621068202001
after,8.469304229195089,780.0771518726779
after,8.476580263756253,780.0955829865628
after,8.483856298317416,780.1180977618868
after,8.49113233287858,780.1455223451309
after,8.498408367439746,780.1788317593802
after,8.50568440200091,780.219172751746
after,8.512960436562073,780.2678893312302
after,8.520236471123237,780.3265511537344
after,8.527512505684403,780.3969848869336
after,8.534788540245566,780.4813086551848
after,8.54206457480673,780.5819696224837
after,8.549340609367894,780.701784718733
after,8.556616643929058,780.8439844503515
after,8.563892678490223,781.0122596598085
after,8.571168713051387,781.2108110094691
after,8.57844474761255,781.4444008629325
after,8.585720782173714,781.718407121891
after,8.59299681673488,782.0388784489088
after,8.600272851296044,782.4125901673233
after,8.607548885857208,782.8470999801651
after,8.614824920418371,783.3508024925802
after,8.622100954979535,783.9329813593721
after,8.6293769895407,784.6038577142318
after,8.636653024101864,785.3746333739643
after,8.643929058663028,786.2575271541428
after,8.651205093224192,787.2658024873787
after,8.658481127785358,788.4137844075883
after,8.665757162346521,789.7168638595545
after,8.673033196907685,791.1914872193744
after,8.680309231468849,792.8551288749006
after,8.687585266030013,794.7262447229215
after,8.694861300591178,796.8242044982456
after,8.702137335152342,799.1692009653306
after,8.709413369713506,801.7821341811717
after,8.71668940427467,804.684469283391
after,8.723965438835835,807.8980665731756
after,8.731241473396999,811.4449830506167
after,8.738517507958163,815.3472450200273
after,8.745793542519326,819.62659191277
after,8.75306957708049,824.3041920705912
after,8.760345611641656,829.4003318864803
after,8.76762164620282,834.9340804031922
after,8.774897680763983,840.9229322098133
after,8.782173715325147,847.3824322394496
after,8.789449749886312,854.3257868395394
after,8.796725784447476,861.7634662412795
after,8.80400181900864,869.7028042756178
after,8.811277853569804,878.1476018480058
after,8.818553888130968,887.0977412700553
after,8.825829922692133,896.5488190303257
after,8.833105957253297,906.4918049464931
after,8.84038199181446,916.9127358561773
after,8.847658026375624,927.7924520547091
after,8.85493406093679,939.1063845594126
after,8.862210095497954,950.824400958941
after,8.869486130059117,962.9107170851171
after,8.876762164620281,975.3238810202517
after,8.884038199181445,988.0168350277814
after,8.89131423374261,1000.9370598761235
after,8.898590268303774,1014.0268047292246
after,8.905866302864938,1027.223404322513
after,8.913142337426102,1040.4596835554635
after,8.920418371987267,1053.6644479433992
after,8.927694406548431,1066.7630566169892
after,8.934970441109595,1079.67807277848
after,8.942246475670759,1092.329984761444
after,8.949522510231922,1104.637989140868
after,8.956798544793088,1116.5208257475228
after,8.964074579354252,1127.8976529994004
after,8.971350613915416,1138.688950715846
after,8.97862664847658,1148.8174365652726
after,8.985902683037745,1158.208981549304
after,8.993178717598909,1166.7935094721856
after,9.000454752160072,1174.5058652053885
after,9.007730786721236,1181.2866367459021
after,9.0150068212824,1187.0829165872647
after,9.022282855843565,1191.8489887698147
after,9.02955889040473,1195.546929137411
after,9.036834924965893,1198.1471077793271
after,9.044110959527057,1199.628584347311
after,9.051386994088222,1199.979388870745
after,9.058663028649386,1199.1966828025372
after,9.06593906321055,1197.2867972650463
after,9.073215097771714,1194.2651477752356
after,9.080491132332877,1190.1560270556317
after,9.087767166894043,1184.9922798261289
after,9.095043201455207,1178.8148656661212
after,9.10231923601637,1171.6723180843578
after,9.109595270577534,1163.620109787346
after,9.1168713051387,1154.7199357534491
after,9.124147339699864,1145.0389270636906
after,9.131423374261027,1134.6488094837287
after,9.138699408822191,1123.6250215154882
after,9.145975443383355,1112.0458070309082
after,9.15325147794452,1099.991297663075
after,9.160527512505684,1087.542599869017
after,9.167803547066848,1074.7809010094275
after,9.175079581628012,1061.78660793731
after,9.182355616189177,1048.6385304798434
after,9.189631650750341,1035.4131208718995
after,9.196907685311505,1022.1837786954602
after,9.204183719872669,1009.0202292402645
after,9.211459754433834,995.9879814718417
after,9.218735788994998,983.1478700192162
after,9.226011823556162,970.5556838197474
after,9.233287858117325,958.2618823250227
after,9.24056389267849,946.3113985175305
after,9.247839927239655,934.7435264476526
after,9.255115961800819,923.5918896033302
after,9.262391996361982,912.8844851942972
after,9.269668030923146,902.6437983870965
after,9.276944065484312,892.8869796776929
after,9.284220100045475,883.626077941693
after,9.29149613460664,874.8683212579167
after,9.298772169167803,866.6164373546404
after,9.306048203728967,858.8690054692047
after,9.313324238290132,851.6208315273537
after,9.320600272851296,844.8633388213053
after,9.32787630741246,838.5849667754136
after,9.335152341973624,832.7715709139435
after,9.342428376534789,827.4068177640985
after,9.349704411095953,822.472569116341
after,9.356980445657117,817.9492508004712
after,9.36425648021828,813.8162018984482
after,9.371532514779444,810.05200108326
after,9.37880854934061,806.634767529196
after,9.386084583901773,803.542434566526
after,9.393360618462937,800.7529949392731
after,9.400636653024101,798.2447171574535
after,9.407912687585267,795.9963330063055
after,9.41518872214643,793.9871967787367
after,9.422464756707594,792.1974172298754
after,9.429740791268758,790.6079636129087
after,9.437016825829922,789.2007474439118
after,9.444292860391087,787.958681862551
after,9.451568894952251,786.8657206091426
after,9.458844929513415,785.9068787315749
after,9.466120964074578,785.0682371739
after,9.473396998635744,784.3369333884038
after,9.480673033196908,783.7011400614826
after,9.487949067758072,783.1500339575591
after,9.495225102319235,782.6737567713797
after,9.502501136880399,782.2633697438605
after,9.509777171441565,781.9108036463143
after,9.517053206002728,781.6088055779974
after,9.524329240563892,781.3508838574621
after,9.531605275125056,781.1312521235585
after,9.538881309686221,780.9447736007827
after,9.546157344247385,780.7869063290773
after,9.553433378808549,780.6536500125274
after,9.560709413369713,780.541495006471
after,9.567985447930877,780.4473738395866
after,9.575261482492042,780.3686155572718
after,9.582537517053206,780.3029030753939
after,9.58981355161437,780.2482336492038
after,9.597089586175533,780.202882490489
after,9.604365620736699,780.1653695062829
after,9.611641655297863,780.1344290838482
after,9.618917689859027,780.108982808275
after,9.62619372442019,780.0881149698789
after,9.633469758981354,780.0710506975881
after,9.64074579354252,780.0571365406207
after,9.648021828103683,780.0458233129411
after,9.655297862664847,780.0366510122653
after,9.662573897226011,780.0292356268347
after,9.669849931787176,780.0232576479607
after,9.67712596634834,780.0184521136941
after,9.684402000909504,780.0146000182257
after,9.691678035470668,780.0115209321956
after,9.698954070031832,780.0090666904828
after,9.706230104592997,780.0071160158418
after,9.71350613915416,780.0055699586242
after,9.720782173715325,780.0043480444839
after,9.728058208276488,780.0033850332179
after,9.735334242837654,780.0026282025829
after,9.742610277398818,780.0020350809426
after,9.749886311959981,780.0015715618719
after,9.757162346521145,780.0012103423421
after,9.764438381082309,780.0009296338233
after,9.771714415643475,780.0007121025695
after,9.778990450204638,780.0005440015485
after,9.786266484765802,780.0004144619498
after,9.793542519326966,780.0003149170267
after,9.800818553888131,780.0002386352334
after,9.808094588449295,780.0001803432681
after,9.815370623010459,780.000135922781
after,9.822646657571623,780.0001021672057
after,9.829922692132786,780.0000765874704
after,9.837198726693952,780.0000572573023
after,9.844474761255116,780.0000426904749
after,9.85175079581628,780.0000317437358
after,9.859026830377443,780.0000235403021
after,9.866302864938609,780.0000174097677
after,9.873578899499773,780.0000128410597
after,9.880854934060936,780.0000094457338
after,9.8881309686221,780.0000069294296
after,9.895407003183264,780.0000050697462
after,9.90268303774443,780.0000036991496
after,9.909959072305593,780.0000026918107
after,9.917235106866757,780.000001953503
after,9.92451114142792,780.0000014138736
after,9.931787175989086,780.0000010205495
after,9.93906321055025,780.0000007346567
after,9.946339245111414,780.0000005274263
after,9.953615279672578,780.0000003776297
after,9.960891314233741,780.0000002696481
after,9.968167348794907,780.000000192024
after,9.97544338335607,780.0000001363769
after,9.982719417917234,780.0000000965946
after,9.989995452478398,780.0000000682326
after,9.997271487039564,780.0000000480682
after,10.004547521600728,780.0000000337716
after,10.011823556161891,780.000000023663
after,10.019099590723055,780.0000000165355
after,10.026375625284219,780.0000000115236
after,10.033651659845384,780.0000000080092
after,10.040927694406548,780.0000000055517
after,10.048203728967712,780.0000000038377
after,10.055479763528876,780.0000000026458
after,10.062755798090041,780.0000000018191
after,10.070031832651205,780.0000000012474
after,10.077307867212369,780.000000000853
after,10.084583901773533,780.0000000005817
after,10.091859936334698,780.0000000003957
after,10.099135970895862,780.0000000002684
after,10.106412005457026,780.0000000001816
after,10.11368804001819,780.0000000001226
after,10.120964074579353,780.0000000000824
after,10.128240109140519,780.0000000000554
after,10.135516143701683,780.0000000000371
after,10.142792178262846,780.0000000000247
after,10.15006821282401,780.0000000000165
after,10.157344247385176,780.0000000000109
after,10.16462028194634,780.0000000000073
after,10.171896316507503,780.0000000000048
after,10.179172351068667,780.0000000000032
after,10.18644838562983,780.000000000002
after,10.193724420190996,780.0000000000014
after,10.20100045475216,780.0000000000009
after,10.208276489313324,780.0000000000006
after,10.215552523874488,780.0000000000003
after,10.222828558435653,780.0000000000002
after,10.230104592996817,780.0000000000001
after,10.23738062755798,780.0000000000001
after,10.244656662119144,780.0000000000001
after,10.251932696680308,780.0
after,10.259208731241474,780.0
after,10.266484765802637,780.0
after,10.273760800363801,780.0
after,10.281036834924965,780.0
after,10.28831286948613,780.0
after,10.295588904047294,780.0
after,10.302864938608458,780.0
after,10.310140973169622,780.0
after,10.317417007730786,780.0
after,10.324693042291951,780.0
after,10.331969076853115,780.0
after,10.339245111414279,780.0
after,10.346521145975442,780.0
after,10.353797180536608,780.0
after,10.361073215097772,780.0
after,10.368349249658936,780.0
after,10.3756252842201,780.0
after,10.382901318781263,780.0
after,10.390177353342429,780.0
after,10.397453387903592,780.0
after,10.404729422464756,780.0
after,10.41200545702592,780.0
after,10.419281491587085,780.0
after,10.42655752614825,780.0
after,10.433833560709413,780.0
after,10.441109595270577,780.0
after,10.44838562983174,780.0
after,10.455661664392906,780.0
after,10.46293769895407,780.0
after,10.470213733515234,780.0
after,10.477489768076397,780.0
after,10.484765802637563,780.0
after,10.492041837198727,780.0
after,10.49931787175989,780.0
after,10.506593906321054,780.0
after,10.513869940882218,780.0
after,10.521145975443384,780.0
after,10.528422010004547,780.0
after,10.535698044565711,780.0
after,10.542974079126875,780.0
after,10.55025011368804,780.0
after,10.557526148249204,780.0
after,10.564802182810368,780.0
after,10.572078217371532,780.0
after,10.579354251932696,780.0
after,10.586630286493861,780.0
after,10.593906321055025,780.0
after,10.601182355616189,780.0
after,10.608458390177352,780.0
after,10.615734424738518,780.0
after,10.623010459299682,780.0
after,10.630286493860845,780.0
after,10.63756252842201,780.0
after,10.644838562983173,780.0
after,10.652114597544339,780.0
after,10.659390632105502,780.0
after,10.666666666666666,780.0
after,10.67394270122783,780.0
after,10.681218735788995,780.0
after,10.68849477035016,780.0
after,10.695770804911323,780.0
after,10.703046839472487,780.0
after,10.71032287403365,780.0
after,10.717598908594816,780.0
after,10.72487494315598,780.0
after,10.732150977717144,780.0
after,10.739427012278307,780.0
after,10.746703046839473,780.0
after,10.753979081400637,780.0
after,10.7612551159618,780.0
after,10.768531150522964,780.0
after,10.775807185084128,780.0
after,10.783083219645293,780.0
after,10.790359254206457,780.0
after,10.797635288767621,780.0
after,10.804911323328785,780.0
after,10.81218735788995,780.0
after,10.819463392451114,780.0
after,10.826739427012278,780.0
after,10.834015461573442,780.0
after,10.841291496134605,780.0
after,10.848567530695771,780.0
after,10.855843565256935,780.0
after,10.863119599818098,780.0
after,10.870395634379262,780.0
after,10.877671668940428,780.0
after,10.884947703501592,780.0
after,10.892223738062755,780.0
after,10.89949977262392,780.0
after,10.906775807185083,780.0
after,10.914051841746248,780.0
after,10.921327876307412,780.0
after,10.928603910868576,780.0
after,10.93587994542974,780.0
after,10.943155979990905,780.0
after,10.950432014552069,780.0
after,10.957708049113233,780.0
after,10.964984083674397,780.0
after,10.972260118235562,780.0
after,10.979536152796726,780.0
after,10.98681218735789,780.0
after,10.994088221919053,780.0
after,11.001364256480217,780.0
after,11.008640291041383,780.0
after,11.015916325602547,780.0
after,11.02319236016371,780.0
after,11.030468394724874,780.0
after,11.03774442928604,780.0
after,11.045020463847203,780.0
after,11.052296498408367,780.0
after,11.059572532969531,780.0
after,11.066848567530695,780.0
after,11.07412460209186,780.0
after,11.081400636653024,780.0
after,11.088676671214188,780.0
after,11.095952705775352,780.0
after,11.103228740336517,780.0
after,11.11050477489768,780.0
after,11.117780809458845,780.0
after,11.125056844020008,780.0
after,11.132332878581172,780.0
after,11.139608913142338,780.0
after,11.146884947703501,780.0
after,11.154160982264665,780.0
after,11.161437016825829,780.0
after,11.168713051386995,780.0
after,11.175989085948158,780.0
after,11.183265120509322,780.0
after,11.190541155070486,780.0
after,11.19781718963165,780.0
after,11.205093224192815,780.0
after,11.212369258753979,780.0
after,11.219645293315143,780.0
after,11.226921327876306,780.0
after,11.234197362437472,780.0
after,11.241473396998636,780.0
after,11.2487494315598,780.0
after,11.256025466120963,780.0
after,11.263301500682127,780.0
after,11.270577535243293,780.0
after,11.277853569804456,780.0
after,11.28512960436562,780.0
after,11.292405638926784,780.0
after,11.29968167348795,780.0
after,11.306957708049113,780.0
after,11.314233742610277,780.0
after,11.32150977717144,780.0
after,11.328785811732605,780.0
after,11.33606184629377,780.0
after,11.343337880854934,780.0
after,11.350613915416098,780.0
after,11.357889949977261,780.0
after,11.365165984538427,780.0
after,11.37244201909959,780.0
after,11.379718053660755,780.0
after,11.386994088221918,780.0
after,11.394270122783082,780.0
after,11.401546157344248,780.0
after,11.408822191905411,780.0
after,11.416098226466575,780.0
after,11.423374261027739,780.0
after,11.430650295588904,780.0
after,11.437926330150068,780.0
after,11.445202364711232,780.0
after,11.452478399272396,780.0
after,11.45975443383356,780.0
after,11.467030468394725,780.0
after,11.474306502955889,780.0
after,11.481582537517053,780.0
after,11.488858572078216,780.0
after,11.496134606639382,780.0
after,11.503410641200546,780.0
after,11.51068667576171,780.0
after,11.517962710322873,780.0
after,11.525238744884037,780.0
after,11.532514779445203,780.0
after,11.539790814006366,780.0
after,11.54706684856753,780.0
after,11.554342883128694,780.0
after,11.56161891768986,780.0
after,11.568894952251023,780.0
after,11.576170986812187,780.0
after,11.58344702137335,780.0
after,11.590723055934514,780.0
after,11.59799909049568,780.0
after,11.605275125056844,780.0
after,11.612551159618008,780.0
after,11.619827194179171,780.0
after,11.627103228740337,780.0
after,11.6343792633015,780.0
after,11.641655297862664,780.0
after,11.648931332423828,780.0
after,11.656207366984992,780.0
after,11.663483401546157,780.0
after,11.670759436107321,780.0
after,11.678035470668485,780.0
after,11.685311505229649,780.0
after,11.692587539790814,780.0
after,11.699863574351978,780.0
after,11.707139608913142,780.0
after,11.714415643474306,780.0
after,11.72169167803547,780.0
after,11.728967712596635,780.0
after,11.736243747157799,780.0
after,11.743519781718962,780.0
after,11.750795816280126,780.0
after,11.758071850841292,780.0
after,11.765347885402456,780.0
after,11.77262391996362,780.0
after,11.779899954524783,780.0
after,11.787175989085947,780.0
after,11.794452023647112,780.0
after,11.801728058208276,780.0
after,11.80900409276944,780.0
after,11.816280127330604,780.0
after,11.82355616189177,780.0
after,11.830832196452933,780.0
after,11.838108231014097,780.0
after,11.84538426557526,780.0
after,11.852660300136426,780.0
after,11.85993633469759,780.0
after,11.867212369258754,780.0
after,11.874488403819917,780.0
after,11.881764438381081,780.0
after,11.889040472942247,780.0
after,11.89631650750341,780.0
after,11.903592542064574,780.0
after,11.910868576625738,780.0
after,11.918144611186904,780.0
after,11.925420645748067,780.0
after,11.932696680309231,780.0
after,11.939972714870395,780.0
after,11.947248749431559,780.0
after,11.954524783992724,780.0
after,11.961800818553888,780.0
after,11.969076853115052,780.0
after,11.976352887676216,780.0
after,11.983628922237381,780.0
after,11.990904956798545,780.0
after,11.998180991359709,780.0
after,12.005457025920872,780.0
after,12.012733060482036,780.0
after,12.020009095043202,780.0
after,12.027285129604365,780.0
after,12.03456116416553,780.0
after,12.041837198726693,780.0
after,12.049113233287859,780.0
after,12.056389267849022,780.0
after,12.063665302410186,780.0
after,12.07094133697135,780.0
after,12.078217371532514,780.0
after,12.08549340609368,780.0
after,12.092769440654843,780.0
after,12.100045475216007,780.0
after,12.10732150977717,780.0
after,12.114597544338336,780.0
after,12.1218735788995,780.0
after,12.129149613460664,780.0
after,12.136425648021827,780.0
after,12.143701682582991,780.0
after,12.150977717144157,780.0
after,12.15825375170532,780.0
after,12.165529786266484,780.0
after,12.172805820827648,780.0
after,12.180081855388813,780.0
after,12.187357889949977,780.0
after,12.194633924511141,780.0
after,12.201909959072305,780.0
after,12.209185993633469,780.0
after,12.216462028194634,780.0
after,12.223738062755798,780.0
after,12.231014097316962,780.0
after,12.238290131878125,780.0
after,12.245566166439291,780.0
after,12.252842201000455,780.0
after,12.260118235561619,780.0
after,12.267394270122782,780.0
after,12.274670304683946,780.0
after,12.281946339245112,780.0
after,12.289222373806275,780.0
after,12.29649840836744,780.0
after,12.303774442928603,780.0
after,12.311050477489768,780.0
after,12.318326512050932,780.0
after,12.325602546612096,780.0
after,12.33287858117326,780.0
after,12.340154615734424,780.0
after,12.347430650295589,780.0
after,12.354706684856753,780.0
after,12.361982719417917,780.0
after,12.36925875397908,780.0
after,12.376534788540246,780.0
after,12.38381082310141,780.0
after,12.391086857662573,780.0
after,12.398362892223737,780.0
after,12.405638926784901,780.0
after,12.412914961346067,780.0
after,12.42019099590723,780.0
after,12.427467030468394,780.0
after,12.434743065029558,780.0
after,12.442019099590723,780.0
after,12.449295134151887,780.0
after,12.456571168713051,780.0
after,12.463847203274215,780.0
after,12.471123237835378,780.0
after,12.478399272396544,780.0
after,12.485675306957708,780.0
after,12.492951341518872,780.0
after,12.500227376080035,780.0
after,12.5075034106412,780.0
after,12.514779445202365,780.0
after,12.522055479763528,780.0
after,12.529331514324692,780.0
after,12.536607548885856,780.0
after,12.543883583447021,780.0
after,12.551159618008185,780.0
after,12.558435652569349,780.0
after,12.565711687130513,780.0
after,12.572987721691678,780.0
after,12.580263756252842,780.0
after,12.587539790814006,780.0
after,12.59481582537517,780.0
after,12.602091859936333,780.0
after,12.609367894497499,780.0
after,12.616643929058663,780.0
after,12.623919963619826,780.0
after,12.63119599818099,780.0
after,12.638472032742156,780.0
after,12.64574806730332,780.0
after,12.653024101864483,780.0
after,12.660300136425647,780.0
after,12.66757617098681,780.0
after,12.674852205547976,780.0
after,12.68212824010914,780.0
after,12.689404274670304,780.0
after,12.696680309231468,780.0
after,12.703956343792633,780.0
after,12.711232378353797,780.0
after,12.71850841291496,780.0
after,12.725784447476125,780.0
after,12.73306048203729,780.0
after,12.740336516598454,780.0
after,12.747612551159618,780.0
after,12.754888585720781,780.0
after,12.762164620281945,780.0
after,12.76944065484311,780.0
after,12.776716689404275,780.0
after,12.783992723965438,780.0
after,12.791268758526602,780.0
after,12.798544793087768,780.0
after,12.805820827648931,780.0
after,12.813096862210095,780.0
after,12.820372896771259,780.0
after,12.827648931332423,780.0
after,12.834924965893588,780.0
after,12.842201000454752,780.0
after,12.849477035015916,780.0
after,12.85675306957708,780.0
after,12.864029104138245,780.0
after,12.871305138699409,780.0
after,12.878581173260573,780.0
after,12.885857207821736,780.0
after,12.8931332423829,780.0
after,12.900409276944066,780.0
after,12.90768531150523,780.0
after,12.914961346066393,780.0
after,12.922237380627557,780.0
after,12.929513415188723,780.0
after,12.936789449749886,780.0
after,12.94406548431105,780.0
after,12.951341518872214,780.0
after,12.958617553433378,780.0
after,12.965893587994543,780.0
after,12.973169622555707,780.0
after,12.98044565711687,780.0
after,12.987721691678034,780.0
after,12.9949977262392,780.0
after,13.002273760800364,780.0
after,13.009549795361528,780.0
after,13.016825829922691,780.0
after,13.024101864483855,780.0
after,13.03137789904502,780.0
after,13.038653933606184,780.0
after,13.045929968167348,780.0
after,13.053206002728512,780.0
after,13.060482037289677,780.0
after,13.067758071850841,780.0
after,13.075034106412005,780.0
after,13.082310140973169,780.0
after,13.089586175534333,780.0
after,13.096862210095498,780.0
after,13.104138244656662,780.0
after,13.111414279217826,780.0
after,13.11869031377899,780.0
after,13.125966348340155,780.0
after,13.133242382901319,780.0
after,13.140518417462483,780.0
after,13.147794452023646,780.0
after,13.15507048658481,780.0
after,13.162346521145976,780.0
after,13.16962255570714,780.0
after,13.176898590268303,780.0
after,13.184174624829467,780.0
after,13.191450659390632,780.0
after,13.198726693951796,780.0
after,13.20600272851296,780.0
after,13.213278763074124,780.0
after,13.220554797635288,780.0
after,13.227830832196453,780.0
after,13.235106866757617,780.0
after,13.24238290131878,780.0
after,13.249658935879944,780.0
after,13.25693497044111,780.0
after,13.264211005002274,780.0
after,13.271487039563437,780.0
after,13.278763074124601,780.0
after,13.286039108685765,780.0
after,13.29331514324693,780.0
after,13.300591177808094,780.0
after,13.307867212369258,780.0
after,13.315143246930422,780.0
after,13.322419281491587,780.0
after,13.329695316052751,780.0
after,13.336971350613915,780.0
after,13.344247385175079,780.0
after,13.351523419736242,780.0
after,13.358799454297408,780.0
after,13.366075488858572,780.0
after,13.373351523419736,780.0
after,13.3806275579809,780.0
after,13.387903592542065,780.0
after,13.395179627103229,780.0
after,13.402455661664392,780.0
after,13.409731696225556,780.0
after,13.41700773078672,780.0
after,13.424283765347885,780.0
after,13.43155979990905,780.0
after,13.438835834470213,780.0
after,13.446111869031377,780.0
after,13.453387903592542,780.0
after,13.460663938153706,780.0
after,13.46793997271487,780.0
after,13.475216007276034,780.0
after,13.482492041837197,780.0
after,13.489768076398363,780.0
after,13.497044110959527,780.0
after,13.50432014552069,780.0
after,13.511596180081854,780.0
after,13.51887221464302,780.0
after,13.526148249204184,780.0
after,13.533424283765347,780.0
after,13.540700318326511,780.0
after,13.547976352887675,780.0
after,13.55525238744884,780.0
after,13.562528422010004,780.0
after,13.569804456571168,780.0
after,13.577080491132332,780.0
after,13.584356525693497,780.0
after,13.591632560254661,780.0
after,13.598908594815825,780.0
after,13.606184629376989,780.0
after,13.613460663938154,780.0
after,13.620736698499318,780.0
after,13.628012733060482,780.0
after,13.635288767621645,780.0
after,13.64256480218281,780.0
after,13.649840836743975,780.0
after,13.657116871305139,780.0
after,13.664392905866302,780.0
after,13.671668940427466,780.0
after,13.678944974988632,780.0
after,13.686221009549795,780.0
after,13.69349704411096,780.0
after,13.700773078672123,780.0
after,13.708049113233287,780.0
after,13.715325147794452,780.0
after,13.722601182355616,780.0
after,13.72987721691678,780.0
after,13.737153251477944,780.0
after,13.744429286039109,780.0
after,13.751705320600273,780.0
after,13.758981355161437,780.0
after,13.7662573897226,780.0
after,13.773533424283764,780.0
after,13.78080945884493,780.0
after,13.788085493406093,780.0
after,13.795361527967257,780.0
after,13.802637562528421,780.0
after,13.809913597089587,780.0
after,13.81718963165075,780.0
after,13.824465666211914,780.0
after,13.831741700773078,780.0
after,13.839017735334242,780.0
after,13.846293769895407,780.0
after,13.853569804456571,780.0
after,13.860845839017735,780.0
after,13.868121873578898,780.0
after,13.875397908140064,780.0
after,13.882673942701228,780.0
after,13.889949977262392,780.0
after,13.897226011823555,780.0
after,13.904502046384719,780.0
after,13.911778080945885,780.0
after,13.919054115507048,780.0
after,13.926330150068212,780.0
after,13.933606184629376,780.0
after,13.940882219190541,780.0
after,13.948158253751705,780.0
after,13.955434288312869,780.0
after,13.962710322874033,780.0
after,13.969986357435197,780.0
after,13.977262391996362,780.0
after,13.984538426557526,780.0
after,13.99181446111869,780.0
after,13.999090495679853,780.0
after,14.006366530241019,780.0
after,14.013642564802183,780.0
after,14.020918599363347,780.0
after,14.02819463392451,780.0
after,14.035470668485674,780.0
after,14.04274670304684,780.0
after,14.050022737608003,780.0
after,14.057298772169167,780.0
after,14.064574806730331,780.0
after,14.071850841291496,780.0
after,14.07912687585266,780.0
after,14.086402910413824,780.0
after,14.093678944974988,780.0
after,14.100954979536152,780.0
after,14.108231014097317,780.0
after,14.11550704865848,780.0
after,14.122783083219645,780.0
after,14.130059117780808,780.0
after,14.137335152341974,780.0
after,14.144611186903138,780.0
after,14.151887221464301,780.0
after,14.159163256025465,780.0
after,14.166439290586629,780.0
after,14.173715325147795,780.0
after,14.180991359708958,780.0
after,14.188267394270122,780.0
after,14.195543428831286,780.0
after,14.202819463392451,780.0
after,14.210095497953615,780.0
after,14.217371532514779,780.0
after,14.224647567075943,780.0
after,14.231923601637106,780.0
after,14.239199636198272,780.0
after,14.246475670759436,780.0
after,14.2537517053206,780.0
after,14.261027739881763,780.0
after,14.268303774442929,780.0
after,14.275579809004093,780.0
after,14.282855843565256,780.0
after,14.29013187812642,780.0
after,14.297407912687584,780.0
after,14.30468394724875,780.0
after,14.311959981809913,780.0
after,14.319236016371077,780.0
after,14.32651205093224,780.0
after,14.333788085493406,780.0
after,14.34106412005457,780.0
after,14.348340154615734,780.0
after,14.355616189176898,780.0
after,14.362892223738061,780.0
after,14.370168258299227,780.0
after,14.37744429286039,780.0
after,14.384720327421554,780.0
after,14.391996361982718,780.0
after,14.399272396543884,780.0
after,14.406548431105048,780.0
after,14.413824465666211,780.0
after,14.421100500227375,780.0
after,14.428376534788539,780.0
after,14.435652569349704,780.0
after,14.442928603910868,780.0
after,14.450204638472032,780.0
after,14.457480673033196,780.0
after,14.464756707594361,780.0
after,14.472032742155525,780.0
after,14.479308776716689,780.0
after,14.486584811277853,780.0
after,14.493860845839018,780.0
after,14.501136880400182,780.0
after,14.508412914961346,780.0
after,14.51568894952251,780.0
after,14.522964984083673,780.0
after,14.530241018644839,780.0
after,14.537517053206003,780.0
after,14.544793087767166,780.0
after,14.55206912232833,780.0
after,14.559345156889496,780.0
after,14.56662119145066,780.0
after,14.573897226011823,780.0
after,14.581173260572987,780.0
after,14.58844929513415,780.0
after,14.595725329695316,780.0
after,14.60300136425648,780.0
after,14.610277398817644,780.0
after,14.617553433378808,780.0
after,14.624829467939973,780.0
after,14.632105502501137,780.0
after,14.6393815370623,780.0
after,14.646657571623464,780.0
after,14.653933606184628,780.0
after,14.661209640745794,780.0
after,14.668485675306957,780.0
after,14.675761709868121,780.0
after,14.683037744429285,780.0
after,14.69031377899045,780.0
after,14.697589813551614,780.0
after,14.704865848112778,780.0
after,14.712141882673942,780.0
after,14.719417917235106,780.0
after,14.726693951796271,780.0
after,14.733969986357435,780.0
after,14.741246020918599,780.0
after,14.748522055479762,780.0
after,14.755798090040928,780.0
after,14.763074124602092,780.0
after,14.770350159163256,780.0
after,14.77762619372442,780.0
after,14.784902228285583,780.0
after,14.792178262846749,780.0
after,14.799454297407912,780.0
after,14.806730331969076,780.0
after,14.81400636653024,780.0
after,14.821282401091405,780.0
after,14.82855843565257,780.0
after,14.835834470213733,780.0
after,14.843110504774897,780.0
after,14.85038653933606,780.0
after,14.857662573897226,780.0
after,14.86493860845839,780.0
after,14.872214643019554,780.0
after,14.879490677580717,780.0
after,14.886766712141883,780.0
after,14.894042746703047,780.0
after,14.90131878126421,780.0
after,14.908594815825374,780.0
after,14.915870850386538,780.0
after,14.923146884947704,780.0
after,14.930422919508867,780.0
after,14.937698954070031,780.0
after,14.944974988631195,780.0
after,14.95225102319236,780.0
after,14.959527057753524,780.0
after,14.966803092314688,780.0
after,14.974079126875852,780.0
after,14.981355161437016,780.0
after,14.988631195998181,780.0
after,14.995907230559345,780.0
after,15.003183265120509,780.0
after,15.010459299681672,780.0
after,15.017735334242838,780.0
after,15.025011368804002,780.0
after,15.032287403365165,780.0
after,15.03956343792633,780.0
after,15.046839472487493,780.0
after,15.054115507048659,780.0
after,15.061391541609822,780.0
after,15.068667576170986,780.0
after,15.07594361073215,780.0
after,15.083219645293315,780.0
after,15.09049567985448,780.0
after,15.097771714415643,780.0
after,15.105047748976807,780.0
after,15.11232378353797,780.0
after,15.119599818099136,780.0
after,15.1268758526603,780.0
after,15.134151887221464,780.0
after,15.141427921782627,780.0
after,15.148703956343793,780.0
after,15.155979990904957,780.0
after,15.16325602546612,780.0
after,15.170532060027284,780.0
after,15.177808094588448,780.0
after,15.185084129149613,780.0
after,15.192360163710777,780.0
after,15.199636198271941,780.0
after,15.206912232833105,780.0
after,15.21418826739427,780.0
after,15.221464301955434,780.0
after,15.228740336516598,780.0
after,15.236016371077762,780.0
after,15.243292405638925,780.0
after,15.250568440200091,780.0
after,15.257844474761255,780.0
after,15.265120509322418,780.0
after,15.272396543883582,780.0
after,15.279672578444748,780.0
after,15.286948613005912,780.0
after,15.294224647567075,780.0
after,15.301500682128239,780.0
after,15.308776716689403,780.0
after,15.316052751250568,780.0
after,15.323328785811732,780.0
after,15.330604820372896,780.0
after,15.33788085493406,780.0
after,15.345156889495225,780.0
after,15.352432924056389,780.0
after,15.359708958617553,780.0
after,15.366984993178717,780.0
after,15.374261027739882,780.0
after,15.381537062301046,780.0
after,15.38881309686221,780.0
after,15.396089131423373,780.0
after,15.403365165984537,780.0
after,15.410641200545703,780.0
after,15.417917235106867,780.0
after,15.42519326966803,780.0
after,15.432469304229194,780.0
after,15.43974533879036,780.0
after,15.447021373351523,780.0
after,15.454297407912687,780.0
after,15.461573442473851,780.0
after,15.468849477035015,780.0
after,15.47612551159618,780.0
after,15.483401546157344,780.0
after,15.490677580718508,780.0
after,15.497953615279672,780.0
after,15.505229649840837,780.0
after,15.512505684402,780.0
after,15.519781718963165,780.0
after,15.527057753524328,780.0
after,15.534333788085492,780.0
after,15.541609822646658,780.0
after,15.548885857207821,780.0
after,15.556161891768985,780.0
after,15.563437926330149,780.0
after,15.570713960891315,780.0
after,15.577989995452478,780.0
after,15.585266030013642,780.0
after,15.592542064574806,780.0
after,15.59981809913597,780.0
after,15.607094133697135,780.0
after,15.614370168258299,780.0
after,15.621646202819463,780.0
after,15.628922237380626,780.0
after,15.636198271941792,780.0
after,15.643474306502956,780.0
after,15.65075034106412,780.0
after,15.658026375625283,780.0
after,15.665302410186447,780.0
after,15.672578444747613,780.0
after,15.679854479308776,780.0
after,15.68713051386994,780.0
after,15.694406548431104,780.0
after,15.70168258299227,780.0
after,15.708958617553433,780.0
after,15.716234652114597,780.0
after,15.72351068667576,780.0
after,15.730786721236925,780.0
after,15.73806275579809,780.0
after,15.745338790359254,780.0
after,15.752614824920418,780.0
after,15.759890859481581,780.0
after,15.767166894042747,780.0
after,15.77444292860391,780.0
after,15.781718963165074,780.0
after,15.788994997726238,780.0
after,15.796271032287402,780.0
after,15.803547066848568,780.0
after,15.810823101409731,780.0
after,15.818099135970895,780.0
after,15.825375170532059,780.0
after,15.832651205093224,780.0
after,15.839927239654388,780.0
after,15.847203274215552,780.0
after,15.854479308776716,780.0
after,15.86175534333788,780.0
after,15.869031377899045,780.0
after,15.876307412460209,780.0
after,15.883583447021373,780.0
after,15.890859481582536,780.0
after,15.898135516143702,780.0
after,15.905411550704866,780.0
after,15.91268758526603,780.0
after,15.919963619827193,780.0
after,15.927239654388357,780.0
after,15.934515688949523,780.0
after,15.941791723510686,780.0
after,15.94906775807185,780.0
after,15.956343792633014,780.0
after,15.96361982719418,780.0
after,15.970895861755343,780.0
after,15.978171896316507,780.0
after,15.98544793087767,780.0
after,15.992723965438834,780.0
after,16.0,780.0
