series,retention_time_min,signal_au
1 ppm,0.0,100.0
1 ppm,0.007276034561164165,100.0
1 ppm,0.01455206912232833,100.0
1 ppm,0.021828103683492497,100.0
1 ppm,0.02910413824465666,100.0
1 ppm,0.03638017280582083,100.0
1 ppm,0.04365620736698499,100.0
1 ppm,0.05093224192814916,100.0
1 ppm,0.05820827648931332,100.0
1 ppm,0.06548431105047749,100.0
1 ppm,0.07276034561164166,100.0
1 ppm,0.08003638017280582,100.0
1 ppm,0.08731241473396999,100.0
1 ppm,0.09458844929513414,100.0
1 ppm,0.10186448385629832,100.0
1 ppm,0.10914051841746247,100.0
1 ppm,0.11641655297862664,100.0
1 ppm,0.12369258753979082,100.0
1 ppm,0.13096862210095497,100.0
1 ppm,0.13824465666211913,100.0
1 ppm,0.14552069122328332,100.0
1 ppm,0.15279672578444747,100.0
1 ppm,0.16007276034561163,100.0
1 ppm,0.1673487949067758,100.0
1 ppm,0.17462482946793997,100.0
1 ppm,0.18190086402910413,100.0
1 ppm,0.1891768985902683,100.0
1 ppm,0.19645293315143247,100.0
1 ppm,0.20372896771259663,100.0
1 ppm,0.2110050022737608,100.0
1 ppm,0.21828103683492495,100.0
1 ppm,0.22555707139608913,100.0
1 ppm,0.2328331059572533,100.0
1 ppm,0.24010914051841745,100.0
1 ppm,0.24738517507958163,100.0
1 ppm,0.2546612096407458,100.0
1 ppm,0.26193724420190995,100.0
1 ppm,0.2692132787630741,100.0
1 ppm,0.27648931332423826,100.0
1 ppm,0.2837653478854024,100.0
1 ppm,0.29104138244656663,100.0
1 ppm,0.2983174170077308,100.0
1 ppm,0.30559345156889495,100.0
1 ppm,0.3128694861300591,100.0
1 ppm,0.32014552069122326,100.0
1 ppm,0.3274215552523874,100.0
1 ppm,0.3346975898135516,100.0
1 ppm,0.3419736243747158,100.0
1 ppm,0.34924965893587995,100.0
1 ppm,0.3565256934970441,100.0
1 ppm,0.36380172805820826,100.0
1 ppm,0.3710777626193724,100.0
1 ppm,0.3783537971805366,100.0
1 ppm,0.38562983174170073,100.0
1 ppm,0.39290586630286495,100.0
1 ppm,0.4001819008640291,100.0
1 ppm,0.40745793542519326,100.0
1 ppm,0.4147339699863574,100.0
1 ppm,0.4220100045475216,100.0
1 ppm,0.42928603910868574,100.0
1 ppm,0.4365620736698499,100.0
1 ppm,0.4438381082310141,100.0
1 ppm,0.45111414279217826,100.0
1 ppm,0.4583901773533424,100.0
1 ppm,0.4656662119145066,100.0
1 ppm,0.47294224647567074,100.0
1 ppm,0.4802182810368349,100.0
1 ppm,0.48749431559799905,100.0
1 ppm,0.49477035015916326,100.0
1 ppm,0.5020463847203274,100.0
1 ppm,0.5093224192814916,100.0
1 ppm,0.5165984538426557,100.0
1 ppm,0.5238744884038199,100.0
1 ppm,0.5311505229649841,100.0
1 ppm,0.5384265575261482,100.0
1 ppm,0.5457025920873124,100.0
1 ppm,0.5529786266484765,100.0
1 ppm,0.5602546612096407,100.0
1 ppm,0.5675306957708048,100.0
1 ppm,0.574806730331969,100.0
1 ppm,0.5820827648931333,100.0
1 ppm,0.5893587994542974,100.0
1 ppm,0.5966348340154616,100.0
1 ppm,0.6039108685766257,100.0
1 ppm,0.6111869031377899,100.0
1 ppm,0.618462937698954,100.0
1 ppm,0.6257389722601182,100.0
1 ppm,0.6330150068212824,100.0
1 ppm,0.6402910413824465,100.0
1 ppm,0.6475670759436107,100.0
1 ppm,0.6548431105047748,100.0
1 ppm,0.662119145065939,100.0
1 ppm,0.6693951796271032,100.0
1 ppm,0.6766712141882674,100.0
1 ppm,0.6839472487494316,100.0
1 ppm,0.6912232833105957,100.0
1 ppm,0.6984993178717599,100.0
1 ppm,0.705775352432924,100.0
1 ppm,0.7130513869940882,100.0
1 ppm,0.7203274215552523,100.0
1 ppm,0.7276034561164165,100.0
1 ppm,0.7348794906775807,100.0
1 ppm,0.7421555252387448,100.0
1 ppm,0.749431559799909,100.0
1 ppm,0.7567075943610732,100.0
1 ppm,0.7639836289222374,100.0
1 ppm,0.7712596634834015,100.0
1 ppm,0.7785356980445657,100.0
1 ppm,0.7858117326057299,100.0
1 ppm,0.793087767166894,100.0
1 ppm,0.8003638017280582,100.0
1 ppm,0.8076398362892223,100.0
1 ppm,0.8149158708503865,100.0
1 ppm,0.8221919054115506,100.0
1 ppm,0.8294679399727148,100.0
1 ppm,0.836743974533879,100.0
1 ppm,0.8440200090950432,100.0
1 ppm,0.8512960436562074,100.0
1 ppm,0.8585720782173715,100.0
1 ppm,0.8658481127785357,100.0
1 ppm,0.8731241473396998,100.0
1 ppm,0.880400181900864,100.0
1 ppm,0.8876762164620282,100.0
1 ppm,0.8949522510231923,100.0
1 ppm,0.9022282855843565,100.0
1 ppm,0.9095043201455206,100.0
1 ppm,0.9167803547066848,100.0
1 ppm,0.9240563892678489,100.0
1 ppm,0.9313324238290132,100.0
1 ppm,0.9386084583901774,100.0
1 ppm,0.9458844929513415,100.0
1 ppm,0.9531605275125057,100.0
1 ppm,0.9604365620736698,100.0
1 ppm,0.967712596634834,100.0
1 ppm,0.9749886311959981,100.0
1 ppm,0.9822646657571623,100.0
1 ppm,0.9895407003183265,100.0
1 ppm,0.9968167348794906,100.0
1 ppm,1.0040927694406547,100.0
1 ppm,1.011368804001819,100.0
1 ppm,1.0186448385629832,100.0
1 ppm,1.0259208731241474,100.0
1 ppm,1.0331969076853114,100.0
1 ppm,1.0404729422464756,100.0
1 ppm,1.0477489768076398,100.0
1 ppm,1.055025011368804,100.0
1 ppm,1.0623010459299682,100.0
1 ppm,1.0695770804911322,100.0
1 ppm,1.0768531150522964,100.0
1 ppm,1.0841291496134606,100.0
1 ppm,1.0914051841746248,100.0
1 ppm,1.098681218735789,100.0
1 ppm,1.105957253296953,100.0
1 ppm,1.1132332878581173,100.0
1 ppm,1.1205093224192815,100.0
1 ppm,1.1277853569804457,100.0
1 ppm,1.1350613915416097,100.0
1 ppm,1.142337426102774,100.0
1 ppm,1.149613460663938,100.0
1 ppm,1.1568894952251023,100.0
1 ppm,1.1641655297862665,100.0
1 ppm,1.1714415643474305,100.0
1 ppm,1.1787175989085947,100.0
1 ppm,1.185993633469759,100.0
1 ppm,1.1932696680309232,100.0
1 ppm,1.2005457025920874,100.0
1 ppm,1.2078217371532514,100.0
1 ppm,1.2150977717144156,100.0
1 ppm,1.2223738062755798,100.0
1 ppm,1.229649840836744,100.0
1 ppm,1.236925875397908,100.0
1 ppm,1.2442019099590722,100.0
1 ppm,1.2514779445202364,100.0
1 ppm,1.2587539790814006,100.0
1 ppm,1.2660300136425648,100.0
1 ppm,1.2733060482037288,100.0
1 ppm,1.280582082764893,100.0
1 ppm,1.2878581173260573,100.0
1 ppm,1.2951341518872215,100.0
1 ppm,1.3024101864483857,100.0
1 ppm,1.3096862210095497,100.0
1 ppm,1.316962255570714,100.0
1 ppm,1.324238290131878,100.0
1 ppm,1.3315143246930423,100.0
1 ppm,1.3387903592542063,100.0
1 ppm,1.3460663938153705,100.0
1 ppm,1.3533424283765347,100.0
1 ppm,1.360618462937699,100.0
1 ppm,1.3678944974988632,100.0
1 ppm,1.3751705320600272,100.0
1 ppm,1.3824465666211914,100.0
1 ppm,1.3897226011823556,100.0
1 ppm,1.3969986357435198,100.0
1 ppm,1.404274670304684,100.0
1 ppm,1.411550704865848,100.0
1 ppm,1.4188267394270122,100.0
1 ppm,1.4261027739881764,100.0
1 ppm,1.4333788085493406,100.0
1 ppm,1.4406548431105046,100.0
1 ppm,1.4479308776716688,100.0
1 ppm,1.455206912232833,100.0
1 ppm,1.4624829467939973,100.0
1 ppm,1.4697589813551615,100.0
1 ppm,1.4770350159163255,100.0
1 ppm,1.4843110504774897,100.0
1 ppm,1.491587085038654,100.0
1 ppm,1.498863119599818,100.0
1 ppm,1.5061391541609823,100.0
1 ppm,1.5134151887221463,100.0
1 ppm,1.5206912232833105,100.0
1 ppm,1.5279672578444747,100.0
1 ppm,1.535243292405639,100.0
1 ppm,1.542519326966803,100.0
1 ppm,1.5497953615279672,100.0
1 ppm,1.5570713960891314,100.0
1 ppm,1.5643474306502956,100.0
1 ppm,1.5716234652114598,100.0
1 ppm,1.5788994997726238,100.0
1 ppm,1.586175534333788,100.0
1 ppm,1.5934515688949522,100.0
1 ppm,1.6007276034561164,100.0
1 ppm,1.6080036380172806,100.0
1 ppm,1.6152796725784446,100.0
1 ppm,1.6225557071396088,100.0
1 ppm,1.629831741700773,100.0
1 ppm,1.6371077762619373,100.0
1 ppm,1.6443838108231013,100.0
1 ppm,1.6516598453842655,100.0
1 ppm,1.6589358799454297,100.0
1 ppm,1.666211914506594,100.0
1 ppm,1.673487949067758,100.0
1 ppm,1.680763983628922,100.0
1 ppm,1.6880400181900863,100.0
1 ppm,1.6953160527512505,100.0
1 ppm,1.7025920873124147,100.0
1 ppm,1.709868121873579,100.0
1 ppm,1.717144156434743,100.0
1 ppm,1.7244201909959072,100.0
1 ppm,1.7316962255570714,100.0
1 ppm,1.7389722601182356,100.0
1 ppm,1.7462482946793996,100.0
1 ppm,1.7535243292405638,100.0
1 ppm,1.760800363801728,100.0
1 ppm,1.7680763983628922,100.0
1 ppm,1.7753524329240564,100.0
1 ppm,1.7826284674852204,100.0
1 ppm,1.7899045020463846,100.0
1 ppm,1.7971805366075488,100.0
1 ppm,1.804456571168713,100.0
1 ppm,1.8117326057298773,100.0
1 ppm,1.8190086402910413,100.0
1 ppm,1.8262846748522055,100.0
1 ppm,1.8335607094133697,100.0
1 ppm,1.840836743974534,100.0
1 ppm,1.8481127785356979,100.0
1 ppm,1.855388813096862,100.0
1 ppm,1.8626648476580263,100.0
1 ppm,1.8699408822191905,100.0
1 ppm,1.8772169167803547,100.0
1 ppm,1.8844929513415187,100.0
1 ppm,1.891768985902683,100.0
1 ppm,1.8990450204638472,100.0
1 ppm,1.9063210550250114,100.0
1 ppm,1.9135970895861754,100.0
1 ppm,1.9208731241473396,100.0
1 ppm,1.9281491587085038,100.0
1 ppm,1.935425193269668,100.0
1 ppm,1.9427012278308322,100.0
1 ppm,1.9499772623919962,100.0
1 ppm,1.9572532969531604,100.0
1 ppm,1.9645293315143246,100.0
1 ppm,1.9718053660754888,100.0
1 ppm,1.979081400636653,100.0
1 ppm,1.986357435197817,100.0
1 ppm,1.9936334697589813,100.0
1 ppm,2.0009095043201452,100.0
1 ppm,2.0081855388813095,100.0
1 ppm,2.0154615734424737,100.0
1 ppm,2.022737608003638,100.0
1 ppm,2.030013642564802,100.0
1 ppm,2.0372896771259663,100.0
1 ppm,2.0445657116871305,100.0
1 ppm,2.0518417462482947,100.0
1 ppm,2.059117780809459,100.0
1 ppm,2.0663938153706227,100.0
1 ppm,2.073669849931787,100.0
1 ppm,2.080945884492951,100.0
1 ppm,2.0882219190541154,100.0
1 ppm,2.0954979536152796,100.0
1 ppm,2.102773988176444,100.0
1 ppm,2.110050022737608,100.0
1 ppm,2.117326057298772,100.0
1 ppm,2.1246020918599364,100.0
1 ppm,2.1318781264211006,100.0
1 ppm,2.1391541609822644,100.0
1 ppm,2.1464301955434286,100.0
1 ppm,2.153706230104593,100.0
1 ppm,2.160982264665757,100.0
1 ppm,2.1682582992269213,100.0
1 ppm,2.1755343337880855,100.0
1 ppm,2.1828103683492497,100.0
1 ppm,2.190086402910414,100.0
1 ppm,2.197362437471578,100.0
1 ppm,2.204638472032742,100.0
1 ppm,2.211914506593906,100.0
1 ppm,2.2191905411550703,100.0
1 ppm,2.2264665757162345,100.0
1 ppm,2.2337426102773987,100.0
1 ppm,2.241018644838563,100.0
1 ppm,2.248294679399727,100.0
1 ppm,2.2555707139608914,100.0
1 ppm,2.2628467485220556,100.0
1 ppm,2.2701227830832194,100.0
1 ppm,2.2773988176443836,100.0
1 ppm,2.284674852205548,100.0
1 ppm,2.291950886766712,100.0
1 ppm,2.299226921327876,100.0
1 ppm,2.3065029558890404,100.0
1 ppm,2.3137789904502046,100.0
1 ppm,2.321055025011369,100.0
1 ppm,2.328331059572533,100.0
1 ppm,2.3356070941336973,100.0
1 ppm,2.342883128694861,100.0
1 ppm,2.3501591632560253,100.0
1 ppm,2.3574351978171895,100.0
1 ppm,2.3647112323783537,100.0
1 ppm,2.371987266939518,100.0
1 ppm,2.379263301500682,100.0
1 ppm,2.3865393360618463,100.0
1 ppm,2.3938153706230105,100.0
1 ppm,2.4010914051841747,100.0
1 ppm,2.4083674397453385,100.0
1 ppm,2.4156434743065027,100.0
1 ppm,2.422919508867667,100.0
1 ppm,2.430195543428831,100.0
1 ppm,2.4374715779899954,100.0
1 ppm,2.4447476125511596,100.0
1 ppm,2.452023647112324,100.0
1 ppm,2.459299681673488,100.0
1 ppm,2.466575716234652,100.0
1 ppm,2.473851750795816,100.0
1 ppm,2.48112778535698,100.0
1 ppm,2.4884038199181444,100.0
1 ppm,2.4956798544793086,100.0
1 ppm,2.502955889040473,100.0
1 ppm,2.510231923601637,100.0
1 ppm,2.5175079581628013,100.0
1 ppm,2.5247839927239655,100.0
1 ppm,2.5320600272851297,100.0
1 ppm,2.539336061846294,100.0
1 ppm,2.5466120964074577,100.0
1 ppm,2.553888130968622,100.0
1 ppm,2.561164165529786,100.0
1 ppm,2.5684402000909503,100.0
1 ppm,2.5757162346521145,100.0
1 ppm,2.5829922692132787,100.0
1 ppm,2.590268303774443,100.0
1 ppm,2.597544338335607,100.0
1 ppm,2.6048203728967714,100.0
1 ppm,2.612096407457935,100.0
1 ppm,2.6193724420190994,100.0
1 ppm,2.6266484765802636,100.0
1 ppm,2.633924511141428,100.0
1 ppm,2.641200545702592,100.0
1 ppm,2.648476580263756,100.0
1 ppm,2.6557526148249204,100.0
1 ppm,2.6630286493860846,100.0
1 ppm,2.670304683947249,100.0
1 ppm,2.6775807185084126,100.0
1 ppm,2.684856753069577,100.0
1 ppm,2.692132787630741,100.0
1 ppm,2.6994088221919053,100.0
1 ppm,2.7066848567530695,100.0
1 ppm,2.7139608913142337,100.0
1 ppm,2.721236925875398,100.0
1 ppm,2.728512960436562,100.0
1 ppm,2.7357889949977263,100.0
1 ppm,2.7430650295588905,100.0
1 ppm,2.7503410641200543,100.0
1 ppm,2.7576170986812185,100.0
1 ppm,2.7648931332423827,100.0
1 ppm,2.772169167803547,100.0
1 ppm,2.779445202364711,100.0
1 ppm,2.7867212369258754,100.0
1 ppm,2.7939972714870396,100.0
1 ppm,2.801273306048204,100.0
1 ppm,2.808549340609368,100.0
1 ppm,2.8158253751705318,100.0
1 ppm,2.823101409731696,100.0
1 ppm,2.83037744429286,100.0
1 ppm,2.8376534788540244,100.0
1 ppm,2.8449295134151886,100.0
1 ppm,2.852205547976353,100.0
1 ppm,2.859481582537517,100.0
1 ppm,2.8667576170986813,100.0
1 ppm,2.8740336516598455,100.0
1 ppm,2.8813096862210092,100.0
1 ppm,2.8885857207821735,100.0
1 ppm,2.8958617553433377,100.0
1 ppm,2.903137789904502,100.0
1 ppm,2.910413824465666,100.0
1 ppm,2.9176898590268303,100.0
1 ppm,2.9249658935879945,100.0
1 ppm,2.9322419281491587,100.0
1 ppm,2.939517962710323,100.0
1 ppm,2.9467939972714867,100.0
1 ppm,2.954070031832651,100.0
1 ppm,2.961346066393815,100.0
1 ppm,2.9686221009549794,100.0
1 ppm,2.9758981355161436,100.0
1 ppm,2.983174170077308,100.0
1 ppm,2.990450204638472,100.0
1 ppm,2.997726239199636,100.0
1 ppm,3.0050022737608004,100.0
1 ppm,3.0122783083219646,100.0
1 ppm,3.0195543428831284,100.0
1 ppm,3.0268303774442926,100.0
1 ppm,3.034106412005457,100.0
1 ppm,3.041382446566621,100.0
1 ppm,3.0486584811277853,100.0
1 ppm,3.0559345156889495,100.0
1 ppm,3.0632105502501137,100.0
1 ppm,3.070486584811278,100.0
1 ppm,3.077762619372442,100.0
1 ppm,3.085038653933606,100.0
1 ppm,3.09231468849477,100.0
1 ppm,3.0995907230559343,100.0
1 ppm,3.1068667576170985,100.0
1 ppm,3.1141427921782627,100.0
1 ppm,3.121418826739427,100.0
1 ppm,3.128694861300591,100.0
1 ppm,3.1359708958617554,100.0
1 ppm,3.1432469304229196,100.0
1 ppm,3.1505229649840834,100.0
1 ppm,3.1577989995452476,100.0
1 ppm,3.1650750341064118,100.0
1 ppm,3.172351068667576,100.0
1 ppm,3.17962710322874,100.0
1 ppm,3.1869031377899044,100.0
1 ppm,3.1941791723510686,100.0
1 ppm,3.201455206912233,100.0
1 ppm,3.208731241473397,100.0
1 ppm,3.2160072760345613,100.0
1 ppm,3.223283310595725,100.0
1 ppm,3.2305593451568893,100.0
1 ppm,3.2378353797180535,100.0
1 ppm,3.2451114142792177,100.0
1 ppm,3.252387448840382,100.0
1 ppm,3.259663483401546,100.0
1 ppm,3.2669395179627103,100.0
1 ppm,3.2742155525238745,100.0
1 ppm,3.2814915870850387,100.0
1 ppm,3.2887676216462025,100.0
1 ppm,3.2960436562073667,100.0
1 ppm,3.303319690768531,100.0
1 ppm,3.310595725329695,100.0
1 ppm,3.3178717598908594,100.0
1 ppm,3.3251477944520236,100.0
1 ppm,3.332423829013188,100.0
1 ppm,3.339699863574352,100.0
1 ppm,3.346975898135516,100.0
1 ppm,3.35425193269668,100.0
1 ppm,3.361527967257844,100.0
1 ppm,3.3688040018190084,100.0
1 ppm,3.3760800363801726,100.0
1 ppm,3.383356070941337,100.0
1 ppm,3.390632105502501,100.0
1 ppm,3.3979081400636653,100.0
1 ppm,3.4051841746248295,100.0
1 ppm,3.4124602091859937,100.0
1 ppm,3.419736243747158,100.0
1 ppm,3.4270122783083217,100.0
1 ppm,3.434288312869486,100.0
1 ppm,3.44156434743065,100.0
1 ppm,3.4488403819918143,100.0
1 ppm,3.4561164165529785,100.0
1 ppm,3.4633924511141427,100.0
1 ppm,3.470668485675307,100.0
1 ppm,3.477944520236471,100.0
1 ppm,3.4852205547976354,100.0
1 ppm,3.492496589358799,100.0
1 ppm,3.4997726239199634,100.0
1 ppm,3.5070486584811276,100.0
1 ppm,3.514324693042292,100.0
1 ppm,3.521600727603456,100.0
1 ppm,3.52887676216462,100.0
1 ppm,3.5361527967257844,100.0
1 ppm,3.5434288312869486,100.0
1 ppm,3.550704865848113,100.0
1 ppm,3.5579809004092766,100.0
1 ppm,3.565256934970441,100.0
1 ppm,3.572532969531605,100.0
1 ppm,3.5798090040927693,100.0
1 ppm,3.5870850386539335,100.0
1 ppm,3.5943610732150977,100.0
1 ppm,3.601637107776262,100.0
1 ppm,3.608913142337426,100.0
1 ppm,3.6161891768985903,100.0
1 ppm,3.6234652114597545,100.0
1 ppm,3.6307412460209183,100.0
1 ppm,3.6380172805820825,100.0
1 ppm,3.6452933151432467,100.0
1 ppm,3.652569349704411,100.0
1 ppm,3.659845384265575,100.0
1 ppm,3.6671214188267394,100.0
1 ppm,3.6743974533879036,100.0
1 ppm,3.681673487949068,100.0
1 ppm,3.688949522510232,100.0
1 ppm,3.6962255570713958,100.0
1 ppm,3.70350159163256,100.0
1 ppm,3.710777626193724,100.0
1 ppm,3.7180536607548884,100.0
1 ppm,3.7253296953160526,100.0
1 ppm,3.732605729877217,100.0
1 ppm,3.739881764438381,100.0
1 ppm,3.7471577989995453,100.0
1 ppm,3.7544338335607095,100.0
1 ppm,3.7617098681218732,100.0
1 ppm,3.7689859026830375,100.0
1 ppm,3.7762619372442017,100.0
1 ppm,3.783537971805366,100.0
1 ppm,3.79081400636653,100.0
1 ppm,3.7980900409276943,100.0
1 ppm,3.8053660754888585,100.0
1 ppm,3.8126421100500227,100.0
1 ppm,3.819918144611187,100.0
1 ppm,3.8271941791723507,100.0
1 ppm,3.834470213733515,100.0
1 ppm,3.841746248294679,100.0
1 ppm,3.8490222828558434,100.0
1 ppm,3.8562983174170076,100.0
1 ppm,3.863574351978172,100.0
1 ppm,3.870850386539336,100.0
1 ppm,3.8781264211005,100.0
1 ppm,3.8854024556616644,100.0
1 ppm,3.8926784902228286,100.0
1 ppm,3.8999545247839924,100.0
1 ppm,3.9072305593451566,100.0
1 ppm,3.914506593906321,100.0
1 ppm,3.921782628467485,100.0
1 ppm,3.9290586630286493,100.0
1 ppm,3.9363346975898135,100.0
1 ppm,3.9436107321509777,100.0
1 ppm,3.950886766712142,100.0
1 ppm,3.958162801273306,100.0
1 ppm,3.96543883583447,100.0
1 ppm,3.972714870395634,100.0
1 ppm,3.9799909049567983,100.0
1 ppm,3.9872669395179625,100.0
1 ppm,3.9945429740791267,100.0
1 ppm,4.0018190086402905,100.0
1 ppm,4.009095043201455,100.0
1 ppm,4.016371077762619,100.0
1 ppm,4.023647112323784,100.0
1 ppm,4.030923146884947,100.0
1 ppm,4.038199181446112,100.0
1 ppm,4.045475216007276,100.0
1 ppm,4.05275125056844,100.0
1 ppm,4.060027285129604,100.0
1 ppm,4.067303319690768,100.0
1 ppm,4.074579354251933,100.0
1 ppm,4.081855388813096,100.0
1 ppm,4.089131423374261,100.0
1 ppm,4.096407457935425,100.0
1 ppm,4.1036834924965895,100.0
1 ppm,4.110959527057753,100.0
1 ppm,4.118235561618918,100.0
1 ppm,4.125511596180082,100.0
1 ppm,4.132787630741245,100.0
1 ppm,4.14006366530241,100.0
1 ppm,4.147339699863574,100.0
1 ppm,4.1546157344247385,100.0
1 ppm,4.161891768985902,100.0
1 ppm,4.169167803547067,100.0
1 ppm,4.176443838108231,100.0
1 ppm,4.183719872669395,100.0
1 ppm,4.190995907230559,100.0
1 ppm,4.198271941791724,100.0
1 ppm,4.205547976352888,100.0
1 ppm,4.212824010914051,100.0
1 ppm,4.220100045475216,100.0
1 ppm,4.22737608003638,100.0
1 ppm,4.234652114597544,100.0
1 ppm,4.241928149158708,100.0
1 ppm,4.249204183719873,100.0
1 ppm,4.256480218281037,100.0
1 ppm,4.263756252842201,100.0
1 ppm,4.271032287403365,100.0
1 ppm,4.278308321964529,100.0
1 ppm,4.2855843565256935,100.0
1 ppm,4.292860391086857,100.0
1 ppm,4.300136425648022,100.0
1 ppm,4.307412460209186,100.0
1 ppm,4.31468849477035,100.0
1 ppm,4.321964529331514,100.0
1 ppm,4.329240563892679,100.0
1 ppm,4.3365165984538425,100.0
1 ppm,4.343792633015006,100.0
1 ppm,4.351068667576171,100.0
1 ppm,4.358344702137335,100.0
1 ppm,4.365620736698499,100.0
1 ppm,4.372896771259663,100.0
1 ppm,4.380172805820828,100.0
1 ppm,4.387448840381992,100.0
1 ppm,4.394724874943156,100.0
1 ppm,4.40200090950432,100.0
1 ppm,4.409276944065484,100.0
1 ppm,4.416552978626648,100.0
1 ppm,4.423829013187812,100.0
1 ppm,4.431105047748977,100.0
1 ppm,4.438381082310141,100.0
1 ppm,4.445657116871305,100.0
1 ppm,4.452933151432469,100.0
1 ppm,4.460209185993634,100.0
1 ppm,4.4674852205547975,100.0
1 ppm,4.474761255115961,100.0
1 ppm,4.482037289677126,100.0
1 ppm,4.48931332423829,100.0
1 ppm,4.496589358799454,100.0
1 ppm,4.503865393360618,100.0
1 ppm,4.511141427921783,100.0
1 ppm,4.5184174624829465,100.0
1 ppm,4.525693497044111,100.0
1 ppm,4.532969531605275,100.0
1 ppm,4.540245566166439,100.0
1 ppm,4.547521600727603,100.0
1 ppm,4.554797635288767,100.0
1 ppm,4.562073669849932,100.0
1 ppm,4.569349704411096,100.0
1 ppm,4.57662573897226,100.0
1 ppm,4.583901773533424,100.0
1 ppm,4.591177808094589,100.0
1 ppm,4.598453842655752,100.0
1 ppm,4.605729877216917,100.0
1 ppm,4.613005911778081,100.0
1 ppm,4.620281946339245,100.0
1 ppm,4.627557980900409,100.0
1 ppm,4.634834015461573,100.0
1 ppm,4.642110050022738,100.0
1 ppm,4.6493860845839015,100.0
1 ppm,4.656662119145066,100.0
1 ppm,4.66393815370623,100.0
1 ppm,4.6712141882673945,100.0
1 ppm,4.678490222828558,100.0
1 ppm,4.685766257389722,100.0
1 ppm,4.693042291950887,100.0
1 ppm,4.7003183265120505,100.0
1 ppm,4.707594361073215,100.0
1 ppm,4.714870395634379,100.0
1 ppm,4.722146430195544,100.0
1 ppm,4.729422464756707,100.0
1 ppm,4.736698499317872,100.0
1 ppm,4.743974533879036,100.0
1 ppm,4.7512505684401996,100.0
1 ppm,4.758526603001364,100.0
1 ppm,4.765802637562528,100.0
1 ppm,4.773078672123693,100.0
1 ppm,4.780354706684856,100.0
1 ppm,4.787630741246021,100.0
1 ppm,4.794906775807185,100.0
1 ppm,4.8021828103683495,100.0
1 ppm,4.809458844929513,100.0
1 ppm,4.816734879490677,100.0
1 ppm,4.824010914051842,100.0
1 ppm,4.8312869486130054,100.0
1 ppm,4.83856298317417,100.0
1 ppm,4.845839017735334,100.0
1 ppm,4.8531150522964985,100.0
1 ppm,4.860391086857662,100.0
1 ppm,4.867667121418827,100.0
1 ppm,4.874943155979991,100.0
1 ppm,4.8822191905411545,100.0
1 ppm,4.889495225102319,100.0
1 ppm,4.896771259663483,100.0
1 ppm,4.904047294224648,100.0
1 ppm,4.911323328785811,100.0
1 ppm,4.918599363346976,100.0
1 ppm,4.92587539790814,100.0
1 ppm,4.933151432469304,100.0
1 ppm,4.940427467030468,100.0
1 ppm,4.947703501591632,100.00000000000001
1 ppm,4.954979536152797,100.00000000000003
1 ppm,4.96225557071396,100.00000000000004
1 ppm,4.969531605275125,100.00000000000007
1 ppm,4.976807639836289,100.00000000000013
1 ppm,4.9840836743974535,100.00000000000024
1 ppm,4.991359708958617,100.00000000000044
1 ppm,4.998635743519782,100.0000000000008
1 ppm,5.005911778080946,100.00000000000142
1 ppm,5.013187812642109,100.00000000000253
1 ppm,5.020463847203274,100.00000000000446
1 ppm,5.027739881764438,100.00000000000784
1 ppm,5.0350159163256025,100.00000000001373
1 ppm,5.042291950886766,100.00000000002389
1 ppm,5.049567985447931,100.00000000004135
1 ppm,5.056844020009095,100.0000000000712
1 ppm,5.064120054570259,100.00000000012194
1 ppm,5.071396089131423,100.00000000020775
1 ppm,5.078672123692588,100.00000000035207
1 ppm,5.085948158253752,100.00000000059349
1 ppm,5.093224192814915,100.00000000099517
1 ppm,5.10050022737608,100.00000000165991
1 ppm,5.107776261937244,100.00000000275406
1 ppm,5.115052296498408,100.0000000045453
1 ppm,5.122328331059572,100.00000000746195
1 ppm,5.129604365620737,100.00000001218548
1 ppm,5.136880400181901,100.00000001979404
1 ppm,5.144156434743065,100.00000003198356
1 ppm,5.151432469304229,100.00000005140673
1 ppm,5.158708503865393,100.00000008218903
1 ppm,5.1659845384265575,100.00000013070996
1 ppm,5.173260572987721,100.00000020677797
1 ppm,5.180536607548886,100.00000032538736
1 ppm,5.18781264211005,100.00000050932842
1 ppm,5.195088676671214,100.00000079304155
1 ppm,5.202364711232378,100.00000122827271
1 ppm,5.209640745793543,100.00000189231955
1 ppm,5.2169167803547065,100.00000289997973
1 ppm,5.22419281491587,100.00000442075316
1 ppm,5.231468849477035,100.00000670345017
1 ppm,5.238744884038199,100.00001011116785
1 ppm,5.246020918599363,100.00001517068077
1 ppm,5.253296953160527,100.00002264173148
1 ppm,5.260572987721692,100.00003361359913
1 ppm,5.267849022282856,100.00004963879304
1 ppm,5.27512505684402,100.0000729169048
1 ppm,5.282401091405184,100.0001065457309
1 ppm,5.289677125966348,100.00015486194025
1 ppm,5.296953160527512,100.00022390003163
1 ppm,5.304229195088676,100.00032200634486
1 ppm,5.311505229649841,100.00046065471315
1 ppm,5.318781264211005,100.0006555222304
1 ppm,5.326057298772169,100.00092789780022
1 ppm,5.333333333333333,100.00130651283794
1 ppm,5.340609367894498,100.00182990284947
1 ppm,5.3478854024556615,100.00254943063895
1 ppm,5.355161437016825,100.00353312647239
1 ppm,5.36243747157799,100.00487052730337
1 ppm,5.369713506139154,100.00667872553437
1 ppm,5.376989540700318,100.00910986677555
1 ppm,5.384265575261482,100.0123603642962
1 ppm,5.391541609822647,100.01668212347893
1 ppm,5.3988176443838105,100.02239609018119
1 ppm,5.406093678944975,100.02990844950682
1 ppm,5.413369713506139,100.03972980252207
1 ppm,5.420645748067303,100.05249763379764
1 ppm,5.427921782628467,100.0690023477177
1 ppm,5.435197817189631,100.09021709134423
1 ppm,5.442473851750796,100.11733149121515
1 ppm,5.44974988631196,100.15178930593703
1 ppm,5.457025920873124,100.19532983152173
1 ppm,5.464301955434288,100.25003268886371
1 ppm,5.471577989995453,100.31836537088118
1 ppm,5.478854024556616,100.40323263112717
1 ppm,5.486130059117781,100.50802645935222
1 ppm,5.493406093678945,100.63667501915064
1 ppm,5.500682128240109,100.7936885288885
1 ppm,5.507958162801273,100.98419966426901
1 ppm,5.515234197362437,101.21399566823877
1 ppm,5.522510231923602,101.48953899491069
1 ppm,5.5297862664847655,101.81797301613888
1 ppm,5.53706230104593,102.2071091128304
1 ppm,5.544338335607094,102.6653913904476
1 ppm,5.5516143701682585,103.2018353321923
1 ppm,5.558890404729422,103.82593696508108
1 ppm,5.566166439290586,104.54754959047169
1 ppm,5.573442473851751,105.37672584183088
1 ppm,5.5807185084129145,106.32352378954889
1 ppm,5.587994542974079,107.39777701432881
1 ppm,5.595270577535243,108.60883000178629
1 ppm,5.602546612096408,109.96524184007443
1 ppm,5.609822646657571,111.47446298126057
1 ppm,5.617098681218736,113.14249169054685
1 ppm,5.6243747157799,114.9735186740662
1 ppm,5.6316507503410635,116.96957015138808
1 ppm,5.638926784902228,119.13016121876481
1 ppm,5.646202819463392,121.45197262465224
1 ppm,5.653478854024557,123.92856494253428
1 ppm,5.66075488858572,126.55014447812964
1 ppm,5.668030923146885,129.30339500464314
1 ppm,5.675306957708049,132.17138851924818
1 ppm,5.6825829922692135,135.1335866240651
1 ppm,5.689859026830377,138.16594185746607
1 ppm,5.697135061391541,141.2411053769053
1 ppm,5.704411095952706,144.32874390261009
1 ppm,5.7116871305138694,147.39596489148053
1 ppm,5.718963165075034,150.40784467689932
1 ppm,5.726239199636198,153.32804996668187
1 ppm,5.7335152341973625,156.11953884272683
1 ppm,5.740791268758526,158.74532346663776
1 ppm,5.748067303319691,161.16927327844053
1 ppm,5.755343337880855,163.35693477830006
1 ppm,5.7626193724420185,165.27634217437577
1 ppm,5.769895407003183,166.8987923949838
1 ppm,5.777171441564347,168.19955828281397
1 ppm,5.784447476125512,169.1585152400196
1 ppm,5.791723510686675,169.7606591430975
1 ppm,5.79899954524784,169.99649690366888
1 ppm,5.806275579809004,169.86229546781124
1 ppm,5.813551614370168,169.36018012643268
1 ppm,5.820827648931332,168.49807851843747
1 ppm,5.828103683492496,167.28951238860463
1 ppm,5.835379718053661,165.75324474483403
1 ppm,5.842655752614824,163.91279528195324
1 ppm,5.849931787175989,161.79584155959358
1 ppm,5.857207821737153,159.43352723209915
1 ppm,5.8644838562983175,156.85970146709957
1 ppm,5.871759890859481,154.11011544848765
1 ppm,5.879035925420646,151.2216024900479
1 ppm,5.88631195998181,148.23126779880585
1 ppm,5.893587994542973,145.17571239017215
1 ppm,5.900864029104138,142.09031318910317
1 ppm,5.908140063665302,139.00857811352114
1 ppm,5.9154160982264665,135.96159111973714
1 ppm,5.92269213278763,132.9775580044905
1 ppm,5.929968167348795,130.08145941976926
1 ppm,5.937244201909959,127.29481327337538
1 ppm,5.944520236471123,124.63554465064165
1 ppm,5.951796271032287,122.11795776418896
1 ppm,5.959072305593452,119.75280134829106
1 ppm,5.966348340154616,117.54741645334252
1 ppm,5.973624374715779,115.50595381514263
1 ppm,5.980900409276944,113.62964688552121
1 ppm,5.988176443838108,111.91712619172193
1 ppm,5.995452478399272,110.36476088781257
1 ppm,6.002728512960436,108.96701409364186
1 ppm,6.010004547521601,107.71679978955646
1 ppm,6.017280582082765,106.60583054221767
1 ppm,6.024556616643929,105.62494706917026
1 ppm,6.031832651205093,104.76442250129298
1 ppm,6.039108685766257,104.01423607522663
1 ppm,6.0463847203274215,103.36431279723504
1 ppm,6.053660754888585,102.8047272958484
1 ppm,6.06093678944975,102.32587157004986
1 ppm,6.068212824010914,101.91858760675157
1 ppm,6.075488858572078,101.57426686628261
1 ppm,6.082764893133242,101.28491941281335
1 ppm,6.090040927694407,101.04321600590649
1 ppm,6.0973169622555705,100.84250678767995
1 ppm,6.104592996816734,100.67682032274759
1 ppm,6.111869031377899,100.54084670532802
1 ppm,6.119145065939063,100.42990827215813
1 ppm,6.126421100500227,100.33992118381967
1 ppm,6.133697135061391,100.26735079195275
1 ppm,6.140973169622556,100.20916332391116
1 ppm,6.14824920418372,100.1627760142833
1 ppm,6.155525238744884,100.12600741466922
1 ppm,6.162801273306048,100.09702923505438
1 ppm,6.170077307867212,100.07432072362866
1 ppm,6.177353342428376,100.05662628456034
1 ppm,6.18462937698954,100.04291676915126
1 ppm,6.191905411550705,100.03235465614537
1 ppm,6.199181446111869,100.02426316059288
1 ppm,6.206457480673033,100.01809917471323
1 ppm,6.213733515234197,100.01342984460364
1 ppm,6.221009549795362,100.0099125186665
1 ppm,6.2282855843565255,100.0072777622568
1 ppm,6.235561618917689,100.00531511329324
1 ppm,6.242837653478854,100.00386125072919
1 ppm,6.250113688040018,100.00279025757673
1 ppm,6.257389722601182,100.00200567889405
1 ppm,6.264665757162346,100.0014340996448
1 ppm,6.271941791723511,100.00101999505809
1 ppm,6.2792178262846745,100.00072163505605
1 ppm,6.286493860845839,100.00050785296564
1 ppm,6.293769895407003,100.00035551602284
1 ppm,6.301045929968167,100.0002475604026
1 ppm,6.308321964529331,100.00017147625786
1 ppm,6.315597999090495,100.00011814834154
1 ppm,6.32287403365166,100.00008097520904
1 ppm,6.3301500682128236,100.00005520486363
1 ppm,6.337426102773988,100.00003743720525
1 ppm,6.344702137335152,100.00002525400808
1 ppm,6.351978171896317,100.00001694564193
1 ppm,6.35925420645748,100.00001131062362
1 ppm,6.366530241018645,100.00000750958422
1 ppm,6.373806275579809,100.00000495959313
1 ppm,6.381082310140973,100.00000325819461
1 ppm,6.388358344702137,100.0000021291625
1 ppm,6.395634379263301,100.00000138401695
1 ppm,6.402910413824466,100.00000089490067
1 ppm,6.4101864483856295,100.00000057558447
1 ppm,6.417462482946794,100.00000036825115
1 ppm,6.424738517507958,100.00000023435811
1 ppm,6.4320145520691225,100.00000014835994
1 ppm,6.439290586630286,100.00000009342307
1 ppm,6.44656662119145,100.00000005851841
1 ppm,6.453842655752615,100.00000003646126
1 ppm,6.4611186903137785,100.00000002259809
1 ppm,6.468394724874943,100.00000001393197
1 ppm,6.475670759436107,100.00000000854385
1 ppm,6.482946793997272,100.0000000052119
1 ppm,6.490222828558435,100.00000000316257
1 ppm,6.4974988631196,100.0000000019089
1 ppm,6.504774897680764,100.00000000114612
1 ppm,6.5120509322419275,100.0000000006845
1 ppm,6.519326966803092,100.00000000040664
1 ppm,6.526603001364256,100.0000000002403
1 ppm,6.533879035925421,100.00000000014126
1 ppm,6.541155070486584,100.0000000000826
1 ppm,6.548431105047749,100.00000000004805
1 ppm,6.555707139608913,100.0000000000278
1 ppm,6.5629831741700775,100.000000000016
1 ppm,6.570259208731241,100.00000000000915
1 ppm,6.577535243292405,100.00000000000522
1 ppm,6.58481127785357,100.00000000000296
1 ppm,6.5920873124147334,100.00000000000166
1 ppm,6.599363346975898,100.00000000000094
1 ppm,6.606639381537062,100.00000000000053
1 ppm,6.6139154160982265,100.00000000000028
1 ppm,6.62119145065939,100.00000000000016
1 ppm,6.628467485220555,100.00000000000009
1 ppm,6.635743519781719,100.00000000000004
1 ppm,6.6430195543428825,100.00000000000003
1 ppm,6.650295588904047,100.00000000000001
1 ppm,6.657571623465211,100.00000000000001
1 ppm,6.664847658026376,100.0
1 ppm,6.672123692587539,100.0
1 ppm,6.679399727148704,100.0
1 ppm,6.686675761709868,100.0
1 ppm,6.693951796271032,100.0
1 ppm,6.701227830832196,100.0
1 ppm,6.70850386539336,100.0
1 ppm,6.715779899954525,100.0
1 ppm,6.723055934515688,100.0
1 ppm,6.730331969076853,100.0
1 ppm,6.737608003638017,100.0
1 ppm,6.7448840381991815,100.0
1 ppm,6.752160072760345,100.0
1 ppm,6.75943610732151,100.0
1 ppm,6.766712141882674,100.0
1 ppm,6.773988176443837,100.0
1 ppm,6.781264211005002,100.0
1 ppm,6.788540245566166,100.0
1 ppm,6.7958162801273305,100.0
1 ppm,6.803092314688494,100.0
1 ppm,6.810368349249659,100.0
1 ppm,6.817644383810823,100.0
1 ppm,6.824920418371987,100.0
1 ppm,6.832196452933151,100.0
1 ppm,6.839472487494316,100.0
1 ppm,6.84674852205548,100.0
1 ppm,6.854024556616643,100.0
1 ppm,6.861300591177808,100.0
1 ppm,6.868576625738972,100.0
1 ppm,6.875852660300136,100.0
1 ppm,6.8831286948613,100.0
1 ppm,6.890404729422465,100.0
1 ppm,6.897680763983629,100.0
1 ppm,6.904956798544793,100.0
1 ppm,6.912232833105957,100.0
1 ppm,6.919508867667121,100.0
1 ppm,6.9267849022282855,100.0
1 ppm,6.934060936789449,100.0
1 ppm,6.941336971350614,100.0
1 ppm,6.948613005911778,100.0
1 ppm,6.955889040472942,100.0
1 ppm,6.963165075034106,100.0
1 ppm,6.970441109595271,100.0
1 ppm,6.9777171441564345,100.0
1 ppm,6.984993178717598,100.0
1 ppm,6.992269213278763,100.0
1 ppm,6.999545247839927,100.0
1 ppm,7.006821282401091,100.0
1 ppm,7.014097316962255,100.0
1 ppm,7.02137335152342,100.0
1 ppm,7.028649386084584,100.0
1 ppm,7.035925420645748,100.0
1 ppm,7.043201455206912,100.0
1 ppm,7.050477489768076,100.0
1 ppm,7.05775352432924,100.0
1 ppm,7.065029558890404,100.0
1 ppm,7.072305593451569,100.0
1 ppm,7.079581628012733,100.0
1 ppm,7.086857662573897,100.0
1 ppm,7.094133697135061,100.0
1 ppm,7.101409731696226,100.0
1 ppm,7.1086857662573895,100.0
1 ppm,7.115961800818553,100.0
1 ppm,7.123237835379718,100.0
1 ppm,7.130513869940882,100.0
1 ppm,7.137789904502046,100.0
1 ppm,7.14506593906321,100.0
1 ppm,7.152341973624375,100.0
1 ppm,7.1596180081855385,100.0
1 ppm,7.166894042746703,100.0
1 ppm,7.174170077307867,100.0
1 ppm,7.181446111869031,100.0
1 ppm,7.188722146430195,100.0
1 ppm,7.195998180991359,100.0
1 ppm,7.203274215552524,100.0
1 ppm,7.2105502501136876,100.0
1 ppm,7.217826284674852,100.0
1 ppm,7.225102319236016,100.0
1 ppm,7.232378353797181,100.0
1 ppm,7.239654388358344,100.0
1 ppm,7.246930422919509,100.0
1 ppm,7.254206457480673,100.0
1 ppm,7.261482492041837,100.0
1 ppm,7.268758526603001,100.0
1 ppm,7.276034561164165,100.0
1 ppm,7.28331059572533,100.0
1 ppm,7.2905866302864935,100.0
1 ppm,7.297862664847658,100.0
1 ppm,7.305138699408822,100.0
1 ppm,7.3124147339699865,100.0
1 ppm,7.31969076853115,100.0
1 ppm,7.326966803092314,100.0
1 ppm,7.334242837653479,100.0
1 ppm,7.3415188722146425,100.0
1 ppm,7.348794906775807,100.0
1 ppm,7.356070941336971,100.0
1 ppm,7.363346975898136,100.0
1 ppm,7.370623010459299,100.0
1 ppm,7.377899045020464,100.0
1 ppm,7.385175079581628,100.0
1 ppm,7.3924511141427915,100.0
1 ppm,7.399727148703956,100.0
1 ppm,7.40700318326512,100.0
1 ppm,7.414279217826285,100.0
1 ppm,7.421555252387448,100.0
1 ppm,7.428831286948613,100.0
1 ppm,7.436107321509777,100.0
1 ppm,7.4433833560709415,100.0
1 ppm,7.450659390632105,100.0
1 ppm,7.457935425193269,100.0
1 ppm,7.465211459754434,100.0
1 ppm,7.4724874943155974,100.0
1 ppm,7.479763528876762,100.0
1 ppm,7.487039563437926,100.0
1 ppm,7.4943155979990905,100.0
1 ppm,7.501591632560254,100.0
1 ppm,7.508867667121419,100.0
1 ppm,7.516143701682583,100.0
1 ppm,7.5234197362437465,100.0
1 ppm,7.530695770804911,100.0
1 ppm,7.537971805366075,100.0
1 ppm,7.54524783992724,100.0
1 ppm,7.552523874488403,100.0
1 ppm,7.559799909049568,100.0
1 ppm,7.567075943610732,100.0
1 ppm,7.574351978171896,100.0
1 ppm,7.58162801273306,100.0
1 ppm,7.588904047294224,100.0
1 ppm,7.596180081855389,100.0
1 ppm,7.603456116416552,100.0
1 ppm,7.610732150977717,100.0
1 ppm,7.618008185538881,100.0
1 ppm,7.6252842201000455,100.0
1 ppm,7.632560254661209,100.0
1 ppm,7.639836289222374,100.0
1 ppm,7.647112323783538,100.0
1 ppm,7.654388358344701,100.0
1 ppm,7.661664392905866,100.0
1 ppm,7.66894042746703,100.0
1 ppm,7.6762164620281945,100.0
1 ppm,7.683492496589358,100.0
1 ppm,7.690768531150523,100.0
1 ppm,7.698044565711687,100.0
1 ppm,7.705320600272851,100.0
1 ppm,7.712596634834015,100.0
1 ppm,7.71987266939518,100.0
1 ppm,7.727148703956344,100.0
1 ppm,7.734424738517507,100.0
1 ppm,7.741700773078672,100.0
1 ppm,7.748976807639836,100.0
1 ppm,7.756252842201,100.0
1 ppm,7.763528876762164,100.0
1 ppm,7.770804911323329,100.0
1 ppm,7.778080945884493,100.0
1 ppm,7.785356980445657,100.0
1 ppm,7.792633015006821,100.0
1 ppm,7.799909049567985,100.0
1 ppm,7.8071850841291495,100.0
1 ppm,7.814461118690313,100.0
1 ppm,7.821737153251478,100.0
1 ppm,7.829013187812642,100.0
1 ppm,7.836289222373806,100.0
1 ppm,7.84356525693497,100.0
1 ppm,7.850841291496135,100.0
1 ppm,7.8581173260572985,100.0
1 ppm,7.865393360618462,100.0
1 ppm,7.872669395179627,100.0
1 ppm,7.879945429740791,100.0
1 ppm,7.887221464301955,100.0
1 ppm,7.894497498863119,100.0
1 ppm,7.901773533424284,100.0
1 ppm,7.909049567985448,100.0
1 ppm,7.916325602546612,100.0
1 ppm,7.923601637107776,100.0
1 ppm,7.93087767166894,100.0
1 ppm,7.938153706230104,100.0
1 ppm,7.945429740791268,100.0
1 ppm,7.952705775352433,100.0
1 ppm,7.959981809913597,100.0
1 ppm,7.967257844474761,100.0
1 ppm,7.974533879035925,100.0
1 ppm,7.98180991359709,100.0
1 ppm,7.9890859481582535,100.0
1 ppm,7.996361982719417,100.0
1 ppm,8.003638017280581,100.0
1 ppm,8.010914051841747,100.0
1 ppm,8.01819008640291,100.0
1 ppm,8.025466120964074,100.0
1 ppm,8.032742155525238,100.0
1 ppm,8.040018190086403,100.0
1 ppm,8.047294224647567,100.0
1 ppm,8.054570259208731,100.0
1 ppm,8.061846293769895,100.0
1 ppm,8.069122328331058,100.0
1 ppm,8.076398362892224,100.0
1 ppm,8.083674397453388,100.0
1 ppm,8.090950432014552,100.0
1 ppm,8.098226466575715,100.00000000000001
1 ppm,8.10550250113688,100.00000000000001
1 ppm,8.112778535698045,100.00000000000003
1 ppm,8.120054570259208,100.00000000000004
1 ppm,8.127330604820372,100.00000000000007
1 ppm,8.134606639381536,100.0000000000001
1 ppm,8.141882673942701,100.00000000000017
1 ppm,8.149158708503865,100.00000000000026
1 ppm,8.156434743065029,100.00000000000041
1 ppm,8.163710777626193,100.00000000000064
1 ppm,8.170986812187358,100.000000000001
1 ppm,8.178262846748522,100.00000000000155
1 ppm,8.185538881309686,100.00000000000239
1 ppm,8.19281491587085,100.0000000000037
1 ppm,8.200090950432013,100.0000000000057
1 ppm,8.207366984993179,100.00000000000874
1 ppm,8.214643019554343,100.00000000001339
1 ppm,8.221919054115506,100.00000000002042
1 ppm,8.22919508867667,100.00000000003108
1 ppm,8.236471123237836,100.00000000004712
1 ppm,8.243747157799,100.00000000007124
1 ppm,8.251023192360163,100.00000000010736
1 ppm,8.258299226921327,100.0000000001613
1 ppm,8.26557526148249,100.00000000024156
1 ppm,8.272851296043656,100.00000000036061
1 ppm,8.28012733060482,100.00000000053669
1 ppm,8.287403365165984,100.00000000079622
1 ppm,8.294679399727148,100.00000000117758
1 ppm,8.301955434288313,100.00000000173615
1 ppm,8.309231468849477,100.00000000255166
1 ppm,8.31650750341064,100.00000000373849
1 ppm,8.323783537971805,100.00000000546024
1 ppm,8.33105957253297,100.00000000794996
1 ppm,8.338335607094134,100.00000001153873
1 ppm,8.345611641655298,100.00000001669517
1 ppm,8.352887676216461,100.00000002408038
1 ppm,8.360163710777625,100.00000003462382
1 ppm,8.36743974533879,100.00000004962796
1 ppm,8.374715779899955,100.0000000709116
1 ppm,8.381991814461118,100.00000010100611
1 ppm,8.389267849022282,100.00000014342261
1 ppm,8.396543883583448,100.00000020301452
1 ppm,8.403819918144611,100.00000028646801
1 ppm,8.411095952705775,100.00000040296256
1 ppm,8.418371987266939,100.00000056505769
1 ppm,8.425648021828103,100.00000078987873
1 ppm,8.432924056389268,100.00000110069651
1 ppm,8.440200090950432,100.00000152902398
1 ppm,8.447476125511596,100.00000211738842
1 ppm,8.45475216007276,100.00000292298314
1 ppm,8.462028194633925,100.00000402245897
1 ppm,8.469304229195089,100.00000551818772
1 ppm,8.476580263756253,100.00000754641795
1 ppm,8.483856298317416,100.00001028785356
1 ppm,8.49113233287858,100.00001398132171
1 ppm,8.498408367439746,100.0000189413627
1 ppm,8.50568440200091,100.00002558077792
1 ppm,8.512960436562073,100.00003443941851
1 ppm,8.520236471123237,100.00004622079473
1 ppm,8.527512505684403,100.00006183844255
1 ppm,8.534788540245566,100.00008247440921
1 ppm,8.54206457480673,100.00010965272257
1 ppm,8.549340609367894,100.00014533130093
1 ppm,8.556616643929058,100.00019201645115
1 ppm,8.563892678490223,100.00025290490493
1 ppm,8.571168713051387,100.00033205926448
1 ppm,8.57844474761255,100.00043462378208
1 ppm,8.585720782173714,100.0005670885879
1 ppm,8.59299681673488,100.00073761181463
1 ppm,8.600272851296044,100.00095641054742
1 ppm,8.607548885857208,100.0012362331504
1 ppm,8.614824920418371,100.00159292727838
1 ppm,8.622100954979535,100.00204611975991
1 ppm,8.6293769895407,100.00262002650804
1 ppm,8.636653024101864,100.00334441264603
1 ppm,8.643929058663028,100.00425572507636
1 ppm,8.651205093224192,100.00539842171243
1 ppm,8.658481127785358,100.00682652345465
1 ppm,8.665757162346521,100.00860541663262
1 ppm,8.673033196907685,100.01081393493794
1 ppm,8.680309231468849,100.0135467507078
1 ppm,8.687585266030013,100.016917105635
1 ppm,8.694861300591178,100.02105991040892
1 ppm,8.702137335152342,100.02613524124592
1 ppm,8.709413369713506,100.03233225855136
1 ppm,8.71668940427467,100.03987356885875
1 ppm,8.723965438835835,100.04902004550466
1 ppm,8.731241473396999,100.06007611601332
1 ppm,8.738517507958163,100.07339551468809
1 ppm,8.745793542519326,100.08938748726636
1 ppm,8.75306957708049,100.10852342055392
1 ppm,8.760345611641656,100.13134385362697
1 ppm,8.76762164620282,100.15846580844901
1 ppm,8.774897680763983,100.19059035664843
1 ppm,8.782173715325147,100.22851031588671
1 ppm,8.789449749886312,100.27311794396746
1 ppm,8.796725784447476,100.32541247196816
1 ppm,8.80400181900864,100.38650728972007
1 ppm,8.811277853569804,100.45763656856319
1 ppm,8.818553888130968,100.54016107824582
1 ppm,8.825829922692133,100.63557292804975
1 ppm,8.833105957253297,100.74549893776265
1 ppm,8.84038199181446,100.87170232316923
1 ppm,8.847658026375624,101.01608236456823
1 ppm,8.85493406093679,101.18067171678942
1 ppm,8.862210095497954,101.36763101665726
1 ppm,8.869486130059117,101.57924045018383
1 ppm,8.876762164620281,101.81788795826006
1 ppm,8.884038199181445,102.08605378741294
1 ppm,8.89131423374261,102.38629113227181
1 ppm,8.898590268303774,102.7212026694454
1 ppm,8.905866302864938,103.09341284893866
1 ppm,8.913142337426102,103.5055358890175
1 ppm,8.920418371987267,103.96013951311662
1 ppm,8.927694406548431,104.45970457201665
1 ppm,8.934970441109595,105.00658080962178
1 ppm,8.942246475670759,105.60293915420314
1 ppm,8.949522510231922,106.25072104636774
1 ppm,8.956798544793088,106.95158544714634
1 ppm,8.964074579354252,107.70685430087929
1 ppm,8.971350613915416,108.51745735401823
1 ppm,8.97862664847658,109.38387734822062
1 ppm,8.985902683037745,110.30609670969869
1 ppm,8.993178717598909,111.28354694210532
1 ppm,9.000454752160072,112.31506199284682
1 ppm,9.007730786721236,113.39883689839783
1 ppm,9.0150068212824,114.53239301924606
1 ppm,9.022282855843565,115.71255114639017
1 ppm,9.02955889040473,116.93541369657339
1 ppm,9.036834924965893,118.19635711133277
1 ppm,9.044110959527057,119.49003543522693
1 ppm,9.051386994088222,120.81039587227825
1 ppm,9.058663028649386,122.15070690892692
1 ppm,9.06593906321055,123.50359935019816
1 ppm,9.073215097771714,124.86112034807589
1 ppm,9.080491132332877,126.21480021325672
1 ppm,9.087767166894043,127.55573150049943
1 ppm,9.095043201455207,128.8746595515935
1 ppm,9.10231923601637,130.16208337707872
1 ppm,9.109595270577534,131.40836546714675
1 ppm,9.1168713051387,132.60384885270076
1 ppm,9.124147339699864,133.73897949808503
1 ppm,9.131423374261027,134.80443190582199
1 ppm,9.138699408822191,135.79123565817048
1 ppm,9.145975443383355,136.69090051674985
1 ppm,9.15325147794452,137.49553765466155
1 ppm,9.160527512505684,138.19797460872834
1 ppm,9.167803547066848,138.7918616140692
1 ppm,9.175079581628012,139.27176711874338
1 ppm,9.182355616189177,139.63326047023722
1 ppm,9.189631650750341,139.87298001379497
1 ppm,9.196907685311505,139.9886851389324
1 ppm,9.204183719872669,139.97929114720563
1 ppm,9.211459754433834,139.84488618238606
1 ppm,9.218735788994998,139.58672985347653
1 ppm,9.226011823556162,139.20723358065356
1 ppm,9.233287858117325,138.70992309302375
1 ppm,9.24056389267849,138.0993838938665
1 ppm,9.247839927239655,137.38119087303187
1 ppm,9.255115961800819,136.56182357738766
1 ppm,9.262391996361982,135.64856893977995
1 ppm,9.269668030923146,134.6494135074268
1 ppm,9.276944065484312,133.57292739614343
1 ppm,9.284220100045475,132.42814232329334
1 ppm,9.29149613460664,131.22442613772057
1 ppm,9.298772169167803,129.97135626897813
1 ppm,9.306048203728967,128.6785944625914
1 ppm,9.313324238290132,127.35576505638278
1 ppm,9.320600272851296,126.01233889009167
1 ppm,9.32787630741246,124.65752473309695
1 ppm,9.335152341973624,123.30016987056082
1 ppm,9.342428376534789,121.94867121508103
1 ppm,9.349704411095953,120.61089801785214
1 ppm,9.356980445657117,119.29412694937164
1 ppm,9.36425648021828,118.0049900138034
1 ppm,9.371532514779444,116.74943546163055
1 ppm,9.37880854934061,115.53270158000419
1 ppm,9.386084583901773,114.3593029760576
1 ppm,9.393360618462937,113.23302873120302
1 ppm,9.400636653024101,112.15695159867249
1 ppm,9.407912687585267,111.13344724560112
1 ppm,9.41518872214643,110.16422240685918
1 ppm,9.422464756707594,109.25035072137283
1 ppm,9.429740791268758,108.39231496245691
1 ppm,9.437016825829922,107.59005435020502
1 ppm,9.444292860391087,106.84301564384337
1 ppm,9.451568894952251,106.15020675193561
1 ppm,9.458844929513415,105.5102516646088
1 ppm,9.466120964074578,104.92144560032897
1 ppm,9.473396998635744,104.38180936567252
1 ppm,9.480673033196908,103.88914204546904
1 ppm,9.487949067758072,103.44107126811869
1 ppm,9.495225102319235,103.03510042255253
1 ppm,9.502501136880399,102.66865233524034
1 ppm,9.509777171441565,102.33910904435265
1 ppm,9.517053206002728,102.04384743060687
1 ppm,9.524329240563892,101.7802705779735
1 ppm,9.531605275125056,101.54583484034387
1 ppm,9.538881309686221,101.33807268105477
1 ppm,9.546157344247385,101.15461142996315
1 ppm,9.553433378808549,100.99318816717354
1 ppm,9.560709413369713,100.85166099360157
1 ppm,9.567985447930877,100.72801698673656
1 ppm,9.575261482492042,100.6203771660017
1 ppm,9.582537517053206,100.52699880699679
1 ppm,9.58981355161437,100.44627544882984
1 ppm,9.597089586175533,100.37673493500353
1 ppm,9.604365620736699,100.31703581728185
1 ppm,9.611641655297863,100.26596243499631
1 ppm,9.618917689859027,100.22241896069443
1 ppm,9.62619372442019,100.18542267815258
1 ppm,9.633469758981354,100.15409673173174
1 ppm,9.64074579354252,100.12766255789028
1 ppm,9.648021828103683,100.10543218128934
1 ppm,9.655297862664847,100.08680053009576
1 ppm,9.662573897226011,100.07123789842811
1 ppm,9.669849931787176,100.05828265888628
1 ppm,9.67712596634834,100.0475343051075
1 ppm,9.684402000909504,100.03864688353761
1 ppm,9.691678035470668,100.0313228552265
1 ppm,9.698954070031832,100.02530741248975
1 ppm,9.706230104592997,100.02038326168983
1 ppm,9.71350613915416,100.01636587208446
1 ppm,9.720782173715325,100.01309918152283
1 ppm,9.728058208276488,100.01045174256843
1 ppm,9.735334242837654,100.00831328719214
1 ppm,9.742610277398818,100.00659168430336
1 ppm,9.749886311959981,100.00521026185883
1 ppm,9.757162346521145,100.00410546390184
1 ppm,9.764438381082309,100.00322481244227
1 ppm,9.771714415643475,100.00252514440753
1 ppm,9.778990450204638,100.00197109480845
1 ppm,9.786266484765802,100.00153379862623
1 ppm,9.793542519326966,100.00118978560627
1 ppm,9.800818553888131,100.00092004403216
1 ppm,9.808094588449295,100.00070923155589
1 ppm,9.815370623010459,100.00054501320406
1 ppm,9.822646657571623,100.00041750870368
1 ppm,9.829922692132786,100.00031883322993
1 ppm,9.837198726693952,100.00024271753892
1 ppm,9.844474761255116,100.00018419518649
1 ppm,9.85175079581628,100.00013934613568
1 ppm,9.859026830377443,100.00010508751393
1 ppm,9.866302864938609,100.00007900359287
1 ppm,9.873578899499773,100.0000592082333
1 ppm,9.880854934060936,100.00004423406975
1 ppm,9.8881309686221,100.0000329436132
1 ppm,9.895407003183264,100.00002445823412
1 ppm,9.90268303774443,100.00001810166408
1 ppm,9.909959072305593,100.00001335523211
1 ppm,9.917235106866757,100.00000982254248
1 ppm,9.92451114142792,100.00000720171492
1 ppm,9.931787175989086,100.0000052636557
1 ppm,9.93906321055025,100.00000383511644
1 ppm,9.946339245111414,100.00000278553856
1 ppm,9.953615279672578,100.0000020168766
1 ppm,9.960891314233741,100.00000145575744
1 ppm,9.968167348794907,100.00000104746192
1 ppm,9.97544338335607,100.00000075132355
1 ppm,9.982719417917234,100.00000053722387
1 ppm,9.989995452478398,100.00000038293331
1 ppm,9.997271487039564,100.00000027210123
1 ppm,10.004547521600728,100.00000019274246
1 ppm,10.011823556161891,100.00000013610179
1 ppm,10.019099590723055,100.00000009580536
1 ppm,10.026375625284219,100.0000000672288
1 ppm,10.033651659845384,100.00000004702842
1 ppm,10.040927694406548,100.0000000327948
1 ppm,10.048203728967712,100.0000000227976
1 ppm,10.055479763528876,100.00000001579839
1 ppm,10.062755798090041,100.0000000109138
1 ppm,10.070031832651205,100.00000000751587
1 ppm,10.077307867212369,100.00000000515966
1 ppm,10.084583901773533,100.00000000353104
1 ppm,10.091859936334698,100.00000000240892
1 ppm,10.099135970895862,100.00000000163827
1 ppm,10.106412005457026,100.00000000111068
1 ppm,10.11368804001819,100.00000000075063
1 ppm,10.120964074579353,100.00000000050571
1 ppm,10.128240109140519,100.00000000033964
1 ppm,10.135516143701683,100.0000000002274
1 ppm,10.142792178262846,100.00000000015177
1 ppm,10.15006821282401,100.00000000010098
1 ppm,10.157344247385176,100.00000000006698
1 ppm,10.16462028194634,100.00000000004428
1 ppm,10.171896316507503,100.00000000002919
1 ppm,10.179172351068667,100.00000000001917
1 ppm,10.18644838562983,100.00000000001256
1 ppm,10.193724420190996,100.0000000000082
1 ppm,10.20100045475216,100.00000000000534
1 ppm,10.208276489313324,100.00000000000347
1 ppm,10.215552523874488,100.00000000000225
1 ppm,10.222828558435653,100.00000000000145
1 ppm,10.230104592996817,100.00000000000092
1 ppm,10.23738062755798,100.0000000000006
1 ppm,10.244656662119144,100.00000000000038
1 ppm,10.251932696680308,100.00000000000024
1 ppm,10.259208731241474,100.00000000000016
1 ppm,10.266484765802637,100.0000000000001
1 ppm,10.273760800363801,100.00000000000006
1 ppm,10.281036834924965,100.00000000000004
1 ppm,10.28831286948613,100.00000000000003
1 ppm,10.295588904047294,100.00000000000001
1 ppm,10.302864938608458,100.00000000000001
1 ppm,10.310140973169622,100.0
1 ppm,10.317417007730786,100.0
1 ppm,10.324693042291951,100.0
1 ppm,10.331969076853115,100.0
1 ppm,10.339245111414279,100.0
1 ppm,10.346521145975442,100.0
1 ppm,10.353797180536608,100.0
1 ppm,10.361073215097772,100.0
1 ppm,10.368349249658936,100.0
1 ppm,10.3756252842201,100.0
1 ppm,10.382901318781263,100.0
1 ppm,10.390177353342429,100.0
1 ppm,10.397453387903592,100.0
1 ppm,10.404729422464756,100.0
1 ppm,10.41200545702592,100.0
1 ppm,10.419281491587085,100.0
1 ppm,10.42655752614825,100.0
1 ppm,10.433833560709413,100.0
1 ppm,10.441109595270577,100.0
1 ppm,10.44838562983174,100.0
1 ppm,10.455661664392906,100.0
1 ppm,10.46293769895407,100.0
1 ppm,10.470213733515234,100.0
1 ppm,10.477489768076397,100.0
1 ppm,10.484765802637563,100.0
1 ppm,10.492041837198727,100.0
1 ppm,10.49931787175989,100.0
1 ppm,10.506593906321054,100.0
1 ppm,10.513869940882218,100.0
1 ppm,10.521145975443384,100.0
1 ppm,10.528422010004547,100.0
1 ppm,10.535698044565711,100.0
1 ppm,10.542974079126875,100.0
1 ppm,10.55025011368804,100.0
1 ppm,10.557526148249204,100.0
1 ppm,10.564802182810368,100.0
1 ppm,10.572078217371532,100.0
1 ppm,10.579354251932696,100.0
1 ppm,10.586630286493861,100.0
1 ppm,10.593906321055025,100.0
1 ppm,10.601182355616189,100.0
1 ppm,10.608458390177352,100.0
1 ppm,10.615734424738518,100.0
1 ppm,10.623010459299682,100.0
1 ppm,10.630286493860845,100.0
1 ppm,10.63756252842201,100.0
1 ppm,10.644838562983173,100.0
1 ppm,10.652114597544339,100.0
1 ppm,10.659390632105502,100.0
1 ppm,10.666666666666666,100.0
1 ppm,10.67394270122783,100.0
1 ppm,10.681218735788995,100.0
1 ppm,10.68849477035016,100.0
1 ppm,10.695770804911323,100.0
1 ppm,10.703046839472487,100.0
1 ppm,10.71032287403365,100.0
1 ppm,10.717598908594816,100.0
1 ppm,10.72487494315598,100.0
1 ppm,10.732150977717144,100.0
1 ppm,10.739427012278307,100.0
1 ppm,10.746703046839473,100.0
1 ppm,10.753979081400637,100.0
1 ppm,10.7612551159618,100.0
1 ppm,10.768531150522964,100.0
1 ppm,10.775807185084128,100.0
1 ppm,10.783083219645293,100.0
1 ppm,10.790359254206457,100.0
1 ppm,10.797635288767621,100.0
1 ppm,10.804911323328785,100.0
1 ppm,10.81218735788995,100.0
1 ppm,10.819463392451114,100.0
1 ppm,10.826739427012278,100.0
1 ppm,10.834015461573442,100.0
1 ppm,10.841291496134605,100.0
1 ppm,10.848567530695771,100.0
1 ppm,10.855843565256935,100.0
1 ppm,10.863119599818098,100.0
1 ppm,10.870395634379262,100.0
1 ppm,10.877671668940428,100.0
1 ppm,10.884947703501592,100.0
1 ppm,10.892223738062755,100.0
1 ppm,10.89949977262392,100.0
1 ppm,10.906775807185083,100.0
1 ppm,10.914051841746248,100.0
1 ppm,10.921327876307412,100.0
1 ppm,10.928603910868576,100.0
1 ppm,10.93587994542974,100.0
1 ppm,10.943155979990905,100.0
1 ppm,10.950432014552069,100.0
1 ppm,10.957708049113233,100.0
1 ppm,10.964984083674397,100.0
1 ppm,10.972260118235562,100.0
1 ppm,10.979536152796726,100.0
1 ppm,10.98681218735789,100.0
1 ppm,10.994088221919053,100.0
1 ppm,11.001364256480217,100.0
1 ppm,11.008640291041383,100.0
1 ppm,11.015916325602547,100.0
1 ppm,11.02319236016371,100.0
1 ppm,11.030468394724874,100.0
1 ppm,11.03774442928604,100.0
1 ppm,11.045020463847203,100.0
1 ppm,11.052296498408367,100.0
1 ppm,11.059572532969531,100.0
1 ppm,11.066848567530695,100.0
1 ppm,11.07412460209186,100.0
1 ppm,11.081400636653024,100.0
1 ppm,11.088676671214188,100.0
1 ppm,11.095952705775352,100.0
1 ppm,11.103228740336517,100.0
1 ppm,11.11050477489768,100.0
1 ppm,11.117780809458845,100.0
1 ppm,11.125056844020008,100.0
1 ppm,11.132332878581172,100.0
1 ppm,11.139608913142338,100.0
1 ppm,11.146884947703501,100.0
1 ppm,11.154160982264665,100.0
1 ppm,11.161437016825829,100.0
1 ppm,11.168713051386995,100.0
1 ppm,11.175989085948158,100.0
1 ppm,11.183265120509322,100.0
1 ppm,11.190541155070486,100.0
1 ppm,11.19781718963165,100.0
1 ppm,11.205093224192815,100.0
1 ppm,11.212369258753979,100.0
1 ppm,11.219645293315143,100.0
1 ppm,11.226921327876306,100.0
1 ppm,11.234197362437472,100.0
1 ppm,11.241473396998636,100.0
1 ppm,11.2487494315598,100.0
1 ppm,11.256025466120963,100.0
1 ppm,11.263301500682127,100.0
1 ppm,11.270577535243293,100.0
1 ppm,11.277853569804456,100.0
1 ppm,11.28512960436562,100.0
1 ppm,11.292405638926784,100.0
1 ppm,11.29968167348795,100.0
1 ppm,11.306957708049113,100.0
1 ppm,11.314233742610277,100.0
1 ppm,11.32150977717144,100.0
1 ppm,11.328785811732605,100.0
1 ppm,11.33606184629377,100.0
1 ppm,11.343337880854934,100.0
1 ppm,11.350613915416098,100.0
1 ppm,11.357889949977261,100.0
1 ppm,11.365165984538427,100.0
1 ppm,11.37244201909959,100.0
1 ppm,11.379718053660755,100.0
1 ppm,11.386994088221918,100.0
1 ppm,11.394270122783082,100.0
1 ppm,11.401546157344248,100.0
1 ppm,11.408822191905411,100.0
1 ppm,11.416098226466575,100.0
1 ppm,11.423374261027739,100.0
1 ppm,11.430650295588904,100.0
1 ppm,11.437926330150068,100.0
1 ppm,11.445202364711232,100.0
1 ppm,11.452478399272396,100.0
1 ppm,11.45975443383356,100.0
1 ppm,11.467030468394725,100.0
1 ppm,11.474306502955889,100.0
1 ppm,11.481582537517053,100.0
1 ppm,11.488858572078216,100.0
1 ppm,11.496134606639382,100.0
1 ppm,11.503410641200546,100.0
1 ppm,11.51068667576171,100.0
1 ppm,11.517962710322873,100.0
1 ppm,11.525238744884037,100.0
1 ppm,11.532514779445203,100.0
1 ppm,11.539790814006366,100.0
1 ppm,11.54706684856753,100.0
1 ppm,11.554342883128694,100.0
1 ppm,11.56161891768986,100.0
1 ppm,11.568894952251023,100.0
1 ppm,11.576170986812187,100.0
1 ppm,11.58344702137335,100.0
1 ppm,11.590723055934514,100.0
1 ppm,11.59799909049568,100.0
1 ppm,11.605275125056844,100.0
1 ppm,11.612551159618008,100.0
1 ppm,11.619827194179171,100.0
1 ppm,11.627103228740337,100.0
1 ppm,11.6343792633015,100.0
1 ppm,11.641655297862664,100.0
1 ppm,11.648931332423828,100.0
1 ppm,11.656207366984992,100.0
1 ppm,11.663483401546157,100.0
1 ppm,11.670759436107321,100.0
1 ppm,11.678035470668485,100.0
1 ppm,11.685311505229649,100.0
1 ppm,11.692587539790814,100.0
1 ppm,11.699863574351978,100.0
1 ppm,11.707139608913142,100.0
1 ppm,11.714415643474306,100.0
1 ppm,11.72169167803547,100.0
1 ppm,11.728967712596635,100.0
1 ppm,11.736243747157799,100.0
1 ppm,11.743519781718962,100.0
1 ppm,11.750795816280126,100.0
1 ppm,11.758071850841292,100.0
1 ppm,11.765347885402456,100.0
1 ppm,11.77262391996362,100.0
1 ppm,11.779899954524783,100.0
1 ppm,11.787175989085947,100.0
1 ppm,11.794452023647112,100.0
1 ppm,11.801728058208276,100.0
1 ppm,11.80900409276944,100.0
1 ppm,11.816280127330604,100.0
1 ppm,11.82355616189177,100.0
1 ppm,11.830832196452933,100.0
1 ppm,11.838108231014097,100.0
1 ppm,11.84538426557526,100.0
1 ppm,11.852660300136426,100.0
1 ppm,11.85993633469759,100.0
1 ppm,11.867212369258754,100.0
1 ppm,11.874488403819917,100.0
1 ppm,11.881764438381081,100.0
1 ppm,11.889040472942247,100.0
1 ppm,11.89631650750341,100.0
1 ppm,11.903592542064574,100.0
1 ppm,11.910868576625738,100.0
1 ppm,11.918144611186904,100.0
1 ppm,11.925420645748067,100.0
1 ppm,11.932696680309231,100.0
1 ppm,11.939972714870395,100.0
1 ppm,11.947248749431559,100.0
1 ppm,11.954524783992724,100.0
1 ppm,11.961800818553888,100.0
1 ppm,11.969076853115052,100.0
1 ppm,11.976352887676216,100.0
1 ppm,11.983628922237381,100.0
1 ppm,11.990904956798545,100.0
1 ppm,11.998180991359709,100.0
1 ppm,12.005457025920872,100.0
1 ppm,12.012733060482036,100.0
1 ppm,12.020009095043202,100.0
1 ppm,12.027285129604365,100.0
1 ppm,12.03456116416553,100.0
1 ppm,12.041837198726693,100.0
1 ppm,12.049113233287859,100.0
1 ppm,12.056389267849022,100.0
1 ppm,12.063665302410186,100.0
1 ppm,12.07094133697135,100.0
1 ppm,12.078217371532514,100.0
1 ppm,12.08549340609368,100.0
1 ppm,12.092769440654843,100.0
1 ppm,12.100045475216007,100.0
1 ppm,12.10732150977717,100.0
1 ppm,12.114597544338336,100.0
1 ppm,12.1218735788995,100.0
1 ppm,12.129149613460664,100.0
1 ppm,12.136425648021827,100.0
1 ppm,12.143701682582991,100.0
1 ppm,12.150977717144157,100.0
1 ppm,12.15825375170532,100.0
1 ppm,12.165529786266484,100.0
1 ppm,12.172805820827648,100.0
1 ppm,12.180081855388813,100.0
1 ppm,12.187357889949977,100.0
1 ppm,12.194633924511141,100.0
1 ppm,12.201909959072305,100.0
1 ppm,12.209185993633469,100.0
1 ppm,12.216462028194634,100.0
1 ppm,12.223738062755798,100.0
1 ppm,12.231014097316962,100.0
1 ppm,12.238290131878125,100.0
1 ppm,12.245566166439291,100.0
1 ppm,12.252842201000455,100.0
1 ppm,12.260118235561619,100.0
1 ppm,12.267394270122782,100.0
1 ppm,12.274670304683946,100.0
1 ppm,12.281946339245112,100.0
1 ppm,12.289222373806275,100.0
1 ppm,12.29649840836744,100.0
1 ppm,12.303774442928603,100.0
1 ppm,12.311050477489768,100.0
1 ppm,12.318326512050932,100.0
1 ppm,12.325602546612096,100.0
1 ppm,12.33287858117326,100.0
1 ppm,12.340154615734424,100.0
1 ppm,12.347430650295589,100.0
1 ppm,12.354706684856753,100.0
1 ppm,12.361982719417917,100.0
1 ppm,12.36925875397908,100.0
1 ppm,12.376534788540246,100.0
1 ppm,12.38381082310141,100.0
1 ppm,12.391086857662573,100.0
1 ppm,12.398362892223737,100.0
1 ppm,12.405638926784901,100.0
1 ppm,12.412914961346067,100.0
1 ppm,12.42019099590723,100.0
1 ppm,12.427467030468394,100.0
1 ppm,12.434743065029558,100.0
1 ppm,12.442019099590723,100.0
1 ppm,12.449295134151887,100.0
1 ppm,12.456571168713051,100.0
1 ppm,12.463847203274215,100.0
1 ppm,12.471123237835378,100.0
1 ppm,12.478399272396544,100.0
1 ppm,12.485675306957708,100.0
1 ppm,12.492951341518872,100.0
1 ppm,12.500227376080035,100.0
1 ppm,12.5075034106412,100.0
1 ppm,12.514779445202365,100.0
1 ppm,12.522055479763528,100.0
1 ppm,12.529331514324692,100.0
1 ppm,12.536607548885856,100.0
1 ppm,12.543883583447021,100.0
1 ppm,12.551159618008185,100.0
1 ppm,12.558435652569349,100.0
1 ppm,12.565711687130513,100.0
1 ppm,12.572987721691678,100.0
1 ppm,12.580263756252842,100.0
1 ppm,12.587539790814006,100.0
1 ppm,12.59481582537517,100.0
1 ppm,12.602091859936333,100.0
1 ppm,12.609367894497499,100.0
1 ppm,12.616643929058663,100.0
1 ppm,12.623919963619826,100.0
1 ppm,12.63119599818099,100.0
1 ppm,12.638472032742156,100.0
1 ppm,12.64574806730332,100.0
1 ppm,12.653024101864483,100.0
1 ppm,12.660300136425647,100.0
1 ppm,12.66757617098681,100.0
1 ppm,12.674852205547976,100.0
1 ppm,12.68212824010914,100.0
1 ppm,12.689404274670304,100.0
1 ppm,12.696680309231468,100.0
1 ppm,12.703956343792633,100.0
1 ppm,12.711232378353797,100.0
1 ppm,12.71850841291496,100.0
1 ppm,12.725784447476125,100.0
1 ppm,12.73306048203729,100.0
1 ppm,12.740336516598454,100.0
1 ppm,12.747612551159618,100.0
1 ppm,12.754888585720781,100.0
1 ppm,12.762164620281945,100.0
1 ppm,12.76944065484311,100.0
1 ppm,12.776716689404275,100.0
1 ppm,12.783992723965438,100.0
1 ppm,12.791268758526602,100.0
1 ppm,12.798544793087768,100.0
1 ppm,12.805820827648931,100.0
1 ppm,12.813096862210095,100.0
1 ppm,12.820372896771259,100.0
1 ppm,12.827648931332423,100.0
1 ppm,12.834924965893588,100.0
1 ppm,12.842201000454752,100.0
1 ppm,12.849477035015916,100.0
1 ppm,12.85675306957708,100.0
1 ppm,12.864029104138245,100.0
1 ppm,12.871305138699409,100.0
1 ppm,12.878581173260573,100.0
1 ppm,12.885857207821736,100.0
1 ppm,12.8931332423829,100.0
1 ppm,12.900409276944066,100.0
1 ppm,12.90768531150523,100.0
1 ppm,12.914961346066393,100.0
1 ppm,12.922237380627557,100.0
1 ppm,12.929513415188723,100.0
1 ppm,12.936789449749886,100.0
1 ppm,12.94406548431105,100.0
1 ppm,12.951341518872214,100.0
1 ppm,12.958617553433378,100.0
1 ppm,12.965893587994543,100.0
1 ppm,12.973169622555707,100.0
1 ppm,12.98044565711687,100.0
1 ppm,12.987721691678034,100.0
1 ppm,12.9949977262392,100.0
1 ppm,13.002273760800364,100.0
1 ppm,13.009549795361528,100.0
1 ppm,13.016825829922691,100.0
1 ppm,13.024101864483855,100.0
1 ppm,13.03137789904502,100.0
1 ppm,13.038653933606184,100.0
1 ppm,13.045929968167348,100.0
1 ppm,13.053206002728512,100.0
1 ppm,13.060482037289677,100.0
1 ppm,13.067758071850841,100.0
1 ppm,13.075034106412005,100.0
1 ppm,13.082310140973169,100.0
1 ppm,13.089586175534333,100.0
1 ppm,13.096862210095498,100.0
1 ppm,13.104138244656662,100.0
1 ppm,13.111414279217826,100.0
1 ppm,13.11869031377899,100.0
1 ppm,13.125966348340155,100.0
1 ppm,13.133242382901319,100.0
1 ppm,13.140518417462483,100.0
1 ppm,13.147794452023646,100.0
1 ppm,13.15507048658481,100.0
1 ppm,13.162346521145976,100.0
1 ppm,13.16962255570714,100.0
1 ppm,13.176898590268303,100.0
1 ppm,13.184174624829467,100.0
1 ppm,13.191450659390632,100.0
1 ppm,13.198726693951796,100.0
1 ppm,13.20600272851296,100.0
1 ppm,13.213278763074124,100.0
1 ppm,13.220554797635288,100.0
1 ppm,13.227830832196453,100.0
1 ppm,13.235106866757617,100.0
1 ppm,13.24238290131878,100.0
1 ppm,13.249658935879944,100.0
1 ppm,13.25693497044111,100.0
1 ppm,13.264211005002274,100.0
1 ppm,13.271487039563437,100.0
1 ppm,13.278763074124601,100.0
1 ppm,13.286039108685765,100.0
1 ppm,13.29331514324693,100.0
1 ppm,13.300591177808094,100.0
1 ppm,13.307867212369258,100.0
1 ppm,13.315143246930422,100.0
1 ppm,13.322419281491587,100.0
1 ppm,13.329695316052751,100.0
1 ppm,13.336971350613915,100.0
1 ppm,13.344247385175079,100.0
1 ppm,13.351523419736242,100.0
1 ppm,13.358799454297408,100.0
1 ppm,13.366075488858572,100.0
1 ppm,13.373351523419736,100.0
1 ppm,13.3806275579809,100.0
1 ppm,13.387903592542065,100.0
1 ppm,13.395179627103229,100.0
1 ppm,13.402455661664392,100.0
1 ppm,13.409731696225556,100.0
1 ppm,13.41700773078672,100.0
1 ppm,13.424283765347885,100.0
1 ppm,13.43155979990905,100.0
1 ppm,13.438835834470213,100.0
1 ppm,13.446111869031377,100.0
1 ppm,13.453387903592542,100.0
1 ppm,13.460663938153706,100.0
1 ppm,13.46793997271487,100.0
1 ppm,13.475216007276034,100.0
1 ppm,13.482492041837197,100.0
1 ppm,13.489768076398363,100.0
1 ppm,13.497044110959527,100.0
1 ppm,13.50432014552069,100.0
1 ppm,13.511596180081854,100.0
1 ppm,13.51887221464302,100.0
1 ppm,13.526148249204184,100.0
1 ppm,13.533424283765347,100.0
1 ppm,13.540700318326511,100.0
1 ppm,13.547976352887675,100.0
1 ppm,13.55525238744884,100.0
1 ppm,13.562528422010004,100.0
1 ppm,13.569804456571168,100.0
1 ppm,13.577080491132332,100.0
1 ppm,13.584356525693497,100.0
1 ppm,13.591632560254661,100.0
1 ppm,13.598908594815825,100.0
1 ppm,13.606184629376989,100.0
1 ppm,13.613460663938154,100.0
1 ppm,13.620736698499318,100.0
1 ppm,13.628012733060482,100.0
1 ppm,13.635288767621645,100.0
1 ppm,13.64256480218281,100.0
1 ppm,13.649840836743975,100.0
1 ppm,13.657116871305139,100.0
1 ppm,13.664392905866302,100.0
1 ppm,13.671668940427466,100.0
1 ppm,13.678944974988632,100.0
1 ppm,13.686221009549795,100.0
1 ppm,13.69349704411096,100.0
1 ppm,13.700773078672123,100.0
1 ppm,13.708049113233287,100.0
1 ppm,13.715325147794452,100.0
1 ppm,13.722601182355616,100.0
1 ppm,13.72987721691678,100.0
1 ppm,13.737153251477944,100.0
1 ppm,13.744429286039109,100.0
1 ppm,13.751705320600273,100.0
1 ppm,13.758981355161437,100.0
1 ppm,13.7662573897226,100.0
1 ppm,13.773533424283764,100.0
1 ppm,13.78080945884493,100.0
1 ppm,13.788085493406093,100.0
1 ppm,13.795361527967257,100.0
1 ppm,13.802637562528421,100.0
1 ppm,13.809913597089587,100.0
1 ppm,13.81718963165075,100.0
1 ppm,13.824465666211914,100.0
1 ppm,13.831741700773078,100.0
1 ppm,13.839017735334242,100.0
1 ppm,13.846293769895407,100.0
1 ppm,13.853569804456571,100.0
1 ppm,13.860845839017735,100.0
1 ppm,13.868121873578898,100.0
1 ppm,13.875397908140064,100.0
1 ppm,13.882673942701228,100.0
1 ppm,13.889949977262392,100.0
1 ppm,13.897226011823555,100.0
1 ppm,13.904502046384719,100.0
1 ppm,13.911778080945885,100.0
1 ppm,13.919054115507048,100.0
1 ppm,13.926330150068212,100.0
1 ppm,13.933606184629376,100.0
1 ppm,13.940882219190541,100.0
1 ppm,13.948158253751705,100.0
1 ppm,13.955434288312869,100.0
1 ppm,13.962710322874033,100.0
1 ppm,13.969986357435197,100.0
1 ppm,13.977262391996362,100.0
1 ppm,13.984538426557526,100.0
1 ppm,13.99181446111869,100.0
1 ppm,13.999090495679853,100.0
1 ppm,14.006366530241019,100.0
1 ppm,14.013642564802183,100.0
1 ppm,14.020918599363347,100.0
1 ppm,14.02819463392451,100.0
1 ppm,14.035470668485674,100.0
1 ppm,14.04274670304684,100.0
1 ppm,14.050022737608003,100.0
1 ppm,14.057298772169167,100.0
1 ppm,14.064574806730331,100.0
1 ppm,14.071850841291496,100.0
1 ppm,14.07912687585266,100.0
1 ppm,14.086402910413824,100.0
1 ppm,14.093678944974988,100.0
1 ppm,14.100954979536152,100.0
1 ppm,14.108231014097317,100.0
1 ppm,14.11550704865848,100.0
1 ppm,14.122783083219645,100.0
1 ppm,14.130059117780808,100.0
1 ppm,14.137335152341974,100.0
1 ppm,14.144611186903138,100.0
1 ppm,14.151887221464301,100.0
1 ppm,14.159163256025465,100.0
1 ppm,14.166439290586629,100.0
1 ppm,14.173715325147795,100.0
1 ppm,14.180991359708958,100.0
1 ppm,14.188267394270122,100.0
1 ppm,14.195543428831286,100.0
1 ppm,14.202819463392451,100.0
1 ppm,14.210095497953615,100.0
1 ppm,14.217371532514779,100.0
1 ppm,14.224647567075943,100.0
1 ppm,14.231923601637106,100.0
1 ppm,14.239199636198272,100.0
1 ppm,14.246475670759436,100.0
1 ppm,14.2537517053206,100.0
1 ppm,14.261027739881763,100.0
1 ppm,14.268303774442929,100.0
1 ppm,14.275579809004093,100.0
1 ppm,14.282855843565256,100.0
1 ppm,14.29013187812642,100.0
1 ppm,14.297407912687584,100.0
1 ppm,14.30468394724875,100.0
1 ppm,14.311959981809913,100.0
1 ppm,14.319236016371077,100.0
1 ppm,14.32651205093224,100.0
1 ppm,14.333788085493406,100.0
1 ppm,14.34106412005457,100.0
1 ppm,14.348340154615734,100.0
1 ppm,14.355616189176898,100.0
1 ppm,14.362892223738061,100.0
1 ppm,14.370168258299227,100.0
1 ppm,14.37744429286039,100.0
1 ppm,14.384720327421554,100.0
1 ppm,14.391996361982718,100.0
1 ppm,14.399272396543884,100.0
1 ppm,14.406548431105048,100.0
1 ppm,14.413824465666211,100.0
1 ppm,14.421100500227375,100.0
1 ppm,14.428376534788539,100.0
1 ppm,14.435652569349704,100.0
1 ppm,14.442928603910868,100.0
1 ppm,14.450204638472032,100.0
1 ppm,14.457480673033196,100.0
1 ppm,14.464756707594361,100.0
1 ppm,14.472032742155525,100.0
1 ppm,14.479308776716689,100.0
1 ppm,14.486584811277853,100.0
1 ppm,14.493860845839018,100.0
1 ppm,14.501136880400182,100.0
1 ppm,14.508412914961346,100.0
1 ppm,14.51568894952251,100.0
1 ppm,14.522964984083673,100.0
1 ppm,14.530241018644839,100.0
1 ppm,14.537517053206003,100.0
1 ppm,14.544793087767166,100.0
1 ppm,14.55206912232833,100.0
1 ppm,14.559345156889496,100.0
1 ppm,14.56662119145066,100.0
1 ppm,14.573897226011823,100.0
1 ppm,14.581173260572987,100.0
1 ppm,14.58844929513415,100.0
1 ppm,14.595725329695316,100.0
1 ppm,14.60300136425648,100.0
1 ppm,14.610277398817644,100.0
1 ppm,14.617553433378808,100.0
1 ppm,14.624829467939973,100.0
1 ppm,14.632105502501137,100.0
1 ppm,14.6393815370623,100.0
1 ppm,14.646657571623464,100.0
1 ppm,14.653933606184628,100.0
1 ppm,14.661209640745794,100.0
1 ppm,14.668485675306957,100.0
1 ppm,14.675761709868121,100.0
1 ppm,14.683037744429285,100.0
1 ppm,14.69031377899045,100.0
1 ppm,14.697589813551614,100.0
1 ppm,14.704865848112778,100.0
1 ppm,14.712141882673942,100.0
1 ppm,14.719417917235106,100.0
1 ppm,14.726693951796271,100.0
1 ppm,14.733969986357435,100.0
1 ppm,14.741246020918599,100.0
1 ppm,14.748522055479762,100.0
1 ppm,14.755798090040928,100.0
1 ppm,14.763074124602092,100.0
1 ppm,14.770350159163256,100.0
1 ppm,14.77762619372442,100.0
1 ppm,14.784902228285583,100.0
1 ppm,14.792178262846749,100.0
1 ppm,14.799454297407912,100.0
1 ppm,14.806730331969076,100.0
1 ppm,14.81400636653024,100.0
1 ppm,14.821282401091405,100.0
1 ppm,14.82855843565257,100.0
1 ppm,14.835834470213733,100.0
1 ppm,14.843110504774897,100.0
1 ppm,14.85038653933606,100.0
1 ppm,14.857662573897226,100.0
1 ppm,14.86493860845839,100.0
1 ppm,14.872214643019554,100.0
1 ppm,14.879490677580717,100.0
1 ppm,14.886766712141883,100.0
1 ppm,14.894042746703047,100.0
1 ppm,14.90131878126421,100.0
1 ppm,14.908594815825374,100.0
1 ppm,14.915870850386538,100.0
1 ppm,14.923146884947704,100.0
1 ppm,14.930422919508867,100.0
1 ppm,14.937698954070031,100.0
1 ppm,14.944974988631195,100.0
1 ppm,14.95225102319236,100.0
1 ppm,14.959527057753524,100.0
1 ppm,14.966803092314688,100.0
1 ppm,14.974079126875852,100.0
1 ppm,14.981355161437016,100.0
1 ppm,14.988631195998181,100.0
1 ppm,14.995907230559345,100.0
1 ppm,15.003183265120509,100.0
1 ppm,15.010459299681672,100.0
1 ppm,15.017735334242838,100.0
1 ppm,15.025011368804002,100.0
1 ppm,15.032287403365165,100.0
1 ppm,15.03956343792633,100.0
1 ppm,15.046839472487493,100.0
1 ppm,15.054115507048659,100.0
1 ppm,15.061391541609822,100.0
1 ppm,15.068667576170986,100.0
1 ppm,15.07594361073215,100.0
1 ppm,15.083219645293315,100.0
1 ppm,15.09049567985448,100.0
1 ppm,15.097771714415643,100.0
1 ppm,15.105047748976807,100.0
1 ppm,15.11232378353797,100.0
1 ppm,15.119599818099136,100.0
1 ppm,15.1268758526603,100.0
1 ppm,15.134151887221464,100.0
1 ppm,15.141427921782627,100.0
1 ppm,15.148703956343793,100.0
1 ppm,15.155979990904957,100.0
1 ppm,15.16325602546612,100.0
1 ppm,15.170532060027284,100.0
1 ppm,15.177808094588448,100.0
1 ppm,15.185084129149613,100.0
1 ppm,15.192360163710777,100.0
1 ppm,15.199636198271941,100.0
1 ppm,15.206912232833105,100.0
1 ppm,15.21418826739427,100.0
1 ppm,15.221464301955434,100.0
1 ppm,15.228740336516598,100.0
1 ppm,15.236016371077762,100.0
1 ppm,15.243292405638925,100.0
1 ppm,15.250568440200091,100.0
1 ppm,15.257844474761255,100.0
1 ppm,15.265120509322418,100.0
1 ppm,15.272396543883582,100.0
1 ppm,15.279672578444748,100.0
1 ppm,15.286948613005912,100.0
1 ppm,15.294224647567075,100.0
1 ppm,15.301500682128239,100.0
1 ppm,15.308776716689403,100.0
1 ppm,15.316052751250568,100.0
1 ppm,15.323328785811732,100.0
1 ppm,15.330604820372896,100.0
1 ppm,15.33788085493406,100.0
1 ppm,15.345156889495225,100.0
1 ppm,15.352432924056389,100.0
1 ppm,15.359708958617553,100.0
1 ppm,15.366984993178717,100.0
1 ppm,15.374261027739882,100.0
1 ppm,15.381537062301046,100.0
1 ppm,15.38881309686221,100.0
1 ppm,15.396089131423373,100.0
1 ppm,15.403365165984537,100.0
1 ppm,15.410641200545703,100.0
1 ppm,15.417917235106867,100.0
1 ppm,15.42519326966803,100.0
1 ppm,15.432469304229194,100.0
1 ppm,15.43974533879036,100.0
1 ppm,15.447021373351523,100.0
1 ppm,15.454297407912687,100.0
1 ppm,15.461573442473851,100.0
1 ppm,15.468849477035015,100.0
1 ppm,15.47612551159618,100.0
1 ppm,15.483401546157344,100.0
1 ppm,15.490677580718508,100.0
1 ppm,15.497953615279672,100.0
1 ppm,15.505229649840837,100.0
1 ppm,15.512505684402,100.0
1 ppm,15.519781718963165,100.0
1 ppm,15.527057753524328,100.0
1 ppm,15.534333788085492,100.0
1 ppm,15.541609822646658,100.0
1 ppm,15.548885857207821,100.0
1 ppm,15.556161891768985,100.0
1 ppm,15.563437926330149,100.0
1 ppm,15.570713960891315,100.0
1 ppm,15.577989995452478,100.0
1 ppm,15.585266030013642,100.0
1 ppm,15.592542064574806,100.0
1 ppm,15.59981809913597,100.0
1 ppm,15.607094133697135,100.0
1 ppm,15.614370168258299,100.0
1 ppm,15.621646202819463,100.0
1 ppm,15.628922237380626,100.0
1 ppm,15.636198271941792,100.0
1 ppm,15.643474306502956,100.0
1 ppm,15.65075034106412,100.0
1 ppm,15.658026375625283,100.0
1 ppm,15.665302410186447,100.0
1 ppm,15.672578444747613,100.0
1 ppm,15.679854479308776,100.0
1 ppm,15.68713051386994,100.0
1 ppm,15.694406548431104,100.0
1 ppm,15.70168258299227,100.0
1 ppm,15.708958617553433,100.0
1 ppm,15.716234652114597,100.0
1 ppm,15.72351068667576,100.0
1 ppm,15.730786721236925,100.0
1 ppm,15.73806275579809,100.0
1 ppm,15.745338790359254,100.0
1 ppm,15.752614824920418,100.0
1 ppm,15.759890859481581,100.0
1 ppm,15.767166894042747,100.0
1 ppm,15.77444292860391,100.0
1 ppm,15.781718963165074,100.0
1 ppm,15.788994997726238,100.0
1 ppm,15.796271032287402,100.0
1 ppm,15.803547066848568,100.0
1 ppm,15.810823101409731,100.0
1 ppm,15.818099135970895,100.0
1 ppm,15.825375170532059,100.0
1 ppm,15.832651205093224,100.0
1 ppm,15.839927239654388,100.0
1 ppm,15.847203274215552,100.0
1 ppm,15.854479308776716,100.0
1 ppm,15.86175534333788,100.0
1 ppm,15.869031377899045,100.0
1 ppm,15.876307412460209,100.0
1 ppm,15.883583447021373,100.0
1 ppm,15.890859481582536,100.0
1 ppm,15.898135516143702,100.0
1 ppm,15.905411550704866,100.0
1 ppm,15.91268758526603,100.0
1 ppm,15.919963619827193,100.0
1 ppm,15.927239654388357,100.0
1 ppm,15.934515688949523,100.0
1 ppm,15.941791723510686,100.0
1 ppm,15.94906775807185,100.0
1 ppm,15.956343792633014,100.0
1 ppm,15.96361982719418,100.0
1 ppm,15.970895861755343,100.0
1 ppm,15.978171896316507,100.0
1 ppm,15.98544793087767,100.0
1 ppm,15.992723965438834,100.0
1 ppm,16.0,100.0
2 ppm,0.0,350.0
2 ppm,0.007276034561164165,350.0
2 ppm,0.01455206912232833,350.0
2 ppm,0.021828103683492497,350.0
2 ppm,0.02910413824465666,350.0
2 ppm,0.03638017280582083,350.0
2 ppm,0.04365620736698499,350.0
2 ppm,0.05093224192814916,350.0
2 ppm,0.05820827648931332,350.0
2 ppm,0.06548431105047749,350.0
2 ppm,0.07276034561164166,350.0
2 ppm,0.08003638017280582,350.0
2 ppm,0.08731241473396999,350.0
2 ppm,0.09458844929513414,350.0
2 ppm,0.10186448385629832,350.0
2 ppm,0.10914051841746247,350.0
2 ppm,0.11641655297862664,350.0
2 ppm,0.12369258753979082,350.0
2 ppm,0.13096862210095497,350.0
2 ppm,0.13824465666211913,350.0
2 ppm,0.14552069122328332,350.0
2 ppm,0.15279672578444747,350.0
2 ppm,0.16007276034561163,350.0
2 ppm,0.1673487949067758,350.0
2 ppm,0.17462482946793997,350.0
2 ppm,0.18190086402910413,350.0
2 ppm,0.1891768985902683,350.0
2 ppm,0.19645293315143247,350.0
2 ppm,0.20372896771259663,350.0
2 ppm,0.2110050022737608,350.0
2 ppm,0.21828103683492495,350.0
2 ppm,0.22555707139608913,350.0
2 ppm,0.2328331059572533,350.0
2 ppm,0.24010914051841745,350.0
2 ppm,0.24738517507958163,350.0
2 ppm,0.2546612096407458,350.0
2 ppm,0.26193724420190995,350.0
2 ppm,0.2692132787630741,350.0
2 ppm,0.27648931332423826,350.0
2 ppm,0.2837653478854024,350.0
2 ppm,0.29104138244656663,350.0
2 ppm,0.2983174170077308,350.0
2 ppm,0.30559345156889495,350.0
2 ppm,0.3128694861300591,350.0
2 ppm,0.32014552069122326,350.0
2 ppm,0.3274215552523874,350.0
2 ppm,0.3346975898135516,350.0
2 ppm,0.3419736243747158,350.0
2 ppm,0.34924965893587995,350.0
2 ppm,0.3565256934970441,350.0
2 ppm,0.36380172805820826,350.0
2 ppm,0.3710777626193724,350.0
2 ppm,0.3783537971805366,350.0
2 ppm,0.38562983174170073,350.0
2 ppm,0.39290586630286495,350.0
2 ppm,0.4001819008640291,350.0
2 ppm,0.40745793542519326,350.0
2 ppm,0.4147339699863574,350.0
2 ppm,0.4220100045475216,350.0
2 ppm,0.42928603910868574,350.0
2 ppm,0.4365620736698499,350.0
2 ppm,0.4438381082310141,350.0
2 ppm,0.45111414279217826,350.0
2 ppm,0.4583901773533424,350.0
2 ppm,0.4656662119145066,350.0
2 ppm,0.47294224647567074,350.0
2 ppm,0.4802182810368349,350.0
2 ppm,0.48749431559799905,350.0
2 ppm,0.49477035015916326,350.0
2 ppm,0.5020463847203274,350.0
2 ppm,0.5093224192814916,350.0
2 ppm,0.5165984538426557,350.0
2 ppm,0.5238744884038199,350.0
2 ppm,0.5311505229649841,350.0
2 ppm,0.5384265575261482,350.0
2 ppm,0.5457025920873124,350.0
2 ppm,0.5529786266484765,350.0
2 ppm,0.5602546612096407,350.0
2 ppm,0.5675306957708048,350.0
2 ppm,0.574806730331969,350.0
2 ppm,0.5820827648931333,350.0
2 ppm,0.5893587994542974,350.0
2 ppm,0.5966348340154616,350.0
2 ppm,0.6039108685766257,350.0
2 ppm,0.6111869031377899,350.0
2 ppm,0.618462937698954,350.0
2 ppm,0.6257389722601182,350.0
2 ppm,0.6330150068212824,350.0
2 ppm,0.6402910413824465,350.0
2 ppm,0.6475670759436107,350.0
2 ppm,0.6548431105047748,350.0
2 ppm,0.662119145065939,350.0
2 ppm,0.6693951796271032,350.0
2 ppm,0.6766712141882674,350.0
2 ppm,0.6839472487494316,350.0
2 ppm,0.6912232833105957,350.0
2 ppm,0.6984993178717599,350.0
2 ppm,0.705775352432924,350.0
2 ppm,0.7130513869940882,350.0
2 ppm,0.7203274215552523,350.0
2 ppm,0.7276034561164165,350.0
2 ppm,0.7348794906775807,350.0
2 ppm,0.7421555252387448,350.0
2 ppm,0.749431559799909,350.0
2 ppm,0.7567075943610732,350.0
2 ppm,0.7639836289222374,350.0
2 ppm,0.7712596634834015,350.0
2 ppm,0.7785356980445657,350.0
2 ppm,0.7858117326057299,350.0
2 ppm,0.793087767166894,350.0
2 ppm,0.8003638017280582,350.0
2 ppm,0.8076398362892223,350.0
2 ppm,0.8149158708503865,350.0
2 ppm,0.8221919054115506,350.0
2 ppm,0.8294679399727148,350.0
2 ppm,0.836743974533879,350.0
2 ppm,0.8440200090950432,350.0
2 ppm,0.8512960436562074,350.0
2 ppm,0.8585720782173715,350.0
2 ppm,0.8658481127785357,350.0
2 ppm,0.8731241473396998,350.0
2 ppm,0.880400181900864,350.0
2 ppm,0.8876762164620282,350.0
2 ppm,0.8949522510231923,350.0
2 ppm,0.9022282855843565,350.0
2 ppm,0.9095043201455206,350.0
2 ppm,0.9167803547066848,350.0
2 ppm,0.9240563892678489,350.0
2 ppm,0.9313324238290132,350.0
2 ppm,0.9386084583901774,350.0
2 ppm,0.9458844929513415,350.0
2 ppm,0.9531605275125057,350.0
2 ppm,0.9604365620736698,350.0
2 ppm,0.967712596634834,350.0
2 ppm,0.9749886311959981,350.0
2 ppm,0.9822646657571623,350.0
2 ppm,0.9895407003183265,350.0
2 ppm,0.9968167348794906,350.0
2 ppm,1.0040927694406547,350.0
2 ppm,1.011368804001819,350.0
2 ppm,1.0186448385629832,350.0
2 ppm,1.0259208731241474,350.0
2 ppm,1.0331969076853114,350.0
2 ppm,1.0404729422464756,350.0
2 ppm,1.0477489768076398,350.0
2 ppm,1.055025011368804,350.0
2 ppm,1.0623010459299682,350.0
2 ppm,1.0695770804911322,350.0
2 ppm,1.0768531150522964,350.0
2 ppm,1.0841291496134606,350.0
2 ppm,1.0914051841746248,350.0
2 ppm,1.098681218735789,350.0
2 ppm,1.105957253296953,350.0
2 ppm,1.1132332878581173,350.0
2 ppm,1.1205093224192815,350.0
2 ppm,1.1277853569804457,350.0
2 ppm,1.1350613915416097,350.0
2 ppm,1.142337426102774,350.0
2 ppm,1.149613460663938,350.0
2 ppm,1.1568894952251023,350.0
2 ppm,1.1641655297862665,350.0
2 ppm,1.1714415643474305,350.0
2 ppm,1.1787175989085947,350.0
2 ppm,1.185993633469759,350.0
2 ppm,1.1932696680309232,350.0
2 ppm,1.2005457025920874,350.0
2 ppm,1.2078217371532514,350.0
2 ppm,1.2150977717144156,350.0
2 ppm,1.2223738062755798,350.0
2 ppm,1.229649840836744,350.0
2 ppm,1.236925875397908,350.0
2 ppm,1.2442019099590722,350.0
2 ppm,1.2514779445202364,350.0
2 ppm,1.2587539790814006,350.0
2 ppm,1.2660300136425648,350.0
2 ppm,1.2733060482037288,350.0
2 ppm,1.280582082764893,350.0
2 ppm,1.2878581173260573,350.0
2 ppm,1.2951341518872215,350.0
2 ppm,1.3024101864483857,350.0
2 ppm,1.3096862210095497,350.0
2 ppm,1.316962255570714,350.0
2 ppm,1.324238290131878,350.0
2 ppm,1.3315143246930423,350.0
2 ppm,1.3387903592542063,350.0
2 ppm,1.3460663938153705,350.0
2 ppm,1.3533424283765347,350.0
2 ppm,1.360618462937699,350.0
2 ppm,1.3678944974988632,350.0
2 ppm,1.3751705320600272,350.0
2 ppm,1.3824465666211914,350.0
2 ppm,1.3897226011823556,350.0
2 ppm,1.3969986357435198,350.0
2 ppm,1.404274670304684,350.0
2 ppm,1.411550704865848,350.0
2 ppm,1.4188267394270122,350.0
2 ppm,1.4261027739881764,350.0
2 ppm,1.4333788085493406,350.0
2 ppm,1.4406548431105046,350.0
2 ppm,1.4479308776716688,350.0
2 ppm,1.455206912232833,350.0
2 ppm,1.4624829467939973,350.0
2 ppm,1.4697589813551615,350.0
2 ppm,1.4770350159163255,350.0
2 ppm,1.4843110504774897,350.0
2 ppm,1.491587085038654,350.0
2 ppm,1.498863119599818,350.0
2 ppm,1.5061391541609823,350.0
2 ppm,1.5134151887221463,350.0
2 ppm,1.5206912232833105,350.0
2 ppm,1.5279672578444747,350.0
2 ppm,1.535243292405639,350.0
2 ppm,1.542519326966803,350.0
2 ppm,1.5497953615279672,350.0
2 ppm,1.5570713960891314,350.0
2 ppm,1.5643474306502956,350.0
2 ppm,1.5716234652114598,350.0
2 ppm,1.5788994997726238,350.0
2 ppm,1.586175534333788,350.0
2 ppm,1.5934515688949522,350.0
2 ppm,1.6007276034561164,350.0
2 ppm,1.6080036380172806,350.0
2 ppm,1.6152796725784446,350.0
2 ppm,1.6225557071396088,350.0
2 ppm,1.629831741700773,350.0
2 ppm,1.6371077762619373,350.0
2 ppm,1.6443838108231013,350.0
2 ppm,1.6516598453842655,350.0
2 ppm,1.6589358799454297,350.0
2 ppm,1.666211914506594,350.0
2 ppm,1.673487949067758,350.0
2 ppm,1.680763983628922,350.0
2 ppm,1.6880400181900863,350.0
2 ppm,1.6953160527512505,350.0
2 ppm,1.7025920873124147,350.0
2 ppm,1.709868121873579,350.0
2 ppm,1.717144156434743,350.0
2 ppm,1.7244201909959072,350.0
2 ppm,1.7316962255570714,350.0
2 ppm,1.7389722601182356,350.0
2 ppm,1.7462482946793996,350.0
2 ppm,1.7535243292405638,350.0
2 ppm,1.760800363801728,350.0
2 ppm,1.7680763983628922,350.0
2 ppm,1.7753524329240564,350.0
2 ppm,1.7826284674852204,350.0
2 ppm,1.7899045020463846,350.0
2 ppm,1.7971805366075488,350.0
2 ppm,1.804456571168713,350.0
2 ppm,1.8117326057298773,350.0
2 ppm,1.8190086402910413,350.0
2 ppm,1.8262846748522055,350.0
2 ppm,1.8335607094133697,350.0
2 ppm,1.840836743974534,350.0
2 ppm,1.8481127785356979,350.0
2 ppm,1.855388813096862,350.0
2 ppm,1.8626648476580263,350.0
2 ppm,1.8699408822191905,350.0
2 ppm,1.8772169167803547,350.0
2 ppm,1.8844929513415187,350.0
2 ppm,1.891768985902683,350.0
2 ppm,1.8990450204638472,350.0
2 ppm,1.9063210550250114,350.0
2 ppm,1.9135970895861754,350.0
2 ppm,1.9208731241473396,350.0
2 ppm,1.9281491587085038,350.0
2 ppm,1.935425193269668,350.0
2 ppm,1.9427012278308322,350.0
2 ppm,1.9499772623919962,350.0
2 ppm,1.9572532969531604,350.0
2 ppm,1.9645293315143246,350.0
2 ppm,1.9718053660754888,350.0
2 ppm,1.979081400636653,350.0
2 ppm,1.986357435197817,350.0
2 ppm,1.9936334697589813,350.0
2 ppm,2.0009095043201452,350.0
2 ppm,2.0081855388813095,350.0
2 ppm,2.0154615734424737,350.0
2 ppm,2.022737608003638,350.0
2 ppm,2.030013642564802,350.0
2 ppm,2.0372896771259663,350.0
2 ppm,2.0445657116871305,350.0
2 ppm,2.0518417462482947,350.0
2 ppm,2.059117780809459,350.0
2 ppm,2.0663938153706227,350.0
2 ppm,2.073669849931787,350.0
2 ppm,2.080945884492951,350.0
2 ppm,2.0882219190541154,350.0
2 ppm,2.0954979536152796,350.0
2 ppm,2.102773988176444,350.0
2 ppm,2.110050022737608,350.0
2 ppm,2.117326057298772,350.0
2 ppm,2.1246020918599364,350.0
2 ppm,2.1318781264211006,350.0
2 ppm,2.1391541609822644,350.0
2 ppm,2.1464301955434286,350.0
2 ppm,2.153706230104593,350.0
2 ppm,2.160982264665757,350.0
2 ppm,2.1682582992269213,350.0
2 ppm,2.1755343337880855,350.0
2 ppm,2.1828103683492497,350.0
2 ppm,2.190086402910414,350.0
2 ppm,2.197362437471578,350.0
2 ppm,2.204638472032742,350.0
2 ppm,2.211914506593906,350.0
2 ppm,2.2191905411550703,350.0
2 ppm,2.2264665757162345,350.0
2 ppm,2.2337426102773987,350.0
2 ppm,2.241018644838563,350.0
2 ppm,2.248294679399727,350.0
2 ppm,2.2555707139608914,350.0
2 ppm,2.2628467485220556,350.0
2 ppm,2.2701227830832194,350.0
2 ppm,2.2773988176443836,350.0
2 ppm,2.284674852205548,350.0
2 ppm,2.291950886766712,350.0
2 ppm,2.299226921327876,350.0
2 ppm,2.3065029558890404,350.0
2 ppm,2.3137789904502046,350.0
2 ppm,2.321055025011369,350.0
2 ppm,2.328331059572533,350.0
2 ppm,2.3356070941336973,350.0
2 ppm,2.342883128694861,350.0
2 ppm,2.3501591632560253,350.0
2 ppm,2.3574351978171895,350.0
2 ppm,2.3647112323783537,350.0
2 ppm,2.371987266939518,350.0
2 ppm,2.379263301500682,350.0
2 ppm,2.3865393360618463,350.0
2 ppm,2.3938153706230105,350.0
2 ppm,2.4010914051841747,350.0
2 ppm,2.4083674397453385,350.0
2 ppm,2.4156434743065027,350.0
2 ppm,2.422919508867667,350.0
2 ppm,2.430195543428831,350.0
2 ppm,2.4374715779899954,350.0
2 ppm,2.4447476125511596,350.0
2 ppm,2.452023647112324,350.0
2 ppm,2.459299681673488,350.0
2 ppm,2.466575716234652,350.0
2 ppm,2.473851750795816,350.0
2 ppm,2.48112778535698,350.0
2 ppm,2.4884038199181444,350.0
2 ppm,2.4956798544793086,350.0
2 ppm,2.502955889040473,350.0
2 ppm,2.510231923601637,350.0
2 ppm,2.5175079581628013,350.0
2 ppm,2.5247839927239655,350.0
2 ppm,2.5320600272851297,350.0
2 ppm,2.539336061846294,350.0
2 ppm,2.5466120964074577,350.0
2 ppm,2.553888130968622,350.0
2 ppm,2.561164165529786,350.0
2 ppm,2.5684402000909503,350.0
2 ppm,2.5757162346521145,350.0
2 ppm,2.5829922692132787,350.0
2 ppm,2.590268303774443,350.0
2 ppm,2.597544338335607,350.0
2 ppm,2.6048203728967714,350.0
2 ppm,2.612096407457935,350.0
2 ppm,2.6193724420190994,350.0
2 ppm,2.6266484765802636,350.0
2 ppm,2.633924511141428,350.0
2 ppm,2.641200545702592,350.0
2 ppm,2.648476580263756,350.0
2 ppm,2.6557526148249204,350.0
2 ppm,2.6630286493860846,350.0
2 ppm,2.670304683947249,350.0
2 ppm,2.6775807185084126,350.0
2 ppm,2.684856753069577,350.0
2 ppm,2.692132787630741,350.0
2 ppm,2.6994088221919053,350.0
2 ppm,2.7066848567530695,350.0
2 ppm,2.7139608913142337,350.0
2 ppm,2.721236925875398,350.0
2 ppm,2.728512960436562,350.0
2 ppm,2.7357889949977263,350.0
2 ppm,2.7430650295588905,350.0
2 ppm,2.7503410641200543,350.0
2 ppm,2.7576170986812185,350.0
2 ppm,2.7648931332423827,350.0
2 ppm,2.772169167803547,350.0
2 ppm,2.779445202364711,350.0
2 ppm,2.7867212369258754,350.0
2 ppm,2.7939972714870396,350.0
2 ppm,2.801273306048204,350.0
2 ppm,2.808549340609368,350.0
2 ppm,2.8158253751705318,350.0
2 ppm,2.823101409731696,350.0
2 ppm,2.83037744429286,350.0
2 ppm,2.8376534788540244,350.0
2 ppm,2.8449295134151886,350.0
2 ppm,2.852205547976353,350.0
2 ppm,2.859481582537517,350.0
2 ppm,2.8667576170986813,350.0
2 ppm,2.8740336516598455,350.0
2 ppm,2.8813096862210092,350.0
2 ppm,2.8885857207821735,350.0
2 ppm,2.8958617553433377,350.0
2 ppm,2.903137789904502,350.0
2 ppm,2.910413824465666,350.0
2 ppm,2.9176898590268303,350.0
2 ppm,2.9249658935879945,350.0
2 ppm,2.9322419281491587,350.0
2 ppm,2.939517962710323,350.0
2 ppm,2.9467939972714867,350.0
2 ppm,2.954070031832651,350.0
2 ppm,2.961346066393815,350.0
2 ppm,2.9686221009549794,350.0
2 ppm,2.9758981355161436,350.0
2 ppm,2.983174170077308,350.0
2 ppm,2.990450204638472,350.0
2 ppm,2.997726239199636,350.0
2 ppm,3.0050022737608004,350.0
2 ppm,3.0122783083219646,350.0
2 ppm,3.0195543428831284,350.0
2 ppm,3.0268303774442926,350.0
2 ppm,3.034106412005457,350.0
2 ppm,3.041382446566621,350.0
2 ppm,3.0486584811277853,350.0
2 ppm,3.0559345156889495,350.0
2 ppm,3.0632105502501137,350.0
2 ppm,3.070486584811278,350.0
2 ppm,3.077762619372442,350.0
2 ppm,3.085038653933606,350.0
2 ppm,3.09231468849477,350.0
2 ppm,3.0995907230559343,350.0
2 ppm,3.1068667576170985,350.0
2 ppm,3.1141427921782627,350.0
2 ppm,3.121418826739427,350.0
2 ppm,3.128694861300591,350.0
2 ppm,3.1359708958617554,350.0
2 ppm,3.1432469304229196,350.0
2 ppm,3.1505229649840834,350.0
2 ppm,3.1577989995452476,350.0
2 ppm,3.1650750341064118,350.0
2 ppm,3.172351068667576,350.0
2 ppm,3.17962710322874,350.0
2 ppm,3.1869031377899044,350.0
2 ppm,3.1941791723510686,350.0
2 ppm,3.201455206912233,350.0
2 ppm,3.208731241473397,350.0
2 ppm,3.2160072760345613,350.0
2 ppm,3.223283310595725,350.0
2 ppm,3.2305593451568893,350.0
2 ppm,3.2378353797180535,350.0
2 ppm,3.2451114142792177,350.0
2 ppm,3.252387448840382,350.0
2 ppm,3.259663483401546,350.0
2 ppm,3.2669395179627103,350.0
2 ppm,3.2742155525238745,350.0
2 ppm,3.2814915870850387,350.0
2 ppm,3.2887676216462025,350.0
2 ppm,3.2960436562073667,350.0
2 ppm,3.303319690768531,350.0
2 ppm,3.310595725329695,350.0
2 ppm,3.3178717598908594,350.0
2 ppm,3.3251477944520236,350.0
2 ppm,3.332423829013188,350.0
2 ppm,3.339699863574352,350.0
2 ppm,3.346975898135516,350.0
2 ppm,3.35425193269668,350.0
2 ppm,3.361527967257844,350.0
2 ppm,3.3688040018190084,350.0
2 ppm,3.3760800363801726,350.0
2 ppm,3.383356070941337,350.0
2 ppm,3.390632105502501,350.0
2 ppm,3.3979081400636653,350.0
2 ppm,3.4051841746248295,350.0
2 ppm,3.4124602091859937,350.0
2 ppm,3.419736243747158,350.0
2 ppm,3.4270122783083217,350.0
2 ppm,3.434288312869486,350.0
2 ppm,3.44156434743065,350.0
2 ppm,3.4488403819918143,350.0
2 ppm,3.4561164165529785,350.0
2 ppm,3.4633924511141427,350.0
2 ppm,3.470668485675307,350.0
2 ppm,3.477944520236471,350.0
2 ppm,3.4852205547976354,350.0
2 ppm,3.492496589358799,350.0
2 ppm,3.4997726239199634,350.0
2 ppm,3.5070486584811276,350.0
2 ppm,3.514324693042292,350.0
2 ppm,3.521600727603456,350.0
2 ppm,3.52887676216462,350.0
2 ppm,3.5361527967257844,350.0
2 ppm,3.5434288312869486,350.0
2 ppm,3.550704865848113,350.0
2 ppm,3.5579809004092766,350.0
2 ppm,3.565256934970441,350.0
2 ppm,3.572532969531605,350.0
2 ppm,3.5798090040927693,350.0
2 ppm,3.5870850386539335,350.0
2 ppm,3.5943610732150977,350.0
2 ppm,3.601637107776262,350.0
2 ppm,3.608913142337426,350.0
2 ppm,3.6161891768985903,350.0
2 ppm,3.6234652114597545,350.0
2 ppm,3.6307412460209183,350.0
2 ppm,3.6380172805820825,350.0
2 ppm,3.6452933151432467,350.0
2 ppm,3.652569349704411,350.0
2 ppm,3.659845384265575,350.0
2 ppm,3.6671214188267394,350.0
2 ppm,3.6743974533879036,350.0
2 ppm,3.681673487949068,350.0
2 ppm,3.688949522510232,350.0
2 ppm,3.6962255570713958,350.0
2 ppm,3.70350159163256,350.0
2 ppm,3.710777626193724,350.0
2 ppm,3.7180536607548884,350.0
2 ppm,3.7253296953160526,350.0
2 ppm,3.732605729877217,350.0
2 ppm,3.739881764438381,350.0
2 ppm,3.7471577989995453,350.0
2 ppm,3.7544338335607095,350.0
2 ppm,3.7617098681218732,350.0
2 ppm,3.7689859026830375,350.0
2 ppm,3.7762619372442017,350.0
2 ppm,3.783537971805366,350.0
2 ppm,3.79081400636653,350.0
2 ppm,3.7980900409276943,350.0
2 ppm,3.8053660754888585,350.0
2 ppm,3.8126421100500227,350.0
2 ppm,3.819918144611187,350.0
2 ppm,3.8271941791723507,350.0
2 ppm,3.834470213733515,350.0
2 ppm,3.841746248294679,350.0
2 ppm,3.8490222828558434,350.0
2 ppm,3.8562983174170076,350.0
2 ppm,3.863574351978172,350.0
2 ppm,3.870850386539336,350.0
2 ppm,3.8781264211005,350.0
2 ppm,3.8854024556616644,350.0
2 ppm,3.8926784902228286,350.0
2 ppm,3.8999545247839924,350.0
2 ppm,3.9072305593451566,350.0
2 ppm,3.914506593906321,350.0
2 ppm,3.921782628467485,350.0
2 ppm,3.9290586630286493,350.0
2 ppm,3.9363346975898135,350.0
2 ppm,3.9436107321509777,350.0
2 ppm,3.950886766712142,350.0
2 ppm,3.958162801273306,350.0
2 ppm,3.96543883583447,350.0
2 ppm,3.972714870395634,350.0
2 ppm,3.9799909049567983,350.0
2 ppm,3.9872669395179625,350.0
2 ppm,3.9945429740791267,350.0
2 ppm,4.0018190086402905,350.0
2 ppm,4.009095043201455,350.0
2 ppm,4.016371077762619,350.0
2 ppm,4.023647112323784,350.0
2 ppm,4.030923146884947,350.0
2 ppm,4.038199181446112,350.0
2 ppm,4.045475216007276,350.0
2 ppm,4.05275125056844,350.0
2 ppm,4.060027285129604,350.0
2 ppm,4.067303319690768,350.0
2 ppm,4.074579354251933,350.0
2 ppm,4.081855388813096,350.0
2 ppm,4.089131423374261,350.0
2 ppm,4.096407457935425,350.0
2 ppm,4.1036834924965895,350.0
2 ppm,4.110959527057753,350.0
2 ppm,4.118235561618918,350.0
2 ppm,4.125511596180082,350.0
2 ppm,4.132787630741245,350.0
2 ppm,4.14006366530241,350.0
2 ppm,4.147339699863574,350.0
2 ppm,4.1546157344247385,350.0
2 ppm,4.161891768985902,350.0
2 ppm,4.169167803547067,350.0
2 ppm,4.176443838108231,350.0
2 ppm,4.183719872669395,350.0
2 ppm,4.190995907230559,350.0
2 ppm,4.198271941791724,350.0
2 ppm,4.205547976352888,350.0
2 ppm,4.212824010914051,350.0
2 ppm,4.220100045475216,350.0
2 ppm,4.22737608003638,350.0
2 ppm,4.234652114597544,350.0
2 ppm,4.241928149158708,350.0
2 ppm,4.249204183719873,350.0
2 ppm,4.256480218281037,350.0
2 ppm,4.263756252842201,350.0
2 ppm,4.271032287403365,350.0
2 ppm,4.278308321964529,350.0
2 ppm,4.2855843565256935,350.0
2 ppm,4.292860391086857,350.0
2 ppm,4.300136425648022,350.0
2 ppm,4.307412460209186,350.0
2 ppm,4.31468849477035,350.0
2 ppm,4.321964529331514,350.0
2 ppm,4.329240563892679,350.0
2 ppm,4.3365165984538425,350.0
2 ppm,4.343792633015006,350.0
2 ppm,4.351068667576171,350.0
2 ppm,4.358344702137335,350.0
2 ppm,4.365620736698499,350.0
2 ppm,4.372896771259663,350.0
2 ppm,4.380172805820828,350.0
2 ppm,4.387448840381992,350.0
2 ppm,4.394724874943156,350.0
2 ppm,4.40200090950432,350.0
2 ppm,4.409276944065484,350.0
2 ppm,4.416552978626648,350.0
2 ppm,4.423829013187812,350.0
2 ppm,4.431105047748977,350.0
2 ppm,4.438381082310141,350.0
2 ppm,4.445657116871305,350.0
2 ppm,4.452933151432469,350.0
2 ppm,4.460209185993634,350.0
2 ppm,4.4674852205547975,350.0
2 ppm,4.474761255115961,350.0
2 ppm,4.482037289677126,350.0
2 ppm,4.48931332423829,350.0
2 ppm,4.496589358799454,350.0
2 ppm,4.503865393360618,350.0
2 ppm,4.511141427921783,350.0
2 ppm,4.5184174624829465,350.0
2 ppm,4.525693497044111,350.0
2 ppm,4.532969531605275,350.0
2 ppm,4.540245566166439,350.0
2 ppm,4.547521600727603,350.0
2 ppm,4.554797635288767,350.0
2 ppm,4.562073669849932,350.0
2 ppm,4.569349704411096,350.0
2 ppm,4.57662573897226,350.0
2 ppm,4.583901773533424,350.0
2 ppm,4.591177808094589,350.0
2 ppm,4.598453842655752,350.0
2 ppm,4.605729877216917,350.0
2 ppm,4.613005911778081,350.0
2 ppm,4.620281946339245,350.0
2 ppm,4.627557980900409,350.0
2 ppm,4.634834015461573,350.0
2 ppm,4.642110050022738,350.0
2 ppm,4.6493860845839015,350.0
2 ppm,4.656662119145066,350.0
2 ppm,4.66393815370623,350.0
2 ppm,4.6712141882673945,350.0
2 ppm,4.678490222828558,350.0
2 ppm,4.685766257389722,350.0
2 ppm,4.693042291950887,350.0
2 ppm,4.7003183265120505,350.0
2 ppm,4.707594361073215,350.0
2 ppm,4.714870395634379,350.0
2 ppm,4.722146430195544,350.0
2 ppm,4.729422464756707,350.0
2 ppm,4.736698499317872,350.0
2 ppm,4.743974533879036,350.0
2 ppm,4.7512505684401996,350.0
2 ppm,4.758526603001364,350.0
2 ppm,4.765802637562528,350.0
2 ppm,4.773078672123693,350.0
2 ppm,4.780354706684856,350.0
2 ppm,4.787630741246021,350.0
2 ppm,4.794906775807185,350.0
2 ppm,4.8021828103683495,350.0
2 ppm,4.809458844929513,350.0
2 ppm,4.816734879490677,350.0
2 ppm,4.824010914051842,350.0
2 ppm,4.8312869486130054,350.0
2 ppm,4.83856298317417,350.0
2 ppm,4.845839017735334,350.0
2 ppm,4.8531150522964985,350.0
2 ppm,4.860391086857662,350.0
2 ppm,4.867667121418827,350.0
2 ppm,4.874943155979991,350.0
2 ppm,4.8822191905411545,350.0
2 ppm,4.889495225102319,350.0
2 ppm,4.896771259663483,350.0
2 ppm,4.904047294224648,350.0
2 ppm,4.911323328785811,350.0
2 ppm,4.918599363346976,350.0
2 ppm,4.92587539790814,350.0
2 ppm,4.933151432469304,350.0
2 ppm,4.940427467030468,350.0
2 ppm,4.947703501591632,350.0
2 ppm,4.954979536152797,350.00000000000006
2 ppm,4.96225557071396,350.00000000000006
2 ppm,4.969531605275125,350.00000000000017
2 ppm,4.976807639836289,350.0000000000003
2 ppm,4.9840836743974535,350.0000000000005
2 ppm,4.991359708958617,350.0000000000009
2 ppm,4.998635743519782,350.0000000000016
2 ppm,5.005911778080946,350.00000000000284
2 ppm,5.013187812642109,350.00000000000506
2 ppm,5.020463847203274,350.0000000000089
2 ppm,5.027739881764438,350.0000000000157
2 ppm,5.0350159163256025,350.00000000002746
2 ppm,5.042291950886766,350.0000000000478
2 ppm,5.049567985447931,350.0000000000827
2 ppm,5.056844020009095,350.0000000001424
2 ppm,5.064120054570259,350.00000000024386
2 ppm,5.071396089131423,350.0000000004155
2 ppm,5.078672123692588,350.0000000007041
2 ppm,5.085948158253752,350.00000000118695
2 ppm,5.093224192814915,350.0000000019903
2 ppm,5.10050022737608,350.0000000033198
2 ppm,5.107776261937244,350.0000000055081
2 ppm,5.115052296498408,350.00000000909057
2 ppm,5.122328331059572,350.0000000149239
2 ppm,5.129604365620737,350.000000024371
2 ppm,5.136880400181901,350.0000000395881
2 ppm,5.144156434743065,350.0000000639671
2 ppm,5.151432469304229,350.00000010281343
2 ppm,5.158708503865393,350.0000001643781
2 ppm,5.1659845384265575,350.0000002614199
2 ppm,5.173260572987721,350.00000041355594
2 ppm,5.180536607548886,350.0000006507747
2 ppm,5.18781264211005,350.0000010186568
2 ppm,5.195088676671214,350.0000015860831
2 ppm,5.202364711232378,350.0000024565454
2 ppm,5.209640745793543,350.0000037846391
2 ppm,5.2169167803547065,350.00000579995947
2 ppm,5.22419281491587,350.0000088415063
2 ppm,5.231468849477035,350.00001340690034
2 ppm,5.238744884038199,350.0000202223357
2 ppm,5.246020918599363,350.00003034136154
2 ppm,5.253296953160527,350.00004528346295
2 ppm,5.260572987721692,350.00006722719826
2 ppm,5.267849022282856,350.00009927758606
2 ppm,5.27512505684402,350.0001458338096
2 ppm,5.282401091405184,350.0002130914618
2 ppm,5.289677125966348,350.0003097238805
2 ppm,5.296953160527512,350.0004478000632
2 ppm,5.304229195088676,350.00064401268975
2 ppm,5.311505229649841,350.0009213094263
2 ppm,5.318781264211005,350.0013110444608
2 ppm,5.326057298772169,350.0018557956005
2 ppm,5.333333333333333,350.0026130256759
2 ppm,5.340609367894498,350.00365980569893
2 ppm,5.3478854024556615,350.00509886127793
2 ppm,5.355161437016825,350.00706625294475
2 ppm,5.36243747157799,350.0097410546067
2 ppm,5.369713506139154,350.01335745106877
2 ppm,5.376989540700318,350.01821973355106
2 ppm,5.384265575261482,350.0247207285924
2 ppm,5.391541609822647,350.03336424695783
2 ppm,5.3988176443838105,350.0447921803624
2 ppm,5.406093678944975,350.05981689901364
2 ppm,5.413369713506139,350.0794596050442
2 ppm,5.420645748067303,350.10499526759526
2 ppm,5.427921782628467,350.1380046954354
2 ppm,5.435197817189631,350.1804341826885
2 ppm,5.442473851750796,350.23466298243034
2 ppm,5.44974988631196,350.30357861187406
2 ppm,5.457025920873124,350.3906596630435
2 ppm,5.464301955434288,350.5000653777274
2 ppm,5.471577989995453,350.63673074176234
2 ppm,5.478854024556616,350.80646526225433
2 ppm,5.486130059117781,351.0160529187045
2 ppm,5.493406093678945,351.2733500383013
2 ppm,5.500682128240109,351.587377057777
2 ppm,5.507958162801273,351.968399328538
2 ppm,5.515234197362437,352.42799133647753
2 ppm,5.522510231923602,352.97907798982135
2 ppm,5.5297862664847655,353.63594603227773
2 ppm,5.53706230104593,354.41421822566076
2 ppm,5.544338335607094,355.33078278089516
2 ppm,5.5516143701682585,356.4036706643846
2 ppm,5.558890404729422,357.6518739301622
2 ppm,5.566166439290586,359.0950991809434
2 ppm,5.573442473851751,360.75345168366175
2 ppm,5.5807185084129145,362.6470475790978
2 ppm,5.587994542974079,364.79555402865765
2 ppm,5.595270577535243,367.2176600035726
2 ppm,5.602546612096408,369.9304836801489
2 ppm,5.609822646657571,372.9489259625212
2 ppm,5.617098681218736,376.2849833810937
2 ppm,5.6243747157799,379.9470373481324
2 ppm,5.6316507503410635,383.9391403027762
2 ppm,5.638926784902228,388.2603224375296
2 ppm,5.646202819463392,392.9039452493045
2 ppm,5.653478854024557,397.85712988506856
2 ppm,5.66075488858572,403.1002889562593
2 ppm,5.668030923146885,408.60679000928627
2 ppm,5.675306957708049,414.34277703849637
2 ppm,5.6825829922692135,420.2671732481302
2 ppm,5.689859026830377,426.33188371493213
2 ppm,5.697135061391541,432.4822107538106
2 ppm,5.704411095952706,438.65748780522017
2 ppm,5.7116871305138694,444.79192978296106
2 ppm,5.718963165075034,450.81568935379863
2 ppm,5.726239199636198,456.65609993336375
2 ppm,5.7335152341973625,462.23907768545365
2 ppm,5.740791268758526,467.4906469332755
2 ppm,5.748067303319691,472.33854655688106
2 ppm,5.755343337880855,476.7138695566001
2 ppm,5.7626193724420185,480.55268434875154
2 ppm,5.769895407003183,483.7975847899676
2 ppm,5.777171441564347,486.39911656562793
2 ppm,5.784447476125512,488.3170304800392
2 ppm,5.791723510686675,489.521318286195
2 ppm,5.79899954524784,489.99299380733777
2 ppm,5.806275579809004,489.7245909356225
2 ppm,5.813551614370168,488.72036025286536
2 ppm,5.820827648931332,486.99615703687493
2 ppm,5.828103683492496,484.57902477720927
2 ppm,5.835379718053661,481.50648948966807
2 ppm,5.842655752614824,477.8255905639065
2 ppm,5.849931787175989,473.59168311918717
2 ppm,5.857207821737153,468.8670544641983
2 ppm,5.8644838562983175,463.71940293419914
2 ppm,5.871759890859481,458.2202308969753
2 ppm,5.879035925420646,452.4432049800958
2 ppm,5.88631195998181,446.4625355976117
2 ppm,5.893587994542973,440.3514247803443
2 ppm,5.900864029104138,434.18062637820634
2 ppm,5.908140063665302,428.0171562270423
2 ppm,5.9154160982264665,421.9231822394743
2 ppm,5.92269213278763,415.955116008981
2 ppm,5.929968167348795,410.1629188395385
2 ppm,5.937244201909959,404.58962654675076
2 ppm,5.944520236471123,399.27108930128327
2 ppm,5.951796271032287,394.2359155283779
2 ppm,5.959072305593452,389.5056026965821
2 ppm,5.966348340154616,385.09483290668504
2 ppm,5.973624374715779,381.0119076302853
2 ppm,5.980900409276944,377.25929377104245
2 ppm,5.988176443838108,373.83425238344387
2 ppm,5.995452478399272,370.72952177562513
2 ppm,6.002728512960436,367.93402818728373
2 ppm,6.010004547521601,365.4335995791129
2 ppm,6.017280582082765,363.2116610844353
2 ppm,6.024556616643929,361.24989413834055
2 ppm,6.031832651205093,359.52884500258597
2 ppm,6.039108685766257,358.0284721504533
2 ppm,6.0463847203274215,356.7286255944701
2 ppm,6.053660754888585,355.6094545916968
2 ppm,6.06093678944975,354.6517431400997
2 ppm,6.068212824010914,353.83717521350314
2 ppm,6.075488858572078,353.1485337325652
2 ppm,6.082764893133242,352.5698388256267
2 ppm,6.090040927694407,352.086432011813
2 ppm,6.0973169622555705,351.6850135753599
2 ppm,6.104592996816734,351.3536406454952
2 ppm,6.111869031377899,351.08169341065604
2 ppm,6.119145065939063,350.8598165443163
2 ppm,6.126421100500227,350.67984236763937
2 ppm,6.133697135061391,350.53470158390553
2 ppm,6.140973169622556,350.4183266478223
2 ppm,6.14824920418372,350.3255520285666
2 ppm,6.155525238744884,350.2520148293384
2 ppm,6.162801273306048,350.19405847010876
2 ppm,6.170077307867212,350.1486414472573
2 ppm,6.177353342428376,350.1132525691207
2 ppm,6.18462937698954,350.0858335383025
2 ppm,6.191905411550705,350.06470931229074
2 ppm,6.199181446111869,350.04852632118576
2 ppm,6.206457480673033,350.03619834942646
2 ppm,6.213733515234197,350.02685968920724
2 ppm,6.221009549795362,350.019825037333
2 ppm,6.2282855843565255,350.01455552451364
2 ppm,6.235561618917689,350.0106302265865
2 ppm,6.242837653478854,350.0077225014584
2 ppm,6.250113688040018,350.0055805151535
2 ppm,6.257389722601182,350.0040113577881
2 ppm,6.264665757162346,350.0028681992896
2 ppm,6.271941791723511,350.00203999011615
2 ppm,6.2792178262846745,350.0014432701121
2 ppm,6.286493860845839,350.0010157059313
2 ppm,6.293769895407003,350.0007110320457
2 ppm,6.301045929968167,350.00049512080517
2 ppm,6.308321964529331,350.0003429525157
2 ppm,6.315597999090495,350.0002362966831
2 ppm,6.32287403365166,350.0001619504181
2 ppm,6.3301500682128236,350.00011040972726
2 ppm,6.337426102773988,350.00007487441053
2 ppm,6.344702137335152,350.00005050801616
2 ppm,6.351978171896317,350.00003389128386
2 ppm,6.35925420645748,350.00002262124724
2 ppm,6.366530241018645,350.0000150191684
2 ppm,6.373806275579809,350.00000991918625
2 ppm,6.381082310140973,350.00000651638925
2 ppm,6.388358344702137,350.000004258325
2 ppm,6.395634379263301,350.00000276803394
2 ppm,6.402910413824466,350.00000178980133
2 ppm,6.4101864483856295,350.00000115116893
2 ppm,6.417462482946794,350.00000073650233
2 ppm,6.424738517507958,350.0000004687162
2 ppm,6.4320145520691225,350.00000029671986
2 ppm,6.439290586630286,350.00000018684614
2 ppm,6.44656662119145,350.0000001170368
2 ppm,6.453842655752615,350.0000000729225
2 ppm,6.4611186903137785,350.00000004519615
2 ppm,6.468394724874943,350.0000000278639
2 ppm,6.475670759436107,350.0000000170877
2 ppm,6.482946793997272,350.00000001042383
2 ppm,6.490222828558435,350.00000000632514
2 ppm,6.4974988631196,350.0000000038178
2 ppm,6.504774897680764,350.0000000022922
2 ppm,6.5120509322419275,350.000000001369
2 ppm,6.519326966803092,350.0000000008133
2 ppm,6.526603001364256,350.0000000004806
2 ppm,6.533879035925421,350.0000000002825
2 ppm,6.541155070486584,350.0000000001652
2 ppm,6.548431105047749,350.00000000009607
2 ppm,6.555707139608913,350.0000000000556
2 ppm,6.5629831741700775,350.000000000032
2 ppm,6.570259208731241,350.0000000000183
2 ppm,6.577535243292405,350.0000000000104
2 ppm,6.58481127785357,350.0000000000059
2 ppm,6.5920873124147334,350.00000000000335
2 ppm,6.599363346975898,350.0000000000019
2 ppm,6.606639381537062,350.000000000001
2 ppm,6.6139154160982265,350.00000000000057
2 ppm,6.62119145065939,350.00000000000034
2 ppm,6.628467485220555,350.00000000000017
2 ppm,6.635743519781719,350.0000000000001
2 ppm,6.6430195543428825,350.00000000000006
2 ppm,6.650295588904047,350.0
2 ppm,6.657571623465211,350.0
2 ppm,6.664847658026376,350.0
2 ppm,6.672123692587539,350.0
2 ppm,6.679399727148704,350.0
2 ppm,6.686675761709868,350.0
2 ppm,6.693951796271032,350.0
2 ppm,6.701227830832196,350.0
2 ppm,6.70850386539336,350.0
2 ppm,6.715779899954525,350.0
2 ppm,6.723055934515688,350.0
2 ppm,6.730331969076853,350.0
2 ppm,6.737608003638017,350.0
2 ppm,6.7448840381991815,350.0
2 ppm,6.752160072760345,350.0
2 ppm,6.75943610732151,350.0
2 ppm,6.766712141882674,350.0
2 ppm,6.773988176443837,350.0
2 ppm,6.781264211005002,350.0
2 ppm,6.788540245566166,350.0
2 ppm,6.7958162801273305,350.0
2 ppm,6.803092314688494,350.0
2 ppm,6.810368349249659,350.0
2 ppm,6.817644383810823,350.0
2 ppm,6.824920418371987,350.0
2 ppm,6.832196452933151,350.0
2 ppm,6.839472487494316,350.0
2 ppm,6.84674852205548,350.0
2 ppm,6.854024556616643,350.0
2 ppm,6.861300591177808,350.0
2 ppm,6.868576625738972,350.0
2 ppm,6.875852660300136,350.0
2 ppm,6.8831286948613,350.0
2 ppm,6.890404729422465,350.0
2 ppm,6.897680763983629,350.0
2 ppm,6.904956798544793,350.0
2 ppm,6.912232833105957,350.0
2 ppm,6.919508867667121,350.0
2 ppm,6.9267849022282855,350.0
2 ppm,6.934060936789449,350.0
2 ppm,6.941336971350614,350.0
2 ppm,6.948613005911778,350.0
2 ppm,6.955889040472942,350.0
2 ppm,6.963165075034106,350.0
2 ppm,6.970441109595271,350.0
2 ppm,6.9777171441564345,350.0
2 ppm,6.984993178717598,350.0
2 ppm,6.992269213278763,350.0
2 ppm,6.999545247839927,350.0
2 ppm,7.006821282401091,350.0
2 ppm,7.014097316962255,350.0
2 ppm,7.02137335152342,350.0
2 ppm,7.028649386084584,350.0
2 ppm,7.035925420645748,350.0
2 ppm,7.043201455206912,350.0
2 ppm,7.050477489768076,350.0
2 ppm,7.05775352432924,350.0
2 ppm,7.065029558890404,350.0
2 ppm,7.072305593451569,350.0
2 ppm,7.079581628012733,350.0
2 ppm,7.086857662573897,350.0
2 ppm,7.094133697135061,350.0
2 ppm,7.101409731696226,350.0
2 ppm,7.1086857662573895,350.0
2 ppm,7.115961800818553,350.0
2 ppm,7.123237835379718,350.0
2 ppm,7.130513869940882,350.0
2 ppm,7.137789904502046,350.0
2 ppm,7.14506593906321,350.0
2 ppm,7.152341973624375,350.0
2 ppm,7.1596180081855385,350.0
2 ppm,7.166894042746703,350.0
2 ppm,7.174170077307867,350.0
2 ppm,7.181446111869031,350.0
2 ppm,7.188722146430195,350.0
2 ppm,7.195998180991359,350.0
2 ppm,7.203274215552524,350.0
2 ppm,7.2105502501136876,350.0
2 ppm,7.217826284674852,350.0
2 ppm,7.225102319236016,350.0
2 ppm,7.232378353797181,350.0
2 ppm,7.239654388358344,350.0
2 ppm,7.246930422919509,350.0
2 ppm,7.254206457480673,350.0
2 ppm,7.261482492041837,350.0
2 ppm,7.268758526603001,350.0
2 ppm,7.276034561164165,350.0
2 ppm,7.28331059572533,350.0
2 ppm,7.2905866302864935,350.0
2 ppm,7.297862664847658,350.0
2 ppm,7.305138699408822,350.0
2 ppm,7.3124147339699865,350.0
2 ppm,7.31969076853115,350.0
2 ppm,7.326966803092314,350.0
2 ppm,7.334242837653479,350.0
2 ppm,7.3415188722146425,350.0
2 ppm,7.348794906775807,350.0
2 ppm,7.356070941336971,350.0
2 ppm,7.363346975898136,350.0
2 ppm,7.370623010459299,350.0
2 ppm,7.377899045020464,350.0
2 ppm,7.385175079581628,350.0
2 ppm,7.3924511141427915,350.0
2 ppm,7.399727148703956,350.0
2 ppm,7.40700318326512,350.0
2 ppm,7.414279217826285,350.0
2 ppm,7.421555252387448,350.0
2 ppm,7.428831286948613,350.0
2 ppm,7.436107321509777,350.0
2 ppm,7.4433833560709415,350.0
2 ppm,7.450659390632105,350.0
2 ppm,7.457935425193269,350.0
2 ppm,7.465211459754434,350.0
2 ppm,7.4724874943155974,350.0
2 ppm,7.479763528876762,350.0
2 ppm,7.487039563437926,350.0
2 ppm,7.4943155979990905,350.0
2 ppm,7.501591632560254,350.0
2 ppm,7.508867667121419,350.0
2 ppm,7.516143701682583,350.0
2 ppm,7.5234197362437465,350.0
2 ppm,7.530695770804911,350.0
2 ppm,7.537971805366075,350.0
2 ppm,7.54524783992724,350.0
2 ppm,7.552523874488403,350.0
2 ppm,7.559799909049568,350.0
2 ppm,7.567075943610732,350.0
2 ppm,7.574351978171896,350.0
2 ppm,7.58162801273306,350.0
2 ppm,7.588904047294224,350.0
2 ppm,7.596180081855389,350.0
2 ppm,7.603456116416552,350.0
2 ppm,7.610732150977717,350.0
2 ppm,7.618008185538881,350.0
2 ppm,7.6252842201000455,350.0
2 ppm,7.632560254661209,350.0
2 ppm,7.639836289222374,350.0
2 ppm,7.647112323783538,350.0
2 ppm,7.654388358344701,350.0
2 ppm,7.661664392905866,350.0
2 ppm,7.66894042746703,350.0
2 ppm,7.6762164620281945,350.0
2 ppm,7.683492496589358,350.0
2 ppm,7.690768531150523,350.0
2 ppm,7.698044565711687,350.0
2 ppm,7.705320600272851,350.0
2 ppm,7.712596634834015,350.0
2 ppm,7.71987266939518,350.0
2 ppm,7.727148703956344,350.0
2 ppm,7.734424738517507,350.0
2 ppm,7.741700773078672,350.0
2 ppm,7.748976807639836,350.0
2 ppm,7.756252842201,350.0
2 ppm,7.763528876762164,350.0
2 ppm,7.770804911323329,350.0
2 ppm,7.778080945884493,350.0
2 ppm,7.785356980445657,350.0
2 ppm,7.792633015006821,350.0
2 ppm,7.799909049567985,350.0
2 ppm,7.8071850841291495,350.0
2 ppm,7.814461118690313,350.0
2 ppm,7.821737153251478,350.0
2 ppm,7.829013187812642,350.0
2 ppm,7.836289222373806,350.0
2 ppm,7.84356525693497,350.0
2 ppm,7.850841291496135,350.0
2 ppm,7.8581173260572985,350.0
2 ppm,7.865393360618462,350.0
2 ppm,7.872669395179627,350.0
2 ppm,7.879945429740791,350.0
2 ppm,7.887221464301955,350.0
2 ppm,7.894497498863119,350.0
2 ppm,7.901773533424284,350.0
2 ppm,7.909049567985448,350.0
2 ppm,7.916325602546612,350.0
2 ppm,7.923601637107776,350.0
2 ppm,7.93087767166894,350.0
2 ppm,7.938153706230104,350.0
2 ppm,7.945429740791268,350.0
2 ppm,7.952705775352433,350.0
2 ppm,7.959981809913597,350.0
2 ppm,7.967257844474761,350.0
2 ppm,7.974533879035925,350.0
2 ppm,7.98180991359709,350.0
2 ppm,7.9890859481582535,350.0
2 ppm,7.996361982719417,350.0
2 ppm,8.003638017280581,350.0
2 ppm,8.010914051841747,350.0
2 ppm,8.01819008640291,350.0
2 ppm,8.025466120964074,350.0
2 ppm,8.032742155525238,350.0
2 ppm,8.040018190086403,350.0
2 ppm,8.047294224647567,350.0
2 ppm,8.054570259208731,350.0
2 ppm,8.061846293769895,350.0
2 ppm,8.069122328331058,350.0
2 ppm,8.076398362892224,350.0
2 ppm,8.083674397453388,350.0
2 ppm,8.090950432014552,350.0
2 ppm,8.098226466575715,350.0
2 ppm,8.10550250113688,350.00000000000006
2 ppm,8.112778535698045,350.00000000000006
2 ppm,8.120054570259208,350.00000000000006
2 ppm,8.127330604820372,350.0000000000001
2 ppm,8.134606639381536,350.0000000000002
2 ppm,8.141882673942701,350.00000000000034
2 ppm,8.149158708503865,350.0000000000005
2 ppm,8.156434743065029,350.0000000000008
2 ppm,8.163710777626193,350.00000000000125
2 ppm,8.170986812187358,350.000000000002
2 ppm,8.178262846748522,350.00000000000307
2 ppm,8.185538881309686,350.0000000000048
2 ppm,8.19281491587085,350.0000000000074
2 ppm,8.200090950432013,350.00000000001137
2 ppm,8.207366984993179,350.0000000000175
2 ppm,8.214643019554343,350.0000000000268
2 ppm,8.221919054115506,350.00000000004087
2 ppm,8.22919508867667,350.00000000006213
2 ppm,8.236471123237836,350.00000000009425
2 ppm,8.243747157799,350.0000000001425
2 ppm,8.251023192360163,350.0000000002147
2 ppm,8.258299226921327,350.0000000003226
2 ppm,8.26557526148249,350.0000000004831
2 ppm,8.272851296043656,350.00000000072123
2 ppm,8.28012733060482,350.0000000010734
2 ppm,8.287403365165984,350.00000000159247
2 ppm,8.294679399727148,350.0000000023552
2 ppm,8.301955434288313,350.0000000034723
2 ppm,8.309231468849477,350.00000000510335
2 ppm,8.31650750341064,350.000000007477
2 ppm,8.323783537971805,350.0000000109205
2 ppm,8.33105957253297,350.0000000158999
2 ppm,8.338335607094134,350.00000002307746
2 ppm,8.345611641655298,350.00000003339034
2 ppm,8.352887676216461,350.00000004816076
2 ppm,8.360163710777625,350.0000000692476
2 ppm,8.36743974533879,350.0000000992559
2 ppm,8.374715779899955,350.0000001418232
2 ppm,8.381991814461118,350.00000020201225
2 ppm,8.389267849022282,350.0000002868452
2 ppm,8.396543883583448,350.000000406029
2 ppm,8.403819918144611,350.000000572936
2 ppm,8.411095952705775,350.0000008059251
2 ppm,8.418371987266939,350.0000011301154
2 ppm,8.425648021828103,350.00000157975745
2 ppm,8.432924056389268,350.00000220139304
2 ppm,8.440200090950432,350.0000030580479
2 ppm,8.447476125511596,350.00000423477684
2 ppm,8.45475216007276,350.00000584596626
2 ppm,8.462028194633925,350.00000804491793
2 ppm,8.469304229195089,350.00001103637544
2 ppm,8.476580263756253,350.0000150928359
2 ppm,8.483856298317416,350.00002057570714
2 ppm,8.49113233287858,350.00002796264346
2 ppm,8.498408367439746,350.0000378827254
2 ppm,8.50568440200091,350.0000511615558
2 ppm,8.512960436562073,350.000068878837
2 ppm,8.520236471123237,350.00009244158946
2 ppm,8.527512505684403,350.0001236768851
2 ppm,8.534788540245566,350.0001649488184
2 ppm,8.54206457480673,350.00021930544517
2 ppm,8.549340609367894,350.00029066260186
2 ppm,8.556616643929058,350.00038403290233
2 ppm,8.563892678490223,350.00050580980985
2 ppm,8.571168713051387,350.00066411852896
2 ppm,8.57844474761255,350.00086924756414
2 ppm,8.585720782173714,350.0011341771758
2 ppm,8.59299681673488,350.00147522362926
2 ppm,8.600272851296044,350.00191282109483
2 ppm,8.607548885857208,350.0024724663008
2 ppm,8.614824920418371,350.00318585455676
2 ppm,8.622100954979535,350.0040922395198
2 ppm,8.6293769895407,350.0052400530161
2 ppm,8.636653024101864,350.00668882529203
2 ppm,8.643929058663028,350.0085114501527
2 ppm,8.651205093224192,350.0107968434248
2 ppm,8.658481127785358,350.01365304690927
2 ppm,8.665757162346521,350.0172108332652
2 ppm,8.673033196907685,350.0216278698759
2 ppm,8.680309231468849,350.0270935014156
2 ppm,8.687585266030013,350.03383421127
2 ppm,8.694861300591178,350.04211982081785
2 ppm,8.702137335152342,350.05227048249185
2 ppm,8.709413369713506,350.0646645171027
2 ppm,8.71668940427467,350.0797471377175
2 ppm,8.723965438835835,350.09804009100935
2 ppm,8.731241473396999,350.1201522320266
2 ppm,8.738517507958163,350.1467910293762
2 ppm,8.745793542519326,350.17877497453276
2 ppm,8.75306957708049,350.21704684110784
2 ppm,8.760345611641656,350.262687707254
2 ppm,8.76762164620282,350.316931616898
2 ppm,8.774897680763983,350.3811807132969
2 ppm,8.782173715325147,350.4570206317734
2 ppm,8.789449749886312,350.5462358879349
2 ppm,8.796725784447476,350.65082494393636
2 ppm,8.80400181900864,350.77301457944014
2 ppm,8.811277853569804,350.91527313712635
2 ppm,8.818553888130968,351.08032215649166
2 ppm,8.825829922692133,351.2711458560995
2 ppm,8.833105957253297,351.4909978755253
2 ppm,8.84038199181446,351.7434046463385
2 ppm,8.847658026375624,352.03216472913647
2 ppm,8.85493406093679,352.36134343357884
2 ppm,8.862210095497954,352.7352620333145
2 ppm,8.869486130059117,353.15848090036764
2 ppm,8.876762164620281,353.6357759165201
2 ppm,8.884038199181445,354.1721075748259
2 ppm,8.89131423374261,354.7725822645436
2 ppm,8.898590268303774,355.4424053388908
2 ppm,8.905866302864938,356.1868256978773
2 ppm,8.913142337426102,357.011071778035
2 ppm,8.920418371987267,357.92027902623323
2 ppm,8.927694406548431,358.9194091440333
2 ppm,8.934970441109595,360.0131616192436
2 ppm,8.942246475670759,361.2058783084063
2 ppm,8.949522510231922,362.5014420927355
2 ppm,8.956798544793088,363.9031708942927
2 ppm,8.964074579354252,365.4137086017586
2 ppm,8.971350613915416,367.03491470803647
2 ppm,8.97862664847658,368.7677546964412
2 ppm,8.985902683037745,370.6121934193974
2 ppm,8.993178717598909,372.56709388421064
2 ppm,9.000454752160072,374.6301239856937
2 ppm,9.007730786721236,376.79767379679566
2 ppm,9.0150068212824,379.0647860384921
2 ppm,9.022282855843565,381.42510229278037
2 ppm,9.02955889040473,383.8708273931468
2 ppm,9.036834924965893,386.3927142226656
2 ppm,9.044110959527057,388.98007087045386
2 ppm,9.051386994088222,391.62079174455647
2 ppm,9.058663028649386,394.3014138178538
2 ppm,9.06593906321055,397.0071987003963
2 ppm,9.073215097771714,399.72224069615174
2 ppm,9.080491132332877,402.42960042651345
2 ppm,9.087767166894043,405.11146300099887
2 ppm,9.095043201455207,407.749319103187
2 ppm,9.10231923601637,410.32416675415743
2 ppm,9.109595270577534,412.8167309342935
2 ppm,9.1168713051387,415.20769770540153
2 ppm,9.124147339699864,417.47795899617006
2 ppm,9.131423374261027,419.60886381164397
2 ppm,9.138699408822191,421.58247131634096
2 ppm,9.145975443383355,423.3818010334997
2 ppm,9.15325147794452,424.9910753093231
2 ppm,9.160527512505684,426.3959492174567
2 ppm,9.167803547066848,427.5837232281384
2 ppm,9.175079581628012,428.54353423748677
2 ppm,9.182355616189177,429.26652094047444
2 ppm,9.189631650750341,429.74596002758994
2 ppm,9.196907685311505,429.9773702778648
2 ppm,9.204183719872669,429.95858229441126
2 ppm,9.211459754433834,429.6897723647721
2 ppm,9.218735788994998,429.17345970695305
2 ppm,9.226011823556162,428.41446716130713
2 ppm,9.233287858117325,427.4198461860475
2 ppm,9.24056389267849,426.198767787733
2 ppm,9.247839927239655,424.76238174606374
2 ppm,9.255115961800819,423.1236471547753
2 ppm,9.262391996361982,421.2971378795599
2 ppm,9.269668030923146,419.2988270148536
2 ppm,9.276944065484312,417.14585479228685
2 ppm,9.284220100045475,414.8562846465867
2 ppm,9.29149613460664,412.44885227544114
2 ppm,9.298772169167803,409.94271253795625
2 ppm,9.306048203728967,407.3571889251828
2 ppm,9.313324238290132,404.71153011276556
2 ppm,9.320600272851296,402.02467778018337
2 ppm,9.32787630741246,399.3150494661939
2 ppm,9.335152341973624,396.6003397411216
2 ppm,9.342428376534789,393.8973424301621
2 ppm,9.349704411095953,391.2217960357043
2 ppm,9.356980445657117,388.5882538987433
2 ppm,9.36425648021828,386.0099800276068
2 ppm,9.371532514779444,383.4988709232611
2 ppm,9.37880854934061,381.0654031600084
2 ppm,9.386084583901773,378.7186059521152
2 ppm,9.393360618462937,376.46605746240607
2 ppm,9.400636653024101,374.313903197345
2 ppm,9.407912687585267,372.2668944912022
2 ppm,9.41518872214643,370.32844481371836
2 ppm,9.422464756707594,368.50070144274565
2 ppm,9.429740791268758,366.7846299249138
2 ppm,9.437016825829922,365.18010870041
2 ppm,9.444292860391087,363.6860312876867
2 ppm,9.451568894952251,362.30041350387125
2 ppm,9.458844929513415,361.0205033292176
2 ppm,9.466120964074578,359.84289120065796
2 ppm,9.473396998635744,358.76361873134505
2 ppm,9.480673033196908,357.7782840909381
2 ppm,9.487949067758072,356.8821425362374
2 ppm,9.495225102319235,356.07020084510503
2 ppm,9.502501136880399,355.33730467048065
2 ppm,9.509777171441565,354.6782180887053
2 ppm,9.517053206002728,354.0876948612138
2 ppm,9.524329240563892,353.56054115594696
2 ppm,9.531605275125056,353.09166968068774
2 ppm,9.538881309686221,352.67614536210954
2 ppm,9.546157344247385,352.3092228599263
2 ppm,9.553433378808549,351.9863763343471
2 ppm,9.560709413369713,351.70332198720314
2 ppm,9.567985447930877,351.45603397347315
2 ppm,9.575261482492042,351.2407543320034
2 ppm,9.582537517053206,351.0539976139936
2 ppm,9.58981355161437,350.8925508976597
2 ppm,9.597089586175533,350.75346987000705
2 ppm,9.604365620736699,350.6340716345637
2 ppm,9.611641655297863,350.5319248699926
2 ppm,9.618917689859027,350.44483792138885
2 ppm,9.62619372442019,350.37084535630515
2 ppm,9.633469758981354,350.30819346346345
2 ppm,9.64074579354252,350.2553251157805
2 ppm,9.648021828103683,350.21086436257866
2 ppm,9.655297862664847,350.1736010601915
2 ppm,9.662573897226011,350.1424757968562
2 ppm,9.669849931787176,350.1165653177726
2 ppm,9.67712596634834,350.09506861021504
2 ppm,9.684402000909504,350.0772937670752
2 ppm,9.691678035470668,350.062645710453
2 ppm,9.698954070031832,350.0506148249795
2 ppm,9.706230104592997,350.04076652337966
2 ppm,9.71350613915416,350.0327317441689
2 ppm,9.720782173715325,350.0261983630457
2 ppm,9.728058208276488,350.0209034851369
2 ppm,9.735334242837654,350.01662657438425
2 ppm,9.742610277398818,350.01318336860675
2 ppm,9.749886311959981,350.0104205237177
2 ppm,9.757162346521145,350.0082109278037
2 ppm,9.764438381082309,350.0064496248845
2 ppm,9.771714415643475,350.005050288815
2 ppm,9.778990450204638,350.0039421896169
2 ppm,9.786266484765802,350.0030675972524
2 ppm,9.793542519326966,350.00237957121254
2 ppm,9.800818553888131,350.00184008806434
2 ppm,9.808094588449295,350.00141846311175
2 ppm,9.815370623010459,350.0010900264081
2 ppm,9.822646657571623,350.0008350174074
2 ppm,9.829922692132786,350.00063766645985
2 ppm,9.837198726693952,350.00048543507785
2 ppm,9.844474761255116,350.000368390373
2 ppm,9.85175079581628,350.00027869227137
2 ppm,9.859026830377443,350.00021017502786
2 ppm,9.866302864938609,350.00015800718575
2 ppm,9.873578899499773,350.0001184164666
2 ppm,9.880854934060936,350.0000884681395
2 ppm,9.8881309686221,350.0000658872264
2 ppm,9.895407003183264,350.00004891646824
2 ppm,9.90268303774443,350.00003620332814
2 ppm,9.909959072305593,350.0000267104642
2 ppm,9.917235106866757,350.00001964508493
2 ppm,9.92451114142792,350.0000144034299
2 ppm,9.931787175989086,350.00001052731136
2 ppm,9.93906321055025,350.0000076702329
2 ppm,9.946339245111414,350.0000055710771
2 ppm,9.953615279672578,350.0000040337532
2 ppm,9.960891314233741,350.00000291151485
2 ppm,9.968167348794907,350.00000209492384
2 ppm,9.97544338335607,350.00000150264714
2 ppm,9.982719417917234,350.00000107444777
2 ppm,9.989995452478398,350.0000007658666
2 ppm,9.997271487039564,350.00000054420246
2 ppm,10.004547521600728,350.00000038548495
2 ppm,10.011823556161891,350.0000002722036
2 ppm,10.019099590723055,350.00000019161075
2 ppm,10.026375625284219,350.0000001344576
2 ppm,10.033651659845384,350.0000000940568
2 ppm,10.040927694406548,350.0000000655896
2 ppm,10.048203728967712,350.0000000455952
2 ppm,10.055479763528876,350.00000003159676
2 ppm,10.062755798090041,350.0000000218276
2 ppm,10.070031832651205,350.00000001503173
2 ppm,10.077307867212369,350.0000000103193
2 ppm,10.084583901773533,350.00000000706206
2 ppm,10.091859936334698,350.0000000048179
2 ppm,10.099135970895862,350.0000000032765
2 ppm,10.106412005457026,350.0000000022213
2 ppm,10.11368804001819,350.00000000150123
2 ppm,10.120964074579353,350.0000000010114
2 ppm,10.128240109140519,350.0000000006793
2 ppm,10.135516143701683,350.0000000004548
2 ppm,10.142792178262846,350.00000000030354
2 ppm,10.15006821282401,350.00000000020196
2 ppm,10.157344247385176,350.0000000001339
2 ppm,10.16462028194634,350.00000000008856
2 ppm,10.171896316507503,350.0000000000584
2 ppm,10.179172351068667,350.00000000003837
2 ppm,10.18644838562983,350.0000000000251
2 ppm,10.193724420190996,350.0000000000164
2 ppm,10.20100045475216,350.0000000000107
2 ppm,10.208276489313324,350.00000000000693
2 ppm,10.215552523874488,350.0000000000045
2 ppm,10.222828558435653,350.0000000000029
2 ppm,10.230104592996817,350.0000000000019
2 ppm,10.23738062755798,350.0000000000012
2 ppm,10.244656662119144,350.00000000000074
2 ppm,10.251932696680308,350.0000000000005
2 ppm,10.259208731241474,350.0000000000003
2 ppm,10.266484765802637,350.00000000000017
2 ppm,10.273760800363801,350.0000000000001
2 ppm,10.281036834924965,350.00000000000006
2 ppm,10.28831286948613,350.00000000000006
2 ppm,10.295588904047294,350.00000000000006
2 ppm,10.302864938608458,350.0
2 ppm,10.310140973169622,350.0
2 ppm,10.317417007730786,350.0
2 ppm,10.324693042291951,350.0
2 ppm,10.331969076853115,350.0
2 ppm,10.339245111414279,350.0
2 ppm,10.346521145975442,350.0
2 ppm,10.353797180536608,350.0
2 ppm,10.361073215097772,350.0
2 ppm,10.368349249658936,350.0
2 ppm,10.3756252842201,350.0
2 ppm,10.382901318781263,350.0
2 ppm,10.390177353342429,350.0
2 ppm,10.397453387903592,350.0
2 ppm,10.404729422464756,350.0
2 ppm,10.41200545702592,350.0
2 ppm,10.419281491587085,350.0
2 ppm,10.42655752614825,350.0
2 ppm,10.433833560709413,350.0
2 ppm,10.441109595270577,350.0
2 ppm,10.44838562983174,350.0
2 ppm,10.455661664392906,350.0
2 ppm,10.46293769895407,350.0
2 ppm,10.470213733515234,350.0
2 ppm,10.477489768076397,350.0
2 ppm,10.484765802637563,350.0
2 ppm,10.492041837198727,350.0
2 ppm,10.49931787175989,350.0
2 ppm,10.506593906321054,350.0
2 ppm,10.513869940882218,350.0
2 ppm,10.521145975443384,350.0
2 ppm,10.528422010004547,350.0
2 ppm,10.535698044565711,350.0
2 ppm,10.542974079126875,350.0
2 ppm,10.55025011368804,350.0
2 ppm,10.557526148249204,350.0
2 ppm,10.564802182810368,350.0
2 ppm,10.572078217371532,350.0
2 ppm,10.579354251932696,350.0
2 ppm,10.586630286493861,350.0
2 ppm,10.593906321055025,350.0
2 ppm,10.601182355616189,350.0
2 ppm,10.608458390177352,350.0
2 ppm,10.615734424738518,350.0
2 ppm,10.623010459299682,350.0
2 ppm,10.630286493860845,350.0
2 ppm,10.63756252842201,350.0
2 ppm,10.644838562983173,350.0
2 ppm,10.652114597544339,350.0
2 ppm,10.659390632105502,350.0
2 ppm,10.666666666666666,350.0
2 ppm,10.67394270122783,350.0
2 ppm,10.681218735788995,350.0
2 ppm,10.68849477035016,350.0
2 ppm,10.695770804911323,350.0
2 ppm,10.703046839472487,350.0
2 ppm,10.71032287403365,350.0
2 ppm,10.717598908594816,350.0
2 ppm,10.72487494315598,350.0
2 ppm,10.732150977717144,350.0
2 ppm,10.739427012278307,350.0
2 ppm,10.746703046839473,350.0
2 ppm,10.753979081400637,350.0
2 ppm,10.7612551159618,350.0
2 ppm,10.768531150522964,350.0
2 ppm,10.775807185084128,350.0
2 ppm,10.783083219645293,350.0
2 ppm,10.790359254206457,350.0
2 ppm,10.797635288767621,350.0
2 ppm,10.804911323328785,350.0
2 ppm,10.81218735788995,350.0
2 ppm,10.819463392451114,350.0
2 ppm,10.826739427012278,350.0
2 ppm,10.834015461573442,350.0
2 ppm,10.841291496134605,350.0
2 ppm,10.848567530695771,350.0
2 ppm,10.855843565256935,350.0
2 ppm,10.863119599818098,350.0
2 ppm,10.870395634379262,350.0
2 ppm,10.877671668940428,350.0
2 ppm,10.884947703501592,350.0
2 ppm,10.892223738062755,350.0
2 ppm,10.89949977262392,350.0
2 ppm,10.906775807185083,350.0
2 ppm,10.914051841746248,350.0
2 ppm,10.921327876307412,350.0
2 ppm,10.928603910868576,350.0
2 ppm,10.93587994542974,350.0
2 ppm,10.943155979990905,350.0
2 ppm,10.950432014552069,350.0
2 ppm,10.957708049113233,350.0
2 ppm,10.964984083674397,350.0
2 ppm,10.972260118235562,350.0
2 ppm,10.979536152796726,350.0
2 ppm,10.98681218735789,350.0
2 ppm,10.994088221919053,350.0
2 ppm,11.001364256480217,350.0
2 ppm,11.008640291041383,350.0
2 ppm,11.015916325602547,350.0
2 ppm,11.02319236016371,350.0
2 ppm,11.030468394724874,350.0
2 ppm,11.03774442928604,350.0
2 ppm,11.045020463847203,350.0
2 ppm,11.052296498408367,350.0
2 ppm,11.059572532969531,350.0
2 ppm,11.066848567530695,350.0
2 ppm,11.07412460209186,350.0
2 ppm,11.081400636653024,350.0
2 ppm,11.088676671214188,350.0
2 ppm,11.095952705775352,350.0
2 ppm,11.103228740336517,350.0
2 ppm,11.11050477489768,350.0
2 ppm,11.117780809458845,350.0
2 ppm,11.125056844020008,350.0
2 ppm,11.132332878581172,350.0
2 ppm,11.139608913142338,350.0
2 ppm,11.146884947703501,350.0
2 ppm,11.154160982264665,350.0
2 ppm,11.161437016825829,350.0
2 ppm,11.168713051386995,350.0
2 ppm,11.175989085948158,350.0
2 ppm,11.183265120509322,350.0
2 ppm,11.190541155070486,350.0
2 ppm,11.19781718963165,350.0
2 ppm,11.205093224192815,350.0
2 ppm,11.212369258753979,350.0
2 ppm,11.219645293315143,350.0
2 ppm,11.226921327876306,350.0
2 ppm,11.234197362437472,350.0
2 ppm,11.241473396998636,350.0
2 ppm,11.2487494315598,350.0
2 ppm,11.256025466120963,350.0
2 ppm,11.263301500682127,350.0
2 ppm,11.270577535243293,350.0
2 ppm,11.277853569804456,350.0
2 ppm,11.28512960436562,350.0
2 ppm,11.292405638926784,350.0
2 ppm,11.29968167348795,350.0
2 ppm,11.306957708049113,350.0
2 ppm,11.314233742610277,350.0
2 ppm,11.32150977717144,350.0
2 ppm,11.328785811732605,350.0
2 ppm,11.33606184629377,350.0
2 ppm,11.343337880854934,350.0
2 ppm,11.350613915416098,350.0
2 ppm,11.357889949977261,350.0
2 ppm,11.365165984538427,350.0
2 ppm,11.37244201909959,350.0
2 ppm,11.379718053660755,350.0
2 ppm,11.386994088221918,350.0
2 ppm,11.394270122783082,350.0
2 ppm,11.401546157344248,350.0
2 ppm,11.408822191905411,350.0
2 ppm,11.416098226466575,350.0
2 ppm,11.423374261027739,350.0
2 ppm,11.430650295588904,350.0
2 ppm,11.437926330150068,350.0
2 ppm,11.445202364711232,350.0
2 ppm,11.452478399272396,350.0
2 ppm,11.45975443383356,350.0
2 ppm,11.467030468394725,350.0
2 ppm,11.474306502955889,350.0
2 ppm,11.481582537517053,350.0
2 ppm,11.488858572078216,350.0
2 ppm,11.496134606639382,350.0
2 ppm,11.503410641200546,350.0
2 ppm,11.51068667576171,350.0
2 ppm,11.517962710322873,350.0
2 ppm,11.525238744884037,350.0
2 ppm,11.532514779445203,350.0
2 ppm,11.539790814006366,350.0
2 ppm,11.54706684856753,350.0
2 ppm,11.554342883128694,350.0
2 ppm,11.56161891768986,350.0
2 ppm,11.568894952251023,350.0
2 ppm,11.576170986812187,350.0
2 ppm,11.58344702137335,350.0
2 ppm,11.590723055934514,350.0
2 ppm,11.59799909049568,350.0
2 ppm,11.605275125056844,350.0
2 ppm,11.612551159618008,350.0
2 ppm,11.619827194179171,350.0
2 ppm,11.627103228740337,350.0
2 ppm,11.6343792633015,350.0
2 ppm,11.641655297862664,350.0
2 ppm,11.648931332423828,350.0
2 ppm,11.656207366984992,350.0
2 ppm,11.663483401546157,350.0
2 ppm,11.670759436107321,350.0
2 ppm,11.678035470668485,350.0
2 ppm,11.685311505229649,350.0
2 ppm,11.692587539790814,350.0
2 ppm,11.699863574351978,350.0
2 ppm,11.707139608913142,350.0
2 ppm,11.714415643474306,350.0
2 ppm,11.72169167803547,350.0
2 ppm,11.728967712596635,350.0
2 ppm,11.736243747157799,350.0
2 ppm,11.743519781718962,350.0
2 ppm,11.750795816280126,350.0
2 ppm,11.758071850841292,350.0
2 ppm,11.765347885402456,350.0
2 ppm,11.77262391996362,350.0
2 ppm,11.779899954524783,350.0
2 ppm,11.787175989085947,350.0
2 ppm,11.794452023647112,350.0
2 ppm,11.801728058208276,350.0
2 ppm,11.80900409276944,350.0
2 ppm,11.816280127330604,350.0
2 ppm,11.82355616189177,350.0
2 ppm,11.830832196452933,350.0
2 ppm,11.838108231014097,350.0
2 ppm,11.84538426557526,350.0
2 ppm,11.852660300136426,350.0
2 ppm,11.85993633469759,350.0
2 ppm,11.867212369258754,350.0
2 ppm,11.874488403819917,350.0
2 ppm,11.881764438381081,350.0
2 ppm,11.889040472942247,350.0
2 ppm,11.89631650750341,350.0
2 ppm,11.903592542064574,350.0
2 ppm,11.910868576625738,350.0
2 ppm,11.918144611186904,350.0
2 ppm,11.925420645748067,350.0
2 ppm,11.932696680309231,350.0
2 ppm,11.939972714870395,350.0
2 ppm,11.947248749431559,350.0
2 ppm,11.954524783992724,350.0
2 ppm,11.961800818553888,350.0
2 ppm,11.969076853115052,350.0
2 ppm,11.976352887676216,350.0
2 ppm,11.983628922237381,350.0
2 ppm,11.990904956798545,350.0
2 ppm,11.998180991359709,350.0
2 ppm,12.005457025920872,350.0
2 ppm,12.012733060482036,350.0
2 ppm,12.020009095043202,350.0
2 ppm,12.027285129604365,350.0
2 ppm,12.03456116416553,350.0
2 ppm,12.041837198726693,350.0
2 ppm,12.049113233287859,350.0
2 ppm,12.056389267849022,350.0
2 ppm,12.063665302410186,350.0
2 ppm,12.07094133697135,350.0
2 ppm,12.078217371532514,350.0
2 ppm,12.08549340609368,350.0
2 ppm,12.092769440654843,350.0
2 ppm,12.100045475216007,350.0
2 ppm,12.10732150977717,350.0
2 ppm,12.114597544338336,350.0
2 ppm,12.1218735788995,350.0
2 ppm,12.129149613460664,350.0
2 ppm,12.136425648021827,350.0
2 ppm,12.143701682582991,350.0
2 ppm,12.150977717144157,350.0
2 ppm,12.15825375170532,350.0
2 ppm,12.165529786266484,350.0
2 ppm,12.172805820827648,350.0
2 ppm,12.180081855388813,350.0
2 ppm,12.187357889949977,350.0
2 ppm,12.194633924511141,350.0
2 ppm,12.201909959072305,350.0
2 ppm,12.209185993633469,350.0
2 ppm,12.216462028194634,350.0
2 ppm,12.223738062755798,350.0
2 ppm,12.231014097316962,350.0
2 ppm,12.238290131878125,350.0
2 ppm,12.245566166439291,350.0
2 ppm,12.252842201000455,350.0
2 ppm,12.260118235561619,350.0
2 ppm,12.267394270122782,350.0
2 ppm,12.274670304683946,350.0
2 ppm,12.281946339245112,350.0
2 ppm,12.289222373806275,350.0
2 ppm,12.29649840836744,350.0
2 ppm,12.303774442928603,350.0
2 ppm,12.311050477489768,350.0
2 ppm,12.318326512050932,350.0
2 ppm,12.325602546612096,350.0
2 ppm,12.33287858117326,350.0
2 ppm,12.340154615734424,350.0
2 ppm,12.347430650295589,350.0
2 ppm,12.354706684856753,350.0
2 ppm,12.361982719417917,350.0
2 ppm,12.36925875397908,350.0
2 ppm,12.376534788540246,350.0
2 ppm,12.38381082310141,350.0
2 ppm,12.391086857662573,350.0
2 ppm,12.398362892223737,350.0
2 ppm,12.405638926784901,350.0
2 ppm,12.412914961346067,350.0
2 ppm,12.42019099590723,350.0
2 ppm,12.427467030468394,350.0
2 ppm,12.434743065029558,350.0
2 ppm,12.442019099590723,350.0
2 ppm,12.449295134151887,350.0
2 ppm,12.456571168713051,350.0
2 ppm,12.463847203274215,350.0
2 ppm,12.471123237835378,350.0
2 ppm,12.478399272396544,350.0
2 ppm,12.485675306957708,350.0
2 ppm,12.492951341518872,350.0
2 ppm,12.500227376080035,350.0
2 ppm,12.5075034106412,350.0
2 ppm,12.514779445202365,350.0
2 ppm,12.522055479763528,350.0
2 ppm,12.529331514324692,350.0
2 ppm,12.536607548885856,350.0
2 ppm,12.543883583447021,350.0
2 ppm,12.551159618008185,350.0
2 ppm,12.558435652569349,350.0
2 ppm,12.565711687130513,350.0
2 ppm,12.572987721691678,350.0
2 ppm,12.580263756252842,350.0
2 ppm,12.587539790814006,350.0
2 ppm,12.59481582537517,350.0
2 ppm,12.602091859936333,350.0
2 ppm,12.609367894497499,350.0
2 ppm,12.616643929058663,350.0
2 ppm,12.623919963619826,350.0
2 ppm,12.63119599818099,350.0
2 ppm,12.638472032742156,350.0
2 ppm,12.64574806730332,350.0
2 ppm,12.653024101864483,350.0
2 ppm,12.660300136425647,350.0
2 ppm,12.66757617098681,350.0
2 ppm,12.674852205547976,350.0
2 ppm,12.68212824010914,350.0
2 ppm,12.689404274670304,350.0
2 ppm,12.696680309231468,350.0
2 ppm,12.703956343792633,350.0
2 ppm,12.711232378353797,350.0
2 ppm,12.71850841291496,350.0
2 ppm,12.725784447476125,350.0
2 ppm,12.73306048203729,350.0
2 ppm,12.740336516598454,350.0
2 ppm,12.747612551159618,350.0
2 ppm,12.754888585720781,350.0
2 ppm,12.762164620281945,350.0
2 ppm,12.76944065484311,350.0
2 ppm,12.776716689404275,350.0
2 ppm,12.783992723965438,350.0
2 ppm,12.791268758526602,350.0
2 ppm,12.798544793087768,350.0
2 ppm,12.805820827648931,350.0
2 ppm,12.813096862210095,350.0
2 ppm,12.820372896771259,350.0
2 ppm,12.827648931332423,350.0
2 ppm,12.834924965893588,350.0
2 ppm,12.842201000454752,350.0
2 ppm,12.849477035015916,350.0
2 ppm,12.85675306957708,350.0
2 ppm,12.864029104138245,350.0
2 ppm,12.871305138699409,350.0
2 ppm,12.878581173260573,350.0
2 ppm,12.885857207821736,350.0
2 ppm,12.8931332423829,350.0
2 ppm,12.900409276944066,350.0
2 ppm,12.90768531150523,350.0
2 ppm,12.914961346066393,350.0
2 ppm,12.922237380627557,350.0
2 ppm,12.929513415188723,350.0
2 ppm,12.936789449749886,350.0
2 ppm,12.94406548431105,350.0
2 ppm,12.951341518872214,350.0
2 ppm,12.958617553433378,350.0
2 ppm,12.965893587994543,350.0
2 ppm,12.973169622555707,350.0
2 ppm,12.98044565711687,350.0
2 ppm,12.987721691678034,350.0
2 ppm,12.9949977262392,350.0
2 ppm,13.002273760800364,350.0
2 ppm,13.009549795361528,350.0
2 ppm,13.016825829922691,350.0
2 ppm,13.024101864483855,350.0
2 ppm,13.03137789904502,350.0
2 ppm,13.038653933606184,350.0
2 ppm,13.045929968167348,350.0
2 ppm,13.053206002728512,350.0
2 ppm,13.060482037289677,350.0
2 ppm,13.067758071850841,350.0
2 ppm,13.075034106412005,350.0
2 ppm,13.082310140973169,350.0
2 ppm,13.089586175534333,350.0
2 ppm,13.096862210095498,350.0
2 ppm,13.104138244656662,350.0
2 ppm,13.111414279217826,350.0
2 ppm,13.11869031377899,350.0
2 ppm,13.125966348340155,350.0
2 ppm,13.133242382901319,350.0
2 ppm,13.140518417462483,350.0
2 ppm,13.147794452023646,350.0
2 ppm,13.15507048658481,350.0
2 ppm,13.162346521145976,350.0
2 ppm,13.16962255570714,350.0
2 ppm,13.176898590268303,350.0
2 ppm,13.184174624829467,350.0
2 ppm,13.191450659390632,350.0
2 ppm,13.198726693951796,350.0
2 ppm,13.20600272851296,350.0
2 ppm,13.213278763074124,350.0
2 ppm,13.220554797635288,350.0
2 ppm,13.227830832196453,350.0
2 ppm,13.235106866757617,350.0
2 ppm,13.24238290131878,350.0
2 ppm,13.249658935879944,350.0
2 ppm,13.25693497044111,350.0
2 ppm,13.264211005002274,350.0
2 ppm,13.271487039563437,350.0
2 ppm,13.278763074124601,350.0
2 ppm,13.286039108685765,350.0
2 ppm,13.29331514324693,350.0
2 ppm,13.300591177808094,350.0
2 ppm,13.307867212369258,350.0
2 ppm,13.315143246930422,350.0
2 ppm,13.322419281491587,350.0
2 ppm,13.329695316052751,350.0
2 ppm,13.336971350613915,350.0
2 ppm,13.344247385175079,350.0
2 ppm,13.351523419736242,350.0
2 ppm,13.358799454297408,350.0
2 ppm,13.366075488858572,350.0
2 ppm,13.373351523419736,350.0
2 ppm,13.3806275579809,350.0
2 ppm,13.387903592542065,350.0
2 ppm,13.395179627103229,350.0
2 ppm,13.402455661664392,350.0
2 ppm,13.409731696225556,350.0
2 ppm,13.41700773078672,350.0
2 ppm,13.424283765347885,350.0
2 ppm,13.43155979990905,350.0
2 ppm,13.438835834470213,350.0
2 ppm,13.446111869031377,350.0
2 ppm,13.453387903592542,350.0
2 ppm,13.460663938153706,350.0
2 ppm,13.46793997271487,350.0
2 ppm,13.475216007276034,350.0
2 ppm,13.482492041837197,350.0
2 ppm,13.489768076398363,350.0
2 ppm,13.497044110959527,350.0
2 ppm,13.50432014552069,350.0
2 ppm,13.511596180081854,350.0
2 ppm,13.51887221464302,350.0
2 ppm,13.526148249204184,350.0
2 ppm,13.533424283765347,350.0
2 ppm,13.540700318326511,350.0
2 ppm,13.547976352887675,350.0
2 ppm,13.55525238744884,350.0
2 ppm,13.562528422010004,350.0
2 ppm,13.569804456571168,350.0
2 ppm,13.577080491132332,350.0
2 ppm,13.584356525693497,350.0
2 ppm,13.591632560254661,350.0
2 ppm,13.598908594815825,350.0
2 ppm,13.606184629376989,350.0
2 ppm,13.613460663938154,350.0
2 ppm,13.620736698499318,350.0
2 ppm,13.628012733060482,350.0
2 ppm,13.635288767621645,350.0
2 ppm,13.64256480218281,350.0
2 ppm,13.649840836743975,350.0
2 ppm,13.657116871305139,350.0
2 ppm,13.664392905866302,350.0
2 ppm,13.671668940427466,350.0
2 ppm,13.678944974988632,350.0
2 ppm,13.686221009549795,350.0
2 ppm,13.69349704411096,350.0
2 ppm,13.700773078672123,350.0
2 ppm,13.708049113233287,350.0
2 ppm,13.715325147794452,350.0
2 ppm,13.722601182355616,350.0
2 ppm,13.72987721691678,350.0
2 ppm,13.737153251477944,350.0
2 ppm,13.744429286039109,350.0
2 ppm,13.751705320600273,350.0
2 ppm,13.758981355161437,350.0
2 ppm,13.7662573897226,350.0
2 ppm,13.773533424283764,350.0
2 ppm,13.78080945884493,350.0
2 ppm,13.788085493406093,350.0
2 ppm,13.795361527967257,350.0
2 ppm,13.802637562528421,350.0
2 ppm,13.809913597089587,350.0
2 ppm,13.81718963165075,350.0
2 ppm,13.824465666211914,350.0
2 ppm,13.831741700773078,350.0
2 ppm,13.839017735334242,350.0
2 ppm,13.846293769895407,350.0
2 ppm,13.853569804456571,350.0
2 ppm,13.860845839017735,350.0
2 ppm,13.868121873578898,350.0
2 ppm,13.875397908140064,350.0
2 ppm,13.882673942701228,350.0
2 ppm,13.889949977262392,350.0
2 ppm,13.897226011823555,350.0
2 ppm,13.904502046384719,350.0
2 ppm,13.911778080945885,350.0
2 ppm,13.919054115507048,350.0
2 ppm,13.926330150068212,350.0
2 ppm,13.933606184629376,350.0
2 ppm,13.940882219190541,350.0
2 ppm,13.948158253751705,350.0
2 ppm,13.955434288312869,350.0
2 ppm,13.962710322874033,350.0
2 ppm,13.969986357435197,350.0
2 ppm,13.977262391996362,350.0
2 ppm,13.984538426557526,350.0
2 ppm,13.99181446111869,350.0
2 ppm,13.999090495679853,350.0
2 ppm,14.006366530241019,350.0
2 ppm,14.013642564802183,350.0
2 ppm,14.020918599363347,350.0
2 ppm,14.02819463392451,350.0
2 ppm,14.035470668485674,350.0
2 ppm,14.04274670304684,350.0
2 ppm,14.050022737608003,350.0
2 ppm,14.057298772169167,350.0
2 ppm,14.064574806730331,350.0
2 ppm,14.071850841291496,350.0
2 ppm,14.07912687585266,350.0
2 ppm,14.086402910413824,350.0
2 ppm,14.093678944974988,350.0
2 ppm,14.100954979536152,350.0
2 ppm,14.108231014097317,350.0
2 ppm,14.11550704865848,350.0
2 ppm,14.122783083219645,350.0
2 ppm,14.130059117780808,350.0
2 ppm,14.137335152341974,350.0
2 ppm,14.144611186903138,350.0
2 ppm,14.151887221464301,350.0
2 ppm,14.159163256025465,350.0
2 ppm,14.166439290586629,350.0
2 ppm,14.173715325147795,350.0
2 ppm,14.180991359708958,350.0
2 ppm,14.188267394270122,350.0
2 ppm,14.195543428831286,350.0
2 ppm,14.202819463392451,350.0
2 ppm,14.210095497953615,350.0
2 ppm,14.217371532514779,350.0
2 ppm,14.224647567075943,350.0
2 ppm,14.231923601637106,350.0
2 ppm,14.239199636198272,350.0
2 ppm,14.246475670759436,350.0
2 ppm,14.2537517053206,350.0
2 ppm,14.261027739881763,350.0
2 ppm,14.268303774442929,350.0
2 ppm,14.275579809004093,350.0
2 ppm,14.282855843565256,350.0
2 ppm,14.29013187812642,350.0
2 ppm,14.297407912687584,350.0
2 ppm,14.30468394724875,350.0
2 ppm,14.311959981809913,350.0
2 ppm,14.319236016371077,350.0
2 ppm,14.32651205093224,350.0
2 ppm,14.333788085493406,350.0
2 ppm,14.34106412005457,350.0
2 ppm,14.348340154615734,350.0
2 ppm,14.355616189176898,350.0
2 ppm,14.362892223738061,350.0
2 ppm,14.370168258299227,350.0
2 ppm,14.37744429286039,350.0
2 ppm,14.384720327421554,350.0
2 ppm,14.391996361982718,350.0
2 ppm,14.399272396543884,350.0
2 ppm,14.406548431105048,350.0
2 ppm,14.413824465666211,350.0
2 ppm,14.421100500227375,350.0
2 ppm,14.428376534788539,350.0
2 ppm,14.435652569349704,350.0
2 ppm,14.442928603910868,350.0
2 ppm,14.450204638472032,350.0
2 ppm,14.457480673033196,350.0
2 ppm,14.464756707594361,350.0
2 ppm,14.472032742155525,350.0
2 ppm,14.479308776716689,350.0
2 ppm,14.486584811277853,350.0
2 ppm,14.493860845839018,350.0
2 ppm,14.501136880400182,350.0
2 ppm,14.508412914961346,350.0
2 ppm,14.51568894952251,350.0
2 ppm,14.522964984083673,350.0
2 ppm,14.530241018644839,350.0
2 ppm,14.537517053206003,350.0
2 ppm,14.544793087767166,350.0
2 ppm,14.55206912232833,350.0
2 ppm,14.559345156889496,350.0
2 ppm,14.56662119145066,350.0
2 ppm,14.573897226011823,350.0
2 ppm,14.581173260572987,350.0
2 ppm,14.58844929513415,350.0
2 ppm,14.595725329695316,350.0
2 ppm,14.60300136425648,350.0
2 ppm,14.610277398817644,350.0
2 ppm,14.617553433378808,350.0
2 ppm,14.624829467939973,350.0
2 ppm,14.632105502501137,350.0
2 ppm,14.6393815370623,350.0
2 ppm,14.646657571623464,350.0
2 ppm,14.653933606184628,350.0
2 ppm,14.661209640745794,350.0
2 ppm,14.668485675306957,350.0
2 ppm,14.675761709868121,350.0
2 ppm,14.683037744429285,350.0
2 ppm,14.69031377899045,350.0
2 ppm,14.697589813551614,350.0
2 ppm,14.704865848112778,350.0
2 ppm,14.712141882673942,350.0
2 ppm,14.719417917235106,350.0
2 ppm,14.726693951796271,350.0
2 ppm,14.733969986357435,350.0
2 ppm,14.741246020918599,350.0
2 ppm,14.748522055479762,350.0
2 ppm,14.755798090040928,350.0
2 ppm,14.763074124602092,350.0
2 ppm,14.770350159163256,350.0
2 ppm,14.77762619372442,350.0
2 ppm,14.784902228285583,350.0
2 ppm,14.792178262846749,350.0
2 ppm,14.799454297407912,350.0
2 ppm,14.806730331969076,350.0
2 ppm,14.81400636653024,350.0
2 ppm,14.821282401091405,350.0
2 ppm,14.82855843565257,350.0
2 ppm,14.835834470213733,350.0
2 ppm,14.843110504774897,350.0
2 ppm,14.85038653933606,350.0
2 ppm,14.857662573897226,350.0
2 ppm,14.86493860845839,350.0
2 ppm,14.872214643019554,350.0
2 ppm,14.879490677580717,350.0
2 ppm,14.886766712141883,350.0
2 ppm,14.894042746703047,350.0
2 ppm,14.90131878126421,350.0
2 ppm,14.908594815825374,350.0
2 ppm,14.915870850386538,350.0
2 ppm,14.923146884947704,350.0
2 ppm,14.930422919508867,350.0
2 ppm,14.937698954070031,350.0
2 ppm,14.944974988631195,350.0
2 ppm,14.95225102319236,350.0
2 ppm,14.959527057753524,350.0
2 ppm,14.966803092314688,350.0
2 ppm,14.974079126875852,350.0
2 ppm,14.981355161437016,350.0
2 ppm,14.988631195998181,350.0
2 ppm,14.995907230559345,350.0
2 ppm,15.003183265120509,350.0
2 ppm,15.010459299681672,350.0
2 ppm,15.017735334242838,350.0
2 ppm,15.025011368804002,350.0
2 ppm,15.032287403365165,350.0
2 ppm,15.03956343792633,350.0
2 ppm,15.046839472487493,350.0
2 ppm,15.054115507048659,350.0
2 ppm,15.061391541609822,350.0
2 ppm,15.068667576170986,350.0
2 ppm,15.07594361073215,350.0
2 ppm,15.083219645293315,350.0
2 ppm,15.09049567985448,350.0
2 ppm,15.097771714415643,350.0
2 ppm,15.105047748976807,350.0
2 ppm,15.11232378353797,350.0
2 ppm,15.119599818099136,350.0
2 ppm,15.1268758526603,350.0
2 ppm,15.134151887221464,350.0
2 ppm,15.141427921782627,350.0
2 ppm,15.148703956343793,350.0
2 ppm,15.155979990904957,350.0
2 ppm,15.16325602546612,350.0
2 ppm,15.170532060027284,350.0
2 ppm,15.177808094588448,350.0
2 ppm,15.185084129149613,350.0
2 ppm,15.192360163710777,350.0
2 ppm,15.199636198271941,350.0
2 ppm,15.206912232833105,350.0
2 ppm,15.21418826739427,350.0
2 ppm,15.221464301955434,350.0
2 ppm,15.228740336516598,350.0
2 ppm,15.236016371077762,350.0
2 ppm,15.243292405638925,350.0
2 ppm,15.250568440200091,350.0
2 ppm,15.257844474761255,350.0
2 ppm,15.265120509322418,350.0
2 ppm,15.272396543883582,350.0
2 ppm,15.279672578444748,350.0
2 ppm,15.286948613005912,350.0
2 ppm,15.294224647567075,350.0
2 ppm,15.301500682128239,350.0
2 ppm,15.308776716689403,350.0
2 ppm,15.316052751250568,350.0
2 ppm,15.323328785811732,350.0
2 ppm,15.330604820372896,350.0
2 ppm,15.33788085493406,350.0
2 ppm,15.345156889495225,350.0
2 ppm,15.352432924056389,350.0
2 ppm,15.359708958617553,350.0
2 ppm,15.366984993178717,350.0
2 ppm,15.374261027739882,350.0
2 ppm,15.381537062301046,350.0
2 ppm,15.38881309686221,350.0
2 ppm,15.396089131423373,350.0
2 ppm,15.403365165984537,350.0
2 ppm,15.410641200545703,350.0
2 ppm,15.417917235106867,350.0
2 ppm,15.42519326966803,350.0
2 ppm,15.432469304229194,350.0
2 ppm,15.43974533879036,350.0
2 ppm,15.447021373351523,350.0
2 ppm,15.454297407912687,350.0
2 ppm,15.461573442473851,350.0
2 ppm,15.468849477035015,350.0
2 ppm,15.47612551159618,350.0
2 ppm,15.483401546157344,350.0
2 ppm,15.490677580718508,350.0
2 ppm,15.497953615279672,350.0
2 ppm,15.505229649840837,350.0
2 ppm,15.512505684402,350.0
2 ppm,15.519781718963165,350.0
2 ppm,15.527057753524328,350.0
2 ppm,15.534333788085492,350.0
2 ppm,15.541609822646658,350.0
2 ppm,15.548885857207821,350.0
2 ppm,15.556161891768985,350.0
2 ppm,15.563437926330149,350.0
2 ppm,15.570713960891315,350.0
2 ppm,15.577989995452478,350.0
2 ppm,15.585266030013642,350.0
2 ppm,15.592542064574806,350.0
2 ppm,15.59981809913597,350.0
2 ppm,15.607094133697135,350.0
2 ppm,15.614370168258299,350.0
2 ppm,15.621646202819463,350.0
2 ppm,15.628922237380626,350.0
2 ppm,15.636198271941792,350.0
2 ppm,15.643474306502956,350.0
2 ppm,15.65075034106412,350.0
2 ppm,15.658026375625283,350.0
2 ppm,15.665302410186447,350.0
2 ppm,15.672578444747613,350.0
2 ppm,15.679854479308776,350.0
2 ppm,15.68713051386994,350.0
2 ppm,15.694406548431104,350.0
2 ppm,15.70168258299227,350.0
2 ppm,15.708958617553433,350.0
2 ppm,15.716234652114597,350.0
2 ppm,15.72351068667576,350.0
2 ppm,15.730786721236925,350.0
2 ppm,15.73806275579809,350.0
2 ppm,15.745338790359254,350.0
2 ppm,15.752614824920418,350.0
2 ppm,15.759890859481581,350.0
2 ppm,15.767166894042747,350.0
2 ppm,15.77444292860391,350.0
2 ppm,15.781718963165074,350.0
2 ppm,15.788994997726238,350.0
2 ppm,15.796271032287402,350.0
2 ppm,15.803547066848568,350.0
2 ppm,15.810823101409731,350.0
2 ppm,15.818099135970895,350.0
2 ppm,15.825375170532059,350.0
2 ppm,15.832651205093224,350.0
2 ppm,15.839927239654388,350.0
2 ppm,15.847203274215552,350.0
2 ppm,15.854479308776716,350.0
2 ppm,15.86175534333788,350.0
2 ppm,15.869031377899045,350.0
2 ppm,15.876307412460209,350.0
2 ppm,15.883583447021373,350.0
2 ppm,15.890859481582536,350.0
2 ppm,15.898135516143702,350.0
2 ppm,15.905411550704866,350.0
2 ppm,15.91268758526603,350.0
2 ppm,15.919963619827193,350.0
2 ppm,15.927239654388357,350.0
2 ppm,15.934515688949523,350.0
2 ppm,15.941791723510686,350.0
2 ppm,15.94906775807185,350.0
2 ppm,15.956343792633014,350.0
2 ppm,15.96361982719418,350.0
2 ppm,15.970895861755343,350.0
2 ppm,15.978171896316507,350.0
2 ppm,15.98544793087767,350.0
2 ppm,15.992723965438834,350.0
2 ppm,16.0,350.0
5 ppm,0.0,600.0
5 ppm,0.007276034561164165,600.0
5 ppm,0.01455206912232833,600.0
5 ppm,0.021828103683492497,600.0
5 ppm,0.02910413824465666,600.0
5 ppm,0.03638017280582083,600.0
5 ppm,0.04365620736698499,600.0
5 ppm,0.05093224192814916,600.0
5 ppm,0.05820827648931332,600.0
5 ppm,0.06548431105047749,600.0
5 ppm,0.07276034561164166,600.0
5 ppm,0.08003638017280582,600.0
5 ppm,0.08731241473396999,600.0
5 ppm,0.09458844929513414,600.0
5 ppm,0.10186448385629832,600.0
5 ppm,0.10914051841746247,600.0
5 ppm,0.11641655297862664,600.0
5 ppm,0.12369258753979082,600.0
5 ppm,0.13096862210095497,600.0
5 ppm,0.13824465666211913,600.0
5 ppm,0.14552069122328332,600.0
5 ppm,0.15279672578444747,600.0
5 ppm,0.16007276034561163,600.0
5 ppm,0.1673487949067758,600.0
5 ppm,0.17462482946793997,600.0
5 ppm,0.18190086402910413,600.0
5 ppm,0.1891768985902683,600.0
5 ppm,0.19645293315143247,600.0
5 ppm,0.20372896771259663,600.0
5 ppm,0.2110050022737608,600.0
5 ppm,0.21828103683492495,600.0
5 ppm,0.22555707139608913,600.0
5 ppm,0.2328331059572533,600.0
5 ppm,0.24010914051841745,600.0
5 ppm,0.24738517507958163,600.0
5 ppm,0.2546612096407458,600.0
5 ppm,0.26193724420190995,600.0
5 ppm,0.2692132787630741,600.0
5 ppm,0.27648931332423826,600.0
5 ppm,0.2837653478854024,600.0
5 ppm,0.29104138244656663,600.0
5 ppm,0.2983174170077308,600.0
5 ppm,0.30559345156889495,600.0
5 ppm,0.3128694861300591,600.0
5 ppm,0.32014552069122326,600.0
5 ppm,0.3274215552523874,600.0
5 ppm,0.3346975898135516,600.0
5 ppm,0.3419736243747158,600.0
5 ppm,0.34924965893587995,600.0
5 ppm,0.3565256934970441,600.0
5 ppm,0.36380172805820826,600.0
5 ppm,0.3710777626193724,600.0
5 ppm,0.3783537971805366,600.0
5 ppm,0.38562983174170073,600.0
5 ppm,0.39290586630286495,600.0
5 ppm,0.4001819008640291,600.0
5 ppm,0.40745793542519326,600.0
5 ppm,0.4147339699863574,600.0
5 ppm,0.4220100045475216,600.0
5 ppm,0.42928603910868574,600.0
5 ppm,0.4365620736698499,600.0
5 ppm,0.4438381082310141,600.0
5 ppm,0.45111414279217826,600.0
5 ppm,0.4583901773533424,600.0
5 ppm,0.4656662119145066,600.0
5 ppm,0.47294224647567074,600.0
5 ppm,0.4802182810368349,600.0
5 ppm,0.48749431559799905,600.0
5 ppm,0.49477035015916326,600.0
5 ppm,0.5020463847203274,600.0
5 ppm,0.5093224192814916,600.0
5 ppm,0.5165984538426557,600.0
5 ppm,0.5238744884038199,600.0
5 ppm,0.5311505229649841,600.0
5 ppm,0.5384265575261482,600.0
5 ppm,0.5457025920873124,600.0
5 ppm,0.5529786266484765,600.0
5 ppm,0.5602546612096407,600.0
5 ppm,0.5675306957708048,600.0
5 ppm,0.574806730331969,600.0
5 ppm,0.5820827648931333,600.0
5 ppm,0.5893587994542974,600.0
5 ppm,0.5966348340154616,600.0
5 ppm,0.6039108685766257,600.0
5 ppm,0.6111869031377899,600.0
5 ppm,0.618462937698954,600.0
5 ppm,0.6257389722601182,600.0
5 ppm,0.6330150068212824,600.0
5 ppm,0.6402910413824465,600.0
5 ppm,0.6475670759436107,600.0
5 ppm,0.6548431105047748,600.0
5 ppm,0.662119145065939,600.0
5 ppm,0.6693951796271032,600.0
5 ppm,0.6766712141882674,600.0
5 ppm,0.6839472487494316,600.0
5 ppm,0.6912232833105957,600.0
5 ppm,0.6984993178717599,600.0
5 ppm,0.705775352432924,600.0
5 ppm,0.7130513869940882,600.0
5 ppm,0.7203274215552523,600.0
5 ppm,0.7276034561164165,600.0
5 ppm,0.7348794906775807,600.0
5 ppm,0.7421555252387448,600.0
5 ppm,0.749431559799909,600.0
5 ppm,0.7567075943610732,600.0
5 ppm,0.7639836289222374,600.0
5 ppm,0.7712596634834015,600.0
5 ppm,0.7785356980445657,600.0
5 ppm,0.7858117326057299,600.0
5 ppm,0.793087767166894,600.0
5 ppm,0.8003638017280582,600.0
5 ppm,0.8076398362892223,600.0
5 ppm,0.8149158708503865,600.0
5 ppm,0.8221919054115506,600.0
5 ppm,0.8294679399727148,600.0
5 ppm,0.836743974533879,600.0
5 ppm,0.8440200090950432,600.0
5 ppm,0.8512960436562074,600.0
5 ppm,0.8585720782173715,600.0
5 ppm,0.8658481127785357,600.0
5 ppm,0.8731241473396998,600.0
5 ppm,0.880400181900864,600.0
5 ppm,0.8876762164620282,600.0
5 ppm,0.8949522510231923,600.0
5 ppm,0.9022282855843565,600.0
5 ppm,0.9095043201455206,600.0
5 ppm,0.9167803547066848,600.0
5 ppm,0.9240563892678489,600.0
5 ppm,0.9313324238290132,600.0
5 ppm,0.9386084583901774,600.0
5 ppm,0.9458844929513415,600.0
5 ppm,0.9531605275125057,600.0
5 ppm,0.9604365620736698,600.0
5 ppm,0.967712596634834,600.0
5 ppm,0.9749886311959981,600.0
5 ppm,0.9822646657571623,600.0
5 ppm,0.9895407003183265,600.0
5 ppm,0.9968167348794906,600.0
5 ppm,1.0040927694406547,600.0
5 ppm,1.011368804001819,600.0
5 ppm,1.0186448385629832,600.0
5 ppm,1.0259208731241474,600.0
5 ppm,1.0331969076853114,600.0
5 ppm,1.0404729422464756,600.0
5 ppm,1.0477489768076398,600.0
5 ppm,1.055025011368804,600.0
5 ppm,1.0623010459299682,600.0
5 ppm,1.0695770804911322,600.0
5 ppm,1.0768531150522964,600.0
5 ppm,1.0841291496134606,600.0
5 ppm,1.0914051841746248,600.0
5 ppm,1.098681218735789,600.0
5 ppm,1.105957253296953,600.0
5 ppm,1.1132332878581173,600.0
5 ppm,1.1205093224192815,600.0
5 ppm,1.1277853569804457,600.0
5 ppm,1.1350613915416097,600.0
5 ppm,1.142337426102774,600.0
5 ppm,1.149613460663938,600.0
5 ppm,1.1568894952251023,600.0
5 ppm,1.1641655297862665,600.0
5 ppm,1.1714415643474305,600.0
5 ppm,1.1787175989085947,600.0
5 ppm,1.185993633469759,600.0
5 ppm,1.1932696680309232,600.0
5 ppm,1.2005457025920874,600.0
5 ppm,1.2078217371532514,600.0
5 ppm,1.2150977717144156,600.0
5 ppm,1.2223738062755798,600.0
5 ppm,1.229649840836744,600.0
5 ppm,1.236925875397908,600.0
5 ppm,1.2442019099590722,600.0
5 ppm,1.2514779445202364,600.0
5 ppm,1.2587539790814006,600.0
5 ppm,1.2660300136425648,600.0
5 ppm,1.2733060482037288,600.0
5 ppm,1.280582082764893,600.0
5 ppm,1.2878581173260573,600.0
5 ppm,1.2951341518872215,600.0
5 ppm,1.3024101864483857,600.0
5 ppm,1.3096862210095497,600.0
5 ppm,1.316962255570714,600.0
5 ppm,1.324238290131878,600.0
5 ppm,1.3315143246930423,600.0
5 ppm,1.3387903592542063,600.0
5 ppm,1.3460663938153705,600.0
5 ppm,1.3533424283765347,600.0
5 ppm,1.360618462937699,600.0
5 ppm,1.3678944974988632,600.0
5 ppm,1.3751705320600272,600.0
5 ppm,1.3824465666211914,600.0
5 ppm,1.3897226011823556,600.0
5 ppm,1.3969986357435198,600.0
5 ppm,1.404274670304684,600.0
5 ppm,1.411550704865848,600.0
5 ppm,1.4188267394270122,600.0
5 ppm,1.4261027739881764,600.0
5 ppm,1.4333788085493406,600.0
5 ppm,1.4406548431105046,600.0
5 ppm,1.4479308776716688,600.0
5 ppm,1.455206912232833,600.0
5 ppm,1.4624829467939973,600.0
5 ppm,1.4697589813551615,600.0
5 ppm,1.4770350159163255,600.0
5 ppm,1.4843110504774897,600.0
5 ppm,1.491587085038654,600.0
5 ppm,1.498863119599818,600.0
5 ppm,1.5061391541609823,600.0
5 ppm,1.5134151887221463,600.0
5 ppm,1.5206912232833105,600.0
5 ppm,1.5279672578444747,600.0
5 ppm,1.535243292405639,600.0
5 ppm,1.542519326966803,600.0
5 ppm,1.5497953615279672,600.0
5 ppm,1.5570713960891314,600.0
5 ppm,1.5643474306502956,600.0
5 ppm,1.5716234652114598,600.0
5 ppm,1.5788994997726238,600.0
5 ppm,1.586175534333788,600.0
5 ppm,1.5934515688949522,600.0
5 ppm,1.6007276034561164,600.0
5 ppm,1.6080036380172806,600.0
5 ppm,1.6152796725784446,600.0
5 ppm,1.6225557071396088,600.0
5 ppm,1.629831741700773,600.0
5 ppm,1.6371077762619373,600.0
5 ppm,1.6443838108231013,600.0
5 ppm,1.6516598453842655,600.0
5 ppm,1.6589358799454297,600.0
5 ppm,1.666211914506594,600.0
5 ppm,1.673487949067758,600.0
5 ppm,1.680763983628922,600.0
5 ppm,1.6880400181900863,600.0
5 ppm,1.6953160527512505,600.0
5 ppm,1.7025920873124147,600.0
5 ppm,1.709868121873579,600.0
5 ppm,1.717144156434743,600.0
5 ppm,1.7244201909959072,600.0
5 ppm,1.7316962255570714,600.0
5 ppm,1.7389722601182356,600.0
5 ppm,1.7462482946793996,600.0
5 ppm,1.7535243292405638,600.0
5 ppm,1.760800363801728,600.0
5 ppm,1.7680763983628922,600.0
5 ppm,1.7753524329240564,600.0
5 ppm,1.7826284674852204,600.0
5 ppm,1.7899045020463846,600.0
5 ppm,1.7971805366075488,600.0
5 ppm,1.804456571168713,600.0
5 ppm,1.8117326057298773,600.0
5 ppm,1.8190086402910413,600.0
5 ppm,1.8262846748522055,600.0
5 ppm,1.8335607094133697,600.0
5 ppm,1.840836743974534,600.0
5 ppm,1.8481127785356979,600.0
5 ppm,1.855388813096862,600.0
5 ppm,1.8626648476580263,600.0
5 ppm,1.8699408822191905,600.0
5 ppm,1.8772169167803547,600.0
5 ppm,1.8844929513415187,600.0
5 ppm,1.891768985902683,600.0
5 ppm,1.8990450204638472,600.0
5 ppm,1.9063210550250114,600.0
5 ppm,1.9135970895861754,600.0
5 ppm,1.9208731241473396,600.0
5 ppm,1.9281491587085038,600.0
5 ppm,1.935425193269668,600.0
5 ppm,1.9427012278308322,600.0
5 ppm,1.9499772623919962,600.0
5 ppm,1.9572532969531604,600.0
5 ppm,1.9645293315143246,600.0
5 ppm,1.9718053660754888,600.0
5 ppm,1.979081400636653,600.0
5 ppm,1.986357435197817,600.0
5 ppm,1.9936334697589813,600.0
5 ppm,2.0009095043201452,600.0
5 ppm,2.0081855388813095,600.0
5 ppm,2.0154615734424737,600.0
5 ppm,2.022737608003638,600.0
5 ppm,2.030013642564802,600.0
5 ppm,2.0372896771259663,600.0
5 ppm,2.0445657116871305,600.0
5 ppm,2.0518417462482947,600.0
5 ppm,2.059117780809459,600.0
5 ppm,2.0663938153706227,600.0
5 ppm,2.073669849931787,600.0
5 ppm,2.080945884492951,600.0
5 ppm,2.0882219190541154,600.0
5 ppm,2.0954979536152796,600.0
5 ppm,2.102773988176444,600.0
5 ppm,2.110050022737608,600.0
5 ppm,2.117326057298772,600.0
5 ppm,2.1246020918599364,600.0
5 ppm,2.1318781264211006,600.0
5 ppm,2.1391541609822644,600.0
5 ppm,2.1464301955434286,600.0
5 ppm,2.153706230104593,600.0
5 ppm,2.160982264665757,600.0
5 ppm,2.1682582992269213,600.0
5 ppm,2.1755343337880855,600.0
5 ppm,2.1828103683492497,600.0
5 ppm,2.190086402910414,600.0
5 ppm,2.197362437471578,600.0
5 ppm,2.204638472032742,600.0
5 ppm,2.211914506593906,600.0
5 ppm,2.2191905411550703,600.0
5 ppm,2.2264665757162345,600.0
5 ppm,2.2337426102773987,600.0
5 ppm,2.241018644838563,600.0
5 ppm,2.248294679399727,600.0
5 ppm,2.2555707139608914,600.0
5 ppm,2.2628467485220556,600.0
5 ppm,2.2701227830832194,600.0
5 ppm,2.2773988176443836,600.0
5 ppm,2.284674852205548,600.0
5 ppm,2.291950886766712,600.0
5 ppm,2.299226921327876,600.0
5 ppm,2.3065029558890404,600.0
5 ppm,2.3137789904502046,600.0
5 ppm,2.321055025011369,600.0
5 ppm,2.328331059572533,600.0
5 ppm,2.3356070941336973,600.0
5 ppm,2.342883128694861,600.0
5 ppm,2.3501591632560253,600.0
5 ppm,2.3574351978171895,600.0
5 ppm,2.3647112323783537,600.0
5 ppm,2.371987266939518,600.0
5 ppm,2.379263301500682,600.0
5 ppm,2.3865393360618463,600.0
5 ppm,2.3938153706230105,600.0
5 ppm,2.4010914051841747,600.0
5 ppm,2.4083674397453385,600.0
5 ppm,2.4156434743065027,600.0
5 ppm,2.422919508867667,600.0
5 ppm,2.430195543428831,600.0
5 ppm,2.4374715779899954,600.0
5 ppm,2.4447476125511596,600.0
5 ppm,2.452023647112324,600.0
5 ppm,2.459299681673488,600.0
5 ppm,2.466575716234652,600.0
5 ppm,2.473851750795816,600.0
5 ppm,2.48112778535698,600.0
5 ppm,2.4884038199181444,600.0
5 ppm,2.4956798544793086,600.0
5 ppm,2.502955889040473,600.0
5 ppm,2.510231923601637,600.0
5 ppm,2.5175079581628013,600.0
5 ppm,2.5247839927239655,600.0
5 ppm,2.5320600272851297,600.0
5 ppm,2.539336061846294,600.0
5 ppm,2.5466120964074577,600.0
5 ppm,2.553888130968622,600.0
5 ppm,2.561164165529786,600.0
5 ppm,2.5684402000909503,600.0
5 ppm,2.5757162346521145,600.0
5 ppm,2.5829922692132787,600.0
5 ppm,2.590268303774443,600.0
5 ppm,2.597544338335607,600.0
5 ppm,2.6048203728967714,600.0
5 ppm,2.612096407457935,600.0
5 ppm,2.6193724420190994,600.0
5 ppm,2.6266484765802636,600.0
5 ppm,2.633924511141428,600.0
5 ppm,2.641200545702592,600.0
5 ppm,2.648476580263756,600.0
5 ppm,2.6557526148249204,600.0
5 ppm,2.6630286493860846,600.0
5 ppm,2.670304683947249,600.0
5 ppm,2.6775807185084126,600.0
5 ppm,2.684856753069577,600.0
5 ppm,2.692132787630741,600.0
5 ppm,2.6994088221919053,600.0
5 ppm,2.7066848567530695,600.0
5 ppm,2.7139608913142337,600.0
5 ppm,2.721236925875398,600.0
5 ppm,2.728512960436562,600.0
5 ppm,2.7357889949977263,600.0
5 ppm,2.7430650295588905,600.0
5 ppm,2.7503410641200543,600.0
5 ppm,2.7576170986812185,600.0
5 ppm,2.7648931332423827,600.0
5 ppm,2.772169167803547,600.0
5 ppm,2.779445202364711,600.0
5 ppm,2.7867212369258754,600.0
5 ppm,2.7939972714870396,600.0
5 ppm,2.801273306048204,600.0
5 ppm,2.808549340609368,600.0
5 ppm,2.8158253751705318,600.0
5 ppm,2.823101409731696,600.0
5 ppm,2.83037744429286,600.0
5 ppm,2.8376534788540244,600.0
5 ppm,2.8449295134151886,600.0
5 ppm,2.852205547976353,600.0
5 ppm,2.859481582537517,600.0
5 ppm,2.8667576170986813,600.0
5 ppm,2.8740336516598455,600.0
5 ppm,2.8813096862210092,600.0
5 ppm,2.8885857207821735,600.0
5 ppm,2.8958617553433377,600.0
5 ppm,2.903137789904502,600.0
5 ppm,2.910413824465666,600.0
5 ppm,2.9176898590268303,600.0
5 ppm,2.9249658935879945,600.0
5 ppm,2.9322419281491587,600.0
5 ppm,2.939517962710323,600.0
5 ppm,2.9467939972714867,600.0
5 ppm,2.954070031832651,600.0
5 ppm,2.961346066393815,600.0
5 ppm,2.9686221009549794,600.0
5 ppm,2.9758981355161436,600.0
5 ppm,2.983174170077308,600.0
5 ppm,2.990450204638472,600.0
5 ppm,2.997726239199636,600.0
5 ppm,3.0050022737608004,600.0
5 ppm,3.0122783083219646,600.0
5 ppm,3.0195543428831284,600.0
5 ppm,3.0268303774442926,600.0
5 ppm,3.034106412005457,600.0
5 ppm,3.041382446566621,600.0
5 ppm,3.0486584811277853,600.0
5 ppm,3.0559345156889495,600.0
5 ppm,3.0632105502501137,600.0
5 ppm,3.070486584811278,600.0
5 ppm,3.077762619372442,600.0
5 ppm,3.085038653933606,600.0
5 ppm,3.09231468849477,600.0
5 ppm,3.0995907230559343,600.0
5 ppm,3.1068667576170985,600.0
5 ppm,3.1141427921782627,600.0
5 ppm,3.121418826739427,600.0
5 ppm,3.128694861300591,600.0
5 ppm,3.1359708958617554,600.0
5 ppm,3.1432469304229196,600.0
5 ppm,3.1505229649840834,600.0
5 ppm,3.1577989995452476,600.0
5 ppm,3.1650750341064118,600.0
5 ppm,3.172351068667576,600.0
5 ppm,3.17962710322874,600.0
5 ppm,3.1869031377899044,600.0
5 ppm,3.1941791723510686,600.0
5 ppm,3.201455206912233,600.0
5 ppm,3.208731241473397,600.0
5 ppm,3.2160072760345613,600.0
5 ppm,3.223283310595725,600.0
5 ppm,3.2305593451568893,600.0
5 ppm,3.2378353797180535,600.0
5 ppm,3.2451114142792177,600.0
5 ppm,3.252387448840382,600.0
5 ppm,3.259663483401546,600.0
5 ppm,3.2669395179627103,600.0
5 ppm,3.2742155525238745,600.0
5 ppm,3.2814915870850387,600.0
5 ppm,3.2887676216462025,600.0
5 ppm,3.2960436562073667,600.0
5 ppm,3.303319690768531,600.0
5 ppm,3.310595725329695,600.0
5 ppm,3.3178717598908594,600.0
5 ppm,3.3251477944520236,600.0
5 ppm,3.332423829013188,600.0
5 ppm,3.339699863574352,600.0
5 ppm,3.346975898135516,600.0
5 ppm,3.35425193269668,600.0
5 ppm,3.361527967257844,600.0
5 ppm,3.3688040018190084,600.0
5 ppm,3.3760800363801726,600.0
5 ppm,3.383356070941337,600.0
5 ppm,3.390632105502501,600.0
5 ppm,3.3979081400636653,600.0
5 ppm,3.4051841746248295,600.0
5 ppm,3.4124602091859937,600.0
5 ppm,3.419736243747158,600.0
5 ppm,3.4270122783083217,600.0
5 ppm,3.434288312869486,600.0
5 ppm,3.44156434743065,600.0
5 ppm,3.4488403819918143,600.0
5 ppm,3.4561164165529785,600.0
5 ppm,3.4633924511141427,600.0
5 ppm,3.470668485675307,600.0
5 ppm,3.477944520236471,600.0
5 ppm,3.4852205547976354,600.0
5 ppm,3.492496589358799,600.0
5 ppm,3.4997726239199634,600.0
5 ppm,3.5070486584811276,600.0
5 ppm,3.514324693042292,600.0
5 ppm,3.521600727603456,600.0
5 ppm,3.52887676216462,600.0
5 ppm,3.5361527967257844,600.0
5 ppm,3.5434288312869486,600.0
5 ppm,3.550704865848113,600.0
5 ppm,3.5579809004092766,600.0
5 ppm,3.565256934970441,600.0
5 ppm,3.572532969531605,600.0
5 ppm,3.5798090040927693,600.0
5 ppm,3.5870850386539335,600.0
5 ppm,3.5943610732150977,600.0
5 ppm,3.601637107776262,600.0
5 ppm,3.608913142337426,600.0
5 ppm,3.6161891768985903,600.0
5 ppm,3.6234652114597545,600.0
5 ppm,3.6307412460209183,600.0
5 ppm,3.6380172805820825,600.0
5 ppm,3.6452933151432467,600.0
5 ppm,3.652569349704411,600.0
5 ppm,3.659845384265575,600.0
5 ppm,3.6671214188267394,600.0
5 ppm,3.6743974533879036,600.0
5 ppm,3.681673487949068,600.0
5 ppm,3.688949522510232,600.0
5 ppm,3.6962255570713958,600.0
5 ppm,3.70350159163256,600.0
5 ppm,3.710777626193724,600.0
5 ppm,3.7180536607548884,600.0
5 ppm,3.7253296953160526,600.0
5 ppm,3.732605729877217,600.0
5 ppm,3.739881764438381,600.0
5 ppm,3.7471577989995453,600.0
5 ppm,3.7544338335607095,600.0
5 ppm,3.7617098681218732,600.0
5 ppm,3.7689859026830375,600.0
5 ppm,3.7762619372442017,600.0
5 ppm,3.783537971805366,600.0
5 ppm,3.79081400636653,600.0
5 ppm,3.7980900409276943,600.0
5 ppm,3.8053660754888585,600.0
5 ppm,3.8126421100500227,600.0
5 ppm,3.819918144611187,600.0
5 ppm,3.8271941791723507,600.0
5 ppm,3.834470213733515,600.0
5 ppm,3.841746248294679,600.0
5 ppm,3.8490222828558434,600.0
5 ppm,3.8562983174170076,600.0
5 ppm,3.863574351978172,600.0
5 ppm,3.870850386539336,600.0
5 ppm,3.8781264211005,600.0
5 ppm,3.8854024556616644,600.0
5 ppm,3.8926784902228286,600.0
5 ppm,3.8999545247839924,600.0
5 ppm,3.9072305593451566,600.0
5 ppm,3.914506593906321,600.0
5 ppm,3.921782628467485,600.0
5 ppm,3.9290586630286493,600.0
5 ppm,3.9363346975898135,600.0
5 ppm,3.9436107321509777,600.0
5 ppm,3.950886766712142,600.0
5 ppm,3.958162801273306,600.0
5 ppm,3.96543883583447,600.0
5 ppm,3.972714870395634,600.0
5 ppm,3.9799909049567983,600.0
5 ppm,3.9872669395179625,600.0
5 ppm,3.9945429740791267,600.0
5 ppm,4.0018190086402905,600.0
5 ppm,4.009095043201455,600.0
5 ppm,4.016371077762619,600.0
5 ppm,4.023647112323784,600.0
5 ppm,4.030923146884947,600.0
5 ppm,4.038199181446112,600.0
5 ppm,4.045475216007276,600.0
5 ppm,4.05275125056844,600.0
5 ppm,4.060027285129604,600.0
5 ppm,4.067303319690768,600.0
5 ppm,4.074579354251933,600.0
5 ppm,4.081855388813096,600.0
5 ppm,4.089131423374261,600.0
5 ppm,4.096407457935425,600.0
5 ppm,4.1036834924965895,600.0
5 ppm,4.110959527057753,600.0
5 ppm,4.118235561618918,600.0
5 ppm,4.125511596180082,600.0
5 ppm,4.132787630741245,600.0
5 ppm,4.14006366530241,600.0
5 ppm,4.147339699863574,600.0
5 ppm,4.1546157344247385,600.0
5 ppm,4.161891768985902,600.0
5 ppm,4.169167803547067,600.0
5 ppm,4.176443838108231,600.0
5 ppm,4.183719872669395,600.0
5 ppm,4.190995907230559,600.0
5 ppm,4.198271941791724,600.0
5 ppm,4.205547976352888,600.0
5 ppm,4.212824010914051,600.0
5 ppm,4.220100045475216,600.0
5 ppm,4.22737608003638,600.0
5 ppm,4.234652114597544,600.0
5 ppm,4.241928149158708,600.0
5 ppm,4.249204183719873,600.0
5 ppm,4.256480218281037,600.0
5 ppm,4.263756252842201,600.0
5 ppm,4.271032287403365,600.0
5 ppm,4.278308321964529,600.0
5 ppm,4.2855843565256935,600.0
5 ppm,4.292860391086857,600.0
5 ppm,4.300136425648022,600.0
5 ppm,4.307412460209186,600.0
5 ppm,4.31468849477035,600.0
5 ppm,4.321964529331514,600.0
5 ppm,4.329240563892679,600.0
5 ppm,4.3365165984538425,600.0
5 ppm,4.343792633015006,600.0
5 ppm,4.351068667576171,600.0
5 ppm,4.358344702137335,600.0
5 ppm,4.365620736698499,600.0
5 ppm,4.372896771259663,600.0
5 ppm,4.380172805820828,600.0
5 ppm,4.387448840381992,600.0
5 ppm,4.394724874943156,600.0
5 ppm,4.40200090950432,600.0
5 ppm,4.409276944065484,600.0
5 ppm,4.416552978626648,600.0
5 ppm,4.423829013187812,600.0
5 ppm,4.431105047748977,600.0
5 ppm,4.438381082310141,600.0
5 ppm,4.445657116871305,600.0
5 ppm,4.452933151432469,600.0
5 ppm,4.460209185993634,600.0
5 ppm,4.4674852205547975,600.0
5 ppm,4.474761255115961,600.0
5 ppm,4.482037289677126,600.0
5 ppm,4.48931332423829,600.0
5 ppm,4.496589358799454,600.0
5 ppm,4.503865393360618,600.0
5 ppm,4.511141427921783,600.0
5 ppm,4.5184174624829465,600.0
5 ppm,4.525693497044111,600.0
5 ppm,4.532969531605275,600.0
5 ppm,4.540245566166439,600.0
5 ppm,4.547521600727603,600.0
5 ppm,4.554797635288767,600.0
5 ppm,4.562073669849932,600.0
5 ppm,4.569349704411096,600.0
5 ppm,4.57662573897226,600.0
5 ppm,4.583901773533424,600.0
5 ppm,4.591177808094589,600.0
5 ppm,4.598453842655752,600.0
5 ppm,4.605729877216917,600.0
5 ppm,4.613005911778081,600.0
5 ppm,4.620281946339245,600.0
5 ppm,4.627557980900409,600.0
5 ppm,4.634834015461573,600.0
5 ppm,4.642110050022738,600.0
5 ppm,4.6493860845839015,600.0
5 ppm,4.656662119145066,600.0
5 ppm,4.66393815370623,600.0
5 ppm,4.6712141882673945,600.0
5 ppm,4.678490222828558,600.0
5 ppm,4.685766257389722,600.0
5 ppm,4.693042291950887,600.0
5 ppm,4.7003183265120505,600.0
5 ppm,4.707594361073215,600.0
5 ppm,4.714870395634379,600.0
5 ppm,4.722146430195544,600.0
5 ppm,4.729422464756707,600.0
5 ppm,4.736698499317872,600.0
5 ppm,4.743974533879036,600.0
5 ppm,4.7512505684401996,600.0
5 ppm,4.758526603001364,600.0
5 ppm,4.765802637562528,600.0
5 ppm,4.773078672123693,600.0
5 ppm,4.780354706684856,600.0
5 ppm,4.787630741246021,600.0
5 ppm,4.794906775807185,600.0
5 ppm,4.8021828103683495,600.0
5 ppm,4.809458844929513,600.0
5 ppm,4.816734879490677,600.0
5 ppm,4.824010914051842,600.0
5 ppm,4.8312869486130054,600.0
5 ppm,4.83856298317417,600.0
5 ppm,4.845839017735334,600.0
5 ppm,4.8531150522964985,600.0
5 ppm,4.860391086857662,600.0
5 ppm,4.867667121418827,600.0
5 ppm,4.874943155979991,600.0
5 ppm,4.8822191905411545,600.0
5 ppm,4.889495225102319,600.0
5 ppm,4.896771259663483,600.0
5 ppm,4.904047294224648,600.0
5 ppm,4.911323328785811,600.0
5 ppm,4.918599363346976,600.0
5 ppm,4.92587539790814,600.0
5 ppm,4.933151432469304,600.0
5 ppm,4.940427467030468,600.0
5 ppm,4.947703501591632,600.0000000000001
5 ppm,4.954979536152797,600.0000000000001
5 ppm,4.96225557071396,600.0000000000002
5 ppm,4.969531605275125,600.0000000000003
5 ppm,4.976807639836289,600.0000000000007
5 ppm,4.9840836743974535,600.0000000000013
5 ppm,4.991359708958617,600.0000000000022
5 ppm,4.998635743519782,600.000000000004
5 ppm,5.005911778080946,600.000000000007
5 ppm,5.013187812642109,600.0000000000126
5 ppm,5.020463847203274,600.0000000000223
5 ppm,5.027739881764438,600.0000000000392
5 ppm,5.0350159163256025,600.0000000000687
5 ppm,5.042291950886766,600.0000000001195
5 ppm,5.049567985447931,600.0000000002068
5 ppm,5.056844020009095,600.000000000356
5 ppm,5.064120054570259,600.0000000006097
5 ppm,5.071396089131423,600.0000000010388
5 ppm,5.078672123692588,600.0000000017603
5 ppm,5.085948158253752,600.0000000029675
5 ppm,5.093224192814915,600.0000000049758
5 ppm,5.10050022737608,600.0000000082996
5 ppm,5.107776261937244,600.0000000137703
5 ppm,5.115052296498408,600.0000000227265
5 ppm,5.122328331059572,600.0000000373097
5 ppm,5.129604365620737,600.0000000609274
5 ppm,5.136880400181901,600.0000000989702
5 ppm,5.144156434743065,600.0000001599178
5 ppm,5.151432469304229,600.0000002570337
5 ppm,5.158708503865393,600.0000004109452
5 ppm,5.1659845384265575,600.0000006535498
5 ppm,5.173260572987721,600.0000010338898
5 ppm,5.180536607548886,600.0000016269368
5 ppm,5.18781264211005,600.0000025466421
5 ppm,5.195088676671214,600.0000039652078
5 ppm,5.202364711232378,600.0000061413635
5 ppm,5.209640745793543,600.0000094615978
5 ppm,5.2169167803547065,600.0000144998986
5 ppm,5.22419281491587,600.0000221037658
5 ppm,5.231468849477035,600.0000335172508
5 ppm,5.238744884038199,600.0000505558393
5 ppm,5.246020918599363,600.0000758534038
5 ppm,5.253296953160527,600.0001132086574
5 ppm,5.260572987721692,600.0001680679957
5 ppm,5.267849022282856,600.0002481939651
5 ppm,5.27512505684402,600.0003645845239
5 ppm,5.282401091405184,600.0005327286544
5 ppm,5.289677125966348,600.0007743097012
5 ppm,5.296953160527512,600.0011195001581
5 ppm,5.304229195088676,600.0016100317243
5 ppm,5.311505229649841,600.0023032735658
5 ppm,5.318781264211005,600.003277611152
5 ppm,5.326057298772169,600.0046394890012
5 ppm,5.333333333333333,600.0065325641897
5 ppm,5.340609367894498,600.0091495142473
5 ppm,5.3478854024556615,600.0127471531947
5 ppm,5.355161437016825,600.017665632362
5 ppm,5.36243747157799,600.0243526365168
5 ppm,5.369713506139154,600.0333936276719
5 ppm,5.376989540700318,600.0455493338777
5 ppm,5.384265575261482,600.061801821481
5 ppm,5.391541609822647,600.0834106173946
5 ppm,5.3988176443838105,600.111980450906
5 ppm,5.406093678944975,600.1495422475341
5 ppm,5.413369713506139,600.1986490126104
5 ppm,5.420645748067303,600.2624881689882
5 ppm,5.427921782628467,600.3450117385885
5 ppm,5.435197817189631,600.4510854567212
5 ppm,5.442473851750796,600.5866574560757
5 ppm,5.44974988631196,600.7589465296851
5 ppm,5.457025920873124,600.9766491576087
5 ppm,5.464301955434288,601.2501634443186
5 ppm,5.471577989995453,601.5918268544059
5 ppm,5.478854024556616,602.0161631556358
5 ppm,5.486130059117781,602.5401322967612
5 ppm,5.493406093678945,603.1833750957533
5 ppm,5.500682128240109,603.9684426444425
5 ppm,5.507958162801273,604.920998321345
5 ppm,5.515234197362437,606.0699783411939
5 ppm,5.522510231923602,607.4476949745534
5 ppm,5.5297862664847655,609.0898650806944
5 ppm,5.53706230104593,611.035545564152
5 ppm,5.544338335607094,613.326956952238
5 ppm,5.5516143701682585,616.0091766609615
5 ppm,5.558890404729422,619.1296848254054
5 ppm,5.566166439290586,622.7377479523584
5 ppm,5.573442473851751,626.8836292091544
5 ppm,5.5807185084129145,631.6176189477444
5 ppm,5.587994542974079,636.9888850716441
5 ppm,5.595270577535243,643.0441500089314
5 ppm,5.602546612096408,649.8262092003722
5 ppm,5.609822646657571,657.3723149063029
5 ppm,5.617098681218736,665.7124584527343
5 ppm,5.6243747157799,674.867593370331
5 ppm,5.6316507503410635,684.8478507569404
5 ppm,5.638926784902228,695.650806093824
5 ppm,5.646202819463392,707.2598631232612
5 ppm,5.653478854024557,719.6428247126714
5 ppm,5.66075488858572,732.7507223906482
5 ppm,5.668030923146885,746.5169750232157
5 ppm,5.675306957708049,760.856942596241
5 ppm,5.6825829922692135,775.6679331203254
5 ppm,5.689859026830377,790.8297092873303
5 ppm,5.697135061391541,806.2055268845265
5 ppm,5.704411095952706,821.6437195130504
5 ppm,5.7116871305138694,836.9798244574026
5 ppm,5.718963165075034,852.0392233844965
5 ppm,5.726239199636198,866.6402498334094
5 ppm,5.7335152341973625,880.5976942136342
5 ppm,5.740791268758526,893.7266173331888
5 ppm,5.748067303319691,905.8463663922028
5 ppm,5.755343337880855,916.7846738915002
5 ppm,5.7626193724420185,926.3817108718788
5 ppm,5.769895407003183,934.4939619749189
5 ppm,5.777171441564347,940.9977914140699
5 ppm,5.784447476125512,945.792576200098
5 ppm,5.791723510686675,948.8032957154876
5 ppm,5.79899954524784,949.9824845183444
5 ppm,5.806275579809004,949.3114773390562
5 ppm,5.813551614370168,946.8009006321635
5 ppm,5.820827648931332,942.4903925921874
5 ppm,5.828103683492496,936.4475619430232
5 ppm,5.835379718053661,928.7662237241702
5 ppm,5.842655752614824,919.5639764097662
5 ppm,5.849931787175989,908.979207797968
5 ppm,5.857207821737153,897.1676361604957
5 ppm,5.8644838562983175,884.2985073354978
5 ppm,5.871759890859481,870.5505772424382
5 ppm,5.879035925420646,856.1080124502395
5 ppm,5.88631195998181,841.1563389940293
5 ppm,5.893587994542973,825.8785619508608
5 ppm,5.900864029104138,810.4515659455159
5 ppm,5.908140063665302,795.0428905676056
5 ppm,5.9154160982264665,779.8079555986857
5 ppm,5.92269213278763,764.8877900224525
5 ppm,5.929968167348795,750.4072970988462
5 ppm,5.937244201909959,736.474066366877
5 ppm,5.944520236471123,723.1777232532082
5 ppm,5.951796271032287,710.5897888209448
5 ppm,5.959072305593452,698.7640067414553
5 ppm,5.966348340154616,687.7370822667126
5 ppm,5.973624374715779,677.5297690757131
5 ppm,5.980900409276944,668.1482344276061
5 ppm,5.988176443838108,659.5856309586097
5 ppm,5.995452478399272,651.8238044390628
5 ppm,6.002728512960436,644.8350704682093
5 ppm,6.010004547521601,638.5839989477823
5 ppm,6.017280582082765,633.0291527110884
5 ppm,6.024556616643929,628.1247353458514
5 ppm,6.031832651205093,623.8221125064649
5 ppm,6.039108685766257,620.0711803761332
5 ppm,6.0463847203274215,616.8215639861752
5 ppm,6.053660754888585,614.023636479242
5 ppm,6.06093678944975,611.6293578502493
5 ppm,6.068212824010914,609.5929380337578
5 ppm,6.075488858572078,607.8713343314131
5 ppm,6.082764893133242,606.4245970640668
5 ppm,6.090040927694407,605.2160800295325
5 ppm,6.0973169622555705,604.2125339383997
5 ppm,6.104592996816734,603.3841016137379
5 ppm,6.111869031377899,602.7042335266401
5 ppm,6.119145065939063,602.1495413607906
5 ppm,6.126421100500227,601.6996059190984
5 ppm,6.133697135061391,601.3367539597638
5 ppm,6.140973169622556,601.0458166195558
5 ppm,6.14824920418372,600.8138800714165
5 ppm,6.155525238744884,600.6300370733461
5 ppm,6.162801273306048,600.4851461752719
5 ppm,6.170077307867212,600.3716036181432
5 ppm,6.177353342428376,600.2831314228017
5 ppm,6.18462937698954,600.2145838457564
5 ppm,6.191905411550705,600.1617732807268
5 ppm,6.199181446111869,600.1213158029644
5 ppm,6.206457480673033,600.0904958735662
5 ppm,6.213733515234197,600.0671492230182
5 ppm,6.221009549795362,600.0495625933326
5 ppm,6.2282855843565255,600.036388811284
5 ppm,6.235561618917689,600.0265755664661
5 ppm,6.242837653478854,600.0193062536459
5 ppm,6.250113688040018,600.0139512878836
5 ppm,6.257389722601182,600.0100283944703
5 ppm,6.264665757162346,600.007170498224
5 ppm,6.271941791723511,600.0050999752905
5 ppm,6.2792178262846745,600.0036081752802
5 ppm,6.286493860845839,600.0025392648282
5 ppm,6.293769895407003,600.0017775801142
5 ppm,6.301045929968167,600.001237802013
5 ppm,6.308321964529331,600.0008573812893
5 ppm,6.315597999090495,600.0005907417077
5 ppm,6.32287403365166,600.0004048760452
5 ppm,6.3301500682128236,600.0002760243182
5 ppm,6.337426102773988,600.0001871860263
5 ppm,6.344702137335152,600.0001262700404
5 ppm,6.351978171896317,600.0000847282097
5 ppm,6.35925420645748,600.0000565531182
5 ppm,6.366530241018645,600.0000375479211
5 ppm,6.373806275579809,600.0000247979656
5 ppm,6.381082310140973,600.000016290973
5 ppm,6.388358344702137,600.0000106458125
5 ppm,6.395634379263301,600.0000069200848
5 ppm,6.402910413824466,600.0000044745034
5 ppm,6.4101864483856295,600.0000028779224
5 ppm,6.417462482946794,600.0000018412558
5 ppm,6.424738517507958,600.0000011717906
5 ppm,6.4320145520691225,600.0000007417997
5 ppm,6.439290586630286,600.0000004671153
5 ppm,6.44656662119145,600.0000002925921
5 ppm,6.453842655752615,600.0000001823063
5 ppm,6.4611186903137785,600.0000001129904
5 ppm,6.468394724874943,600.0000000696598
5 ppm,6.475670759436107,600.0000000427193
5 ppm,6.482946793997272,600.0000000260595
5 ppm,6.490222828558435,600.0000000158128
5 ppm,6.4974988631196,600.0000000095445
5 ppm,6.504774897680764,600.0000000057306
5 ppm,6.5120509322419275,600.0000000034225
5 ppm,6.519326966803092,600.0000000020333
5 ppm,6.526603001364256,600.0000000012016
5 ppm,6.533879035925421,600.0000000007063
5 ppm,6.541155070486584,600.000000000413
5 ppm,6.548431105047749,600.0000000002402
5 ppm,6.555707139608913,600.0000000001389
5 ppm,6.5629831741700775,600.00000000008
5 ppm,6.570259208731241,600.0000000000458
5 ppm,6.577535243292405,600.000000000026
5 ppm,6.58481127785357,600.0000000000148
5 ppm,6.5920873124147334,600.0000000000083
5 ppm,6.599363346975898,600.0000000000047
5 ppm,6.606639381537062,600.0000000000026
5 ppm,6.6139154160982265,600.0000000000015
5 ppm,6.62119145065939,600.0000000000008
5 ppm,6.628467485220555,600.0000000000005
5 ppm,6.635743519781719,600.0000000000002
5 ppm,6.6430195543428825,600.0000000000001
5 ppm,6.650295588904047,600.0000000000001
5 ppm,6.657571623465211,600.0
5 ppm,6.664847658026376,600.0
5 ppm,6.672123692587539,600.0
5 ppm,6.679399727148704,600.0
5 ppm,6.686675761709868,600.0
5 ppm,6.693951796271032,600.0
5 ppm,6.701227830832196,600.0
5 ppm,6.70850386539336,600.0
5 ppm,6.715779899954525,600.0
5 ppm,6.723055934515688,600.0
5 ppm,6.730331969076853,600.0
5 ppm,6.737608003638017,600.0
5 ppm,6.7448840381991815,600.0
5 ppm,6.752160072760345,600.0
5 ppm,6.75943610732151,600.0
5 ppm,6.766712141882674,600.0
5 ppm,6.773988176443837,600.0
5 ppm,6.781264211005002,600.0
5 ppm,6.788540245566166,600.0
5 ppm,6.7958162801273305,600.0
5 ppm,6.803092314688494,600.0
5 ppm,6.810368349249659,600.0
5 ppm,6.817644383810823,600.0
5 ppm,6.824920418371987,600.0
5 ppm,6.832196452933151,600.0
5 ppm,6.839472487494316,600.0
5 ppm,6.84674852205548,600.0
5 ppm,6.854024556616643,600.0
5 ppm,6.861300591177808,600.0
5 ppm,6.868576625738972,600.0
5 ppm,6.875852660300136,600.0
5 ppm,6.8831286948613,600.0
5 ppm,6.890404729422465,600.0
5 ppm,6.897680763983629,600.0
5 ppm,6.904956798544793,600.0
5 ppm,6.912232833105957,600.0
5 ppm,6.919508867667121,600.0
5 ppm,6.9267849022282855,600.0
5 ppm,6.934060936789449,600.0
5 ppm,6.941336971350614,600.0
5 ppm,6.948613005911778,600.0
5 ppm,6.955889040472942,600.0
5 ppm,6.963165075034106,600.0
5 ppm,6.970441109595271,600.0
5 ppm,6.9777171441564345,600.0
5 ppm,6.984993178717598,600.0
5 ppm,6.992269213278763,600.0
5 ppm,6.999545247839927,600.0
5 ppm,7.006821282401091,600.0
5 ppm,7.014097316962255,600.0
5 ppm,7.02137335152342,600.0
5 ppm,7.028649386084584,600.0
5 ppm,7.035925420645748,600.0
5 ppm,7.043201455206912,600.0
5 ppm,7.050477489768076,600.0
5 ppm,7.05775352432924,600.0
5 ppm,7.065029558890404,600.0
5 ppm,7.072305593451569,600.0
5 ppm,7.079581628012733,600.0
5 ppm,7.086857662573897,600.0
5 ppm,7.094133697135061,600.0
5 ppm,7.101409731696226,600.0
5 ppm,7.1086857662573895,600.0
5 ppm,7.115961800818553,600.0
5 ppm,7.123237835379718,600.0
5 ppm,7.130513869940882,600.0
5 ppm,7.137789904502046,600.0
5 ppm,7.14506593906321,600.0
5 ppm,7.152341973624375,600.0
5 ppm,7.1596180081855385,600.0
5 ppm,7.166894042746703,600.0
5 ppm,7.174170077307867,600.0
5 ppm,7.181446111869031,600.0
5 ppm,7.188722146430195,600.0
5 ppm,7.195998180991359,600.0
5 ppm,7.203274215552524,600.0
5 ppm,7.2105502501136876,600.0
5 ppm,7.217826284674852,600.0
5 ppm,7.225102319236016,600.0
5 ppm,7.232378353797181,600.0
5 ppm,7.239654388358344,600.0
5 ppm,7.246930422919509,600.0
5 ppm,7.254206457480673,600.0
5 ppm,7.261482492041837,600.0
5 ppm,7.268758526603001,600.0
5 ppm,7.276034561164165,600.0
5 ppm,7.28331059572533,600.0
5 ppm,7.2905866302864935,600.0
5 ppm,7.297862664847658,600.0
5 ppm,7.305138699408822,600.0
5 ppm,7.3124147339699865,600.0
5 ppm,7.31969076853115,600.0
5 ppm,7.326966803092314,600.0
5 ppm,7.334242837653479,600.0
5 ppm,7.3415188722146425,600.0
5 ppm,7.348794906775807,600.0
5 ppm,7.356070941336971,600.0
5 ppm,7.363346975898136,600.0
5 ppm,7.370623010459299,600.0
5 ppm,7.377899045020464,600.0
5 ppm,7.385175079581628,600.0
5 ppm,7.3924511141427915,600.0
5 ppm,7.399727148703956,600.0
5 ppm,7.40700318326512,600.0
5 ppm,7.414279217826285,600.0
5 ppm,7.421555252387448,600.0
5 ppm,7.428831286948613,600.0
5 ppm,7.436107321509777,600.0
5 ppm,7.4433833560709415,600.0
5 ppm,7.450659390632105,600.0
5 ppm,7.457935425193269,600.0
5 ppm,7.465211459754434,600.0
5 ppm,7.4724874943155974,600.0
5 ppm,7.479763528876762,600.0
5 ppm,7.487039563437926,600.0
5 ppm,7.4943155979990905,600.0
5 ppm,7.501591632560254,600.0
5 ppm,7.508867667121419,600.0
5 ppm,7.516143701682583,600.0
5 ppm,7.5234197362437465,600.0
5 ppm,7.530695770804911,600.0
5 ppm,7.537971805366075,600.0
5 ppm,7.54524783992724,600.0
5 ppm,7.552523874488403,600.0
5 ppm,7.559799909049568,600.0
5 ppm,7.567075943610732,600.0
5 ppm,7.574351978171896,600.0
5 ppm,7.58162801273306,600.0
5 ppm,7.588904047294224,600.0
5 ppm,7.596180081855389,600.0
5 ppm,7.603456116416552,600.0
5 ppm,7.610732150977717,600.0
5 ppm,7.618008185538881,600.0
5 ppm,7.6252842201000455,600.0
5 ppm,7.632560254661209,600.0
5 ppm,7.639836289222374,600.0
5 ppm,7.647112323783538,600.0
5 ppm,7.654388358344701,600.0
5 ppm,7.661664392905866,600.0
5 ppm,7.66894042746703,600.0
5 ppm,7.6762164620281945,600.0
5 ppm,7.683492496589358,600.0
5 ppm,7.690768531150523,600.0
5 ppm,7.698044565711687,600.0
5 ppm,7.705320600272851,600.0
5 ppm,7.712596634834015,600.0
5 ppm,7.71987266939518,600.0
5 ppm,7.727148703956344,600.0
5 ppm,7.734424738517507,600.0
5 ppm,7.741700773078672,600.0
5 ppm,7.748976807639836,600.0
5 ppm,7.756252842201,600.0
5 ppm,7.763528876762164,600.0
5 ppm,7.770804911323329,600.0
5 ppm,7.778080945884493,600.0
5 ppm,7.785356980445657,600.0
5 ppm,7.792633015006821,600.0
5 ppm,7.799909049567985,600.0
5 ppm,7.8071850841291495,600.0
5 ppm,7.814461118690313,600.0
5 ppm,7.821737153251478,600.0
5 ppm,7.829013187812642,600.0
5 ppm,7.836289222373806,600.0
5 ppm,7.84356525693497,600.0
5 ppm,7.850841291496135,600.0
5 ppm,7.8581173260572985,600.0
5 ppm,7.865393360618462,600.0
5 ppm,7.872669395179627,600.0
5 ppm,7.879945429740791,600.0
5 ppm,7.887221464301955,600.0
5 ppm,7.894497498863119,600.0
5 ppm,7.901773533424284,600.0
5 ppm,7.909049567985448,600.0
5 ppm,7.916325602546612,600.0
5 ppm,7.923601637107776,600.0
5 ppm,7.93087767166894,600.0
5 ppm,7.938153706230104,600.0
5 ppm,7.945429740791268,600.0
5 ppm,7.952705775352433,600.0
5 ppm,7.959981809913597,600.0
5 ppm,7.967257844474761,600.0
5 ppm,7.974533879035925,600.0
5 ppm,7.98180991359709,600.0
5 ppm,7.9890859481582535,600.0
5 ppm,7.996361982719417,600.0
5 ppm,8.003638017280581,600.0
5 ppm,8.010914051841747,600.0
5 ppm,8.01819008640291,600.0
5 ppm,8.025466120964074,600.0
5 ppm,8.032742155525238,600.0
5 ppm,8.040018190086403,600.0
5 ppm,8.047294224647567,600.0
5 ppm,8.054570259208731,600.0
5 ppm,8.061846293769895,600.0
5 ppm,8.069122328331058,600.0
5 ppm,8.076398362892224,600.0
5 ppm,8.083674397453388,600.0
5 ppm,8.090950432014552,600.0
5 ppm,8.098226466575715,600.0
5 ppm,8.10550250113688,600.0000000000001
5 ppm,8.112778535698045,600.0000000000001
5 ppm,8.120054570259208,600.0000000000002
5 ppm,8.127330604820372,600.0000000000003
5 ppm,8.134606639381536,600.0000000000006
5 ppm,8.141882673942701,600.0000000000008
5 ppm,8.149158708503865,600.0000000000013
5 ppm,8.156434743065029,600.000000000002
5 ppm,8.163710777626193,600.0000000000032
5 ppm,8.170986812187358,600.000000000005
5 ppm,8.178262846748522,600.0000000000077
5 ppm,8.185538881309686,600.0000000000119
5 ppm,8.19281491587085,600.0000000000185
5 ppm,8.200090950432013,600.0000000000284
5 ppm,8.207366984993179,600.0000000000438
5 ppm,8.214643019554343,600.000000000067
5 ppm,8.221919054115506,600.0000000001021
5 ppm,8.22919508867667,600.0000000001554
5 ppm,8.236471123237836,600.0000000002357
5 ppm,8.243747157799,600.0000000003562
5 ppm,8.251023192360163,600.0000000005368
5 ppm,8.258299226921327,600.0000000008065
5 ppm,8.26557526148249,600.0000000012077
5 ppm,8.272851296043656,600.0000000018031
5 ppm,8.28012733060482,600.0000000026835
5 ppm,8.287403365165984,600.0000000039811
5 ppm,8.294679399727148,600.000000005888
5 ppm,8.301955434288313,600.0000000086808
5 ppm,8.309231468849477,600.0000000127583
5 ppm,8.31650750341064,600.0000000186925
5 ppm,8.323783537971805,600.0000000273012
5 ppm,8.33105957253297,600.0000000397498
5 ppm,8.338335607094134,600.0000000576937
5 ppm,8.345611641655298,600.0000000834758
5 ppm,8.352887676216461,600.0000001204019
5 ppm,8.360163710777625,600.0000001731191
5 ppm,8.36743974533879,600.0000002481397
5 ppm,8.374715779899955,600.000000354558
5 ppm,8.381991814461118,600.0000005050306
5 ppm,8.389267849022282,600.000000717113
5 ppm,8.396543883583448,600.0000010150726
5 ppm,8.403819918144611,600.00000143234
5 ppm,8.411095952705775,600.0000020148128
5 ppm,8.418371987266939,600.0000028252884
5 ppm,8.425648021828103,600.0000039493937
5 ppm,8.432924056389268,600.0000055034825
5 ppm,8.440200090950432,600.0000076451198
5 ppm,8.447476125511596,600.0000105869422
5 ppm,8.45475216007276,600.0000146149157
5 ppm,8.462028194633925,600.0000201122948
5 ppm,8.469304229195089,600.0000275909387
5 ppm,8.476580263756253,600.0000377320897
5 ppm,8.483856298317416,600.0000514392678
5 ppm,8.49113233287858,600.0000699066086
5 ppm,8.498408367439746,600.0000947068135
5 ppm,8.50568440200091,600.0001279038895
5 ppm,8.512960436562073,600.0001721970925
5 ppm,8.520236471123237,600.0002311039736
5 ppm,8.527512505684403,600.0003091922127
5 ppm,8.534788540245566,600.0004123720461
5 ppm,8.54206457480673,600.0005482636129
5 ppm,8.549340609367894,600.0007266565046
5 ppm,8.556616643929058,600.0009600822558
5 ppm,8.563892678490223,600.0012645245247
5 ppm,8.571168713051387,600.0016602963224
5 ppm,8.57844474761255,600.0021731189104
5 ppm,8.585720782173714,600.0028354429395
5 ppm,8.59299681673488,600.0036880590732
5 ppm,8.600272851296044,600.0047820527371
5 ppm,8.607548885857208,600.006181165752
5 ppm,8.614824920418371,600.0079646363919
5 ppm,8.622100954979535,600.0102305987996
5 ppm,8.6293769895407,600.0131001325402
5 ppm,8.636653024101864,600.0167220632301
5 ppm,8.643929058663028,600.0212786253818
5 ppm,8.651205093224192,600.0269921085621
5 ppm,8.658481127785358,600.0341326172733
5 ppm,8.665757162346521,600.0430270831631
5 ppm,8.673033196907685,600.0540696746897
5 ppm,8.680309231468849,600.067733753539
5 ppm,8.687585266030013,600.084585528175
5 ppm,8.694861300591178,600.1052995520447
5 ppm,8.702137335152342,600.1306762062296
5 ppm,8.709413369713506,600.1616612927568
5 ppm,8.71668940427467,600.1993678442938
5 ppm,8.723965438835835,600.2451002275233
5 ppm,8.731241473396999,600.3003805800665
5 ppm,8.738517507958163,600.3669775734404
5 ppm,8.745793542519326,600.4469374363318
5 ppm,8.75306957708049,600.5426171027697
5 ppm,8.760345611641656,600.6567192681349
5 ppm,8.76762164620282,600.792329042245
5 ppm,8.774897680763983,600.9529517832422
5 ppm,8.782173715325147,601.1425515794335
5 ppm,8.789449749886312,601.3655897198373
5 ppm,8.796725784447476,601.6270623598408
5 ppm,8.80400181900864,601.9325364486003
5 ppm,8.811277853569804,602.2881828428159
5 ppm,8.818553888130968,602.7008053912291
5 ppm,8.825829922692133,603.1778646402488
5 ppm,8.833105957253297,603.7274946888132
5 ppm,8.84038199181446,604.3585116158462
5 ppm,8.847658026375624,605.0804118228411
5 ppm,8.85493406093679,605.9033585839471
5 ppm,8.862210095497954,606.8381550832862
5 ppm,8.869486130059117,607.8962022509191
5 ppm,8.876762164620281,609.0894397913003
5 ppm,8.884038199181445,610.4302689370647
5 ppm,8.89131423374261,611.931455661359
5 ppm,8.898590268303774,613.606013347227
5 ppm,8.905866302864938,615.4670642446932
5 ppm,8.913142337426102,617.5276794450874
5 ppm,8.920418371987267,619.8006975655832
5 ppm,8.927694406548431,622.2985228600833
5 ppm,8.934970441109595,625.0329040481089
5 ppm,8.942246475670759,628.0146957710157
5 ppm,8.949522510231922,631.2536052318387
5 ppm,8.956798544793088,634.7579272357317
5 ppm,8.964074579354252,638.5342715043964
5 ppm,8.971350613915416,642.5872867700912
5 ppm,8.97862664847658,646.9193867411032
5 ppm,8.985902683037745,651.5304835484935
5 ppm,8.993178717598909,656.4177347105266
5 ppm,9.000454752160072,661.5753099642341
5 ppm,9.007730786721236,666.9941844919892
5 ppm,9.0150068212824,672.6619650962302
5 ppm,9.022282855843565,678.5627557319508
5 ppm,9.02955889040473,684.677068482867
5 ppm,9.036834924965893,690.9817855566639
5 ppm,9.044110959527057,697.4501771761346
5 ppm,9.051386994088222,704.0519793613912
5 ppm,9.058663028649386,710.7535345446346
5 ppm,9.06593906321055,717.5179967509907
5 ppm,9.073215097771714,724.3056017403794
5 ppm,9.080491132332877,731.0740010662837
5 ppm,9.087767166894043,737.7786575024971
5 ppm,9.095043201455207,744.3732977579675
5 ppm,9.10231923601637,750.8104168853936
5 ppm,9.109595270577534,757.0418273357338
5 ppm,9.1168713051387,763.0192442635038
5 ppm,9.124147339699864,768.6948974904252
5 ppm,9.131423374261027,774.0221595291099
5 ppm,9.138699408822191,778.9561782908524
5 ppm,9.145975443383355,783.4545025837493
5 ppm,9.15325147794452,787.4776882733078
5 ppm,9.160527512505684,790.9898730436418
5 ppm,9.167803547066848,793.9593080703461
5 ppm,9.175079581628012,796.3588355937169
5 ppm,9.182355616189177,798.1663023511861
5 ppm,9.189631650750341,799.364900068975
5 ppm,9.196907685311505,799.943425694662
5 ppm,9.204183719872669,799.8964557360282
5 ppm,9.211459754433834,799.2244309119302
5 ppm,9.218735788994998,797.9336492673826
5 ppm,9.226011823556162,796.0361679032678
5 ppm,9.233287858117325,793.5496154651187
5 ppm,9.24056389267849,790.4969194693325
5 ppm,9.247839927239655,786.9059543651595
5 ppm,9.255115961800819,782.8091178869382
5 ppm,9.262391996361982,778.2428446988997
5 ppm,9.269668030923146,773.2470675371341
5 ppm,9.276944065484312,767.8646369807171
5 ppm,9.284220100045475,762.1407116164667
5 ppm,9.29149613460664,756.1221306886029
5 ppm,9.298772169167803,749.8567813448906
5 ppm,9.306048203728967,743.392972312957
5 ppm,9.313324238290132,736.7788252819139
5 ppm,9.320600272851296,730.0616944504584
5 ppm,9.32787630741246,723.2876236654847
5 ppm,9.335152341973624,716.5008493528042
5 ppm,9.342428376534789,709.7433560754052
5 ppm,9.349704411095953,703.0544900892606
5 ppm,9.356980445657117,696.4706347468582
5 ppm,9.36425648021828,690.024950069017
5 ppm,9.371532514779444,683.7471773081528
5 ppm,9.37880854934061,677.6635079000209
5 ppm,9.386084583901773,671.796514880288
5 ppm,9.393360618462937,666.1651436560151
5 ppm,9.400636653024101,660.7847579933625
5 ppm,9.407912687585267,655.6672362280055
5 ppm,9.41518872214643,650.821112034296
5 ppm,9.422464756707594,646.2517536068641
5 ppm,9.429740791268758,641.9615748122845
5 ppm,9.437016825829922,637.9502717510251
5 ppm,9.444292860391087,634.2150782192168
5 ppm,9.451568894952251,630.7510337596781
5 ppm,9.458844929513415,627.5512583230441
5 ppm,9.466120964074578,624.6072280016449
5 ppm,9.473396998635744,621.9090468283626
5 ppm,9.480673033196908,619.4457102273452
5 ppm,9.487949067758072,617.2053563405934
5 ppm,9.495225102319235,615.1755021127626
5 ppm,9.502501136880399,613.3432616762017
5 ppm,9.509777171441565,611.6955452217633
5 ppm,9.517053206002728,610.2192371530344
5 ppm,9.524329240563892,608.9013528898674
5 ppm,9.531605275125056,607.7291742017194
5 ppm,9.538881309686221,606.6903634052738
5 ppm,9.546157344247385,605.7730571498157
5 ppm,9.553433378808549,604.9659408358677
5 ppm,9.560709413369713,604.2583049680079
5 ppm,9.567985447930877,603.6400849336828
5 ppm,9.575261482492042,603.1018858300084
5 ppm,9.582537517053206,602.634994034984
5 ppm,9.58981355161437,602.2313772441493
5 ppm,9.597089586175533,601.8836746750177
5 ppm,9.604365620736699,601.5851790864092
5 ppm,9.611641655297863,601.3298121749816
5 ppm,9.618917689859027,601.1120948034721
5 ppm,9.62619372442019,600.9271133907629
5 ppm,9.633469758981354,600.7704836586587
5 ppm,9.64074579354252,600.6383127894513
5 ppm,9.648021828103683,600.5271609064467
5 ppm,9.655297862664847,600.4340026504788
5 ppm,9.662573897226011,600.3561894921405
5 ppm,9.669849931787176,600.2914132944314
5 ppm,9.67712596634834,600.2376715255375
5 ppm,9.684402000909504,600.193234417688
5 ppm,9.691678035470668,600.1566142761325
5 ppm,9.698954070031832,600.1265370624487
5 ppm,9.706230104592997,600.1019163084492
5 ppm,9.71350613915416,600.0818293604223
5 ppm,9.720782173715325,600.0654959076141
5 ppm,9.728058208276488,600.0522587128422
5 ppm,9.735334242837654,600.0415664359607
5 ppm,9.742610277398818,600.0329584215168
5 ppm,9.749886311959981,600.0260513092942
5 ppm,9.757162346521145,600.0205273195093
5 ppm,9.764438381082309,600.0161240622114
5 ppm,9.771714415643475,600.0126257220377
5 ppm,9.778990450204638,600.0098554740422
5 ppm,9.786266484765802,600.0076689931311
5 ppm,9.793542519326966,600.0059489280313
5 ppm,9.800818553888131,600.0046002201608
5 ppm,9.808094588449295,600.0035461577794
5 ppm,9.815370623010459,600.0027250660203
5 ppm,9.822646657571623,600.0020875435184
5 ppm,9.829922692132786,600.0015941661496
5 ppm,9.837198726693952,600.0012135876946
5 ppm,9.844474761255116,600.0009209759324
5 ppm,9.85175079581628,600.0006967306784
5 ppm,9.859026830377443,600.0005254375696
5 ppm,9.866302864938609,600.0003950179644
5 ppm,9.873578899499773,600.0002960411665
5 ppm,9.880854934060936,600.0002211703487
5 ppm,9.8881309686221,600.000164718066
5 ppm,9.895407003183264,600.0001222911706
5 ppm,9.90268303774443,600.0000905083203
5 ppm,9.909959072305593,600.0000667761606
5 ppm,9.917235106866757,600.0000491127124
5 ppm,9.92451114142792,600.0000360085746
5 ppm,9.931787175989086,600.0000263182784
5 ppm,9.93906321055025,600.0000191755822
5 ppm,9.946339245111414,600.0000139276927
5 ppm,9.953615279672578,600.000010084383
5 ppm,9.960891314233741,600.0000072787872
5 ppm,9.968167348794907,600.0000052373096
5 ppm,9.97544338335607,600.0000037566177
5 ppm,9.982719417917234,600.0000026861194
5 ppm,9.989995452478398,600.0000019146665
5 ppm,9.997271487039564,600.0000013605062
5 ppm,10.004547521600728,600.0000009637123
5 ppm,10.011823556161891,600.000000680509
5 ppm,10.019099590723055,600.0000004790268
5 ppm,10.026375625284219,600.000000336144
5 ppm,10.033651659845384,600.0000002351421
5 ppm,10.040927694406548,600.000000163974
5 ppm,10.048203728967712,600.000000113988
5 ppm,10.055479763528876,600.0000000789919
5 ppm,10.062755798090041,600.000000054569
5 ppm,10.070031832651205,600.0000000375793
5 ppm,10.077307867212369,600.0000000257983
5 ppm,10.084583901773533,600.0000000176552
5 ppm,10.091859936334698,600.0000000120447
5 ppm,10.099135970895862,600.0000000081914
5 ppm,10.106412005457026,600.0000000055534
5 ppm,10.11368804001819,600.0000000037531
5 ppm,10.120964074579353,600.0000000025286
5 ppm,10.128240109140519,600.0000000016983
5 ppm,10.135516143701683,600.000000001137
5 ppm,10.142792178262846,600.0000000007589
5 ppm,10.15006821282401,600.0000000005049
5 ppm,10.157344247385176,600.0000000003348
5 ppm,10.16462028194634,600.0000000002213
5 ppm,10.171896316507503,600.000000000146
5 ppm,10.179172351068667,600.0000000000958
5 ppm,10.18644838562983,600.0000000000628
5 ppm,10.193724420190996,600.000000000041
5 ppm,10.20100045475216,600.0000000000267
5 ppm,10.208276489313324,600.0000000000173
5 ppm,10.215552523874488,600.0000000000113
5 ppm,10.222828558435653,600.0000000000073
5 ppm,10.230104592996817,600.0000000000047
5 ppm,10.23738062755798,600.000000000003
5 ppm,10.244656662119144,600.0000000000019
5 ppm,10.251932696680308,600.0000000000013
5 ppm,10.259208731241474,600.0000000000008
5 ppm,10.266484765802637,600.0000000000005
5 ppm,10.273760800363801,600.0000000000003
5 ppm,10.281036834924965,600.0000000000002
5 ppm,10.28831286948613,600.0000000000001
5 ppm,10.295588904047294,600.0000000000001
5 ppm,10.302864938608458,600.0
5 ppm,10.310140973169622,600.0
5 ppm,10.317417007730786,600.0
5 ppm,10.324693042291951,600.0
5 ppm,10.331969076853115,600.0
5 ppm,10.339245111414279,600.0
5 ppm,10.346521145975442,600.0
5 ppm,10.353797180536608,600.0
5 ppm,10.361073215097772,600.0
5 ppm,10.368349249658936,600.0
5 ppm,10.3756252842201,600.0
5 ppm,10.382901318781263,600.0
5 ppm,10.390177353342429,600.0
5 ppm,10.397453387903592,600.0
5 ppm,10.404729422464756,600.0
5 ppm,10.41200545702592,600.0
5 ppm,10.419281491587085,600.0
5 ppm,10.42655752614825,600.0
5 ppm,10.433833560709413,600.0
5 ppm,10.441109595270577,600.0
5 ppm,10.44838562983174,600.0
5 ppm,10.455661664392906,600.0
5 ppm,10.46293769895407,600.0
5 ppm,10.470213733515234,600.0
5 ppm,10.477489768076397,600.0
5 ppm,10.484765802637563,600.0
5 ppm,10.492041837198727,600.0
5 ppm,10.49931787175989,600.0
5 ppm,10.506593906321054,600.0
5 ppm,10.513869940882218,600.0
5 ppm,10.521145975443384,600.0
5 ppm,10.528422010004547,600.0
5 ppm,10.535698044565711,600.0
5 ppm,10.542974079126875,600.0
5 ppm,10.55025011368804,600.0
5 ppm,10.557526148249204,600.0
5 ppm,10.564802182810368,600.0
5 ppm,10.572078217371532,600.0
5 ppm,10.579354251932696,600.0
5 ppm,10.586630286493861,600.0
5 ppm,10.593906321055025,600.0
5 ppm,10.601182355616189,600.0
5 ppm,10.608458390177352,600.0
5 ppm,10.615734424738518,600.0
5 ppm,10.623010459299682,600.0
5 ppm,10.630286493860845,600.0
5 ppm,10.63756252842201,600.0
5 ppm,10.644838562983173,600.0
5 ppm,10.652114597544339,600.0
5 ppm,10.659390632105502,600.0
5 ppm,10.666666666666666,600.0
5 ppm,10.67394270122783,600.0
5 ppm,10.681218735788995,600.0
5 ppm,10.68849477035016,600.0
5 ppm,10.695770804911323,600.0
5 ppm,10.703046839472487,600.0
5 ppm,10.71032287403365,600.0
5 ppm,10.717598908594816,600.0
5 ppm,10.72487494315598,600.0
5 ppm,10.732150977717144,600.0
5 ppm,10.739427012278307,600.0
5 ppm,10.746703046839473,600.0
5 ppm,10.753979081400637,600.0
5 ppm,10.7612551159618,600.0
5 ppm,10.768531150522964,600.0
5 ppm,10.775807185084128,600.0
5 ppm,10.783083219645293,600.0
5 ppm,10.790359254206457,600.0
5 ppm,10.797635288767621,600.0
5 ppm,10.804911323328785,600.0
5 ppm,10.81218735788995,600.0
5 ppm,10.819463392451114,600.0
5 ppm,10.826739427012278,600.0
5 ppm,10.834015461573442,600.0
5 ppm,10.841291496134605,600.0
5 ppm,10.848567530695771,600.0
5 ppm,10.855843565256935,600.0
5 ppm,10.863119599818098,600.0
5 ppm,10.870395634379262,600.0
5 ppm,10.877671668940428,600.0
5 ppm,10.884947703501592,600.0
5 ppm,10.892223738062755,600.0
5 ppm,10.89949977262392,600.0
5 ppm,10.906775807185083,600.0
5 ppm,10.914051841746248,600.0
5 ppm,10.921327876307412,600.0
5 ppm,10.928603910868576,600.0
5 ppm,10.93587994542974,600.0
5 ppm,10.943155979990905,600.0
5 ppm,10.950432014552069,600.0
5 ppm,10.957708049113233,600.0
5 ppm,10.964984083674397,600.0
5 ppm,10.972260118235562,600.0
5 ppm,10.979536152796726,600.0
5 ppm,10.98681218735789,600.0
5 ppm,10.994088221919053,600.0
5 ppm,11.001364256480217,600.0
5 ppm,11.008640291041383,600.0
5 ppm,11.015916325602547,600.0
5 ppm,11.02319236016371,600.0
5 ppm,11.030468394724874,600.0
5 ppm,11.03774442928604,600.0
5 ppm,11.045020463847203,600.0
5 ppm,11.052296498408367,600.0
5 ppm,11.059572532969531,600.0
5 ppm,11.066848567530695,600.0
5 ppm,11.07412460209186,600.0
5 ppm,11.081400636653024,600.0
5 ppm,11.088676671214188,600.0
5 ppm,11.095952705775352,600.0
5 ppm,11.103228740336517,600.0
5 ppm,11.11050477489768,600.0
5 ppm,11.117780809458845,600.0
5 ppm,11.125056844020008,600.0
5 ppm,11.132332878581172,600.0
5 ppm,11.139608913142338,600.0
5 ppm,11.146884947703501,600.0
5 ppm,11.154160982264665,600.0
5 ppm,11.161437016825829,600.0
5 ppm,11.168713051386995,600.0
5 ppm,11.175989085948158,600.0
5 ppm,11.183265120509322,600.0
5 ppm,11.190541155070486,600.0
5 ppm,11.19781718963165,600.0
5 ppm,11.205093224192815,600.0
5 ppm,11.212369258753979,600.0
5 ppm,11.219645293315143,600.0
5 ppm,11.226921327876306,600.0
5 ppm,11.234197362437472,600.0
5 ppm,11.241473396998636,600.0
5 ppm,11.2487494315598,600.0
5 ppm,11.256025466120963,600.0
5 ppm,11.263301500682127,600.0
5 ppm,11.270577535243293,600.0
5 ppm,11.277853569804456,600.0
5 ppm,11.28512960436562,600.0
5 ppm,11.292405638926784,600.0
5 ppm,11.29968167348795,600.0
5 ppm,11.306957708049113,600.0
5 ppm,11.314233742610277,600.0
5 ppm,11.32150977717144,600.0
5 ppm,11.328785811732605,600.0
5 ppm,11.33606184629377,600.0
5 ppm,11.343337880854934,600.0
5 ppm,11.350613915416098,600.0
5 ppm,11.357889949977261,600.0
5 ppm,11.365165984538427,600.0
5 ppm,11.37244201909959,600.0
5 ppm,11.379718053660755,600.0
5 ppm,11.386994088221918,600.0
5 ppm,11.394270122783082,600.0
5 ppm,11.401546157344248,600.0
5 ppm,11.408822191905411,600.0
5 ppm,11.416098226466575,600.0
5 ppm,11.423374261027739,600.0
5 ppm,11.430650295588904,600.0
5 ppm,11.437926330150068,600.0
5 ppm,11.445202364711232,600.0
5 ppm,11.452478399272396,600.0
5 ppm,11.45975443383356,600.0
5 ppm,11.467030468394725,600.0
5 ppm,11.474306502955889,600.0
5 ppm,11.481582537517053,600.0
5 ppm,11.488858572078216,600.0
5 ppm,11.496134606639382,600.0
5 ppm,11.503410641200546,600.0
5 ppm,11.51068667576171,600.0
5 ppm,11.517962710322873,600.0
5 ppm,11.525238744884037,600.0
5 ppm,11.532514779445203,600.0
5 ppm,11.539790814006366,600.0
5 ppm,11.54706684856753,600.0
5 ppm,11.554342883128694,600.0
5 ppm,11.56161891768986,600.0
5 ppm,11.568894952251023,600.0
5 ppm,11.576170986812187,600.0
5 ppm,11.58344702137335,600.0
5 ppm,11.590723055934514,600.0
5 ppm,11.59799909049568,600.0
5 ppm,11.605275125056844,600.0
5 ppm,11.612551159618008,600.0
5 ppm,11.619827194179171,600.0
5 ppm,11.627103228740337,600.0
5 ppm,11.6343792633015,600.0
5 ppm,11.641655297862664,600.0
5 ppm,11.648931332423828,600.0
5 ppm,11.656207366984992,600.0
5 ppm,11.663483401546157,600.0
5 ppm,11.670759436107321,600.0
5 ppm,11.678035470668485,600.0
5 ppm,11.685311505229649,600.0
5 ppm,11.692587539790814,600.0
5 ppm,11.699863574351978,600.0
5 ppm,11.707139608913142,600.0
5 ppm,11.714415643474306,600.0
5 ppm,11.72169167803547,600.0
5 ppm,11.728967712596635,600.0
5 ppm,11.736243747157799,600.0
5 ppm,11.743519781718962,600.0
5 ppm,11.750795816280126,600.0
5 ppm,11.758071850841292,600.0
5 ppm,11.765347885402456,600.0
5 ppm,11.77262391996362,600.0
5 ppm,11.779899954524783,600.0
5 ppm,11.787175989085947,600.0
5 ppm,11.794452023647112,600.0
5 ppm,11.801728058208276,600.0
5 ppm,11.80900409276944,600.0
5 ppm,11.816280127330604,600.0
5 ppm,11.82355616189177,600.0
5 ppm,11.830832196452933,600.0
5 ppm,11.838108231014097,600.0
5 ppm,11.84538426557526,600.0
5 ppm,11.852660300136426,600.0
5 ppm,11.85993633469759,600.0
5 ppm,11.867212369258754,600.0
5 ppm,11.874488403819917,600.0
5 ppm,11.881764438381081,600.0
5 ppm,11.889040472942247,600.0
5 ppm,11.89631650750341,600.0
5 ppm,11.903592542064574,600.0
5 ppm,11.910868576625738,600.0
5 ppm,11.918144611186904,600.0
5 ppm,11.925420645748067,600.0
5 ppm,11.932696680309231,600.0
5 ppm,11.939972714870395,600.0
5 ppm,11.947248749431559,600.0
5 ppm,11.954524783992724,600.0
5 ppm,11.961800818553888,600.0
5 ppm,11.969076853115052,600.0
5 ppm,11.976352887676216,600.0
5 ppm,11.983628922237381,600.0
5 ppm,11.990904956798545,600.0
5 ppm,11.998180991359709,600.0
5 ppm,12.005457025920872,600.0
5 ppm,12.012733060482036,600.0
5 ppm,12.020009095043202,600.0
5 ppm,12.027285129604365,600.0
5 ppm,12.03456116416553,600.0
5 ppm,12.041837198726693,600.0
5 ppm,12.049113233287859,600.0
5 ppm,12.056389267849022,600.0
5 ppm,12.063665302410186,600.0
5 ppm,12.07094133697135,600.0
5 ppm,12.078217371532514,600.0
5 ppm,12.08549340609368,600.0
5 ppm,12.092769440654843,600.0
5 ppm,12.100045475216007,600.0
5 ppm,12.10732150977717,600.0
5 ppm,12.114597544338336,600.0
5 ppm,12.1218735788995,600.0
5 ppm,12.129149613460664,600.0
5 ppm,12.136425648021827,600.0
5 ppm,12.143701682582991,600.0
5 ppm,12.150977717144157,600.0
5 ppm,12.15825375170532,600.0
5 ppm,12.165529786266484,600.0
5 ppm,12.172805820827648,600.0
5 ppm,12.180081855388813,600.0
5 ppm,12.187357889949977,600.0
5 ppm,12.194633924511141,600.0
5 ppm,12.201909959072305,600.0
5 ppm,12.209185993633469,600.0
5 ppm,12.216462028194634,600.0
5 ppm,12.223738062755798,600.0
5 ppm,12.231014097316962,600.0
5 ppm,12.238290131878125,600.0
5 ppm,12.245566166439291,600.0
5 ppm,12.252842201000455,600.0
5 ppm,12.260118235561619,600.0
5 ppm,12.267394270122782,600.0
5 ppm,12.274670304683946,600.0
5 ppm,12.281946339245112,600.0
5 ppm,12.289222373806275,600.0
5 ppm,12.29649840836744,600.0
5 ppm,12.303774442928603,600.0
5 ppm,12.311050477489768,600.0
5 ppm,12.318326512050932,600.0
5 ppm,12.325602546612096,600.0
5 ppm,12.33287858117326,600.0
5 ppm,12.340154615734424,600.0
5 ppm,12.347430650295589,600.0
5 ppm,12.354706684856753,600.0
5 ppm,12.361982719417917,600.0
5 ppm,12.36925875397908,600.0
5 ppm,12.376534788540246,600.0
5 ppm,12.38381082310141,600.0
5 ppm,12.391086857662573,600.0
5 ppm,12.398362892223737,600.0
5 ppm,12.405638926784901,600.0
5 ppm,12.412914961346067,600.0
5 ppm,12.42019099590723,600.0
5 ppm,12.427467030468394,600.0
5 ppm,12.434743065029558,600.0
5 ppm,12.442019099590723,600.0
5 ppm,12.449295134151887,600.0
5 ppm,12.456571168713051,600.0
5 ppm,12.463847203274215,600.0
5 ppm,12.471123237835378,600.0
5 ppm,12.478399272396544,600.0
5 ppm,12.485675306957708,600.0
5 ppm,12.492951341518872,600.0
5 ppm,12.500227376080035,600.0
5 ppm,12.5075034106412,600.0
5 ppm,12.514779445202365,600.0
5 ppm,12.522055479763528,600.0
5 ppm,12.529331514324692,600.0
5 ppm,12.536607548885856,600.0
5 ppm,12.543883583447021,600.0
5 ppm,12.551159618008185,600.0
5 ppm,12.558435652569349,600.0
5 ppm,12.565711687130513,600.0
5 ppm,12.572987721691678,600.0
5 ppm,12.580263756252842,600.0
5 ppm,12.587539790814006,600.0
5 ppm,12.59481582537517,600.0
5 ppm,12.602091859936333,600.0
5 ppm,12.609367894497499,600.0
5 ppm,12.616643929058663,600.0
5 ppm,12.623919963619826,600.0
5 ppm,12.63119599818099,600.0
5 ppm,12.638472032742156,600.0
5 ppm,12.64574806730332,600.0
5 ppm,12.653024101864483,600.0
5 ppm,12.660300136425647,600.0
5 ppm,12.66757617098681,600.0
5 ppm,12.674852205547976,600.0
5 ppm,12.68212824010914,600.0
5 ppm,12.689404274670304,600.0
5 ppm,12.696680309231468,600.0
5 ppm,12.703956343792633,600.0
5 ppm,12.711232378353797,600.0
5 ppm,12.71850841291496,600.0
5 ppm,12.725784447476125,600.0
5 ppm,12.73306048203729,600.0
5 ppm,12.740336516598454,600.0
5 ppm,12.747612551159618,600.0
5 ppm,12.754888585720781,600.0
5 ppm,12.762164620281945,600.0
5 ppm,12.76944065484311,600.0
5 ppm,12.776716689404275,600.0
5 ppm,12.783992723965438,600.0
5 ppm,12.791268758526602,600.0
5 ppm,12.798544793087768,600.0
5 ppm,12.805820827648931,600.0
5 ppm,12.813096862210095,600.0
5 ppm,12.820372896771259,600.0
5 ppm,12.827648931332423,600.0
5 ppm,12.834924965893588,600.0
5 ppm,12.842201000454752,600.0
5 ppm,12.849477035015916,600.0
5 ppm,12.85675306957708,600.0
5 ppm,12.864029104138245,600.0
5 ppm,12.871305138699409,600.0
5 ppm,12.878581173260573,600.0
5 ppm,12.885857207821736,600.0
5 ppm,12.8931332423829,600.0
5 ppm,12.900409276944066,600.0
5 ppm,12.90768531150523,600.0
5 ppm,12.914961346066393,600.0
5 ppm,12.922237380627557,600.0
5 ppm,12.929513415188723,600.0
5 ppm,12.936789449749886,600.0
5 ppm,12.94406548431105,600.0
5 ppm,12.951341518872214,600.0
5 ppm,12.958617553433378,600.0
5 ppm,12.965893587994543,600.0
5 ppm,12.973169622555707,600.0
5 ppm,12.98044565711687,600.0
5 ppm,12.987721691678034,600.0
5 ppm,12.9949977262392,600.0
5 ppm,13.002273760800364,600.0
5 ppm,13.009549795361528,600.0
5 ppm,13.016825829922691,600.0
5 ppm,13.024101864483855,600.0
5 ppm,13.03137789904502,600.0
5 ppm,13.038653933606184,600.0
5 ppm,13.045929968167348,600.0
5 ppm,13.053206002728512,600.0
5 ppm,13.060482037289677,600.0
5 ppm,13.067758071850841,600.0
5 ppm,13.075034106412005,600.0
5 ppm,13.082310140973169,600.0
5 ppm,13.089586175534333,600.0
5 ppm,13.096862210095498,600.0
5 ppm,13.104138244656662,600.0
5 ppm,13.111414279217826,600.0
5 ppm,13.11869031377899,600.0
5 ppm,13.125966348340155,600.0
5 ppm,13.133242382901319,600.0
5 ppm,13.140518417462483,600.0
5 ppm,13.147794452023646,600.0
5 ppm,13.15507048658481,600.0
5 ppm,13.162346521145976,600.0
5 ppm,13.16962255570714,600.0
5 ppm,13.176898590268303,600.0
5 ppm,13.184174624829467,600.0
5 ppm,13.191450659390632,600.0
5 ppm,13.198726693951796,600.0
5 ppm,13.20600272851296,600.0
5 ppm,13.213278763074124,600.0
5 ppm,13.220554797635288,600.0
5 ppm,13.227830832196453,600.0
5 ppm,13.235106866757617,600.0
5 ppm,13.24238290131878,600.0
5 ppm,13.249658935879944,600.0
5 ppm,13.25693497044111,600.0
5 ppm,13.264211005002274,600.0
5 ppm,13.271487039563437,600.0
5 ppm,13.278763074124601,600.0
5 ppm,13.286039108685765,600.0
5 ppm,13.29331514324693,600.0
5 ppm,13.300591177808094,600.0
5 ppm,13.307867212369258,600.0
5 ppm,13.315143246930422,600.0
5 ppm,13.322419281491587,600.0
5 ppm,13.329695316052751,600.0
5 ppm,13.336971350613915,600.0
5 ppm,13.344247385175079,600.0
5 ppm,13.351523419736242,600.0
5 ppm,13.358799454297408,600.0
5 ppm,13.366075488858572,600.0
5 ppm,13.373351523419736,600.0
5 ppm,13.3806275579809,600.0
5 ppm,13.387903592542065,600.0
5 ppm,13.395179627103229,600.0
5 ppm,13.402455661664392,600.0
5 ppm,13.409731696225556,600.0
5 ppm,13.41700773078672,600.0
5 ppm,13.424283765347885,600.0
5 ppm,13.43155979990905,600.0
5 ppm,13.438835834470213,600.0
5 ppm,13.446111869031377,600.0
5 ppm,13.453387903592542,600.0
5 ppm,13.460663938153706,600.0
5 ppm,13.46793997271487,600.0
5 ppm,13.475216007276034,600.0
5 ppm,13.482492041837197,600.0
5 ppm,13.489768076398363,600.0
5 ppm,13.497044110959527,600.0
5 ppm,13.50432014552069,600.0
5 ppm,13.511596180081854,600.0
5 ppm,13.51887221464302,600.0
5 ppm,13.526148249204184,600.0
5 ppm,13.533424283765347,600.0
5 ppm,13.540700318326511,600.0
5 ppm,13.547976352887675,600.0
5 ppm,13.55525238744884,600.0
5 ppm,13.562528422010004,600.0
5 ppm,13.569804456571168,600.0
5 ppm,13.577080491132332,600.0
5 ppm,13.584356525693497,600.0
5 ppm,13.591632560254661,600.0
5 ppm,13.598908594815825,600.0
5 ppm,13.606184629376989,600.0
5 ppm,13.613460663938154,600.0
5 ppm,13.620736698499318,600.0
5 ppm,13.628012733060482,600.0
5 ppm,13.635288767621645,600.0
5 ppm,13.64256480218281,600.0
5 ppm,13.649840836743975,600.0
5 ppm,13.657116871305139,600.0
5 ppm,13.664392905866302,600.0
5 ppm,13.671668940427466,600.0
5 ppm,13.678944974988632,600.0
5 ppm,13.686221009549795,600.0
5 ppm,13.69349704411096,600.0
5 ppm,13.700773078672123,600.0
5 ppm,13.708049113233287,600.0
5 ppm,13.715325147794452,600.0
5 ppm,13.722601182355616,600.0
5 ppm,13.72987721691678,600.0
5 ppm,13.737153251477944,600.0
5 ppm,13.744429286039109,600.0
5 ppm,13.751705320600273,600.0
5 ppm,13.758981355161437,600.0
5 ppm,13.7662573897226,600.0
5 ppm,13.773533424283764,600.0
5 ppm,13.78080945884493,600.0
5 ppm,13.788085493406093,600.0
5 ppm,13.795361527967257,600.0
5 ppm,13.802637562528421,600.0
5 ppm,13.809913597089587,600.0
5 ppm,13.81718963165075,600.0
5 ppm,13.824465666211914,600.0
5 ppm,13.831741700773078,600.0
5 ppm,13.839017735334242,600.0
5 ppm,13.846293769895407,600.0
5 ppm,13.853569804456571,600.0
5 ppm,13.860845839017735,600.0
5 ppm,13.868121873578898,600.0
5 ppm,13.875397908140064,600.0
5 ppm,13.882673942701228,600.0
5 ppm,13.889949977262392,600.0
5 ppm,13.897226011823555,600.0
5 ppm,13.904502046384719,600.0
5 ppm,13.911778080945885,600.0
5 ppm,13.919054115507048,600.0
5 ppm,13.926330150068212,600.0
5 ppm,13.933606184629376,600.0
5 ppm,13.940882219190541,600.0
5 ppm,13.948158253751705,600.0
5 ppm,13.955434288312869,600.0
5 ppm,13.962710322874033,600.0
5 ppm,13.969986357435197,600.0
5 ppm,13.977262391996362,600.0
5 ppm,13.984538426557526,600.0
5 ppm,13.99181446111869,600.0
5 ppm,13.999090495679853,600.0
5 ppm,14.006366530241019,600.0
5 ppm,14.013642564802183,600.0
5 ppm,14.020918599363347,600.0
5 ppm,14.02819463392451,600.0
5 ppm,14.035470668485674,600.0
5 ppm,14.04274670304684,600.0
5 ppm,14.050022737608003,600.0
5 ppm,14.057298772169167,600.0
5 ppm,14.064574806730331,600.0
5 ppm,14.071850841291496,600.0
5 ppm,14.07912687585266,600.0
5 ppm,14.086402910413824,600.0
5 ppm,14.093678944974988,600.0
5 ppm,14.100954979536152,600.0
5 ppm,14.108231014097317,600.0
5 ppm,14.11550704865848,600.0
5 ppm,14.122783083219645,600.0
5 ppm,14.130059117780808,600.0
5 ppm,14.137335152341974,600.0
5 ppm,14.144611186903138,600.0
5 ppm,14.151887221464301,600.0
5 ppm,14.159163256025465,600.0
5 ppm,14.166439290586629,600.0
5 ppm,14.173715325147795,600.0
5 ppm,14.180991359708958,600.0
5 ppm,14.188267394270122,600.0
5 ppm,14.195543428831286,600.0
5 ppm,14.202819463392451,600.0
5 ppm,14.210095497953615,600.0
5 ppm,14.217371532514779,600.0
5 ppm,14.224647567075943,600.0
5 ppm,14.231923601637106,600.0
5 ppm,14.239199636198272,600.0
5 ppm,14.246475670759436,600.0
5 ppm,14.2537517053206,600.0
5 ppm,14.261027739881763,600.0
5 ppm,14.268303774442929,600.0
5 ppm,14.275579809004093,600.0
5 ppm,14.282855843565256,600.0
5 ppm,14.29013187812642,600.0
5 ppm,14.297407912687584,600.0
5 ppm,14.30468394724875,600.0
5 ppm,14.311959981809913,600.0
5 ppm,14.319236016371077,600.0
5 ppm,14.32651205093224,600.0
5 ppm,14.333788085493406,600.0
5 ppm,14.34106412005457,600.0
5 ppm,14.348340154615734,600.0
5 ppm,14.355616189176898,600.0
5 ppm,14.362892223738061,600.0
5 ppm,14.370168258299227,600.0
5 ppm,14.37744429286039,600.0
5 ppm,14.384720327421554,600.0
5 ppm,14.391996361982718,600.0
5 ppm,14.399272396543884,600.0
5 ppm,14.406548431105048,600.0
5 ppm,14.413824465666211,600.0
5 ppm,14.421100500227375,600.0
5 ppm,14.428376534788539,600.0
5 ppm,14.435652569349704,600.0
5 ppm,14.442928603910868,600.0
5 ppm,14.450204638472032,600.0
5 ppm,14.457480673033196,600.0
5 ppm,14.464756707594361,600.0
5 ppm,14.472032742155525,600.0
5 ppm,14.479308776716689,600.0
5 ppm,14.486584811277853,600.0
5 ppm,14.493860845839018,600.0
5 ppm,14.501136880400182,600.0
5 ppm,14.508412914961346,600.0
5 ppm,14.51568894952251,600.0
5 ppm,14.522964984083673,600.0
5 ppm,14.530241018644839,600.0
5 ppm,14.537517053206003,600.0
5 ppm,14.544793087767166,600.0
5 ppm,14.55206912232833,600.0
5 ppm,14.559345156889496,600.0
5 ppm,14.56662119145066,600.0
5 ppm,14.573897226011823,600.0
5 ppm,14.581173260572987,600.0
5 ppm,14.58844929513415,600.0
5 ppm,14.595725329695316,600.0
5 ppm,14.60300136425648,600.0
5 ppm,14.610277398817644,600.0
5 ppm,14.617553433378808,600.0
5 ppm,14.624829467939973,600.0
5 ppm,14.632105502501137,600.0
5 ppm,14.6393815370623,600.0
5 ppm,14.646657571623464,600.0
5 ppm,14.653933606184628,600.0
5 ppm,14.661209640745794,600.0
5 ppm,14.668485675306957,600.0
5 ppm,14.675761709868121,600.0
5 ppm,14.683037744429285,600.0
5 ppm,14.69031377899045,600.0
5 ppm,14.697589813551614,600.0
5 ppm,14.704865848112778,600.0
5 ppm,14.712141882673942,600.0
5 ppm,14.719417917235106,600.0
5 ppm,14.726693951796271,600.0
5 ppm,14.733969986357435,600.0
5 ppm,14.741246020918599,600.0
5 ppm,14.748522055479762,600.0
5 ppm,14.755798090040928,600.0
5 ppm,14.763074124602092,600.0
5 ppm,14.770350159163256,600.0
5 ppm,14.77762619372442,600.0
5 ppm,14.784902228285583,600.0
5 ppm,14.792178262846749,600.0
5 ppm,14.799454297407912,600.0
5 ppm,14.806730331969076,600.0
5 ppm,14.81400636653024,600.0
5 ppm,14.821282401091405,600.0
5 ppm,14.82855843565257,600.0
5 ppm,14.835834470213733,600.0
5 ppm,14.843110504774897,600.0
5 ppm,14.85038653933606,600.0
5 ppm,14.857662573897226,600.0
5 ppm,14.86493860845839,600.0
5 ppm,14.872214643019554,600.0
5 ppm,14.879490677580717,600.0
5 ppm,14.886766712141883,600.0
5 ppm,14.894042746703047,600.0
5 ppm,14.90131878126421,600.0
5 ppm,14.908594815825374,600.0
5 ppm,14.915870850386538,600.0
5 ppm,14.923146884947704,600.0
5 ppm,14.930422919508867,600.0
5 ppm,14.937698954070031,600.0
5 ppm,14.944974988631195,600.0
5 ppm,14.95225102319236,600.0
5 ppm,14.959527057753524,600.0
5 ppm,14.966803092314688,600.0
5 ppm,14.974079126875852,600.0
5 ppm,14.981355161437016,600.0
5 ppm,14.988631195998181,600.0
5 ppm,14.995907230559345,600.0
5 ppm,15.003183265120509,600.0
5 ppm,15.010459299681672,600.0
5 ppm,15.017735334242838,600.0
5 ppm,15.025011368804002,600.0
5 ppm,15.032287403365165,600.0
5 ppm,15.03956343792633,600.0
5 ppm,15.046839472487493,600.0
5 ppm,15.054115507048659,600.0
5 ppm,15.061391541609822,600.0
5 ppm,15.068667576170986,600.0
5 ppm,15.07594361073215,600.0
5 ppm,15.083219645293315,600.0
5 ppm,15.09049567985448,600.0
5 ppm,15.097771714415643,600.0
5 ppm,15.105047748976807,600.0
5 ppm,15.11232378353797,600.0
5 ppm,15.119599818099136,600.0
5 ppm,15.1268758526603,600.0
5 ppm,15.134151887221464,600.0
5 ppm,15.141427921782627,600.0
5 ppm,15.148703956343793,600.0
5 ppm,15.155979990904957,600.0
5 ppm,15.16325602546612,600.0
5 ppm,15.170532060027284,600.0
5 ppm,15.177808094588448,600.0
5 ppm,15.185084129149613,600.0
5 ppm,15.192360163710777,600.0
5 ppm,15.199636198271941,600.0
5 ppm,15.206912232833105,600.0
5 ppm,15.21418826739427,600.0
5 ppm,15.221464301955434,600.0
5 ppm,15.228740336516598,600.0
5 ppm,15.236016371077762,600.0
5 ppm,15.243292405638925,600.0
5 ppm,15.250568440200091,600.0
5 ppm,15.257844474761255,600.0
5 ppm,15.265120509322418,600.0
5 ppm,15.272396543883582,600.0
5 ppm,15.279672578444748,600.0
5 ppm,15.286948613005912,600.0
5 ppm,15.294224647567075,600.0
5 ppm,15.301500682128239,600.0
5 ppm,15.308776716689403,600.0
5 ppm,15.316052751250568,600.0
5 ppm,15.323328785811732,600.0
5 ppm,15.330604820372896,600.0
5 ppm,15.33788085493406,600.0
5 ppm,15.345156889495225,600.0
5 ppm,15.352432924056389,600.0
5 ppm,15.359708958617553,600.0
5 ppm,15.366984993178717,600.0
5 ppm,15.374261027739882,600.0
5 ppm,15.381537062301046,600.0
5 ppm,15.38881309686221,600.0
5 ppm,15.396089131423373,600.0
5 ppm,15.403365165984537,600.0
5 ppm,15.410641200545703,600.0
5 ppm,15.417917235106867,600.0
5 ppm,15.42519326966803,600.0
5 ppm,15.432469304229194,600.0
5 ppm,15.43974533879036,600.0
5 ppm,15.447021373351523,600.0
5 ppm,15.454297407912687,600.0
5 ppm,15.461573442473851,600.0
5 ppm,15.468849477035015,600.0
5 ppm,15.47612551159618,600.0
5 ppm,15.483401546157344,600.0
5 ppm,15.490677580718508,600.0
5 ppm,15.497953615279672,600.0
5 ppm,15.505229649840837,600.0
5 ppm,15.512505684402,600.0
5 ppm,15.519781718963165,600.0
5 ppm,15.527057753524328,600.0
5 ppm,15.534333788085492,600.0
5 ppm,15.541609822646658,600.0
5 ppm,15.548885857207821,600.0
5 ppm,15.556161891768985,600.0
5 ppm,15.563437926330149,600.0
5 ppm,15.570713960891315,600.0
5 ppm,15.577989995452478,600.0
5 ppm,15.585266030013642,600.0
5 ppm,15.592542064574806,600.0
5 ppm,15.59981809913597,600.0
5 ppm,15.607094133697135,600.0
5 ppm,15.614370168258299,600.0
5 ppm,15.621646202819463,600.0
5 ppm,15.628922237380626,600.0
5 ppm,15.636198271941792,600.0
5 ppm,15.643474306502956,600.0
5 ppm,15.65075034106412,600.0
5 ppm,15.658026375625283,600.0
5 ppm,15.665302410186447,600.0
5 ppm,15.672578444747613,600.0
5 ppm,15.679854479308776,600.0
5 ppm,15.68713051386994,600.0
5 ppm,15.694406548431104,600.0
5 ppm,15.70168258299227,600.0
5 ppm,15.708958617553433,600.0
5 ppm,15.716234652114597,600.0
5 ppm,15.72351068667576,600.0
5 ppm,15.730786721236925,600.0
5 ppm,15.73806275579809,600.0
5 ppm,15.745338790359254,600.0
5 ppm,15.752614824920418,600.0
5 ppm,15.759890859481581,600.0
5 ppm,15.767166894042747,600.0
5 ppm,15.77444292860391,600.0
5 ppm,15.781718963165074,600.0
5 ppm,15.788994997726238,600.0
5 ppm,15.796271032287402,600.0
5 ppm,15.803547066848568,600.0
5 ppm,15.810823101409731,600.0
5 ppm,15.818099135970895,600.0
5 ppm,15.825375170532059,600.0
5 ppm,15.832651205093224,600.0
5 ppm,15.839927239654388,600.0
5 ppm,15.847203274215552,600.0
5 ppm,15.854479308776716,600.0
5 ppm,15.86175534333788,600.0
5 ppm,15.869031377899045,600.0
5 ppm,15.876307412460209,600.0
5 ppm,15.883583447021373,600.0
5 ppm,15.890859481582536,600.0
5 ppm,15.898135516143702,600.0
5 ppm,15.905411550704866,600.0
5 ppm,15.91268758526603,600.0
5 ppm,15.919963619827193,600.0
5 ppm,15.927239654388357,600.0
5 ppm,15.934515688949523,600.0
5 ppm,15.941791723510686,600.0
5 ppm,15.94906775807185,600.0
5 ppm,15.956343792633014,600.0
5 ppm,15.96361982719418,600.0
5 ppm,15.970895861755343,600.0
5 ppm,15.978171896316507,600.0
5 ppm,15.98544793087767,600.0
5 ppm,15.992723965438834,600.0
5 ppm,16.0,600.0
10 ppm,0.0,850.0
10 ppm,0.007276034561164165,850.0
10 ppm,0.01455206912232833,850.0
10 ppm,0.021828103683492497,850.0
10 ppm,0.02910413824465666,850.0
10 ppm,0.03638017280582083,850.0
10 ppm,0.04365620736698499,850.0
10 ppm,0.05093224192814916,850.0
10 ppm,0.05820827648931332,850.0
10 ppm,0.06548431105047749,850.0
10 ppm,0.07276034561164166,850.0
10 ppm,0.08003638017280582,850.0
10 ppm,0.08731241473396999,850.0
10 ppm,0.09458844929513414,850.0
10 ppm,0.10186448385629832,850.0
10 ppm,0.10914051841746247,850.0
10 ppm,0.11641655297862664,850.0
10 ppm,0.12369258753979082,850.0
10 ppm,0.13096862210095497,850.0
10 ppm,0.13824465666211913,850.0
10 ppm,0.14552069122328332,850.0
10 ppm,0.15279672578444747,850.0
10 ppm,0.16007276034561163,850.0
10 ppm,0.1673487949067758,850.0
10 ppm,0.17462482946793997,850.0
10 ppm,0.18190086402910413,850.0
10 ppm,0.1891768985902683,850.0
10 ppm,0.19645293315143247,850.0
10 ppm,0.20372896771259663,850.0
10 ppm,0.2110050022737608,850.0
10 ppm,0.21828103683492495,850.0
10 ppm,0.22555707139608913,850.0
10 ppm,0.2328331059572533,850.0
10 ppm,0.24010914051841745,850.0
10 ppm,0.24738517507958163,850.0
10 ppm,0.2546612096407458,850.0
10 ppm,0.26193724420190995,850.0
10 ppm,0.2692132787630741,850.0
10 ppm,0.27648931332423826,850.0
10 ppm,0.2837653478854024,850.0
10 ppm,0.29104138244656663,850.0
10 ppm,0.2983174170077308,850.0
10 ppm,0.30559345156889495,850.0
10 ppm,0.3128694861300591,850.0
10 ppm,0.32014552069122326,850.0
10 ppm,0.3274215552523874,850.0
10 ppm,0.3346975898135516,850.0
10 ppm,0.3419736243747158,850.0
10 ppm,0.34924965893587995,850.0
10 ppm,0.3565256934970441,850.0
10 ppm,0.36380172805820826,850.0
10 ppm,0.3710777626193724,850.0
10 ppm,0.3783537971805366,850.0
10 ppm,0.38562983174170073,850.0
10 ppm,0.39290586630286495,850.0
10 ppm,0.4001819008640291,850.0
10 ppm,0.40745793542519326,850.0
10 ppm,0.4147339699863574,850.0
10 ppm,0.4220100045475216,850.0
10 ppm,0.42928603910868574,850.0
10 ppm,0.4365620736698499,850.0
10 ppm,0.4438381082310141,850.0
10 ppm,0.45111414279217826,850.0
10 ppm,0.4583901773533424,850.0
10 ppm,0.4656662119145066,850.0
10 ppm,0.47294224647567074,850.0
10 ppm,0.4802182810368349,850.0
10 ppm,0.48749431559799905,850.0
10 ppm,0.49477035015916326,850.0
10 ppm,0.5020463847203274,850.0
10 ppm,0.5093224192814916,850.0
10 ppm,0.5165984538426557,850.0
10 ppm,0.5238744884038199,850.0
10 ppm,0.5311505229649841,850.0
10 ppm,0.5384265575261482,850.0
10 ppm,0.5457025920873124,850.0
10 ppm,0.5529786266484765,850.0
10 ppm,0.5602546612096407,850.0
10 ppm,0.5675306957708048,850.0
10 ppm,0.574806730331969,850.0
10 ppm,0.5820827648931333,850.0
10 ppm,0.5893587994542974,850.0
10 ppm,0.5966348340154616,850.0
10 ppm,0.6039108685766257,850.0
10 ppm,0.6111869031377899,850.0
10 ppm,0.618462937698954,850.0
10 ppm,0.6257389722601182,850.0
10 ppm,0.6330150068212824,850.0
10 ppm,0.6402910413824465,850.0
10 ppm,0.6475670759436107,850.0
10 ppm,0.6548431105047748,850.0
10 ppm,0.662119145065939,850.0
10 ppm,0.6693951796271032,850.0
10 ppm,0.6766712141882674,850.0
10 ppm,0.6839472487494316,850.0
10 ppm,0.6912232833105957,850.0
10 ppm,0.6984993178717599,850.0
10 ppm,0.705775352432924,850.0
10 ppm,0.7130513869940882,850.0
10 ppm,0.7203274215552523,850.0
10 ppm,0.7276034561164165,850.0
10 ppm,0.7348794906775807,850.0
10 ppm,0.7421555252387448,850.0
10 ppm,0.749431559799909,850.0
10 ppm,0.7567075943610732,850.0
10 ppm,0.7639836289222374,850.0
10 ppm,0.7712596634834015,850.0
10 ppm,0.7785356980445657,850.0
10 ppm,0.7858117326057299,850.0
10 ppm,0.793087767166894,850.0
10 ppm,0.8003638017280582,850.0
10 ppm,0.8076398362892223,850.0
10 ppm,0.8149158708503865,850.0
10 ppm,0.8221919054115506,850.0
10 ppm,0.8294679399727148,850.0
10 ppm,0.836743974533879,850.0
10 ppm,0.8440200090950432,850.0
10 ppm,0.8512960436562074,850.0
10 ppm,0.8585720782173715,850.0
10 ppm,0.8658481127785357,850.0
10 ppm,0.8731241473396998,850.0
10 ppm,0.880400181900864,850.0
10 ppm,0.8876762164620282,850.0
10 ppm,0.8949522510231923,850.0
10 ppm,0.9022282855843565,850.0
10 ppm,0.9095043201455206,850.0
10 ppm,0.9167803547066848,850.0
10 ppm,0.9240563892678489,850.0
10 ppm,0.9313324238290132,850.0
10 ppm,0.9386084583901774,850.0
10 ppm,0.9458844929513415,850.0
10 ppm,0.9531605275125057,850.0
10 ppm,0.9604365620736698,850.0
10 ppm,0.967712596634834,850.0
10 ppm,0.9749886311959981,850.0
10 ppm,0.9822646657571623,850.0
10 ppm,0.9895407003183265,850.0
10 ppm,0.9968167348794906,850.0
10 ppm,1.0040927694406547,850.0
10 ppm,1.011368804001819,850.0
10 ppm,1.0186448385629832,850.0
10 ppm,1.0259208731241474,850.0
10 ppm,1.0331969076853114,850.0
10 ppm,1.0404729422464756,850.0
10 ppm,1.0477489768076398,850.0
10 ppm,1.055025011368804,850.0
10 ppm,1.0623010459299682,850.0
10 ppm,1.0695770804911322,850.0
10 ppm,1.0768531150522964,850.0
10 ppm,1.0841291496134606,850.0
10 ppm,1.0914051841746248,850.0
10 ppm,1.098681218735789,850.0
10 ppm,1.105957253296953,850.0
10 ppm,1.1132332878581173,850.0
10 ppm,1.1205093224192815,850.0
10 ppm,1.1277853569804457,850.0
10 ppm,1.1350613915416097,850.0
10 ppm,1.142337426102774,850.0
10 ppm,1.149613460663938,850.0
10 ppm,1.1568894952251023,850.0
10 ppm,1.1641655297862665,850.0
10 ppm,1.1714415643474305,850.0
10 ppm,1.1787175989085947,850.0
10 ppm,1.185993633469759,850.0
10 ppm,1.1932696680309232,850.0
10 ppm,1.2005457025920874,850.0
10 ppm,1.2078217371532514,850.0
10 ppm,1.2150977717144156,850.0
10 ppm,1.2223738062755798,850.0
10 ppm,1.229649840836744,850.0
10 ppm,1.236925875397908,850.0
10 ppm,1.2442019099590722,850.0
10 ppm,1.2514779445202364,850.0
10 ppm,1.2587539790814006,850.0
10 ppm,1.2660300136425648,850.0
10 ppm,1.2733060482037288,850.0
10 ppm,1.280582082764893,850.0
10 ppm,1.2878581173260573,850.0
10 ppm,1.2951341518872215,850.0
10 ppm,1.3024101864483857,850.0
10 ppm,1.3096862210095497,850.0
10 ppm,1.316962255570714,850.0
10 ppm,1.324238290131878,850.0
10 ppm,1.3315143246930423,850.0
10 ppm,1.3387903592542063,850.0
10 ppm,1.3460663938153705,850.0
10 ppm,1.3533424283765347,850.0
10 ppm,1.360618462937699,850.0
10 ppm,1.3678944974988632,850.0
10 ppm,1.3751705320600272,850.0
10 ppm,1.3824465666211914,850.0
10 ppm,1.3897226011823556,850.0
10 ppm,1.3969986357435198,850.0
10 ppm,1.404274670304684,850.0
10 ppm,1.411550704865848,850.0
10 ppm,1.4188267394270122,850.0
10 ppm,1.4261027739881764,850.0
10 ppm,1.4333788085493406,850.0
10 ppm,1.4406548431105046,850.0
10 ppm,1.4479308776716688,850.0
10 ppm,1.455206912232833,850.0
10 ppm,1.4624829467939973,850.0
10 ppm,1.4697589813551615,850.0
10 ppm,1.4770350159163255,850.0
10 ppm,1.4843110504774897,850.0
10 ppm,1.491587085038654,850.0
10 ppm,1.498863119599818,850.0
10 ppm,1.5061391541609823,850.0
10 ppm,1.5134151887221463,850.0
10 ppm,1.5206912232833105,850.0
10 ppm,1.5279672578444747,850.0
10 ppm,1.535243292405639,850.0
10 ppm,1.542519326966803,850.0
10 ppm,1.5497953615279672,850.0
10 ppm,1.5570713960891314,850.0
10 ppm,1.5643474306502956,850.0
10 ppm,1.5716234652114598,850.0
10 ppm,1.5788994997726238,850.0
10 ppm,1.586175534333788,850.0
10 ppm,1.5934515688949522,850.0
10 ppm,1.6007276034561164,850.0
10 ppm,1.6080036380172806,850.0
10 ppm,1.6152796725784446,850.0
10 ppm,1.6225557071396088,850.0
10 ppm,1.629831741700773,850.0
10 ppm,1.6371077762619373,850.0
10 ppm,1.6443838108231013,850.0
10 ppm,1.6516598453842655,850.0
10 ppm,1.6589358799454297,850.0
10 ppm,1.666211914506594,850.0
10 ppm,1.673487949067758,850.0
10 ppm,1.680763983628922,850.0
10 ppm,1.6880400181900863,850.0
10 ppm,1.6953160527512505,850.0
10 ppm,1.7025920873124147,850.0
10 ppm,1.709868121873579,850.0
10 ppm,1.717144156434743,850.0
10 ppm,1.7244201909959072,850.0
10 ppm,1.7316962255570714,850.0
10 ppm,1.7389722601182356,850.0
10 ppm,1.7462482946793996,850.0
10 ppm,1.7535243292405638,850.0
10 ppm,1.760800363801728,850.0
10 ppm,1.7680763983628922,850.0
10 ppm,1.7753524329240564,850.0
10 ppm,1.7826284674852204,850.0
10 ppm,1.7899045020463846,850.0
10 ppm,1.7971805366075488,850.0
10 ppm,1.804456571168713,850.0
10 ppm,1.8117326057298773,850.0
10 ppm,1.8190086402910413,850.0
10 ppm,1.8262846748522055,850.0
10 ppm,1.8335607094133697,850.0
10 ppm,1.840836743974534,850.0
10 ppm,1.8481127785356979,850.0
10 ppm,1.855388813096862,850.0
10 ppm,1.8626648476580263,850.0
10 ppm,1.8699408822191905,850.0
10 ppm,1.8772169167803547,850.0
10 ppm,1.8844929513415187,850.0
10 ppm,1.891768985902683,850.0
10 ppm,1.8990450204638472,850.0
10 ppm,1.9063210550250114,850.0
10 ppm,1.9135970895861754,850.0
10 ppm,1.9208731241473396,850.0
10 ppm,1.9281491587085038,850.0
10 ppm,1.935425193269668,850.0
10 ppm,1.9427012278308322,850.0
10 ppm,1.9499772623919962,850.0
10 ppm,1.9572532969531604,850.0
10 ppm,1.9645293315143246,850.0
10 ppm,1.9718053660754888,850.0
10 ppm,1.979081400636653,850.0
10 ppm,1.986357435197817,850.0
10 ppm,1.9936334697589813,850.0
10 ppm,2.0009095043201452,850.0
10 ppm,2.0081855388813095,850.0
10 ppm,2.0154615734424737,850.0
10 ppm,2.022737608003638,850.0
10 ppm,2.030013642564802,850.0
10 ppm,2.0372896771259663,850.0
10 ppm,2.0445657116871305,850.0
10 ppm,2.0518417462482947,850.0
10 ppm,2.059117780809459,850.0
10 ppm,2.0663938153706227,850.0
10 ppm,2.073669849931787,850.0
10 ppm,2.080945884492951,850.0
10 ppm,2.0882219190541154,850.0
10 ppm,2.0954979536152796,850.0
10 ppm,2.102773988176444,850.0
10 ppm,2.110050022737608,850.0
10 ppm,2.117326057298772,850.0
10 ppm,2.1246020918599364,850.0
10 ppm,2.1318781264211006,850.0
10 ppm,2.1391541609822644,850.0
10 ppm,2.1464301955434286,850.0
10 ppm,2.153706230104593,850.0
10 ppm,2.160982264665757,850.0
10 ppm,2.1682582992269213,850.0
10 ppm,2.1755343337880855,850.0
10 ppm,2.1828103683492497,850.0
10 ppm,2.190086402910414,850.0
10 ppm,2.197362437471578,850.0
10 ppm,2.204638472032742,850.0
10 ppm,2.211914506593906,850.0
10 ppm,2.2191905411550703,850.0
10 ppm,2.2264665757162345,850.0
10 ppm,2.2337426102773987,850.0
10 ppm,2.241018644838563,850.0
10 ppm,2.248294679399727,850.0
10 ppm,2.2555707139608914,850.0
10 ppm,2.2628467485220556,850.0
10 ppm,2.2701227830832194,850.0
10 ppm,2.2773988176443836,850.0
10 ppm,2.284674852205548,850.0
10 ppm,2.291950886766712,850.0
10 ppm,2.299226921327876,850.0
10 ppm,2.3065029558890404,850.0
10 ppm,2.3137789904502046,850.0
10 ppm,2.321055025011369,850.0
10 ppm,2.328331059572533,850.0
10 ppm,2.3356070941336973,850.0
10 ppm,2.342883128694861,850.0
10 ppm,2.3501591632560253,850.0
10 ppm,2.3574351978171895,850.0
10 ppm,2.3647112323783537,850.0
10 ppm,2.371987266939518,850.0
10 ppm,2.379263301500682,850.0
10 ppm,2.3865393360618463,850.0
10 ppm,2.3938153706230105,850.0
10 ppm,2.4010914051841747,850.0
10 ppm,2.4083674397453385,850.0
10 ppm,2.4156434743065027,850.0
10 ppm,2.422919508867667,850.0
10 ppm,2.430195543428831,850.0
10 ppm,2.4374715779899954,850.0
10 ppm,2.4447476125511596,850.0
10 ppm,2.452023647112324,850.0
10 ppm,2.459299681673488,850.0
10 ppm,2.466575716234652,850.0
10 ppm,2.473851750795816,850.0
10 ppm,2.48112778535698,850.0
10 ppm,2.4884038199181444,850.0
10 ppm,2.4956798544793086,850.0
10 ppm,2.502955889040473,850.0
10 ppm,2.510231923601637,850.0
10 ppm,2.5175079581628013,850.0
10 ppm,2.5247839927239655,850.0
10 ppm,2.5320600272851297,850.0
10 ppm,2.539336061846294,850.0
10 ppm,2.5466120964074577,850.0
10 ppm,2.553888130968622,850.0
10 ppm,2.561164165529786,850.0
10 ppm,2.5684402000909503,850.0
10 ppm,2.5757162346521145,850.0
10 ppm,2.5829922692132787,850.0
10 ppm,2.590268303774443,850.0
10 ppm,2.597544338335607,850.0
10 ppm,2.6048203728967714,850.0
10 ppm,2.612096407457935,850.0
10 ppm,2.6193724420190994,850.0
10 ppm,2.6266484765802636,850.0
10 ppm,2.633924511141428,850.0
10 ppm,2.641200545702592,850.0
10 ppm,2.648476580263756,850.0
10 ppm,2.6557526148249204,850.0
10 ppm,2.6630286493860846,850.0
10 ppm,2.670304683947249,850.0
10 ppm,2.6775807185084126,850.0
10 ppm,2.684856753069577,850.0
10 ppm,2.692132787630741,850.0
10 ppm,2.6994088221919053,850.0
10 ppm,2.7066848567530695,850.0
10 ppm,2.7139608913142337,850.0
10 ppm,2.721236925875398,850.0
10 ppm,2.728512960436562,850.0
10 ppm,2.7357889949977263,850.0
10 ppm,2.7430650295588905,850.0
10 ppm,2.7503410641200543,850.0
10 ppm,2.7576170986812185,850.0
10 ppm,2.7648931332423827,850.0
10 ppm,2.772169167803547,850.0
10 ppm,2.779445202364711,850.0
10 ppm,2.7867212369258754,850.0
10 ppm,2.7939972714870396,850.0
10 ppm,2.801273306048204,850.0
10 ppm,2.808549340609368,850.0
10 ppm,2.8158253751705318,850.0
10 ppm,2.823101409731696,850.0
10 ppm,2.83037744429286,850.0
10 ppm,2.8376534788540244,850.0
10 ppm,2.8449295134151886,850.0
10 ppm,2.852205547976353,850.0
10 ppm,2.859481582537517,850.0
10 ppm,2.8667576170986813,850.0
10 ppm,2.8740336516598455,850.0
10 ppm,2.8813096862210092,850.0
10 ppm,2.8885857207821735,850.0
10 ppm,2.8958617553433377,850.0
10 ppm,2.903137789904502,850.0
10 ppm,2.910413824465666,850.0
10 ppm,2.9176898590268303,850.0
10 ppm,2.9249658935879945,850.0
10 ppm,2.9322419281491587,850.0
10 ppm,2.939517962710323,850.0
10 ppm,2.9467939972714867,850.0
10 ppm,2.954070031832651,850.0
10 ppm,2.961346066393815,850.0
10 ppm,2.9686221009549794,850.0
10 ppm,2.9758981355161436,850.0
10 ppm,2.983174170077308,850.0
10 ppm,2.990450204638472,850.0
10 ppm,2.997726239199636,850.0
10 ppm,3.0050022737608004,850.0
10 ppm,3.0122783083219646,850.0
10 ppm,3.0195543428831284,850.0
10 ppm,3.0268303774442926,850.0
10 ppm,3.034106412005457,850.0
10 ppm,3.041382446566621,850.0
10 ppm,3.0486584811277853,850.0
10 ppm,3.0559345156889495,850.0
10 ppm,3.0632105502501137,850.0
10 ppm,3.070486584811278,850.0
10 ppm,3.077762619372442,850.0
10 ppm,3.085038653933606,850.0
10 ppm,3.09231468849477,850.0
10 ppm,3.0995907230559343,850.0
10 ppm,3.1068667576170985,850.0
10 ppm,3.1141427921782627,850.0
10 ppm,3.121418826739427,850.0
10 ppm,3.128694861300591,850.0
10 ppm,3.1359708958617554,850.0
10 ppm,3.1432469304229196,850.0
10 ppm,3.1505229649840834,850.0
10 ppm,3.1577989995452476,850.0
10 ppm,3.1650750341064118,850.0
10 ppm,3.172351068667576,850.0
10 ppm,3.17962710322874,850.0
10 ppm,3.1869031377899044,850.0
10 ppm,3.1941791723510686,850.0
10 ppm,3.201455206912233,850.0
10 ppm,3.208731241473397,850.0
10 ppm,3.2160072760345613,850.0
10 ppm,3.223283310595725,850.0
10 ppm,3.2305593451568893,850.0
10 ppm,3.2378353797180535,850.0
10 ppm,3.2451114142792177,850.0
10 ppm,3.252387448840382,850.0
10 ppm,3.259663483401546,850.0
10 ppm,3.2669395179627103,850.0
10 ppm,3.2742155525238745,850.0
10 ppm,3.2814915870850387,850.0
10 ppm,3.2887676216462025,850.0
10 ppm,3.2960436562073667,850.0
10 ppm,3.303319690768531,850.0
10 ppm,3.310595725329695,850.0
10 ppm,3.3178717598908594,850.0
10 ppm,3.3251477944520236,850.0
10 ppm,3.332423829013188,850.0
10 ppm,3.339699863574352,850.0
10 ppm,3.346975898135516,850.0
10 ppm,3.35425193269668,850.0
10 ppm,3.361527967257844,850.0
10 ppm,3.3688040018190084,850.0
10 ppm,3.3760800363801726,850.0
10 ppm,3.383356070941337,850.0
10 ppm,3.390632105502501,850.0
10 ppm,3.3979081400636653,850.0
10 ppm,3.4051841746248295,850.0
10 ppm,3.4124602091859937,850.0
10 ppm,3.419736243747158,850.0
10 ppm,3.4270122783083217,850.0
10 ppm,3.434288312869486,850.0
10 ppm,3.44156434743065,850.0
10 ppm,3.4488403819918143,850.0
10 ppm,3.4561164165529785,850.0
10 ppm,3.4633924511141427,850.0
10 ppm,3.470668485675307,850.0
10 ppm,3.477944520236471,850.0
10 ppm,3.4852205547976354,850.0
10 ppm,3.492496589358799,850.0
10 ppm,3.4997726239199634,850.0
10 ppm,3.5070486584811276,850.0
10 ppm,3.514324693042292,850.0
10 ppm,3.521600727603456,850.0
10 ppm,3.52887676216462,850.0
10 ppm,3.5361527967257844,850.0
10 ppm,3.5434288312869486,850.0
10 ppm,3.550704865848113,850.0
10 ppm,3.5579809004092766,850.0
10 ppm,3.565256934970441,850.0
10 ppm,3.572532969531605,850.0
10 ppm,3.5798090040927693,850.0
10 ppm,3.5870850386539335,850.0
10 ppm,3.5943610732150977,850.0
10 ppm,3.601637107776262,850.0
10 ppm,3.608913142337426,850.0
10 ppm,3.6161891768985903,850.0
10 ppm,3.6234652114597545,850.0
10 ppm,3.6307412460209183,850.0
10 ppm,3.6380172805820825,850.0
10 ppm,3.6452933151432467,850.0
10 ppm,3.652569349704411,850.0
10 ppm,3.659845384265575,850.0
10 ppm,3.6671214188267394,850.0
10 ppm,3.6743974533879036,850.0
10 ppm,3.681673487949068,850.0
10 ppm,3.688949522510232,850.0
10 ppm,3.6962255570713958,850.0
10 ppm,3.70350159163256,850.0
10 ppm,3.710777626193724,850.0
10 ppm,3.7180536607548884,850.0
10 ppm,3.7253296953160526,850.0
10 ppm,3.732605729877217,850.0
10 ppm,3.739881764438381,850.0
10 ppm,3.7471577989995453,850.0
10 ppm,3.7544338335607095,850.0
10 ppm,3.7617098681218732,850.0
10 ppm,3.7689859026830375,850.0
10 ppm,3.7762619372442017,850.0
10 ppm,3.783537971805366,850.0
10 ppm,3.79081400636653,850.0
10 ppm,3.7980900409276943,850.0
10 ppm,3.8053660754888585,850.0
10 ppm,3.8126421100500227,850.0
10 ppm,3.819918144611187,850.0
10 ppm,3.8271941791723507,850.0
10 ppm,3.834470213733515,850.0
10 ppm,3.841746248294679,850.0
10 ppm,3.8490222828558434,850.0
10 ppm,3.8562983174170076,850.0
10 ppm,3.863574351978172,850.0
10 ppm,3.870850386539336,850.0
10 ppm,3.8781264211005,850.0
10 ppm,3.8854024556616644,850.0
10 ppm,3.8926784902228286,850.0
10 ppm,3.8999545247839924,850.0
10 ppm,3.9072305593451566,850.0
10 ppm,3.914506593906321,850.0
10 ppm,3.921782628467485,850.0
10 ppm,3.9290586630286493,850.0
10 ppm,3.9363346975898135,850.0
10 ppm,3.9436107321509777,850.0
10 ppm,3.950886766712142,850.0
10 ppm,3.958162801273306,850.0
10 ppm,3.96543883583447,850.0
10 ppm,3.972714870395634,850.0
10 ppm,3.9799909049567983,850.0
10 ppm,3.9872669395179625,850.0
10 ppm,3.9945429740791267,850.0
10 ppm,4.0018190086402905,850.0
10 ppm,4.009095043201455,850.0
10 ppm,4.016371077762619,850.0
10 ppm,4.023647112323784,850.0
10 ppm,4.030923146884947,850.0
10 ppm,4.038199181446112,850.0
10 ppm,4.045475216007276,850.0
10 ppm,4.05275125056844,850.0
10 ppm,4.060027285129604,850.0
10 ppm,4.067303319690768,850.0
10 ppm,4.074579354251933,850.0
10 ppm,4.081855388813096,850.0
10 ppm,4.089131423374261,850.0
10 ppm,4.096407457935425,850.0
10 ppm,4.1036834924965895,850.0
10 ppm,4.110959527057753,850.0
10 ppm,4.118235561618918,850.0
10 ppm,4.125511596180082,850.0
10 ppm,4.132787630741245,850.0
10 ppm,4.14006366530241,850.0
10 ppm,4.147339699863574,850.0
10 ppm,4.1546157344247385,850.0
10 ppm,4.161891768985902,850.0
10 ppm,4.169167803547067,850.0
10 ppm,4.176443838108231,850.0
10 ppm,4.183719872669395,850.0
10 ppm,4.190995907230559,850.0
10 ppm,4.198271941791724,850.0
10 ppm,4.205547976352888,850.0
10 ppm,4.212824010914051,850.0
10 ppm,4.220100045475216,850.0
10 ppm,4.22737608003638,850.0
10 ppm,4.234652114597544,850.0
10 ppm,4.241928149158708,850.0
10 ppm,4.249204183719873,850.0
10 ppm,4.256480218281037,850.0
10 ppm,4.263756252842201,850.0
10 ppm,4.271032287403365,850.0
10 ppm,4.278308321964529,850.0
10 ppm,4.2855843565256935,850.0
10 ppm,4.292860391086857,850.0
10 ppm,4.300136425648022,850.0
10 ppm,4.307412460209186,850.0
10 ppm,4.31468849477035,850.0
10 ppm,4.321964529331514,850.0
10 ppm,4.329240563892679,850.0
10 ppm,4.3365165984538425,850.0
10 ppm,4.343792633015006,850.0
10 ppm,4.351068667576171,850.0
10 ppm,4.358344702137335,850.0
10 ppm,4.365620736698499,850.0
10 ppm,4.372896771259663,850.0
10 ppm,4.380172805820828,850.0
10 ppm,4.387448840381992,850.0
10 ppm,4.394724874943156,850.0
10 ppm,4.40200090950432,850.0
10 ppm,4.409276944065484,850.0
10 ppm,4.416552978626648,850.0
10 ppm,4.423829013187812,850.0
10 ppm,4.431105047748977,850.0
10 ppm,4.438381082310141,850.0
10 ppm,4.445657116871305,850.0
10 ppm,4.452933151432469,850.0
10 ppm,4.460209185993634,850.0
10 ppm,4.4674852205547975,850.0
10 ppm,4.474761255115961,850.0
10 ppm,4.482037289677126,850.0
10 ppm,4.48931332423829,850.0
10 ppm,4.496589358799454,850.0
10 ppm,4.503865393360618,850.0
10 ppm,4.511141427921783,850.0
10 ppm,4.5184174624829465,850.0
10 ppm,4.525693497044111,850.0
10 ppm,4.532969531605275,850.0
10 ppm,4.540245566166439,850.0
10 ppm,4.547521600727603,850.0
10 ppm,4.554797635288767,850.0
10 ppm,4.562073669849932,850.0
10 ppm,4.569349704411096,850.0
10 ppm,4.57662573897226,850.0
10 ppm,4.583901773533424,850.0
10 ppm,4.591177808094589,850.0
10 ppm,4.598453842655752,850.0
10 ppm,4.605729877216917,850.0
10 ppm,4.613005911778081,850.0
10 ppm,4.620281946339245,850.0
10 ppm,4.627557980900409,850.0
10 ppm,4.634834015461573,850.0
10 ppm,4.642110050022738,850.0
10 ppm,4.6493860845839015,850.0
10 ppm,4.656662119145066,850.0
10 ppm,4.66393815370623,850.0
10 ppm,4.6712141882673945,850.0
10 ppm,4.678490222828558,850.0
10 ppm,4.685766257389722,850.0
10 ppm,4.693042291950887,850.0
10 ppm,4.7003183265120505,850.0
10 ppm,4.707594361073215,850.0
10 ppm,4.714870395634379,850.0
10 ppm,4.722146430195544,850.0
10 ppm,4.729422464756707,850.0
10 ppm,4.736698499317872,850.0
10 ppm,4.743974533879036,850.0
10 ppm,4.7512505684401996,850.0
10 ppm,4.758526603001364,850.0
10 ppm,4.765802637562528,850.0
10 ppm,4.773078672123693,850.0
10 ppm,4.780354706684856,850.0
10 ppm,4.787630741246021,850.0
10 ppm,4.794906775807185,850.0
10 ppm,4.8021828103683495,850.0
10 ppm,4.809458844929513,850.0
10 ppm,4.816734879490677,850.0
10 ppm,4.824010914051842,850.0
10 ppm,4.8312869486130054,850.0
10 ppm,4.83856298317417,850.0
10 ppm,4.845839017735334,850.0
10 ppm,4.8531150522964985,850.0
10 ppm,4.860391086857662,850.0
10 ppm,4.867667121418827,850.0
10 ppm,4.874943155979991,850.0
10 ppm,4.8822191905411545,850.0
10 ppm,4.889495225102319,850.0
10 ppm,4.896771259663483,850.0
10 ppm,4.904047294224648,850.0
10 ppm,4.911323328785811,850.0
10 ppm,4.918599363346976,850.0
10 ppm,4.92587539790814,850.0
10 ppm,4.933151432469304,850.0
10 ppm,4.940427467030468,850.0000000000001
10 ppm,4.947703501591632,850.0000000000001
10 ppm,4.954979536152797,850.0000000000002
10 ppm,4.96225557071396,850.0000000000005
10 ppm,4.969531605275125,850.0000000000008
10 ppm,4.976807639836289,850.0000000000014
10 ppm,4.9840836743974535,850.0000000000025
10 ppm,4.991359708958617,850.0000000000044
10 ppm,4.998635743519782,850.000000000008
10 ppm,5.005911778080946,850.0000000000142
10 ppm,5.013187812642109,850.0000000000252
10 ppm,5.020463847203274,850.0000000000447
10 ppm,5.027739881764438,850.0000000000784
10 ppm,5.0350159163256025,850.0000000001373
10 ppm,5.042291950886766,850.0000000002389
10 ppm,5.049567985447931,850.0000000004135
10 ppm,5.056844020009095,850.000000000712
10 ppm,5.064120054570259,850.0000000012194
10 ppm,5.071396089131423,850.0000000020775
10 ppm,5.078672123692588,850.0000000035207
10 ppm,5.085948158253752,850.0000000059349
10 ppm,5.093224192814915,850.0000000099517
10 ppm,5.10050022737608,850.0000000165991
10 ppm,5.107776261937244,850.0000000275406
10 ppm,5.115052296498408,850.000000045453
10 ppm,5.122328331059572,850.0000000746195
10 ppm,5.129604365620737,850.0000001218549
10 ppm,5.136880400181901,850.0000001979404
10 ppm,5.144156434743065,850.0000003198356
10 ppm,5.151432469304229,850.0000005140672
10 ppm,5.158708503865393,850.0000008218904
10 ppm,5.1659845384265575,850.0000013070995
10 ppm,5.173260572987721,850.0000020677797
10 ppm,5.180536607548886,850.0000032538736
10 ppm,5.18781264211005,850.0000050932841
10 ppm,5.195088676671214,850.0000079304156
10 ppm,5.202364711232378,850.0000122827271
10 ppm,5.209640745793543,850.0000189231954
10 ppm,5.2169167803547065,850.0000289997973
10 ppm,5.22419281491587,850.0000442075316
10 ppm,5.231468849477035,850.0000670345016
10 ppm,5.238744884038199,850.0001011116784
10 ppm,5.246020918599363,850.0001517068077
10 ppm,5.253296953160527,850.0002264173147
10 ppm,5.260572987721692,850.0003361359913
10 ppm,5.267849022282856,850.0004963879304
10 ppm,5.27512505684402,850.000729169048
10 ppm,5.282401091405184,850.001065457309
10 ppm,5.289677125966348,850.0015486194025
10 ppm,5.296953160527512,850.0022390003162
10 ppm,5.304229195088676,850.0032200634487
10 ppm,5.311505229649841,850.0046065471316
10 ppm,5.318781264211005,850.0065552223041
10 ppm,5.326057298772169,850.0092789780023
10 ppm,5.333333333333333,850.0130651283795
10 ppm,5.340609367894498,850.0182990284945
10 ppm,5.3478854024556615,850.0254943063895
10 ppm,5.355161437016825,850.0353312647238
10 ppm,5.36243747157799,850.0487052730336
10 ppm,5.369713506139154,850.0667872553437
10 ppm,5.376989540700318,850.0910986677554
10 ppm,5.384265575261482,850.123603642962
10 ppm,5.391541609822647,850.1668212347893
10 ppm,5.3988176443838105,850.2239609018119
10 ppm,5.406093678944975,850.2990844950682
10 ppm,5.413369713506139,850.3972980252208
10 ppm,5.420645748067303,850.5249763379763
10 ppm,5.427921782628467,850.690023477177
10 ppm,5.435197817189631,850.9021709134423
10 ppm,5.442473851750796,851.1733149121516
10 ppm,5.44974988631196,851.5178930593703
10 ppm,5.457025920873124,851.9532983152174
10 ppm,5.464301955434288,852.5003268886371
10 ppm,5.471577989995453,853.1836537088118
10 ppm,5.478854024556616,854.0323263112716
10 ppm,5.486130059117781,855.0802645935223
10 ppm,5.493406093678945,856.3667501915065
10 ppm,5.500682128240109,857.9368852888849
10 ppm,5.507958162801273,859.8419966426901
10 ppm,5.515234197362437,862.1399566823877
10 ppm,5.522510231923602,864.8953899491069
10 ppm,5.5297862664847655,868.1797301613888
10 ppm,5.53706230104593,872.0710911283039
10 ppm,5.544338335607094,876.653913904476
10 ppm,5.5516143701682585,882.018353321923
10 ppm,5.558890404729422,888.2593696508109
10 ppm,5.566166439290586,895.4754959047169
10 ppm,5.573442473851751,903.7672584183088
10 ppm,5.5807185084129145,913.2352378954888
10 ppm,5.587994542974079,923.9777701432881
10 ppm,5.595270577535243,936.0883000178629
10 ppm,5.602546612096408,949.6524184007443
10 ppm,5.609822646657571,964.7446298126058
10 ppm,5.617098681218736,981.4249169054685
10 ppm,5.6243747157799,999.735186740662
10 ppm,5.6316507503410635,1019.6957015138807
10 ppm,5.638926784902228,1041.301612187648
10 ppm,5.646202819463392,1064.5197262465224
10 ppm,5.653478854024557,1089.2856494253429
10 ppm,5.66075488858572,1115.5014447812964
10 ppm,5.668030923146885,1143.0339500464313
10 ppm,5.675306957708049,1171.713885192482
10 ppm,5.6825829922692135,1201.3358662406508
10 ppm,5.689859026830377,1231.6594185746605
10 ppm,5.697135061391541,1262.411053769053
10 ppm,5.704411095952706,1293.2874390261009
10 ppm,5.7116871305138694,1323.9596489148053
10 ppm,5.718963165075034,1354.078446768993
10 ppm,5.726239199636198,1383.2804996668187
10 ppm,5.7335152341973625,1411.1953884272684
10 ppm,5.740791268758526,1437.4532346663775
10 ppm,5.748067303319691,1461.6927327844055
10 ppm,5.755343337880855,1483.5693477830005
10 ppm,5.7626193724420185,1502.7634217437576
10 ppm,5.769895407003183,1518.9879239498378
10 ppm,5.777171441564347,1531.9955828281397
10 ppm,5.784447476125512,1541.585152400196
10 ppm,5.791723510686675,1547.6065914309752
10 ppm,5.79899954524784,1549.964969036689
10 ppm,5.806275579809004,1548.6229546781124
10 ppm,5.813551614370168,1543.601801264327
10 ppm,5.820827648931332,1534.9807851843748
10 ppm,5.828103683492496,1522.8951238860463
10 ppm,5.835379718053661,1507.5324474483405
10 ppm,5.842655752614824,1489.1279528195323
10 ppm,5.849931787175989,1467.958415595936
10 ppm,5.857207821737153,1444.3352723209914
10 ppm,5.8644838562983175,1418.5970146709956
10 ppm,5.871759890859481,1391.1011544848764
10 ppm,5.879035925420646,1362.216024900479
10 ppm,5.88631195998181,1332.3126779880586
10 ppm,5.893587994542973,1301.7571239017216
10 ppm,5.900864029104138,1270.9031318910318
10 ppm,5.908140063665302,1240.0857811352112
10 ppm,5.9154160982264665,1209.6159111973714
10 ppm,5.92269213278763,1179.775580044905
10 ppm,5.929968167348795,1150.8145941976925
10 ppm,5.937244201909959,1122.948132733754
10 ppm,5.944520236471123,1096.3554465064165
10 ppm,5.951796271032287,1071.1795776418896
10 ppm,5.959072305593452,1047.5280134829106
10 ppm,5.966348340154616,1025.4741645334252
10 ppm,5.973624374715779,1005.0595381514263
10 ppm,5.980900409276944,986.2964688552122
10 ppm,5.988176443838108,969.1712619172193
10 ppm,5.995452478399272,953.6476088781257
10 ppm,6.002728512960436,939.6701409364186
10 ppm,6.010004547521601,927.1679978955646
10 ppm,6.017280582082765,916.0583054221768
10 ppm,6.024556616643929,906.2494706917026
10 ppm,6.031832651205093,897.6442250129298
10 ppm,6.039108685766257,890.1423607522664
10 ppm,6.0463847203274215,883.6431279723504
10 ppm,6.053660754888585,878.047272958484
10 ppm,6.06093678944975,873.2587157004986
10 ppm,6.068212824010914,869.1858760675158
10 ppm,6.075488858572078,865.7426686628262
10 ppm,6.082764893133242,862.8491941281335
10 ppm,6.090040927694407,860.4321600590648
10 ppm,6.0973169622555705,858.4250678767995
10 ppm,6.104592996816734,856.768203227476
10 ppm,6.111869031377899,855.4084670532801
10 ppm,6.119145065939063,854.2990827215813
10 ppm,6.126421100500227,853.3992118381967
10 ppm,6.133697135061391,852.6735079195275
10 ppm,6.140973169622556,852.0916332391115
10 ppm,6.14824920418372,851.627760142833
10 ppm,6.155525238744884,851.2600741466921
10 ppm,6.162801273306048,850.9702923505438
10 ppm,6.170077307867212,850.7432072362866
10 ppm,6.177353342428376,850.5662628456033
10 ppm,6.18462937698954,850.4291676915126
10 ppm,6.191905411550705,850.3235465614538
10 ppm,6.199181446111869,850.2426316059288
10 ppm,6.206457480673033,850.1809917471323
10 ppm,6.213733515234197,850.1342984460363
10 ppm,6.221009549795362,850.099125186665
10 ppm,6.2282855843565255,850.0727776225681
10 ppm,6.235561618917689,850.0531511329324
10 ppm,6.242837653478854,850.0386125072919
10 ppm,6.250113688040018,850.0279025757674
10 ppm,6.257389722601182,850.0200567889406
10 ppm,6.264665757162346,850.0143409964479
10 ppm,6.271941791723511,850.0101999505808
10 ppm,6.2792178262846745,850.0072163505605
10 ppm,6.286493860845839,850.0050785296564
10 ppm,6.293769895407003,850.0035551602284
10 ppm,6.301045929968167,850.002475604026
10 ppm,6.308321964529331,850.0017147625786
10 ppm,6.315597999090495,850.0011814834155
10 ppm,6.32287403365166,850.0008097520905
10 ppm,6.3301500682128236,850.0005520486363
10 ppm,6.337426102773988,850.0003743720525
10 ppm,6.344702137335152,850.0002525400809
10 ppm,6.351978171896317,850.0001694564193
10 ppm,6.35925420645748,850.0001131062363
10 ppm,6.366530241018645,850.0000750958421
10 ppm,6.373806275579809,850.0000495959312
10 ppm,6.381082310140973,850.0000325819461
10 ppm,6.388358344702137,850.000021291625
10 ppm,6.395634379263301,850.0000138401696
10 ppm,6.402910413824466,850.0000089490067
10 ppm,6.4101864483856295,850.0000057558447
10 ppm,6.417462482946794,850.0000036825115
10 ppm,6.424738517507958,850.0000023435811
10 ppm,6.4320145520691225,850.0000014835995
10 ppm,6.439290586630286,850.0000009342308
10 ppm,6.44656662119145,850.000000585184
10 ppm,6.453842655752615,850.0000003646126
10 ppm,6.4611186903137785,850.0000002259808
10 ppm,6.468394724874943,850.0000001393196
10 ppm,6.475670759436107,850.0000000854385
10 ppm,6.482946793997272,850.000000052119
10 ppm,6.490222828558435,850.0000000316256
10 ppm,6.4974988631196,850.000000019089
10 ppm,6.504774897680764,850.0000000114611
10 ppm,6.5120509322419275,850.000000006845
10 ppm,6.519326966803092,850.0000000040665
10 ppm,6.526603001364256,850.0000000024031
10 ppm,6.533879035925421,850.0000000014126
10 ppm,6.541155070486584,850.0000000008259
10 ppm,6.548431105047749,850.0000000004804
10 ppm,6.555707139608913,850.000000000278
10 ppm,6.5629831741700775,850.00000000016
10 ppm,6.570259208731241,850.0000000000915
10 ppm,6.577535243292405,850.0000000000522
10 ppm,6.58481127785357,850.0000000000296
10 ppm,6.5920873124147334,850.0000000000166
10 ppm,6.599363346975898,850.0000000000093
10 ppm,6.606639381537062,850.0000000000052
10 ppm,6.6139154160982265,850.0000000000028
10 ppm,6.62119145065939,850.0000000000016
10 ppm,6.628467485220555,850.0000000000009
10 ppm,6.635743519781719,850.0000000000005
10 ppm,6.6430195543428825,850.0000000000002
10 ppm,6.650295588904047,850.0000000000001
10 ppm,6.657571623465211,850.0000000000001
10 ppm,6.664847658026376,850.0
10 ppm,6.672123692587539,850.0
10 ppm,6.679399727148704,850.0
10 ppm,6.686675761709868,850.0
10 ppm,6.693951796271032,850.0
10 ppm,6.701227830832196,850.0
10 ppm,6.70850386539336,850.0
10 ppm,6.715779899954525,850.0
10 ppm,6.723055934515688,850.0
10 ppm,6.730331969076853,850.0
10 ppm,6.737608003638017,850.0
10 ppm,6.7448840381991815,850.0
10 ppm,6.752160072760345,850.0
10 ppm,6.75943610732151,850.0
10 ppm,6.766712141882674,850.0
10 ppm,6.773988176443837,850.0
10 ppm,6.781264211005002,850.0
10 ppm,6.788540245566166,850.0
10 ppm,6.7958162801273305,850.0
10 ppm,6.803092314688494,850.0
10 ppm,6.810368349249659,850.0
10 ppm,6.817644383810823,850.0
10 ppm,6.824920418371987,850.0
10 ppm,6.832196452933151,850.0
10 ppm,6.839472487494316,850.0
10 ppm,6.84674852205548,850.0
10 ppm,6.854024556616643,850.0
10 ppm,6.861300591177808,850.0
10 ppm,6.868576625738972,850.0
10 ppm,6.875852660300136,850.0
10 ppm,6.8831286948613,850.0
10 ppm,6.890404729422465,850.0
10 ppm,6.897680763983629,850.0
10 ppm,6.904956798544793,850.0
10 ppm,6.912232833105957,850.0
10 ppm,6.919508867667121,850.0
10 ppm,6.9267849022282855,850.0
10 ppm,6.934060936789449,850.0
10 ppm,6.941336971350614,850.0
10 ppm,6.948613005911778,850.0
10 ppm,6.955889040472942,850.0
10 ppm,6.963165075034106,850.0
10 ppm,6.970441109595271,850.0
10 ppm,6.9777171441564345,850.0
10 ppm,6.984993178717598,850.0
10 ppm,6.992269213278763,850.0
10 ppm,6.999545247839927,850.0
10 ppm,7.006821282401091,850.0
10 ppm,7.014097316962255,850.0
10 ppm,7.02137335152342,850.0
10 ppm,7.028649386084584,850.0
10 ppm,7.035925420645748,850.0
10 ppm,7.043201455206912,850.0
10 ppm,7.050477489768076,850.0
10 ppm,7.05775352432924,850.0
10 ppm,7.065029558890404,850.0
10 ppm,7.072305593451569,850.0
10 ppm,7.079581628012733,850.0
10 ppm,7.086857662573897,850.0
10 ppm,7.094133697135061,850.0
10 ppm,7.101409731696226,850.0
10 ppm,7.1086857662573895,850.0
10 ppm,7.115961800818553,850.0
10 ppm,7.123237835379718,850.0
10 ppm,7.130513869940882,850.0
10 ppm,7.137789904502046,850.0
10 ppm,7.14506593906321,850.0
10 ppm,7.152341973624375,850.0
10 ppm,7.1596180081855385,850.0
10 ppm,7.166894042746703,850.0
10 ppm,7.174170077307867,850.0
10 ppm,7.181446111869031,850.0
10 ppm,7.188722146430195,850.0
10 ppm,7.195998180991359,850.0
10 ppm,7.203274215552524,850.0
10 ppm,7.2105502501136876,850.0
10 ppm,7.217826284674852,850.0
10 ppm,7.225102319236016,850.0
10 ppm,7.232378353797181,850.0
10 ppm,7.239654388358344,850.0
10 ppm,7.246930422919509,850.0
10 ppm,7.254206457480673,850.0
10 ppm,7.261482492041837,850.0
10 ppm,7.268758526603001,850.0
10 ppm,7.276034561164165,850.0
10 ppm,7.28331059572533,850.0
10 ppm,7.2905866302864935,850.0
10 ppm,7.297862664847658,850.0
10 ppm,7.305138699408822,850.0
10 ppm,7.3124147339699865,850.0
10 ppm,7.31969076853115,850.0
10 ppm,7.326966803092314,850.0
10 ppm,7.334242837653479,850.0
10 ppm,7.3415188722146425,850.0
10 ppm,7.348794906775807,850.0
10 ppm,7.356070941336971,850.0
10 ppm,7.363346975898136,850.0
10 ppm,7.370623010459299,850.0
10 ppm,7.377899045020464,850.0
10 ppm,7.385175079581628,850.0
10 ppm,7.3924511141427915,850.0
10 ppm,7.399727148703956,850.0
10 ppm,7.40700318326512,850.0
10 ppm,7.414279217826285,850.0
10 ppm,7.421555252387448,850.0
10 ppm,7.428831286948613,850.0
10 ppm,7.436107321509777,850.0
10 ppm,7.4433833560709415,850.0
10 ppm,7.450659390632105,850.0
10 ppm,7.457935425193269,850.0
10 ppm,7.465211459754434,850.0
10 ppm,7.4724874943155974,850.0
10 ppm,7.479763528876762,850.0
10 ppm,7.487039563437926,850.0
10 ppm,7.4943155979990905,850.0
10 ppm,7.501591632560254,850.0
10 ppm,7.508867667121419,850.0
10 ppm,7.516143701682583,850.0
10 ppm,7.5234197362437465,850.0
10 ppm,7.530695770804911,850.0
10 ppm,7.537971805366075,850.0
10 ppm,7.54524783992724,850.0
10 ppm,7.552523874488403,850.0
10 ppm,7.559799909049568,850.0
10 ppm,7.567075943610732,850.0
10 ppm,7.574351978171896,850.0
10 ppm,7.58162801273306,850.0
10 ppm,7.588904047294224,850.0
10 ppm,7.596180081855389,850.0
10 ppm,7.603456116416552,850.0
10 ppm,7.610732150977717,850.0
10 ppm,7.618008185538881,850.0
10 ppm,7.6252842201000455,850.0
10 ppm,7.632560254661209,850.0
10 ppm,7.639836289222374,850.0
10 ppm,7.647112323783538,850.0
10 ppm,7.654388358344701,850.0
10 ppm,7.661664392905866,850.0
10 ppm,7.66894042746703,850.0
10 ppm,7.6762164620281945,850.0
10 ppm,7.683492496589358,850.0
10 ppm,7.690768531150523,850.0
10 ppm,7.698044565711687,850.0
10 ppm,7.705320600272851,850.0
10 ppm,7.712596634834015,850.0
10 ppm,7.71987266939518,850.0
10 ppm,7.727148703956344,850.0
10 ppm,7.734424738517507,850.0
10 ppm,7.741700773078672,850.0
10 ppm,7.748976807639836,850.0
10 ppm,7.756252842201,850.0
10 ppm,7.763528876762164,850.0
10 ppm,7.770804911323329,850.0
10 ppm,7.778080945884493,850.0
10 ppm,7.785356980445657,850.0
10 ppm,7.792633015006821,850.0
10 ppm,7.799909049567985,850.0
10 ppm,7.8071850841291495,850.0
10 ppm,7.814461118690313,850.0
10 ppm,7.821737153251478,850.0
10 ppm,7.829013187812642,850.0
10 ppm,7.836289222373806,850.0
10 ppm,7.84356525693497,850.0
10 ppm,7.850841291496135,850.0
10 ppm,7.8581173260572985,850.0
10 ppm,7.865393360618462,850.0
10 ppm,7.872669395179627,850.0
10 ppm,7.879945429740791,850.0
10 ppm,7.887221464301955,850.0
10 ppm,7.894497498863119,850.0
10 ppm,7.901773533424284,850.0
10 ppm,7.909049567985448,850.0
10 ppm,7.916325602546612,850.0
10 ppm,7.923601637107776,850.0
10 ppm,7.93087767166894,850.0
10 ppm,7.938153706230104,850.0
10 ppm,7.945429740791268,850.0
10 ppm,7.952705775352433,850.0
10 ppm,7.959981809913597,850.0
10 ppm,7.967257844474761,850.0
10 ppm,7.974533879035925,850.0
10 ppm,7.98180991359709,850.0
10 ppm,7.9890859481582535,850.0
10 ppm,7.996361982719417,850.0
10 ppm,8.003638017280581,850.0
10 ppm,8.010914051841747,850.0
10 ppm,8.01819008640291,850.0
10 ppm,8.025466120964074,850.0
10 ppm,8.032742155525238,850.0
10 ppm,8.040018190086403,850.0
10 ppm,8.047294224647567,850.0
10 ppm,8.054570259208731,850.0
10 ppm,8.061846293769895,850.0
10 ppm,8.069122328331058,850.0
10 ppm,8.076398362892224,850.0
10 ppm,8.083674397453388,850.0
10 ppm,8.090950432014552,850.0000000000001
10 ppm,8.098226466575715,850.0000000000001
10 ppm,8.10550250113688,850.0000000000001
10 ppm,8.112778535698045,850.0000000000002
10 ppm,8.120054570259208,850.0000000000005
10 ppm,8.127330604820372,850.0000000000007
10 ppm,8.134606639381536,850.000000000001
10 ppm,8.141882673942701,850.0000000000016
10 ppm,8.149158708503865,850.0000000000026
10 ppm,8.156434743065029,850.0000000000041
10 ppm,8.163710777626193,850.0000000000064
10 ppm,8.170986812187358,850.0000000000099
10 ppm,8.178262846748522,850.0000000000155
10 ppm,8.185538881309686,850.0000000000239
10 ppm,8.19281491587085,850.000000000037
10 ppm,8.200090950432013,850.000000000057
10 ppm,8.207366984993179,850.0000000000874
10 ppm,8.214643019554343,850.0000000001338
10 ppm,8.221919054115506,850.0000000002043
10 ppm,8.22919508867667,850.0000000003107
10 ppm,8.236471123237836,850.0000000004712
10 ppm,8.243747157799,850.0000000007124
10 ppm,8.251023192360163,850.0000000010737
10 ppm,8.258299226921327,850.0000000016129
10 ppm,8.26557526148249,850.0000000024155
10 ppm,8.272851296043656,850.0000000036061
10 ppm,8.28012733060482,850.0000000053668
10 ppm,8.287403365165984,850.0000000079623
10 ppm,8.294679399727148,850.0000000117758
10 ppm,8.301955434288313,850.0000000173615
10 ppm,8.309231468849477,850.0000000255166
10 ppm,8.31650750341064,850.000000037385
10 ppm,8.323783537971805,850.0000000546023
10 ppm,8.33105957253297,850.0000000794996
10 ppm,8.338335607094134,850.0000001153874
10 ppm,8.345611641655298,850.0000001669517
10 ppm,8.352887676216461,850.0000002408037
10 ppm,8.360163710777625,850.0000003462383
10 ppm,8.36743974533879,850.0000004962795
10 ppm,8.374715779899955,850.000000709116
10 ppm,8.381991814461118,850.0000010100612
10 ppm,8.389267849022282,850.0000014342261
10 ppm,8.396543883583448,850.0000020301452
10 ppm,8.403819918144611,850.0000028646801
10 ppm,8.411095952705775,850.0000040296255
10 ppm,8.418371987266939,850.0000056505769
10 ppm,8.425648021828103,850.0000078987873
10 ppm,8.432924056389268,850.0000110069651
10 ppm,8.440200090950432,850.0000152902397
10 ppm,8.447476125511596,850.0000211738842
10 ppm,8.45475216007276,850.0000292298314
10 ppm,8.462028194633925,850.0000402245897
10 ppm,8.469304229195089,850.0000551818772
10 ppm,8.476580263756253,850.0000754641794
10 ppm,8.483856298317416,850.0001028785356
10 ppm,8.49113233287858,850.0001398132172
10 ppm,8.498408367439746,850.000189413627
10 ppm,8.50568440200091,850.0002558077791
10 ppm,8.512960436562073,850.000344394185
10 ppm,8.520236471123237,850.0004622079474
10 ppm,8.527512505684403,850.0006183844255
10 ppm,8.534788540245566,850.0008247440921
10 ppm,8.54206457480673,850.0010965272257
10 ppm,8.549340609367894,850.0014533130093
10 ppm,8.556616643929058,850.0019201645115
10 ppm,8.563892678490223,850.0025290490493
10 ppm,8.571168713051387,850.0033205926447
10 ppm,8.57844474761255,850.0043462378209
10 ppm,8.585720782173714,850.005670885879
10 ppm,8.59299681673488,850.0073761181462
10 ppm,8.600272851296044,850.0095641054742
10 ppm,8.607548885857208,850.0123623315039
10 ppm,8.614824920418371,850.0159292727838
10 ppm,8.622100954979535,850.0204611975992
10 ppm,8.6293769895407,850.0262002650804
10 ppm,8.636653024101864,850.0334441264603
10 ppm,8.643929058663028,850.0425572507636
10 ppm,8.651205093224192,850.0539842171243
10 ppm,8.658481127785358,850.0682652345464
10 ppm,8.665757162346521,850.0860541663261
10 ppm,8.673033196907685,850.1081393493795
10 ppm,8.680309231468849,850.135467507078
10 ppm,8.687585266030013,850.16917105635
10 ppm,8.694861300591178,850.2105991040893
10 ppm,8.702137335152342,850.2613524124592
10 ppm,8.709413369713506,850.3233225855137
10 ppm,8.71668940427467,850.3987356885875
10 ppm,8.723965438835835,850.4902004550466
10 ppm,8.731241473396999,850.6007611601332
10 ppm,8.738517507958163,850.7339551468809
10 ppm,8.745793542519326,850.8938748726637
10 ppm,8.75306957708049,851.0852342055393
10 ppm,8.760345611641656,851.3134385362698
10 ppm,8.76762164620282,851.5846580844901
10 ppm,8.774897680763983,851.9059035664843
10 ppm,8.782173715325147,852.2851031588671
10 ppm,8.789449749886312,852.7311794396746
10 ppm,8.796725784447476,853.2541247196816
10 ppm,8.80400181900864,853.8650728972007
10 ppm,8.811277853569804,854.5763656856318
10 ppm,8.818553888130968,855.4016107824582
10 ppm,8.825829922692133,856.3557292804976
10 ppm,8.833105957253297,857.4549893776265
10 ppm,8.84038199181446,858.7170232316923
10 ppm,8.847658026375624,860.1608236456823
10 ppm,8.85493406093679,861.8067171678942
10 ppm,8.862210095497954,863.6763101665725
10 ppm,8.869486130059117,865.7924045018383
10 ppm,8.876762164620281,868.1788795826005
10 ppm,8.884038199181445,870.8605378741294
10 ppm,8.89131423374261,873.862911322718
10 ppm,8.898590268303774,877.212026694454
10 ppm,8.905866302864938,880.9341284893866
10 ppm,8.913142337426102,885.055358890175
10 ppm,8.920418371987267,889.6013951311662
10 ppm,8.927694406548431,894.5970457201664
10 ppm,8.934970441109595,900.0658080962179
10 ppm,8.942246475670759,906.0293915420315
10 ppm,8.949522510231922,912.5072104636774
10 ppm,8.956798544793088,919.5158544714635
10 ppm,8.964074579354252,927.0685430087929
10 ppm,8.971350613915416,935.1745735401825
10 ppm,8.97862664847658,943.8387734822062
10 ppm,8.985902683037745,953.0609670969869
10 ppm,8.993178717598909,962.8354694210532
10 ppm,9.000454752160072,973.1506199284682
10 ppm,9.007730786721236,983.9883689839784
10 ppm,9.0150068212824,995.3239301924606
10 ppm,9.022282855843565,1007.1255114639017
10 ppm,9.02955889040473,1019.3541369657339
10 ppm,9.036834924965893,1031.9635711133278
10 ppm,9.044110959527057,1044.9003543522692
10 ppm,9.051386994088222,1058.1039587227824
10 ppm,9.058663028649386,1071.5070690892692
10 ppm,9.06593906321055,1085.0359935019815
10 ppm,9.073215097771714,1098.6112034807588
10 ppm,9.080491132332877,1112.1480021325674
10 ppm,9.087767166894043,1125.5573150049943
10 ppm,9.095043201455207,1138.746595515935
10 ppm,9.10231923601637,1151.6208337707872
10 ppm,9.109595270577534,1164.0836546714677
10 ppm,9.1168713051387,1176.0384885270075
10 ppm,9.124147339699864,1187.3897949808504
10 ppm,9.131423374261027,1198.0443190582198
10 ppm,9.138699408822191,1207.912356581705
10 ppm,9.145975443383355,1216.9090051674987
10 ppm,9.15325147794452,1224.9553765466155
10 ppm,9.160527512505684,1231.9797460872835
10 ppm,9.167803547066848,1237.9186161406922
10 ppm,9.175079581628012,1242.7176711874338
10 ppm,9.182355616189177,1246.3326047023722
10 ppm,9.189631650750341,1248.72980013795
10 ppm,9.196907685311505,1249.886851389324
10 ppm,9.204183719872669,1249.7929114720564
10 ppm,9.211459754433834,1248.4488618238604
10 ppm,9.218735788994998,1245.8672985347653
10 ppm,9.226011823556162,1242.0723358065356
10 ppm,9.233287858117325,1237.0992309302374
10 ppm,9.24056389267849,1230.993838938665
10 ppm,9.247839927239655,1223.811908730319
10 ppm,9.255115961800819,1215.6182357738764
10 ppm,9.262391996361982,1206.4856893977994
10 ppm,9.269668030923146,1196.4941350742681
10 ppm,9.276944065484312,1185.7292739614343
10 ppm,9.284220100045475,1174.2814232329333
10 ppm,9.29149613460664,1162.2442613772057
10 ppm,9.298772169167803,1149.7135626897812
10 ppm,9.306048203728967,1136.785944625914
10 ppm,9.313324238290132,1123.5576505638278
10 ppm,9.320600272851296,1110.1233889009168
10 ppm,9.32787630741246,1096.5752473309694
10 ppm,9.335152341973624,1083.0016987056083
10 ppm,9.342428376534789,1069.4867121508105
10 ppm,9.349704411095953,1056.1089801785213
10 ppm,9.356980445657117,1042.9412694937164
10 ppm,9.36425648021828,1030.049900138034
10 ppm,9.371532514779444,1017.4943546163055
10 ppm,9.37880854934061,1005.3270158000419
10 ppm,9.386084583901773,993.593029760576
10 ppm,9.393360618462937,982.3302873120302
10 ppm,9.400636653024101,971.5695159867249
10 ppm,9.407912687585267,961.3344724560111
10 ppm,9.41518872214643,951.6422240685919
10 ppm,9.422464756707594,942.5035072137282
10 ppm,9.429740791268758,933.9231496245692
10 ppm,9.437016825829922,925.9005435020501
10 ppm,9.444292860391087,918.4301564384336
10 ppm,9.451568894952251,911.5020675193562
10 ppm,9.458844929513415,905.1025166460881
10 ppm,9.466120964074578,899.2144560032897
10 ppm,9.473396998635744,893.8180936567253
10 ppm,9.480673033196908,888.8914204546903
10 ppm,9.487949067758072,884.4107126811869
10 ppm,9.495225102319235,880.3510042255252
10 ppm,9.502501136880399,876.6865233524034
10 ppm,9.509777171441565,873.3910904435265
10 ppm,9.517053206002728,870.4384743060688
10 ppm,9.524329240563892,867.802705779735
10 ppm,9.531605275125056,865.4583484034387
10 ppm,9.538881309686221,863.3807268105477
10 ppm,9.546157344247385,861.5461142996315
10 ppm,9.553433378808549,859.9318816717355
10 ppm,9.560709413369713,858.5166099360158
10 ppm,9.567985447930877,857.2801698673657
10 ppm,9.575261482492042,856.203771660017
10 ppm,9.582537517053206,855.2699880699679
10 ppm,9.58981355161437,854.4627544882984
10 ppm,9.597089586175533,853.7673493500353
10 ppm,9.604365620736699,853.1703581728185
10 ppm,9.611641655297863,852.6596243499631
10 ppm,9.618917689859027,852.2241896069443
10 ppm,9.62619372442019,851.8542267815258
10 ppm,9.633469758981354,851.5409673173174
10 ppm,9.64074579354252,851.2766255789027
10 ppm,9.648021828103683,851.0543218128934
10 ppm,9.655297862664847,850.8680053009576
10 ppm,9.662573897226011,850.7123789842811
10 ppm,9.669849931787176,850.5828265888629
10 ppm,9.67712596634834,850.475343051075
10 ppm,9.684402000909504,850.386468835376
10 ppm,9.691678035470668,850.3132285522651
10 ppm,9.698954070031832,850.2530741248976
10 ppm,9.706230104592997,850.2038326168984
10 ppm,9.71350613915416,850.1636587208446
10 ppm,9.720782173715325,850.1309918152284
10 ppm,9.728058208276488,850.1045174256843
10 ppm,9.735334242837654,850.0831328719214
10 ppm,9.742610277398818,850.0659168430336
10 ppm,9.749886311959981,850.0521026185884
10 ppm,9.757162346521145,850.0410546390184
10 ppm,9.764438381082309,850.0322481244226
10 ppm,9.771714415643475,850.0252514440753
10 ppm,9.778990450204638,850.0197109480845
10 ppm,9.786266484765802,850.0153379862622
10 ppm,9.793542519326966,850.0118978560628
10 ppm,9.800818553888131,850.0092004403216
10 ppm,9.808094588449295,850.0070923155588
10 ppm,9.815370623010459,850.0054501320407
10 ppm,9.822646657571623,850.0041750870369
10 ppm,9.829922692132786,850.0031883322993
10 ppm,9.837198726693952,850.0024271753892
10 ppm,9.844474761255116,850.0018419518649
10 ppm,9.85175079581628,850.0013934613568
10 ppm,9.859026830377443,850.0010508751392
10 ppm,9.866302864938609,850.0007900359287
10 ppm,9.873578899499773,850.000592082333
10 ppm,9.880854934060936,850.0004423406975
10 ppm,9.8881309686221,850.000329436132
10 ppm,9.895407003183264,850.0002445823411
10 ppm,9.90268303774443,850.0001810166408
10 ppm,9.909959072305593,850.0001335523211
10 ppm,9.917235106866757,850.0000982254247
10 ppm,9.92451114142792,850.0000720171493
10 ppm,9.931787175989086,850.0000526365569
10 ppm,9.93906321055025,850.0000383511644
10 ppm,9.946339245111414,850.0000278553855
10 ppm,9.953615279672578,850.000020168766
10 ppm,9.960891314233741,850.0000145575743
10 ppm,9.968167348794907,850.0000104746192
10 ppm,9.97544338335607,850.0000075132356
10 ppm,9.982719417917234,850.0000053722387
10 ppm,9.989995452478398,850.000003829333
10 ppm,9.997271487039564,850.0000027210123
10 ppm,10.004547521600728,850.0000019274247
10 ppm,10.011823556161891,850.0000013610179
10 ppm,10.019099590723055,850.0000009580536
10 ppm,10.026375625284219,850.000000672288
10 ppm,10.033651659845384,850.0000004702842
10 ppm,10.040927694406548,850.000000327948
10 ppm,10.048203728967712,850.000000227976
10 ppm,10.055479763528876,850.0000001579839
10 ppm,10.062755798090041,850.000000109138
10 ppm,10.070031832651205,850.0000000751586
10 ppm,10.077307867212369,850.0000000515965
10 ppm,10.084583901773533,850.0000000353104
10 ppm,10.091859936334698,850.0000000240893
10 ppm,10.099135970895862,850.0000000163827
10 ppm,10.106412005457026,850.0000000111067
10 ppm,10.11368804001819,850.0000000075063
10 ppm,10.120964074579353,850.0000000050571
10 ppm,10.128240109140519,850.0000000033964
10 ppm,10.135516143701683,850.000000002274
10 ppm,10.142792178262846,850.0000000015177
10 ppm,10.15006821282401,850.0000000010098
10 ppm,10.157344247385176,850.0000000006697
10 ppm,10.16462028194634,850.0000000004428
10 ppm,10.171896316507503,850.0000000002918
10 ppm,10.179172351068667,850.0000000001918
10 ppm,10.18644838562983,850.0000000001256
10 ppm,10.193724420190996,850.000000000082
10 ppm,10.20100045475216,850.0000000000534
10 ppm,10.208276489313324,850.0000000000347
10 ppm,10.215552523874488,850.0000000000224
10 ppm,10.222828558435653,850.0000000000144
10 ppm,10.230104592996817,850.0000000000093
10 ppm,10.23738062755798,850.0000000000059
10 ppm,10.244656662119144,850.0000000000038
10 ppm,10.251932696680308,850.0000000000024
10 ppm,10.259208731241474,850.0000000000016
10 ppm,10.266484765802637,850.000000000001
10 ppm,10.273760800363801,850.0000000000006
10 ppm,10.281036834924965,850.0000000000003
10 ppm,10.28831286948613,850.0000000000002
10 ppm,10.295588904047294,850.0000000000001
10 ppm,10.302864938608458,850.0000000000001
10 ppm,10.310140973169622,850.0000000000001
10 ppm,10.317417007730786,850.0
10 ppm,10.324693042291951,850.0
10 ppm,10.331969076853115,850.0
10 ppm,10.339245111414279,850.0
10 ppm,10.346521145975442,850.0
10 ppm,10.353797180536608,850.0
10 ppm,10.361073215097772,850.0
10 ppm,10.368349249658936,850.0
10 ppm,10.3756252842201,850.0
10 ppm,10.382901318781263,850.0
10 ppm,10.390177353342429,850.0
10 ppm,10.397453387903592,850.0
10 ppm,10.404729422464756,850.0
10 ppm,10.41200545702592,850.0
10 ppm,10.419281491587085,850.0
10 ppm,10.42655752614825,850.0
10 ppm,10.433833560709413,850.0
10 ppm,10.441109595270577,850.0
10 ppm,10.44838562983174,850.0
10 ppm,10.455661664392906,850.0
10 ppm,10.46293769895407,850.0
10 ppm,10.470213733515234,850.0
10 ppm,10.477489768076397,850.0
10 ppm,10.484765802637563,850.0
10 ppm,10.492041837198727,850.0
10 ppm,10.49931787175989,850.0
10 ppm,10.506593906321054,850.0
10 ppm,10.513869940882218,850.0
10 ppm,10.521145975443384,850.0
10 ppm,10.528422010004547,850.0
10 ppm,10.535698044565711,850.0
10 ppm,10.542974079126875,850.0
10 ppm,10.55025011368804,850.0
10 ppm,10.557526148249204,850.0
10 ppm,10.564802182810368,850.0
10 ppm,10.572078217371532,850.0
10 ppm,10.579354251932696,850.0
10 ppm,10.586630286493861,850.0
10 ppm,10.593906321055025,850.0
10 ppm,10.601182355616189,850.0
10 ppm,10.608458390177352,850.0
10 ppm,10.615734424738518,850.0
10 ppm,10.623010459299682,850.0
10 ppm,10.630286493860845,850.0
10 ppm,10.63756252842201,850.0
10 ppm,10.644838562983173,850.0
10 ppm,10.652114597544339,850.0
10 ppm,10.659390632105502,850.0
10 ppm,10.666666666666666,850.0
10 ppm,10.67394270122783,850.0
10 ppm,10.681218735788995,850.0
10 ppm,10.68849477035016,850.0
10 ppm,10.695770804911323,850.0
10 ppm,10.703046839472487,850.0
10 ppm,10.71032287403365,850.0
10 ppm,10.717598908594816,850.0
10 ppm,10.72487494315598,850.0
10 ppm,10.732150977717144,850.0
10 ppm,10.739427012278307,850.0
10 ppm,10.746703046839473,850.0
10 ppm,10.753979081400637,850.0
10 ppm,10.7612551159618,850.0
10 ppm,10.768531150522964,850.0
10 ppm,10.775807185084128,850.0
10 ppm,10.783083219645293,850.0
10 ppm,10.790359254206457,850.0
10 ppm,10.797635288767621,850.0
10 ppm,10.804911323328785,850.0
10 ppm,10.81218735788995,850.0
10 ppm,10.819463392451114,850.0
10 ppm,10.826739427012278,850.0
10 ppm,10.834015461573442,850.0
10 ppm,10.841291496134605,850.0
10 ppm,10.848567530695771,850.0
10 ppm,10.855843565256935,850.0
10 ppm,10.863119599818098,850.0
10 ppm,10.870395634379262,850.0
10 ppm,10.877671668940428,850.0
10 ppm,10.884947703501592,850.0
10 ppm,10.892223738062755,850.0
10 ppm,10.89949977262392,850.0
10 ppm,10.906775807185083,850.0
10 ppm,10.914051841746248,850.0
10 ppm,10.921327876307412,850.0
10 ppm,10.928603910868576,850.0
10 ppm,10.93587994542974,850.0
10 ppm,10.943155979990905,850.0
10 ppm,10.950432014552069,850.0
10 ppm,10.957708049113233,850.0
10 ppm,10.964984083674397,850.0
10 ppm,10.972260118235562,850.0
10 ppm,10.979536152796726,850.0
10 ppm,10.98681218735789,850.0
10 ppm,10.994088221919053,850.0
10 ppm,11.001364256480217,850.0
10 ppm,11.008640291041383,850.0
10 ppm,11.015916325602547,850.0
10 ppm,11.02319236016371,850.0
10 ppm,11.030468394724874,850.0
10 ppm,11.03774442928604,850.0
10 ppm,11.045020463847203,850.0
10 ppm,11.052296498408367,850.0
10 ppm,11.059572532969531,850.0
10 ppm,11.066848567530695,850.0
10 ppm,11.07412460209186,850.0
10 ppm,11.081400636653024,850.0
10 ppm,11.088676671214188,850.0
10 ppm,11.095952705775352,850.0
10 ppm,11.103228740336517,850.0
10 ppm,11.11050477489768,850.0
10 ppm,11.117780809458845,850.0
10 ppm,11.125056844020008,850.0
10 ppm,11.132332878581172,850.0
10 ppm,11.139608913142338,850.0
10 ppm,11.146884947703501,850.0
10 ppm,11.154160982264665,850.0
10 ppm,11.161437016825829,850.0
10 ppm,11.168713051386995,850.0
10 ppm,11.175989085948158,850.0
10 ppm,11.183265120509322,850.0
10 ppm,11.190541155070486,850.0
10 ppm,11.19781718963165,850.0
10 ppm,11.205093224192815,850.0
10 ppm,11.212369258753979,850.0
10 ppm,11.219645293315143,850.0
10 ppm,11.226921327876306,850.0
10 ppm,11.234197362437472,850.0
10 ppm,11.241473396998636,850.0
10 ppm,11.2487494315598,850.0
10 ppm,11.256025466120963,850.0
10 ppm,11.263301500682127,850.0
10 ppm,11.270577535243293,850.0
10 ppm,11.277853569804456,850.0
10 ppm,11.28512960436562,850.0
10 ppm,11.292405638926784,850.0
10 ppm,11.29968167348795,850.0
10 ppm,11.306957708049113,850.0
10 ppm,11.314233742610277,850.0
10 ppm,11.32150977717144,850.0
10 ppm,11.328785811732605,850.0
10 ppm,11.33606184629377,850.0
10 ppm,11.343337880854934,850.0
10 ppm,11.350613915416098,850.0
10 ppm,11.357889949977261,850.0
10 ppm,11.365165984538427,850.0
10 ppm,11.37244201909959,850.0
10 ppm,11.379718053660755,850.0
10 ppm,11.386994088221918,850.0
10 ppm,11.394270122783082,850.0
10 ppm,11.401546157344248,850.0
10 ppm,11.408822191905411,850.0
10 ppm,11.416098226466575,850.0
10 ppm,11.423374261027739,850.0
10 ppm,11.430650295588904,850.0
10 ppm,11.437926330150068,850.0
10 ppm,11.445202364711232,850.0
10 ppm,11.452478399272396,850.0
10 ppm,11.45975443383356,850.0
10 ppm,11.467030468394725,850.0
10 ppm,11.474306502955889,850.0
10 ppm,11.481582537517053,850.0
10 ppm,11.488858572078216,850.0
10 ppm,11.496134606639382,850.0
10 ppm,11.503410641200546,850.0
10 ppm,11.51068667576171,850.0
10 ppm,11.517962710322873,850.0
10 ppm,11.525238744884037,850.0
10 ppm,11.532514779445203,850.0
10 ppm,11.539790814006366,850.0
10 ppm,11.54706684856753,850.0
10 ppm,11.554342883128694,850.0
10 ppm,11.56161891768986,850.0
10 ppm,11.568894952251023,850.0
10 ppm,11.576170986812187,850.0
10 ppm,11.58344702137335,850.0
10 ppm,11.590723055934514,850.0
10 ppm,11.59799909049568,850.0
10 ppm,11.605275125056844,850.0
10 ppm,11.612551159618008,850.0
10 ppm,11.619827194179171,850.0
10 ppm,11.627103228740337,850.0
10 ppm,11.6343792633015,850.0
10 ppm,11.641655297862664,850.0
10 ppm,11.648931332423828,850.0
10 ppm,11.656207366984992,850.0
10 ppm,11.663483401546157,850.0
10 ppm,11.670759436107321,850.0
10 ppm,11.678035470668485,850.0
10 ppm,11.685311505229649,850.0
10 ppm,11.692587539790814,850.0
10 ppm,11.699863574351978,850.0
10 ppm,11.707139608913142,850.0
10 ppm,11.714415643474306,850.0
10 ppm,11.72169167803547,850.0
10 ppm,11.728967712596635,850.0
10 ppm,11.736243747157799,850.0
10 ppm,11.743519781718962,850.0
10 ppm,11.750795816280126,850.0
10 ppm,11.758071850841292,850.0
10 ppm,11.765347885402456,850.0
10 ppm,11.77262391996362,850.0
10 ppm,11.779899954524783,850.0
10 ppm,11.787175989085947,850.0
10 ppm,11.794452023647112,850.0
10 ppm,11.801728058208276,850.0
10 ppm,11.80900409276944,850.0
10 ppm,11.816280127330604,850.0
10 ppm,11.82355616189177,850.0
10 ppm,11.830832196452933,850.0
10 ppm,11.838108231014097,850.0
10 ppm,11.84538426557526,850.0
10 ppm,11.852660300136426,850.0
10 ppm,11.85993633469759,850.0
10 ppm,11.867212369258754,850.0
10 ppm,11.874488403819917,850.0
10 ppm,11.881764438381081,850.0
10 ppm,11.889040472942247,850.0
10 ppm,11.89631650750341,850.0
10 ppm,11.903592542064574,850.0
10 ppm,11.910868576625738,850.0
10 ppm,11.918144611186904,850.0
10 ppm,11.925420645748067,850.0
10 ppm,11.932696680309231,850.0
10 ppm,11.939972714870395,850.0
10 ppm,11.947248749431559,850.0
10 ppm,11.954524783992724,850.0
10 ppm,11.961800818553888,850.0
10 ppm,11.969076853115052,850.0
10 ppm,11.976352887676216,850.0
10 ppm,11.983628922237381,850.0
10 ppm,11.990904956798545,850.0
10 ppm,11.998180991359709,850.0
10 ppm,12.005457025920872,850.0
10 ppm,12.012733060482036,850.0
10 ppm,12.020009095043202,850.0
10 ppm,12.027285129604365,850.0
10 ppm,12.03456116416553,850.0
10 ppm,12.041837198726693,850.0
10 ppm,12.049113233287859,850.0
10 ppm,12.056389267849022,850.0
10 ppm,12.063665302410186,850.0
10 ppm,12.07094133697135,850.0
10 ppm,12.078217371532514,850.0
10 ppm,12.08549340609368,850.0
10 ppm,12.092769440654843,850.0
10 ppm,12.100045475216007,850.0
10 ppm,12.10732150977717,850.0
10 ppm,12.114597544338336,850.0
10 ppm,12.1218735788995,850.0
10 ppm,12.129149613460664,850.0
10 ppm,12.136425648021827,850.0
10 ppm,12.143701682582991,850.0
10 ppm,12.150977717144157,850.0
10 ppm,12.15825375170532,850.0
10 ppm,12.165529786266484,850.0
10 ppm,12.172805820827648,850.0
10 ppm,12.180081855388813,850.0
10 ppm,12.187357889949977,850.0
10 ppm,12.194633924511141,850.0
10 ppm,12.201909959072305,850.0
10 ppm,12.209185993633469,850.0
10 ppm,12.216462028194634,850.0
10 ppm,12.223738062755798,850.0
10 ppm,12.231014097316962,850.0
10 ppm,12.238290131878125,850.0
10 ppm,12.245566166439291,850.0
10 ppm,12.252842201000455,850.0
10 ppm,12.260118235561619,850.0
10 ppm,12.267394270122782,850.0
10 ppm,12.274670304683946,850.0
10 ppm,12.281946339245112,850.0
10 ppm,12.289222373806275,850.0
10 ppm,12.29649840836744,850.0
10 ppm,12.303774442928603,850.0
10 ppm,12.311050477489768,850.0
10 ppm,12.318326512050932,850.0
10 ppm,12.325602546612096,850.0
10 ppm,12.33287858117326,850.0
10 ppm,12.340154615734424,850.0
10 ppm,12.347430650295589,850.0
10 ppm,12.354706684856753,850.0
10 ppm,12.361982719417917,850.0
10 ppm,12.36925875397908,850.0
10 ppm,12.376534788540246,850.0
10 ppm,12.38381082310141,850.0
10 ppm,12.391086857662573,850.0
10 ppm,12.398362892223737,850.0
10 ppm,12.405638926784901,850.0
10 ppm,12.412914961346067,850.0
10 ppm,12.42019099590723,850.0
10 ppm,12.427467030468394,850.0
10 ppm,12.434743065029558,850.0
10 ppm,12.442019099590723,850.0
10 ppm,12.449295134151887,850.0
10 ppm,12.456571168713051,850.0
10 ppm,12.463847203274215,850.0
10 ppm,12.471123237835378,850.0
10 ppm,12.478399272396544,850.0
10 ppm,12.485675306957708,850.0
10 ppm,12.492951341518872,850.0
10 ppm,12.500227376080035,850.0
10 ppm,12.5075034106412,850.0
10 ppm,12.514779445202365,850.0
10 ppm,12.522055479763528,850.0
10 ppm,12.529331514324692,850.0
10 ppm,12.536607548885856,850.0
10 ppm,12.543883583447021,850.0
10 ppm,12.551159618008185,850.0
10 ppm,12.558435652569349,850.0
10 ppm,12.565711687130513,850.0
10 ppm,12.572987721691678,850.0
10 ppm,12.580263756252842,850.0
10 ppm,12.587539790814006,850.0
10 ppm,12.59481582537517,850.0
10 ppm,12.602091859936333,850.0
10 ppm,12.609367894497499,850.0
10 ppm,12.616643929058663,850.0
10 ppm,12.623919963619826,850.0
10 ppm,12.63119599818099,850.0
10 ppm,12.638472032742156,850.0
10 ppm,12.64574806730332,850.0
10 ppm,12.653024101864483,850.0
10 ppm,12.660300136425647,850.0
10 ppm,12.66757617098681,850.0
10 ppm,12.674852205547976,850.0
10 ppm,12.68212824010914,850.0
10 ppm,12.689404274670304,850.0
10 ppm,12.696680309231468,850.0
10 ppm,12.703956343792633,850.0
10 ppm,12.711232378353797,850.0
10 ppm,12.71850841291496,850.0
10 ppm,12.725784447476125,850.0
10 ppm,12.73306048203729,850.0
10 ppm,12.740336516598454,850.0
10 ppm,12.747612551159618,850.0
10 ppm,12.754888585720781,850.0
10 ppm,12.762164620281945,850.0
10 ppm,12.76944065484311,850.0
10 ppm,12.776716689404275,850.0
10 ppm,12.783992723965438,850.0
10 ppm,12.791268758526602,850.0
10 ppm,12.798544793087768,850.0
10 ppm,12.805820827648931,850.0
10 ppm,12.813096862210095,850.0
10 ppm,12.820372896771259,850.0
10 ppm,12.827648931332423,850.0
10 ppm,12.834924965893588,850.0
10 ppm,12.842201000454752,850.0
10 ppm,12.849477035015916,850.0
10 ppm,12.85675306957708,850.0
10 ppm,12.864029104138245,850.0
10 ppm,12.871305138699409,850.0
10 ppm,12.878581173260573,850.0
10 ppm,12.885857207821736,850.0
10 ppm,12.8931332423829,850.0
10 ppm,12.900409276944066,850.0
10 ppm,12.90768531150523,850.0
10 ppm,12.914961346066393,850.0
10 ppm,12.922237380627557,850.0
10 ppm,12.929513415188723,850.0
10 ppm,12.936789449749886,850.0
10 ppm,12.94406548431105,850.0
10 ppm,12.951341518872214,850.0
10 ppm,12.958617553433378,850.0
10 ppm,12.965893587994543,850.0
10 ppm,12.973169622555707,850.0
10 ppm,12.98044565711687,850.0
10 ppm,12.987721691678034,850.0
10 ppm,12.9949977262392,850.0
10 ppm,13.002273760800364,850.0
10 ppm,13.009549795361528,850.0
10 ppm,13.016825829922691,850.0
10 ppm,13.024101864483855,850.0
10 ppm,13.03137789904502,850.0
10 ppm,13.038653933606184,850.0
10 ppm,13.045929968167348,850.0
10 ppm,13.053206002728512,850.0
10 ppm,13.060482037289677,850.0
10 ppm,13.067758071850841,850.0
10 ppm,13.075034106412005,850.0
10 ppm,13.082310140973169,850.0
10 ppm,13.089586175534333,850.0
10 ppm,13.096862210095498,850.0
10 ppm,13.104138244656662,850.0
10 ppm,13.111414279217826,850.0
10 ppm,13.11869031377899,850.0
10 ppm,13.125966348340155,850.0
10 ppm,13.133242382901319,850.0
10 ppm,13.140518417462483,850.0
10 ppm,13.147794452023646,850.0
10 ppm,13.15507048658481,850.0
10 ppm,13.162346521145976,850.0
10 ppm,13.16962255570714,850.0
10 ppm,13.176898590268303,850.0
10 ppm,13.184174624829467,850.0
10 ppm,13.191450659390632,850.0
10 ppm,13.198726693951796,850.0
10 ppm,13.20600272851296,850.0
10 ppm,13.213278763074124,850.0
10 ppm,13.220554797635288,850.0
10 ppm,13.227830832196453,850.0
10 ppm,13.235106866757617,850.0
10 ppm,13.24238290131878,850.0
10 ppm,13.249658935879944,850.0
10 ppm,13.25693497044111,850.0
10 ppm,13.264211005002274,850.0
10 ppm,13.271487039563437,850.0
10 ppm,13.278763074124601,850.0
10 ppm,13.286039108685765,850.0
10 ppm,13.29331514324693,850.0
10 ppm,13.300591177808094,850.0
10 ppm,13.307867212369258,850.0
10 ppm,13.315143246930422,850.0
10 ppm,13.322419281491587,850.0
10 ppm,13.329695316052751,850.0
10 ppm,13.336971350613915,850.0
10 ppm,13.344247385175079,850.0
10 ppm,13.351523419736242,850.0
10 ppm,13.358799454297408,850.0
10 ppm,13.366075488858572,850.0
10 ppm,13.373351523419736,850.0
10 ppm,13.3806275579809,850.0
10 ppm,13.387903592542065,850.0
10 ppm,13.395179627103229,850.0
10 ppm,13.402455661664392,850.0
10 ppm,13.409731696225556,850.0
10 ppm,13.41700773078672,850.0
10 ppm,13.424283765347885,850.0
10 ppm,13.43155979990905,850.0
10 ppm,13.438835834470213,850.0
10 ppm,13.446111869031377,850.0
10 ppm,13.453387903592542,850.0
10 ppm,13.460663938153706,850.0
10 ppm,13.46793997271487,850.0
10 ppm,13.475216007276034,850.0
10 ppm,13.482492041837197,850.0
10 ppm,13.489768076398363,850.0
10 ppm,13.497044110959527,850.0
10 ppm,13.50432014552069,850.0
10 ppm,13.511596180081854,850.0
10 ppm,13.51887221464302,850.0
10 ppm,13.526148249204184,850.0
10 ppm,13.533424283765347,850.0
10 ppm,13.540700318326511,850.0
10 ppm,13.547976352887675,850.0
10 ppm,13.55525238744884,850.0
10 ppm,13.562528422010004,850.0
10 ppm,13.569804456571168,850.0
10 ppm,13.577080491132332,850.0
10 ppm,13.584356525693497,850.0
10 ppm,13.591632560254661,850.0
10 ppm,13.598908594815825,850.0
10 ppm,13.606184629376989,850.0
10 ppm,13.613460663938154,850.0
10 ppm,13.620736698499318,850.0
10 ppm,13.628012733060482,850.0
10 ppm,13.635288767621645,850.0
10 ppm,13.64256480218281,850.0
10 ppm,13.649840836743975,850.0
10 ppm,13.657116871305139,850.0
10 ppm,13.664392905866302,850.0
10 ppm,13.671668940427466,850.0
10 ppm,13.678944974988632,850.0
10 ppm,13.686221009549795,850.0
10 ppm,13.69349704411096,850.0
10 ppm,13.700773078672123,850.0
10 ppm,13.708049113233287,850.0
10 ppm,13.715325147794452,850.0
10 ppm,13.722601182355616,850.0
10 ppm,13.72987721691678,850.0
10 ppm,13.737153251477944,850.0
10 ppm,13.744429286039109,850.0
10 ppm,13.751705320600273,850.0
10 ppm,13.758981355161437,850.0
10 ppm,13.7662573897226,850.0
10 ppm,13.773533424283764,850.0
10 ppm,13.78080945884493,850.0
10 ppm,13.788085493406093,850.0
10 ppm,13.795361527967257,850.0
10 ppm,13.802637562528421,850.0
10 ppm,13.809913597089587,850.0
10 ppm,13.81718963165075,850.0
10 ppm,13.824465666211914,850.0
10 ppm,13.831741700773078,850.0
10 ppm,13.839017735334242,850.0
10 ppm,13.846293769895407,850.0
10 ppm,13.853569804456571,850.0
10 ppm,13.860845839017735,850.0
10 ppm,13.868121873578898,850.0
10 ppm,13.875397908140064,850.0
10 ppm,13.882673942701228,850.0
10 ppm,13.889949977262392,850.0
10 ppm,13.897226011823555,850.0
10 ppm,13.904502046384719,850.0
10 ppm,13.911778080945885,850.0
10 ppm,13.919054115507048,850.0
10 ppm,13.926330150068212,850.0
10 ppm,13.933606184629376,850.0
10 ppm,13.940882219190541,850.0
10 ppm,13.948158253751705,850.0
10 ppm,13.955434288312869,850.0
10 ppm,13.962710322874033,850.0
10 ppm,13.969986357435197,850.0
10 ppm,13.977262391996362,850.0
10 ppm,13.984538426557526,850.0
10 ppm,13.99181446111869,850.0
10 ppm,13.999090495679853,850.0
10 ppm,14.006366530241019,850.0
10 ppm,14.013642564802183,850.0
10 ppm,14.020918599363347,850.0
10 ppm,14.02819463392451,850.0
10 ppm,14.035470668485674,850.0
10 ppm,14.04274670304684,850.0
10 ppm,14.050022737608003,850.0
10 ppm,14.057298772169167,850.0
10 ppm,14.064574806730331,850.0
10 ppm,14.071850841291496,850.0
10 ppm,14.07912687585266,850.0
10 ppm,14.086402910413824,850.0
10 ppm,14.093678944974988,850.0
10 ppm,14.100954979536152,850.0
10 ppm,14.108231014097317,850.0
10 ppm,14.11550704865848,850.0
10 ppm,14.122783083219645,850.0
10 ppm,14.130059117780808,850.0
10 ppm,14.137335152341974,850.0
10 ppm,14.144611186903138,850.0
10 ppm,14.151887221464301,850.0
10 ppm,14.159163256025465,850.0
10 ppm,14.166439290586629,850.0
10 ppm,14.173715325147795,850.0
10 ppm,14.180991359708958,850.0
10 ppm,14.188267394270122,850.0
10 ppm,14.195543428831286,850.0
10 ppm,14.202819463392451,850.0
10 ppm,14.210095497953615,850.0
10 ppm,14.217371532514779,850.0
10 ppm,14.224647567075943,850.0
10 ppm,14.231923601637106,850.0
10 ppm,14.239199636198272,850.0
10 ppm,14.246475670759436,850.0
10 ppm,14.2537517053206,850.0
10 ppm,14.261027739881763,850.0
10 ppm,14.268303774442929,850.0
10 ppm,14.275579809004093,850.0
10 ppm,14.282855843565256,850.0
10 ppm,14.29013187812642,850.0
10 ppm,14.297407912687584,850.0
10 ppm,14.30468394724875,850.0
10 ppm,14.311959981809913,850.0
10 ppm,14.319236016371077,850.0
10 ppm,14.32651205093224,850.0
10 ppm,14.333788085493406,850.0
10 ppm,14.34106412005457,850.0
10 ppm,14.348340154615734,850.0
10 ppm,14.355616189176898,850.0
10 ppm,14.362892223738061,850.0
10 ppm,14.370168258299227,850.0
10 ppm,14.37744429286039,850.0
10 ppm,14.384720327421554,850.0
10 ppm,14.391996361982718,850.0
10 ppm,14.399272396543884,850.0
10 ppm,14.406548431105048,850.0
10 ppm,14.413824465666211,850.0
10 ppm,14.421100500227375,850.0
10 ppm,14.428376534788539,850.0
10 ppm,14.435652569349704,850.0
10 ppm,14.442928603910868,850.0
10 ppm,14.450204638472032,850.0
10 ppm,14.457480673033196,850.0
10 ppm,14.464756707594361,850.0
10 ppm,14.472032742155525,850.0
10 ppm,14.479308776716689,850.0
10 ppm,14.486584811277853,850.0
10 ppm,14.493860845839018,850.0
10 ppm,14.501136880400182,850.0
10 ppm,14.508412914961346,850.0
10 ppm,14.51568894952251,850.0
10 ppm,14.522964984083673,850.0
10 ppm,14.530241018644839,850.0
10 ppm,14.537517053206003,850.0
10 ppm,14.544793087767166,850.0
10 ppm,14.55206912232833,850.0
10 ppm,14.559345156889496,850.0
10 ppm,14.56662119145066,850.0
10 ppm,14.573897226011823,850.0
10 ppm,14.581173260572987,850.0
10 ppm,14.58844929513415,850.0
10 ppm,14.595725329695316,850.0
10 ppm,14.60300136425648,850.0
10 ppm,14.610277398817644,850.0
10 ppm,14.617553433378808,850.0
10 ppm,14.624829467939973,850.0
10 ppm,14.632105502501137,850.0
10 ppm,14.6393815370623,850.0
10 ppm,14.646657571623464,850.0
10 ppm,14.653933606184628,850.0
10 ppm,14.661209640745794,850.0
10 ppm,14.668485675306957,850.0
10 ppm,14.675761709868121,850.0
10 ppm,14.683037744429285,850.0
10 ppm,14.69031377899045,850.0
10 ppm,14.697589813551614,850.0
10 ppm,14.704865848112778,850.0
10 ppm,14.712141882673942,850.0
10 ppm,14.719417917235106,850.0
10 ppm,14.726693951796271,850.0
10 ppm,14.733969986357435,850.0
10 ppm,14.741246020918599,850.0
10 ppm,14.748522055479762,850.0
10 ppm,14.755798090040928,850.0
10 ppm,14.763074124602092,850.0
10 ppm,14.770350159163256,850.0
10 ppm,14.77762619372442,850.0
10 ppm,14.784902228285583,850.0
10 ppm,14.792178262846749,850.0
10 ppm,14.799454297407912,850.0
10 ppm,14.806730331969076,850.0
10 ppm,14.81400636653024,850.0
10 ppm,14.821282401091405,850.0
10 ppm,14.82855843565257,850.0
10 ppm,14.835834470213733,850.0
10 ppm,14.843110504774897,850.0
10 ppm,14.85038653933606,850.0
10 ppm,14.857662573897226,850.0
10 ppm,14.86493860845839,850.0
10 ppm,14.872214643019554,850.0
10 ppm,14.879490677580717,850.0
10 ppm,14.886766712141883,850.0
10 ppm,14.894042746703047,850.0
10 ppm,14.90131878126421,850.0
10 ppm,14.908594815825374,850.0
10 ppm,14.915870850386538,850.0
10 ppm,14.923146884947704,850.0
10 ppm,14.930422919508867,850.0
10 ppm,14.937698954070031,850.0
10 ppm,14.944974988631195,850.0
10 ppm,14.95225102319236,850.0
10 ppm,14.959527057753524,850.0
10 ppm,14.966803092314688,850.0
10 ppm,14.974079126875852,850.0
10 ppm,14.981355161437016,850.0
10 ppm,14.988631195998181,850.0
10 ppm,14.995907230559345,850.0
10 ppm,15.003183265120509,850.0
10 ppm,15.010459299681672,850.0
10 ppm,15.017735334242838,850.0
10 ppm,15.025011368804002,850.0
10 ppm,15.032287403365165,850.0
10 ppm,15.03956343792633,850.0
10 ppm,15.046839472487493,850.0
10 ppm,15.054115507048659,850.0
10 ppm,15.061391541609822,850.0
10 ppm,15.068667576170986,850.0
10 ppm,15.07594361073215,850.0
10 ppm,15.083219645293315,850.0
10 ppm,15.09049567985448,850.0
10 ppm,15.097771714415643,850.0
10 ppm,15.105047748976807,850.0
10 ppm,15.11232378353797,850.0
10 ppm,15.119599818099136,850.0
10 ppm,15.1268758526603,850.0
10 ppm,15.134151887221464,850.0
10 ppm,15.141427921782627,850.0
10 ppm,15.148703956343793,850.0
10 ppm,15.155979990904957,850.0
10 ppm,15.16325602546612,850.0
10 ppm,15.170532060027284,850.0
10 ppm,15.177808094588448,850.0
10 ppm,15.185084129149613,850.0
10 ppm,15.192360163710777,850.0
10 ppm,15.199636198271941,850.0
10 ppm,15.206912232833105,850.0
10 ppm,15.21418826739427,850.0
10 ppm,15.221464301955434,850.0
10 ppm,15.228740336516598,850.0
10 ppm,15.236016371077762,850.0
10 ppm,15.243292405638925,850.0
10 ppm,15.250568440200091,850.0
10 ppm,15.257844474761255,850.0
10 ppm,15.265120509322418,850.0
10 ppm,15.272396543883582,850.0
10 ppm,15.279672578444748,850.0
10 ppm,15.286948613005912,850.0
10 ppm,15.294224647567075,850.0
10 ppm,15.301500682128239,850.0
10 ppm,15.308776716689403,850.0
10 ppm,15.316052751250568,850.0
10 ppm,15.323328785811732,850.0
10 ppm,15.330604820372896,850.0
10 ppm,15.33788085493406,850.0
10 ppm,15.345156889495225,850.0
10 ppm,15.352432924056389,850.0
10 ppm,15.359708958617553,850.0
10 ppm,15.366984993178717,850.0
10 ppm,15.374261027739882,850.0
10 ppm,15.381537062301046,850.0
10 ppm,15.38881309686221,850.0
10 ppm,15.396089131423373,850.0
10 ppm,15.403365165984537,850.0
10 ppm,15.410641200545703,850.0
10 ppm,15.417917235106867,850.0
10 ppm,15.42519326966803,850.0
10 ppm,15.432469304229194,850.0
10 ppm,15.43974533879036,850.0
10 ppm,15.447021373351523,850.0
10 ppm,15.454297407912687,850.0
10 ppm,15.461573442473851,850.0
10 ppm,15.468849477035015,850.0
10 ppm,15.47612551159618,850.0
10 ppm,15.483401546157344,850.0
10 ppm,15.490677580718508,850.0
10 ppm,15.497953615279672,850.0
10 ppm,15.505229649840837,850.0
10 ppm,15.512505684402,850.0
10 ppm,15.519781718963165,850.0
10 ppm,15.527057753524328,850.0
10 ppm,15.534333788085492,850.0
10 ppm,15.541609822646658,850.0
10 ppm,15.548885857207821,850.0
10 ppm,15.556161891768985,850.0
10 ppm,15.563437926330149,850.0
10 ppm,15.570713960891315,850.0
10 ppm,15.577989995452478,850.0
10 ppm,15.585266030013642,850.0
10 ppm,15.592542064574806,850.0
10 ppm,15.59981809913597,850.0
10 ppm,15.607094133697135,850.0
10 ppm,15.614370168258299,850.0
10 ppm,15.621646202819463,850.0
10 ppm,15.628922237380626,850.0
10 ppm,15.636198271941792,850.0
10 ppm,15.643474306502956,850.0
10 ppm,15.65075034106412,850.0
10 ppm,15.658026375625283,850.0
10 ppm,15.665302410186447,850.0
10 ppm,15.672578444747613,850.0
10 ppm,15.679854479308776,850.0
10 ppm,15.68713051386994,850.0
10 ppm,15.694406548431104,850.0
10 ppm,15.70168258299227,850.0
10 ppm,15.708958617553433,850.0
10 ppm,15.716234652114597,850.0
10 ppm,15.72351068667576,850.0
10 ppm,15.730786721236925,850.0
10 ppm,15.73806275579809,850.0
10 ppm,15.745338790359254,850.0
10 ppm,15.752614824920418,850.0
10 ppm,15.759890859481581,850.0
10 ppm,15.767166894042747,850.0
10 ppm,15.77444292860391,850.0
10 ppm,15.781718963165074,850.0
10 ppm,15.788994997726238,850.0
10 ppm,15.796271032287402,850.0
10 ppm,15.803547066848568,850.0
10 ppm,15.810823101409731,850.0
10 ppm,15.818099135970895,850.0
10 ppm,15.825375170532059,850.0
10 ppm,15.832651205093224,850.0
10 ppm,15.839927239654388,850.0
10 ppm,15.847203274215552,850.0
10 ppm,15.854479308776716,850.0
10 ppm,15.86175534333788,850.0
10 ppm,15.869031377899045,850.0
10 ppm,15.876307412460209,850.0
10 ppm,15.883583447021373,850.0
10 ppm,15.890859481582536,850.0
10 ppm,15.898135516143702,850.0
10 ppm,15.905411550704866,850.0
10 ppm,15.91268758526603,850.0
10 ppm,15.919963619827193,850.0
10 ppm,15.927239654388357,850.0
10 ppm,15.934515688949523,850.0
10 ppm,15.941791723510686,850.0
10 ppm,15.94906775807185,850.0
10 ppm,15.956343792633014,850.0
10 ppm,15.96361982719418,850.0
10 ppm,15.970895861755343,850.0
10 ppm,15.978171896316507,850.0
10 ppm,15.98544793087767,850.0
10 ppm,15.992723965438834,850.0
10 ppm,16.0,850.0
