series,retention_time_min,signal_au
broad + sharp peaks,0.0,70.0
broad + sharp peaks,0.007276034561164165,70.0
broad + sharp peaks,0.01455206912232833,70.0
broad + sharp peaks,0.021828103683492497,70.0
broad + sharp peaks,0.02910413824465666,70.0
broad + sharp peaks,0.03638017280582083,70.0
broad + sharp peaks,0.04365620736698499,70.0
broad + sharp peaks,0.05093224192814916,70.0
broad + sharp peaks,0.05820827648931332,70.0
broad + sharp peaks,0.06548431105047749,70.0
broad + sharp peaks,0.07276034561164166,70.0
broad + sharp peaks,0.08003638017280582,70.0
broad + sharp peaks,0.08731241473396999,70.0
broad + sharp peaks,0.09458844929513414,70.0
broad + sharp peaks,0.10186448385629832,70.0
broad + sharp peaks,0.10914051841746247,70.0
broad + sharp peaks,0.11641655297862664,70.0
broad + sharp peaks,0.12369258753979082,70.0
broad + sharp peaks,0.13096862210095497,70.0
broad + sharp peaks,0.13824465666211913,70.0
broad + sharp peaks,0.14552069122328332,70.0
broad + sharp peaks,0.15279672578444747,70.0
broad + sharp peaks,0.16007276034561163,70.0
broad + sharp peaks,0.1673487949067758,70.0
broad + sharp peaks,0.17462482946793997,70.0
broad + sharp peaks,0.18190086402910413,70.0
broad + sharp peaks,0.1891768985902683,70.0
broad + sharp peaks,0.19645293315143247,70.0
broad + sharp peaks,0.20372896771259663,70.0
broad + sharp peaks,0.2110050022737608,70.0
broad + sharp peaks,0.21828103683492495,70.0
broad + sharp peaks,0.22555707139608913,70.0
broad + sharp peaks,0.2328331059572533,70.0
broad + sharp peaks,0.24010914051841745,70.0
broad + sharp peaks,0.24738517507958163,70.0
broad + sharp peaks,0.2546612096407458,70.0
broad + sharp peaks,0.26193724420190995,70.0
broad + sharp peaks,0.2692132787630741,70.0
broad + sharp peaks,0.27648931332423826,70.0
broad + sharp peaks,0.2837653478854024,70.0
broad + sharp peaks,0.29104138244656663,70.0
broad + sharp peaks,0.2983174170077308,70.0
broad + sharp peaks,0.30559345156889495,70.0
broad + sharp peaks,0.3128694861300591,70.0
broad + sharp peaks,0.32014552069122326,70.0
broad + sharp peaks,0.3274215552523874,70.0
broad + sharp peaks,0.3346975898135516,70.0
broad + sharp peaks,0.3419736243747158,70.0
broad + sharp peaks,0.34924965893587995,70.0
broad + sharp peaks,0.3565256934970441,70.0
broad + sharp peaks,0.36380172805820826,70.0
broad + sharp peaks,0.3710777626193724,70.0
broad + sharp peaks,0.3783537971805366,70.0
broad + sharp peaks,0.38562983174170073,70.0
broad + sharp peaks,0.39290586630286495,70.0
broad + sharp peaks,0.4001819008640291,70.0
broad + sharp peaks,0.40745793542519326,70.0
broad + sharp peaks,0.4147339699863574,70.0
broad + sharp peaks,0.4220100045475216,70.0
broad + sharp peaks,0.42928603910868574,70.0
broad + sharp peaks,0.4365620736698499,70.0
broad + sharp peaks,0.4438381082310141,70.0
broad + sharp peaks,0.45111414279217826,70.0
broad + sharp peaks,0.4583901773533424,70.0
broad + sharp peaks,0.4656662119145066,70.0
broad + sharp peaks,0.47294224647567074,70.0
broad + sharp peaks,0.4802182810368349,70.0
broad + sharp peaks,0.48749431559799905,70.0
broad + sharp peaks,0.49477035015916326,70.0
broad + sharp peaks,0.5020463847203274,70.0
broad + sharp peaks,0.5093224192814916,70.0
broad + sharp peaks,0.5165984538426557,70.0
broad + sharp peaks,0.5238744884038199,70.0
broad + sharp peaks,0.5311505229649841,70.0
broad + sharp peaks,0.5384265575261482,70.0
broad + sharp peaks,0.5457025920873124,70.0
broad + sharp peaks,0.5529786266484765,70.0
broad + sharp peaks,0.5602546612096407,70.0
broad + sharp peaks,0.5675306957708048,70.0
broad + sharp peaks,0.574806730331969,70.0
broad + sharp peaks,0.5820827648931333,70.0
broad + sharp peaks,0.5893587994542974,70.0
broad + sharp peaks,0.5966348340154616,70.0
broad + sharp peaks,0.6039108685766257,70.0
broad + sharp peaks,0.6111869031377899,70.0
broad + sharp peaks,0.618462937698954,70.0
broad + sharp peaks,0.6257389722601182,70.0
broad + sharp peaks,0.6330150068212824,70.0
broad + sharp peaks,0.6402910413824465,70.0
broad + sharp peaks,0.6475670759436107,70.0
broad + sharp peaks,0.6548431105047748,70.0
broad + sharp peaks,0.662119145065939,70.0
broad + sharp peaks,0.6693951796271032,70.0
broad + sharp peaks,0.6766712141882674,70.0
broad + sharp peaks,0.6839472487494316,70.0
broad + sharp peaks,0.6912232833105957,70.0
broad + sharp peaks,0.6984993178717599,70.0
broad + sharp peaks,0.705775352432924,70.0
broad + sharp peaks,0.7130513869940882,70.0
broad + sharp peaks,0.7203274215552523,70.0
broad + sharp peaks,0.7276034561164165,70.0
broad + sharp peaks,0.7348794906775807,70.0
broad + sharp peaks,0.7421555252387448,70.0
broad + sharp peaks,0.749431559799909,70.0
broad + sharp peaks,0.7567075943610732,70.0
broad + sharp peaks,0.7639836289222374,70.0
broad + sharp peaks,0.7712596634834015,70.0
broad + sharp peaks,0.7785356980445657,70.0
broad + sharp peaks,0.7858117326057299,70.0
broad + sharp peaks,0.793087767166894,70.0
broad + sharp peaks,0.8003638017280582,70.0
broad + sharp peaks,0.8076398362892223,70.0
broad + sharp peaks,0.8149158708503865,70.0
broad + sharp peaks,0.8221919054115506,70.0
broad + sharp peaks,0.8294679399727148,70.0
broad + sharp peaks,0.836743974533879,70.0
broad + sharp peaks,0.8440200090950432,70.0
broad + sharp peaks,0.8512960436562074,70.0
broad + sharp peaks,0.8585720782173715,70.0
broad + sharp peaks,0.8658481127785357,70.0
broad + sharp peaks,0.8731241473396998,70.0
broad + sharp peaks,0.880400181900864,70.0
broad + sharp peaks,0.8876762164620282,70.0
broad + sharp peaks,0.8949522510231923,70.0
broad + sharp peaks,0.9022282855843565,70.0
broad + sharp peaks,0.9095043201455206,70.0
broad + sharp peaks,0.9167803547066848,70.0
broad + sharp peaks,0.9240563892678489,70.0
broad + sharp peaks,0.9313324238290132,70.0
broad + sharp peaks,0.9386084583901774,70.0
broad + sharp peaks,0.9458844929513415,70.0
broad + sharp peaks,0.9531605275125057,70.0
broad + sharp peaks,0.9604365620736698,70.0
broad + sharp peaks,0.967712596634834,70.0
broad + sharp peaks,0.9749886311959981,70.0
broad + sharp peaks,0.9822646657571623,70.0
broad + sharp peaks,0.9895407003183265,70.0
broad + sharp peaks,0.9968167348794906,70.0
broad + sharp peaks,1.0040927694406547,70.0
broad + sharp peaks,1.011368804001819,70.0
broad + sharp peaks,1.0186448385629832,70.0
broad + sharp peaks,1.0259208731241474,70.0
broad + sharp peaks,1.0331969076853114,70.0
broad + sharp peaks,1.0404729422464756,70.0
broad + sharp peaks,1.0477489768076398,70.0
broad + sharp peaks,1.055025011368804,70.0
broad + sharp peaks,1.0623010459299682,70.0
broad + sharp peaks,1.0695770804911322,70.0
broad + sharp peaks,1.0768531150522964,70.0
broad + sharp peaks,1.0841291496134606,70.0
broad + sharp peaks,1.0914051841746248,70.0
broad + sharp peaks,1.098681218735789,70.0
broad + sharp peaks,1.105957253296953,70.0
broad + sharp peaks,1.1132332878581173,70.0
broad + sharp peaks,1.1205093224192815,70.0
broad + sharp peaks,1.1277853569804457,70.0
broad + sharp peaks,1.1350613915416097,70.0
broad + sharp peaks,1.142337426102774,70.0
broad + sharp peaks,1.149613460663938,70.0
broad + sharp peaks,1.1568894952251023,70.0
broad + sharp peaks,1.1641655297862665,70.0
broad + sharp peaks,1.1714415643474305,70.0
broad + sharp peaks,1.1787175989085947,70.0
broad + sharp peaks,1.185993633469759,70.0
broad + sharp peaks,1.1932696680309232,70.0
broad + sharp peaks,1.2005457025920874,70.0
broad + sharp peaks,1.2078217371532514,70.0
broad + sharp peaks,1.2150977717144156,70.0
broad + sharp peaks,1.2223738062755798,70.0
broad + sharp peaks,1.229649840836744,70.0
broad + sharp peaks,1.236925875397908,70.0
broad + sharp peaks,1.2442019099590722,70.0
broad + sharp peaks,1.2514779445202364,70.0
broad + sharp peaks,1.2587539790814006,70.0
broad + sharp peaks,1.2660300136425648,70.0
broad + sharp peaks,1.2733060482037288,70.0
broad + sharp peaks,1.280582082764893,70.0
broad + sharp peaks,1.2878581173260573,70.0
broad + sharp peaks,1.2951341518872215,70.0
broad + sharp peaks,1.3024101864483857,70.0
broad + sharp peaks,1.3096862210095497,70.0
broad + sharp peaks,1.316962255570714,70.0
broad + sharp peaks,1.324238290131878,70.0
broad + sharp peaks,1.3315143246930423,70.0
broad + sharp peaks,1.3387903592542063,70.0
broad + sharp peaks,1.3460663938153705,70.0
broad + sharp peaks,1.3533424283765347,70.0
broad + sharp peaks,1.360618462937699,70.0
broad + sharp peaks,1.3678944974988632,70.0
broad + sharp peaks,1.3751705320600272,70.0
broad + sharp peaks,1.3824465666211914,70.0
broad + sharp peaks,1.3897226011823556,70.0
broad + sharp peaks,1.3969986357435198,70.0
broad + sharp peaks,1.404274670304684,70.0
broad + sharp peaks,1.411550704865848,70.0
broad + sharp peaks,1.4188267394270122,70.0
broad + sharp peaks,1.4261027739881764,70.0
broad + sharp peaks,1.4333788085493406,70.0
broad + sharp peaks,1.4406548431105046,70.0
broad + sharp peaks,1.4479308776716688,70.0
broad + sharp peaks,1.455206912232833,70.0
broad + sharp peaks,1.4624829467939973,70.0
broad + sharp peaks,1.4697589813551615,70.0
broad + sharp peaks,1.4770350159163255,70.0
broad + sharp peaks,1.4843110504774897,70.0
broad + sharp peaks,1.491587085038654,70.0
broad + sharp peaks,1.498863119599818,70.0
broad + sharp peaks,1.5061391541609823,70.0
broad + sharp peaks,1.5134151887221463,70.0
broad + sharp peaks,1.5206912232833105,70.0
broad + sharp peaks,1.5279672578444747,70.0
broad + sharp peaks,1.535243292405639,70.0
broad + sharp peaks,1.542519326966803,70.0
broad + sharp peaks,1.5497953615279672,70.0
broad + sharp peaks,1.5570713960891314,70.0
broad + sharp peaks,1.5643474306502956,70.0
broad + sharp peaks,1.5716234652114598,70.0
broad + sharp peaks,1.5788994997726238,70.0
broad + sharp peaks,1.586175534333788,70.0
broad + sharp peaks,1.5934515688949522,70.0
broad + sharp peaks,1.6007276034561164,70.0
broad + sharp peaks,1.6080036380172806,70.0
broad + sharp peaks,1.6152796725784446,70.0
broad + sharp peaks,1.6225557071396088,70.0
broad + sharp peaks,1.629831741700773,70.0
broad + sharp peaks,1.6371077762619373,70.0
broad + sharp peaks,1.6443838108231013,70.0
broad + sharp peaks,1.6516598453842655,70.0
broad + sharp peaks,1.6589358799454297,70.0
broad + sharp peaks,1.666211914506594,70.0
broad + sharp peaks,1.673487949067758,70.0
broad + sharp peaks,1.680763983628922,70.0
broad + sharp peaks,1.6880400181900863,70.0
broad + sharp peaks,1.6953160527512505,70.0
broad + sharp peaks,1.7025920873124147,70.0
broad + sharp peaks,1.709868121873579,70.0
broad + sharp peaks,1.717144156434743,70.0
broad + sharp peaks,1.7244201909959072,70.0
broad + sharp peaks,1.7316962255570714,70.0
broad + sharp peaks,1.7389722601182356,70.0
broad + sharp peaks,1.7462482946793996,70.0
broad + sharp peaks,1.7535243292405638,70.0
broad + sharp peaks,1.760800363801728,70.0
broad + sharp peaks,1.7680763983628922,70.0
broad + sharp peaks,1.7753524329240564,70.0
broad + sharp peaks,1.7826284674852204,70.0
broad + sharp peaks,1.7899045020463846,70.0
broad + sharp peaks,1.7971805366075488,70.0
broad + sharp peaks,1.804456571168713,70.0
broad + sharp peaks,1.8117326057298773,70.0
broad + sharp peaks,1.8190086402910413,70.0
broad + sharp peaks,1.8262846748522055,70.0
broad + sharp peaks,1.8335607094133697,70.0
broad + sharp peaks,1.840836743974534,70.0
broad + sharp peaks,1.8481127785356979,70.0
broad + sharp peaks,1.855388813096862,70.0
broad + sharp peaks,1.8626648476580263,70.0
broad + sharp peaks,1.8699408822191905,70.0
broad + sharp peaks,1.8772169167803547,70.0
broad + sharp peaks,1.8844929513415187,70.0
broad + sharp peaks,1.891768985902683,70.0
broad + sharp peaks,1.8990450204638472,70.0
broad + sharp peaks,1.9063210550250114,70.0
broad + sharp peaks,1.9135970895861754,70.0
broad + sharp peaks,1.9208731241473396,70.0
broad + sharp peaks,1.9281491587085038,70.0
broad + sharp peaks,1.935425193269668,70.0
broad + sharp peaks,1.9427012278308322,70.0
broad + sharp peaks,1.9499772623919962,70.0
broad + sharp peaks,1.9572532969531604,70.0
broad + sharp peaks,1.9645293315143246,70.0
broad + sharp peaks,1.9718053660754888,70.0
broad + sharp peaks,1.979081400636653,70.0
broad + sharp peaks,1.986357435197817,70.0
broad + sharp peaks,1.9936334697589813,70.0
broad + sharp peaks,2.0009095043201452,70.0
broad + sharp peaks,2.0081855388813095,70.0
broad + sharp peaks,2.0154615734424737,70.0
broad + sharp peaks,2.022737608003638,70.0
broad + sharp peaks,2.030013642564802,70.0
broad + sharp peaks,2.0372896771259663,70.0
broad + sharp peaks,2.0445657116871305,70.0
broad + sharp peaks,2.0518417462482947,70.0
broad + sharp peaks,2.059117780809459,70.0
broad + sharp peaks,2.0663938153706227,70.0
broad + sharp peaks,2.073669849931787,70.0
broad + sharp peaks,2.080945884492951,70.0
broad + sharp peaks,2.0882219190541154,70.0
broad + sharp peaks,2.0954979536152796,70.0
broad + sharp peaks,2.102773988176444,70.0
broad + sharp peaks,2.110050022737608,70.0
broad + sharp peaks,2.117326057298772,70.0
broad + sharp peaks,2.1246020918599364,70.0
broad + sharp peaks,2.1318781264211006,70.0
broad + sharp peaks,2.1391541609822644,70.0
broad + sharp peaks,2.1464301955434286,70.0
broad + sharp peaks,2.153706230104593,70.0
broad + sharp peaks,2.160982264665757,70.0
broad + sharp peaks,2.1682582992269213,70.0
broad + sharp peaks,2.1755343337880855,70.0
broad + sharp peaks,2.1828103683492497,70.0
broad + sharp peaks,2.190086402910414,70.0
broad + sharp peaks,2.197362437471578,70.0
broad + sharp peaks,2.204638472032742,70.0
broad + sharp peaks,2.211914506593906,70.0
broad + sharp peaks,2.2191905411550703,70.0
broad + sharp peaks,2.2264665757162345,70.0
broad + sharp peaks,2.2337426102773987,70.0
broad + sharp peaks,2.241018644838563,70.0
broad + sharp peaks,2.248294679399727,70.0
broad + sharp peaks,2.2555707139608914,70.0
broad + sharp peaks,2.2628467485220556,70.0
broad + sharp peaks,2.2701227830832194,70.0
broad + sharp peaks,2.2773988176443836,70.0
broad + sharp peaks,2.284674852205548,70.0
broad + sharp peaks,2.291950886766712,70.0
broad + sharp peaks,2.299226921327876,70.0
broad + sharp peaks,2.3065029558890404,70.0
broad + sharp peaks,2.3137789904502046,70.0
broad + sharp peaks,2.321055025011369,70.0
broad + sharp peaks,2.328331059572533,70.0
broad + sharp peaks,2.3356070941336973,70.0
broad + sharp peaks,2.342883128694861,70.0
broad + sharp peaks,2.3501591632560253,70.0
broad + sharp peaks,2.3574351978171895,70.0
broad + sharp peaks,2.3647112323783537,70.0
broad + sharp peaks,2.371987266939518,70.0
broad + sharp peaks,2.379263301500682,70.0
broad + sharp peaks,2.3865393360618463,70.0
broad + sharp peaks,2.3938153706230105,70.0
broad + sharp peaks,2.4010914051841747,70.0
broad + sharp peaks,2.4083674397453385,70.0
broad + sharp peaks,2.4156434743065027,70.0
broad + sharp peaks,2.422919508867667,70.0
broad + sharp peaks,2.430195543428831,70.0
broad + sharp peaks,2.4374715779899954,70.0
broad + sharp peaks,2.4447476125511596,70.0
broad + sharp peaks,2.452023647112324,70.0
broad + sharp peaks,2.459299681673488,70.0
broad + sharp peaks,2.466575716234652,70.0
broad + sharp peaks,2.473851750795816,70.0
broad + sharp peaks,2.48112778535698,70.0
broad + sharp peaks,2.4884038199181444,70.0
broad + sharp peaks,2.4956798544793086,70.0
broad + sharp peaks,2.502955889040473,70.0
broad + sharp peaks,2.510231923601637,70.0
broad + sharp peaks,2.5175079581628013,70.0
broad + sharp peaks,2.5247839927239655,70.0
broad + sharp peaks,2.5320600272851297,70.0
broad + sharp peaks,2.539336061846294,70.0
broad + sharp peaks,2.5466120964074577,70.0
broad + sharp peaks,2.553888130968622,70.0
broad + sharp peaks,2.561164165529786,70.0
broad + sharp peaks,2.5684402000909503,70.0
broad + sharp peaks,2.5757162346521145,70.0
broad + sharp peaks,2.5829922692132787,70.0
broad + sharp peaks,2.590268303774443,70.0
broad + sharp peaks,2.597544338335607,70.0
broad + sharp peaks,2.6048203728967714,70.0
broad + sharp peaks,2.612096407457935,70.0
broad + sharp peaks,2.6193724420190994,70.0
broad + sharp peaks,2.6266484765802636,70.0
broad + sharp peaks,2.633924511141428,70.0
broad + sharp peaks,2.641200545702592,70.0
broad + sharp peaks,2.648476580263756,70.0
broad + sharp peaks,2.6557526148249204,70.0
broad + sharp peaks,2.6630286493860846,70.0
broad + sharp peaks,2.670304683947249,70.0
broad + sharp peaks,2.6775807185084126,70.0
broad + sharp peaks,2.684856753069577,70.0
broad + sharp peaks,2.692132787630741,70.0
broad + sharp peaks,2.6994088221919053,70.0
broad + sharp peaks,2.7066848567530695,70.0
broad + sharp peaks,2.7139608913142337,70.0
broad + sharp peaks,2.721236925875398,70.0
broad + sharp peaks,2.728512960436562,70.0
broad + sharp peaks,2.7357889949977263,70.0
broad + sharp peaks,2.7430650295588905,70.0
broad + sharp peaks,2.7503410641200543,70.0
broad + sharp peaks,2.7576170986812185,70.0
broad + sharp peaks,2.7648931332423827,70.0
broad + sharp peaks,2.772169167803547,70.0
broad + sharp peaks,2.779445202364711,70.0
broad + sharp peaks,2.7867212369258754,70.0
broad + sharp peaks,2.7939972714870396,70.0
broad + sharp peaks,2.801273306048204,70.0
broad + sharp peaks,2.808549340609368,70.0
broad + sharp peaks,2.8158253751705318,70.0
broad + sharp peaks,2.823101409731696,70.0
broad + sharp peaks,2.83037744429286,70.0
broad + sharp peaks,2.8376534788540244,70.0
broad + sharp peaks,2.8449295134151886,70.0
broad + sharp peaks,2.852205547976353,70.0
broad + sharp peaks,2.859481582537517,70.0
broad + sharp peaks,2.8667576170986813,70.0
broad + sharp peaks,2.8740336516598455,70.0
broad + sharp peaks,2.8813096862210092,70.0
broad + sharp peaks,2.8885857207821735,70.0
broad + sharp peaks,2.8958617553433377,70.0
broad + sharp peaks,2.903137789904502,70.0
broad + sharp peaks,2.910413824465666,70.0
broad + sharp peaks,2.9176898590268303,70.0
broad + sharp peaks,2.9249658935879945,70.0
broad + sharp peaks,2.9322419281491587,70.0
broad + sharp peaks,2.939517962710323,70.0
broad + sharp peaks,2.9467939972714867,70.0
broad + sharp peaks,2.954070031832651,70.0
broad + sharp peaks,2.961346066393815,70.0
broad + sharp peaks,2.9686221009549794,70.0
broad + sharp peaks,2.9758981355161436,70.0
broad + sharp peaks,2.983174170077308,70.0
broad + sharp peaks,2.990450204638472,70.0
broad + sharp peaks,2.997726239199636,70.0
broad + sharp peaks,3.0050022737608004,70.0
broad + sharp peaks,3.0122783083219646,70.0
broad + sharp peaks,3.0195543428831284,70.0
broad + sharp peaks,3.0268303774442926,70.0
broad + sharp peaks,3.034106412005457,70.0
broad + sharp peaks,3.041382446566621,70.0
broad + sharp peaks,3.0486584811277853,70.0
broad + sharp peaks,3.0559345156889495,70.0
broad + sharp peaks,3.0632105502501137,70.0
broad + sharp peaks,3.070486584811278,70.0
broad + sharp peaks,3.077762619372442,70.0
broad + sharp peaks,3.085038653933606,70.0
broad + sharp peaks,3.09231468849477,70.0
broad + sharp peaks,3.0995907230559343,70.0
broad + sharp peaks,3.1068667576170985,70.0
broad + sharp peaks,3.1141427921782627,70.0
broad + sharp peaks,3.121418826739427,70.0
broad + sharp peaks,3.128694861300591,70.0
broad + sharp peaks,3.1359708958617554,70.0
broad + sharp peaks,3.1432469304229196,70.0
broad + sharp peaks,3.1505229649840834,70.0
broad + sharp peaks,3.1577989995452476,70.0
broad + sharp peaks,3.1650750341064118,70.0
broad + sharp peaks,3.172351068667576,70.0
broad + sharp peaks,3.17962710322874,70.0
broad + sharp peaks,3.1869031377899044,70.0
broad + sharp peaks,3.1941791723510686,70.0
broad + sharp peaks,3.201455206912233,70.0
broad + sharp peaks,3.208731241473397,70.0
broad + sharp peaks,3.2160072760345613,70.0
broad + sharp peaks,3.223283310595725,70.0
broad + sharp peaks,3.2305593451568893,70.0
broad + sharp peaks,3.2378353797180535,70.0
broad + sharp peaks,3.2451114142792177,70.0
broad + sharp peaks,3.252387448840382,70.0
broad + sharp peaks,3.259663483401546,70.0
broad + sharp peaks,3.2669395179627103,70.0
broad + sharp peaks,3.2742155525238745,70.0
broad + sharp peaks,3.2814915870850387,70.0
broad + sharp peaks,3.2887676216462025,70.0
broad + sharp peaks,3.2960436562073667,70.0
broad + sharp peaks,3.303319690768531,70.0
broad + sharp peaks,3.310595725329695,70.0
broad + sharp peaks,3.3178717598908594,70.0
broad + sharp peaks,3.3251477944520236,70.0
broad + sharp peaks,3.332423829013188,70.0
broad + sharp peaks,3.339699863574352,70.0
broad + sharp peaks,3.346975898135516,70.0
broad + sharp peaks,3.35425193269668,70.0
broad + sharp peaks,3.361527967257844,70.0
broad + sharp peaks,3.3688040018190084,70.0
broad + sharp peaks,3.3760800363801726,70.0
broad + sharp peaks,3.383356070941337,70.0
broad + sharp peaks,3.390632105502501,70.0
broad + sharp peaks,3.3979081400636653,70.0
broad + sharp peaks,3.4051841746248295,70.0
broad + sharp peaks,3.4124602091859937,70.0
broad + sharp peaks,3.419736243747158,70.0
broad + sharp peaks,3.4270122783083217,70.0
broad + sharp peaks,3.434288312869486,70.0
broad + sharp peaks,3.44156434743065,70.0
broad + sharp peaks,3.4488403819918143,70.0
broad + sharp peaks,3.4561164165529785,70.0
broad + sharp peaks,3.4633924511141427,70.0
broad + sharp peaks,3.470668485675307,70.0
broad + sharp peaks,3.477944520236471,70.0
broad + sharp peaks,3.4852205547976354,70.0
broad + sharp peaks,3.492496589358799,70.0
broad + sharp peaks,3.4997726239199634,70.0
broad + sharp peaks,3.5070486584811276,70.0
broad + sharp peaks,3.514324693042292,70.0
broad + sharp peaks,3.521600727603456,70.0
broad + sharp peaks,3.52887676216462,70.0
broad + sharp peaks,3.5361527967257844,70.0
broad + sharp peaks,3.5434288312869486,70.0
broad + sharp peaks,3.550704865848113,70.0
broad + sharp peaks,3.5579809004092766,70.0
broad + sharp peaks,3.565256934970441,70.0
broad + sharp peaks,3.572532969531605,70.0
broad + sharp peaks,3.5798090040927693,70.0
broad + sharp peaks,3.5870850386539335,70.0
broad + sharp peaks,3.5943610732150977,70.0
broad + sharp peaks,3.601637107776262,70.0
broad + sharp peaks,3.608913142337426,70.0
broad + sharp peaks,3.6161891768985903,70.0
broad + sharp peaks,3.6234652114597545,70.0
broad + sharp peaks,3.6307412460209183,70.0
broad + sharp peaks,3.6380172805820825,70.0
broad + sharp peaks,3.6452933151432467,70.0
broad + sharp peaks,3.652569349704411,70.0
broad + sharp peaks,3.659845384265575,70.0
broad + sharp peaks,3.6671214188267394,70.0
broad + sharp peaks,3.6743974533879036,70.0
broad + sharp peaks,3.681673487949068,70.0
broad + sharp peaks,3.688949522510232,70.0
broad + sharp peaks,3.6962255570713958,70.0
broad + sharp peaks,3.70350159163256,70.0
broad + sharp peaks,3.710777626193724,70.0
broad + sharp peaks,3.7180536607548884,70.0
broad + sharp peaks,3.7253296953160526,70.0
broad + sharp peaks,3.732605729877217,70.0
broad + sharp peaks,3.739881764438381,70.0
broad + sharp peaks,3.7471577989995453,70.0
broad + sharp peaks,3.7544338335607095,70.0
broad + sharp peaks,3.7617098681218732,70.0
broad + sharp peaks,3.7689859026830375,70.0
broad + sharp peaks,3.7762619372442017,70.0
broad + sharp peaks,3.783537971805366,70.0
broad + sharp peaks,3.79081400636653,70.0
broad + sharp peaks,3.7980900409276943,70.0
broad + sharp peaks,3.8053660754888585,70.0
broad + sharp peaks,3.8126421100500227,70.0
broad + sharp peaks,3.819918144611187,70.0
broad + sharp peaks,3.8271941791723507,70.0
broad + sharp peaks,3.834470213733515,70.0
broad + sharp peaks,3.841746248294679,70.0
broad + sharp peaks,3.8490222828558434,70.0
broad + sharp peaks,3.8562983174170076,70.0
broad + sharp peaks,3.863574351978172,70.0
broad + sharp peaks,3.870850386539336,70.0
broad + sharp peaks,3.8781264211005,70.0
broad + sharp peaks,3.8854024556616644,70.0
broad + sharp peaks,3.8926784902228286,70.0
broad + sharp peaks,3.8999545247839924,70.0
broad + sharp peaks,3.9072305593451566,70.0
broad + sharp peaks,3.914506593906321,70.0
broad + sharp peaks,3.921782628467485,70.0
broad + sharp peaks,3.9290586630286493,70.0
broad + sharp peaks,3.9363346975898135,70.0
broad + sharp peaks,3.9436107321509777,70.0
broad + sharp peaks,3.950886766712142,70.0
broad + sharp peaks,3.958162801273306,70.0
broad + sharp peaks,3.96543883583447,70.0
broad + sharp peaks,3.972714870395634,70.0
broad + sharp peaks,3.9799909049567983,70.0
broad + sharp peaks,3.9872669395179625,70.0
broad + sharp peaks,3.9945429740791267,70.0
broad + sharp peaks,4.0018190086402905,70.0
broad + sharp peaks,4.009095043201455,70.0
broad + sharp peaks,4.016371077762619,70.00000000000001
broad + sharp peaks,4.023647112323784,70.00000000000003
broad + sharp peaks,4.030923146884947,70.00000000000006
broad + sharp peaks,4.038199181446112,70.0000000000001
broad + sharp peaks,4.045475216007276,70.00000000000021
broad + sharp peaks,4.05275125056844,70.00000000000041
broad + sharp peaks,4.060027285129604,70.0000000000008
broad + sharp peaks,4.067303319690768,70.00000000000153
broad + sharp peaks,4.074579354251933,70.00000000000297
broad + sharp peaks,4.081855388813096,70.00000000000567
broad + sharp peaks,4.089131423374261,70.00000000001079
broad + sharp peaks,4.096407457935425,70.00000000002035
broad + sharp peaks,4.1036834924965895,70.00000000003816
broad + sharp peaks,4.110959527057753,70.0000000000711
broad + sharp peaks,4.118235561618918,70.00000000013159
broad + sharp peaks,4.125511596180082,70.00000000024197
broad + sharp peaks,4.132787630741245,70.00000000044204
broad + sharp peaks,4.14006366530241,70.0000000008023
broad + sharp peaks,4.147339699863574,70.00000000144668
broad + sharp peaks,4.1546157344247385,70.00000000259159
broad + sharp peaks,4.161891768985902,70.00000000461236
broad + sharp peaks,4.169167803547067,70.0000000081553
broad + sharp peaks,4.176443838108231,70.00000001432579
broad + sharp peaks,4.183719872669395,70.00000002500107
broad + sharp peaks,4.190995907230559,70.00000004334713
broad + sharp peaks,4.198271941791724,70.0000000746661
broad + sharp peaks,4.205547976352888,70.00000012777566
broad + sharp peaks,4.212824010914051,70.00000021723724
broad + sharp peaks,4.220100045475216,70.00000036692892
broad + sharp peaks,4.22737608003638,70.00000061573108
broad + sharp peaks,4.234652114597544,70.00000102650655
broad + sharp peaks,4.241928149158708,70.00000170017599
broad + sharp peaks,4.249204183719873,70.0000027976123
broad + sharp peaks,4.256480218281037,70.00000457343677
broad + sharp peaks,4.263756252842201,70.00000742778512
broad + sharp peaks,4.271032287403365,70.0000119849847
broad + sharp peaks,4.278308321964529,70.00001921220166
broad + sharp peaks,4.2855843565256935,70.00003059696081
broad + sharp peaks,4.292860391086857,70.00004841065342
broad + sharp peaks,4.300136425648022,70.00007609657312
broad + sharp peaks,4.307412460209186,70.00011883674703
broad + sharp peaks,4.31468849477035,70.00018437325011
broad + sharp peaks,4.321964529331514,70.0002841885449
broad + sharp peaks,4.329240563892679,70.00043518781406
broad + sharp peaks,4.3365165984538425,70.00066207682171
broad + sharp peaks,4.343792633015006,70.00100069456963
broad + sharp peaks,4.351068667576171,70.00150264434946
broad + sharp peaks,4.358344702137335,70.00224167352548
broad + sharp peaks,4.365620736698499,70.00332238550682
broad + sharp peaks,4.372896771259663,70.00489203082707
broad + sharp peaks,4.380172805820828,70.00715632156684
broad + sharp peaks,4.387448840381992,70.01040044711449
broad + sharp peaks,4.394724874943156,70.01501674041396
broad + sharp peaks,4.40200090950432,70.02154075084988
broad + sharp peaks,4.409276944065484,70.03069781766833
broad + sharp peaks,4.416552978626648,70.04346259646721
broad + sharp peaks,4.423829013187812,70.06113435487846
broad + sharp peaks,4.431105047748977,70.0854311987561
broad + sharp peaks,4.438381082310141,70.11860668498271
broad + sharp peaks,4.445657116871305,70.16359247980495
broad + sharp peaks,4.452933151432469,70.22417078070929
broad + sharp peaks,4.460209185993634,70.30518007372854
broad + sharp peaks,4.4674852205547975,70.41275737664031
broad + sharp peaks,4.474761255115961,70.55461934568555
broad + sharp peaks,4.482037289677126,70.74038342118467
broad + sharp peaks,4.48931332423829,70.98192848162756
broad + sharp peaks,4.496589358799454,71.29379220379036
broad + sharp peaks,4.503865393360618,71.69359944623739
broad + sharp peaks,4.511141427921783,72.20251247461297
broad + sharp peaks,4.5184174624829465,72.84568976161054
broad + sharp peaks,4.525693497044111,73.65273550883605
broad + sharp peaks,4.532969531605275,74.65811710280931
broad + sharp peaks,4.540245566166439,75.90152265615987
broad + sharp peaks,4.547521600727603,77.42812589666796
broad + sharp peaks,4.554797635288767,79.28872132427398
broad + sharp peaks,4.562073669849932,81.53968919771917
broad + sharp peaks,4.569349704411096,84.24274802420987
broad + sharp peaks,4.57662573897226,87.4644523154481
broad + sharp peaks,4.583901773533424,91.27539593646222
broad + sharp peaks,4.591177808094589,95.74908684920716
broad + sharp peaks,4.598453842655752,100.96046777578513
broad + sharp peaks,4.605729877216917,106.98406945602852
broad + sharp peaks,4.613005911778081,113.89179872540916
broad + sharp peaks,4.620281946339245,121.75038231796714
broad + sharp peaks,4.627557980900409,130.61850855128495
broad + sharp peaks,4.634834015461573,140.54373202889494
broad + sharp peaks,4.642110050022738,151.559230066195
broad + sharp peaks,4.6493860845839015,163.68052232305166
broad + sharp peaks,4.656662119145066,176.90228553313983
broad + sharp peaks,4.66393815370623,191.19541157688806
broad + sharp peaks,4.6712141882673945,206.5044677814767
broad + sharp peaks,4.678490222828558,222.74572171515007
broad + sharp peaks,4.685766257389722,239.80588761843785
broad + sharp peaks,4.693042291950887,257.5417371365386
broad + sharp peaks,4.7003183265120505,275.7806928720931
broad + sharp peaks,4.707594361073215,294.3224897760499
broad + sharp peaks,4.714870395634379,312.94194752306316
broad + sharp peaks,4.722146430195544,331.3928484438551
broad + sharp peaks,4.729422464756707,349.412862604843
broad + sharp peaks,4.736698499317872,366.72940705095886
broad + sharp peaks,4.743974533879036,383.0662732355124
broad + sharp peaks,4.7512505684401996,398.15080858239884
broad + sharp peaks,4.758526603001364,411.721398213302
broad + sharp peaks,4.765802637562528,423.53496405657006
broad + sharp peaks,4.773078672123693,433.374183206857
broad + sharp peaks,4.780354706684856,441.0541271334452
broad + sharp peaks,4.787630741246021,446.4280388281815
broad + sharp peaks,4.794906775807185,449.39199591736235
broad + sharp peaks,4.8021828103683495,449.88825278653735
broad + sharp peaks,4.809458844929513,447.9071115729468
broad + sharp peaks,4.816734879490677,443.4872373396667
broad + sharp peaks,4.824010914051842,436.71440312247375
broad + sharp peaks,4.8312869486130054,427.7187217508513
broad + sharp peaks,4.83856298317417,416.67048924499227
broad + sharp peaks,4.845839017735334,403.7748252726449
broad + sharp peaks,4.8531150522964985,389.2653462136623
broad + sharp peaks,4.860391086857662,373.3971431682488
broad + sharp peaks,4.867667121418827,356.43935901088867
broad + sharp peaks,4.874943155979991,338.66766459959666
broad + sharp peaks,4.8822191905411545,320.3569247890161
broad + sharp peaks,4.889495225102319,301.7743212217105
broad + sharp peaks,4.896771259663483,283.1731630731158
broad + sharp peaks,4.904047294224648,264.7875717363898
broad + sharp peaks,4.911323328785811,246.82817400715138
broad + sharp peaks,4.918599363346976,229.47888399328465
broad + sharp peaks,4.92587539790814,212.8947999960521
broad + sharp peaks,4.933151432469304,197.20119196653533
broad + sharp peaks,4.940427467030468,182.49351035595868
broad + sharp peaks,4.947703501591632,168.83831017690252
broad + sharp peaks,4.954979536152797,156.27495613700188
broad + sharp peaks,4.96225557071396,144.8179563746708
broad + sharp peaks,4.969531605275125,134.45976354554287
broad + sharp peaks,4.976807639836289,125.17388213390193
broad + sharp peaks,4.9840836743974535,116.91812878874595
broad + sharp peaks,4.991359708958617,109.63790677202803
broad + sharp peaks,4.998635743519782,103.26937462632017
broad + sharp peaks,5.005911778080946,97.74241123150414
broad + sharp peaks,5.013187812642109,92.98330289601469
broad + sharp peaks,5.020463847203274,88.91710154783283
broad + sharp peaks,5.027739881764438,85.46962521457928
broad + sharp peaks,5.0350159163256025,82.5690918472184
broad + sharp peaks,5.042291950886766,80.14739447772901
broad + sharp peaks,5.049567985447931,78.14103932461408
broad + sharp peaks,5.056844020009095,76.49177865037814
broad + sharp peaks,5.064120054570259,75.1469770335338
broad + sharp peaks,5.071396089131423,74.05975352039837
broad + sharp peaks,5.078672123692588,73.18894326791296
broad + sharp peaks,5.085948158253752,72.49892124983691
broad + sharp peaks,5.093224192814915,71.95932787384199
broad + sharp peaks,5.10050022737608,71.54473243395357
broad + sharp peaks,5.107776261937244,71.23426564800376
broad + sharp peaks,5.115052296498408,71.01124748807901
broad + sharp peaks,5.122328331059572,70.86283141440384
broad + sharp peaks,5.129604365620737,70.77968120288239
broad + sharp peaks,5.136880400181901,70.75569197130221
broad + sharp peaks,5.144156434743065,70.78776284850008
broad + sharp peaks,5.151432469304229,70.87562502675469
broad + sharp peaks,5.158708503865393,71.02172567791543
broad + sharp peaks,5.1659845384265575,71.23116535497769
broad + sharp peaks,5.173260572987721,71.51168398210598
broad + sharp peaks,5.180536607548886,71.8736882914791
broad + sharp peaks,5.18781264211005,72.33031153449717
broad + sharp peaks,5.195088676671214,72.89749443226397
broad + sharp peaks,5.202364711232378,73.59407461177582
broad + sharp peaks,5.209640745793543,74.44187020200374
broad + sharp peaks,5.2169167803547065,75.46574186855206
broad + sharp peaks,5.22419281491587,76.69361640574758
broad + sharp peaks,5.231468849477035,78.15645416583837
broad + sharp peaks,5.238744884038199,79.88814219296445
broad + sharp peaks,5.246020918599363,81.9252950659453
broad + sharp peaks,5.253296953160527,84.30694626602333
broad + sharp peaks,5.260572987721692,87.07411449653453
broad + sharp peaks,5.267849022282856,90.26923189802307
broad + sharp peaks,5.27512505684402,93.93542460326853
broad + sharp peaks,5.282401091405184,98.11564059979206
broad + sharp peaks,5.289677125966348,102.8516253980464
broad + sharp peaks,5.296953160527512,108.18275246445543
broad + sharp peaks,5.304229195088676,114.14472262298135
broad + sharp peaks,5.311505229649841,120.76815443673641
broad + sharp peaks,5.318781264211005,128.07709565966957
broad + sharp peaks,5.326057298772169,136.08749383866103
broad + sharp peaks,5.333333333333333,144.80567163461234
broad + sharp peaks,5.340609367894498,154.22685896640832
broad + sharp peaks,5.3478854024556615,164.3338391976772
broad + sharp peaks,5.355161437016825,175.0957698291367
broad + sharp peaks,5.36243747157799,186.46723911627143
broad + sharp peaks,5.369713506139154,198.38761836370747
broad + sharp peaks,5.376989540700318,210.78076511727613
broad + sharp peaks,5.384265575261482,223.55512497611227
broad + sharp peaks,5.391541609822647,236.60426932620646
broad + sharp peaks,5.3988176443838105,249.80789316523362
broad + sharp peaks,5.406093678944975,263.0332817292445
broad + sharp peaks,5.413369713506139,276.1372373917438
broad + sharp peaks,5.420645748067303,288.9684399792938
broad + sharp peaks,5.427921782628467,301.37019504682166
broad + sharp peaks,5.435197817189631,313.18350667172655
broad + sharp peaks,5.442473851750796,324.2503948812973
broad + sharp peaks,5.44974988631196,334.41736382456844
broad + sharp peaks,5.457025920873124,343.5389160633425
broad + sharp peaks,5.464301955434288,351.48100158335967
broad + sharp peaks,5.471577989995453,358.12428783408535
broad + sharp peaks,5.478854024556616,363.36713959538605
broad + sharp peaks,5.486130059117781,367.128204799314
broad + sharp peaks,5.493406093678945,369.34851440640796
broad + sharp peaks,5.500682128240109,369.9930205971749
broad + sharp peaks,5.507958162801273,369.05151720624286
broad + sharp peaks,5.515234197362437,366.5389086169223
broad + sharp peaks,5.522510231923602,362.4948172154812
broad + sharp peaks,5.5297862664847655,356.98254385390186
broad + sharp peaks,5.53706230104593,350.0874194367501
broad + sharp peaks,5.544338335607094,341.9146076209944
broad + sharp peaks,5.5516143701682585,332.58643768895183
broad + sharp peaks,5.558890404729422,322.2393620756658
broad + sharp peaks,5.566166439290586,311.02064415988235
broad + sharp peaks,5.573442473851751,299.08488835758385
broad + sharp peaks,5.5807185084129145,286.59052613814504
broad + sharp peaks,5.587994542974079,273.69636842041155
broad + sharp peaks,5.595270577535243,260.55832724389234
broad + sharp peaks,5.602546612096408,247.32639820347248
broad + sharp peaks,5.609822646657571,234.14198060905633
broad + sharp peaks,5.617098681218736,221.1355955279805
broad + sharp peaks,5.6243747157799,208.42504369809777
broad + sharp peaks,5.6316507503410635,196.1140266834616
broad + sharp peaks,5.638926784902228,184.29123646256176
broad + sharp peaks,5.646202819463392,173.0299016833567
broad + sharp peaks,5.653478854024557,162.38776375843307
broad + sharp peaks,5.66075488858572,152.40744332466898
broad + sharp peaks,5.668030923146885,143.1171477051657
broad + sharp peaks,5.675306957708049,134.5316630670286
broad + sharp peaks,5.6825829922692135,126.65357098202867
broad + sharp peaks,5.689859026830377,119.47462793548053
broad + sharp peaks,5.697135061391541,112.97724773271555
broad + sharp peaks,5.704411095952706,107.13603036592679
broad + sharp peaks,5.7116871305138694,101.91928630278707
broad + sharp peaks,5.718963165075034,97.29051188202408
broad + sharp peaks,5.726239199636198,93.20977908289791
broad + sharp peaks,5.7335152341973625,89.635010927151
broad + sharp peaks,5.740791268758526,86.52312176620653
broad + sharp peaks,5.748067303319691,83.83100935250395
broad + sharp peaks,5.755343337880855,81.51639260900647
broad + sharp peaks,5.7626193724420185,79.53849518468775
broad + sharp peaks,5.769895407003183,77.85858007892583
broad + sharp peaks,5.777171441564347,76.44034476559307
broad + sharp peaks,5.784447476125512,75.25018934122019
broad + sharp peaks,5.791723510686675,74.2573723055831
broad + sharp peaks,5.79899954524784,73.4340697427076
broad + sharp peaks,5.806275579809004,72.75535402008911
broad + sharp peaks,5.813551614370168,72.19910779625125
broad + sharp peaks,5.820827648931332,71.74588826184274
broad + sharp peaks,5.828103683492496,71.37875527649108
broad + sharp peaks,5.835379718053661,71.08307553381526
broad + sharp peaks,5.842655752614824,70.8463132082739
broad + sharp peaks,5.849931787175989,70.65781581111969
broad + sharp peaks,5.857207821737153,70.50860229131949
broad + sharp peaks,5.8644838562983175,70.39115882460102
broad + sharp peaks,5.871759890859481,70.29924628531538
broad + sharp peaks,5.879035925420646,70.22772212044313
broad + sharp peaks,5.88631195998181,70.17237825727626
broad + sharp peaks,5.893587994542973,70.1297957785768
broad + sharp peaks,5.900864029104138,70.09721638450802
broad + sharp peaks,5.908140063665302,70.07243011567046
broad + sharp peaks,5.9154160982264665,70.0536784179497
broad + sharp peaks,5.92269213278763,70.03957136685898
broad + sharp peaks,5.929968167348795,70.02901771504118
broad + sharp peaks,5.937244201909959,70.0211663604129
broad + sharp peaks,5.944520236471123,70.01535783430516
broad + sharp peaks,5.951796271032287,70.01108446111179
broad + sharp peaks,5.959072305593452,70.0079579280082
broad + sharp peaks,5.966348340154616,70.0056831123715
broad + sharp peaks,5.973624374715779,70.00403713522368
broad + sharp peaks,5.980900409276944,70.00285273325488
broad + sharp peaks,5.988176443838108,70.00200516376898
broad + sharp peaks,5.995452478399272,70.00140197202677
broad + sharp peaks,6.002728512960436,70.00097505623421
broad + sharp peaks,6.010004547521601,70.00067456032481
broad + sharp peaks,6.017280582082765,70.00046420812765
broad + sharp peaks,6.024556616643929,70.00031776459119
broad + sharp peaks,6.031832651205093,70.00021637101327
broad + sharp peaks,6.039108685766257,70.00014655258107
broad + sharp peaks,6.0463847203274215,70.00009873898983
broad + sharp peaks,6.053660754888585,70.00006617359111
broad + sharp peaks,6.06093678944975,70.00004411451845
broad + sharp peaks,6.068212824010914,70.00002925359183
broad + sharp peaks,6.075488858572078,70.00001929646109
broad + sharp peaks,6.082764893133242,70.00001266126078
broad + sharp peaks,6.090040927694407,70.00000826374782
broad + sharp peaks,6.0973169622555705,70.00000536510187
broad + sharp peaks,6.104592996816734,70.00000346481224
broad + sharp peaks,6.111869031377899,70.00000222578008
broad + sharp peaks,6.119145065939063,70.00000142228168
broad + sharp peaks,6.126421100500227,70.00000090404447
broad + sharp peaks,6.133697135061391,70.00000057160338
broad + sharp peaks,6.140973169622556,70.00000035950141
broad + sharp peaks,6.14824920418372,70.0000002249092
broad + sharp peaks,6.155525238744884,70.00000013996346
broad + sharp peaks,6.162801273306048,70.0000000866409
broad + sharp peaks,6.170077307867212,70.00000005334971
broad + sharp peaks,6.177353342428376,70.00000003267698
broad + sharp peaks,6.18462937698954,70.00000001990914
broad + sharp peaks,6.191905411550705,70.00000001206602
broad + sharp peaks,6.199181446111869,70.00000000727405
broad + sharp peaks,6.206457480673033,70.00000000436204
broad + sharp peaks,6.213733515234197,70.00000000260198
broad + sharp peaks,6.221009549795362,70.0000000015439
broad + sharp peaks,6.2282855843565255,70.00000000091124
broad + sharp peaks,6.235561618917689,70.000000000535
broad + sharp peaks,6.242837653478854,70.00000000031244
broad + sharp peaks,6.250113688040018,70.0000000001815
broad + sharp peaks,6.257389722601182,70.00000000010488
broad + sharp peaks,6.264665757162346,70.00000000006028
broad + sharp peaks,6.271941791723511,70.00000000003448
broad + sharp peaks,6.2792178262846745,70.00000000001961
broad + sharp peaks,6.286493860845839,70.00000000001108
broad + sharp peaks,6.293769895407003,70.00000000000624
broad + sharp peaks,6.301045929968167,70.0000000000035
broad + sharp peaks,6.308321964529331,70.00000000000195
broad + sharp peaks,6.315597999090495,70.00000000000108
broad + sharp peaks,6.32287403365166,70.0000000000006
broad + sharp peaks,6.3301500682128236,70.00000000000033
broad + sharp peaks,6.337426102773988,70.00000000000017
broad + sharp peaks,6.344702137335152,70.0000000000001
broad + sharp peaks,6.351978171896317,70.00000000000006
broad + sharp peaks,6.35925420645748,70.00000000000003
broad + sharp peaks,6.366530241018645,70.00000000000001
broad + sharp peaks,6.373806275579809,70.00000000000001
broad + sharp peaks,6.381082310140973,70.0
broad + sharp peaks,6.388358344702137,70.0
broad + sharp peaks,6.395634379263301,70.0
broad + sharp peaks,6.402910413824466,70.0
broad + sharp peaks,6.4101864483856295,70.0
broad + sharp peaks,6.417462482946794,70.0
broad + sharp peaks,6.424738517507958,70.0
broad + sharp peaks,6.4320145520691225,70.0
broad + sharp peaks,6.439290586630286,70.0
broad + sharp peaks,6.44656662119145,70.0
broad + sharp peaks,6.453842655752615,70.0
broad + sharp peaks,6.4611186903137785,70.0
broad + sharp peaks,6.468394724874943,70.0
broad + sharp peaks,6.475670759436107,70.0
broad + sharp peaks,6.482946793997272,70.0
broad + sharp peaks,6.490222828558435,70.0
broad + sharp peaks,6.4974988631196,70.0
broad + sharp peaks,6.504774897680764,70.0
broad + sharp peaks,6.5120509322419275,70.0
broad + sharp peaks,6.519326966803092,70.0
broad + sharp peaks,6.526603001364256,70.0
broad + sharp peaks,6.533879035925421,70.0
broad + sharp peaks,6.541155070486584,70.0
broad + sharp peaks,6.548431105047749,70.0
broad + sharp peaks,6.555707139608913,70.0
broad + sharp peaks,6.5629831741700775,70.0
broad + sharp peaks,6.570259208731241,70.0
broad + sharp peaks,6.577535243292405,70.0
broad + sharp peaks,6.58481127785357,70.0
broad + sharp peaks,6.5920873124147334,70.0
broad + sharp peaks,6.599363346975898,70.0
broad + sharp peaks,6.606639381537062,70.0
broad + sharp peaks,6.6139154160982265,70.0
broad + sharp peaks,6.62119145065939,70.0
broad + sharp peaks,6.628467485220555,70.0
broad + sharp peaks,6.635743519781719,70.0
broad + sharp peaks,6.6430195543428825,70.0
broad + sharp peaks,6.650295588904047,70.0
broad + sharp peaks,6.657571623465211,70.0
broad + sharp peaks,6.664847658026376,70.0
broad + sharp peaks,6.672123692587539,70.0
broad + sharp peaks,6.679399727148704,70.0
broad + sharp peaks,6.686675761709868,70.0
broad + sharp peaks,6.693951796271032,70.0
broad + sharp peaks,6.701227830832196,70.0
broad + sharp peaks,6.70850386539336,70.0
broad + sharp peaks,6.715779899954525,70.0
broad + sharp peaks,6.723055934515688,70.0
broad + sharp peaks,6.730331969076853,70.0
broad + sharp peaks,6.737608003638017,70.0
broad + sharp peaks,6.7448840381991815,70.0
broad + sharp peaks,6.752160072760345,70.0
broad + sharp peaks,6.75943610732151,70.0
broad + sharp peaks,6.766712141882674,70.0
broad + sharp peaks,6.773988176443837,70.0
broad + sharp peaks,6.781264211005002,70.0
broad + sharp peaks,6.788540245566166,70.0
broad + sharp peaks,6.7958162801273305,70.0
broad + sharp peaks,6.803092314688494,70.0
broad + sharp peaks,6.810368349249659,70.0
broad + sharp peaks,6.817644383810823,70.0
broad + sharp peaks,6.824920418371987,70.0
broad + sharp peaks,6.832196452933151,70.0
broad + sharp peaks,6.839472487494316,70.00000000000001
broad + sharp peaks,6.84674852205548,70.00000000000001
broad + sharp peaks,6.854024556616643,70.00000000000001
broad + sharp peaks,6.861300591177808,70.00000000000001
broad + sharp peaks,6.868576625738972,70.00000000000001
broad + sharp peaks,6.875852660300136,70.00000000000001
broad + sharp peaks,6.8831286948613,70.00000000000001
broad + sharp peaks,6.890404729422465,70.00000000000001
broad + sharp peaks,6.897680763983629,70.00000000000003
broad + sharp peaks,6.904956798544793,70.00000000000003
broad + sharp peaks,6.912232833105957,70.00000000000003
broad + sharp peaks,6.919508867667121,70.00000000000003
broad + sharp peaks,6.9267849022282855,70.00000000000004
broad + sharp peaks,6.934060936789449,70.00000000000004
broad + sharp peaks,6.941336971350614,70.00000000000004
broad + sharp peaks,6.948613005911778,70.00000000000006
broad + sharp peaks,6.955889040472942,70.00000000000006
broad + sharp peaks,6.963165075034106,70.00000000000007
broad + sharp peaks,6.970441109595271,70.00000000000007
broad + sharp peaks,6.9777171441564345,70.00000000000009
broad + sharp peaks,6.984993178717598,70.0000000000001
broad + sharp peaks,6.992269213278763,70.00000000000011
broad + sharp peaks,6.999545247839927,70.00000000000013
broad + sharp peaks,7.006821282401091,70.00000000000014
broad + sharp peaks,7.014097316962255,70.00000000000016
broad + sharp peaks,7.02137335152342,70.00000000000017
broad + sharp peaks,7.028649386084584,70.0000000000002
broad + sharp peaks,7.035925420645748,70.00000000000023
broad + sharp peaks,7.043201455206912,70.00000000000026
broad + sharp peaks,7.050477489768076,70.00000000000028
broad + sharp peaks,7.05775352432924,70.00000000000033
broad + sharp peaks,7.065029558890404,70.00000000000037
broad + sharp peaks,7.072305593451569,70.00000000000041
broad + sharp peaks,7.079581628012733,70.00000000000047
broad + sharp peaks,7.086857662573897,70.00000000000053
broad + sharp peaks,7.094133697135061,70.0000000000006
broad + sharp peaks,7.101409731696226,70.00000000000067
broad + sharp peaks,7.1086857662573895,70.00000000000075
broad + sharp peaks,7.115961800818553,70.00000000000085
broad + sharp peaks,7.123237835379718,70.00000000000095
broad + sharp peaks,7.130513869940882,70.00000000000107
broad + sharp peaks,7.137789904502046,70.00000000000121
broad + sharp peaks,7.14506593906321,70.00000000000136
broad + sharp peaks,7.152341973624375,70.00000000000153
broad + sharp peaks,7.1596180081855385,70.00000000000172
broad + sharp peaks,7.166894042746703,70.00000000000193
broad + sharp peaks,7.174170077307867,70.00000000000217
broad + sharp peaks,7.181446111869031,70.00000000000244
broad + sharp peaks,7.188722146430195,70.00000000000274
broad + sharp peaks,7.195998180991359,70.00000000000308
broad + sharp peaks,7.203274215552524,70.00000000000347
broad + sharp peaks,7.2105502501136876,70.0000000000039
broad + sharp peaks,7.217826284674852,70.00000000000438
broad + sharp peaks,7.225102319236016,70.00000000000492
broad + sharp peaks,7.232378353797181,70.00000000000551
broad + sharp peaks,7.239654388358344,70.0000000000062
broad + sharp peaks,7.246930422919509,70.00000000000695
broad + sharp peaks,7.254206457480673,70.00000000000779
broad + sharp peaks,7.261482492041837,70.00000000000874
broad + sharp peaks,7.268758526603001,70.0000000000098
broad + sharp peaks,7.276034561164165,70.00000000001098
broad + sharp peaks,7.28331059572533,70.00000000001232
broad + sharp peaks,7.2905866302864935,70.0000000000138
broad + sharp peaks,7.297862664847658,70.00000000001546
broad + sharp peaks,7.305138699408822,70.00000000001732
broad + sharp peaks,7.3124147339699865,70.0000000000194
broad + sharp peaks,7.31969076853115,70.00000000002171
broad + sharp peaks,7.326966803092314,70.00000000002431
broad + sharp peaks,7.334242837653479,70.00000000002721
broad + sharp peaks,7.3415188722146425,70.00000000003044
broad + sharp peaks,7.348794906775807,70.00000000003406
broad + sharp peaks,7.356070941336971,70.0000000000381
broad + sharp peaks,7.363346975898136,70.0000000000426
broad + sharp peaks,7.370623010459299,70.00000000004763
broad + sharp peaks,7.377899045020464,70.00000000005323
broad + sharp peaks,7.385175079581628,70.0000000000595
broad + sharp peaks,7.3924511141427915,70.00000000006648
broad + sharp peaks,7.399727148703956,70.00000000007425
broad + sharp peaks,7.40700318326512,70.00000000008293
broad + sharp peaks,7.414279217826285,70.0000000000926
broad + sharp peaks,7.421555252387448,70.00000000010338
broad + sharp peaks,7.428831286948613,70.00000000011539
broad + sharp peaks,7.436107321509777,70.00000000012875
broad + sharp peaks,7.4433833560709415,70.00000000014364
broad + sharp peaks,7.450659390632105,70.00000000016023
broad + sharp peaks,7.457935425193269,70.00000000017869
broad + sharp peaks,7.465211459754434,70.00000000019922
broad + sharp peaks,7.4724874943155974,70.00000000022207
broad + sharp peaks,7.479763528876762,70.0000000002475
broad + sharp peaks,7.487039563437926,70.00000000027576
broad + sharp peaks,7.4943155979990905,70.0000000003072
broad + sharp peaks,7.501591632560254,70.00000000034215
broad + sharp peaks,7.508867667121419,70.000000000381
broad + sharp peaks,7.516143701682583,70.00000000042417
broad + sharp peaks,7.5234197362437465,70.00000000047211
broad + sharp peaks,7.530695770804911,70.00000000052538
broad + sharp peaks,7.537971805366075,70.00000000058452
broad + sharp peaks,7.54524783992724,70.0000000006502
broad + sharp peaks,7.552523874488403,70.00000000072309
broad + sharp peaks,7.559799909049568,70.000000000804
broad + sharp peaks,7.567075943610732,70.00000000089375
broad + sharp peaks,7.574351978171896,70.00000000099332
broad + sharp peaks,7.58162801273306,70.00000000110376
broad + sharp peaks,7.588904047294224,70.0000000012262
broad + sharp peaks,7.596180081855389,70.00000000136194
broad + sharp peaks,7.603456116416552,70.00000000151239
broad + sharp peaks,7.610732150977717,70.0000000016791
broad + sharp peaks,7.618008185538881,70.0000000018638
broad + sharp peaks,7.6252842201000455,70.00000000206838
broad + sharp peaks,7.632560254661209,70.00000000229491
broad + sharp peaks,7.639836289222374,70.00000000254573
broad + sharp peaks,7.647112323783538,70.00000000282336
broad + sharp peaks,7.654388358344701,70.0000000031306
broad + sharp peaks,7.661664392905866,70.00000000347053
broad + sharp peaks,7.66894042746703,70.00000000384658
broad + sharp peaks,7.6762164620281945,70.00000000426246
broad + sharp peaks,7.683492496589358,70.00000000472231
broad + sharp peaks,7.690768531150523,70.00000000523066
broad + sharp peaks,7.698044565711687,70.0000000057925
broad + sharp peaks,7.705320600272851,70.00000000641333
broad + sharp peaks,7.712596634834015,70.0000000070992
broad + sharp peaks,7.71987266939518,70.00000000785677
broad + sharp peaks,7.727148703956344,70.00000000869332
broad + sharp peaks,7.734424738517507,70.00000000961691
broad + sharp peaks,7.741700773078672,70.00000001063638
broad + sharp peaks,7.748976807639836,70.00000001176143
broad + sharp peaks,7.756252842201,70.00000001300272
broad + sharp peaks,7.763528876762164,70.00000001437198
broad + sharp peaks,7.770804911323329,70.00000001588205
broad + sharp peaks,7.778080945884493,70.00000001754708
broad + sharp peaks,7.785356980445657,70.00000001938255
broad + sharp peaks,7.792633015006821,70.0000000214055
broad + sharp peaks,7.799909049567985,70.00000002363457
broad + sharp peaks,7.8071850841291495,70.00000002609025
broad + sharp peaks,7.814461118690313,70.00000002879496
broad + sharp peaks,7.821737153251478,70.00000003177334
broad + sharp peaks,7.829013187812642,70.00000003505237
broad + sharp peaks,7.836289222373806,70.00000003866161
broad + sharp peaks,7.84356525693497,70.00000004263345
broad + sharp peaks,7.850841291496135,70.00000004700337
broad + sharp peaks,7.8581173260572985,70.00000005181025
broad + sharp peaks,7.865393360618462,70.0000000570966
broad + sharp peaks,7.872669395179627,70.00000006290902
broad + sharp peaks,7.879945429740791,70.00000006929847
broad + sharp peaks,7.887221464301955,70.0000000763207
broad + sharp peaks,7.894497498863119,70.00000008403673
broad + sharp peaks,7.901773533424284,70.00000009251325
broad + sharp peaks,7.909049567985448,70.0000001018232
broad + sharp peaks,7.916325602546612,70.00000011204632
broad + sharp peaks,7.923601637107776,70.00000012326974
broad + sharp peaks,7.93087767166894,70.00000013558868
broad + sharp peaks,7.938153706230104,70.00000014910712
broad + sharp peaks,7.945429740791268,70.00000016393867
broad + sharp peaks,7.952705775352433,70.00000018020731
broad + sharp peaks,7.959981809913597,70.00000019804845
broad + sharp peaks,7.967257844474761,70.00000021760985
broad + sharp peaks,7.974533879035925,70.00000023905271
broad + sharp peaks,7.98180991359709,70.0000002625529
broad + sharp peaks,7.9890859481582535,70.00000028830225
broad + sharp peaks,7.996361982719417,70.00000031650985
broad + sharp peaks,8.003638017280581,70.00000034740374
broad + sharp peaks,8.010914051841747,70.00000038123237
broad + sharp peaks,8.01819008640291,70.00000041826651
broad + sharp peaks,8.025466120964074,70.0000004588011
broad + sharp peaks,8.032742155525238,70.00000050315735
broad + sharp peaks,8.040018190086403,70.00000055168509
broad + sharp peaks,8.047294224647567,70.00000060476506
broad + sharp peaks,8.054570259208731,70.00000066281171
broad + sharp peaks,8.061846293769895,70.000000726276
broad + sharp peaks,8.069122328331058,70.00000079564848
broad + sharp peaks,8.076398362892224,70.00000087146273
broad + sharp peaks,8.083674397453388,70.00000095429891
broad + sharp peaks,8.090950432014552,70.00000104478775
broad + sharp peaks,8.098226466575715,70.00000114361475
broad + sharp peaks,8.10550250113688,70.0000012515248
broad + sharp peaks,8.112778535698045,70.0000013693271
broad + sharp peaks,8.120054570259208,70.00000149790054
broad + sharp peaks,8.127330604820372,70.00000163819949
broad + sharp peaks,8.134606639381536,70.00000179125999
broad + sharp peaks,8.141882673942701,70.00000195820655
broad + sharp peaks,8.149158708503865,70.00000214025935
broad + sharp peaks,8.156434743065029,70.00000233874215
broad + sharp peaks,8.163710777626193,70.00000255509066
broad + sharp peaks,8.170986812187358,70.00000279086171
broad + sharp peaks,8.178262846748522,70.00000304774308
broad + sharp peaks,8.185538881309686,70.00000332756404
broad + sharp peaks,8.19281491587085,70.0000036323068
broad + sharp peaks,8.200090950432013,70.00000396411876
broad + sharp peaks,8.207366984993179,70.00000432532579
broad + sharp peaks,8.214643019554343,70.00000471844638
broad + sharp peaks,8.221919054115506,70.00000514620706
broad + sharp peaks,8.22919508867667,70.00000561155883
broad + sharp peaks,8.236471123237836,70.00000611769494
broad + sharp peaks,8.243747157799,70.00000666806994
broad + sharp peaks,8.251023192360163,70.00000726642021
broad + sharp peaks,8.258299226921327,70.00000791678598
broad + sharp peaks,8.26557526148249,70.00000862353502
broad + sharp peaks,8.272851296043656,70.00000939138819
broad + sharp peaks,8.28012733060482,70.0000102254466
broad + sharp peaks,8.287403365165984,70.00001113122113
broad + sharp peaks,8.294679399727148,70.00001211466386
broad + sharp peaks,8.301955434288313,70.00001318220191
broad + sharp peaks,8.309231468849477,70.0000143407737
broad + sharp peaks,8.31650750341064,70.00001559786791
broad + sharp peaks,8.323783537971805,70.00001696156524
broad + sharp peaks,8.33105957253297,70.00001844058305
broad + sharp peaks,8.338335607094134,70.00002004432345
broad + sharp peaks,8.345611641655298,70.00002178292462
broad + sharp peaks,8.352887676216461,70.0000236673159
broad + sharp peaks,8.360163710777625,70.00002570927676
broad + sharp peaks,8.36743974533879,70.00002792149986
broad + sharp peaks,8.374715779899955,70.00003031765877
broad + sharp peaks,8.381991814461118,70.00003291248014
broad + sharp peaks,8.389267849022282,70.00003572182119
broad + sharp peaks,8.396543883583448,70.0000387627524
broad + sharp peaks,8.403819918144611,70.00004205364598
broad + sharp peaks,8.411095952705775,70.00004561427059
broad + sharp peaks,8.418371987266939,70.00004946589225
broad + sharp peaks,8.425648021828103,70.00005363138251
broad + sharp peaks,8.432924056389268,70.00005813533377
broad + sharp peaks,8.440200090950432,70.0000630041825
broad + sharp peaks,8.447476125511596,70.0000682663407
broad + sharp peaks,8.45475216007276,70.00007395233645
broad + sharp peaks,8.462028194633925,70.00008009496355
broad + sharp peaks,8.469304229195089,70.00008672944136
broad + sharp peaks,8.476580263756253,70.00009389358527
broad + sharp peaks,8.483856298317416,70.0001016279883
broad + sharp peaks,8.49113233287858,70.00010997621477
broad + sharp peaks,8.498408367439746,70.00011898500667
broad + sharp peaks,8.50568440200091,70.00012870450344
broad + sharp peaks,8.512960436562073,70.00013918847613
broad + sharp peaks,8.520236471123237,70.00015049457659
broad + sharp peaks,8.527512505684403,70.00016268460284
broad + sharp peaks,8.534788540245566,70.00017582478134
broad + sharp peaks,8.54206457480673,70.0001899860674
broad + sharp peaks,8.549340609367894,70.00020524446455
broad + sharp peaks,8.556616643929058,70.00022168136425
broad + sharp peaks,8.563892678490223,70.00023938390683
broad + sharp peaks,8.571168713051387,70.00025844536522
broad + sharp peaks,8.57844474761255,70.00027896555247
broad + sharp peaks,8.585720782173714,70.00030105125464
broad + sharp peaks,8.59299681673488,70.00032481669047
broad + sharp peaks,8.600272851296044,70.00035038399918
broad + sharp peaks,8.607548885857208,70.00037788375828
broad + sharp peaks,8.614824920418371,70.00040745553281
broad + sharp peaks,8.622100954979535,70.00043924845792
broad + sharp peaks,8.6293769895407,70.00047342185648
broad + sharp peaks,8.636653024101864,70.0005101458939
broad + sharp peaks,8.643929058663028,70.00054960227193
broad + sharp peaks,8.651205093224192,70.00059198496368
broad + sharp peaks,8.658481127785358,70.00063750099214
broad + sharp peaks,8.665757162346521,70.00068637125445
broad + sharp peaks,8.673033196907685,70.00073883139434
broad + sharp peaks,8.680309231468849,70.00079513272543
broad + sharp peaks,8.687585266030013,70.00085554320786
broad + sharp peaks,8.694861300591178,70.00092034848137
broad + sharp peaks,8.702137335152342,70.00098985295729
broad + sharp peaks,8.709413369713506,70.0010643809729
broad + sharp peaks,8.71668940427467,70.00114427801131
broad + sharp peaks,8.723965438835835,70.00122991198982
broad + sharp peaks,8.731241473396999,70.00132167462078
broad + sharp peaks,8.738517507958163,70.0014199828481
broad + sharp peaks,8.745793542519326,70.00152528036355
broad + sharp peaks,8.75306957708049,70.00163803920657
broad + sharp peaks,8.760345611641656,70.00175876145175
broad + sharp peaks,8.76762164620282,70.00188798098837
broad + sharp peaks,8.774897680763983,70.00202626539632
broad + sharp peaks,8.782173715325147,70.00217421792306
broad + sharp peaks,8.789449749886312,70.00233247956649
broad + sharp peaks,8.796725784447476,70.0025017312688
broad + sharp peaks,8.80400181900864,70.00268269622627
broad + sharp peaks,8.811277853569804,70.00287614232079
broad + sharp peaks,8.818553888130968,70.00308288467829
broad + sharp peaks,8.825829922692133,70.00330378836037
broad + sharp peaks,8.833105957253297,70.0035397711948
broad + sharp peaks,8.84038199181446,70.00379180675132
broad + sharp peaks,8.847658026375624,70.00406092746934
broad + sharp peaks,8.85493406093679,70.00434822794392
broad + sharp peaks,8.862210095497954,70.00465486837747
broad + sharp peaks,8.869486130059117,70.00498207820398
broad + sharp peaks,8.876762164620281,70.00533115989336
broad + sharp peaks,8.884038199181445,70.0057034929437
broad + sharp peaks,8.89131423374261,70.00610053806922
broad + sharp peaks,8.898590268303774,70.00652384159233
broad + sharp peaks,8.905866302864938,70.00697504004798
broad + sharp peaks,8.913142337426102,70.00745586500936
broad + sharp peaks,8.920418371987267,70.00796814814377
broad + sharp peaks,8.927694406548431,70.00851382650798
broad + sharp peaks,8.934970441109595,70.00909494809255
broad + sharp peaks,8.942246475670759,70.0097136776252
broad + sharp peaks,8.949522510231922,70.01037230264293
broad + sharp peaks,8.956798544793088,70.01107323984374
broad + sharp peaks,8.964074579354252,70.01181904172809
broad + sharp peaks,8.971350613915416,70.01261240354158
broad + sharp peaks,8.97862664847658,70.01345617052965
broad + sharp peaks,8.985902683037745,70.01435334551603
broad + sharp peaks,8.993178717598909,70.01530709681664
broad + sharp peaks,9.000454752160072,70.01632076650102
broad + sharp peaks,9.007730786721236,70.01739787901356
broad + sharp peaks,9.0150068212824,70.01854215016722
broad + sharp peaks,9.022282855843565,70.01975749652259
broad + sharp peaks,9.02955889040473,70.02104804516522
broad + sharp peaks,9.036834924965893,70.02241814389497
broad + sharp peaks,9.044110959527057,70.02387237184065
broad + sharp peaks,9.051386994088222,70.02541555051398
broad + sharp peaks,9.058663028649386,70.02705275531696
broad + sharp peaks,9.06593906321055,70.02878932751699
broad + sharp peaks,9.073215097771714,70.03063088670419
broad + sharp peaks,9.080491132332877,70.0325833437457
broad + sharp peaks,9.087767166894043,70.03465291425199
broad + sharp peaks,9.095043201455207,70.03684613257002
broad + sharp peaks,9.10231923601637,70.03916986631874
broad + sharp peaks,9.109595270577534,70.04163133148221
broad + sharp peaks,9.1168713051387,70.04423810807592
broad + sharp peaks,9.124147339699864,70.04699815640181
broad + sharp peaks,9.131423374261027,70.04991983390791
broad + sharp peaks,9.138699408822191,70.05301191266807
broad + sharp peaks,9.145975443383355,70.05628359749785
broad + sharp peaks,9.15325147794452,70.05974454472234
broad + sharp peaks,9.160527512505684,70.06340488161146
broad + sharp peaks,9.167803547066848,70.06727522649892
broad + sharp peaks,9.175079581628012,70.0713667096002
broad + sharp peaks,9.182355616189177,70.07569099454513
broad + sharp peaks,9.189631650750341,70.08026030064082
broad + sharp peaks,9.196907685311505,70.08508742587992
broad + sharp peaks,9.204183719872669,70.09018577070924
broad + sharp peaks,9.211459754433834,70.09556936257383
broad + sharp peaks,9.218735788994998,70.10125288125073
broad + sharp peaks,9.226011823556162,70.10725168498682
broad + sharp peaks,9.233287858117325,70.11358183745428
broad + sharp peaks,9.24056389267849,70.1202601355374
broad + sharp peaks,9.247839927239655,70.12730413796329
broad + sharp peaks,9.255115961800819,70.13473219478925
broad + sharp peaks,9.262391996361982,70.14256347775812
broad + sharp peaks,9.269668030923146,70.15081801153329
broad + sharp peaks,9.276944065484312,70.15951670582352
broad + sharp peaks,9.284220100045475,70.16868138840738
broad + sharp peaks,9.29149613460664,70.17833483906634
broad + sharp peaks,9.298772169167803,70.18850082443441
broad + sharp peaks,9.306048203728967,70.1992041337717
broad + sharp peaks,9.313324238290132,70.21047061566766
broad + sharp peaks,9.320600272851296,70.22232721567947
broad + sharp peaks,9.32787630741246,70.23480201490928
broad + sharp peaks,9.335152341973624,70.24792426952293
broad + sharp peaks,9.342428376534789,70.2617244512119
broad + sharp peaks,9.349704411095953,70.27623428859826
broad + sharp peaks,9.356980445657117,70.29148680958141
broad + sharp peaks,9.36425648021828,70.30751638462381
broad + sharp peaks,9.371532514779444,70.32435877097107
broad + sharp peaks,9.37880854934061,70.34205115780048
broad + sharp peaks,9.386084583901773,70.36063221229
broad + sharp peaks,9.393360618462937,70.38014212659796
broad + sharp peaks,9.400636653024101,70.40062266574205
broad + sharp peaks,9.407912687585267,70.42211721636377
broad + sharp peaks,9.41518872214643,70.44467083636273
broad + sharp peaks,9.422464756707594,70.468330305383
broad + sharp peaks,9.429740791268758,70.49314417613121
broad + sharp peaks,9.437016825829922,70.51916282650397
broad + sharp peaks,9.444292860391087,70.54643851249998
broad + sharp peaks,9.451568894952251,70.57502542188888
broad + sharp peaks,9.458844929513415,70.60497972860736
broad + sharp peaks,9.466120964074578,70.63635964784947
broad + sharp peaks,9.473396998635744,70.6692254918158
broad + sharp peaks,9.480673033196908,70.70363972608308
broad + sharp peaks,9.487949067758072,70.73966702655325
broad + sharp peaks,9.495225102319235,70.77737433693726
broad + sharp peaks,9.502501136880399,70.81683092672657
broad + sharp peaks,9.509777171441565,70.85810844960164
broad + sharp peaks,9.517053206002728,70.90128100222381
broad + sharp peaks,9.524329240563892,70.94642518335303
broad + sharp peaks,9.531605275125056,70.9936201532316
broad + sharp peaks,9.538881309686221,71.04294769316924
broad + sharp peaks,9.546157344247385,71.09449226526263
broad + sharp peaks,9.553433378808549,71.14834107217797
broad + sharp peaks,9.560709413369713,71.20458411692213
broad + sharp peaks,9.567985447930877,71.2633142625239
broad + sharp peaks,9.575261482492042,71.3246272915433
broad + sharp peaks,9.582537517053206,71.38862196532303
broad + sharp peaks,9.58981355161437,71.45540008289264
broad + sharp peaks,9.597089586175533,71.52506653943162
broad + sharp peaks,9.604365620736699,71.59772938419431
broad + sharp peaks,9.611641655297863,71.67349987779511
broad + sharp peaks,9.618917689859027,71.75249254874947
broad + sharp peaks,9.62619372442019,71.83482524916086
broad + sharp peaks,9.633469758981354,71.9206192094416
broad + sharp peaks,9.64074579354252,72.00999909195025
broad + sharp peaks,9.648021828103683,72.10309304342522
broad + sharp peaks,9.655297862664847,72.2000327460902
broad + sharp peaks,9.662573897226011,72.30095346730305
broad + sharp peaks,9.669849931787176,72.40599410761608
broad + sharp peaks,9.67712596634834,72.51529724711243
broad + sharp peaks,9.684402000909504,72.62900918987894
broad + sharp peaks,9.691678035470668,72.74728000647283
broad + sharp peaks,9.698954070031832,72.87026357423579
broad + sharp peaks,9.706230104592997,72.99811761530596
broad + sharp peaks,9.71350613915416,73.13100373217466
broad + sharp peaks,9.720782173715325,73.26908744063229
broad + sharp peaks,9.728058208276488,73.41253819994358
broad + sharp peaks,9.735334242837654,73.561529440091
broad + sharp peaks,9.742610277398818,73.7162385859208
broad + sharp peaks,9.749886311959981,73.87684707802583
broad + sharp peaks,9.757162346521145,74.04354039019375
broad + sharp peaks,9.764438381082309,74.21650804325047
broad + sharp peaks,9.771714415643475,74.39594361512403
broad + sharp peaks,9.778990450204638,74.5820447469537
broad + sharp peaks,9.786266484765802,74.77501314506762
broad + sharp peaks,9.793542519326966,74.9750545786498
broad + sharp peaks,9.800818553888131,75.18237887291777
broad + sharp peaks,9.808094588449295,75.39719989763003
broad + sharp peaks,9.815370623010459,75.61973555074357
broad + sharp peaks,9.822646657571623,75.8502077370393
broad + sharp peaks,9.829922692132786,76.08884234153544
broad + sharp peaks,9.837198726693952,76.33586919750822
broad + sharp peaks,9.844474761255116,76.59152204893984
broad + sharp peaks,9.85175079581628,76.85603850721596
broad + sharp peaks,9.859026830377443,77.12966000189436
broad + sharp peaks,9.866302864938609,77.41263172537053
broad + sharp peaks,9.873578899499773,77.70520257126572
broad + sharp peaks,9.880854934060936,78.00762506636848
broad + sharp peaks,9.8881309686221,78.3201552959602
broad + sharp peaks,9.895407003183264,78.64305282236141
broad + sharp peaks,9.90268303774443,78.97658059653799
broad + sharp peaks,9.909959072305593,79.32100486261056
broad + sharp peaks,9.917235106866757,79.6765950551163
broad + sharp peaks,9.92451114142792,80.04362368887512
broad + sharp peaks,9.931787175989086,80.42236624132035
broad + sharp peaks,9.93906321055025,80.81310102715756
broad + sharp peaks,9.946339245111414,81.21610906522449
broad + sharp peaks,9.953615279672578,81.63167393742827
broad + sharp peaks,9.960891314233741,82.06008163964702
broad + sharp peaks,9.968167348794907,82.50162042448868
broad + sharp peaks,9.97544338335607,82.95658063580838
broad + sharp peaks,9.982719417917234,83.42525453489645
broad + sharp peaks,9.989995452478398,83.90793611825495
broad + sharp peaks,9.997271487039564,84.40492092689368
broad + sharp peaks,10.004547521600728,84.91650584708461
broad + sharp peaks,10.011823556161891,85.44298890252703
broad + sharp peaks,10.019099590723055,85.98466903788265
broad + sharp peaks,10.026375625284219,86.54184589365599
broad + sharp peaks,10.033651659845384,87.11481957240515
broad + sharp peaks,10.040927694406548,87.70389039627996
broad + sharp peaks,10.048203728967712,88.30935865590104
broad + sharp peaks,10.055479763528876,88.93152435060144
broad + sharp peaks,10.062755798090041,89.57068692007124
broad + sharp peaks,10.070031832651205,90.22714496745648
broad + sharp peaks,10.077307867212369,90.90119597398186
broad + sharp peaks,10.084583901773533,91.5931360051766
broad + sharp peaks,10.091859936334698,92.30325940880407
broad + sharp peaks,10.099135970895862,93.03185850460625
broad + sharp peaks,10.106412005457026,93.77922326599605
broad + sharp peaks,10.11368804001819,94.54564099383994
broad + sharp peaks,10.120964074579353,95.33139598249595
broad + sharp peaks,10.128240109140519,96.13676917828666
broad + sharp peaks,10.135516143701683,96.96203783060244
broad + sharp peaks,10.142792178262846,97.80747513585293
broad + sharp peaks,10.15006821282401,98.67334987449418
broad + sharp peaks,10.157344247385176,99.55992604138513
broad + sharp peaks,10.16462028194634,100.46746246973782
broad + sharp peaks,10.171896316507503,101.39621244895136
broad + sharp peaks,10.179172351068667,102.3464233366281
broad + sharp peaks,10.18644838562983,103.31833616509797
broad + sharp peaks,10.193724420190996,104.31218524278945
broad + sharp peaks,10.20100045475216,105.32819775080404
broad + sharp peaks,10.208276489313324,106.36659333507389
broad + sharp peaks,10.215552523874488,107.42758369449194
broad + sharp peaks,10.222828558435653,108.51137216542999
broad + sharp peaks,10.230104592996817,109.61815330307073
broad + sharp peaks,10.23738062755798,110.74811246000525
broad + sharp peaks,10.244656662119144,111.90142536255381
broad + sharp peaks,10.251932696680308,113.07825768529483
broad + sharp peaks,10.259208731241474,114.27876462429757
broad + sharp peaks,10.266484765802637,115.50309046957013
broad + sharp peaks,10.273760800363801,116.75136817725601
broad + sharp peaks,10.281036834924965,118.02371894211707
broad + sharp peaks,10.28831286948613,119.32025177086612
broad + sharp peaks,10.295588904047294,120.64106305691848
broad + sharp peaks,10.302864938608458,121.98623615715313
broad + sharp peaks,10.310140973169622,123.35584097127665
broad + sharp peaks,10.317417007730786,124.74993352440585
broad + sharp peaks,10.324693042291951,126.16855555348987
broad + sharp peaks,10.331969076853115,127.61173409820378
broad + sharp peaks,10.339245111414279,129.07948109696216
broad + sharp peaks,10.346521145975442,130.57179298869772
broad + sharp peaks,10.353797180536608,132.08865032107153
broad + sharp peaks,10.361073215097772,133.63001736577792
broad + sharp peaks,10.368349249658936,135.1958417416244
broad + sharp peaks,10.3756252842201,136.78605404605824
broad + sharp peaks,10.382901318781263,138.4005674958289
broad + sharp peaks,10.390177353342429,140.0392775774717
broad + sharp peaks,10.397453387903592,141.7020617082988
broad + sharp peaks,10.404729422464756,143.38877890859442
broad + sharp peaks,10.41200545702592,145.0992694856948
broad + sharp peaks,10.419281491587085,146.83335473064858
broad + sharp peaks,10.42655752614825,148.59083662813777
broad + sharp peaks,10.433833560709413,150.3714975803482
broad + sharp peaks,10.441109595270577,152.17510014545744
broad + sharp peaks,10.44838562983174,154.00138679141747
broad + sharp peaks,10.455661664392906,155.85007966569208
broad + sharp peaks,10.46293769895407,157.72088038160115
broad + sharp peaks,10.470213733515234,159.6134698219214
broad + sharp peaks,10.477489768076397,161.52750796036736
broad + sharp peaks,10.484765802637563,163.46263370157743
broad + sharp peaks,10.492041837198727,165.4184647402056
broad + sharp peaks,10.49931787175989,167.39459743971383
broad + sharp peaks,10.506593906321054,169.3906067314291
broad + sharp peaks,10.513869940882218,171.4060460344244
broad + sharp peaks,10.521145975443384,173.44044719675682
broad + sharp peaks,10.528422010004547,175.49332045857193
broad + sharp peaks,10.535698044565711,177.56415443757362
broad + sharp peaks,10.542974079126875,179.65241613731615
broad + sharp peaks,10.55025011368804,181.7575509787689
broad + sharp peaks,10.557526148249204,183.87898285556398
broad + sharp peaks,10.564802182810368,186.01611421332376
broad + sharp peaks,10.572078217371532,188.1683261534186
broad + sharp peaks,10.579354251932696,190.33497856149302
broad + sharp peaks,10.586630286493861,192.51541026105798
broad + sharp peaks,10.593906321055025,194.70893919241433
broad + sharp peaks,10.601182355616189,196.9148626171508
broad + sharp peaks,10.608458390177352,199.1324573484065
broad + sharp peaks,10.615734424738518,201.36098000707375
broad + sharp peaks,10.623010459299682,203.59966730406376
broad + sharp peaks,10.630286493860845,205.84773634873866
broad + sharp peaks,10.63756252842201,208.10438498355518
broad + sharp peaks,10.644838562983173,210.36879214494542
broad + sharp peaks,10.652114597544339,212.640118250412
broad + sharp peaks,10.659390632105502,214.91750561177395
broad + sharp peaks,10.666666666666666,217.2000788744714
broad + sharp peaks,10.67394270122783,219.48694548277675
broad + sharp peaks,10.681218735788995,221.77719617073947
broad + sharp peaks,10.68849477035016,224.06990547863444
broad + sharp peaks,10.695770804911323,226.36413229465765
broad + sharp peaks,10.703046839472487,228.65892042155187
broad + sharp peaks,10.71032287403365,230.95329916782157
broad + sharp peaks,10.717598908594816,233.24628396314438
broad + sharp peaks,10.72487494315598,235.53687699754317
broad + sharp peaks,10.732150977717144,237.82406788385364
broad + sharp peaks,10.739427012278307,240.10683434296016
broad + sharp peaks,10.746703046839473,242.38414291125156
broad + sharp peaks,10.753979081400637,244.65494966969297
broad + sharp peaks,10.7612551159618,246.9182009938835
broad + sharp peaks,10.768531150522964,249.17283432441033
broad + sharp peaks,10.775807185084128,251.41777895679104
broad + sharp peaks,10.783083219645293,253.6519568502436
broad + sharp peaks,10.790359254206457,255.87428345448848
broad + sharp peaks,10.797635288767621,258.08366855375994
broad + sharp peaks,10.804911323328785,260.2790171271485
broad + sharp peaks,10.81218735788995,262.45923022438126
broad + sharp peaks,10.819463392451114,264.62320585609893
broad + sharp peaks,10.826739427012278,266.7698398976686
broad + sharp peaks,10.834015461573442,268.89802700552264
broad + sharp peaks,10.841291496134605,271.0066615450025
broad + sharp peaks,10.848567530695771,273.0946385286452
broad + sharp peaks,10.855843565256935,275.1608545638257
broad + sharp peaks,10.863119599818098,277.2042088086513
broad + sharp peaks,10.870395634379262,279.22360393496353
broad + sharp peaks,10.877671668940428,281.2179470972975
broad + sharp peaks,10.884947703501592,283.1861509066163
broad + sharp peaks,10.892223738062755,285.12713440763105
broad + sharp peaks,10.89949977262392,287.0398240584835
broad + sharp peaks,10.906775807185083,288.92315471157144
broad + sharp peaks,10.914051841746248,290.7760705942716
broad + sharp peaks,10.921327876307412,292.59752628830654
broad + sharp peaks,10.928603910868576,294.3864877065017
broad + sharp peaks,10.93587994542974,296.1419330656537
broad + sharp peaks,10.943155979990905,297.8628538542455
broad + sharp peaks,10.950432014552069,299.54825579372755
broad + sharp peaks,10.957708049113233,301.19715979209474
broad + sharp peaks,10.964984083674397,302.80860288847657
broad + sharp peaks,10.972260118235562,304.38163918747665
broad + sharp peaks,10.979536152796726,305.91534078199174
broad + sharp peaks,10.98681218735789,307.4087986632596
broad + sharp peaks,10.994088221919053,308.86112361688265
broad + sharp peaks,11.001364256480217,310.27144710359835
broad + sharp peaks,11.008640291041383,311.6389221235763
broad + sharp peaks,11.015916325602547,312.9627240630382
broad + sharp peaks,11.02319236016371,314.24205152202234
broad + sharp peaks,11.030468394724874,315.4761271221247
broad + sharp peaks,11.03774442928604,316.66419829308296
broad + sharp peaks,11.045020463847203,317.8055380370868
broad + sharp peaks,11.052296498408367,318.89944566973315
broad + sharp peaks,11.059572532969531,319.9452475365638
broad + sharp peaks,11.066848567530695,320.94229770416484
broad + sharp peaks,11.07412460209186,321.88997862483467
broad + sharp peaks,11.081400636653024,322.78770177386104
broad + sharp peaks,11.088676671214188,323.6349082584915
broad + sharp peaks,11.095952705775352,324.4310693977102
broad + sharp peaks,11.103228740336517,325.1756872719828
broad + sharp peaks,11.11050477489768,325.8682952421668
broad + sharp peaks,11.117780809458845,326.50845843683413
broad + sharp peaks,11.125056844020008,327.09577420728823
broad + sharp peaks,11.132332878581172,327.629872549614
broad + sharp peaks,11.139608913142338,328.11041649313853
broad + sharp peaks,11.146884947703501,328.5371024547325
broad + sharp peaks,11.154160982264665,328.90966055843165
broad + sharp peaks,11.161437016825829,329.22785491990555
broad + sharp peaks,11.168713051386995,329.4914838953551
broad + sharp peaks,11.175989085948158,329.7003802944705
broad + sharp peaks,11.183265120509322,329.85441155713596
broad + sharp peaks,11.190541155070486,329.953479893618
broad + sharp peaks,11.19781718963165,329.9975223880308
broad + sharp peaks,11.205093224192815,329.9865110649259
broad + sharp peaks,11.212369258753979,329.9204529189058
broad + sharp peaks,11.219645293315143,329.79938990721996
broad + sharp peaks,11.226921327876306,329.62339890535173
broad + sharp peaks,11.234197362437472,329.392591625664
broad + sharp peaks,11.241473396998636,329.10711449922286
broad + sharp peaks,11.2487494315598,328.7671485209749
broad + sharp peaks,11.256025466120963,328.37290905850705
broad + sharp peaks,11.263301500682127,327.9246456246718
broad + sharp peaks,11.270577535243293,327.4226416144141
broad + sharp peaks,11.277853569804456,326.8672140061885
broad + sharp peaks,11.28512960436562,326.2587130284061
broad + sharp peaks,11.292405638926784,325.5975217914041
broad + sharp peaks,11.29968167348795,324.88405588547823
broad + sharp peaks,11.306957708049113,324.1187629455693
broad + sharp peaks,11.314233742610277,323.30212218324
broad + sharp peaks,11.32150977717144,322.43464388663097
broad + sharp peaks,11.328785811732605,321.51686888912235
broad + sharp peaks,11.33606184629377,320.5493680074776
broad + sharp peaks,11.343337880854934,319.5327414502867
broad + sharp peaks,11.350613915416098,318.4676181975644
broad + sharp peaks,11.357889949977261,317.3546553524043
broad + sharp peaks,11.365165984538427,316.19453746562147
broad + sharp peaks,11.37244201909959,314.9879758343577
broad + sharp peaks,11.379718053660755,313.7357077756501
broad + sharp peaks,11.386994088221918,312.43849587600687
broad + sharp peaks,11.394270122783082,311.09712721805556
broad + sharp peaks,11.401546157344248,309.7124125853599
broad + sharp peaks,11.408822191905411,308.2851856465335
broad + sharp peaks,11.416098226466575,306.8163021197904
broad + sharp peaks,11.423374261027739,305.3066389191125
broad + sharp peaks,11.430650295588904,303.75709328321716
broad + sharp peaks,11.437926330150068,302.1685818885396
broad + sharp peaks,11.445202364711232,300.54203994744864
broad + sharp peaks,11.452478399272396,298.8784202929421
broad + sharp peaks,11.45975443383356,297.1786924510679
broad + sharp peaks,11.467030468394725,295.4438417023309
broad + sharp peaks,11.474306502955889,293.6748681333572
broad + sharp peaks,11.481582537517053,291.87278568008117
broad + sharp peaks,11.488858572078216,290.0386211637376
broad + sharp peaks,11.496134606639382,288.17341332093224
broad + sharp peaks,11.503410641200546,286.27821182906655
broad + sharp peaks,11.51068667576171,284.3540763283835
broad + sharp peaks,11.517962710322873,282.4020754419081
broad + sharp peaks,11.525238744884037,280.4232857945336
broad + sharp peaks,11.532514779445203,278.4187910325048
broad + sharp peaks,11.539790814006366,276.3896808445347
broad + sharp peaks,11.54706684856753,274.3370499857729
broad + sharp peaks,11.554342883128694,272.2619973058395
broad + sharp peaks,11.56161891768986,270.1656247821073
broad + sharp peaks,11.568894952251023,268.04903655940745
broad + sharp peaks,11.576170986812187,265.91333799729887
broad + sharp peaks,11.58344702137335,263.75963472603735
broad + sharp peaks,11.590723055934514,261.58903171233726
broad + sharp peaks,11.59799909049568,259.4026323360033
broad + sharp peaks,11.605275125056844,257.20153747848235
broad + sharp peaks,11.612551159618008,254.98684462434457
broad + sharp peaks,11.619827194179171,252.75964697669204
broad + sharp peaks,11.627103228740337,250.5210325874416
broad + sharp peaks,11.6343792633015,248.272083503411
broad + sharp peaks,11.641655297862664,246.01387492908708
broad + sharp peaks,11.648931332423828,243.74747440693977
broad + sharp peaks,11.656207366984992,241.47394101609004
broad + sharp peaks,11.663483401546157,239.19432459011324
broad + sharp peaks,11.670759436107321,236.90966495472182
broad + sharp peaks,11.678035470668485,234.62099118602058
broad + sharp peaks,11.685311505229649,232.32932089000823
broad + sharp peaks,11.692587539790814,230.0356595039388
broad + sharp peaks,11.699863574351978,227.74099962013076
broad + sharp peaks,11.707139608913142,225.44632033275587
broad + sharp peaks,11.714415643474306,223.15258660811787
broad + sharp peaks,11.72169167803547,220.8607486788701
broad + sharp peaks,11.728967712596635,218.57174146259067
broad + sharp peaks,11.736243747157799,216.28648400509147
broad + sharp peaks,11.743519781718962,214.00587894878484
broad + sharp peaks,11.750795816280126,211.73081202640842
broad + sharp peaks,11.758071850841292,209.46215158034795
broad + sharp peaks,11.765347885402456,207.2007481077716
broad + sharp peaks,11.77262391996362,204.94743383173167
broad + sharp peaks,11.779899954524783,202.70302229837057
broad + sharp peaks,11.787175989085947,200.4683080003061
broad + sharp peaks,11.794452023647112,198.24406602624444
broad + sharp peaks,11.801728058208276,196.03105173682727
broad + sharp peaks,11.80900409276944,193.83000046667337
broad + sharp peaks,11.816280127330604,191.64162725255233
broad + sharp peaks,11.82355616189177,189.46662658757452
broad + sharp peaks,11.830832196452933,187.30567220125835
broad + sharp peaks,11.838108231014097,185.1594168652859
broad + sharp peaks,11.84538426557526,183.02849222474327
broad + sharp peaks,11.852660300136426,180.91350865458816
broad + sharp peaks,11.85993633469759,178.81505514107033
broad + sharp peaks,11.867212369258754,176.73369918778417
broad + sharp peaks,11.874488403819917,174.66998674602115
broad + sharp peaks,11.881764438381081,172.6244421690423
broad + sharp peaks,11.889040472942247,170.59756818987327
broad + sharp peaks,11.89631650750341,168.58984592219758
broad + sharp peaks,11.903592542064574,166.60173488388847
broad + sharp peaks,11.910868576625738,164.6336730427121
broad + sharp peaks,11.918144611186904,162.68607688369474
broad + sharp peaks,11.925420645748067,160.75934149763782
broad + sharp peaks,11.932696680309231,158.85384069023155
broad + sharp peaks,11.939972714870395,156.9699271112151
broad + sharp peaks,11.947248749431559,155.10793240299762
broad + sharp peaks,11.954524783992724,153.26816736814703
broad + sharp peaks,11.961800818553888,151.45092215513773
broad + sharp peaks,11.969076853115052,149.65646646172735
broad + sharp peaks,11.976352887676216,147.885049755334
broad + sharp peaks,11.983628922237381,146.136901509759
broad + sharp peaks,11.990904956798545,144.4122314576037
broad + sharp peaks,11.998180991359709,142.71122985770668
broad + sharp peaks,12.005457025920872,141.03406777693715
broad + sharp peaks,12.012733060482036,139.38089738565924
broad + sharp peaks,12.020009095043202,137.75185226618567
broad + sharp peaks,12.027285129604365,136.14704773353589
broad + sharp peaks,12.03456116416553,134.56658116780397
broad + sharp peaks,12.041837198726693,133.01053235745394
broad + sharp peaks,12.049113233287859,131.47896385284673
broad + sharp peaks,12.056389267849022,129.97192132931573
broad + sharp peaks,12.063665302410186,128.48943395909814
broad + sharp peaks,12.07094133697135,127.03151479144876
broad + sharp peaks,12.078217371532514,125.5981611402525
broad + sharp peaks,12.08549340609368,124.18935497846604
broad + sharp peaks,12.092769440654843,122.8050633387254
broad + sharp peaks,12.100045475216007,121.44523871945684
broad + sharp peaks,12.10732150977717,120.10981949584917
broad + sharp peaks,12.114597544338336,118.79873033504252
broad + sharp peaks,12.1218735788995,117.5118826149083
broad + sharp peaks,12.129149613460664,116.24917484579711
broad + sharp peaks,12.136425648021827,115.01049309465445
broad + sharp peaks,12.143701682582991,113.79571141090562
broad + sharp peaks,12.150977717144157,112.60469225353047
broad + sharp peaks,12.15825375170532,111.4372869187624
broad + sharp peaks,12.165529786266484,110.2933359678544
broad + sharp peaks,12.172805820827648,109.17266965438054
broad + sharp peaks,12.180081855388813,108.07510835054495
broad + sharp peaks,12.187357889949977,107.00046297199574
broad + sharp peaks,12.194633924511141,105.94853540064867
broad + sharp peaks,12.201909959072305,104.91911890505219
broad + sharp peaks,12.209185993633469,103.91199855783276
broad + sharp peaks,12.216462028194634,102.9269516497823
broad + sharp peaks,12.223738062755798,101.96374810016644
broad + sharp peaks,12.231014097316962,101.02215086284536
broad + sharp peaks,12.238290131878125,100.10191632782538
broad + sharp peaks,12.245566166439291,99.20279471786843
broad + sharp peaks,12.252842201000455,98.32453047981133
broad + sharp peaks,12.260118235561619,97.46686267025879
broad + sharp peaks,12.267394270122782,96.62952533533979
broad + sharp peaks,12.274670304683946,95.81224788422747
broad + sharp peaks,12.281946339245112,95.01475545614528
broad + sharp peaks,12.289222373806275,94.2367692805998
broad + sharp peaks,12.29649840836744,93.47800703059472
broad + sharp peaks,12.303774442928603,92.7381831686048
broad + sharp peaks,12.311050477489768,92.01700928509936
broad + sharp peaks,12.318326512050932,91.3141944294275
broad + sharp peaks,12.325602546612096,90.62944543288926
broad + sharp peaks,12.33287858117326,89.96246722384006
broad + sharp peaks,12.340154615734424,89.3129631346863
broad + sharp peaks,12.347430650295589,88.68063520064987
broad + sharp peaks,12.354706684856753,88.06518445019498
broad + sharp peaks,12.361982719417917,87.46631118702341
broad + sharp peaks,12.36925875397908,86.8837152635649
broad + sharp peaks,12.376534788540246,86.31709634589896
broad + sharp peaks,12.38381082310141,85.76615417006259
broad + sharp peaks,12.391086857662573,85.23058878970923
broad + sharp peaks,12.398362892223737,84.71010081510242
broad + sharp peaks,12.405638926784901,84.2043916434363
broad + sharp peaks,12.412914961346067,83.71316368049054
broad + sharp peaks,12.42019099590723,83.23612055363994
broad + sharp peaks,12.427467030468394,82.77296731624787
broad + sharp peaks,12.434743065029558,82.32341064348893
broad + sharp peaks,12.442019099590723,81.88715901965261
broad + sharp peaks,12.449295134151887,81.46392291699368
broad + sharp peaks,12.456571168713051,81.05341496620181
broad + sharp peaks,12.463847203274215,80.65535011857662
broad + sharp peaks,12.471123237835378,80.26944579999945
broad + sharp peaks,12.478399272396544,79.89542205680408
broad + sharp peaks,12.485675306957708,79.53300169365667
broad + sharp peaks,12.492951341518872,79.18191040356089
broad + sharp peaks,12.500227376080035,78.84187689011469
broad + sharp peaks,12.5075034106412,78.51263298214876
broad + sharp peaks,12.514779445202365,78.19391374088508
broad + sharp peaks,12.522055479763528,77.88545755975787
broad + sharp peaks,12.529331514324692,77.58700625704721
broad + sharp peaks,12.536607548885856,77.29830516147773
broad + sharp peaks,12.543883583447021,77.01910319094097
broad + sharp peaks,12.551159618008185,76.74915292450382
broad + sharp peaks,12.558435652569349,76.48821066786785
broad + sharp peaks,12.565711687130513,76.2360365124497
broad + sharp peaks,12.572987721691678,75.9923943882532
broad + sharp peaks,12.580263756252842,75.75705211070833
broad + sharp peaks,12.587539790814006,75.52978142165189
broad + sharp peaks,12.59481582537517,75.31035802462908
broad + sharp peaks,12.602091859936333,75.09856161469413
broad + sharp peaks,12.609367894497499,74.89417590289028
broad + sharp peaks,12.616643929058663,74.69698863559
broad + sharp peaks,12.623919963619826,74.50679160887564
broad + sharp peaks,12.63119599818099,74.32338067814231
broad + sharp peaks,12.638472032742156,74.14655576310281
broad + sharp peaks,12.64574806730332,73.97612084837507
broad + sharp peaks,12.653024101864483,73.8118839798304
broad + sharp peaks,12.660300136425647,73.6536572568814
broad + sharp peaks,12.66757617098681,73.50125682088533
broad + sharp peaks,12.674852205547976,73.3545028398379
broad + sharp peaks,12.68212824010914,73.21321948953081
broad + sharp peaks,12.689404274670304,73.07723493134343
broad + sharp peaks,12.696680309231468,72.94638128683779
broad + sharp peaks,12.703956343792633,72.82049460932289
broad + sharp peaks,12.711232378353797,72.69941485255194
broad + sharp peaks,12.71850841291496,72.58298583671315
broad + sharp peaks,12.725784447476125,72.47105521187235
broad + sharp peaks,12.73306048203729,72.36347441902203
broad + sharp peaks,12.740336516598454,72.26009864888844
broad + sharp peaks,12.747612551159618,72.16078679864503
broad + sharp peaks,12.754888585720781,72.06540142667723
broad + sharp peaks,12.762164620281945,71.97380870554007
broad + sharp peaks,12.76944065484311,71.88587837324627
broad + sharp peaks,12.776716689404275,71.80148368301928
broad + sharp peaks,12.783992723965438,71.7205013516412
broad + sharp peaks,12.791268758526602,71.64281150652309
broad + sharp peaks,12.798544793087768,71.56829763161983
broad + sharp peaks,12.805820827648931,71.49684651230918
broad + sharp peaks,12.813096862210095,71.42834817934973
broad + sharp peaks,12.820372896771259,71.36269585202945
broad + sharp peaks,12.827648931332423,71.29978588061218
broad + sharp peaks,12.834924965893588,71.23951768818551
broad + sharp peaks,12.842201000454752,71.18179371200982
broad + sharp peaks,12.849477035015916,71.12651934446416
broad + sharp peaks,12.85675306957708,71.07360287368115
broad + sharp peaks,12.864029104138245,71.02295542395875
broad + sharp peaks,12.871305138699409,70.97449089603349
broad + sharp peaks,12.878581173260573,70.92812590729545
broad + sharp peaks,12.885857207821736,70.88377973202228
broad + sharp peaks,12.8931332423829,70.841374241705
broad + sharp peaks,12.900409276944066,70.80083384553564
broad + sharp peaks,12.90768531150523,70.76208543112246
broad + sharp peaks,12.914961346066393,70.72505830549535
broad + sharp peaks,12.922237380627557,70.6896841364608
broad + sharp peaks,12.929513415188723,70.65589689436182
broad + sharp peaks,12.936789449749886,70.6236327942957
broad + sharp peaks,12.94406548431105,70.59283023883854
broad + sharp peaks,12.951341518872214,70.5634297613229
broad + sharp peaks,12.958617553433378,70.53537396971149
broad + sharp peaks,12.965893587994543,70.50860749110716
broad + sharp peaks,12.973169622555707,70.48307691693617
broad + sharp peaks,12.98044565711687,70.45873074883919
broad + sharp peaks,12.987721691678034,70.43551934530166
broad + sharp peaks,12.9949977262392,70.41339486905251
broad + sharp peaks,13.002273760800364,70.39231123525752
broad + sharp peaks,13.009549795361528,70.3722240605314
broad + sharp peaks,13.016825829922691,70.35309061278994
broad + sharp peaks,13.024101864483855,70.33486976196168
broad + sharp peaks,13.03137789904502,70.31752193157584
broad + sharp peaks,13.038653933606184,70.30100905124154
broad + sharp peaks,13.045929968167348,70.28529451003108
broad + sharp peaks,13.053206002728512,70.2703431107781
broad + sharp peaks,13.060482037289677,70.25612102529958
broad + sharp peaks,13.067758071850841,70.24259575054882
broad + sharp peaks,13.075034106412005,70.22973606570491
broad + sharp peaks,13.082310140973169,70.21751199020244
broad + sharp peaks,13.089586175534333,70.2058947427036
broad + sharp peaks,13.096862210095498,70.19485670101378
broad + sharp peaks,13.104138244656662,70.18437136293944
broad + sharp peaks,13.111414279217826,70.17441330808703
broad + sharp peaks,13.11869031377899,70.1649581605991
broad + sharp peaks,13.125966348340155,70.15598255282356
broad + sharp peaks,13.133242382901319,70.14746408991057
broad + sharp peaks,13.140518417462483,70.1393813153304
broad + sharp peaks,13.147794452023646,70.13171367730477
broad + sharp peaks,13.15507048658481,70.12444149614343
broad + sharp peaks,13.162346521145976,70.11754593247646
broad + sharp peaks,13.16962255570714,70.11100895637242
broad + sharp peaks,13.176898590268303,70.10481331733155
broad + sharp peaks,13.184174624829467,70.09894251514255
broad + sharp peaks,13.191450659390632,70.09338077159093
broad + sharp peaks,13.198726693951796,70.08811300300633
broad + sharp peaks,13.20600272851296,70.08312479363569
broad + sharp peaks,13.213278763074124,70.07840236982875
broad + sharp peaks,13.220554797635288,70.07393257502191
broad + sharp peaks,13.227830832196453,70.06970284550609
broad + sharp peaks,13.235106866757617,70.06570118696395
broad + sharp peaks,13.24238290131878,70.06191615176171
broad + sharp peaks,13.249658935879944,70.05833681698019
broad + sharp peaks,13.25693497044111,70.05495276316982
broad + sharp peaks,13.264211005002274,70.05175405381426
broad + sharp peaks,13.271487039563437,70.04873121548675
broad + sharp peaks,13.278763074124601,70.04587521868366
broad + sharp peaks,13.286039108685765,70.04317745931942
broad + sharp peaks,13.29331514324693,70.04062974086692
broad + sharp peaks,13.300591177808094,70.03822425712774
broad + sharp peaks,13.307867212369258,70.03595357561626
broad + sharp peaks,13.315143246930422,70.03381062154195
broad + sharp peaks,13.322419281491587,70.03178866237425
broad + sharp peaks,13.329695316052751,70.0298812929744
broad + sharp peaks,13.336971350613915,70.02808242127854
broad + sharp peaks,13.344247385175079,70.0263862545173
broad + sharp peaks,13.351523419736242,70.02478728595602
broad + sharp peaks,13.358799454297408,70.02328028214099
broad + sharp peaks,13.366075488858572,70.02186027063681
broad + sharp peaks,13.373351523419736,70.02052252824012
broad + sharp peaks,13.3806275579809,70.01926256965525
broad + sharp peaks,13.387903592542065,70.0180761366177
broad + sharp peaks,13.395179627103229,70.0169591874512
broad + sharp peaks,13.402455661664392,70.01590788704496
broad + sharp peaks,13.409731696225556,70.01491859723703
broad + sharp peaks,13.41700773078672,70.01398786759107
broad + sharp peaks,13.424283765347885,70.01311242655309
broad + sharp peaks,13.43155979990905,70.01228917297571
broad + sharp peaks,13.438835834470213,70.01151516799712
broad + sharp peaks,13.446111869031377,70.01078762726284
broad + sharp peaks,13.453387903592542,70.01010391347815
broad + sharp peaks,13.460663938153706,70.00946152927959
broad + sharp peaks,13.46793997271487,70.00885811041407
broad + sharp peaks,13.475216007276034,70.00829141921461
broad + sharp peaks,13.482492041837197,70.00775933836174
broad + sharp peaks,13.489768076398363,70.00725986492006
broad + sharp peaks,13.497044110959527,70.00679110463979
broad + sharp peaks,13.50432014552069,70.00635126651306
broad + sharp peaks,13.511596180081854,70.0059386575756
broad + sharp peaks,13.51887221464302,70.00555167794397
broad + sharp peaks,13.526148249204184,70.00518881607947
broad + sharp peaks,13.533424283765347,70.00484864426977
broad + sharp peaks,13.540700318326511,70.00452981431944
broad + sharp peaks,13.547976352887675,70.00423105344134
broad + sharp peaks,13.55525238744884,70.00395116034036
broad + sharp peaks,13.562528422010004,70.00368900148214
broad + sharp peaks,13.569804456571168,70.0034435075386
broad + sharp peaks,13.577080491132332,70.00321367000355
broad + sharp peaks,13.584356525693497,70.00299853797065
broad + sharp peaks,13.591632560254661,70.00279721506746
broad + sharp peaks,13.598908594815825,70.00260885653837
broad + sharp peaks,13.606184629376989,70.00243266647047
broad + sharp peaks,13.613460663938154,70.00226789515591
broad + sharp peaks,13.620736698499318,70.00211383658487
broad + sharp peaks,13.628012733060482,70.00196982606346
broad + sharp peaks,13.635288767621645,70.00183523795086
broad + sharp peaks,13.64256480218281,70.00170948351054
broad + sharp peaks,13.649840836743975,70.00159200887036
broad + sharp peaks,13.657116871305139,70.0014822930865
broad + sharp peaks,13.664392905866302,70.00137984630673
broad + sharp peaks,13.671668940427466,70.00128420802817
broad + sharp peaks,13.678944974988632,70.00119494544539
broad + sharp peaks,13.686221009549795,70.00111165188454
broad + sharp peaks,13.69349704411096,70.00103394531932
broad + sharp peaks,13.700773078672123,70.00096146696528
broad + sharp peaks,13.708049113233287,70.00089387994835
broad + sharp peaks,13.715325147794452,70.00083086804425
broad + sharp peaks,13.722601182355616,70.00077213448525
broad + sharp peaks,13.72987721691678,70.00071740083114
broad + sharp peaks,13.737153251477944,70.0006664059011
broad + sharp peaks,13.744429286039109,70.00061890476364
broad + sharp peaks,13.751705320600273,70.00057466778156
broad + sharp peaks,13.758981355161437,70.0005334797093
broad + sharp peaks,13.7662573897226,70.00049513884014
broad + sharp peaks,13.773533424283764,70.00045945620042
broad + sharp peaks,13.78080945884493,70.00042625478879
broad + sharp peaks,13.788085493406093,70.0003953688579
broad + sharp peaks,13.795361527967257,70.00036664323638
broad + sharp peaks,13.802637562528421,70.00033993268924
broad + sharp peaks,13.809913597089587,70.0003151013145
broad + sharp peaks,13.81718963165075,70.00029202197402
broad + sharp peaks,13.824465666211914,70.00027057575721
broad + sharp peaks,13.831741700773078,70.00025065147535
broad + sharp peaks,13.839017735334242,70.0002321451852
broad + sharp peaks,13.846293769895407,70.00021495974022
broad + sharp peaks,13.853569804456571,70.0001990043681
broad + sharp peaks,13.860845839017735,70.00018419427278
broad + sharp peaks,13.868121873578898,70.00017045026009
broad + sharp peaks,13.875397908140064,70.00015769838535
broad + sharp peaks,13.882673942701228,70.00014586962207
broad + sharp peaks,13.889949977262392,70.00013489955016
broad + sharp peaks,13.897226011823555,70.00012472806297
broad + sharp peaks,13.904502046384719,70.00011529909189
broad + sharp peaks,13.911778080945885,70.00010656034756
broad + sharp peaks,13.919054115507048,70.00009846307678
broad + sharp peaks,13.926330150068212,70.00009096183425
broad + sharp peaks,13.933606184629376,70.00008401426818
broad + sharp peaks,13.940882219190541,70.00007758091917
broad + sharp peaks,13.948158253751705,70.00007162503141
broad + sharp peaks,13.955434288312869,70.00006611237559
broad + sharp peaks,13.962710322874033,70.00006101108279
broad + sharp peaks,13.969986357435197,70.00005629148882
broad + sharp peaks,13.977262391996362,70.0000519259882
broad + sharp peaks,13.984538426557526,70.00004788889743
broad + sharp peaks,13.99181446111869,70.00004415632677
broad + sharp peaks,13.999090495679853,70.00004070606029
broad + sharp peaks,14.006366530241019,70.0000375174435
broad + sharp peaks,14.013642564802183,70.00003457127808
broad + sharp peaks,14.020918599363347,70.0000318497235
broad + sharp peaks,14.02819463392451,70.00002933620488
broad + sharp peaks,14.035470668485674,70.00002701532684
broad + sharp peaks,14.04274670304684,70.00002487279295
broad + sharp peaks,14.050022737608003,70.00002289533045
broad + sharp peaks,14.057298772169167,70.00002107061977
broad + sharp peaks,14.064574806730331,70.00001938722885
broad + sharp peaks,14.071850841291496,70.00001783455166
broad + sharp peaks,14.07912687585266,70.00001640275083
broad + sharp peaks,14.086402910413824,70.00001508270415
broad + sharp peaks,14.093678944974988,70.00001386595446
broad + sharp peaks,14.100954979536152,70.00001274466308
broad + sharp peaks,14.108231014097317,70.0000117115663
broad + sharp peaks,14.11550704865848,70.00001075993471
broad + sharp peaks,14.122783083219645,70.00000988353544
broad + sharp peaks,14.130059117780808,70.00000907659681
broad + sharp peaks,14.137335152341974,70.0000083337755
broad + sharp peaks,14.144611186903138,70.0000076501259
broad + sharp peaks,14.151887221464301,70.00000702107158
broad + sharp peaks,14.159163256025465,70.00000644237872
broad + sharp peaks,14.166439290586629,70.00000591013136
broad + sharp peaks,14.173715325147795,70.00000542070846
broad + sharp peaks,14.180991359708958,70.00000497076233
broad + sharp peaks,14.188267394270122,70.00000455719886
broad + sharp peaks,14.195543428831286,70.00000417715887
broad + sharp peaks,14.202819463392451,70.00000382800098
broad + sharp peaks,14.210095497953615,70.0000035072855
broad + sharp peaks,14.217371532514779,70.00000321275961
broad + sharp peaks,14.224647567075943,70.00000294234351
broad + sharp peaks,14.231923601637106,70.00000269411763
broad + sharp peaks,14.239199636198272,70.00000246631056
broad + sharp peaks,14.246475670759436,70.00000225728816
broad + sharp peaks,14.2537517053206,70.00000206554319
broad + sharp peaks,14.261027739881763,70.00000188968573
broad + sharp peaks,14.268303774442929,70.0000017284345
broad + sharp peaks,14.275579809004093,70.00000158060844
broad + sharp peaks,14.282855843565256,70.00000144511931
broad + sharp peaks,14.29013187812642,70.00000132096449
broad + sharp peaks,14.297407912687584,70.00000120722054
broad + sharp peaks,14.30468394724875,70.00000110303709
broad + sharp peaks,14.311959981809913,70.0000010076313
broad + sharp peaks,14.319236016371077,70.00000092028262
broad + sharp peaks,14.32651205093224,70.00000084032797
broad + sharp peaks,14.333788085493406,70.00000076715736
broad + sharp peaks,14.34106412005457,70.0000007002097
broad + sharp peaks,14.348340154615734,70.00000063896904
broad + sharp peaks,14.355616189176898,70.00000058296106
broad + sharp peaks,14.362892223738061,70.00000053174978
broad + sharp peaks,14.370168258299227,70.00000048493453
broad + sharp peaks,14.37744429286039,70.00000044214727
broad + sharp peaks,14.384720327421554,70.00000040304988
broad + sharp peaks,14.391996361982718,70.00000036733195
broad + sharp peaks,14.399272396543884,70.0000003347084
broad + sharp peaks,14.406548431105048,70.00000030491766
broad + sharp peaks,14.413824465666211,70.00000027771964
broad + sharp peaks,14.421100500227375,70.00000025289404
broad + sharp peaks,14.428376534788539,70.00000023023888
broad + sharp peaks,14.435652569349704,70.00000020956885
broad + sharp peaks,14.442928603910868,70.00000019071413
broad + sharp peaks,14.450204638472032,70.000000173519
broad + sharp peaks,14.457480673033196,70.00000015784077
broad + sharp peaks,14.464756707594361,70.00000014354876
broad + sharp peaks,14.472032742155525,70.00000013052319
broad + sharp peaks,14.479308776716689,70.00000011865444
broad + sharp peaks,14.486584811277853,70.00000010784208
broad + sharp peaks,14.493860845839018,70.00000009799426
broad + sharp peaks,14.501136880400182,70.00000008902686
broad + sharp peaks,14.508412914961346,70.00000008086292
broad + sharp peaks,14.51568894952251,70.00000007343209
broad + sharp peaks,14.522964984083673,70.00000006666998
broad + sharp peaks,14.530241018644839,70.00000006051776
broad + sharp peaks,14.537517053206003,70.00000005492163
broad + sharp peaks,14.544793087767166,70.00000004983242
broad + sharp peaks,14.55206912232833,70.00000004520523
broad + sharp peaks,14.559345156889496,70.000000040999
broad + sharp peaks,14.56662119145066,70.00000003717628
broad + sharp peaks,14.573897226011823,70.00000003370285
broad + sharp peaks,14.581173260572987,70.00000003054748
broad + sharp peaks,14.58844929513415,70.00000002768166
broad + sharp peaks,14.595725329695316,70.00000002507939
broad + sharp peaks,14.60300136425648,70.00000002271695
broad + sharp peaks,14.610277398817644,70.00000002057267
broad + sharp peaks,14.617553433378808,70.00000001862686
broad + sharp peaks,14.624829467939973,70.00000001686152
broad + sharp peaks,14.632105502501137,70.00000001526024
broad + sharp peaks,14.6393815370623,70.00000001380812
broad + sharp peaks,14.646657571623464,70.00000001249153
broad + sharp peaks,14.653933606184628,70.00000001129808
broad + sharp peaks,14.661209640745794,70.0000000102165
broad + sharp peaks,14.668485675306957,70.00000000923649
broad + sharp peaks,14.675761709868121,70.00000000834872
broad + sharp peaks,14.683037744429285,70.00000000754468
broad + sharp peaks,14.69031377899045,70.00000000681665
broad + sharp peaks,14.697589813551614,70.00000000615755
broad + sharp peaks,14.704865848112778,70.000000005561
broad + sharp peaks,14.712141882673942,70.00000000502119
broad + sharp peaks,14.719417917235106,70.00000000453281
broad + sharp peaks,14.726693951796271,70.00000000409108
broad + sharp peaks,14.733969986357435,70.0000000036916
broad + sharp peaks,14.741246020918599,70.00000000333043
broad + sharp peaks,14.748522055479762,70.00000000300396
broad + sharp peaks,14.755798090040928,70.00000000270892
broad + sharp peaks,14.763074124602092,70.00000000244233
broad + sharp peaks,14.770350159163256,70.00000000220152
broad + sharp peaks,14.77762619372442,70.00000000198403
broad + sharp peaks,14.784902228285583,70.00000000178764
broad + sharp peaks,14.792178262846749,70.00000000161036
broad + sharp peaks,14.799454297407912,70.00000000145035
broad + sharp peaks,14.806730331969076,70.00000000130596
broad + sharp peaks,14.81400636653024,70.0000000011757
broad + sharp peaks,14.821282401091405,70.00000000105821
broad + sharp peaks,14.82855843565257,70.00000000095226
broad + sharp peaks,14.835834470213733,70.00000000085673
broad + sharp peaks,14.843110504774897,70.00000000077063
broad + sharp peaks,14.85038653933606,70.00000000069302
broad + sharp peaks,14.857662573897226,70.0000000006231
broad + sharp peaks,14.86493860845839,70.00000000056012
broad + sharp peaks,14.872214643019554,70.0000000005034
broad + sharp peaks,14.879490677580717,70.00000000045232
broad + sharp peaks,14.886766712141883,70.00000000040635
broad + sharp peaks,14.894042746703047,70.00000000036496
broad + sharp peaks,14.90131878126421,70.00000000032773
broad + sharp peaks,14.908594815825374,70.00000000029422
broad + sharp peaks,14.915870850386538,70.0000000002641
broad + sharp peaks,14.923146884947704,70.000000000237
broad + sharp peaks,14.930422919508867,70.00000000021264
broad + sharp peaks,14.937698954070031,70.00000000019074
broad + sharp peaks,14.944974988631195,70.00000000017106
broad + sharp peaks,14.95225102319236,70.00000000015338
broad + sharp peaks,14.959527057753524,70.0000000001375
broad + sharp peaks,14.966803092314688,70.00000000012324
broad + sharp peaks,14.974079126875852,70.00000000011043
broad + sharp peaks,14.981355161437016,70.00000000009894
broad + sharp peaks,14.988631195998181,70.0000000000886
broad + sharp peaks,14.995907230559345,70.00000000007935
broad + sharp peaks,15.003183265120509,70.00000000007104
broad + sharp peaks,15.010459299681672,70.0000000000636
broad + sharp peaks,15.017735334242838,70.00000000005691
broad + sharp peaks,15.025011368804002,70.00000000005092
broad + sharp peaks,15.032287403365165,70.00000000004555
broad + sharp peaks,15.03956343792633,70.00000000004074
broad + sharp peaks,15.046839472487493,70.00000000003642
broad + sharp peaks,15.054115507048659,70.00000000003257
broad + sharp peaks,15.061391541609822,70.0000000000291
broad + sharp peaks,15.068667576170986,70.000000000026
broad + sharp peaks,15.07594361073215,70.00000000002323
broad + sharp peaks,15.083219645293315,70.00000000002076
broad + sharp peaks,15.09049567985448,70.00000000001853
broad + sharp peaks,15.097771714415643,70.00000000001656
broad + sharp peaks,15.105047748976807,70.00000000001478
broad + sharp peaks,15.11232378353797,70.00000000001319
broad + sharp peaks,15.119599818099136,70.00000000001177
broad + sharp peaks,15.1268758526603,70.0000000000105
broad + sharp peaks,15.134151887221464,70.00000000000936
broad + sharp peaks,15.141427921782627,70.00000000000834
broad + sharp peaks,15.148703956343793,70.00000000000745
broad + sharp peaks,15.155979990904957,70.00000000000664
broad + sharp peaks,15.16325602546612,70.00000000000591
broad + sharp peaks,15.170532060027284,70.00000000000527
broad + sharp peaks,15.177808094588448,70.00000000000469
broad + sharp peaks,15.185084129149613,70.00000000000418
broad + sharp peaks,15.192360163710777,70.00000000000372
broad + sharp peaks,15.199636198271941,70.00000000000331
broad + sharp peaks,15.206912232833105,70.00000000000294
broad + sharp peaks,15.21418826739427,70.00000000000263
broad + sharp peaks,15.221464301955434,70.00000000000233
broad + sharp peaks,15.228740336516598,70.00000000000207
broad + sharp peaks,15.236016371077762,70.00000000000185
broad + sharp peaks,15.243292405638925,70.00000000000163
broad + sharp peaks,15.250568440200091,70.00000000000146
broad + sharp peaks,15.257844474761255,70.0000000000013
broad + sharp peaks,15.265120509322418,70.00000000000115
broad + sharp peaks,15.272396543883582,70.00000000000102
broad + sharp peaks,15.279672578444748,70.00000000000091
broad + sharp peaks,15.286948613005912,70.00000000000081
broad + sharp peaks,15.294224647567075,70.00000000000071
broad + sharp peaks,15.301500682128239,70.00000000000064
broad + sharp peaks,15.308776716689403,70.00000000000057
broad + sharp peaks,15.316052751250568,70.0000000000005
broad + sharp peaks,15.323328785811732,70.00000000000044
broad + sharp peaks,15.330604820372896,70.0000000000004
broad + sharp peaks,15.33788085493406,70.00000000000036
broad + sharp peaks,15.345156889495225,70.00000000000031
broad + sharp peaks,15.352432924056389,70.00000000000027
broad + sharp peaks,15.359708958617553,70.00000000000024
broad + sharp peaks,15.366984993178717,70.00000000000021
broad + sharp peaks,15.374261027739882,70.00000000000018
broad + sharp peaks,15.381537062301046,70.00000000000017
broad + sharp peaks,15.38881309686221,70.00000000000016
broad + sharp peaks,15.396089131423373,70.00000000000013
broad + sharp peaks,15.403365165984537,70.00000000000011
broad + sharp peaks,15.410641200545703,70.0000000000001
broad + sharp peaks,15.417917235106867,70.00000000000009
broad + sharp peaks,15.42519326966803,70.00000000000009
broad + sharp peaks,15.432469304229194,70.00000000000007
broad + sharp peaks,15.43974533879036,70.00000000000006
broad + sharp peaks,15.447021373351523,70.00000000000006
broad + sharp peaks,15.454297407912687,70.00000000000004
broad + sharp peaks,15.461573442473851,70.00000000000004
broad + sharp peaks,15.468849477035015,70.00000000000004
broad + sharp peaks,15.47612551159618,70.00000000000003
broad + sharp peaks,15.483401546157344,70.00000000000003
broad + sharp peaks,15.490677580718508,70.00000000000003
broad + sharp peaks,15.497953615279672,70.00000000000003
broad + sharp peaks,15.505229649840837,70.00000000000001
broad + sharp peaks,15.512505684402,70.00000000000001
broad + sharp peaks,15.519781718963165,70.00000000000001
broad + sharp peaks,15.527057753524328,70.00000000000001
broad + sharp peaks,15.534333788085492,70.00000000000001
broad + sharp peaks,15.541609822646658,70.00000000000001
broad + sharp peaks,15.548885857207821,70.00000000000001
broad + sharp peaks,15.556161891768985,70.00000000000001
broad + sharp peaks,15.563437926330149,70.00000000000001
broad + sharp peaks,15.570713960891315,70.0
broad + sharp peaks,15.577989995452478,70.0
broad + sharp peaks,15.585266030013642,70.0
broad + sharp peaks,15.592542064574806,70.0
broad + sharp peaks,15.59981809913597,70.0
broad + sharp peaks,15.607094133697135,70.0
broad + sharp peaks,15.614370168258299,70.0
broad + sharp peaks,15.621646202819463,70.0
broad + sharp peaks,15.628922237380626,70.0
broad + sharp peaks,15.636198271941792,70.0
broad + sharp peaks,15.643474306502956,70.0
broad + sharp peaks,15.65075034106412,70.0
broad + sharp peaks,15.658026375625283,70.0
broad + sharp peaks,15.665302410186447,70.0
broad + sharp peaks,15.672578444747613,70.0
broad + sharp peaks,15.679854479308776,70.0
broad + sharp peaks,15.68713051386994,70.0
broad + sharp peaks,15.694406548431104,70.0
broad + sharp peaks,15.70168258299227,70.0
broad + sharp peaks,15.708958617553433,70.0
broad + sharp peaks,15.716234652114597,70.0
broad + sharp peaks,15.72351068667576,70.0
broad + sharp peaks,15.730786721236925,70.0
broad + sharp peaks,15.73806275579809,70.0
broad + sharp peaks,15.745338790359254,70.0
broad + sharp peaks,15.752614824920418,70.0
broad + sharp peaks,15.759890859481581,70.0
broad + sharp peaks,15.767166894042747,70.0
broad + sharp peaks,15.77444292860391,70.0
broad + sharp peaks,15.781718963165074,70.0
broad + sharp peaks,15.788994997726238,70.0
broad + sharp peaks,15.796271032287402,70.0
broad + sharp peaks,15.803547066848568,70.0
broad + sharp peaks,15.810823101409731,70.0
broad + sharp peaks,15.818099135970895,70.0
broad + sharp peaks,15.825375170532059,70.0
broad + sharp peaks,15.832651205093224,70.0
broad + sharp peaks,15.839927239654388,70.0
broad + sharp peaks,15.847203274215552,70.0
broad + sharp peaks,15.854479308776716,70.0
broad + sharp peaks,15.86175534333788,70.0
broad + sharp peaks,15.869031377899045,70.0
broad + sharp peaks,15.876307412460209,70.0
broad + sharp peaks,15.883583447021373,70.0
broad + sharp peaks,15.890859481582536,70.0
broad + sharp peaks,15.898135516143702,70.0
broad + sharp peaks,15.905411550704866,70.0
broad + sharp peaks,15.91268758526603,70.0
broad + sharp peaks,15.919963619827193,70.0
broad + sharp peaks,15.927239654388357,70.0
broad + sharp peaks,15.934515688949523,70.0
broad + sharp peaks,15.941791723510686,70.0
broad + sharp peaks,15.94906775807185,70.0
broad + sharp peaks,15.956343792633014,70.0
broad + sharp peaks,15.96361982719418,70.0
broad + sharp peaks,15.970895861755343,70.0
broad + sharp peaks,15.978171896316507,70.0
broad + sharp peaks,15.98544793087767,70.0
broad + sharp peaks,15.992723965438834,70.0
broad + sharp peaks,16.0,70.0
