condition,family,eta_mV,X_V,X_H,X_T,theta_H,inside_fitted_support,fitted_support_min_mV,fitted_support_max_mV
acid,A1,1.0,0.1373893114977598,0.058598041123847366,0.8040126469470721,0.12742228031639638,False,1.958220332027736,193.1894786541359
acid,A1,1.5,0.13975007010058604,0.058209819667087714,0.80204010981344,0.12929293264704506,False,1.958220332027736,193.1894786541359
acid,A1,2.0,0.1421363728901781,0.057826695813556483,0.800036930876491,0.13118350958734773,True,1.958220332027736,193.1894786541359
acid,A1,2.5,0.14454790042073284,0.057448648874913744,0.7980034502912403,0.13309398931246458,True,1.958220332027736,193.1894786541359
acid,A1,3.0,0.14698431155801828,0.05707565832269168,0.7959400297345987,0.13502434315106152,True,1.958220332027736,193.1894786541359
acid,A1,3.5,0.14944524351157007,0.05670770378807255,0.7938470522861341,0.13697453552505012,True,1.958220332027736,193.1894786541359
acid,A1,4.0,0.1519303117987203,0.05634476509230879,0.7917249227031853,0.13894452389617484,True,1.958220332027736,193.1894786541359
acid,A1,4.5,0.15443911033719004,0.05598682212171191,0.7895740671197693,0.1409342587196388,True,1.958220332027736,193.1894786541359
acid,A1,5.0,0.15697121148061655,0.05563385497531215,0.7873949331262953,0.14294368340494898,True,1.958220332027736,193.1894786541359
acid,A1,5.5,0.1595261661295755,0.055285843814534275,0.7851879896347835,0.14497273428414542,True,1.958220332027736,193.1894786541359
acid,A1,6.0,0.16210350388878858,0.054942768994648006,0.7829537266852427,0.147021340587565,True,1.958220332027736,193.1894786541359
acid,A1,6.5,0.16470273329782792,0.05460461094752844,0.7806926553215465,0.14908942442727427,True,1.958220332027736,193.1894786541359
acid,A1,7.0,0.167323341985659,0.05427135023050589,0.7784053073489616,0.15117690078828905,True,1.958220332027736,193.1894786541359
acid,A1,7.5,0.1699647969892748,0.05394296750482752,0.7760922350634747,0.15328367752768232,True,1.958220332027736,193.1894786541359
acid,A1,8.0,0.1726265449784048,0.05361944357540338,0.7737540109926666,0.15540965538166324,True,1.958220332027736,193.1894786541359
acid,A1,8.5,0.1753080127107065,0.05330075929532718,0.771391227540219,0.15755472798069223,True,1.958220332027736,193.1894786541359
acid,A1,9.0,0.17800860727024137,0.05298689563137948,0.769004496635306,0.15971878187267902,True,1.958220332027736,193.1894786541359
acid,A1,9.5,0.1807277165626342,0.05267783364537593,0.7665944493318033,0.16190169655429143,True,1.958220332027736,193.1894786541359
acid,A1,10.0,0.18346470970520556,0.05237355447040848,0.7641617353588703,0.1641033445103818,True,1.958220332027736,193.1894786541359
acid,A1,10.5,0.18621893754611207,0.052074039319283116,0.7617070226604294,0.16632359126152196,True,1.958220332027736,193.1894786541359
acid,A1,11.0,0.18898973313974388,0.05177926947874667,0.7592309969035593,0.16856229541961354,True,1.958220332027736,193.1894786541359
acid,A1,11.5,0.19177641229473075,0.05148922630482389,0.7567343609140575,0.1708193087515255,True,1.958220332027736,193.1894786541359
acid,A1,12.0,0.19457827415725326,0.05120389121149316,0.7542178341386485,0.1730944762506869,True,1.958220332027736,193.1894786541359
acid,A1,12.5,0.1973946018174466,0.05092324568312101,0.7516821520063832,0.1753876362165465,True,1.958220332027736,193.1894786541359
acid,A1,13.0,0.20022466293245778,0.050647271234938174,0.7491280653384447,0.17769862034178982,True,1.958220332027736,193.1894786541359
acid,A1,13.5,0.20306771038014482,0.05037594944412582,0.7465563396731323,0.18002725380718584,True,1.958220332027736,193.1894786541359
acid,A1,14.0,0.2059229829789455,0.05010926194914944,0.7439677545655332,0.18237335538391652,True,1.958220332027736,193.1894786541359
acid,A1,14.5,0.20878970617044246,0.049847190400909014,0.7413631029198342,0.1847367375432252,True,1.958220332027736,193.1894786541359
acid,A1,15.0,0.21166709276654316,0.04958971650514954,0.7387431902141639,0.1871172065731993,True,1.958220332027736,193.1894786541359
acid,A1,15.5,0.2145543437053199,0.049336822008028136,0.7361088337689559,0.18951456270249045,True,1.958220332027736,193.1894786541359
acid,A1,16.0,0.21745064883460508,0.04908848867790638,0.7334608619660177,0.19192860023075375,True,1.958220332027736,193.1894786541359
acid,A1,16.5,0.22035518770535667,0.04884469831512028,0.7308001134540554,0.19435910766557488,True,1.958220332027736,193.1894786541359
acid,A1,17.0,0.22326713038589574,0.04860543274953777,0.7281274363368784,0.19680586786563856,True,1.958220332027736,193.1894786541359
acid,A1,17.5,0.22618563827814242,0.04837067384011462,0.7254436873518344,0.19926865818987682,True,1.958220332027736,193.1894786541359
acid,A1,18.0,0.2291098649782608,0.048140403461349734,0.7227497310298148,0.20174725065232385,True,1.958220332027736,193.1894786541359
acid,A1,18.5,0.23203895710843803,0.04791460351549759,0.7200464388384953,0.20424141208239005,True,1.958220332027736,193.1894786541359
acid,A1,19.0,0.23497205518296926,0.04769325593234619,0.7173346883454501,0.20675090429025833,True,1.958220332027736,193.1894786541359
acid,A1,19.5,0.23790829447811745,0.04747634264923306,0.7146153623308615,0.20927548423709444,True,1.958220332027736,193.1894786541359
acid,A1,20.0,0.24084680588942753,0.047263845636802415,0.7118893479295396,0.211814904209755,True,1.958220332027736,193.1894786541359
acid,A1,20.5,0.2437867168172403,0.04705574688024239,0.7091575357572877,0.21436891199966693,True,1.958220332027736,193.1894786541359
acid,A1,21.0,0.2467271520323333,0.046852028387389666,0.7064208190313837,0.21693725108554868,True,1.958220332027736,193.1894786541359
acid,A1,21.5,0.2496672345490003,0.0466526721848437,0.7036800927133768,0.21951966081963223,True,1.958220332027736,193.1894786541359
acid,A1,22.0,0.252606086495466,0.04645766033084531,0.700936252618467,0.22211587661704674,True,1.958220332027736,193.1894786541359
acid,A1,22.5,0.25554282997442,0.04626697489851228,0.6981901945698477,0.2247256301480159,True,1.958220332027736,193.1894786541359
acid,A1,23.0,0.25847658792199635,0.046080597991937644,0.6954428135271806,0.22734864953252146,True,1.958220332027736,193.1894786541359
acid,A1,23.5,0.26140648495343033,0.04589851173841808,0.6926950027487111,0.2299846595370827,True,1.958220332027736,193.1894786541359
acid,A1,24.0,0.26433164819517074,0.04572069830288683,0.6899476529412807,0.23263338177330342,True,1.958220332027736,193.1894786541359
acid,A1,24.5,0.26725120811432745,0.04554713987725556,0.6872016514440915,0.23529453489783647,True,1.958220332027736,193.1894786541359
acid,A1,25.0,0.2701642993314657,0.04537781869429214,0.6844578814116931,0.23796783481341963,True,1.958220332027736,193.1894786541359
acid,A1,25.5,0.2730700614085313,0.04521271702140339,0.6817172210061839,0.24065299487063904,True,1.958220332027736,193.1894786541359
acid,A1,26.0,0.27596763962767223,0.04505181717129325,0.6789805426353768,0.24334972607008065,True,1.958220332027736,193.1894786541359
acid,A1,26.5,0.27885618575729243,0.04489510150240683,0.6762487121735328,0.24605773726453484,True,1.958220332027736,193.1894786541359
acid,A1,27.0,0.2817348587784707,0.044742552430365734,0.6735225882228413,0.2487767353609264,True,1.958220332027736,193.1894786541359
acid,A1,27.5,0.2846028256198174,0.044594152417753996,0.6708030213962157,0.2515064255216465,True,1.958220332027736,193.1894786541359
acid,A1,28.0,0.287459261837264,0.044449883989439165,0.6680908536036423,0.25424651136497356,True,1.958220332027736,193.1894786541359
acid,A1,28.5,0.29030335230351145,0.04430972974089897,0.6653869173883775,0.2569966951642781,True,1.958220332027736,193.1894786541359
acid,A1,29.0,0.2931342918415236,0.044173672330449776,0.6626920352608145,0.2597566780457117,True,1.958220332027736,193.1894786541359
acid,A1,29.5,0.2959512858577984,0.04404169449845341,0.6600070190753149,0.26252616018409747,True,1.958220332027736,193.1894786541359
acid,A1,30.0,0.29875355094444167,0.04391377906343141,0.65733266942547,0.265304840996742,True,1.958220332027736,193.1894786541359
acid,A1,30.5,0.30154031543627724,0.04378990892972556,0.6546697750667851,0.26809241933490596,True,1.958220332027736,193.1894786541359
acid,A1,31.0,0.3043108199762834,0.04367006709782295,0.6520191123600139,0.270888593672677,True,1.958220332027736,193.1894786541359
acid,A1,31.5,0.30706431801241774,0.04355423666557723,0.6493814447556812,0.27369306229300483,True,1.958220332027736,193.1894786541359
acid,A1,32.0,0.30980007630043715,0.04344240083720141,0.6467575222951494,0.2765055234706676,True,1.958220332027736,193.1894786541359
acid,A1,32.5,0.31251737536541757,0.04333454292904104,0.6441480811421041,0.2793256756519516,True,1.958220332027736,193.1894786541359
acid,A1,33.0,0.31521550992208436,0.043230646374237125,0.6415538431397971,0.28215321763084183,True,1.958220332027736,193.1894786541359
acid,A1,33.5,0.317893789296364,0.043130694732052,0.6389755154083687,0.2849878487215293,True,1.958220332027736,193.1894786541359
acid,A1,34.0,0.3205515377887602,0.0430346716936425,0.6364137899562694,0.28782926892705935,True,1.958220332027736,193.1894786541359
acid,A1,34.5,0.3231880950272936,0.0429425610867229,0.6338693433252107,0.290677179103953,True,1.958220332027736,193.1894786541359
acid,A1,35.0,0.3258028162833604,0.04285434688622303,0.6313428362684226,0.2935312811226528,True,1.958220332027736,193.1894786541359
acid,A1,35.5,0.3283950727676066,0.042770013222059866,0.6288349134531135,0.29639127802365134,True,1.958220332027736,193.1894786541359
acid,A1,36.0,0.3309642518810052,0.042689544375917876,0.6263462031841915,0.29925687416918006,True,1.958220332027736,193.1894786541359
acid,A1,36.5,0.3335097574673762,0.04261292480356449,0.6238773171737821,0.30212777539034363,True,1.958220332027736,193.1894786541359
acid,A1,37.0,0.3360310100032349,0.04254013912713406,0.6214288503164633,0.3050036891296018,True,1.958220332027736,193.1894786541359
acid,A1,37.5,0.3385274467886945,0.0424711721542792,0.6190013805055239,0.30788432457851245,True,1.958220332027736,193.1894786541359
acid,A1,38.0,0.3409985220999556,0.04240600887672752,0.6165954684734243,0.31076939281066096,True,1.958220332027736,193.1894786541359
acid,A1,38.5,0.34344370731825835,0.042344634480939725,0.6142116576529633,0.31365860690971437,True,1.958220332027736,193.1894786541359
acid,A1,39.0,0.34586249103019107,0.042287034352550545,0.6118504740718067,0.31655168209255125,True,1.958220332027736,193.1894786541359
acid,A1,39.5,0.3482543791102355,0.042233194086249704,0.609512426259673,0.3194483358274272,True,1.958220332027736,193.1894786541359
acid,A1,40.0,0.35061889477244756,0.04218309949255428,0.6071980051950421,0.32234828794715187,True,1.958220332027736,193.1894786541359
acid,A1,40.5,0.35295557860376414,0.042136736596642965,0.6049076842598033,0.32525126075725913,True,1.958220332027736,193.1894786541359
acid,A1,41.0,0.35526398857632646,0.04209409165994993,0.6026419192268762,0.32815697913916564,True,1.958220332027736,193.1894786541359
acid,A1,41.5,0.35754370002755165,0.04205515117133851,0.6004011482657057,0.3310651706483229,True,1.958220332027736,193.1894786541359
acid,A1,42.0,0.35979430563537473,0.042019901862311304,0.5981857919698519,0.3339755656073772,True,1.958220332027736,193.1894786541359
acid,A1,42.5,0.3620154153547439,0.04198833071050734,0.5959962534048402,0.33688789719435946,True,1.958220332027736,193.1894786541359
acid,A1,43.0,0.3642066563583901,0.04196042494641894,0.5938329181672808,0.33980190152594003,True,1.958220332027736,193.1894786541359
acid,A1,43.5,0.3663676729310228,0.04193617206194045,0.5916961544817911,0.3427173177357857,True,1.958220332027736,193.1894786541359
acid,A1,44.0,0.3684981263737952,0.04191555980770367,0.5895863132956425,0.34563388804807077,True,1.958220332027736,193.1894786541359
acid,A1,44.5,0.3705976948700229,0.04189857621061943,0.5875037283994966,0.34855135784619584,True,1.958220332027736,193.1894786541359
acid,A1,45.0,0.37266607334807134,0.04188520957038033,0.5854487165636302,0.35146947573677806,True,1.958220332027736,193.1894786541359
acid,A1,45.5,0.374702973324037,0.04187544846939728,0.5834215776914231,0.354387993608982,True,1.958220332027736,193.1894786541359
acid,A1,46.0,0.37670812273227217,0.04186928177668525,0.5814225949779539,0.3573066666892666,True,1.958220332027736,193.1894786541359
acid,A1,46.5,0.37868126574164274,0.0418666986533589,0.5794520350947963,0.36022525359162894,True,1.958220332027736,193.1894786541359
acid,A1,47.0,0.38062216255724257,0.041867688558849814,0.5775101483753153,0.36314351636343034,True,1.958220332027736,193.1894786541359
acid,A1,47.5,0.38253058921799976,0.04187224125151712,0.575597169025166,0.3660612205268968,True,1.958220332027736,193.1894786541359
acid,A1,48.0,0.38440633737113483,0.041880346798806034,0.5737133153269625,0.3689781351163865,True,1.958220332027736,193.1894786541359
acid,A1,48.5,0.3862492140485063,0.04189199557891321,0.5718587898717598,0.3718940327115248,True,1.958220332027736,193.1894786541359
acid,A1,49.0,0.38805904143063286,0.04190717828400636,0.5700337797873711,0.37480868946630813,True,1.958220332027736,193.1894786541359
acid,A1,49.5,0.38983565659381214,0.04192588592705215,0.5682384569836163,0.3777218851342812,True,1.958220332027736,193.1894786541359
acid,A1,50.0,0.3915789112617918,0.04194810984547992,0.56647297840004,0.3806334030898955,True,1.958220332027736,193.1894786541359
acid,A1,50.5,0.3932886715426742,0.041973841703152326,0.5647374862639831,0.3835430303461592,True,1.958220332027736,193.1894786541359
acid,A1,51.0,0.3949648176636844,0.04200307349389032,0.5630321083552048,0.38645055756868896,True,1.958220332027736,193.1894786541359
acid,A1,51.5,0.3966072436949464,0.042035797548661824,0.5613569582710864,0.38935577908627816,True,1.958220332027736,193.1894786541359
acid,A1,52.0,0.39821585727617403,0.04207200653522092,0.5597121357045765,0.39225849289809483,True,1.958220332027736,193.1894786541359
acid,A1,52.5,0.39979057933392514,0.042111693462687505,0.5580977267221066,0.39515850067762376,True,1.958220332027736,193.1894786541359
acid,A1,53.0,0.40133134379261026,0.042154851683851025,0.5565138040444229,0.39805560777347065,True,1.958220332027736,193.1894786541359
acid,A1,53.5,0.4028380972907475,0.04220147489869541,0.5549604273329956,0.4009496232071418,True,1.958220332027736,193.1894786541359
acid,A1,54.0,0.40431079888650356,0.04225155715897877,0.5534376434795374,0.40384035966791637,True,1.958220332027736,193.1894786541359
acid,A1,54.5,0.4057494197675926,0.04230509286654027,0.5519454868934126,0.40672763350492724,True,1.958220332027736,193.1894786541359
acid,A1,55.0,0.4071539429563731,0.04236207677763004,0.5504839797952632,0.40961126471656517,True,1.958220332027736,193.1894786541359
acid,A1,55.5,0.40852436301314077,0.04242250400537939,0.5490531325126613,0.4124910769373195,True,1.958220332027736,193.1894786541359
acid,A1,56.0,0.40986068574225265,0.042486370024436004,0.5476529437660471,0.4153668974221719,True,1.958220332027736,193.1894786541359
acid,A1,56.5,0.4111629278969603,0.04255367066796634,0.5462834009701822,0.4182385570286516,True,1.958220332027736,193.1894786541359
acid,A1,57.0,0.4124311168832995,0.042624402131610784,0.5449444805214615,0.42110589019666705,True,1.958220332027736,193.1894786541359
acid,A1,57.5,0.41366529046808764,0.04269856097528779,0.5436361480948004,0.42396873492622106,True,1.958220332027736,193.1894786541359
acid,A1,58.0,0.41486549648207804,0.042776144125927784,0.5423583589312386,0.4268269327531178,True,1.958220332027736,193.1894786541359
acid,A1,58.5,0.4160317925333279,0.042857148877820106,0.5411110581295536,0.42968032872276907,True,1.958220332027736,193.1894786541359
acid,A1,59.0,0.41716424571680566,0.042941572890836666,0.5398941809354185,0.43252877136220275,True,1.958220332027736,193.1894786541359
acid,A1,59.5,0.4182629323236098,0.04302941419584427,0.5387076530236623,0.43537211265037656,True,1.958220332027736,193.1894786541359
acid,A1,60.0,0.41932793756251086,0.04312067119488505,0.5375513907870111,0.43821020798689786,True,1.958220332027736,193.1894786541359
acid,A1,60.5,0.42035935527534596,0.04321534265971927,0.5364253016104936,0.44104291615924585,True,1.958220332027736,193.1894786541359
acid,A1,61.0,0.4213572876581653,0.04331342773375435,0.5353292841553322,0.4438700993085938,True,1.958220332027736,193.1894786541359
acid,A1,61.5,0.42232184498590397,0.04341492593448043,0.534263228628061,0.44669162289432474,True,1.958220332027736,193.1894786541359
acid,A1,62.0,0.4232531453418273,0.04351983715086827,0.533227017055965,0.4495073556573301,True,1.958220332027736,193.1894786541359
acid,A1,62.5,0.42415131435048076,0.043628161646068475,0.5322205235523472,0.45231716958218077,True,1.958220332027736,193.1894786541359
acid,A1,63.0,0.42501648491209687,0.04373990005625272,0.5312436145810395,0.45512093985825874,True,1.958220332027736,193.1894786541359
acid,A1,63.5,0.4258487969431533,0.04385505339130416,0.5302961492153792,0.4579185448399295,True,1.958220332027736,193.1894786541359
acid,A1,64.0,0.42664839711981095,0.04397362303549049,0.5293779793953713,0.4607098660058392,True,1.958220332027736,193.1894786541359
acid,A1,64.5,0.42741543862740045,0.04409561074585934,0.5284889501770209,0.46349478791741344,True,1.958220332027736,193.1894786541359
acid,A1,65.0,0.42815008091534945,0.044221018654754495,0.5276288999807024,0.46627319817663604,True,1.958220332027736,193.1894786541359
acid,A1,65.5,0.4288524894498987,0.044349849266322176,0.5267976608341965,0.46904498738317796,True,1.958220332027736,193.1894786541359
acid,A1,66.0,0.4295228354808354,0.04448210545892565,0.5259950586100747,0.47181004909095103,True,1.958220332027736,193.1894786541359
acid,A1,66.5,0.4301612958074602,0.044617790483885214,0.5252209132593517,0.47456827976415195,True,1.958220332027736,193.1894786541359
acid,A1,67.0,0.4307680525464652,0.04475690796373541,0.5244750390395458,0.47731957873286407,True,1.958220332027736,193.1894786541359
acid,A1,67.5,0.43134329291564033,0.04489946189401364,0.5237572447397941,0.4800638481482815,True,1.958220332027736,193.1894786541359
acid,A1,68.0,0.43188720900799726,0.04504545664148207,0.5230673338996183,0.48280099293761275,True,1.958220332027736,193.1894786541359
acid,A1,68.5,0.4323999975819198,0.04519489694290724,0.5224051050227857,0.4855309207587264,True,1.958220332027736,193.1894786541359
acid,A1,69.0,0.43288185985174144,0.045347787905505865,0.5217703517895952,0.48825354195459353,True,1.958220332027736,193.1894786541359
acid,A1,69.5,0.4333330012838213,0.045504135005355884,0.5211628632565135,0.49096876950757956,True,1.958220332027736,193.1894786541359
acid,A1,70.0,0.4337536313955906,0.045663944087670494,0.5205824240612152,0.4936765189936389,True,1.958220332027736,193.1894786541359
acid,A1,70.5,0.4341439635640945,0.04582722136318301,0.5200288146161094,0.4963767085364589,True,1.958220332027736,193.1894786541359
acid,A1,71.0,0.43450421483443025,0.04599397341117917,0.5195018112960775,0.4990692587616035,True,1.958220332027736,193.1894786541359
acid,A1,71.5,0.4348346057370528,0.04616420717487579,0.5190011866286481,0.501754092750698,True,1.958220332027736,193.1894786541359
acid,A1,72.0,0.4351353601055319,0.0463379299630029,0.518526709469877,0.5044311359956981,True,1.958220332027736,193.1894786541359
acid,A1,72.5,0.43540670490593847,0.0465151494463828,0.5180781451844529,0.5071003163532867,True,1.958220332027736,193.1894786541359
acid,A1,73.0,0.4356488700614919,0.04669587365974115,0.5176552558133068,0.5097615639994306,True,1.958220332027736,193.1894786541359
acid,A1,73.5,0.43586208829210493,0.04688011099701628,0.5172578002439893,0.5124148113841412,True,1.958220332027736,193.1894786541359
acid,A1,74.0,0.4360465949493353,0.04706787021271919,0.5168855343683637,0.5150599931864649,True,1.958220332027736,193.1894786541359
acid,A1,74.5,0.43620262786368824,0.047259160419560464,0.5165382112446715,0.5176970462697448,True,1.958220332027736,193.1894786541359
acid,A1,75.0,0.4363304271904206,0.0474539910886862,0.5162155812469121,0.5203259096371755,True,1.958220332027736,193.1894786541359
acid,A1,75.5,0.43643023526351854,0.047652372045264846,0.5159173922142241,0.5229465243876872,True,1.958220332027736,193.1894786541359
acid,A1,76.0,0.43650229645315897,0.04785431347024971,0.5156433895966706,0.5255588336721801,True,1.958220332027736,193.1894786541359
acid,A1,76.5,0.4365468570261266,0.048059825896756836,0.5153933165935598,0.5281627826501403,True,1.958220332027736,193.1894786541359
acid,A1,77.0,0.4365641650137808,0.04826892021078666,0.5151669142887116,0.5307583184466544,True,1.958220332027736,193.1894786541359
acid,A1,77.5,0.43655447007895365,0.048481607648503955,0.5149639217823243,0.533345390109852,True,1.958220332027736,193.1894786541359
acid,A1,78.0,0.43651802339347845,0.048697899793892496,0.5147840763190248,0.53592394856879,True,1.958220332027736,193.1894786541359
acid,A1,78.5,0.43645507751302604,0.04891780857882444,0.5146271134105485,0.5384939465918032,True,1.958220332027736,193.1894786541359
acid,A1,79.0,0.4363658862621689,0.04914134628117295,0.5144927669554766,0.5410553387453357,True,1.958220332027736,193.1894786541359
acid,A1,79.5,0.4362507046187236,0.04936852552292481,0.5143807693537561,0.5436080813532704,True,1.958220332027736,193.1894786541359
acid,A1,80.0,0.43610978860286753,0.04959935926851511,0.5142908516193867,0.5461521324567717,True,1.958220332027736,193.1894786541359
acid,A1,80.5,0.4359433951739988,0.04983386082332841,0.5142227434889735,0.5486874517746564,True,1.958220332027736,193.1894786541359
acid,A1,81.0,0.4357517821235446,0.05007204383380981,0.5141761735244776,0.551214000664301,True,1.958220332027736,193.1894786541359
acid,A1,81.5,0.43553520797859346,0.050313922282829715,0.5141508692162178,0.5537317420831036,True,1.958220332027736,193.1894786541359
acid,A1,82.0,0.4352939319048621,0.05055951048935081,0.5141465570776826,0.5562406405505035,True,1.958220332027736,193.1894786541359
acid,A1,82.5,0.4350282136159067,0.050808823108622336,0.5141629627433975,0.558740662110573,True,1.958220332027736,193.1894786541359
acid,A1,83.0,0.4347383132811411,0.051061875126878764,0.5141998110551882,0.5612317742951867,True,1.958220332027736,193.1894786541359
acid,A1,83.5,0.4344244914414874,0.05131868186283861,0.5142568261528035,0.5637139460877757,True,1.958220332027736,193.1894786541359
acid,A1,84.0,0.43408700892791363,0.051579258965123165,0.5143337315589025,0.5661871478876749,True,1.958220332027736,193.1894786541359
acid,A1,84.5,0.4337261267791659,0.051843622409675216,0.5144302502571863,0.5686513514750652,True,1.958220332027736,193.1894786541359
acid,A1,85.0,0.4333421061671894,0.05211178849881537,0.514546104774416,0.5711065299765179,True,1.958220332027736,193.1894786541359
acid,A1,85.5,0.43293520832149435,0.05238377385932691,0.5146810172539096,0.5735526578311441,True,1.958220332027736,193.1894786541359
acid,A1,86.0,0.43250569445915654,0.05265959544048515,0.5148347095282335,0.575989710757351,True,1.958220332027736,193.1894786541359
acid,A1,86.5,0.43205382571695483,0.05293927051389091,0.5150069031910898,0.5784176657202079,True,1.958220332027736,193.1894786541359
acid,A1,87.0,0.43157986308423046,0.05322281666791939,0.5151973196633741,0.5808365008994237,True,1.958220332027736,193.1894786541359
acid,A1,87.5,0.4310840673409644,0.05351025181110636,0.5154056802566531,0.5832461956579357,True,1.958220332027736,193.1894786541359
acid,A1,88.0,0.43056669899735334,0.05380159416568109,0.5156317062390836,0.5856467305111089,True,1.958220332027736,193.1894786541359
acid,A1,88.5,0.430028018234746,0.05409686226859334,0.5158751188918398,0.5880380870965486,True,1.958220332027736,193.1894786541359
acid,A1,89.0,0.42946828485040944,0.05439607496907084,0.5161356395690375,0.5904202481445197,True,1.958220332027736,193.1894786541359
acid,A1,89.5,0.4288877582038775,0.05469925142603804,0.5164129897506642,0.5927931974489773,True,1.958220332027736,193.1894786541359
acid,A1,90.0,0.42828669716699075,0.05500641110678384,0.5167068910997275,0.5951569198392013,True,1.958220332027736,193.1894786541359
acid,A1,90.5,0.4276653600719382,0.05531757378607338,0.517017065508274,0.5975114011520337,True,1.958220332027736,193.1894786541359
acid,A1,91.0,0.42702400466637647,0.05563275954278968,0.5173432351491258,0.5998566282047176,True,1.958220332027736,193.1894786541359
acid,A1,91.5,0.4263628880685211,0.05595198875796292,0.5176851225240364,0.6021925887683308,True,1.958220332027736,193.1894786541359
acid,A1,92.0,0.4256822667227933,0.05627528211477051,0.5180424505046299,0.6045192715418125,True,1.958220332027736,193.1894786541359
acid,A1,92.5,0.4249823963591859,0.05660266059509533,0.518414942380141,0.6068366661265785,True,1.958220332027736,193.1894786541359
acid,A1,93.0,0.4242635319537946,0.05693414547747189,0.5188023218946625,0.6091447630017184,True,1.958220332027736,193.1894786541359
acid,A1,93.5,0.42352592769090425,0.05726975833658665,0.5192043132895008,0.6114435534997705,True,1.958220332027736,193.1894786541359
acid,A1,94.0,0.42276983692873804,0.057609521039614364,0.5196206413402571,0.6137330297830722,True,1.958220332027736,193.1894786541359
acid,A1,94.5,0.4219955121613217,0.05795345574582944,0.5200510313922435,0.616013184820674,True,1.958220332027736,193.1894786541359
acid,A1,95.0,0.4212032049902281,0.05830158490360837,0.520495209397065,0.618284012365816,True,1.958220332027736,193.1894786541359
acid,A1,95.5,0.42039316608927235,0.05865393124820928,0.5209529019437609,0.6205455069339595,True,1.958220332027736,193.1894786541359
acid,A1,96.0,0.41956564517853234,0.059010517801050266,0.521423836292223,0.6227976637813669,True,1.958220332027736,193.1894786541359
acid,A1,96.5,0.4187208909927076,0.0593713678671004,0.5219077404022832,0.6250404788842222,True,1.958220332027736,193.1894786541359
acid,A1,97.0,0.41785915125608364,0.059736505032381704,0.5224043429642999,0.6272739489182885,True,1.958220332027736,193.1894786541359
acid,A1,97.5,0.41698067265616423,0.06010595316197076,0.5229133734248603,0.6294980712390906,True,1.958220332027736,193.1894786541359
acid,A1,98.0,0.41608570081863583,0.060479736398943995,0.5234345620149794,0.631712843862621,True,1.958220332027736,193.1894786541359
acid,A1,98.5,0.41517448028616233,0.06085787916138008,0.5239676397750803,0.6339182654465576,True,1.958220332027736,193.1894786541359
acid,A1,99.0,0.4142472544936826,0.061240406140361525,0.5245123385781425,0.6361143352719878,True,1.958220332027736,193.1894786541359
acid,A1,99.5,0.4133042657498698,0.06162734229775424,0.5250683911542375,0.6383010532256301,True,1.958220332027736,193.1894786541359
acid,A1,100.0,0.4123457552150378,0.06201871286531935,0.5256355311107352,0.6404784197825478,True,1.958220332027736,193.1894786541359
acid,A1,100.5,0.4113719628844881,0.062414543340605366,0.5262134929558404,0.6426464359893447,True,1.958220332027736,193.1894786541359
acid,A1,101.0,0.41038312756885853,0.06281485948511634,0.5268020121154682,0.6448051034478339,True,1.958220332027736,193.1894786541359
acid,A1,101.5,0.4093794868785805,0.0632196873247004,0.5274008249553375,0.6469544242991785,True,1.958220332027736,193.1894786541359
acid,A1,102.0,0.4083612772068368,0.0636290531435546,0.5280096687965696,0.6490944012084839,True,1.958220332027736,193.1894786541359
acid,A1,102.5,0.4073287337157394,0.06404298348455795,0.528628281935728,0.6512250373498496,True,1.958220332027736,193.1894786541359
acid,A1,103.0,0.40628209032028684,0.06446150514632931,0.5292564036579739,0.6533463363918559,True,1.958220332027736,193.1894786541359
acid,A1,103.5,0.40522157967703976,0.0648846451795082,0.5298937742559962,0.65545830248349,True,1.958220332027736,193.1894786541359
acid,A1,104.0,0.40414743316957713,0.06531243088730987,0.5305401350437777,0.6575609402404984,True,1.958220332027736,193.1894786541359
acid,A1,104.5,0.4030598808979491,0.06574488982086235,0.5311952283698629,0.6596542547321548,True,1.958220332027736,193.1894786541359
acid,A1,105.0,0.4019591516665755,0.0661820497777077,0.5318587976324562,0.6617382514684411,True,1.958220332027736,193.1894786541359
acid,A1,105.5,0.40084547297364326,0.0666239387980272,0.5325305872924124,0.6638129363876297,True,1.958220332027736,193.1894786541359
acid,A1,106.0,0.39971907100194715,0.06707058516591813,0.5332103428838941,0.6658783158442583,True,1.958220332027736,193.1894786541359
acid,A1,106.5,0.39858017060911966,0.06752201740173325,0.5338978110281389,0.6679343965974927,True,1.958220332027736,193.1894786541359
acid,A1,107.0,0.397428995319693,0.06797826426335751,0.5345927394436734,0.6699811857998647,True,1.958220332027736,193.1894786541359
acid,A1,107.5,0.3962657673136083,0.06843935474265539,0.535294876957082,0.672018690986382,True,1.958220332027736,193.1894786541359
acid,A1,108.0,0.3950907074246057,0.06890531806263978,0.5360039735129996,0.6740469200639975,True,1.958220332027736,193.1894786541359
acid,A1,108.5,0.39390403512790106,0.06937618367525156,0.5367197801843804,0.6760658813014332,True,1.958220332027736,193.1894786541359
acid,A1,109.0,0.39270596853502315,0.06985198125752934,0.5374420491818799,0.6780755833193491,True,1.958220332027736,193.1894786541359
acid,A1,109.5,0.39149672438920646,0.07033274071099882,0.5381705338608489,0.68007603508085,True,1.958220332027736,193.1894786541359
acid,A1,110.0,0.39027651805811914,0.07081849215684333,0.5389049887323805,0.6820672458823208,True,1.958220332027736,193.1894786541359
acid,A1,110.5,0.3890455635284784,0.07130926593457154,0.5396451694705262,0.6840492253445849,True,1.958220332027736,193.1894786541359
acid,A1,111.0,0.38780407340222034,0.07180509259940848,0.5403908329179585,0.6860219834043767,True,1.958220332027736,193.1894786541359
acid,A1,111.5,0.3865522588915038,0.07230600291757705,0.5411417370969063,0.6879855303061188,True,1.958220332027736,193.1894786541359
acid,A1,112.0,0.38529032981371447,0.0728120278656319,0.5418976412126519,0.6899398765939996,True,1.958220332027736,193.1894786541359
acid,A1,112.5,0.38401849458935544,0.07332319862612957,0.5426583056622469,0.6918850331043412,True,1.958220332027736,193.1894786541359
acid,A1,113.0,0.3827369602367736,0.07383954658551906,0.5434234920409509,0.6938210109582517,True,1.958220332027736,193.1894786541359
acid,A1,113.5,0.38144593237027236,0.0743611033300895,0.5441929631485598,0.6957478215545517,True,1.958220332027736,193.1894786541359
acid,A1,114.0,0.3801456151968363,0.07488790064441586,0.544966482992959,0.6976654765629727,True,1.958220332027736,193.1894786541359
acid,A1,114.5,0.37883621151324487,0.07541997050691807,0.5457438167995599,0.6995739879176152,True,1.958220332027736,193.1894786541359
acid,A1,115.0,0.3775179227037406,0.07595734508691887,0.5465247310139643,0.7014733678106615,True,1.958220332027736,193.1894786541359
acid,A1,115.5,0.3761909487387527,0.07650005674308957,0.5473089933082376,0.7033636286863358,True,1.958220332027736,193.1894786541359
acid,A1,116.0,0.37485548817134395,0.0770481380169552,0.5480963725866816,0.7052447832351062,True,1.958220332027736,193.1894786541359
acid,A1,116.5,0.37351173813771066,0.0776016216332831,0.548886638988777,0.7071168443881173,True,1.958220332027736,193.1894786541359
acid,A1,117.0,0.37215989435374075,0.0781605404940322,0.5496795638963992,0.7089798253118526,True,1.958220332027736,193.1894786541359
acid,A1,117.5,0.3708001511152359,0.07872492767629913,0.550474919937205,0.7108337394030149,True,1.958220332027736,193.1894786541359
acid,A1,118.0,0.36943270129624617,0.07929481642904301,0.5512724809880742,0.7126786002836201,True,1.958220332027736,193.1894786541359
acid,A1,118.5,0.36805773634779326,0.07987024016758992,0.5520720221822706,0.7145144217962992,True,1.958220332027736,193.1894786541359
acid,A1,119.0,0.36667544629753746,0.0804512324734108,0.5528733199107738,0.7163412179997987,True,1.958220332027736,193.1894786541359
acid,A1,119.5,0.3652860197504437,0.08103782708707152,0.5536761518289968,0.7181590031646772,True,1.958220332027736,193.1894786541359
acid,A1,120.0,0.36388964388522904,0.08163005790728928,0.5544802968581175,0.7199677917691866,True,1.958220332027736,193.1894786541359
acid,A1,120.5,0.36248650445735997,0.08222795898571444,0.5552855351914077,0.7217675984953388,True,1.958220332027736,193.1894786541359
acid,A1,121.0,0.36107678579755387,0.08283156452337792,0.5560916482974521,0.723558438225145,True,1.958220332027736,193.1894786541359
acid,A1,121.5,0.3596606708114458,0.08344090886719391,0.5568984189234794,0.7253403260370256,True,1.958220332027736,193.1894786541359
acid,A1,122.0,0.35823834097975515,0.08405602650646271,0.5577056310995809,0.7271132772023833,True,1.958220332027736,193.1894786541359
acid,A1,122.5,0.3568099763593957,0.08467695206754167,0.5585130701427632,0.7288773071823363,True,1.958220332027736,193.1894786541359
acid,A1,123.0,0.35537575558236556,0.08530372031084754,0.5593205226597231,0.7306324316245999,True,1.958220332027736,193.1894786541359
acid,A1,123.5,0.3539358558575234,0.08593636612724831,0.5601277765518442,0.7323786663605197,True,1.958220332027736,193.1894786541359
acid,A1,124.0,0.35249045297047754,0.08657492453245652,0.5609346210170285,0.7341160274022417,True,1.958220332027736,193.1894786541359
acid,A1,124.5,0.3510397212834193,0.08721943066408722,0.5617408465558027,0.7358445309400202,True,1.958220332027736,193.1894786541359
acid,A1,125.0,0.349583833736844,0.08786991977677294,0.5625462449726504,0.7375641933396584,True,1.958220332027736,193.1894786541359
acid,A1,125.5,0.3481229618504389,0.08852642723861104,0.563350609380675,0.7392750311400709,True,1.958220332027736,193.1894786541359
acid,A1,126.0,0.34665727572247285,0.0891889885250019,0.5641537342050418,0.7409770610509683,True,1.958220332027736,193.1894786541359
acid,A1,126.5,0.34518694403251615,0.08985763921620649,0.5649554151866965,0.7426702999506598,True,1.958220332027736,193.1894786541359
acid,A1,127.0,0.3437121340403859,0.09053241499235032,0.565755449385974,0.7443547648839609,True,1.958220332027736,193.1894786541359
acid,A1,127.5,0.3422330115887551,0.09121335162709521,0.5665536351856515,0.7460304730602129,True,1.958220332027736,193.1894786541359
acid,A1,128.0,0.34074974110354095,0.0919004849854188,0.5673497722951115,0.7476974418514006,True,1.958220332027736,193.1894786541359
acid,A1,128.5,0.33926248559490446,0.09259385101767492,0.5681436617546165,0.7493556887903664,True,1.958220332027736,193.1894786541359
acid,A1,129.0,0.3377714066584714,0.09329348575415342,0.5689351059366965,0.7510052315691184,True,1.958220332027736,193.1894786541359
acid,A1,129.5,0.3362766644771087,0.0939994253015275,0.5697239085534767,0.7526460880372259,True,1.958220332027736,193.1894786541359
acid,A1,130.0,0.33477841782092455,0.09471170583708055,0.5705098746564552,0.7542782762002974,True,1.958220332027736,193.1894786541359
acid,A1,130.5,0.3332768240500439,0.09543036360415424,0.5712928106429427,0.7559018142185387,True,1.958220332027736,193.1894786541359
acid,A1,131.0,0.3317720391144974,0.09615543490648637,0.5720725242585045,0.7575167204053888,True,1.958220332027736,193.1894786541359
acid,A1,131.5,0.33026421755677493,0.09688695610332587,0.572848824602068,0.7591230132262218,True,1.958220332027736,193.1894786541359
acid,A1,132.0,0.3287535125128249,0.09762496360377071,0.5736215221279206,0.7607207112971229,True,1.958220332027736,193.1894786541359
acid,A1,132.5,0.3272400757128313,0.09836949386277105,0.5743904286512613,0.7623098333837227,True,1.958220332027736,193.1894786541359
acid,A1,133.0,0.3257240574843223,0.09912058337402385,0.5751553573506429,0.7638903984000953,True,1.958220332027736,193.1894786541359
acid,A1,133.5,0.3242056067519483,0.09987826866597604,0.5759161227735232,0.7654624254077103,True,1.958220332027736,193.1894786541359
acid,A1,134.0,0.3226848710399244,0.10064258629427503,0.5766725408389295,0.7670259336144387,True,1.958220332027736,193.1894786541359
acid,A1,134.5,0.32116199647402865,0.1014135728389931,0.5774244288422326,0.7685809423736109,True,1.958220332027736,193.1894786541359
acid,A1,135.0,0.31963712778260156,0.10219126489630082,0.5781716054591435,0.7701274711831153,True,1.958220332027736,193.1894786541359
acid,A1,135.5,0.318110408297545,0.10297569907358195,0.5789138907486002,0.7716655396845462,True,1.958220332027736,193.1894786541359
acid,A1,136.0,0.31658197995787507,0.10376691198443755,0.5796511061593179,0.7731951676623858,True,1.958220332027736,193.1894786541359
acid,A1,136.5,0.3150519833104992,0.1045649402416915,0.5803830745316763,0.7747163750432282,True,1.958220332027736,193.1894786541359
acid,A1,137.0,0.3135205575114375,0.10536982045095122,0.5811096201032706,0.7762291818950331,True,1.958220332027736,193.1894786541359
acid,A1,137.5,0.31198784032859805,0.10618158920583376,0.5818305685129088,0.7777336084264127,True,1.958220332027736,193.1894786541359
acid,A1,138.0,0.3104539681433316,0.10700028308174847,0.582545746804719,0.779229674985946,True,1.958220332027736,193.1894786541359
acid,A1,138.5,0.30891907595154144,0.10782593862723733,0.5832549834328127,0.780717402061519,True,1.958220332027736,193.1894786541359
acid,A1,139.0,0.30738329736768044,0.10865859236064423,0.5839581082650591,0.7821968102796863,True,1.958220332027736,193.1894786541359
acid,A1,139.5,0.3058467646241958,0.10949828076223245,0.5846549525887479,0.7836679204050551,True,1.958220332027736,193.1894786541359
acid,A1,140.0,0.30430960857563694,0.11034504026752323,0.5853453491139193,0.7851307533396855,True,1.958220332027736,193.1894786541359
acid,A1,140.5,0.3027719586993216,0.1111989072609676,0.5860291319786937,0.7865853301225059,True,1.958220332027736,193.1894786541359
acid,A1,141.0,0.3012339430982225,0.11205991806995108,0.5867061367528237,0.788031671928742,True,1.958220332027736,193.1894786541359
acid,A1,141.5,0.2996956885031876,0.11292810895613403,0.5873762004440231,0.7894698000693577,True,1.958220332027736,193.1894786541359
acid,A1,142.0,0.2981573202740506,0.11380351611067763,0.5880391615000757,0.7908997359905027,True,1.958220332027736,193.1894786541359
acid,A1,142.5,0.2966189624039606,0.11468617564602823,0.5886948598168296,0.7923215012729674,True,1.958220332027736,193.1894786541359
acid,A1,143.0,0.29508073751893793,0.11557612358970015,0.5893431367401947,0.7937351176316436,True,1.958220332027736,193.1894786541359
acid,A1,143.5,0.2935427668833146,0.11647339587605998,0.5899838350708064,0.7951406069149858,True,1.958220332027736,193.1894786541359
acid,A1,144.0,0.2920051703989568,0.11737802834088651,0.5906167990729072,0.7965379911044751,True,1.958220332027736,193.1894786541359
acid,A1,144.5,0.290468066610039,0.11829005671171178,0.5912418744726811,0.7979272923140811,True,1.958220332027736,193.1894786541359
acid,A1,145.0,0.28893157270515335,0.11920951660282508,0.5918589084685788,0.7993085327897212,True,1.958220332027736,193.1894786541359
acid,A1,145.5,0.2873958045181979,0.12013644350639119,0.5924677497338715,0.8006817349087164,True,1.958220332027736,193.1894786541359
acid,A1,146.0,0.28586087653337255,0.12107087278567796,0.5930682484217575,0.8020469211792398,True,1.958220332027736,193.1894786541359
acid,A1,146.5,0.28432690188617826,0.12201283966606358,0.5936602561704696,0.8034041142397595,True,1.958220332027736,193.1894786541359
acid,A1,147.0,0.2827939923669698,0.12296237922937436,0.5942436261082706,0.8047533368584704,True,1.958220332027736,193.1894786541359
acid,A1,147.5,0.28126225842295405,0.12391952640555814,0.5948182128585611,0.806094611932718,True,1.958220332027736,193.1894786541359
acid,A1,148.0,0.27973180916207596,0.12488431596291427,0.5953838725440974,0.8074279624884094,True,1.958220332027736,193.1894786541359
acid,A1,148.5,0.2782027523544617,0.1258567825025425,0.5959404627940978,0.8087534116794122,True,1.958220332027736,193.1894786541359
acid,A1,149.0,0.2766751944374146,0.12683696044935022,0.5964878427465736,0.8100709827869378,True,1.958220332027736,193.1894786541359
acid,A1,149.5,0.2751492405157485,0.1278248840441698,0.5970258730555456,0.8113806992189131,True,1.958220332027736,193.1894786541359
acid,A1,150.0,0.27362499436822674,0.1288205873349879,0.5975544158948187,0.8126825845093322,True,1.958220332027736,193.1894786541359
acid,A1,150.5,0.27210255844700715,0.12982410416928492,0.5980733349638667,0.8139766623175927,True,1.958220332027736,193.1894786541359
acid,A1,151.0,0.2705820338840814,0.1308354681854862,0.5985824954928276,0.8152629564278161,True,1.958220332027736,193.1894786541359
acid,A1,151.5,0.26906352049238524,0.13185471280496852,0.5990817642474999,0.8165414907481445,True,1.958220332027736,193.1894786541359
acid,A1,152.0,0.26754711677035026,0.13288187122262318,0.5995710095344498,0.8178122893100209,True,1.958220332027736,193.1894786541359
acid,A1,152.5,0.2660329199053457,0.13391697639875133,0.6000501012058956,0.8190753762674495,True,1.958220332027736,193.1894786541359
acid,A1,153.0,0.26452102577534387,0.13496006105151448,0.6005189106657038,0.8203307758962314,True,1.958220332027736,193.1894786541359
acid,A1,153.5,0.26301152895580326,0.1360111576454992,0.6009773108738292,0.821578512593182,True,1.958220332027736,193.1894786541359
acid,A1,154.0,0.26150452272022395,0.13707029838616602,0.6014251763515333,0.8228186108753236,True,1.958220332027736,193.1894786541359
acid,A1,154.5,0.26000009904514343,0.13813751520863615,0.6018623831869352,0.8240510953790549,True,1.958220332027736,193.1894786541359
acid,A1,155.0,0.25849834861468857,0.13921283976903176,0.602288809039786,0.8252759908592985,True,1.958220332027736,193.1894786541359
acid,A1,155.5,0.25699936082268504,0.1402963034371485,0.6027043331465753,0.8264933221886226,True,1.958220332027736,193.1894786541359
acid,A1,156.0,0.2555032237780974,0.14138793728524224,0.6031088363260828,0.8277031143563384,True,1.958220332027736,193.1894786541359
acid,A1,156.5,0.25401002430891495,0.14248777207936936,0.6035022009842628,0.8289053924675748,True,1.958220332027736,193.1894786541359
acid,A1,157.0,0.25251984796526017,0.14359583827117106,0.6038843111190184,0.8301001817423233,True,1.958220332027736,193.1894786541359
acid,A1,157.5,0.2510327790242739,0.1447121659878814,0.6042550523263079,0.8312875075144628,True,1.958220332027736,193.1894786541359
acid,A1,158.0,0.24954890049500023,0.14583678502244624,0.6046143118046965,0.8324673952307535,True,1.958220332027736,193.1894786541359
acid,A1,158.5,0.24806829412160614,0.1469697248254187,0.6049619783585758,0.8336398704498089,True,1.958220332027736,193.1894786541359
acid,A1,159.0,0.2465910403877114,0.14811101449374586,0.605297942407601,0.8348049588410401,True,1.958220332027736,193.1894786541359
acid,A1,159.5,0.24511721852293888,0.14926068276222004,0.605622095987246,0.8359626861835723,True,1.958220332027736,193.1894786541359
acid,A1,160.0,0.24364690650491294,0.15041875799459703,0.6059343327566857,0.8371130783651368,True,1.958220332027736,193.1894786541359
acid,A1,160.5,0.24218018106592076,0.15158526817193874,0.606234548002349,0.8382561613809374,True,1.958220332027736,193.1894786541359
acid,A1,161.0,0.24071711769624304,0.1527602408841755,0.6065226386434697,0.8393919613324874,True,1.958220332027736,193.1894786541359
acid,A1,161.5,0.23925779065037123,0.15394370332055818,0.6067985032366385,0.8405205044264225,True,1.958220332027736,193.1894786541359
acid,A1,162.0,0.2378022729510043,0.15513568225899999,0.6070620419816875,0.8416418169732874,True,1.958220332027736,193.1894786541359
acid,A1,162.5,0.2363506363938228,0.15633620405641757,0.6073131567253531,0.8427559253862942,True,1.958220332027736,193.1894786541359
acid,A1,163.0,0.23490295155437213,0.15754529463885003,0.6075517509664952,0.8438628561800571,True,1.958220332027736,193.1894786541359
acid,A1,163.5,0.2334592877911712,0.15876297949168894,0.6077777298615361,0.8449626359692987,True,1.958220332027736,193.1894786541359
acid,A1,164.0,0.23201971325204074,0.1599892836484651,0.6079910002281252,0.8460552914675328,True,1.958220332027736,193.1894786541359
acid,A1,164.5,0.23058429487954335,0.16122423168307698,0.6081914705505787,0.8471408494857198,True,1.958220332027736,193.1894786541359
acid,A1,165.0,0.22915309841609055,0.16246784769702316,0.6083790509852083,0.8482193369308969,True,1.958220332027736,193.1894786541359
acid,A1,165.5,0.22772618840938286,0.1637201553102985,0.6085536533629865,0.8492907808047855,True,1.958220332027736,193.1894786541359
acid,A1,166.0,0.22630362821918215,0.16498117765229026,0.6087151911965405,0.8503552082023698,True,1.958220332027736,193.1894786541359
acid,A1,166.5,0.2248854800208644,0.16625093734956575,0.6088635796822617,0.8514126463104537,True,1.958220332027736,193.1894786541359
acid,A1,167.0,0.22347180481419038,0.16752945651676843,0.608998735706745,0.8524631224061938,True,1.958220332027736,193.1894786541359
acid,A1,167.5,0.22206266242685846,0.16881675674584873,0.6091205778505637,0.8535066638556065,True,1.958220332027736,193.1894786541359
acid,A1,168.0,0.2206581115198336,0.17011285909618312,0.6092290263924882,0.8545432981120528,True,1.958220332027736,193.1894786541359
acid,A1,168.5,0.21925820959700637,0.1714177840836939,0.6093240033132608,0.8555730527147009,True,1.958220332027736,193.1894786541359
acid,A1,169.0,0.21786301300774635,0.1727315516704131,0.6094054323015907,0.8565959552869647,True,1.958220332027736,193.1894786541359
acid,A1,169.5,0.21647257695489586,0.1740541812541574,0.609473238756375,0.8576120335349203,True,1.958220332027736,193.1894786541359
acid,A1,170.0,0.21508695550054302,0.17538569165864715,0.6095273497924714,0.858621315245702,True,1.958220332027736,193.1894786541359
acid,A1,170.5,0.21370620157279419,0.17672610112196008,0.6095676942423633,0.8596238282858765,True,1.958220332027736,193.1894786541359
acid,A1,171.0,0.21233036697210217,0.17807542728720538,0.6095942026640433,0.8606196005997954,True,1.958220332027736,193.1894786541359
acid,A1,171.5,0.21095950237715044,0.17943368719153252,0.6096068073413452,0.8616086602079283,True,1.958220332027736,193.1894786541359
acid,A1,172.0,0.20959365735295776,0.18080089725436288,0.6096054422888297,0.8625910352051762,True,1.958220332027736,193.1894786541359
acid,A1,172.5,0.20823288035587417,0.1821770732697292,0.6095900432571133,0.8635667537591667,True,1.958220332027736,193.1894786541359
acid,A1,173.0,0.2068772187420187,0.18356223039306396,0.6095605477342003,0.8645358441085275,True,1.958220332027736,193.1894786541359
acid,A1,173.5,0.20552671877316353,0.18495638313220653,0.6095168949509233,0.8654983345611454,True,1.958220332027736,193.1894786541359
acid,A1,174.0,0.20418142562328434,0.18635954533641197,0.6094590258832744,0.8664542534924057,True,1.958220332027736,193.1894786541359
acid,A1,174.5,0.2028413833875531,0.18777173018624804,0.6093868832567351,0.8674036293434153,True,1.958220332027736,193.1894786541359
acid,A1,175.0,0.20150663508666788,0.1891929501823819,0.6093004115490519,0.8683464906192099,True,1.958220332027736,193.1894786541359
acid,A1,175.5,0.20017722267640092,0.19062321713547714,0.609199556993234,0.8692828658869438,True,1.958220332027736,193.1894786541359
acid,A1,176.0,0.19885318705348265,0.19206254215675678,0.6090842675825492,0.8702127837740674,True,1.958220332027736,193.1894786541359
acid,A1,176.5,0.19753456806381742,0.19351093564590194,0.6089544930709678,0.8711362729664875,True,1.958220332027736,193.1894786541359
acid,A1,177.0,0.19622140450858971,0.19496840728139286,0.6088101849782701,0.8720533622067163,True,1.958220332027736,193.1894786541359
acid,A1,177.5,0.194913734153479,0.19643496601118304,0.6086512965918223,0.8729640802920035,True,1.958220332027736,193.1894786541359
acid,A1,178.0,0.19361159373487702,0.19791062004048676,0.6084777829695742,0.8738684560724603,True,1.958220332027736,193.1894786541359
acid,A1,178.5,0.19231501896765923,0.19939537682267527,0.6082896009430572,0.8747665184491692,True,1.958220332027736,193.1894786541359
acid,A1,179.0,0.19102404455306754,0.20088924304939582,0.608086709119382,0.8756582963722808,True,1.958220332027736,193.1894786541359
acid,A1,179.5,0.18973870418681482,0.20239222463891426,0.607869067884903,0.8765438188391044,True,1.958220332027736,193.1894786541359
acid,A1,180.0,0.1884590305657463,0.2039043267280105,0.60763663940544,0.8774231148921832,True,1.958220332027736,193.1894786541359
acid,A1,180.5,0.1871850553969434,0.20542555365987702,0.6073893876316072,0.8782962136173654,True,1.958220332027736,193.1894786541359
acid,A1,181.0,0.18591680940527322,0.20695590897501503,0.6071272782974813,0.8791631441418635,True,1.958220332027736,193.1894786541359
acid,A1,181.5,0.18465432233993884,0.2084953954021307,0.6068502789250418,0.8800239356323045,True,1.958220332027736,193.1894786541359
acid,A1,182.0,0.1833976229850265,0.21004401484625568,0.6065583588251711,0.8808786172927782,True,1.958220332027736,193.1894786541359
acid,A1,182.5,0.18214673916572277,0.21160176838097566,0.6062514890999848,0.8817272183628717,True,1.958220332027736,193.1894786541359
acid,A1,183.0,0.18090169775619724,0.213168656236995,0.605929642643277,0.8825697681157032,True,1.958220332027736,193.1894786541359
acid,A1,183.5,0.17966252469003852,0.21474467779381,0.6055927941427397,0.8834062958559481,True,1.958220332027736,193.1894786541359
acid,A1,184.0,0.17842924496513923,0.21632983156893992,0.6052409200826281,0.8842368309178611,True,1.958220332027736,193.1894786541359
acid,A1,184.5,0.17720188265513137,0.21792411520993316,0.6048739987418728,0.8850614026632935,True,1.958220332027736,193.1894786541359
acid,A1,185.0,0.17598046091593655,0.2195275254834872,0.6044920101982987,0.8858800404797079,True,1.958220332027736,193.1894786541359
acid,A1,185.5,0.17476500199420375,0.22114005826623373,0.6040949363280701,0.8866927737781901,True,1.958220332027736,193.1894786541359
acid,A1,186.0,0.173555527235858,0.2227617085370781,0.6036827608064677,0.8874996319914579,True,1.958220332027736,193.1894786541359
acid,A1,186.5,0.17235205709542623,0.22439247036676324,0.6032554691086656,0.8883006445718701,True,1.958220332027736,193.1894786541359
acid,A1,187.0,0.17115461114303177,0.22603233690865476,0.6028130485103977,0.8890958409894318,True,1.958220332027736,193.1894786541359
acid,A1,187.5,0.1699632080736091,0.22768130039085843,0.602355488088735,0.8898852507298045,True,1.958220332027736,193.1894786541359
acid,A1,188.0,0.1687778657168959,0.2293393521071163,0.6018827787211967,0.8906689032923097,True,1.958220332027736,193.1894786541359
acid,A1,188.5,0.16759860104198498,0.23100648240814703,0.6013949130870833,0.8914468281879403,True,1.958220332027736,193.1894786541359
acid,A1,189.0,0.16642543017064693,0.23268268069309705,0.6008918856656997,0.8922190549373701,True,1.958220332027736,193.1894786541359
acid,A1,189.5,0.16525836838288122,0.23436793540065892,0.6003736927376879,0.8929856130689638,True,1.958220332027736,193.1894786541359
acid,A1,190.0,0.1640974301271303,0.23606223400263193,0.5998403323842494,0.8937465321167957,True,1.958220332027736,193.1894786541359
acid,A1,190.5,0.1629426290279401,0.237765562993153,0.59929180448548,0.8945018416186661,True,1.958220332027736,193.1894786541359
acid,A1,191.0,0.1617939778951749,0.23947790788347856,0.5987281107208142,0.8952515711141238,True,1.958220332027736,193.1894786541359
acid,A1,191.5,0.16065148873289914,0.2411992531927698,0.5981492545669154,0.8959957501424952,True,1.958220332027736,193.1894786541359
acid,A1,192.0,0.1595151727472599,0.2429295824410982,0.5975552412975649,0.8967344082409151,True,1.958220332027736,193.1894786541359
acid,A1,192.5,0.15838504035714518,0.24466887814034166,0.5969460779817748,0.8974675749423656,True,1.958220332027736,193.1894786541359
acid,A1,193.0,0.15726110120106718,0.24641712178974373,0.5963217734823445,0.898195279773721,True,1.958220332027736,193.1894786541359
acid,A1,193.5,0.15614336414671026,0.2481742938664766,0.5956823384535292,0.898917552253799,False,1.958220332027736,193.1894786541359
acid,A1,194.0,0.1550318372995907,0.24994037382020107,0.5950277853411512,0.8996344218914186,False,1.958220332027736,193.1894786541359
acid,A1,194.5,0.15392652801227147,0.2517153400651839,0.5943581283776034,0.9003459181834685,False,1.958220332027736,193.1894786541359
acid,A1,195.0,0.1528274428931331,0.25349916997463584,0.5936733835818497,0.9010520706129824,False,1.958220332027736,193.1894786541359
acid,A1,195.5,0.15173458781470028,0.255291839873828,0.5929735687557613,0.9017529086472208,False,1.958220332027736,193.1894786541359
acid,A1,196.0,0.15064796792296775,0.2570933250347629,0.592258703481563,0.9024484617357673,False,1.958220332027736,193.1894786541359
acid,A1,196.5,0.149567587645838,0.25890359966840304,0.5915288091198345,0.9031387593086312,False,1.958220332027736,193.1894786541359
acid,A1,197.0,0.14849345070344633,0.26072263692111797,0.5907839088050704,0.9038238307743616,False,1.958220332027736,193.1894786541359
acid,A1,197.5,0.1474255601142671,0.2625504088682451,0.5900240274425705,0.9045037055181727,False,1.958220332027736,193.1894786541359
acid,A1,198.0,0.14636391820654904,0.2643868865080945,0.5892491917056653,0.9051784129000789,False,1.958220332027736,193.1894786541359
acid,A1,198.5,0.14530852662664184,0.26623203975795207,0.5884594300318291,0.9058479822530459,False,1.958220332027736,193.1894786541359
acid,A1,199.0,0.14425938634654578,0.2680858374487505,0.587654772617241,0.9065124428811472,False,1.958220332027736,193.1894786541359
acid,A1,199.5,0.14321649767379263,0.26994824731996214,0.5868352514151187,0.907171824057741,False,1.958220332027736,193.1894786541359
acid,A1,200.0,0.14217986026021645,0.2718192360169347,0.5860009001281696,0.9078261550236547,False,1.958220332027736,193.1894786541359
acid,A2,1.0,0.06879860841557672,0.08212335658175363,0.8490780348084925,0.08857775423026121,False,4.946276680009987,193.8618366551463
acid,A2,1.5,0.0702822725635599,0.08152431514529823,0.8481934119499712,0.09004779633158198,False,4.946276680009987,193.8618366551463
acid,A2,2.0,0.07179215221020385,0.08093171888390316,0.8472761286846264,0.09153817612145142,False,4.946276680009987,193.8618366551463
acid,A2,2.5,0.07332841839557958,0.08034554134050964,0.846326040001788,0.09304902729657338,False,4.946276680009987,193.8618366551463
acid,A2,3.0,0.07489123061565905,0.07976575640489258,0.845343012763955,0.09458047933995893,False,4.946276680009987,193.8618366551463
acid,A2,3.5,0.07648073582977588,0.07919233811604087,0.8443269258111563,0.0961326573471441,False,4.946276680009987,193.8618366551463
acid,A2,4.0,0.07809706831407581,0.0786252607718474,0.8432776706599476,0.09770568185235631,False,4.946276680009987,193.8618366551463
acid,A2,4.5,0.07974034877067382,0.07806449890734868,0.8421951520705129,0.09929966865489954,False,4.946276680009987,193.8618366551463
acid,A2,5.0,0.08141068415579156,0.07751002720679523,0.8410792883801754,0.10091472864603517,True,4.946276680009987,193.8618366551463
acid,A2,5.5,0.08310816682488564,0.07696182066307955,0.8399300122681197,0.10255096763664612,True,4.946276680009987,193.8618366551463
acid,A2,6.0,0.08483287421867658,0.07641985441830812,0.8387472710951194,0.10420848618597904,True,4.946276680009987,193.8618366551463
acid,A2,6.5,0.08658486835932955,0.07588410386660804,0.8375310275110515,0.10588737943176724,True,4.946276680009987,193.8618366551463
acid,A2,7.0,0.08836419520297234,0.07535454464413505,0.8362812599025382,0.10758773692204439,True,4.946276680009987,193.8618366551463
acid,A2,7.5,0.09017088429263964,0.07483115255890738,0.8349979628796689,0.10930964244896503,True,4.946276680009987,193.8618366551463
acid,A2,8.0,0.09200494821026695,0.07431390367007573,0.833681147834886,0.11105317388495373,True,4.946276680009987,193.8618366551463
acid,A2,8.5,0.09386638212949272,0.07380277422908144,0.8323308433668686,0.11281840302150943,True,4.946276680009987,193.8618366551463
acid,A2,9.0,0.095755163340705,0.07329774074338324,0.8309470956380238,0.11460539541099606,True,4.946276680009987,193.8618366551463
acid,A2,9.5,0.09767125081427963,0.07279877988386474,0.829529969005538,0.11641421021175305,True,4.946276680009987,193.8618366551463
acid,A2,10.0,0.09961458487306452,0.07230586858009147,0.8280795462431989,0.11824490003686239,True,4.946276680009987,193.8618366551463
acid,A2,10.5,0.10158508660751409,0.0718189839274963,0.8265959291624547,0.12009751080690888,True,4.946276680009987,193.8618366551463
acid,A2,11.0,0.10358265766297059,0.07133810323822765,0.8250792387789474,0.12197208160707236,True,4.946276680009987,193.8618366551463
acid,A2,11.5,0.10560717978602696,0.07086320405780278,0.8235296158412009,0.12386864454888848,True,4.946276680009987,193.8618366551463
acid,A2,12.0,0.10765851453053976,0.07039426408983473,0.821947221059327,0.1257872246370127,True,4.946276680009987,193.8618366551463
acid,A2,12.5,0.10973650291190573,0.06993126126997318,0.8203322355107012,0.1277278396413208,True,4.946276680009987,193.8618366551463
acid,A2,13.0,0.11184096513106034,0.0694741736779747,0.8186848608588981,0.12969049997467322,True,4.946276680009987,193.8618366551463
acid,A2,13.5,0.11397170036775428,0.0690229796209696,0.8170053196732141,0.1316752085766663,True,4.946276680009987,193.8618366551463
acid,A2,14.0,0.1161284864339418,0.06857765758772061,0.8152938556305056,0.13368196080368738,True,4.946276680009987,193.8618366551463
acid,A2,14.5,0.11831107968629517,0.06813818622863899,0.8135507337401204,0.13571074432558186,True,4.946276680009987,193.8618366551463
acid,A2,15.0,0.12051921477440608,0.06770454437932116,0.811776240489559,0.13776153902923322,True,4.946276680009987,193.8618366551463
acid,A2,15.5,0.12275260456218184,0.06727671103634592,0.8099706840463128,0.13983431692934614,True,4.946276680009987,193.8618366551463
acid,A2,16.0,0.12501093997507873,0.06685466537414975,0.8081343942967223,0.14192904208671078,True,4.946276680009987,193.8618366551463
acid,A2,16.5,0.12729388993348856,0.06643838670861157,0.8062677229918602,0.14404567053421644,True,4.946276680009987,193.8618366551463
acid,A2,17.0,0.1296011013596221,0.06602785452147764,0.8043710437477536,0.1461841502108671,True,4.946276680009987,193.8618366551463
acid,A2,17.5,0.13193219911644682,0.0656230484454845,0.8024447520622591,0.14834442090403852,True,4.946276680009987,193.8618366551463
acid,A2,18.0,0.1342867860796293,0.06522394824726163,0.8004892652906381,0.15052641420019913,True,4.946276680009987,193.8618366551463
acid,A2,18.5,0.13666444319127002,0.06483053384065407,0.798505022575613,0.1527300534443026,True,4.946276680009987,193.8618366551463
acid,A2,19.0,0.1390647295835823,0.06444278525785663,0.7964924847667643,0.15495525370804056,True,4.946276680009987,193.8618366551463
acid,A2,19.5,0.14148718270790006,0.0640606826654011,0.7944521342251321,0.15720192176712597,True,4.946276680009987,193.8618366551463
acid,A2,20.0,0.14393131853074337,0.06368420635483041,0.7923844747084186,0.1594699560877591,True,4.946276680009987,193.8618366551463
acid,A2,20.5,0.1463966317547527,0.06331333671472095,0.790290031116081,0.16175924682240625,True,4.946276680009987,193.8618366551463
acid,A2,21.0,0.14888259607515053,0.06294805426088068,0.7881693492461928,0.1640696758150019,True,4.946276680009987,193.8618366551463
acid,A2,21.5,0.1513886644854967,0.06258833959615906,0.786022995494351,0.16640111661566245,True,4.946276680009987,193.8618366551463
acid,A2,22.0,0.15391426960476018,0.06223417343043103,0.7838515565352644,0.16875343450497846,True,4.946276680009987,193.8618366551463
acid,A2,22.5,0.1564588240641207,0.06188553655550599,0.7816556389408369,0.17112648652792814,True,4.946276680009987,193.8618366551463
acid,A2,23.0,0.15902172090020983,0.061542409859782765,0.7794358687958081,0.1735201215374344,True,4.946276680009987,193.8618366551463
acid,A2,23.5,0.16160233403184066,0.061204774300271936,0.7771928912247983,0.17593418024756102,True,4.946276680009987,193.8618366551463
acid,A2,24.0,0.16420001870454115,0.060872610906148594,0.774927369935341,0.17836849529632304,True,4.946276680009987,193.8618366551463
acid,A2,24.5,0.16681411204277907,0.060545900789854556,0.7726399867069578,0.1808228913180609,True,4.946276680009987,193.8618366551463
acid,A2,25.0,0.16944393358886423,0.06022462511245941,0.7703314408356032,0.183297185025306,True,4.946276680009987,193.8618366551463
acid,A2,25.5,0.17208878588470533,0.0599087651000918,0.7680024485463566,0.18579118530003882,True,4.946276680009987,193.8618366551463
acid,A2,26.0,0.174747955083987,0.059598302030505756,0.7656537424078902,0.18830469329422073,True,4.946276680009987,193.8618366551463
acid,A2,26.5,0.17742071162341055,0.05929321723663339,0.7632860706586753,0.19083750253945525,True,4.946276680009987,193.8618366551463
acid,A2,27.0,0.18010631086862183,0.05899349208415838,0.7609001965601658,0.19338939906561342,True,4.946276680009987,193.8618366551463
acid,A2,27.5,0.18280399383818757,0.05869910799249922,0.7584968976777073,0.1959601615282336,True,4.946276680009987,193.8618366551463
acid,A2,28.0,0.18551298792346405,0.058410046410384275,0.7560769651723254,0.19854956134448667,True,4.946276680009987,193.8618366551463
acid,A2,28.5,0.18823250764088417,0.058126288818405314,0.7536412030381134,0.20115736283747668,True,4.946276680009987,193.8618366551463
acid,A2,29.0,0.19096175541855054,0.05784781673590089,0.7511904273392878,0.20378332338862243,True,4.946276680009987,193.8618366551463
acid,A2,29.5,0.19369992238094103,0.05757461169919598,0.748725465412936,0.20642719359785464,True,4.946276680009987,193.8618366551463
acid,A2,30.0,0.19644618916403456,0.05730665527570178,0.7462471550478966,0.20908871745133456,True,4.946276680009987,193.8618366551463
acid,A2,30.5,0.19919972675919162,0.05704392904959388,0.7437563436699657,0.21176763249639283,True,4.946276680009987,193.8618366551463
acid,A2,31.0,0.20195969735481434,0.05678641463546796,0.7412538874860264,0.21446367002336178,True,4.946276680009987,193.8618366551463
acid,A2,31.5,0.20472525518633322,0.056534093658022755,0.738740650628622,0.2171765552539669,True,4.946276680009987,193.8618366551463
acid,A2,32.0,0.20749554741572585,0.05628694775783316,0.7362175042949781,0.21990600753592343,True,4.946276680009987,193.8618366551463
acid,A2,32.5,0.21026971501314495,0.05604495860112024,0.7336853258489429,0.22265174054337497,True,4.946276680009987,193.8618366551463
acid,A2,33.0,0.21304689363832452,0.05580810786620649,0.7311449979545692,0.2254134624827984,True,4.946276680009987,193.8618366551463
acid,A2,33.5,0.21582621453408724,0.05557637724118436,0.728597407680498,0.2281908763039873,True,4.946276680009987,193.8618366551463
acid,A2,34.0,0.21860680541196942,0.05534974843934837,0.7260434456002329,0.23098367991572152,True,4.946276680009987,193.8618366551463
acid,A2,34.5,0.22138779135183473,0.05512820319220069,0.7234840049035185,0.23379156640571877,True,4.946276680009987,193.8618366551463
acid,A2,35.0,0.224168295697047,0.05491172323779381,0.7209199805090494,0.2366142242644607,True,4.946276680009987,193.8618366551463
acid,A2,35.5,0.22694744093176844,0.05470029034937429,0.7183522681593058,0.23945133761247997,True,4.946276680009987,193.8618366551463
acid,A2,36.0,0.22972434957435617,0.05449388630884844,0.7157817635536912,0.242302586430693,True,4.946276680009987,193.8618366551463
acid,A2,36.5,0.23249814504411326,0.054292492928986746,0.7132093614590218,0.24516764679335867,True,4.946276680009987,193.8618366551463
acid,A2,37.0,0.2352679525365886,0.05409609204864996,0.7106359548439967,0.24804619110324566,True,4.946276680009987,193.8618366551463
acid,A2,37.5,0.23803289986701337,0.053904665532455986,0.7080624340279895,0.250937888328589,True,4.946276680009987,193.8618366551463
acid,A2,38.0,0.2407921183158468,0.053718195281993175,0.705489685825067,0.2538424042414211,True,4.946276680009987,193.8618366551463
acid,A2,38.5,0.24354474346466315,0.05353666323082429,0.7029185927253101,0.25675940165686373,True,4.946276680009987,193.8618366551463
acid,A2,39.0,0.24628991599273675,0.05336005135714306,0.700350032067365,0.25968854067297326,True,4.946276680009987,193.8618366551463
acid,A2,39.5,0.24902678247618049,0.053188341683663154,0.6977848752548477,0.2626294789107371,True,4.946276680009987,193.8618366551463
acid,A2,40.0,0.251754496165435,0.05302151627928353,0.6952239869675303,0.2655818717538248,True,4.946276680009987,193.8618366551463
acid,A2,40.5,0.2544722177365566,0.05285955726830327,0.6926682244039473,0.26854537258770816,True,4.946276680009987,193.8618366551463
acid,A2,41.0,0.25717911601885746,0.05270244683852621,0.6901184365502022,0.2715196330377697,True,4.946276680009987,193.8618366551463
acid,A2,41.5,0.25987436870711367,0.052550167239706624,0.6875754634588782,0.2745043032060326,True,4.946276680009987,193.8618366551463
acid,A2,42.0,0.26255716304701693,0.05240270079331921,0.685040135563475,0.27749903190615377,True,4.946276680009987,193.8618366551463
acid,A2,42.5,0.26522669649220454,0.052260029900108584,0.6825132730089445,0.2805034668963336,True,4.946276680009987,193.8618366551463
acid,A2,43.0,0.267882177344414,0.052122137041421546,0.6799956850137567,0.283517255109809,True,4.946276680009987,193.8618366551463
acid,A2,43.5,0.2705228253493397,0.05198900479486124,0.677488169253504,0.2865400428826092,True,4.946276680009987,193.8618366551463
acid,A2,44.0,0.2731478722915459,0.05186061582918011,0.6749915112772564,0.2895714761782666,True,4.946276680009987,193.8618366551463
acid,A2,44.5,0.2757565625318703,0.05173695292065572,0.6725064839427919,0.2926112008091916,True,4.946276680009987,193.8618366551463
acid,A2,45.0,0.27834815354443876,0.05161799895508912,0.6700338468930145,0.29565886265443075,True,4.946276680009987,193.8618366551463
acid,A2,45.5,0.28092191640344266,0.05150373694168264,0.6675743460476946,0.29871410787354824,True,4.946276680009987,193.8618366551463
acid,A2,46.0,0.2834771362519306,0.05139415001098602,0.6651287131292372,0.3017765831163801,True,4.946276680009987,193.8618366551463
acid,A2,46.5,0.2860131127405685,0.05128922142955128,0.6626976652204797,0.3048459357284321,True,4.946276680009987,193.8618366551463
acid,A2,47.0,0.2885291604336482,0.05118893460576146,0.6602819043514119,0.3079218139517027,True,4.946276680009987,193.8618366551463
acid,A2,47.5,0.2910246091868962,0.051093273098157255,0.6578821171036586,0.3110038671207327,True,4.946276680009987,193.8618366551463
acid,A2,48.0,0.2934988044989151,0.05100222062442983,0.6554989742650341,0.3140917458536969,True,4.946276680009987,193.8618366551463
acid,A2,48.5,0.29595110782987266,0.050915761063308196,0.6531331304930887,0.3171851022383689,True,4.946276680009987,193.8618366551463
acid,A2,49.0,0.298380896891548,0.05083387847171217,0.6507852240229539,0.32028359001280765,True,4.946276680009987,193.8618366551463
acid,A2,49.5,0.30078756591578326,0.05075655708475235,0.6484558763850123,0.3233868647406298,True,4.946276680009987,193.8618366551463
acid,A2,50.0,0.3031705258766393,0.05068378133266105,0.6461456921759701,0.3264945839807453,True,4.946276680009987,193.8618366551463
acid,A2,50.5,0.3055292047089986,0.050615535835796255,0.6438552588393653,0.32960640745145264,True,4.946276680009987,193.8618366551463
acid,A2,51.0,0.30786304748214866,0.050551805429122076,0.6415851464732225,0.33272199718880263,True,4.946276680009987,193.8618366551463
acid,A2,51.5,0.31017151655232666,0.05049257515499228,0.6393359076777294,0.3358410176991552,True,4.946276680009987,193.8618366551463
acid,A2,52.0,0.3124540916851215,0.05043783028113591,0.6371080774187909,0.3389631361058684,True,4.946276680009987,193.8618366551463
acid,A2,52.5,0.3147102701643867,0.05038755630287772,0.6349021729170068,0.3420880222900735,True,4.946276680009987,193.8618366551463
acid,A2,53.0,0.31693956685791,0.0503417389575711,0.6327186935694007,0.3452153490255002,True,4.946276680009987,193.8618366551463
acid,A2,53.5,0.3191415142723697,0.050300364223931915,0.6305581208875255,0.34834479210733615,True,4.946276680009987,193.8618366551463
acid,A2,54.0,0.3213156625822,0.05026341833708203,0.6284209184628797,0.35147603047510845,True,4.946276680009987,193.8618366551463
acid,A2,54.5,0.3234615796345319,0.05023088779065876,0.626307531958803,0.35460874632959616,True,4.946276680009987,193.8618366551463
acid,A2,55.0,0.3255788509232138,0.050202759348638715,0.6242183891115305,0.35774262524378825,True,4.946276680009987,193.8618366551463
acid,A2,55.5,0.32766707956183305,0.05017902005266528,0.6221538997702725,0.36087735626791406,True,4.946276680009987,193.8618366551463
acid,A2,56.0,0.3297258862179908,0.0501596572199392,0.6201144559452865,0.36401263202858636,True,4.946276680009987,193.8618366551463
acid,A2,56.5,0.3317549090392502,0.05014465846761573,0.6181004318782934,0.36714814882210434,True,4.946276680009987,193.8618366551463
acid,A2,57.0,0.33375380354835893,0.05013401170156362,0.6161121841343764,0.3702836067019734,True,4.946276680009987,193.8618366551463
acid,A2,57.5,0.33572224253966554,0.05012770513734832,0.6141500517080067,0.3734187095607111,True,4.946276680009987,193.8618366551463
acid,A2,58.0,0.33765991593806555,0.05012572729870546,0.6122143561484161,0.3765531652060113,True,4.946276680009987,193.8618366551463
acid,A2,58.5,0.33956653065875253,0.05012806702520134,0.6103054017012333,0.3796866854313511,True,4.946276680009987,193.8618366551463
acid,A2,59.0,0.34144181043882504,0.05013471348014331,0.6084234754656082,0.3828189860811316,True,4.946276680009987,193.8618366551463
acid,A2,59.5,0.34328549566609023,0.05014565615871214,0.6065688475614672,0.3859497871104461,True,4.946276680009987,193.8618366551463
acid,A2,60.0,0.3450973431823601,0.05016088488649095,0.6047417713167802,0.38907881263958266,True,4.946276680009987,193.8618366551463
acid,A2,60.5,0.34687712609021704,0.050180389833398564,0.6029424834631536,0.3922057910033661,True,4.946276680009987,193.8618366551463
acid,A2,61.0,0.34862463352933193,0.05020416151393925,0.6011712043444972,0.395330454795455,True,4.946276680009987,193.8618366551463
acid,A2,61.5,0.3503396704567785,0.05023219079483554,0.5994281381344335,0.3984525409077117,True,4.946276680009987,193.8618366551463
acid,A2,62.0,0.3520220574142474,0.05026446889977443,0.5977134730726918,0.4015717905647668,True,4.946276680009987,193.8618366551463
acid,A2,62.5,0.35367163027558157,0.050300987414653164,0.596027381698172,0.4046879493539033,True,4.946276680009987,193.8618366551463
acid,A2,63.0,0.35528824000324866,0.050341738288189886,0.5943700210952196,0.4078007672503916,True,4.946276680009987,193.8618366551463
acid,A2,63.5,0.3568717523846354,0.05038671384469118,0.5927415331589136,0.41090999863840433,True,4.946276680009987,193.8618366551463
acid,A2,64.0,0.35842204776218023,0.05043590678084631,0.5911420448453247,0.41401540232764544,True,4.946276680009987,193.8618366551463
acid,A2,64.5,0.3599390207650044,0.05048931017238856,0.5895716684507918,0.4171167415658295,True,4.946276680009987,193.8618366551463
acid,A2,65.0,0.3614225800273041,0.05054691748031248,0.5880305018809429,0.4202137840471476,True,4.946276680009987,193.8618366551463
acid,A2,65.5,0.36287264790729745,0.05060872254858406,0.5865186289324281,0.4233063019168573,True,4.946276680009987,193.8618366551463
acid,A2,66.0,0.3642891601944309,0.050674719616630726,0.5850361195775672,0.42639407177213506,True,4.946276680009987,193.8618366551463
acid,A2,66.5,0.36567206582413525,0.05074490331301307,0.5835830302509948,0.42947687465933104,True,4.946276680009987,193.8618366551463
acid,A2,67.0,0.36702132658110453,0.05081926866566666,0.5821594041410527,0.43255449606776325,True,4.946276680009987,193.8618366551463
acid,A2,67.5,0.36833691680178415,0.05089781110020897,0.5807652714850675,0.4356267259201897,True,4.946276680009987,193.8618366551463
acid,A2,68.0,0.3696188230780037,0.050980526447766406,0.5794006498615264,0.4386933585600969,True,4.946276680009987,193.8618366551463
acid,A2,68.5,0.3708670439571682,0.051067410940464075,0.5780655444895116,0.44175419273594163,True,4.946276680009987,193.8618366551463
acid,A2,69.0,0.37208158964061044,0.05115846121948181,0.5767599485272459,0.4448090315824802,True,4.946276680009987,193.8618366551463
acid,A2,69.5,0.3732624816821725,0.05125367433596317,0.575483843368009,0.44785768259931985,True,4.946276680009987,193.8618366551463
acid,A2,70.0,0.3744097526928586,0.051353047751844655,0.574237198939679,0.4508999576268266,True,4.946276680009987,193.8618366551463
acid,A2,70.5,0.3755234460353432,0.051456579342034486,0.5730199740068727,0.4539356728195177,True,4.946276680009987,193.8618366551463
acid,A2,71.0,0.37660361552842303,0.05156426739583511,0.5718321164597893,0.45696464861706926,True,4.946276680009987,193.8618366551463
acid,A2,71.5,0.3776503251456363,0.05167611061940129,0.570673563617733,0.4599867097130652,True,4.946276680009987,193.8618366551463
acid,A2,72.0,0.378663648724028,0.05179210813757197,0.5695442425207174,0.46300168502161154,True,4.946276680009987,193.8618366551463
acid,A2,72.5,0.3796436696687144,0.05191225949062288,0.5684440702217941,0.4660094076419393,True,4.946276680009987,193.8618366551463
acid,A2,73.0,0.3805904806598488,0.05203656464087408,0.5673729540790814,0.469009714821113,True,4.946276680009987,193.8618366551463
acid,A2,73.5,0.3815041833653172,0.05216502397089803,0.5663307920411205,0.4720024479149646,True,4.946276680009987,193.8618366551463
acid,A2,74.0,0.38238488815591637,0.05229763828456385,0.5653174729363455,0.47498745234736317,True,4.946276680009987,193.8618366551463
acid,A2,74.5,0.383232713819244,0.05243440880535119,0.5643328767503744,0.4779645775679366,True,4.946276680009987,193.8618366551463
acid,A2,75.0,0.3840477872848608,0.05257533718117102,0.5633768749075049,0.48093367700834694,True,4.946276680009987,193.8618366551463
acid,A2,75.5,0.3848302433433273,0.05272042548090661,0.562449330547797,0.4838946080372312,True,4.946276680009987,193.8618366551463
acid,A2,76.0,0.3855802243812462,0.05286967619547861,0.56155009879396,0.48684723191390616,True,4.946276680009987,193.8618366551463
acid,A2,76.5,0.38629788010422633,0.05302309223879226,0.5606790270252584,0.4897914137409371,True,4.946276680009987,193.8618366551463
acid,A2,77.0,0.38698336728360677,0.05318067694579792,0.5598359551370404,0.4927270224156676,True,4.946276680009987,193.8618366551463
acid,A2,77.5,0.3876368494859367,0.05334243407598138,0.5590207158026883,0.49565393058080315,True,4.946276680009987,193.8618366551463
acid,A2,78.0,0.3882584968272901,0.05350836780652901,0.5582331347284281,0.49857201457413886,True,4.946276680009987,193.8618366551463
acid,A2,78.5,0.3888484857162561,0.053678482737823385,0.5574730309049342,0.501481154377518,True,4.946276680009987,193.8618366551463
acid,A2,79.0,0.3894069986112303,0.05385278389019588,0.5567402168552144,0.5043812335651051,True,4.946276680009987,193.8618366551463
acid,A2,79.5,0.38993422377640863,0.05403127670419727,0.5560344988742444,0.5072721392510571,True,4.946276680009987,193.8618366551463
acid,A2,80.0,0.3904303550466143,0.05421396703675363,0.5553556772678603,0.5101537620366648,True,4.946276680009987,193.8618366551463
acid,A2,80.5,0.39089559159621867,0.05440086116566267,0.5547035465867239,0.5130259959570479,True,4.946276680009987,193.8618366551463
acid,A2,81.0,0.39133013770975555,0.05459196578376513,0.5540778958519205,0.5158887384274664,True,4.946276680009987,193.8618366551463
acid,A2,81.5,0.3917342025612086,0.0547872879987088,0.5534785087822208,0.5187418901893249,True,4.946276680009987,193.8618366551463
acid,A2,82.0,0.39210799999447876,0.05498683533562698,0.5529051640077304,0.5215853552559319,True,4.946276680009987,193.8618366551463
acid,A2,82.5,0.3924517483172296,0.0551906157296167,0.5523576352877702,0.5244190408580777,True,4.946276680009987,193.8618366551463
acid,A2,83.0,0.3927656700840332,0.05539863752926366,0.5518356917177392,0.5272428573894936,True,4.946276680009987,193.8618366551463
acid,A2,83.5,0.39304999190073464,0.0556109094934365,0.551339097933673,0.5300567183522472,True,4.946276680009987,193.8618366551463
acid,A2,84.0,0.3933049442244041,0.05582744078844182,0.5508676143111402,0.5328605403021306,True,4.946276680009987,193.8618366551463
acid,A2,84.5,0.3935307611690475,0.05604824098998096,0.5504209971605722,0.5356542427940938,True,4.946276680009987,193.8618366551463
acid,A2,85.0,0.39372768032155947,0.056273320077293576,0.5499989989165566,0.5384377483277726,True,4.946276680009987,193.8618366551463
acid,A2,85.5,0.3938959425544286,0.05650268843476747,0.549601368322078,0.5412109822931582,True,4.946276680009987,193.8618366551463
acid,A2,86.0,0.3940357918487958,0.05673635684783074,0.5492278506095127,0.5439738729164547,True,4.946276680009987,193.8618366551463
acid,A2,86.5,0.3941474751221197,0.05697433650256323,0.5488781876765159,0.5467263512061646,True,4.946276680009987,193.8618366551463
acid,A2,87.0,0.39423124205736904,0.05721663898361484,0.5485521182561071,0.549468350899443,True,4.946276680009987,193.8618366551463
acid,A2,87.5,0.39428734493821005,0.05746327627040304,0.5482493780826492,0.5521998084087619,True,4.946276680009987,193.8618366551463
acid,A2,88.0,0.39431603849235386,0.057714260738861434,0.5479697000557171,0.5549206627689145,True,4.946276680009987,193.8618366551463
acid,A2,88.5,0.3943175797319898,0.0579696051543066,0.5477128143944465,0.5576308555843962,True,4.946276680009987,193.8618366551463
acid,A2,89.0,0.39429222780829054,0.058229322674102635,0.547478448793437,0.5603303309771954,True,4.946276680009987,193.8618366551463
acid,A2,89.5,0.39424024385875667,0.05849342684208225,0.5472663285695512,0.5630190355350184,True,4.946276680009987,193.8618366551463
acid,A2,90.0,0.3941618908689104,0.058761931588768856,0.5470761768065768,0.565696918259981,True,4.946276680009987,193.8618366551463
acid,A2,90.5,0.39405743353632117,0.0590348512265193,0.5469077144956147,0.5683639305177897,True,4.946276680009987,193.8618366551463
acid,A2,91.0,0.39392713813141134,0.05931220045021779,0.5467606606705533,0.5710200259874365,True,4.946276680009987,193.8618366551463
acid,A2,91.5,0.39377127237244514,0.059593994331891276,0.54663473254149,0.5736651606114307,True,4.946276680009987,193.8618366551463
acid,A2,92.0,0.3935901052982971,0.05988024832059846,0.5465296456205748,0.5762992925465857,True,4.946276680009987,193.8618366551463
acid,A2,92.5,0.3933839071459666,0.06017097823882156,0.5464451138482429,0.5789223821153827,True,4.946276680009987,193.8618366551463
acid,A2,93.0,0.3931529492350039,0.06046620028032912,0.5463808497115641,0.5815343917579244,True,4.946276680009987,193.8618366551463
acid,A2,93.5,0.3928975038504645,0.06076593100723393,0.5463365643616214,0.5841352859844987,True,4.946276680009987,193.8618366551463
acid,A2,94.0,0.3926178441363559,0.0610701873488273,0.546311967727281,0.5867250313287644,True,4.946276680009987,193.8618366551463
acid,A2,94.5,0.39231424398564196,0.06137898659627772,0.5463067686228562,0.5893035963015705,True,4.946276680009987,193.8618366551463
acid,A2,95.0,0.39198697793890735,0.061692346404185194,0.5463206748541616,0.5918709513454239,True,4.946276680009987,193.8618366551463
acid,A2,95.5,0.39163632108346613,0.062010284783142744,0.5463533933231512,0.5944270687896125,True,4.946276680009987,193.8618366551463
acid,A2,96.0,0.39126254895877066,0.06233282010026375,0.5464046301228986,0.5969719228059958,True,4.946276680009987,193.8618366551463
acid,A2,96.5,0.3908659374608492,0.06265997107596233,0.54647409063735,0.5995054893654673,True,4.946276680009987,193.8618366551463
acid,A2,97.0,0.3904467627543484,0.0629917567807059,0.5465614796306695,0.6020277461951002,True,4.946276680009987,193.8618366551463
acid,A2,97.5,0.3900053011863247,0.06332819663140699,0.5466665013401095,0.6045386727359765,True,4.946276680009987,193.8618366551463
acid,A2,98.0,0.3895418291999242,0.06366931039109014,0.5467888595588888,0.60703825010171,True,4.946276680009987,193.8618366551463
acid,A2,98.5,0.3890566232550019,0.06401511816345185,0.5469282577225121,0.6095264610376612,True,4.946276680009987,193.8618366551463
acid,A2,99.0,0.38854995975223794,0.06436564039169479,0.5470843989887064,0.6120032898808527,True,4.946276680009987,193.8618366551463
acid,A2,99.5,0.3880221149546448,0.06472089785480861,0.5472569863140819,0.6144687225205828,True,4.946276680009987,193.8618366551463
acid,A2,100.0,0.3874733649172901,0.06508091166468333,0.5474457225322915,0.6169227463597399,True,4.946276680009987,193.8618366551463
acid,A2,100.5,0.3869039854177414,0.0654457032644995,0.5476503104232533,0.619365350276818,True,4.946276680009987,193.8618366551463
acid,A2,101.0,0.38631425188784263,0.06581529442312162,0.547870452784871,0.621796524588634,True,4.946276680009987,193.8618366551463
acid,A2,101.5,0.38570443934904386,0.06618970723498707,0.5481058525021454,0.6242162610137436,True,4.946276680009987,193.8618366551463
acid,A2,102.0,0.38507482235239365,0.06656896411505464,0.548356212608625,0.6266245526365557,True,4.946276680009987,193.8618366551463
acid,A2,102.5,0.38442567491614454,0.06695308779669507,0.5486212363538523,0.6290213938721437,True,4.946276680009987,193.8618366551463
acid,A2,103.0,0.38375727046946473,0.06734210132808283,0.5489006272592079,0.6314067804317458,True,4.946276680009987,193.8618366551463
acid,A2,103.5,0.38306988179614976,0.06773602807025325,0.5491940891802494,0.6337807092889597,True,4.946276680009987,193.8618366551463
acid,A2,104.0,0.3823637809836078,0.06813489169177345,0.5495013263609461,0.6361431786466186,True,4.946276680009987,193.8618366551463
acid,A2,104.5,0.38163923936884725,0.06853871616818719,0.5498220434883572,0.6384941879043493,True,4.946276680009987,193.8618366551463
acid,A2,105.0,0.38089652749195846,0.06894752577712993,0.5501559457457561,0.6408337376268055,True,4.946276680009987,193.8618366551463
acid,A2,105.5,0.38013591504726385,0.06936134509544223,0.5505027388613137,0.6431618295125735,True,4.946276680009987,193.8618366551463
acid,A2,106.0,0.379357670838687,0.06978019899656074,0.5508621291578919,0.6454784663637383,True,4.946276680009987,193.8618366551463
acid,A2,106.5,0.3785620627364539,0.07020411264602178,0.5512338235996173,0.6477836520561132,True,4.946276680009987,193.8618366551463
acid,A2,107.0,0.3777493576361257,0.07063311149935192,0.551617529835402,0.6500773915101167,True,4.946276680009987,193.8618366551463
acid,A2,107.5,0.3769198214160774,0.07106722129834875,0.5520129562448517,0.6523596906622977,True,4.946276680009987,193.8618366551463
acid,A2,108.0,0.3760737189026364,0.0715064680678057,0.5524198119770674,0.654630556437497,True,4.946276680009987,193.8618366551463
acid,A2,108.5,0.37521131383155826,0.07195087811145973,0.5528378069930007,0.6568899967216387,True,4.946276680009987,193.8618366551463
acid,A2,109.0,0.37433286881199956,0.07240047800949334,0.5532666521028684,0.6591380203351479,True,4.946276680009987,193.8618366551463
acid,A2,109.5,0.3734386452954319,0.07285529461448226,0.5537060590024012,0.6613746370069781,True,4.946276680009987,193.8618366551463
acid,A2,110.0,0.37252890354144697,0.07331535504856435,0.5541557403101471,0.66359985734925,True,4.946276680009987,193.8618366551463
acid,A2,110.5,0.3716039025867812,0.07378068669899873,0.5546154096015554,0.6658136928324871,True,4.946276680009987,193.8618366551463
acid,A2,111.0,0.37066390021794904,0.07425131721577882,0.5550847814416171,0.6680161557614418,True,4.946276680009987,193.8618366551463
acid,A2,111.5,0.36970915294093354,0.07472727450708039,0.5555635714146745,0.6702072592515016,True,4.946276680009987,193.8618366551463
acid,A2,112.0,0.36873991595542943,0.07520858673465414,0.5560514961597263,0.6723870172056713,True,4.946276680009987,193.8618366551463
acid,A2,112.5,0.3677564431283642,0.0756952823137702,0.5565482733947968,0.6745554442921157,True,4.946276680009987,193.8618366551463
acid,A2,113.0,0.3667589869699728,0.07618738990600171,0.5570536219479671,0.6767125559222604,True,4.946276680009987,193.8618366551463
acid,A2,113.5,0.3657477986104829,0.07668493841678226,0.5575672617839089,0.6788583682294356,True,4.946276680009987,193.8618366551463
acid,A2,114.0,0.36472312777713345,0.0771879569907985,0.5580889140293643,0.6809928980480594,True,4.946276680009987,193.8618366551463
acid,A2,114.5,0.36368522277369086,0.07769647501126853,0.5586183009990142,0.6831161628933471,True,4.946276680009987,193.8618366551463
acid,A2,115.0,0.36263433045907734,0.0782105220917817,0.5591551462197364,0.6852281809415391,True,4.946276680009987,193.8618366551463
acid,A2,115.5,0.36157069622855253,0.07873012807474433,0.5596991744529767,0.6873289710106382,True,4.946276680009987,193.8618366551463
acid,A2,116.0,0.3604945639972268,0.0792553230282711,0.560250111717342,0.6894185525416473,True,4.946276680009987,193.8618366551463
acid,A2,116.5,0.3594061761790779,0.07978613723946815,0.5608076853104715,0.6914969455802962,True,4.946276680009987,193.8618366551463
acid,A2,117.0,0.35830577367257366,0.08032260121387802,0.5613716238286881,0.6935641707592504,True,4.946276680009987,193.8618366551463
acid,A2,117.5,0.3571935958442407,0.08086474566776358,0.5619416571885361,0.6956202492807922,True,4.946276680009987,193.8618366551463
acid,A2,118.0,0.35606988051456456,0.08141260152755292,0.5625175166444896,0.6976652028999629,True,4.946276680009987,193.8618366551463
acid,A2,118.5,0.35493486394283513,0.0819661999226784,0.5630989348063276,0.6996990539081598,True,4.946276680009987,193.8618366551463
acid,A2,119.0,0.35378878081337994,0.08252557218413337,0.5636856456596728,0.7017218251171753,True,4.946276680009987,193.8618366551463
acid,A2,119.5,0.3526318642239068,0.08309074983731124,0.5642773845812576,0.7037335398436735,True,4.946276680009987,193.8618366551463
acid,A2,120.0,0.3514643456732358,0.0836617646001181,0.5648738883543558,0.7057342218940887,True,4.946276680009987,193.8618366551463
acid,A2,120.5,0.35028645504847633,0.08423864837792117,0.5654748951861022,0.7077238955499439,True,4.946276680009987,193.8618366551463
acid,A2,121.0,0.3490984206168668,0.08482143325877489,0.5660801447220365,0.7097025855535738,True,4.946276680009987,193.8618366551463
acid,A2,121.5,0.34790046901317373,0.0854101515089245,0.5666893780604809,0.7116703170942483,True,4.946276680009987,193.8618366551463
acid,A2,122.0,0.346692825231365,0.08600483556925331,0.5673023377666953,0.7136271157946837,True,4.946276680009987,193.8618366551463
acid,A2,122.5,0.3454757126157282,0.08660551804939853,0.5679187678869213,0.7155730076979347,True,4.946276680009987,193.8618366551463
acid,A2,123.0,0.3442493528516555,0.08721223172480919,0.5685384139598737,0.7175080192546599,True,4.946276680009987,193.8618366551463
acid,A2,123.5,0.343013965958594,0.08782500953063987,0.5691610230314503,0.719432177310747,True,4.946276680009987,193.8618366551463
acid,A2,124.0,0.3417697702822742,0.08844388455758745,0.569786343665335,0.7213455090952963,True,4.946276680009987,193.8618366551463
acid,A2,124.5,0.3405169824876597,0.0890688900473946,0.5704141259544326,0.7232480422089455,True,4.946276680009987,193.8618366551463
acid,A2,125.0,0.3392558175522309,0.08970005938768733,0.571044121533415,0.7251398046125369,True,4.946276680009987,193.8618366551463
acid,A2,125.5,0.3379864887617656,0.09033742610753404,0.5716760835887125,0.7270208246161097,True,4.946276680009987,193.8618366551463
acid,A2,126.0,0.3367092077016798,0.09098102387156137,0.5723097668683952,0.7288911308682142,True,4.946276680009987,193.8618366551463
acid,A2,126.5,0.33542418425464016,0.09163088647629047,0.5729449276943299,0.7307507523455408,True,4.946276680009987,193.8618366551463
acid,A2,127.0,0.33413162659540196,0.09228704784458586,0.57358132396923,0.7325997183428498,True,4.946276680009987,193.8618366551463
acid,A2,127.5,0.3328317411845916,0.09294954201943817,0.5742187151889788,0.7344380584632012,True,4.946276680009987,193.8618366551463
acid,A2,128.0,0.3315247327669857,0.09361840316124415,0.574856862448514,0.7362658026084725,True,4.946276680009987,193.8618366551463
acid,A2,128.5,0.3302108043666818,0.09429366553942442,0.5754955284540952,0.7380829809701565,True,4.946276680009987,193.8618366551463
acid,A2,129.0,0.32889015728404525,0.09497536353036962,0.5761344775293553,0.739889624020435,True,4.946276680009987,193.8618366551463
acid,A2,129.5,0.3275629910932665,0.09566353160961327,0.5767734756243481,0.7416857625035159,True,4.946276680009987,193.8618366551463
acid,A2,130.0,0.3262295036391416,0.09635820434727993,0.5774122903235979,0.743471427427232,True,4.946276680009987,193.8618366551463
acid,A2,130.5,0.32488989103507393,0.09705941640336668,0.5780506908549254,0.7452466500548892,True,4.946276680009987,193.8618366551463
acid,A2,131.0,0.32354434766113105,0.09776720252130389,0.5786884480947219,0.7470114618973608,True,4.946276680009987,193.8618366551463
acid,A2,131.5,0.32219306616154686,0.09848159752201546,0.5793253345766081,0.7487658947054171,True,4.946276680009987,193.8618366551463
acid,A2,132.0,0.32083623744505463,0.09920263629914494,0.5799611244987624,0.7505099804622891,True,4.946276680009987,193.8618366551463
acid,A2,132.5,0.3194740506823335,0.09993035381272719,0.5805955937310259,0.7522437513764526,True,4.946276680009987,193.8618366551463
acid,A2,133.0,0.31810669330489816,0.10066478508397037,0.5812285198200096,0.7539672398746307,True,4.946276680009987,193.8618366551463
acid,A2,133.5,0.3167343510064313,0.10140596518792844,0.5818596819973099,0.7556804785950085,True,4.946276680009987,193.8618366551463
acid,A2,134.0,0.3153572077396749,0.10215392924972644,0.5824888611849488,0.7573835003806503,True,4.946276680009987,193.8618366551463
acid,A2,134.5,0.3139754457183175,0.10290871243734401,0.5831158400019243,0.7590763382731157,True,4.946276680009987,193.8618366551463
acid,A2,135.0,0.3125892454161061,0.10367034995395485,0.5837404027700943,0.7607590255062675,True,4.946276680009987,193.8618366551463
acid,A2,135.5,0.31119878556740144,0.10443887703504018,0.5843623355199501,0.7624315955002651,True,4.946276680009987,193.8618366551463
acid,A2,136.0,0.309804243168732,0.10521432893983995,0.5849814259968333,0.7640940818557399,True,4.946276680009987,193.8618366551463
acid,A2,136.5,0.30840579347723995,0.10599674094513567,0.5855974636653771,0.7657465183481413,True,4.946276680009987,193.8618366551463
acid,A2,137.0,0.30700361001390064,0.10678614833981026,0.5862102397168334,0.7673889389222562,True,4.946276680009987,193.8618366551463
acid,A2,137.5,0.30559786456285654,0.10758258641807572,0.5868195470722926,0.7690213776868863,True,4.946276680009987,193.8618366551463
acid,A2,138.0,0.30418872717463685,0.10838609047203462,0.5874251803890118,0.7706438689096878,True,4.946276680009987,193.8618366551463
acid,A2,138.5,0.3027763661653804,0.109196695786129,0.5880269360664103,0.77225644701216,True,4.946276680009987,193.8618366551463
acid,A2,139.0,0.30136094812116543,0.11001443763059005,0.5886246122487337,0.7738591465647839,True,4.946276680009987,193.8618366551463
acid,A2,139.5,0.2999426378976766,0.11083935125344446,0.5892180088319376,0.7754520022823005,True,4.946276680009987,193.8618366551463
acid,A2,140.0,0.29852159862298056,0.11167147187451931,0.5898069274679063,0.777035049019128,True,4.946276680009987,193.8618366551463
acid,A2,140.5,0.2970979916998573,0.11251083467866962,0.5903911715690047,0.7786083217649111,True,4.946276680009987,193.8618366551463
acid,A2,141.0,0.295671976809464,0.11335747480811786,0.5909705463126302,0.780171855640198,True,4.946276680009987,193.8618366551463
acid,A2,141.5,0.2942437119106689,0.11421142735612566,0.591544858645654,0.7817256858922395,True,4.946276680009987,193.8618366551463
acid,A2,142.0,0.2928133532466015,0.11507272735933327,0.5921139172893053,0.7832698478909086,True,4.946276680009987,193.8618366551463
acid,A2,142.5,0.2913810553435425,0.11594140979009904,0.5926775327435019,0.7848043771247327,True,4.946276680009987,193.8618366551463
acid,A2,143.0,0.2899469710183622,0.11681750955083725,0.5932355172905135,0.7863293091970378,True,4.946276680009987,193.8618366551463
acid,A2,143.5,0.28851125137785427,0.11770106146447024,0.5937876849998469,0.7878446798221963,True,4.946276680009987,193.8618366551463
acid,A2,144.0,0.28707404582362095,0.11859210026865519,0.5943338517317986,0.7893505248219771,True,4.946276680009987,193.8618366551463
acid,A2,144.5,0.28563550205640276,0.11949066060701341,0.5948738351430061,0.7908468801219972,True,4.946276680009987,193.8618366551463
acid,A2,145.0,0.2841957660778549,0.12039677702324614,0.5954074546877797,0.7923337817482611,True,4.946276680009987,193.8618366551463
acid,A2,145.5,0.2827549821955433,0.12131048395080946,0.5959345316246534,0.7938112658237962,True,4.946276680009987,193.8618366551463
acid,A2,146.0,0.28131329302671926,0.12223181570780728,0.5964548890191601,0.7952793685653725,True,4.946276680009987,193.8618366551463
acid,A2,146.5,0.27987083950153924,0.12316080648699934,0.5969683517474955,0.7967381262803055,True,4.946276680009987,193.8618366551463
acid,A2,147.0,0.27842776086794974,0.1240974903493619,0.5974747465008479,0.7981875753633398,True,4.946276680009987,193.8618366551463
acid,A2,147.5,0.2769841946959062,0.1250419012158721,0.5979739017890617,0.7996277522936088,True,4.946276680009987,193.8618366551463
acid,A2,148.0,0.27554027688203586,0.125994072857738,0.5984656479433026,0.8010586936316683,True,4.946276680009987,193.8618366551463
acid,A2,148.5,0.27409614165274654,0.12695403889129153,0.5989498171216079,0.8024804360165984,True,4.946276680009987,193.8618366551463
acid,A2,149.0,0.27265192157110985,0.12792183276633118,0.5994262433111075,0.8038930161631771,True,4.946276680009987,193.8618366551463
acid,A2,149.5,0.2712077475390817,0.12889748776034882,0.5998947623310213,0.8052964708591124,True,4.946276680009987,193.8618366551463
acid,A2,150.0,0.26976374880516296,0.12988103696975895,0.6003552118382105,0.8066908369623405,True,4.946276680009987,193.8618366551463
acid,A2,150.5,0.2683200529678409,0.1308725132995736,0.6008074313285094,0.8080761513983804,True,4.946276680009987,193.8618366551463
acid,A2,151.0,0.26687678597980824,0.13187194945707414,0.601251262141389,0.8094524511577457,True,4.946276680009987,193.8618366551463
acid,A2,151.5,0.2654340721555126,0.13287937794226323,0.6016865474632871,0.8108197732934083,True,4.946276680009987,193.8618366551463
acid,A2,152.0,0.2639920341748203,0.1338948310393162,0.6021131323294959,0.8121781549183165,True,4.946276680009987,193.8618366551463
acid,A2,152.5,0.2625507930900106,0.1349183408068111,0.6025308636296023,0.813527633202957,True,4.946276680009987,193.8618366551463
acid,A2,153.0,0.26111046832899554,0.13594993907106723,0.6029395901091528,0.8148682453729678,True,4.946276680009987,193.8618366551463
acid,A2,153.5,0.25967117770375747,0.13698965741493208,0.6033391623730955,0.8162000287067922,True,4.946276680009987,193.8618366551463
acid,A2,154.0,0.2582330374149011,0.13803752717034268,0.6037294328896659,0.8175230205333763,True,4.946276680009987,193.8618366551463
acid,A2,154.5,0.25679616205720457,0.1390935794084447,0.6041102559919409,0.8188372582299064,True,4.946276680009987,193.8618366551463
acid,A2,155.0,0.2553606646261697,0.14015784493104366,0.6044814878836124,0.820142779219582,True,4.946276680009987,193.8618366551463
acid,A2,155.5,0.2539266565247944,0.14123035426016894,0.604842986638543,0.8214396209694287,True,4.946276680009987,193.8618366551463
acid,A2,156.0,0.2524942475692349,0.14231113763130132,0.6051946122065388,0.8227278209881422,True,4.946276680009987,193.8618366551463
acid,A2,156.5,0.2510635459941346,0.14340022498116056,0.6055362264147934,0.8240074168239664,True,4.946276680009987,193.8618366551463
acid,A2,157.0,0.2496346584623943,0.14449764593993386,0.6058676929714402,0.8252784460626003,True,4.946276680009987,193.8618366551463
acid,A2,157.5,0.24820769006728138,0.14560342982172791,0.6061888774681057,0.8265409463251364,True,4.946276680009987,193.8618366551463
acid,A2,158.0,0.24678274434286607,0.14671760561490998,0.6064996473825746,0.8277949552660238,True,4.946276680009987,193.8618366551463
acid,A2,158.5,0.24535992327001654,0.1478402019716718,0.606799872082231,0.8290405105710617,True,4.946276680009987,193.8618366551463
acid,A2,159.0,0.243939327281395,0.14897124719959187,0.607089422826057,0.8302776499554109,True,4.946276680009987,193.8618366551463
acid,A2,159.5,0.24252105527100554,0.15011076925197653,0.6073681727677416,0.8315064111616356,True,4.946276680009987,193.8618366551463
acid,A2,160.0,0.2411052045998563,0.15125879571686873,0.6076359969579004,0.8327268319577618,True,4.946276680009987,193.8618366551463
acid,A2,160.5,0.23969187110362,0.1524153538077222,0.607892772347074,0.8339389501353589,True,4.946276680009987,193.8618366551463
acid,A2,161.0,0.23828114909951736,0.15358047035429756,0.608138377788614,0.8351428035076399,True,4.946276680009987,193.8618366551463
acid,A2,161.5,0.2368731313949768,0.1547541717917822,0.6083726940394607,0.8363384299075812,True,4.946276680009987,193.8618366551463
acid,A2,162.0,0.23546790929385164,0.15593648415113126,0.6085956037652496,0.837525867186058,True,4.946276680009987,193.8618366551463
acid,A2,162.5,0.23406557260430283,0.15712743304974186,0.6088069915405336,0.8387051532099964,True,4.946276680009987,193.8618366551463
acid,A2,163.0,0.23266620964734752,0.1583270436794626,0.609006743851781,0.8398763258605426,True,4.946276680009987,193.8618366551463
acid,A2,163.5,0.23126990726385355,0.15953534079848897,0.6091947491008165,0.841039423031243,True,4.946276680009987,193.8618366551463
acid,A2,164.0,0.22987675082275505,0.16075234872048316,0.6093708976042667,0.842194482626242,True,4.946276680009987,193.8618366551463
acid,A2,164.5,0.22848682422871303,0.1619780913036939,0.6095350815998879,0.8433415425584893,True,4.946276680009987,193.8618366551463
acid,A2,165.0,0.22710020993077507,0.16321259194140847,0.6096871952444571,0.8444806407479596,True,4.946276680009987,193.8618366551463
acid,A2,165.5,0.22571698893047998,0.16445587355173874,0.6098271346193229,0.8456118151198864,True,4.946276680009987,193.8618366551463
acid,A2,166.0,0.22433724078962936,0.16570795856696297,0.6099547977297393,0.846735103603002,True,4.946276680009987,193.8618366551463
acid,A2,166.5,0.22296104363905833,0.16696886892331175,0.6100700845093066,0.8478505441277912,True,4.946276680009987,193.8618366551463
acid,A2,167.0,0.22158847418707328,0.16823862604997686,0.6101728968197495,0.8489581746247524,True,4.946276680009987,193.8618366551463
acid,A2,167.5,0.2202196077278895,0.16951725085956326,0.6102631384542478,0.8500580330226677,True,4.946276680009987,193.8618366551463
acid,A2,168.0,0.218854518150291,0.17080476373754205,0.6103407151393236,0.8511501572468826,True,4.946276680009987,193.8618366551463
acid,A2,168.5,0.21749327794684525,0.17210118453092615,0.6104055345350634,0.8522345852175908,True,4.946276680009987,193.8618366551463
acid,A2,169.0,0.21613595822078668,0.17340653253861138,0.6104575062387818,0.853311354848131,True,4.946276680009987,193.8618366551463
acid,A2,169.5,0.21478262869822906,0.1747208265007183,0.6104965417851327,0.8543805040432849,True,4.946276680009987,193.8618366551463
acid,A2,170.0,0.21343335773338357,0.176044084587601,0.6105225546489956,0.8554420706975878,True,4.946276680009987,193.8618366551463
acid,A2,170.5,0.21208821232066022,0.17737632438985518,0.610535460245254,0.8564960926936404,True,4.946276680009987,193.8618366551463
acid,A2,171.0,0.2107472581017733,0.17871756290732677,0.6105351759329025,0.8575426079004307,True,4.946276680009987,193.8618366551463
acid,A2,171.5,0.2094105593758444,0.18006781653900905,0.6105216210132713,0.8585816541716594,True,4.946276680009987,193.8618366551463
acid,A2,172.0,0.20807817910906135,0.18142710107194038,0.6104947167335784,0.8596132693440721,True,4.946276680009987,193.8618366551463
acid,A2,172.5,0.20675017894189462,0.18279543167021295,0.6104543862887057,0.8606374912357946,True,4.946276680009987,193.8618366551463
acid,A2,173.0,0.20542661920175398,0.18417282286675718,0.6104005548192015,0.8616543576446776,True,4.946276680009987,193.8618366551463
acid,A2,173.5,0.20410755890920562,0.18555928854957493,0.6103331494157205,0.8626639063466427,True,4.946276680009987,193.8618366551463
acid,A2,174.0,0.20279305579007367,0.18695484195307976,0.6102520991181359,0.8636661750940345,True,4.946276680009987,193.8618366551463
acid,A2,174.5,0.20148316628287866,0.18835949564754983,0.6101573349177603,0.8646612016139784,True,4.946276680009987,193.8618366551463
acid,A2,175.0,0.20017794555116097,0.18977326152747054,0.6100487897570117,0.8656490236067429,True,4.946276680009987,193.8618366551463
acid,A2,175.5,0.19887744748958713,0.19119615080276375,0.6099263985308578,0.8666296787441049,True,4.946276680009987,193.8618366551463
acid,A2,176.0,0.19758172473693936,0.1926281739855762,0.6097900980881477,0.8676032046677231,True,4.946276680009987,193.8618366551463
acid,A2,176.5,0.19629082868499736,0.194069340883396,0.6096398272301684,0.8685696389875125,True,4.946276680009987,193.8618366551463
acid,A2,177.0,0.19500480948697607,0.19551966058539705,0.6094755267136431,0.8695290192800259,True,4.946276680009987,193.8618366551463
acid,A2,177.5,0.19372371607029315,0.1969791414540012,0.6092971392496205,0.8704813830868404,True,4.946276680009987,193.8618366551463
acid,A2,178.0,0.1924475961438965,0.19844779111344302,0.6091046095044739,0.8714267679129465,True,4.946276680009987,193.8618366551463
acid,A2,178.5,0.19117649620947752,0.19992561644044393,0.6088978841005677,0.8723652112251445,True,4.946276680009987,193.8618366551463
acid,A2,179.0,0.18991046157224023,0.20141262355188871,0.6086769116145918,0.873296750450445,True,4.946276680009987,193.8618366551463
acid,A2,179.5,0.18864953634911696,0.20290881779805314,0.6084416425800043,0.8742214229744739,True,4.946276680009987,193.8618366551463
acid,A2,180.0,0.18739376348186898,0.2044142037487262,0.6081920294858101,0.8751392661398831,True,4.946276680009987,193.8618366551463
acid,A2,180.5,0.18614318474341474,0.2059287851856606,0.6079280267763387,0.8760503172447661,True,4.946276680009987,193.8618366551463
acid,A2,181.0,0.1848978407523738,0.20745256509069332,0.6076495908513557,0.876954613541082,True,4.946276680009987,193.8618366551463
acid,A2,181.5,0.18365777098028335,0.20898554563753002,0.6073566800655072,0.8778521922330779,True,4.946276680009987,193.8618366551463
acid,A2,182.0,0.18242301376369952,0.21052772818042076,0.6070492547286532,0.8787430904757274,True,4.946276680009987,193.8618366551463
acid,A2,182.5,0.18119360631396741,0.21207911324450102,0.606727277104202,0.8796273453731641,True,4.946276680009987,193.8618366551463
acid,A2,183.0,0.179969584726547,0.21363970051690995,0.6063907114092215,0.8805049939771307,True,4.946276680009987,193.8618366551463
acid,A2,183.5,0.1787509839935586,0.21520948883591018,0.6060395238125516,0.8813760732854287,True,4.946276680009987,193.8618366551463
acid,A2,184.0,0.1775378380138859,0.216788476181895,0.6056736824368025,0.8822406202403754,True,4.946276680009987,193.8618366551463
acid,A2,184.5,0.17633017960139163,0.21837665966761843,0.6052931573538034,0.8830986717272709,True,4.946276680009987,193.8618366551463
acid,A2,185.0,0.17512804049912845,0.21997403552931338,0.6048979205849347,0.883950264572867,True,4.946276680009987,193.8618366551463
acid,A2,185.5,0.17393145138711041,0.22158059911614458,0.6044879461007957,0.8847954355438494,True,4.946276680009987,193.8618366551463
acid,A2,186.0,0.1727404418938594,0.22319634488254803,0.6040632098186505,0.8856342213453197,True,4.946276680009987,193.8618366551463
acid,A2,186.5,0.1715550406071742,0.2248212663774618,0.603623689600985,0.8864666586192936,True,4.946276680009987,193.8618366551463
acid,A2,187.0,0.17037527508478867,0.22645535623688762,0.603169365255285,0.8872927839431999,True,4.946276680009987,193.8618366551463
acid,A2,187.5,0.16920117186469685,0.2280986061741208,0.602700218529928,0.8881126338283916,True,4.946276680009987,193.8618366551463
acid,A2,188.0,0.1680327564760331,0.22975100697064654,0.6022162331137393,0.8889262447186641,True,4.946276680009987,193.8618366551463
acid,A2,188.5,0.16687005344950823,0.23141254846814618,0.6017173946343268,0.8897336529887825,True,4.946276680009987,193.8618366551463
acid,A2,189.0,0.1657130863296219,0.23308321956017064,0.601203690653973,0.8905348949430169,True,4.946276680009987,193.8618366551463
acid,A2,189.5,0.16456187768287833,0.23476300818225937,0.6006751106710784,0.8913300068136885,True,4.946276680009987,193.8618366551463
acid,A2,190.0,0.16341644910988773,0.23645190130627824,0.6001316461123896,0.8921190247597228,True,4.946276680009987,193.8618366551463
acid,A2,190.5,0.16227682125635745,0.2381498849296504,0.599573290334332,0.8929019848652151,True,4.946276680009987,193.8618366551463
acid,A2,191.0,0.16114301382375018,0.23985694406980507,0.5990000386197902,0.8936789231380042,True,4.946276680009987,193.8618366551463
acid,A2,191.5,0.16001504557983104,0.2415730627538526,0.5984118881726674,0.894449875508256,True,4.946276680009987,193.8618366551463
acid,A2,192.0,0.15889293436854857,0.24329822401292223,0.5978088381179969,0.8952148778270587,True,4.946276680009987,193.8618366551463
acid,A2,192.5,0.1577766971218031,0.2450324098740575,0.5971908894969458,0.8959739658650288,True,4.946276680009987,193.8618366551463
acid,A2,193.0,0.1566663498703269,0.24677560135333287,0.5965580452627073,0.8967271753109265,True,4.946276680009987,193.8618366551463
acid,A2,193.5,0.15556190775356527,0.24852777844797114,0.5959103102783914,0.8974745417702844,True,4.946276680009987,193.8618366551463
acid,A2,194.0,0.15446338503188883,0.25028892012957105,0.5952476913129168,0.898216100764045,False,4.946276680009987,193.8618366551463
acid,A2,194.5,0.1533707950946983,0.252059004337446,0.5945701970360151,0.8989518877272135,False,4.946276680009987,193.8618366551463
acid,A2,195.0,0.15228415047341404,0.2538380079732949,0.5938778380155663,0.8996819380075188,False,4.946276680009987,193.8618366551463
acid,A2,195.5,0.15120346285213415,0.2556259068928757,0.5931706267117143,0.9004062868640891,False,4.946276680009987,193.8618366551463
acid,A2,196.0,0.1501287430771825,0.25742267590034285,0.5924485774744248,0.90112496946614,False,4.946276680009987,193.8618366551463
acid,A2,196.5,0.14906000116776674,0.2592282887429187,0.5917117065358246,0.901838020891673,False,4.946276680009987,193.8618366551463
acid,A2,197.0,0.14799724632752476,0.26104271810567514,0.5909600320087582,0.9025454761261903,False,4.946276680009987,193.8618366551463
acid,A2,197.5,0.1469404869542945,0.2628659356040952,0.5901935738784614,0.9032473700614191,False,4.946276680009987,193.8618366551463
acid,A2,198.0,0.14588973065210453,0.26469791177996527,0.5894123540002294,0.9039437374940533,False,4.946276680009987,193.8618366551463
acid,A2,198.5,0.14484498423994463,0.2665386160970451,0.5886163960915347,0.9046346131245042,False,4.946276680009987,193.8618366551463
acid,A2,199.0,0.1438062537630902,0.2683880169332964,0.58780572572803,0.9053200315556698,False,4.946276680009987,193.8618366551463
acid,A2,199.5,0.14277354450376034,0.2702460815808827,0.5869803703358878,0.906000027291714,False,4.946276680009987,193.8618366551463
acid,A2,200.0,0.1417468609921091,0.27211277623662156,0.5861403591880254,0.9066746347368639,False,4.946276680009987,193.8618366551463
acid,A3,1.0,0.036984163040543194,0.10936794389282412,0.853647892884446,0.06460194964978838,False,4.8866718110541365,201.0587610871564
acid,A3,1.5,0.03787680242073321,0.10854471988697156,0.8535784776215749,0.06574154889473165,False,4.8866718110541365,201.0587610871564
acid,A3,2.0,0.03878880266583451,0.1077292149340714,0.8534819822849649,0.06689907756731425,False,4.8866718110541365,201.0587610871564
acid,A3,2.5,0.03972045694355941,0.1069214004387753,0.8533581424545744,0.06807473297559262,False,4.8866718110541365,201.0587610871564
acid,A3,3.0,0.0406720570285124,0.10612124763031971,0.8532066951869588,0.0692687114268129,False,4.8866718110541365,201.0587610871564
acid,A3,3.5,0.041643892609410926,0.10532872806301441,0.8530273792310972,0.07048120808870159,False,4.8866718110541365,201.0587610871564
acid,A3,4.0,0.042636250912941875,0.10454381304914051,0.8528199358655009,0.07171241684716424,False,4.8866718110541365,201.0587610871564
acid,A3,4.5,0.043649416923585704,0.10376647433663067,0.8525841086064467,0.07296253016044565,False,4.8866718110541365,201.0587610871564
acid,A3,5.0,0.04468367218679603,0.10299668346913649,0.8523196441543313,0.07423173890981366,True,4.8866718110541365,201.0587610871564
acid,A3,5.5,0.04573929507500907,0.1022344124588237,0.8520262922839805,0.0755202322468394,True,4.8866718110541365,201.0587610871564
acid,A3,6.0,0.046816560068219104,0.10147963304918406,0.8517038066990779,0.07682819743735553,True,4.8866718110541365,201.0587610871564
acid,A3,6.5,0.04791573740359212,0.10073231734475385,0.8513519450605855,0.07815581970218541,True,4.8866718110541365,201.0587610871564
acid,A3,7.0,0.04903709280190682,0.09999243749181375,0.8509704695010001,0.07950328205474542,True,4.8866718110541365,201.0587610871564
acid,A3,7.5,0.05018088678188093,0.09925996579385199,0.8505591472491858,0.08087076513563532,True,4.8866718110541365,201.0587610871564
acid,A3,8.0,0.05134737445455784,0.09853487467559319,0.8501177506907709,0.08225844704434018,True,4.8866718110541365,201.0587610871564
acid,A3,8.5,0.052536804941105686,0.09781713667234015,0.8496460582105847,0.08366650316818086,True,4.8866718110541365,201.0587610871564
acid,A3,9.0,0.05374942098645974,0.09710672453033808,0.8491438542961305,0.08509510600866034,True,4.8866718110541365,201.0587610871564
acid,A3,9.5,0.054985458462164516,0.09640361111862283,0.8486109302157097,0.08654442500536452,True,4.8866718110541365,201.0587610871564
acid,A3,10.0,0.056245145895639226,0.09570776945211357,0.8480470844611787,0.08801462635758933,True,4.8866718110541365,201.0587610871564
acid,A3,10.5,0.05752870396569243,0.09501917274579164,0.8474521231067733,0.08950587284387536,True,4.8866718110541365,201.0587610871564
acid,A3,11.0,0.05883634507775071,0.09433779430501055,0.8468258603968604,0.09101832363964604,True,4.8866718110541365,201.0587610871564
acid,A3,11.5,0.060168272828953206,0.093663607704908,0.8461681192655224,0.09255213413315463,True,4.8866718110541365,201.0587610871564
acid,A3,12.0,0.061524681485014554,0.09299658660388843,0.8454787316904966,0.09410745573995881,True,4.8866718110541365,201.0587610871564
acid,A3,12.5,0.06290575553125066,0.0923367048955015,0.8447575393528695,0.09568443571615244,True,4.8866718110541365,201.0587610871564
acid,A3,13.0,0.06431166915410458,0.09168393660496932,0.8440043940136643,0.09728321697059657,True,4.8866718110541365,201.0587610871564
acid,A3,13.5,0.06574258569003177,0.09103825599932058,0.8432191580927118,0.0989039378764022,True,4.8866718110541365,201.0587610871564
acid,A3,14.0,0.06719865712723205,0.09039963747614621,0.8424017051551491,0.10054673208192962,True,4.8866718110541365,201.0587610871564
acid,A3,14.5,0.06868002367110826,0.08976805565308332,0.8415519204409971,0.10221172832157921,True,4.8866718110541365,201.0587610871564
acid,A3,15.0,0.07018681311476982,0.08914348532185201,0.8406697013081388,0.10389905022665959,True,4.8866718110541365,201.0587610871564
acid,A3,15.5,0.07171914043735406,0.0885259014908879,0.8397549578222918,0.10560881613662944,True,4.8866718110541365,201.0587610871564
acid,A3,16.0,0.07327710721005687,0.0879152793262783,0.8388076132122002,0.10734113891101851,True,4.8866718110541365,201.0587610871564
acid,A3,16.5,0.07486080114871285,0.08731159420904966,0.8378276043856658,0.10909612574234322,True,4.8866718110541365,201.0587610871564
acid,A3,17.0,0.07647029562751761,0.08671482171296319,0.8368148824022814,0.11087387797034033,True,4.8866718110541365,201.0587610871564
acid,A3,17.5,0.07810564911259199,0.08612493760584705,0.8357694130176618,0.11267449089785139,True,4.8866718110541365,201.0587610871564
acid,A3,18.0,0.07976690478406212,0.08554191785670184,0.8346911770844567,0.11449805360869582,True,4.8866718110541365,201.0587610871564
acid,A3,18.5,0.08145409000626103,0.08496573861971335,0.8335801711021329,0.11634464878788012,True,4.8866718110541365,201.0587610871564
acid,A3,19.0,0.08316721582746212,0.08439637625401453,0.8324364076297552,0.11821435254449417,True,4.8866718110541365,201.0587610871564
acid,A3,19.5,0.0849062766310471,0.08383380733500978,0.8312599157531686,0.12010723423765139,True,4.8866718110541365,201.0587610871564
acid,A3,20.0,0.08667124962924433,0.0832780085684437,0.83005074151421,0.12202335630583423,True,4.8866718110541365,201.0587610871564
acid,A3,20.5,0.08846209442570085,0.08272895692984505,0.8288089483499128,0.12396277410000837,True,4.8866718110541365,201.0587610871564
acid,A3,21.0,0.09027875266998109,0.08218662953618505,0.8275346174886344,0.12592553572087214,True,4.8866718110541365,201.0587610871564
acid,A3,21.5,0.09212114766254942,0.08165100371493317,0.8262278483111007,0.1279116818606086,True,4.8866718110541365,201.0587610871564
acid,A3,22.0,0.0939891839375484,0.08112205697163866,0.8248887587816167,0.1299212456495071,True,4.8866718110541365,201.0587610871564
acid,A3,22.5,0.09588274694771748,0.08059976700636184,0.823517485729397,0.13195425250782003,True,4.8866718110541365,201.0587610871564
acid,A3,23.0,0.0978017027495337,0.08008411169191376,0.8221141852269298,0.1340107200032197,True,4.8866718110541365,201.0587610871564
acid,A3,23.5,0.0997458977012311,0.07957506909028744,0.8206790328697533,0.13609065771421375,True,4.8866718110541365,201.0587610871564
acid,A3,24.0,0.10171515814305643,0.07907261745399019,0.8192122240646693,0.13819406709987603,True,4.8866718110541365,201.0587610871564
acid,A3,24.5,0.10370929020453445,0.07857673516120656,0.8177139742899797,0.14032094137624077,True,4.8866718110541365,201.0587610871564
acid,A3,25.0,0.10572807954245533,0.07808740081549637,0.8161845192866668,0.14247126539970337,True,4.8866718110541365,201.0587610871564
acid,A3,25.5,0.10777129116745776,0.07760459315497847,0.8146241153292877,0.14464501555776016,True,4.8866718110541365,201.0587610871564
acid,A3,26.0,0.10983866925173835,0.07712829108319497,0.8130330393081309,0.1468421596674111,True,4.8866718110541365,201.0587610871564
acid,A3,26.5,0.11192993701780729,0.07665847367155365,0.8114115889454876,0.149062656881538,True,4.8866718110541365,201.0587610871564
acid,A3,27.0,0.1140447966447855,0.07619512012380092,0.8097600828582685,0.15130645760355776,True,4.8866718110541365,201.0587610871564
acid,A3,27.5,0.11618292914161721,0.07573820982464952,0.808078860654815,0.1535735034106374,True,4.8866718110541365,201.0587610871564
acid,A3,28.0,0.11834399437238297,0.07528772227205494,0.8063682829693164,0.1558637269857424,True,4.8866718110541365,201.0587610871564
acid,A3,28.5,0.12052763102432529,0.07484363712184638,0.8046287314640299,0.15817705205877336,True,4.8866718110541365,201.0587610871564
acid,A3,29.0,0.12273345663871282,0.074405934143984,0.8028606088168466,0.16051339335702988,True,4.8866718110541365,201.0587610871564
acid,A3,29.5,0.12496106767945214,0.07397459326363709,0.8010643386557881,0.162872656565221,True,4.8866718110541365,201.0587610871564
acid,A3,30.0,0.12721003962878896,0.07354959450212029,0.7992403654586422,0.1652547382952233,True,4.8866718110541365,201.0587610871564
acid,A3,30.5,0.1294799271438496,0.07313091802085836,0.7973891544166278,0.16765952606576642,True,4.8866718110541365,201.0587610871564
acid,A3,31.0,0.1317702642167351,0.07271854407320255,0.7955111912862911,0.17008689829220586,True,4.8866718110541365,201.0587610871564
acid,A3,31.5,0.13408056438546367,0.07231245303329636,0.7936069821468106,0.17253672428651892,True,4.8866718110541365,201.0587610871564
acid,A3,32.0,0.13641032099087624,0.07191262537498133,0.7916770531939399,0.17500886426763854,True,4.8866718110541365,201.0587610871564
acid,A3,32.5,0.13875900745585756,0.07151904166169398,0.7897219504396924,0.17750316938221494,True,4.8866718110541365,201.0587610871564
acid,A3,33.0,0.14112607759797502,0.07113168255434843,0.7877422393992584,0.1800194817358722,True,4.8866718110541365,201.0587610871564
acid,A3,33.5,0.14351096600784263,0.07075052879090826,0.7857385047469467,0.18255763443500023,True,4.8866718110541365,201.0587610871564
acid,A3,34.0,0.14591308842137884,0.07037556119537935,0.7837113499162829,0.18511745163909893,True,4.8866718110541365,201.0587610871564
acid,A3,34.5,0.1483318421633406,0.07000676067314693,0.7816613966952213,0.18769874862366695,True,4.8866718110541365,201.0587610871564
acid,A3,35.0,0.15076660658963625,0.06964410818044442,0.7795892847566321,0.19030133185359804,True,4.8866718110541365,201.0587610871564
acid,A3,35.5,0.15321674360213589,0.06928758474911145,0.7774956711666947,0.19292499906702704,True,4.8866718110541365,201.0587610871564
acid,A3,36.0,0.1556815981713644,0.06893717146960743,0.7753812298729734,0.19556953936953833,True,4.8866718110541365,201.0587610871564
acid,A3,36.5,0.1581604988791785,0.06859284949278788,0.7732466511346514,0.19823473333862596,True,4.8866718110541365,201.0587610871564
acid,A3,37.0,0.16065275854115768,0.06825460000792205,0.7710926409506547,0.2009203531382679,True,4.8866718110541365,201.0587610871564
acid,A3,37.5,0.16315767479713195,0.06792240426067853,0.7689199204335972,0.20362616264345282,True,4.8866718110541365,201.0587610871564
acid,A3,38.0,0.16567453077442895,0.06759624353647187,0.766729225176177,0.2063519175744737,True,4.8866718110541365,201.0587610871564
acid,A3,38.5,0.16820259575445196,0.06727609915724297,0.7645213045698318,0.20909736564077647,True,4.8866718110541365,201.0587610871564
acid,A3,39.0,0.170741125875562,0.06696195248279135,0.7622969211178443,0.21186224669413123,True,4.8866718110541365,201.0587610871564
acid,A3,39.5,0.17328936485683233,0.06665378490255947,0.7600568497105886,0.21464629289086826,True,4.8866718110541365,201.0587610871564
acid,A3,40.0,0.17584654473434824,0.06635157783585477,0.7578018768924499,0.21744922886290197,True,4.8866718110541365,201.0587610871564
acid,A3,40.5,0.17841188663680896,0.06605531272763088,0.7555328000918848,0.220270771897242,True,4.8866718110541365,201.0587610871564
acid,A3,41.0,0.180984601559131,0.06576497105259538,0.7532504268411566,0.2231106321236746,True,4.8866718110541365,201.0587610871564
acid,A3,41.5,0.18356389116402916,0.06548053429933365,0.7509555739830809,0.22596851271027446,True,4.8866718110541365,201.0587610871564
acid,A3,42.0,0.18614894859514397,0.06520198398662913,0.7486490668571211,0.22884411006639327,True,4.8866718110541365,201.0587610871564
acid,A3,42.5,0.1887389593109301,0.06492930164214705,0.7463317384791557,0.23173711405275293,True,4.8866718110541365,201.0587610871564
acid,A3,43.0,0.19133310190666553,0.06466246882341764,0.7440044286978198,0.23464720819825682,True,4.8866718110541365,201.0587610871564
acid,A3,43.5,0.1939305489749854,0.06440146710084971,0.7416679833475159,0.2375740699231184,True,4.8866718110541365,201.0587610871564
acid,A3,44.0,0.19653046794398943,0.06414627806317075,0.7393232534108618,0.24051737076789556,True,4.8866718110541365,201.0587610871564
acid,A3,44.5,0.1991320219478787,0.06389688331664978,0.736971094146055,0.2434767766280058,True,4.8866718110541365,201.0587610871564
acid,A3,45.0,0.2017343706787189,0.06365326449520037,0.7346123642322233,0.2464519479932911,True,4.8866718110541365,201.0587610871564
acid,A3,45.5,0.20433667125097088,0.06341540324461548,0.73224792490445,0.2494425401921908,True,4.8866718110541365,201.0587610871564
acid,A3,46.0,0.2069380790558073,0.06318328123722239,0.729878639103676,0.25244820364007414,True,4.8866718110541365,201.0587610871564
acid,A3,46.5,0.20953774862009222,0.06295688016944023,0.7275053706016221,0.2554685840912836,True,4.8866718110541365,201.0587610871564
acid,A3,47.0,0.21213483446380632,0.06273618176377838,0.7251289831603502,0.25850332289442945,True,4.8866718110541365,201.0587610871564
acid,A3,47.5,0.2147284919359338,0.06252116777138994,0.7227503396719515,0.26155205725048136,True,4.8866718110541365,201.0587610871564
acid,A3,48.0,0.21731787805856495,0.06231181997873314,0.7203703013402007,0.2646144204731978,True,4.8866718110541365,201.0587610871564
acid,A3,48.5,0.21990215233957944,0.06210812020646106,0.7179897268269064,0.2676900422514346,True,4.8866718110541365,201.0587610871564
acid,A3,49.0,0.22248047760431433,0.061910050314528675,0.7156094714489969,0.2707785489128825,True,4.8866718110541365,201.0587610871564
acid,A3,49.5,0.22505202078260123,0.061717592207743976,0.7132303863729428,0.2738795636887774,True,4.8866718110541365,201.0587610871564
acid,A3,50.0,0.22761595369635845,0.0615307278424293,0.7108533178191712,0.2769927069791419,True,4.8866718110541365,201.0587610871564
acid,A3,50.5,0.23017145383164017,0.06134943922531111,0.7084791062962337,0.2801175966181164,True,4.8866718110541365,201.0587610871564
acid,A3,51.0,0.2327177050860385,0.0611737084240116,0.706108585841303,0.28325384813894905,True,4.8866718110541365,201.0587610871564
acid,A3,51.5,0.2352538984982111,0.061003517567603804,0.7037425832800426,0.28640107503822027,True,4.8866718110541365,201.0587610871564
acid,A3,52.0,0.2377792329611994,0.060838848863431494,0.7013819175173408,0.2895588890388906,True,4.8866718110541365,201.0587610871564
acid,A3,52.5,0.24029291591232127,0.06067968458833839,0.6990273988383144,0.2927269003517677,True,4.8866718110541365,201.0587610871564
acid,A3,53.0,0.24279416399036746,0.06052600710565459,0.6966798282398989,0.295904717935003,True,4.8866718110541365,201.0587610871564
acid,A3,53.5,0.24528220369096632,0.06037779886924888,0.6943399967708763,0.29909194975124004,True,4.8866718110541365,201.0587610871564
acid,A3,54.0,0.24775627197559658,0.06023504242941291,0.6920086849235285,0.30228820302205045,True,4.8866718110541365,201.0587610871564
acid,A3,54.5,0.25021561686228155,0.06009772044279771,0.6896866620212938,0.3054930844793075,True,4.8866718110541365,201.0587610871564
acid,A3,55.0,0.25265949799957443,0.05996581567535575,0.6873746856479457,0.3087062006131627,True,4.8866718110541365,201.0587610871564
acid,A3,55.5,0.2550871872007976,0.05983931101538609,0.6850735011022513,0.3119271579163056,True,4.8866718110541365,201.0587610871564
acid,A3,56.0,0.25749796896101795,0.05971818947819729,0.6827838408768327,0.3151555631242031,True,4.8866718110541365,201.0587610871564
acid,A3,56.5,0.25989114093627474,0.05960243421410105,0.6805064241616199,0.31839102345103304,True,4.8866718110541365,201.0587610871564
acid,A3,57.0,0.2622660144095956,0.05949202851884827,0.678241956382053,0.32163314682103905,True,4.8866718110541365,201.0587610871564
acid,A3,57.5,0.26462191471299246,0.05938695583762588,0.6759911287556597,0.3248815420950567,True,4.8866718110541365,201.0587610871564
acid,A3,58.0,0.26695818163346985,0.05928719978121055,0.6737546178900433,0.3281358192919738,True,4.8866718110541365,201.0587610871564
acid,A3,58.5,0.26927416978628216,0.059192744123082175,0.6715330853920287,0.3313955898049045,True,4.8866718110541365,201.0587610871564
acid,A3,59.0,0.2715692489596577,0.05910357282201684,0.6693271775187193,0.33466046661188126,True,4.8866718110541365,201.0587610871564
acid,A3,59.5,0.273842804429103,0.0590196700173129,0.6671375248491485,0.33793006448087554,True,4.8866718110541365,201.0587610871564
acid,A3,60.0,0.27609423725455384,0.05894102004849744,0.6649647419915694,0.34120400016898517,True,4.8866718110541365,201.0587610871564
acid,A3,60.5,0.27832296453567107,0.05886760745416053,0.6628094273015694,0.3444818926156375,True,4.8866718110541365,201.0587610871564
acid,A3,61.0,0.2805284196498725,0.0587994169892192,0.6606721626500889,0.3477633631296774,True,4.8866718110541365,201.0587610871564
acid,A3,61.5,0.28271005245700254,0.058736433629580365,0.6585535132003217,0.35104803557022507,True,4.8866718110541365,201.0587610871564
acid,A3,62.0,0.2848673294864601,0.05867864258124467,0.656454027217257,0.3543355365212038,True,4.8866718110541365,201.0587610871564
acid,A3,62.5,0.2869997340856911,0.058626029289299275,0.654374235907973,0.35762549545945754,True,4.8866718110541365,201.0587610871564
acid,A3,63.0,0.2891067665560798,0.05857857944593925,0.6523146532783075,0.3609175449163897,True,4.8866718110541365,201.0587610871564
acid,A3,63.5,0.29118794425431194,0.05853627900037628,0.6502757760243894,0.36421132063307404,True,4.8866718110541365,201.0587610871564
acid,A3,64.0,0.29324280167619676,0.05849911416669351,0.648258083433717,0.36750646170879786,True,4.8866718110541365,201.0587610871564
acid,A3,64.5,0.2952708905102075,0.05846707142995178,0.6462620373347827,0.37080261074302007,True,4.8866718110541365,201.0587610871564
acid,A3,65.0,0.29727177967475704,0.0584401375616217,0.6442880820375363,0.37409941397073254,True,4.8866718110541365,201.0587610871564
acid,A3,65.5,0.29924505533085455,0.05841829961644729,0.6423366443243095,0.3773965213912312,True,4.8866718110541365,201.0587610871564
acid,A3,66.0,0.30119032087300157,0.058401544950181794,0.6404081334457079,0.38069358689031535,True,4.8866718110541365,201.0587610871564
acid,A3,66.5,0.30310719689471965,0.058389861225388584,0.6385029411464793,0.3839902683559448,True,4.8866718110541365,201.0587610871564
acid,A3,67.0,0.30499532114861005,0.058383236415077144,0.6366214417017901,0.3872862277873974,True,4.8866718110541365,201.0587610871564
acid,A3,67.5,0.30685434846444704,0.058381658816053505,0.6347639919828951,0.3905811313979785,True,4.8866718110541365,201.0587610871564
acid,A3,68.0,0.30868395067903953,0.0583851170496974,0.6329309315335763,0.3938746497113477,True,4.8866718110541365,201.0587610871564
acid,A3,68.5,0.3104838165149393,0.0583936000758678,0.6311225826691746,0.3971664576515332,True,4.8866718110541365,201.0587610871564
acid,A3,69.0,0.31225365147152795,0.058407097196538915,0.6293392505909157,0.4004562346267189,True,4.8866718110541365,201.0587610871564
acid,A3,69.5,0.3139931776847127,0.058425598062822326,0.6275812235096434,0.4037436646068922,True,4.8866718110541365,201.0587610871564
acid,A3,70.0,0.31570213377496437,0.058449092681878145,0.625848772799531,0.40702843619545376,True,4.8866718110541365,201.0587610871564
acid,A3,70.5,0.3173802746843507,0.05847757142156407,0.6241421531486407,0.41031024269489197,True,4.8866718110541365,201.0587610871564
acid,A3,71.0,0.31902737149500093,0.05851102502209271,0.6224616027364627,0.4135887821666387,True,4.8866718110541365,201.0587610871564
acid,A3,71.5,0.32064321123814743,0.05854944459669775,0.6208073434161715,0.4168637574852223,True,4.8866718110541365,201.0587610871564
acid,A3,72.0,0.3222275966964644,0.05859282163928059,0.6191795809133288,0.42013487638684316,True,4.8866718110541365,201.0587610871564
acid,A3,72.5,0.32378034618607554,0.058641148030808,0.6175785050310384,0.42340185151250137,True,4.8866718110541365,201.0587610871564
acid,A3,73.0,0.3253012933310123,0.05869441604267056,0.6160042898715051,0.42666440044581017,True,4.8866718110541365,201.0587610871564
acid,A3,73.5,0.32679028684062805,0.058752618344815044,0.614457094058829,0.42992224574563315,True,4.8866718110541365,201.0587610871564
acid,A3,74.0,0.3282471902567169,0.05881574800660483,0.6129370609796042,0.4331751149736867,True,4.8866718110541365,201.0587610871564
acid,A3,74.5,0.32967188171079825,0.05888379850565312,0.6114443190232618,0.4364227407172506,True,4.8866718110541365,201.0587610871564
acid,A3,75.0,0.33106425367031983,0.05895676373035563,0.6099789818375251,0.43966486060713506,True,4.8866718110541365,201.0587610871564
acid,A3,75.5,0.3324242126696436,0.05903463798394987,0.6085411485815956,0.44290121733105053,True,4.8866718110541365,201.0587610871564
acid,A3,76.0,0.33375167905222436,0.059117415989545785,0.6071309041931691,0.4461315586425335,True,4.8866718110541365,201.0587610871564
acid,A3,76.5,0.33504658668313464,0.05920509289134013,0.6057483196570713,0.44935563736557604,True,4.8866718110541365,201.0587610871564
acid,A3,77.0,0.3363088826889918,0.05929766426316513,0.6043934522779078,0.4525732113951127,True,4.8866718110541365,201.0587610871564
acid,A3,77.5,0.3375385271630494,0.059395126105799695,0.6030663459579977,0.4557840436935178,True,4.8866718110541365,201.0587610871564
acid,A3,78.0,0.338735492890443,0.05949747485565126,0.6017670314789197,0.45898790228326314,True,4.8866718110541365,201.0587610871564
acid,A3,78.5,0.33989976505459113,0.059604707383515906,0.6004955267852949,0.4621845602358901,True,4.8866718110541365,201.0587610871564
acid,A3,79.0,0.34103134095319826,0.05971682099868009,0.5992518372692404,0.4653737956574461,True,4.8866718110541365,201.0587610871564
acid,A3,79.5,0.34213022970386653,0.05983381345250893,0.5980359560618722,0.4685553916705358,True,4.8866718110541365,201.0587610871564
acid,A3,80.0,0.34319645195705906,0.05995568293903561,0.5968478643197002,0.4717291363931373,True,4.8866718110541365,201.0587610871564
acid,A3,80.5,0.34423003959926574,0.0600824280988857,0.5956875315144688,0.4748948229143278,True,4.8866718110541365,201.0587610871564
acid,A3,81.0,0.34523103546490325,0.06021404801941771,0.5945549157264848,0.47805224926706896,True,4.8866718110541365,201.0587610871564
acid,A3,81.5,0.3461994930411133,0.06035054223487574,0.5934499639313889,0.48120121839819185,True,4.8866718110541365,201.0587610871564
acid,A3,82.0,0.34713547617894885,0.06049191073301957,0.5923726122929185,0.4843415381357249,True,4.8866718110541365,201.0587610871564
acid,A3,82.5,0.3480390587999177,0.060638153952026486,0.5913227864504863,0.4874730211537041,True,4.8866718110541365,201.0587610871564
acid,A3,83.0,0.3489103246086256,0.060789272780720216,0.5903004018085606,0.490595484934603,True,4.8866718110541365,201.0587610871564
acid,A3,83.5,0.34974936680738644,0.060945268565898436,0.58930536382161,0.4937087517295144,True,4.8866718110541365,201.0587610871564
acid,A3,84.0,0.3505562878085705,0.06110614310432527,0.5883375682794734,0.4968126485162192,True,4.8866718110541365,201.0587610871564
acid,A3,84.5,0.351331198949284,0.06127189864857385,0.5873969015901398,0.499907006955266,True,4.8866718110541365,201.0587610871564
acid,A3,85.0,0.3520742202172966,0.06144253790901777,0.5864832410587689,0.5029916633441915,True,4.8866718110541365,201.0587610871564
acid,A3,85.5,0.3527854799680319,0.06161806404667014,0.5855964551668286,0.5060664585700015,True,4.8866718110541365,201.0587610871564
acid,A3,86.0,0.35346511465100816,0.061798480680747,0.5847364038455288,0.5091312380600335,True,4.8866718110541365,201.0587610871564
acid,A3,86.5,0.35411326854122016,0.06198379188496195,0.5839029387475492,0.5121858517313154,True,4.8866718110541365,201.0587610871564
acid,A3,87.0,0.35473009346689843,0.06217400218817837,0.5830959035150046,0.5152301539385341,True,4.8866718110541365,201.0587610871564
acid,A3,87.5,0.35531574854914816,0.06236911657148125,0.5823151340446642,0.5182640034207251,True,4.8866718110541365,201.0587610871564
acid,A3,88.0,0.35587039993947855,0.06256914047136908,0.58156045875013,0.5212872632467859,True,4.8866718110541365,201.0587610871564
acid,A3,88.5,0.35639422056360504,0.06277407977697824,0.5808316988162587,0.5242998007599182,True,4.8866718110541365,201.0587610871564
acid,A3,89.0,0.3568873898681657,0.06298394082851488,0.580128668455665,0.5273014875211001,True,4.8866718110541365,201.0587610871564
acid,A3,89.5,0.35735009357412695,0.06319873041726876,0.5794511751560372,0.5302921992516795,True,4.8866718110541365,201.0587610871564
acid,A3,90.0,0.3577825234307441,0.0634184557847528,0.5787990199278004,0.533271815775188,True,4.8866718110541365,201.0587610871564
acid,A3,90.5,0.35818487697761303,0.06364312461953903,0.5781719975412047,0.5362402209584588,True,4.8866718110541365,201.0587610871564
acid,A3,91.0,0.35855735730788707,0.06387274505834095,0.5775698967670218,0.5391973026521375,True,4.8866718110541365,201.0587610871564
acid,A3,91.5,0.35890017283868314,0.06410732568243316,0.5769925006068044,0.5421429526306702,True,4.8866718110541365,201.0587610871564
acid,A3,92.0,0.3592135370835414,0.06434687551687412,0.5764395865219263,0.5450770665318452,True,4.8866718110541365,201.0587610871564
acid,A3,92.5,0.3594976684323792,0.0645914040291462,0.5759109266564033,0.5479995437959658,True,4.8866718110541365,201.0587610871564
acid,A3,93.0,0.359752789932416,0.06484092112488127,0.5754062880543032,0.55091028760473,True,4.8866718110541365,201.0587610871564
acid,A3,93.5,0.35997912907806406,0.06509543714941501,0.574925432878709,0.5538092048198819,True,4.8866718110541365,201.0587610871564
acid,A3,94.0,0.3601769176013181,0.06535496288337383,0.5744681186156397,0.5566962059217078,True,4.8866718110541365,201.0587610871564
acid,A3,94.5,0.3603463912686955,0.06561950954064866,0.5740340982849645,0.5595712049474355,True,4.8866718110541365,201.0587610871564
acid,A3,95.0,0.36048778968472694,0.06588908876620225,0.5736231206365516,0.5624341194296022,True,4.8866718110541365,201.0587610871564
acid,A3,95.5,0.36060135609683464,0.06616371263479248,0.5732349303502193,0.5652848703344462,True,4.8866718110541365,201.0587610871564
acid,A3,96.0,0.3606873372046515,0.06644339364650365,0.572869268224141,0.5681233820003789,True,4.8866718110541365,201.0587610871564
acid,A3,96.5,0.36074598297808347,0.06672814472577504,0.5725258713646375,0.5709495820765887,True,4.8866718110541365,201.0587610871564
acid,A3,97.0,0.3607775464762042,0.06701797921879193,0.5722044733674492,0.5737634014618292,True,4.8866718110541365,201.0587610871564
acid,A3,97.5,0.36078228367039666,0.06731291088851732,0.571904804495732,0.5765647742434338,True,4.8866718110541365,201.0587610871564
acid,A3,98.0,0.3607604532778197,0.06761295391471966,0.5716265918553065,0.5793536376366077,True,4.8866718110541365,201.0587610871564
acid,A3,98.5,0.36071231658837966,0.06791812288978183,0.5713695595621071,0.5821299319240335,True,4.8866718110541365,201.0587610871564
acid,A3,99.0,0.3606381373076062,0.06822843281611979,0.571133428909687,0.5848936003958338,True,4.8866718110541365,201.0587610871564
acid,A3,99.5,0.36053818139741844,0.06854389910160297,0.5709179185268143,0.5876445892899268,True,4.8866718110541365,201.0587610871564
acid,A3,100.0,0.3604127169220539,0.06886453755855504,0.5707227445372887,0.5903828477328096,True,4.8866718110541365,201.0587610871564
acid,A3,100.5,0.36026201389993684,0.06919036440000692,0.5705476207099602,0.5931083276808031,True,4.8866718110541365,201.0587610871564
acid,A3,101.0,0.36008634415773955,0.0695213962356167,0.5703922586090537,0.5958209838617884,True,4.8866718110541365,201.0587610871564
acid,A3,101.5,0.3598859811886901,0.06985765006894962,0.5702563677363326,0.5985207737174628,True,4.8866718110541365,201.0587610871564
acid,A3,102.0,0.35966120001879043,0.07019914329481347,0.5701396556719862,0.6012076573461438,True,4.8866718110541365,201.0587610871564
acid,A3,102.5,0.35941227706987044,0.0705458936943737,0.5700418282130748,0.6038815974461439,True,4.8866718110541365,201.0587610871564
acid,A3,103.0,0.3591394900340217,0.07089791943182266,0.5699625895029259,0.60654255925974,True,4.8866718110541365,201.0587610871564
acid,A3,103.5,0.3588431177450335,0.07125523905365805,0.5699016421615299,0.6091905105177587,True,4.8866718110541365,201.0587610871564
acid,A3,104.0,0.35852344006015446,0.07161787148068921,0.5698586874102185,0.6118254213847963,True,4.8866718110541365,201.0587610871564
acid,A3,104.5,0.35818073774146475,0.07198583600803721,0.5698334251927895,0.6144472644050908,True,4.8866718110541365,201.0587610871564
acid,A3,105.0,0.3578152923390254,0.07235915229886203,0.5698255542951336,0.6170560144490631,True,4.8866718110541365,201.0587610871564
acid,A3,105.5,0.35742738608496305,0.07273784038264175,0.5698347724558683,0.6196516486605416,True,4.8866718110541365,201.0587610871564
acid,A3,106.0,0.3570173017825029,0.07312192065084266,0.5698607764804131,0.6222341464046828,True,4.8866718110541365,201.0587610871564
acid,A3,106.5,0.35658532270416154,0.07351141385159021,0.56990326234857,0.6248034892165997,True,4.8866718110541365,201.0587610871564
acid,A3,107.0,0.35613173249049446,0.07390634108789262,0.5699619253157762,0.6273596607507097,True,4.8866718110541365,201.0587610871564
acid,A3,107.5,0.35565681505250746,0.07430672381281145,0.5700364600185748,0.6299026467308088,True,4.8866718110541365,201.0587610871564
acid,A3,108.0,0.35516085448045187,0.0747125838251872,0.5701265605682626,0.6324324349008824,True,4.8866718110541365,201.0587610871564
acid,A3,108.5,0.35464413494795677,0.07512394326603111,0.5702319206495332,0.6349490149766569,True,4.8866718110541365,201.0587610871564
acid,A3,109.0,0.3541069406284847,0.07554082461402878,0.570352233610516,0.6374523785979019,True,4.8866718110541365,201.0587610871564
acid,A3,109.5,0.3535495556085677,0.0759632506825425,0.5704871925518162,0.6399425192814803,True,4.8866718110541365,201.0587610871564
acid,A3,110.0,0.3529722638048183,0.07639124461311653,0.5706364904135564,0.6424194323751591,True,4.8866718110541365,201.0587610871564
acid,A3,110.5,0.3523753488862136,0.07682482987519945,0.5707998200589759,0.6448831150121755,True,4.8866718110541365,201.0587610871564
acid,A3,111.0,0.3517590941971016,0.07726403025815065,0.570976874354201,0.6473335660665639,True,4.8866718110541365,201.0587610871564
acid,A3,111.5,0.3511237826827607,0.07770886986752101,0.5711673462482914,0.6497707861092452,True,4.8866718110541365,201.0587610871564
acid,A3,112.0,0.3504696968171239,0.07815937312305454,0.5713709288464042,0.6521947773648754,True,4.8866718110541365,201.0587610871564
acid,A3,112.5,0.3497971185356663,0.07861556475230458,0.5715873154869544,0.654605543669455,True,4.8866718110541365,201.0587610871564
acid,A3,113.0,0.34910632916829165,0.07907746978746966,0.5718161998078952,0.6570030904286988,True,4.8866718110541365,201.0587610871564
acid,A3,113.5,0.34839760937421804,0.0795451135588987,0.5720572758191045,0.6593874245771589,True,4.8866718110541365,201.0587610871564
acid,A3,114.0,0.3476712390824699,0.08001852169264856,0.5723102379648348,0.6617585545381055,True,4.8866718110541365,201.0587610871564
acid,A3,114.5,0.34692749742892826,0.0804977201057655,0.5725747811927695,0.6641164901841552,True,4.8866718110541365,201.0587610871564
acid,A3,115.0,0.3461666627030402,0.08098273500095621,0.572850601011754,0.6664612427986463,True,4.8866718110541365,201.0587610871564
acid,A3,115.5,0.34538901228886587,0.0814735928614807,0.5731373935525808,0.6687928250377558,True,4.8866718110541365,201.0587610871564
acid,A3,116.0,0.3445948226148965,0.08197032044859887,0.5734348556269975,0.6711112508933558,True,4.8866718110541365,201.0587610871564
acid,A3,116.5,0.34378436910043053,0.0824729447945205,0.5737426847824967,0.6734165356565959,True,4.8866718110541365,201.0587610871564
acid,A3,117.0,0.3429579261080562,0.08298149319918569,0.5740605793579379,0.6757086958822159,True,4.8866718110541365,201.0587610871564
acid,A3,117.5,0.3421157668953012,0.08349599322438062,0.5743882385323418,0.6779877493535753,True,4.8866718110541365,201.0587610871564
acid,A3,118.0,0.3412581635688361,0.084016472690851,0.5747253623790693,0.6802537150483939,True,4.8866718110541365,201.0587610871564
acid,A3,118.5,0.34038538704295185,0.08454295967047498,0.5750716519122845,0.682506613105201,True,4.8866718110541365,201.0587610871564
acid,A3,119.0,0.3394977069941518,0.08507548248465335,0.575426809133639,0.6847464647904778,True,4.8866718110541365,201.0587610871564
acid,A3,119.5,0.3385953918231821,0.08561406969642693,0.5757905370792904,0.686973292466495,True,4.8866718110541365,201.0587610871564
acid,A3,120.0,0.3376787086150079,0.08615875010670182,0.5761625398632009,0.6891871195598263,True,4.8866718110541365,201.0587610871564
acid,A3,120.5,0.3367479231031201,0.0867095527506967,0.5765425227174381,0.6913879705305421,True,4.8866718110541365,201.0587610871564
acid,A3,121.0,0.33580329963145417,0.08726650688994919,0.5769301920358627,0.6935758708420643,True,4.8866718110541365,201.0587610871564
acid,A3,121.5,0.3348451011230824,0.08782964200881871,0.5773252554112651,0.6957508469316785,True,4.8866718110541365,201.0587610871564
acid,A3,122.0,0.3338735890440758,0.08839898780971245,0.5777274216750561,0.697912926181696,True,4.8866718110541365,201.0587610871564
acid,A3,122.5,0.3328890233760262,0.08897457420731225,0.5781364009315726,0.7000621368912519,True,4.8866718110541365,201.0587610871564
acid,A3,123.0,0.3318916625816848,0.0895564313225794,0.5785519045967136,0.7021985082487354,True,4.8866718110541365,201.0587610871564
acid,A3,123.5,0.330881763579316,0.09014458947814719,0.5789736454286376,0.704322070304839,True,4.8866718110541365,201.0587610871564
acid,A3,124.0,0.32985958171460883,0.09073907919338042,0.5794013375635121,0.7064328539462185,True,4.8866718110541365,201.0587610871564
acid,A3,124.5,0.32882537073364304,0.0913399311781582,0.5798346965453227,0.7085308908697561,True,4.8866718110541365,201.0587610871564
acid,A3,125.0,0.3277793827574649,0.09194717632771132,0.5802734393569597,0.7106162135574136,True,4.8866718110541365,201.0587610871564
acid,A3,125.5,0.3267218682594386,0.09256084571729328,0.5807172844506381,0.7126888552516697,True,4.8866718110541365,201.0587610871564
acid,A3,126.0,0.32565307604154325,0.09318097059590746,0.5811659517753198,0.7147488499315281,True,4.8866718110541365,201.0587610871564
acid,A3,126.5,0.32457325321189057,0.09380758238131115,0.5816191628037481,0.7167962322890902,True,4.8866718110541365,201.0587610871564
acid,A3,127.0,0.3234826451656847,0.09444071265457543,0.5820766405617572,0.7188310377066789,True,4.8866718110541365,201.0587610871564
acid,A3,127.5,0.3223814955641835,0.0950803931530908,0.5825381096491444,0.7208533022345083,True,4.8866718110541365,201.0587610871564
acid,A3,128.0,0.32127004631560263,0.09572665576668138,0.5830032962687581,0.7228630625688847,True,4.8866718110541365,201.0587610871564
acid,A3,128.5,0.3201485375585178,0.09637953253005538,0.5834719282469258,0.7248603560309327,True,4.8866718110541365,201.0587610871564
acid,A3,129.0,0.3190172076445452,0.09703905561686543,0.5839437350584342,0.7268452205458348,True,4.8866718110541365,201.0587610871564
acid,A3,129.5,0.3178762931200785,0.09770525733576729,0.5844184478484005,0.7288176946225755,True,4.8866718110541365,201.0587610871564
acid,A3,130.0,0.31672602871546385,0.09837817012237071,0.5848957994511461,0.7307778173341806,True,4.8866718110541365,201.0587610871564
acid,A3,130.5,0.3155666473261265,0.09905782653307771,0.5853755244134562,0.7327256282984391,True,4.8866718110541365,201.0587610871564
acid,A3,131.0,0.3143983800022454,0.09974425924091923,0.5858573590135641,0.7346611676591049,True,4.8866718110541365,201.0587610871564
acid,A3,131.5,0.3132214559339874,0.1004375010277836,0.5863410412789705,0.7365844760675586,True,4.8866718110541365,201.0587610871564
acid,A3,132.0,0.31203610244012747,0.10113758477781065,0.5868263110064831,0.7384955946649323,True,4.8866718110541365,201.0587610871564
acid,A3,132.5,0.3108425449568353,0.10184454347306193,0.5873129097785368,0.7403945650646738,True,4.8866718110541365,201.0587610871564
acid,A3,133.0,0.3096410070279054,0.10255841018425027,0.5878005809804021,0.7422814293355556,True,4.8866718110541365,201.0587610871564
acid,A3,133.5,0.30843171029171224,0.1032792180671871,0.5882890698172272,0.744156229985107,True,4.8866718110541365,201.0587610871564
acid,A3,134.0,0.3072148744762693,0.10400700035384514,0.5887781233295808,0.7460190099434681,True,4.8866718110541365,201.0587610871564
acid,A3,134.5,0.30599071738690586,0.10474179034847264,0.5892674904081074,0.7478698125476532,True,4.8866718110541365,201.0587610871564
acid,A3,135.0,0.30475945490049394,0.10548362141837853,0.5897569218082932,0.7497086815262147,True,4.8866718110541365,201.0587610871564
acid,A3,135.5,0.30352130095745444,0.1062325269876041,0.5902461701650097,0.7515356609843012,True,4.8866718110541365,201.0587610871564
acid,A3,136.0,0.3022764675547629,0.10698854053270423,0.5907349900059478,0.7533507953890954,True,4.8866718110541365,201.0587610871564
acid,A3,136.5,0.30102516473906604,0.10775169557208919,0.5912231377652732,0.7551541295556321,True,4.8866718110541365,201.0587610871564
acid,A3,137.0,0.29976760060268504,0.10852202566313807,0.5917103717946182,0.7569457086329763,True,4.8866718110541365,201.0587610871564
acid,A3,137.5,0.298503981276399,0.10929956439120758,0.5921964523758483,0.7587255780907646,True,4.8866718110541365,201.0587610871564
acid,A3,138.0,0.29723451092689146,0.11008434536552425,0.5926811417341638,0.7604937837060932,True,4.8866718110541365,201.0587610871564
acid,A3,138.5,0.29595939175119934,0.11087640221163486,0.5931642040469809,0.7622503715507469,True,4.8866718110541365,201.0587610871564
acid,A3,139.0,0.2946788239728271,0.11167576856285777,0.5936454054574769,0.7639953879787632,True,4.8866718110541365,201.0587610871564
acid,A3,139.5,0.2933930058398593,0.11248247805495382,0.5941245140814733,0.765728879614319,True,4.8866718110541365,201.0587610871564
acid,A3,140.0,0.292102133621297,0.11329656431668944,0.5946013000212025,0.7674508933399389,True,4.8866718110541365,201.0587610871564
acid,A3,140.5,0.29080640160517035,0.11411806096472965,0.5950755353723025,0.7691614762850071,True,4.8866718110541365,201.0587610871564
acid,A3,141.0,0.28950600209642907,0.11494700159431215,0.5955469942341418,0.7708606758145864,True,4.8866718110541365,201.0587610871564
acid,A3,141.5,0.28820112541649845,0.11578341977325213,0.596015452718146,0.7725485395185304,True,4.8866718110541365,201.0587610871564
acid,A3,142.0,0.28689195990039273,0.11662734903294947,0.596480688957346,0.7742251152008818,True,4.8866718110541365,201.0587610871564
acid,A3,142.5,0.2855786918973813,0.1174788228622825,0.596942483114038,0.7758904508695512,True,4.8866718110541365,201.0587610871564
acid,A3,143.0,0.2842615057708775,0.1183378746979491,0.5974006173875557,0.7775445947262696,True,4.8866718110541365,201.0587610871564
acid,A3,143.5,0.2829405838993271,0.1192045379189155,0.5978548760213753,0.7791875951568067,True,4.8866718110541365,201.0587610871564
acid,A3,144.0,0.2816161066733214,0.1200788458370905,0.5983050453123306,0.7808195007214476,True,4.8866718110541365,201.0587610871564
acid,A3,144.5,0.28028825250125955,0.12096083168866567,0.5987509136150537,0.7824403601457215,True,4.8866718110541365,201.0587610871564
acid,A3,145.0,0.27895719780768324,0.12185052862878631,0.599192271351634,0.7840502223113789,True,4.8866718110541365,201.0587610871564
acid,A3,145.5,0.2776231170343868,0.12274796972178148,0.5996289110151709,0.7856491362476056,True,4.8866718110541365,201.0587610871564
acid,A3,146.0,0.27628618264430305,0.12365318793128299,0.6000606271782116,0.7872371511224701,True,4.8866718110541365,201.0587610871564
acid,A3,146.5,0.2749465651235017,0.12456621611589558,0.600487216497414,0.7888143162345997,True,4.8866718110541365,201.0587610871564
acid,A3,147.0,0.27360443298141135,0.12548708701809463,0.6009084777199858,0.7903806810050763,True,4.8866718110541365,201.0587610871564
acid,A3,147.5,0.2722599527563707,0.12641583325678774,0.6013242116891249,0.7919362949695451,True,4.8866718110541365,201.0587610871564
acid,A3,148.0,0.2709132890186261,0.12735248731798876,0.6017342213489041,0.7934812077705378,True,4.8866718110541365,201.0587610871564
acid,A3,148.5,0.2695646043704425,0.12829708154826758,0.6021383117493784,0.7950154691499935,True,4.8866718110541365,201.0587610871564
acid,A3,149.0,0.2682140594544302,0.12924964814442497,0.6025362900523579,0.796539128941982,True,4.8866718110541365,201.0587610871564
acid,A3,149.5,0.2668618129548772,0.13021021914516595,0.6029279655338504,0.7980522370656148,True,4.8866718110541365,201.0587610871564
acid,A3,150.0,0.2655080216021899,0.13117882642332823,0.603313149591278,0.7995548435181492,True,4.8866718110541365,201.0587610871564
acid,A3,150.5,0.2641528401784443,0.13215550167555712,0.6036916557456973,0.8010469983682692,True,4.8866718110541365,201.0587610871564
acid,A3,151.0,0.26279642152138294,0.133140276414756,0.6040632996464623,0.8025287517495463,True,4.8866718110541365,201.0587610871564
acid,A3,151.5,0.2614389165291886,0.1341331819612046,0.6044278990751106,0.8040001538540713,True,4.8866718110541365,201.0587610871564
acid,A3,152.0,0.26008047416703484,0.1351342494324559,0.6047852739492487,0.8054612549262529,True,4.8866718110541365,201.0587610871564
acid,A3,152.5,0.2587212414708606,0.13614350973512046,0.605135246325994,0.8069121052567785,True,4.8866718110541365,201.0587610871564
acid,A3,153.0,0.2573613635549199,0.13716099355587374,0.6054776404043061,0.8083527551767358,True,4.8866718110541365,201.0587610871564
acid,A3,153.5,0.2560009836173327,0.1381867313510199,0.6058122825296497,0.8097832550518815,True,4.8866718110541365,201.0587610871564
acid,A3,154.0,0.25464024294508114,0.13922075333916428,0.6061390011972145,0.8112036552770664,True,4.8866718110541365,201.0587610871564
acid,A3,154.5,0.2532792809213369,0.14026308949077748,0.6064576270522481,0.8126140062708,True,4.8866718110541365,201.0587610871564
acid,A3,155.0,0.2519182350334548,0.14131376951853625,0.6067679928958292,0.8140143584699564,True,4.8866718110541365,201.0587610871564
acid,A3,155.5,0.2505572408764145,0.14237282286877484,0.6070699336860885,0.815404762324618,True,4.8866718110541365,201.0587610871564
acid,A3,156.0,0.2491964321642559,0.14344027871038278,0.6073632865397638,0.8167852682930524,True,4.8866718110541365,201.0587610871564
acid,A3,156.5,0.24783594073396475,0.1445161659279215,0.607647890736418,0.8181559268368144,True,4.8866718110541365,201.0587610871564
acid,A3,157.0,0.24647589655346636,0.14560051310907873,0.6079235877187728,0.8195167884159763,True,4.8866718110541365,201.0587610871564
acid,A3,157.5,0.24511642773117348,0.14669334853734117,0.6081902210965939,0.8208679034844796,True,4.8866718110541365,201.0587610871564
acid,A3,158.0,0.2437576605216485,0.14779470018033702,0.6084476366464697,0.8222093224856003,True,4.8866718110541365,201.0587610871564
acid,A3,158.5,0.24239971933548432,0.14890459568139836,0.6086956823154743,0.8235410958475354,True,4.8866718110541365,201.0587610871564
acid,A3,159.0,0.24104272674518867,0.15002306234879192,0.6089342082220561,0.8248632739790919,True,4.8866718110541365,201.0587610871564
acid,A3,159.5,0.2396868034966193,0.15115012714694842,0.6091630666565928,0.8261759072654924,True,4.8866718110541365,201.0587610871564
acid,A3,160.0,0.23833206851409106,0.15228581668480512,0.6093821120850551,0.8274790460642779,True,4.8866718110541365,201.0587610871564
acid,A3,160.5,0.23697863891225524,0.15343015720725717,0.6095912011483406,0.8287727407013158,True,4.8866718110541365,201.0587610871564
acid,A3,161.0,0.23562663000253892,0.15458317458449944,0.6097901926646054,0.8300570414669068,True,4.8866718110541365,201.0587610871564
acid,A3,161.5,0.23427615530469126,0.15574489430225658,0.6099789476292639,0.8313319986119846,True,4.8866718110541365,201.0587610871564
acid,A3,162.0,0.2329273265527787,0.15691534145001462,0.6101573292174312,0.8325976623444108,True,4.8866718110541365,201.0587610871564
acid,A3,162.5,0.2315802537072864,0.15809454071402662,0.6103252027834793,0.833854082825359,True,4.8866718110541365,201.0587610871564
acid,A3,163.0,0.23023504496355596,0.15928251636354585,0.6104824358619254,0.8351013101657868,True,4.8866718110541365,201.0587610871564
acid,A3,163.5,0.22889180676100018,0.1604792922423881,0.6106288981698738,0.8363393944229915,True,4.8866718110541365,201.0587610871564
acid,A3,164.0,0.22755064379420542,0.16168489175905076,0.6107644616047958,0.8375683855972491,True,4.8866718110541365,201.0587610871564
acid,A3,164.5,0.2262116590209251,0.16289933787494437,0.6108890002467504,0.8387883336285343,True,4.8866718110541365,201.0587610871564
acid,A3,165.0,0.2248749536737371,0.16412265309451168,0.6110023903592721,0.8399992883933146,True,4.8866718110541365,201.0587610871564
acid,A3,165.5,0.22354062727003576,0.1653548594550136,0.6111045103872614,0.8412012997014247,True,4.8866718110541365,201.0587610871564
acid,A3,166.0,0.2222087776213577,0.166595978515649,0.611195240960205,0.842394417293009,True,4.8866718110541365,201.0587610871564
acid,A3,166.5,0.22087950084492824,0.16784603134789577,0.6112744648897328,0.8435786908355402,True,4.8866718110541365,201.0587610871564
acid,A3,167.0,0.2195528913732092,0.1691050385238535,0.6113420671708392,0.8447541699209017,True,4.8866718110541365,201.0587610871564
acid,A3,167.5,0.2182290419656674,0.17037302010580735,0.6113979349814391,0.8459209040625421,True,4.8866718110541365,201.0587610871564
acid,A3,168.0,0.21690804371876649,0.17164999563656913,0.6114419576828123,0.8470789426926906,True,4.8866718110541365,201.0587610871564
acid,A3,168.5,0.21558998607740243,0.17293598412826405,0.6114740268182706,0.8482283351596387,True,4.8866718110541365,201.0587610871564
acid,A3,169.0,0.2142749568448954,0.17423100405111747,0.6114940361137133,0.849369130725082,True,4.8866718110541365,201.0587610871564
acid,A3,169.5,0.21296304219542428,0.175535073324129,0.6115018814759621,0.8505013785615211,True,4.8866718110541365,201.0587610871564
acid,A3,170.0,0.21165432668457385,0.176848209302638,0.6114974609937596,0.8516251277497223,True,4.8866718110541365,201.0587610871564
acid,A3,170.5,0.21034889326088102,0.17817042877033007,0.6114806749363266,0.8527404272762337,True,4.8866718110541365,201.0587610871564
acid,A3,171.0,0.20904682327615998,0.17950174792458196,0.6114514257524739,0.8538473260309567,True,4.8866718110541365,201.0587610871564
acid,A3,171.5,0.20774819649960197,0.18084218237035543,0.6114096180697137,0.8549458728047699,True,4.8866718110541365,201.0587610871564
acid,A3,172.0,0.206453091126102,0.18219174710609742,0.611355158693927,0.8560361162872064,True,4.8866718110541365,201.0587610871564
acid,A3,172.5,0.20516158379002558,0.18355045651430313,0.6112879566080309,0.8571181050641804,True,4.8866718110541365,201.0587610871564
acid,A3,173.0,0.20387374957775428,0.18491832435041378,0.611207922971424,0.8581918876157649,True,4.8866718110541365,201.0587610871564
acid,A3,173.5,0.20258966203601236,0.18629536373304667,0.6111149711169883,0.8592575123140145,True,4.8866718110541365,201.0587610871564
acid,A3,174.0,0.20130939318752095,0.18768158713278194,0.6110090165524218,0.8603150274208368,True,4.8866718110541365,201.0587610871564
acid,A3,174.5,0.20003301354176717,0.18907700636106028,0.6108899769574627,0.8613644810859099,True,4.8866718110541365,201.0587610871564
acid,A3,175.0,0.1987605921059954,0.19048163256008,0.6107577721813362,0.8624059213446424,True,4.8866718110541365,201.0587610871564
acid,A3,175.5,0.19749219639819682,0.19189547619169467,0.6106123242444195,0.8634393961161779,True,4.8866718110541365,201.0587610871564
acid,A3,176.0,0.19622789246043215,0.19331854702830942,0.610453557333468,0.8644649532014408,True,4.8866718110541365,201.0587610871564
acid,A3,176.5,0.19496774486882362,0.19475085413989124,0.6102813978010602,0.8654826402812242,True,4.8866718110541365,201.0587610871564
acid,A3,177.0,0.19371181674754379,0.19619240588564235,0.6100957741645985,0.8664925049143163,True,4.8866718110541365,201.0587610871564
acid,A3,177.5,0.1924601697805839,0.19764320990189876,0.6098966171032005,0.8674945945356689,True,4.8866718110541365,201.0587610871564
acid,A3,178.0,0.19121286422507655,0.19910327309302644,0.6096838594558118,0.8684889564545998,True,4.8866718110541365,201.0587610871564
acid,A3,178.5,0.1899699589215098,0.20057260162009705,0.6094574362206506,0.8694756378530369,True,4.8866718110541365,201.0587610871564
acid,A3,179.0,0.18873151130938126,0.20205120089078488,0.609217284550212,0.8704546857837967,True,4.8866718110541365,201.0587610871564
acid,A3,179.5,0.18749757743785622,0.20353907554870876,0.6089633437520448,0.8714261471688981,True,4.8866718110541365,201.0587610871564
acid,A3,180.0,0.18626821197831323,0.2050362294643282,0.6086955552849771,0.8723900687979118,True,4.8866718110541365,201.0587610871564
acid,A3,180.5,0.18504346823788875,0.20654266572328606,0.6084138627553415,0.8733464973263446,True,4.8866718110541365,201.0587610871564
acid,A3,181.0,0.1838233981718007,0.20805838661652754,0.6081182119170858,0.874295479274056,True,4.8866718110541365,201.0587610871564
acid,A3,181.5,0.18260805239589395,0.20958339363219558,0.6078085506667774,0.8752370610237082,True,4.8866718110541365,201.0587610871564
acid,A3,182.0,0.1813974802007401,0.21111768744175308,0.6074848290420487,0.8761712888192478,True,4.8866718110541365,201.0587610871564
acid,A3,182.5,0.18019172956151852,0.2126612678937656,0.6071469992187106,0.8770982087644184,True,4.8866718110541365,201.0587610871564
acid,A3,183.0,0.17899084715422564,0.21421413400246614,0.6067950155070889,0.8780178668213077,True,4.8866718110541365,201.0587610871564
acid,A3,183.5,0.17779487836699914,0.215776283937541,0.6064288343489155,0.8789303088089188,True,4.8866718110541365,201.0587610871564
acid,A3,184.0,0.17660386731221944,0.21734771501569217,0.6060484143159961,0.8798355804017765,True,4.8866718110541365,201.0587610871564
acid,A3,184.5,0.17541785684072053,0.21892842368975707,0.605653716103105,0.8807337271285605,True,4.8866718110541365,201.0587610871564
acid,A3,185.0,0.17423688855500163,0.2205184055401599,0.6052447025293173,0.8816247943707671,True,4.8866718110541365,201.0587610871564
acid,A3,185.5,0.1730610028201074,0.22211765526536364,0.6048213385299039,0.8825088273614001,True,4.8866718110541365,201.0587610871564
acid,A3,186.0,0.1718902387788379,0.22372616667176715,0.604383591155333,0.88338587118369,True,4.8866718110541365,201.0587610871564
acid,A3,186.5,0.1707246343637392,0.22534393266548935,0.6039314295677167,0.8842559707698369,True,4.8866718110541365,201.0587610871564
acid,A3,187.0,0.16956422631042578,0.22697094524237738,0.6034648250350383,0.8851191708997852,True,4.8866718110541365,201.0587610871564
acid,A3,187.5,0.16840905016923813,0.22860719548101205,0.6029837509290426,0.8859755162000221,True,4.8866718110541365,201.0587610871564
acid,A3,188.0,0.16725914032045264,0.23025267353127266,0.6024881827190187,0.8868250511424011,True,4.8866718110541365,201.0587610871564
acid,A3,188.5,0.16611452998582799,0.2319073686067874,0.6019780979695799,0.8876678200429936,True,4.8866718110541365,201.0587610871564
acid,A3,189.0,0.16497525124159473,0.23357126897749492,0.60145347633489,0.8885038670609647,True,4.8866718110541365,201.0587610871564
acid,A3,189.5,0.16384133503166698,0.23524436195965226,0.6009142995548888,0.8893332361974736,True,4.8866718110541365,201.0587610871564
acid,A3,190.0,0.162712811180743,0.23692663390773028,0.6003605514501853,0.8901559712946003,True,4.8866718110541365,201.0587610871564
acid,A3,190.5,0.16158970840740583,0.23861807020653103,0.5997922179169501,0.8909721160342927,True,4.8866718110541365,201.0587610871564
acid,A3,191.0,0.16047205433655787,0.24031865526419338,0.5992092869228083,0.8917817139373425,True,4.8866718110541365,201.0587610871564
acid,A3,191.5,0.15935987551329855,0.24202837250242304,0.5986117485005105,0.8925848083623835,True,4.8866718110541365,201.0587610871564
acid,A3,192.0,0.15825319741391564,0.24374720435060837,0.5979995947450467,0.8933814425049095,True,4.8866718110541365,201.0587610871564
acid,A3,192.5,0.1571520444610952,0.24547513223704964,0.5973728198046535,0.8941716593963214,True,4.8866718110541365,201.0587610871564
acid,A3,193.0,0.156056440035357,0.24721213658274177,0.5967314198780382,0.8949555019029918,True,4.8866718110541365,201.0587610871564
acid,A3,193.5,0.15496640648848814,0.2489581967928256,0.596075393208273,0.8957330127253568,True,4.8866718110541365,201.0587610871564
acid,A3,194.0,0.15388196515531138,0.2507132912514809,0.5954047400760221,0.8965042343970272,True,4.8866718110541365,201.0587610871564
acid,A3,194.5,0.15280313636967247,0.25247739731326657,0.5947194627946573,0.8972692092839224,True,4.8866718110541365,201.0587610871564
acid,A3,195.0,0.15172993947165647,0.2542504912975696,0.594019565702486,0.8980279795834271,True,4.8866718110541365,201.0587610871564
acid,A3,195.5,0.1506623928261286,0.2560325484819437,0.5933050551581998,0.8987805873235695,True,4.8866718110541365,201.0587610871564
acid,A3,196.0,0.14960051383183792,0.25782354309600297,0.5925759395332131,0.8995270743622208,True,4.8866718110541365,201.0587610871564
acid,A3,196.5,0.14854431893507325,0.2596234483152049,0.5918322292053357,0.9002674823863157,True,4.8866718110541365,201.0587610871564
acid,A3,197.0,0.14749382364287467,0.2614322362557431,0.5910739365521112,0.9010018529110958,True,4.8866718110541365,201.0587610871564
acid,A3,197.5,0.14644904253435787,0.26324987796810806,0.590301075943489,0.9017302272793714,True,4.8866718110541365,201.0587610871564
acid,A3,198.0,0.14540998927481397,0.26507634343186925,0.5895136637348308,0.9024526466608065,True,4.8866718110541365,201.0587610871564
acid,A3,198.5,0.1443766766265897,0.26691160155112303,0.5887117182592494,0.9031691520512225,True,4.8866718110541365,201.0587610871564
acid,A3,199.0,0.14334911646352033,0.26875562014916365,0.5878952598202813,0.9038797842719234,True,4.8866718110541365,201.0587610871564
acid,A3,199.5,0.1423273197808106,0.2706083659637093,0.5870643106843376,0.9045845839690426,True,4.8866718110541365,201.0587610871564
acid,A3,200.0,0.14131129671002274,0.27246980464290527,0.5862188950722658,0.9052835916129064,True,4.8866718110541365,201.0587610871564
acid,A4,1.0,0.3125039514286776,0.037962987015749405,0.6495330607849681,0.20571274569261414,False,1.724248477291261,191.69299295485348
acid,A4,1.5,0.31542267074557984,0.03778500685758246,0.6467923215898175,0.20788967684173823,False,1.724248477291261,191.69299295485348
acid,A4,2.0,0.3183375259239174,0.03761051884976219,0.6440519544541612,0.21007795860114026,True,1.724248477291261,191.69299295485348
acid,A4,2.5,0.32124780021947075,0.03743950527046458,0.641312693725471,0.21227741705961986,True,1.724248477291261,191.69299295485348
acid,A4,3.0,0.3241527781143727,0.037271948514439046,0.6385752725928118,0.2144878758341479,True,1.724248477291261,191.69299295485348
acid,A4,3.5,0.3270517458957567,0.03710783103749726,0.6358404222872593,0.21670915618318612,True,1.724248477291261,191.69299295485348
acid,A4,4.0,0.3299439922381797,0.036947135363396555,0.6331088716267086,0.21894107712134822,True,1.724248477291261,191.69299295485348
acid,A4,4.5,0.3328288087454112,0.036789844078954914,0.630381346405029,0.22118345553522023,True,1.724248477291261,191.69299295485348
acid,A4,5.0,0.3357054905352985,0.03663593987868197,0.6276585688240743,0.2234361063001604,True,1.724248477291261,191.69299295485348
acid,A4,5.5,0.33857333678199986,0.036485405504160795,0.6249412569554469,0.22569884239789667,True,1.724248477291261,191.69299295485348
acid,A4,6.0,0.3414316512548865,0.03633822379445206,0.6222301241898265,0.22797147503474424,True,1.724248477291261,191.69299295485348
acid,A4,6.5,0.3442797428603317,0.036194377677878364,0.6195258787002889,0.2302538137602624,True,1.724248477291261,191.69299295485348
acid,A4,7.0,0.3471169261479723,0.03605385016558493,0.6168292229240535,0.23254566658617565,True,1.724248477291261,191.69299295485348
acid,A4,7.5,0.3499425218189689,0.03591662435487031,0.6141408530688786,0.23484684010538412,True,1.724248477291261,191.69299295485348
acid,A4,8.0,0.3527558572207212,0.035782683434515405,0.6114614585928102,0.23715713961089113,True,1.724248477291261,191.69299295485348
acid,A4,8.5,0.35555626681005315,0.035652010704323445,0.6087917217389993,0.23947636921447865,True,1.724248477291261,191.69299295485348
acid,A4,9.0,0.35834309263682584,0.03552458954358961,0.6061323170762911,0.2418043319649667,True,1.724248477291261,191.69299295485348
acid,A4,9.5,0.3611156847673769,0.03540040345573203,0.6034839110344858,0.2441408299658925,True,1.724248477291261,191.69299295485348
acid,A4,10.0,0.3638734017386014,0.035279436029656,0.6008471614940003,0.2464856644924546,True,1.724248477291261,191.69299295485348
acid,A4,10.5,0.366615610950749,0.03516167098571721,0.5982227173289001,0.24883863610756587,True,1.724248477291261,191.69299295485348
acid,A4,11.0,0.36934168906799236,0.03504709214419144,0.5956112180551809,0.2511995447768691,True,1.724248477291261,191.69299295485348
acid,A4,11.5,0.3720510224096696,0.03493568344725695,0.5930132934151011,0.2535681899825713,True,1.724248477291261,191.69299295485348
acid,A4,12.0,0.37474300730000465,0.0348274289575512,0.5904295630209111,0.25594437083595706,True,1.724248477291261,191.69299295485348
acid,A4,12.5,0.3774170504053931,0.034722312865831384,0.5878606360086858,0.2583278861884511,True,1.724248477291261,191.69299295485348
acid,A4,13.0,0.38007256908278997,0.03462031949297284,0.5853071107088104,0.2607185347411001,True,1.724248477291261,191.69299295485348
acid,A4,13.5,0.3827089916577098,0.034521433291634374,0.5827695743397809,0.26311611515235483,True,1.724248477291261,191.69299295485348
acid,A4,14.0,0.3853257577316471,0.03442563885236449,0.5802486027097764,0.26552042614403654,True,1.724248477291261,191.69299295485348
acid,A4,14.5,0.3879223184459768,0.03433292090948559,0.5777447599436547,0.26793126660537964,True,1.724248477291261,191.69299295485348
acid,A4,15.0,0.3904981367279792,0.03424326434264824,0.5752585982333747,0.2703484356950462,True,1.724248477291261,191.69299295485348
acid,A4,15.5,0.3930526875307594,0.03415665418127212,0.5727906575966335,0.27277173294101925,True,1.724248477291261,191.69299295485348
acid,A4,16.0,0.39558545803664025,0.03407307561387185,0.5703414656640371,0.27520095833828145,True,1.724248477291261,191.69299295485348
acid,A4,16.5,0.39809594785977787,0.03399251398128467,0.5679115374761512,0.27763591244419844,True,1.724248477291261,191.69299295485348
acid,A4,17.0,0.4005836692243525,0.03391495479410089,0.5655013753051996,0.2800763964715287,True,1.724248477291261,191.69299295485348
acid,A4,17.5,0.4030481471145597,0.03384038372344911,0.5631114684909733,0.2825222123789904,True,1.724248477291261,191.69299295485348
acid,A4,18.0,0.4054889194180511,0.03376878661798255,0.5607422932972783,0.2849731629593195,True,1.724248477291261,191.69299295485348
acid,A4,18.5,0.4079055370516116,0.03370014950387912,0.5583943127852597,0.28742905192476403,True,1.724248477291261,191.69299295485348
acid,A4,19.0,0.4102975640629669,0.03363445857973435,0.5560679767013799,0.28988968398996057,True,1.724248477291261,191.69299295485348
acid,A4,19.5,0.4126645777220439,0.03357170023465805,0.5537637213949287,0.29235486495215035,True,1.724248477291261,191.69299295485348
acid,A4,20.0,0.41500616858602957,0.03351186104383341,0.5514819697254314,0.2948244017686936,True,1.724248477291261,191.69299295485348
acid,A4,20.5,0.41732194056487426,0.03345492777628856,0.5492231310209039,0.29729810263185147,True,1.724248477291261,191.69299295485348
acid,A4,21.0,0.4196115109469378,0.033400887397116996,0.5469876010224528,0.299775777040807,True,1.724248477291261,191.69299295485348
acid,A4,21.5,0.42187451043351754,0.03334972707036421,0.5447757618664006,0.30225723587090414,True,1.724248477291261,191.69299295485348
acid,A4,22.0,0.42411058314306693,0.03330143416946374,0.5425879820655233,0.3047422914400898,True,1.724248477291261,191.69299295485348
acid,A4,22.5,0.4263193866009818,0.0332559962683554,0.5404246165133797,0.3072307575725479,True,1.724248477291261,191.69299295485348
acid,A4,23.0,0.42850059172538923,0.0332134011609142,0.5382860065037409,0.30972244965952117,True,1.724248477291261,191.69299295485348
acid,A4,23.5,0.4306538827874018,0.03317363685151342,0.5361724797562362,0.3122171847173195,True,1.724248477291261,191.69299295485348
acid,A4,24.0,0.4327789573672636,0.03313669156657095,0.534084350466868,0.31471478144252163,True,1.724248477291261,191.69299295485348
acid,A4,24.5,0.43487552629328796,0.033102553756214625,0.5320219193588605,0.31721506026437873,True,1.724248477291261,191.69299295485348
acid,A4,25.0,0.43694331356614047,0.03307121209294994,0.5299854737538245,0.31971784339443393,True,1.724248477291261,191.69299295485348
acid,A4,25.5,0.43898205627856957,0.03304265548487173,0.5279752876540256,0.3222229548733764,True,1.724248477291261,191.69299295485348
acid,A4,26.0,0.4409915045182622,0.03301687307155632,0.5259916218347538,0.32473022061515355,True,1.724248477291261,191.69299295485348
acid,A4,26.5,0.4429714212620395,0.032993854225504826,0.5240347239408027,0.327239468448366,True,1.724248477291261,191.69299295485348
acid,A4,27.0,0.444921582259894,0.03297358856552135,0.5221048286113694,0.32975052815497674,True,1.724248477291261,191.69299295485348
acid,A4,27.5,0.44684177590709195,0.03295606594622136,0.5202021575881899,0.3322632315063671,True,1.724248477291261,191.69299295485348
acid,A4,28.0,0.4487318031147214,0.032941276472908676,0.5183269198597573,0.33477741229677704,True,1.724248477291261,191.69299295485348
acid,A4,28.5,0.45059147716025594,0.03292921049757869,0.5164793117948818,0.3372929063741692,True,1.724248477291261,191.69299295485348
acid,A4,29.0,0.45242062354261536,0.03291985862413638,0.5146595172916824,0.33980955166855814,True,1.724248477291261,191.69299295485348
acid,A4,29.5,0.45421907981613163,0.03291321171028372,0.5128677079376809,0.3423271882178525,True,1.724248477291261,191.69299295485348
acid,A4,30.0,0.4559866954310099,0.032909260870017665,0.5111040431681757,0.34484565819125473,True,1.724248477291261,191.69299295485348
acid,A4,30.5,0.45772333155941203,0.032907997476849804,0.5093686704388811,0.3473648059102702,True,1.724248477291261,191.69299295485348
acid,A4,31.0,0.45942886091515645,0.03290941316580476,0.5076617253998994,0.3498844778673761,True,1.724248477291261,191.69299295485348
acid,A4,31.5,0.4611031675732513,0.03291349983636227,0.5059833320774088,0.3524045227424046,True,1.724248477291261,191.69299295485348
acid,A4,32.0,0.4627461467788807,0.03292024965151352,0.5043336030626788,0.35492479141669475,True,1.724248477291261,191.69299295485348
acid,A4,32.5,0.4643577047528935,0.03292965504486656,0.5027126396996984,0.3574451369850695,True,1.724248477291261,191.69299295485348
acid,A4,33.0,0.4659377585009561,0.03294170871909197,0.501120532283128,0.35996541476569693,True,1.724248477291261,191.69299295485348
acid,A4,33.5,0.4674862356038312,0.03295640364969765,0.49955736025464326,0.36248548230789285,True,1.724248477291261,191.69299295485348
acid,A4,34.0,0.4690030740193696,0.032973733083641044,0.4980231924107681,0.3650051993979247,True,1.724248477291261,191.69299295485348
acid,A4,34.5,0.4704882218721229,0.032993690546212484,0.49651808710154954,0.36752442806288027,True,1.724248477291261,191.69299295485348
acid,A4,35.0,0.47194163724356697,0.03301626983687189,0.49504209244471964,0.3700430325726559,True,1.724248477291261,191.69299295485348
acid,A4,35.5,0.47336328796426796,0.033041465035188455,0.49359524653058706,0.37256087944013383,True,1.724248477291261,191.69299295485348
acid,A4,36.0,0.4747531513942249,0.0330692705016733,0.49217757763952985,0.3750778374196038,True,1.724248477291261,191.69299295485348
acid,A4,36.5,0.47611121421281544,0.03309968087683579,0.4907891044499957,0.37759377750349427,True,1.724248477291261,191.69299295485348
acid,A4,37.0,0.4774374722039121,0.033132691083681554,0.48942983625788195,0.3801085729174743,True,1.724248477291261,191.69299295485348
acid,A4,37.5,0.47873193003195036,0.033168296329266767,0.48809977318881037,0.3826220991139892,True,1.724248477291261,191.69299295485348
acid,A4,38.0,0.4799946010353162,0.033206492106807595,0.4867989064128442,0.38513423376428935,True,1.724248477291261,191.69299295485348
acid,A4,38.5,0.4812255070015814,0.03324727419279361,0.4855272183650894,0.387644856749016,True,1.724248477291261,191.69299295485348
acid,A4,39.0,0.4824246779541741,0.03329063865264992,0.48428468295758087,0.3901538501474043,True,1.724248477291261,191.69299295485348
acid,A4,39.5,0.4835921519355524,0.03333658183879429,0.48307126579472115,0.3926610982251638,True,1.724248477291261,191.69299295485348
acid,A4,40.0,0.4847279747922928,0.033385100391192246,0.4818869243901902,0.39516648742109606,True,1.724248477291261,191.69299295485348
acid,A4,40.5,0.4858321999598181,0.03343619124029917,0.4807316083775548,0.3976699063325103,True,1.724248477291261,191.69299295485348
acid,A4,41.0,0.48690488824856826,0.03348985160678275,0.4796052597274003,0.4001712456994934,True,1.724248477291261,191.69299295485348
acid,A4,41.5,0.48794610763466806,0.03354607899822004,0.4785078129540543,0.40267039838809465,True,1.724248477291261,191.69299295485348
acid,A4,42.0,0.4889559330467086,0.033604871216896814,0.4774391953272228,0.40516725937247794,True,1.724248477291261,191.69299295485348
acid,A4,42.5,0.4899344461596067,0.03366622635334049,0.47639932708143373,0.40766172571610326,True,1.724248477291261,191.69299295485348
acid,A4,43.0,0.4908817351876038,0.033730142792176565,0.4753881216188749,0.41015369655198675,True,1.724248477291261,191.69299295485348
acid,A4,43.5,0.4917978946790691,0.03379661920824284,0.47440548571539565,0.4126430730620956,True,1.724248477291261,191.69299295485348
acid,A4,44.0,0.49268302531488284,0.033865654568504544,0.47345131972290067,0.415129758455932,True,1.724248477291261,191.69299295485348
acid,A4,44.5,0.49353723371153846,0.03393724813299803,0.47252551776580387,0.4176136579483549,True,1.724248477291261,191.69299295485348
acid,A4,45.0,0.4943606322209415,0.0340113994531932,0.4716279679397306,0.42009467873669176,True,1.724248477291261,191.69299295485348
acid,A4,45.5,0.49515333873770273,0.03408810837371434,0.47075855250625076,0.4225727299771895,True,1.724248477291261,191.69299295485348
acid,A4,46.0,0.49591547650715273,0.034167375031812774,0.4699171480813391,0.4250477227608529,True,1.724248477291261,191.69299295485348
acid,A4,46.5,0.49664717394024005,0.034249199856284385,0.4691036258272496,0.42751957008871616,True,1.724248477291261,191.69299295485348
acid,A4,47.0,0.49734856442179565,0.03433358356996763,0.4683178516348696,0.42998818684659434,True,1.724248477291261,191.69299295485348
acid,A4,47.5,0.4980197861353397,0.0344205271863296,0.4675596863081277,0.4324534897793599,True,1.724248477291261,191.69299295485348
acid,A4,48.0,0.49866098187768826,0.03451003201207503,0.46682898574303133,0.4349153974647843,True,1.724248477291261,191.69299295485348
acid,A4,48.5,0.49927229888836744,0.03460209964527283,0.46612560110183276,0.43737383028698984,True,1.724248477291261,191.69299295485348
acid,A4,49.0,0.49985388867342107,0.03469673197584178,0.46544937898886085,0.4398287104095506,True,1.724248477291261,191.69299295485348
acid,A4,49.5,0.5004059068374062,0.03479393118561991,0.46480016161788706,0.44227996174828194,True,1.724248477291261,191.69299295485348
acid,A4,50.0,0.500928512916568,0.03489369974792045,0.4641777869790059,0.44472750994375654,True,1.724248477291261,191.69299295485348
acid,A4,50.5,0.5014218702193707,0.0349960404239652,0.4635820890020459,0.44717128233358344,True,1.724248477291261,191.69299295485348
acid,A4,51.0,0.5018861456635437,0.03510095627019816,0.46301289771429055,0.4496112079244866,True,1.724248477291261,191.69299295485348
acid,A4,51.5,0.5023215096207345,0.03520845062925104,0.46247003940023956,0.45204721736421494,True,1.724248477291261,191.69299295485348
acid,A4,52.0,0.5027281357683905,0.035318527135258515,0.46195333674900474,0.45447924291331965,True,1.724248477291261,191.69299295485348
acid,A4,52.5,0.5031062009360904,0.03543118971059689,0.46146260900753466,0.45690721841682735,True,1.724248477291261,191.69299295485348
acid,A4,53.0,0.5034558849622978,0.035546442568291925,0.4609976721256445,0.45933107927584177,True,1.724248477291261,191.69299295485348
acid,A4,53.5,0.5037773705549516,0.035664290206814664,0.460558338896605,0.46175076241910284,True,1.724248477291261,191.69299295485348
acid,A4,54.0,0.5040708431471099,0.03578473741380067,0.4601444190980436,0.4641662062745303,True,1.724248477291261,191.69299295485348
acid,A4,54.5,0.5043364907683159,0.03590778926522431,0.459755719626892,0.46657735074077866,True,1.724248477291261,191.69299295485348
acid,A4,55.0,0.5045745039098034,0.036033451122421956,0.4593920446300387,0.4689841371588308,True,1.724248477291261,191.69299295485348
acid,A4,55.5,0.5047850753954682,0.03616172863206424,0.45905319563492586,0.47138650828365397,True,1.724248477291261,191.69299295485348
acid,A4,56.0,0.5049684002605831,0.036292627728411186,0.4587389716747443,0.47378440825593926,True,1.724248477291261,191.69299295485348
acid,A4,56.5,0.505124675627154,0.03642615462918358,0.4584491694088789,0.47617778257395227,True,1.724248477291261,191.69299295485348
acid,A4,57.0,0.5052541005866902,0.03656231583629849,0.4581835832422505,0.4785665780655102,True,1.724248477291261,191.69299295485348
acid,A4,57.5,0.5053568760871526,0.036701118136846754,0.45794200544177316,0.4809507428601106,True,1.724248477291261,191.69299295485348
acid,A4,58.0,0.5054332048182256,0.036842568599788385,0.45772422624813597,0.48333022636122763,True,1.724248477291261,191.69299295485348
acid,A4,58.5,0.5054832911063779,0.036986674576705396,0.4575300339833607,0.4857049792187965,True,1.724248477291261,191.69299295485348
acid,A4,59.0,0.5055073408071955,0.03713344370142972,0.45735921515849265,0.4880749533019009,True,1.724248477291261,191.69299295485348
acid,A4,59.5,0.5055055612040276,0.037282883887958945,0.45721155457525625,0.4904401016716832,True,1.724248477291261,191.69299295485348
acid,A4,60.0,0.5054781609084152,0.03743500333172611,0.4570868354266816,0.49280037855448866,True,1.724248477291261,191.69299295485348
acid,A4,60.5,0.505425349766192,0.037589810508338595,0.4569848393920148,0.49515573931526113,True,1.724248477291261,191.69299295485348
acid,A4,61.0,0.5053473387617857,0.03774731417124921,0.4569053467329415,0.497506140431205,True,1.724248477291261,191.69299295485348
acid,A4,61.5,0.5052443399301484,0.03790752335353781,0.45684813638207505,0.4998515394657206,True,1.724248477291261,191.69299295485348
acid,A4,62.0,0.5051165662683099,0.038070447365215476,0.4568129860314796,0.5021918950426322,True,1.724248477291261,191.69299295485348
acid,A4,62.5,0.5049642316514654,0.038236095794376423,0.45679967221837897,0.504527166820715,True,1.724248477291261,191.69299295485348
acid,A4,63.0,0.5047875507512775,0.03840447850468609,0.4568079704071193,0.5068573154685322,True,1.724248477291261,191.69299295485348
acid,A4,63.5,0.5045867389575076,0.03857560563635953,0.4568376550684733,0.5091823026395955,True,1.724248477291261,191.69299295485348
acid,A4,64.0,0.5043620123015846,0.038749487603836896,0.45688849975597523,0.511502090947851,True,1.724248477291261,191.69299295485348
acid,A4,64.5,0.5041135873809499,0.03892613509641485,0.45696027718249155,0.5138166439435075,True,1.724248477291261,191.69299295485348
acid,A4,65.0,0.5038416812920138,0.03910555907708779,0.4570527592892004,0.5161259260892067,True,1.724248477291261,191.69299295485348
acid,A4,65.5,0.5035465115578175,0.03928777078181234,0.4571657173170901,0.518429902736548,True,1.724248477291261,191.69299295485348
acid,A4,66.0,0.5032282960645146,0.03947278171904933,0.45729892187169885,0.5207285401029719,True,1.724248477291261,191.69299295485348
acid,A4,66.5,0.5028872529946743,0.03966060366863977,0.4574521429895062,0.5230218052490068,True,1.724248477291261,191.69299295485348
acid,A4,67.0,0.5025236007703687,0.03985124868151335,0.4576251501987316,0.5253096660558878,True,1.724248477291261,191.69299295485348
acid,A4,67.5,0.5021375579891824,0.040044729079022345,0.4578177125803551,0.5275920912035482,True,1.724248477291261,191.69299295485348
acid,A4,68.0,0.5017293433704773,0.040241057451456674,0.4580295988243638,0.5298690501489899,True,1.724248477291261,191.69299295485348
acid,A4,68.5,0.5012991756988688,0.04044024665919577,0.4582605772854714,0.5321405131050372,True,1.724248477291261,191.69299295485348
acid,A4,69.0,0.5008472737735997,0.04064230982929462,0.45851041603749143,0.5344064510194743,True,1.724248477291261,191.69299295485348
acid,A4,69.5,0.5003738563552351,0.040847260357926296,0.45877888292479574,0.5366668355545717,True,1.724248477291261,191.69299295485348
acid,A4,70.0,0.4998791421192139,0.041055111907245534,0.4590657456086389,0.5389216390670025,True,1.724248477291261,191.69299295485348
acid,A4,70.5,0.4993633496080119,0.04126587840588836,0.45937077161811724,0.5411708345881504,True,1.724248477291261,191.69299295485348
acid,A4,71.0,0.4988266971873989,0.04147957404790348,0.45969372839341216,0.5434143958048109,True,1.724248477291261,191.69299295485348
acid,A4,71.5,0.4982694030020718,0.04169621329208617,0.46003438333083735,0.5456522970402866,True,1.724248477291261,191.69299295485348
acid,A4,72.0,0.4976916849365465,0.04191581086196439,0.46039250382273744,0.5478845132358781,True,1.724248477291261,191.69299295485348
acid,A4,72.5,0.497093760573164,0.042138381743939135,0.46076785730053693,0.5501110199327668,True,1.724248477291261,191.69299295485348
acid,A4,73.0,0.49647584715692417,0.04236394118775633,0.46116021126949014,0.5523317932542976,True,1.724248477291261,191.69299295485348
acid,A4,73.5,0.49583816155712723,0.042592504705230017,0.46156933334770556,0.55454680988865,True,1.724248477291261,191.69299295485348
acid,A4,74.0,0.49518092023481675,0.04282408806957627,0.4619949913011734,0.5567560470719066,True,1.724248477291261,191.69299295485348
acid,A4,74.5,0.49450433920894543,0.04305870731505235,0.46243695307729427,0.5589594825715132,True,1.724248477291261,191.69299295485348
acid,A4,75.0,0.49380863402492814,0.04329637873579095,0.46289498683607655,0.5611570946701285,True,1.724248477291261,191.69299295485348
acid,A4,75.5,0.4930940197239997,0.04353711888613332,0.4633688609817499,0.5633488621498652,True,1.724248477291261,191.69299295485348
acid,A4,76.0,0.49236071081654176,0.04378094457918591,0.4638583441918531,0.5655347642769167,True,1.724248477291261,191.69299295485348
acid,A4,76.5,0.491608921251524,0.04402787288554366,0.464363205444962,0.5677147807865706,True,1.724248477291261,191.69299295485348
acid,A4,77.0,0.49083886439482693,0.0442779211343447,0.4648832140479453,0.569888891868604,True,1.724248477291261,191.69299295485348
acid,A4,77.5,0.490050753000959,0.04453110691093887,0.465418139660001,0.5720570781530606,True,1.724248477291261,191.69299295485348
acid,A4,78.0,0.4892447991907689,0.04478744805724855,0.46596775231819154,0.574219320696404,True,1.724248477291261,191.69299295485348
acid,A4,78.5,0.48842121442960185,0.04504696267115804,0.466531822459898,0.5763756009680464,True,1.724248477291261,191.69299295485348
acid,A4,79.0,0.48758020950623315,0.04530966910479273,0.4671101209438311,0.5785259008372495,True,1.724248477291261,191.69299295485348
acid,A4,79.5,0.4867219945121626,0.04557558596485212,0.46770241907223564,0.5806702025603914,True,1.724248477291261,191.69299295485348
acid,A4,80.0,0.4858467788221854,0.045844732111915976,0.4683084886090705,0.582808488768601,True,1.724248477291261,191.69299295485348
acid,A4,80.5,0.48495477107807217,0.04611712665844592,0.4689281018002145,0.5849407424557521,True,1.724248477291261,191.69299295485348
acid,A4,81.0,0.4840461791699169,0.046392788970728294,0.46956103139006444,0.5870669469668135,True,1.724248477291261,191.69299295485348
acid,A4,81.5,0.4831212102214266,0.04667173866496066,0.4702070506377165,0.589187085986556,True,1.724248477291261,191.69299295485348
acid,A4,82.0,0.48218007057326817,0.046953995609694266,0.47086593333389715,0.5913011435286045,True,1.724248477291261,191.69299295485348
acid,A4,82.5,0.48122296577116086,0.047239579922558894,0.4715374538162842,0.59340910392484,True,1.724248477291261,191.69299295485348
acid,A4,83.0,0.4802501005501669,0.04752851197153962,0.47222138698188587,0.595510951815138,True,1.724248477291261,191.69299295485348
acid,A4,83.5,0.4792616788226456,0.04782081237258984,0.4729175083009185,0.5976066721374471,True,1.724248477291261,191.69299295485348
acid,A4,84.0,0.4782579036674006,0.04811650199085249,0.4736255938307954,0.599696250118198,True,1.724248477291261,191.69299295485348
acid,A4,84.5,0.4772389773187169,0.0484156019370241,0.4743454202260078,0.6017796712630414,True,1.724248477291261,191.69299295485348
acid,A4,85.0,0.47620510115381487,0.048718133569769506,0.4750767647502263,0.6038569213479078,True,1.724248477291261,191.69299295485348
acid,A4,85.5,0.4751564756860227,0.0490241184939455,0.4758194052864595,0.6059279864103869,True,1.724248477291261,191.69299295485348
acid,A4,86.0,0.4740933005535908,0.04933357855829712,0.47657312034637966,0.60799285274142,True,1.724248477291261,191.69299295485348
acid,A4,86.5,0.4730157745127528,0.049646535857372776,0.4773376890800929,0.6100515068773024,True,1.724248477291261,191.69299295485348
acid,A4,87.0,0.47192409542928804,0.049963012728027056,0.47811289128446566,0.6121039355919885,True,1.724248477291261,191.69299295485348
acid,A4,87.5,0.4708184602717491,0.05028303175097504,0.47889850741089646,0.6141501258896978,True,1.724248477291261,191.69299295485348
acid,A4,88.0,0.4696990651038013,0.05060661574834979,0.4796943185724767,0.6161900649978141,True,1.724248477291261,191.69299295485348
acid,A4,88.5,0.46856610507950425,0.0509337877842575,0.4805001065522063,0.6182237403600747,True,1.724248477291261,191.69299295485348
acid,A4,89.0,0.46741977443698346,0.05126457116239047,0.4813156538079899,0.6202511396300437,True,1.724248477291261,191.69299295485348
acid,A4,89.5,0.4662602664928239,0.05159898942702634,0.48214074347840974,0.6222722506648656,True,1.724248477291261,191.69299295485348
acid,A4,90.0,0.46508777363835074,0.05193706636041906,0.48297515939027535,0.6242870615192919,True,1.724248477291261,191.69299295485348
acid,A4,90.5,0.4639024873350217,0.052278825983409494,0.4838186860617322,0.6262955604399788,True,1.724248477291261,191.69299295485348
acid,A4,91.0,0.4627045981099309,0.05262429255281642,0.48467110870764607,0.6282977358600478,True,1.724248477291261,191.69299295485348
acid,A4,91.5,0.4614942955528667,0.052973490563656966,0.48553221324432183,0.6302935763939056,True,1.724248477291261,191.69299295485348
acid,A4,92.0,0.4602717683139246,0.053326444743706514,0.48640178629305586,0.6322830708323196,True,1.724248477291261,191.69299295485348
acid,A4,92.5,0.4590372040996771,0.05368318005738448,0.4872796151837444,0.6342662081377411,True,1.724248477291261,191.69299295485348
acid,A4,93.0,0.4577907896702871,0.054043721701535485,0.4881654879590469,0.6362429774398735,True,1.724248477291261,191.69299295485348
acid,A4,93.5,0.45653271083950786,0.05440809510498523,0.48905919337632886,0.6382133680314772,True,1.724248477291261,191.69299295485348
acid,A4,94.0,0.45526315247057525,0.05477632592815196,0.48996052091176967,0.6401773693644126,True,1.724248477291261,191.69299295485348
acid,A4,94.5,0.45398229847587457,0.05514844006310193,0.49086926076097326,0.6421349710459078,True,1.724248477291261,191.69299295485348
acid,A4,95.0,0.4526903318153863,0.05552446363010777,0.49178520384379754,0.6440861628350518,True,1.724248477291261,191.69299295485348
acid,A4,95.5,0.4513874344964641,0.055904422978092505,0.4927081418043544,0.6460309346395076,True,1.724248477291261,191.69299295485348
acid,A4,96.0,0.45007378756983796,0.05628834468346389,0.49363786701439594,0.6479692765124361,True,1.724248477291261,191.69299295485348
acid,A4,96.5,0.44874957113383296,0.05667625554844902,0.49457417257409153,0.6499011786496316,True,1.724248477291261,191.69299295485348
acid,A4,97.0,0.447414964329762,0.057068182601704986,0.49551685231369325,0.6518266313868606,True,1.724248477291261,191.69299295485348
acid,A4,97.5,0.4460701453445348,0.05746415309410002,0.49646570079525665,0.6537456251973964,True,1.724248477291261,191.69299295485348
acid,A4,98.0,0.4447152914077712,0.057864194500156785,0.49742051331425063,0.655658150689753,True,1.724248477291261,191.69299295485348
acid,A4,98.5,0.44335057879552053,0.058268334516053955,0.49838108589916885,0.6575641986056023,True,1.724248477291261,191.69299295485348
acid,A4,99.0,0.4419761828255986,0.0586766010579054,0.4993472153150824,0.6594637598178796,True,1.724248477291261,191.69299295485348
acid,A4,99.5,0.4405922778640825,0.059089022261094026,0.5003186990619746,0.6613568253290673,True,1.724248477291261,191.69299295485348
acid,A4,100.0,0.43919903731937104,0.05950562647888402,0.5012953353764615,0.6632433862696508,True,1.724248477291261,191.69299295485348
acid,A4,100.5,0.43779663364756916,0.059926442281033054,0.5022769232336244,0.6651234338967489,True,1.724248477291261,191.69299295485348
acid,A4,101.0,0.4363852383509892,0.060351498452348995,0.5032632623467315,0.6669969595929033,True,1.724248477291261,191.69299295485348
acid,A4,101.5,0.4349650219791501,0.060780823991357646,0.5042541531670164,0.6688639548650337,True,1.724248477291261,191.69299295485348
acid,A4,102.0,0.43353615412938806,0.06121444810924803,0.5052493968867311,0.6707244113435452,True,1.724248477291261,191.69299295485348
acid,A4,102.5,0.43209880344868834,0.06165240022720786,0.50624879543687,0.6725783207815886,True,1.724248477291261,191.69299295485348
acid,A4,103.0,0.43065313763340773,0.06209470997636801,0.5072521514896677,0.6744256750544644,True,1.724248477291261,191.69299295485348
acid,A4,103.5,0.4291993234314395,0.06254140719630374,0.5082592684586551,0.6762664661591737,True,1.724248477291261,191.69299295485348
acid,A4,104.0,0.4277375266431571,0.06299252193198157,0.5092699504983811,0.6781006862140997,True,1.724248477291261,191.69299295485348
acid,A4,104.5,0.42626791212047044,0.06344808443325967,0.5102840025064115,0.6799283274588291,True,1.724248477291261,191.69299295485348
acid,A4,105.0,0.4247906437706006,0.06390812515383315,0.5113012301223296,0.6817493822540965,True,1.724248477291261,191.69299295485348
acid,A4,105.5,0.423305884556191,0.06437267474773689,0.5123214397295683,0.6835638430818561,True,1.724248477291261,191.69299295485348
acid,A4,106.0,0.4218137964950297,0.06484176406906794,0.5133444384555208,0.6853717025454716,True,1.724248477291261,191.69299295485348
acid,A4,106.5,0.4203145406646014,0.06531542417015368,0.5143700341708191,0.6871729533700228,True,1.724248477291261,191.69299295485348
acid,A4,107.0,0.4188082771993118,0.06579368629927584,0.5153980354929977,0.6889675884027229,True,1.724248477291261,191.69299295485348
acid,A4,107.5,0.4172951652939849,0.06627658189878316,0.5164282517846064,0.6907556006134427,True,1.724248477291261,191.69299295485348
acid,A4,108.0,0.41577536320469566,0.06676414260353702,0.517460493155153,0.6925369830953381,True,1.724248477291261,191.69299295485348
acid,A4,108.5,0.4142490282488809,0.0672564002394127,0.5184945704611033,0.6943117290655766,True,1.724248477291261,191.69299295485348
acid,A4,109.0,0.41271631680722676,0.06775338681969112,0.5195302953076575,0.6960798318661584,True,1.724248477291261,191.69299295485348
acid,A4,109.5,0.41117738432505657,0.06825513454528087,0.520567480049694,0.6978412849648283,True,1.724248477291261,191.69299295485348
acid,A4,110.0,0.40963238531255275,0.06876167580099901,0.5216059377923243,0.6995960819560753,True,1.724248477291261,191.69299295485348
acid,A4,110.5,0.4080814733458116,0.06927304315346161,0.5226454823913929,0.7013442165622134,True,1.724248477291261,191.69299295485348
acid,A4,111.0,0.406524801068342,0.06978926935069518,0.5236859284569739,0.7030856826345437,True,1.724248477291261,191.69299295485348
acid,A4,111.5,0.4049625201916762,0.07031038731758477,0.5247270913520952,0.7048204741545916,True,1.724248477291261,191.69299295485348
acid,A4,112.0,0.4033947814958694,0.07083643015481922,0.525768787195513,0.7065485852354126,True,1.724248477291261,191.69299295485348
acid,A4,112.5,0.40182173483094275,0.07136743113639321,0.5268108328634336,0.7082700101229714,True,1.724248477291261,191.69299295485348
acid,A4,113.0,0.40024352911732786,0.0719034237079974,0.5278530459900121,0.709984743197581,True,1.724248477291261,191.69299295485348
acid,A4,113.5,0.39866031234647714,0.07244444148346574,0.528895244970351,0.7116927789754034,True,1.724248477291261,191.69299295485348
acid,A4,114.0,0.3970722315816966,0.07299051824211089,0.5299372489607213,0.7133941121100102,True,1.724248477291261,191.69299295485348
acid,A4,114.5,0.39547943295853427,0.07354168792766957,0.5309788778827818,0.7150887373939924,True,1.724248477291261,191.69299295485348
acid,A4,115.0,0.3938820616859462,0.07409798464413919,0.5320199524230795,0.7167766497606257,True,1.724248477291261,191.69299295485348
acid,A4,115.5,0.39228026204574107,0.07465944265477864,0.53306029403688,0.7184578442855776,True,1.724248477291261,191.69299295485348
acid,A4,116.0,0.39067417739391264,0.07522609637738986,0.5340997249501656,0.7201323161886628,True,1.724248477291261,191.69299295485348
acid,A4,116.5,0.3890639501599735,0.07579798038348518,0.5351380681619666,0.7218000608356352,True,1.724248477291261,191.69299295485348
acid,A4,117.0,0.38744972184950877,0.07637512939412394,0.536175147445972,0.7234610737400204,True,1.724248477291261,191.69299295485348
acid,A4,117.5,0.38583163304106716,0.07695757827741456,0.5372107873544141,0.7251153505649796,True,1.724248477291261,191.69299295485348
acid,A4,118.0,0.38420982338904786,0.07754536204684914,0.5382448132211781,0.7267628871252049,True,1.724248477291261,191.69299295485348
acid,A4,118.5,0.3825844316228677,0.07813851585547482,0.5392770511627454,0.7284036793888444,True,1.724248477291261,191.69299295485348
acid,A4,119.0,0.38095559554607306,0.07873707499567173,0.5403073280826898,0.7300377234794504,True,1.724248477291261,191.69299295485348
acid,A4,119.5,0.37932345203783857,0.07934107489482312,0.5413354716752306,0.7316650156779494,True,1.724248477291261,191.69299295485348
acid,A4,120.0,0.3776881370529672,0.07995055111120752,0.5423613104270086,0.7332855524246317,True,1.724248477291261,191.69299295485348
acid,A4,120.5,0.37604978561966984,0.08056553933316613,0.5433846736216386,0.7348993303211591,True,1.724248477291261,191.69299295485348
acid,A4,121.0,0.37440853184156353,0.08118607537332956,0.5444053913426505,0.7365063461325817,True,1.724248477291261,191.69299295485348
acid,A4,121.5,0.37276450889606183,0.08181219516639748,0.5454232944783199,0.7381065967893704,True,1.724248477291261,191.69299295485348
acid,A4,122.0,0.3711178490348743,0.08244393476591894,0.5464382147233326,0.7397000793894533,True,1.724248477291261,191.69299295485348
acid,A4,122.5,0.36946868358261886,0.08308133033974041,0.5474499845845027,0.7412867912002606,True,1.724248477291261,191.69299295485348
acid,A4,123.0,0.3678171429381538,0.08372441816772991,0.5484584373843804,0.742866729660771,True,1.724248477291261,191.69299295485348
acid,A4,123.5,0.3661633565710254,0.08437323463672541,0.5494634072653048,0.7444398923835592,True,1.724248477291261,191.69299295485348
acid,A4,124.0,0.36450745302379906,0.08502781623809241,0.5504647291936227,0.7460062771568395,True,1.724248477291261,191.69299295485348
acid,A4,124.5,0.3628495599107273,0.08568819956333851,0.5514622389641843,0.7475658819465086,True,1.724248477291261,191.69299295485348
acid,A4,125.0,0.3611898039158623,0.08635442129989457,0.5524557732052848,0.7491187048981781,True,1.724248477291261,191.69299295485348
acid,A4,125.5,0.35952831079322234,0.08702651822778407,0.5534451693826048,0.7506647443392,True,1.724248477291261,191.69299295485348
acid,A4,126.0,0.3578652053658482,0.0877045272152932,0.5544302658051503,0.7522039987806801,True,1.724248477291261,191.69299295485348
acid,A4,126.5,0.35620061152508153,0.08838848521486309,0.5554109016288056,0.7537364669194786,True,1.724248477291261,191.69299295485348
acid,A4,127.0,0.35453465222934355,0.089078429259426,0.5563869168623281,0.7552621476401945,True,1.724248477291261,191.69299295485348
acid,A4,127.5,0.352867449503802,0.08977439645685426,0.5573581523731219,0.7567810400171329,True,1.724248477291261,191.69299295485348
acid,A4,128.0,0.3511991244384838,0.09047642398707367,0.5583244498903461,0.7582931433162523,True,1.724248477291261,191.69299295485348
acid,A4,128.5,0.3495297971876088,0.09118454909762264,0.5592856520130196,0.7597984569970908,True,1.724248477291261,191.69299295485348
acid,A4,129.0,0.34785958696903485,0.09189880909776793,0.5602416022137957,0.7612969807146686,True,1.724248477291261,191.69299295485348
acid,A4,129.5,0.3461886120625923,0.0926192413552851,0.5611921448449575,0.762788714321364,True,1.724248477291261,191.69299295485348
acid,A4,130.0,0.3445169898088629,0.09334588329124038,0.562137125144857,0.764273657868765,True,1.724248477291261,191.69299295485348
acid,A4,130.5,0.34284483660784737,0.09407877237610496,0.5630763892432444,0.7657518116094894,True,1.724248477291261,191.69299295485348
acid,A4,131.0,0.3411722679195206,0.09481794612331562,0.5640097841663749,0.7672231759989752,True,1.724248477291261,191.69299295485348
acid,A4,131.5,0.3394993982593908,0.09556344208594414,0.5649371578458906,0.7686877516972392,True,1.724248477291261,191.69299295485348
acid,A4,132.0,0.3378263412000537,0.09631529785136816,0.565858359121929,0.7701455395706017,True,1.724248477291261,191.69299295485348
acid,A4,132.5,0.3361532093685282,0.0970735510356091,0.566773237751006,0.7715965406933752,True,1.724248477291261,191.69299295485348
acid,A4,133.0,0.33448011444559,0.0978382392792243,0.5676816444125654,0.7730407563495177,True,1.724248477291261,191.69299295485348
acid,A4,133.5,0.33280716716377334,0.0986094002412008,0.568583430714309,0.7744781880342447,True,1.724248477291261,191.69299295485348
acid,A4,134.0,0.3311344773063718,0.09938707159429239,0.5694784492008553,0.7759088374556062,True,1.724248477291261,191.69299295485348
acid,A4,134.5,0.32946215370599496,0.10017129101946853,0.5703665533577373,0.7773327065360193,True,1.724248477291261,191.69299295485348
acid,A4,135.0,0.3277903042439023,0.10096209619991914,0.5712475976216158,0.7787497974137588,True,1.724248477291261,191.69299295485348
acid,A4,135.5,0.32611903584711666,0.10175952481672468,0.5721214373830552,0.7801601124444063,True,1.724248477291261,191.69299295485348
acid,A4,136.0,0.3244484544890902,0.10256361454241691,0.5729879289977369,0.781563654202252,True,1.724248477291261,191.69299295485348
acid,A4,136.5,0.3227786651859299,0.10337440303498369,0.5738469297896787,0.7829604254816536,True,1.724248477291261,191.69299295485348
acid,A4,137.0,0.3211097719970635,0.10419192793309495,0.5746982980623372,0.7843504292983463,True,1.724248477291261,191.69299295485348
acid,A4,137.5,0.31944187802346313,0.10501622684921941,0.5755418931018275,0.7857336688907056,True,1.724248477291261,191.69299295485348
acid,A4,138.0,0.3177750854045369,0.10584733736462848,0.576377575187137,0.7871101477209614,True,1.724248477291261,191.69299295485348
acid,A4,138.5,0.31610949531923893,0.10668529702240193,0.5772052055965649,0.7884798694763622,True,1.724248477291261,191.69299295485348
acid,A4,139.0,0.31444520798362685,0.10753014332176569,0.5780246466146055,0.7898428380702882,True,1.724248477291261,191.69299295485348
acid,A4,139.5,0.3127823226493076,0.10838191371242978,0.5788357615403861,0.7911990576433143,True,1.724248477291261,191.69299295485348
acid,A4,140.0,0.31112093760166104,0.10924064558703872,0.579638414695216,0.792548532564219,True,1.724248477291261,191.69299295485348
acid,A4,140.5,0.309461150160506,0.11010637627550945,0.5804324714296927,0.7938912674309415,True,1.724248477291261,191.69299295485348
acid,A4,141.0,0.30780305667710284,0.11097914303925815,0.5812177981312505,0.795227267071485,True,1.724248477291261,191.69299295485348
acid,A4,141.5,0.306146752532821,0.11185898306320663,0.5819942622337093,0.7965565365447657,True,1.724248477291261,191.69299295485348
acid,A4,142.0,0.30449233213958316,0.1127459334496761,0.582761732222159,0.7978790811414053,True,1.724248477291261,191.69299295485348
acid,A4,142.5,0.30283988893675673,0.11364003121283606,0.5835200776437288,0.7991949063844708,True,1.724248477291261,191.69299295485348
acid,A4,143.0,0.3011895153912647,0.11454131326948946,0.5842691691143598,0.8005040180301557,True,1.724248477291261,191.69299295485348
acid,A4,143.5,0.29954130299669757,0.11544981643463181,0.5850088783263541,0.8018064220684068,True,1.724248477291261,191.69299295485348
acid,A4,144.0,0.2978953422698716,0.11636557741245834,0.5857390780567018,0.8031021247234919,True,1.724248477291261,191.69299295485348
acid,A4,144.5,0.2962517227538264,0.11728863279136803,0.5864596421759627,0.8043911324545118,True,1.724248477291261,191.69299295485348
acid,A4,145.0,0.2946105330138282,0.11821901903419363,0.5871704456553717,0.8056734519558556,True,1.724248477291261,191.69299295485348
acid,A4,145.5,0.2929718606363707,0.1191567724728726,0.5878713645758316,0.8069490901575942,True,1.724248477291261,191.69299295485348
acid,A4,146.0,0.29133579223128425,0.12010192930134167,0.5885622761351295,0.8082180542258203,True,1.724248477291261,191.69299295485348
acid,A4,146.5,0.289702413426407,0.12105452556609997,0.5892430586575959,0.8094803515629262,True,1.724248477291261,191.69299295485348
acid,A4,147.0,0.28807180887135964,0.12201459716032481,0.5899135916006548,0.8107359898078265,True,1.724248477291261,191.69299295485348
acid,A4,147.5,0.2864440622333264,0.12298217981610016,0.590573755564705,0.8119849768361181,True,1.724248477291261,191.69299295485348
acid,A4,148.0,0.2848192561996088,0.12395730909653402,0.5912234323005583,0.8132273207601859,True,1.724248477291261,191.69299295485348
acid,A4,148.5,0.2831974724732955,0.12494002038765384,0.5918625047178772,0.8144630299292446,True,1.724248477291261,191.69299295485348
acid,A4,149.0,0.28157879177637124,0.12593034889063492,0.5924908568942788,0.8156921129293273,True,1.724248477291261,191.69299295485348
acid,A4,149.5,0.27996329384738505,0.126928329614584,0.5931083740819965,0.8169145785832097,True,1.724248477291261,191.69299295485348
acid,A4,150.0,0.2783510574405623,0.12793399736765743,0.5937149427180932,0.8181304359502797,True,1.724248477291261,191.69299295485348
acid,A4,150.5,0.27674216032724797,0.12894738674940065,0.5943104504320118,0.8193396943263455,True,1.724248477291261,191.69299295485348
acid,A4,151.0,0.2751366792951293,0.1299685321417554,0.5948947860544562,0.8205423632433875,True,1.724248477291261,191.69299295485348
acid,A4,151.5,0.27353469014668175,0.13099746770250942,0.5954678396251634,0.8217384524692494,True,1.724248477291261,191.69299295485348
acid,A4,152.0,0.2719362677008341,0.13203422735474923,0.5960295024012296,0.8229279720072723,True,1.724248477291261,191.69299295485348
acid,A4,152.5,0.2703414857926356,0.13307884478064302,0.5965796668664369,0.8241109320958714,True,1.724248477291261,191.69299295485348
acid,A4,153.0,0.2687504172723676,0.1341313534106714,0.5971182267393571,0.825287343208054,True,1.724248477291261,191.69299295485348
acid,A4,153.5,0.2671631340072089,0.13519178641696605,0.5976450769812347,0.8264572160508797,True,1.724248477291261,191.69299295485348
acid,A4,154.0,0.2655797068802368,0.13626017670353985,0.5981601138046466,0.8276205615648644,True,1.724248477291261,191.69299295485348
acid,A4,154.5,0.2640002057913149,0.13733655689773805,0.5986632346820508,0.8287773909233274,True,1.724248477291261,191.69299295485348
acid,A4,155.0,0.26242469965809256,0.13842095934180065,0.5991543383546682,0.8299277155316818,True,1.724248477291261,191.69299295485348
acid,A4,155.5,0.2608532564151167,0.13951341608331447,0.5996333248393659,0.8310715470266683,True,1.724248477291261,191.69299295485348
acid,A4,156.0,0.2592859430159411,0.1406139588662203,0.6001000954385383,0.8322088972755358,True,1.724248477291261,191.69299295485348
acid,A4,156.5,0.25772282543323755,0.14172261912337447,0.6005545527476563,0.833339778375163,True,1.724248477291261,191.69299295485348
acid,A4,157.0,0.25616396865923985,0.14283942796466942,0.6009966006640388,0.8344642026511304,True,1.724248477291261,191.69299295485348
acid,A4,157.5,0.25460943670763125,0.1439644161700393,0.6014261443940683,0.8355821826567331,True,1.724248477291261,191.69299295485348
acid,A4,158.0,0.2530592926129893,0.14509761417924594,0.6018430904627392,0.8366937311719437,True,1.724248477291261,191.69299295485348
acid,A4,158.5,0.25151359843389454,0.14623905208321908,0.6022473467215406,0.8377988612023214,True,1.724248477291261,191.69299295485348
acid,A4,159.0,0.2499724152532634,0.14738875961328723,0.6026388223562273,0.8388975859778679,True,1.724248477291261,191.69299295485348
acid,A4,159.5,0.24843580317790437,0.1485467661338502,0.6030174278945921,0.8399899189518328,True,1.724248477291261,191.69299295485348
acid,A4,160.0,0.24690382134373579,0.14971310063061072,0.603383075216235,0.8410758737994666,True,1.724248477291261,191.69299295485348
acid,A4,160.5,0.24537652791356557,0.15088779170213673,0.603735677558892,0.8421554644167245,True,1.724248477291261,191.69299295485348
acid,A4,161.0,0.24385398008064385,0.15207086755053556,0.6040751495276497,0.8432287049189201,True,1.724248477291261,191.69299295485348
acid,A4,161.5,0.24233623407099447,0.15326235597068472,0.6044014071014958,0.8442956096393294,True,1.724248477291261,191.69299295485348
acid,A4,162.0,0.2408233451425268,0.15446228434190523,0.6047143676429778,0.8453561931277473,True,1.724248477291261,191.69299295485348
acid,A4,162.5,0.2393153675900317,0.1556706796161933,0.6050139499058638,0.8464104701489968,True,1.724248477291261,191.69299295485348
acid,A4,163.0,0.23781235474584772,0.15688756831033768,0.6053000740405823,0.8474584556813907,True,1.724248477291261,191.69299295485348
acid,A4,163.5,0.23631435898086028,0.15811297649459544,0.6055726616057688,0.8485001649151463,True,1.724248477291261,191.69299295485348
acid,A4,164.0,0.23482143171005276,0.15934692978336606,0.6058316355729287,0.8495356132507582,True,1.724248477291261,191.69299295485348
acid,A4,164.5,0.23333362339050812,0.16058945332508845,0.606076920335541,0.8505648162973237,True,1.724248477291261,191.69299295485348
acid,A4,165.0,0.2318509835279592,0.16184057179213784,0.6063084417163855,0.8515877898708246,True,1.724248477291261,191.69299295485348
acid,A4,165.5,0.2303735606762336,0.16310030937016773,0.6065261269749822,0.852604549992368,True,1.724248477291261,191.69299295485348
acid,A4,166.0,0.2289014024419167,0.16436868974967211,0.6067299048154728,0.8536151128863854,True,1.724248477291261,191.69299295485348
acid,A4,166.5,0.22743455548679403,0.1656457361127739,0.6069197053927278,0.8546194949787872,True,1.724248477291261,191.69299295485348
acid,A4,167.0,0.22597306552951668,0.16693147112656348,0.6070954603215606,0.8556177128950831,True,1.724248477291261,191.69299295485348
acid,A4,167.5,0.2245169773497091,0.16822591693055333,0.6072571026829454,0.856609783458456,True,1.724248477291261,191.69299295485348
acid,A4,168.0,0.22306633479129978,0.16952909512646386,0.6074045670314554,0.8575957236878047,True,1.724248477291261,191.69299295485348
acid,A4,168.5,0.22162118076562987,0.1708410267685645,0.6075377894009248,0.858575550795743,True,1.724248477291261,191.69299295485348
acid,A4,169.0,0.22018155725300748,0.17216173235379273,0.6076567073145522,0.8595492821865681,True,1.724248477291261,191.69299295485348
acid,A4,169.5,0.21874750530892495,0.1734912318098747,0.607761259788453,0.8605169354541868,True,1.724248477291261,191.69299295485348
acid,A4,170.0,0.21731906506550214,0.1748295444865544,0.6078513873418734,0.8614785283800148,True,1.724248477291261,191.69299295485348
acid,A4,170.5,0.21589627573614933,0.17617668914349238,0.6079270320002994,0.8624340789308342,True,1.724248477291261,191.69299295485348
acid,A4,171.0,0.21447917561934204,0.17753268394227195,0.6079881373053375,0.8633836052566248,True,1.724248477291261,191.69299295485348
acid,A4,171.5,0.2130678021007304,0.17889754643296563,0.6080346483199328,0.8643271256883603,True,1.724248477291261,191.69299295485348
acid,A4,172.0,0.21166219166013356,0.18027129354647453,0.6080665116339201,0.8652646587357739,True,1.724248477291261,191.69299295485348
acid,A4,172.5,0.21026237987298302,0.1816539415819829,0.6080836753726837,0.866196223085095,True,1.724248477291261,191.69299295485348
acid,A4,173.0,0.20886840141520757,0.18304550619818727,0.6080860892013762,0.8671218375967564,True,1.724248477291261,191.69299295485348
acid,A4,173.5,0.20748029006900648,0.18444600240119513,0.6080737043318019,0.8680415213030739,True,1.724248477291261,191.69299295485348
acid,A4,174.0,0.20609807872418173,0.1858554445357541,0.6080464735297442,0.8689552934058979,True,1.724248477291261,191.69299295485348
acid,A4,174.5,0.20472179938502144,0.18727384627348354,0.6080043511187405,0.8698631732742415,True,1.724248477291261,191.69299295485348
acid,A4,175.0,0.2033514831741856,0.18870122060343775,0.6079472929872987,0.8707651804418801,True,1.724248477291261,191.69299295485348
acid,A4,175.5,0.201987160337036,0.1901375798212257,0.6078752565945589,0.8716613346049296,True,1.724248477291261,191.69299295485348
acid,A4,176.0,0.20062886024663218,0.1915829355182419,0.6077882009758451,0.8725516556194013,True,1.724248477291261,191.69299295485348
acid,A4,176.5,0.19927661140839437,0.19303729857256258,0.6076860867483269,0.8734361634987341,True,1.724248477291261,191.69299295485348
acid,A4,177.0,0.19793044146521055,0.19450067913717728,0.6075688761155718,0.8743148784113054,True,1.724248477291261,191.69299295485348
acid,A4,177.5,0.19659037720232142,0.1959730866299969,0.6074365328738729,0.8751878206779223,True,1.724248477291261,191.69299295485348
acid,A4,178.0,0.19525644455220537,0.19745452972508293,0.6072890224174676,0.8760550107692945,True,1.724248477291261,191.69299295485348
acid,A4,178.5,0.19392866860046265,0.19894501634043493,0.6071263117427561,0.8769164693034869,True,1.724248477291261,191.69299295485348
acid,A4,179.0,0.19260707359047835,0.20044455362866476,0.6069483694536304,0.8777722170433587,True,1.724248477291261,191.69299295485348
acid,A4,179.5,0.1912916829286404,0.20195314796689345,0.6067551657665815,0.8786222748939814,True,1.724248477291261,191.69299295485348
acid,A4,180.0,0.18998251919033482,0.2034708049467593,0.6065466725142521,0.8794666639000452,True,1.724248477291261,191.69299295485348
acid,A4,180.5,0.18867960412538576,0.2049975293637596,0.6063228631517648,0.880305405243251,True,1.724248477291261,191.69299295485348
acid,A4,181.0,0.18738295866271848,0.20653332520825796,0.6060837127594976,0.8811385202396869,True,1.724248477291261,191.69299295485348
acid,A4,181.5,0.18609260291801988,0.20807819565438201,0.6058291980480801,0.8819660303371938,True,1.724248477291261,191.69299295485348
acid,A4,182.0,0.18480855619751324,0.20963214305136368,0.6055592973616131,0.8827879571127197,True,1.724248477291261,191.69299295485348
acid,A4,182.5,0.18353083700439754,0.21119516891288104,0.6052739906833304,0.8836043222696642,True,1.724248477291261,191.69299295485348
acid,A4,183.0,0.18225946304550877,0.21276727390773242,0.6049732596378199,0.8844151476352089,True,1.724248477291261,191.69299295485348
acid,A4,183.5,0.1809944512369821,0.21434845785017753,0.6046570874944646,0.8852204551576464,True,1.724248477291261,191.69299295485348
acid,A4,184.0,0.17973581770891478,0.21593871969016742,0.6043254591729941,0.886020266903696,True,1.724248477291261,191.69299295485348
acid,A4,184.5,0.17848357781435897,0.21753805750435173,0.6039783612447058,0.8868146050558141,True,1.724248477291261,191.69299295485348
acid,A4,185.0,0.17723774613276344,0.2191464684857536,0.6036157819359067,0.8876034919095,True,1.724248477291261,191.69299295485348
acid,A4,185.5,0.17599833647719,0.22076394893644213,0.6032377111322429,0.8883869498705944,True,1.724248477291261,191.69299295485348
acid,A4,186.0,0.17476536190108583,0.2223904942558752,0.6028441403802542,0.8891650014525764,True,1.724248477291261,191.69299295485348
acid,A4,186.5,0.17353883470472287,0.22402609893379388,0.6024350628902608,0.8899376692738529,True,1.724248477291261,191.69299295485348
acid,A4,187.0,0.17231876644097088,0.2256707565396754,0.6020104735394716,0.8907049760550516,True,1.724248477291261,191.69299295485348
acid,A4,187.5,0.17110516792240293,0.22732445971651583,0.6015703688737606,0.8914669446163075,True,1.724248477291261,191.69299295485348
acid,A4,188.0,0.1698980492269575,0.2289872001683957,0.6011147471097766,0.8922235978745505,True,1.724248477291261,191.69299295485348
acid,A4,188.5,0.168697419705377,0.23065896865481772,0.6006436081372746,0.8929749588407933,True,1.724248477291261,191.69299295485348
acid,A4,189.0,0.16750328798875724,0.23233975498149206,0.6001569535196705,0.8937210506174182,True,1.724248477291261,191.69299295485348
acid,A4,189.5,0.16631566199309944,0.23402954799145448,0.5996547864983715,0.8944618963954709,True,1.724248477291261,191.69299295485348
acid,A4,190.0,0.16513454892697066,0.2357283355574058,0.5991371119912214,0.8951975194519484,True,1.724248477291261,191.69299295485348
acid,A4,190.5,0.16395995530038565,0.2374361045734963,0.5986039365948326,0.8959279431470978,True,1.724248477291261,191.69299295485348
acid,A4,191.0,0.1627918869275824,0.23915284094788714,0.5980552685865836,0.8966531909217171,True,1.724248477291261,191.69299295485348
acid,A4,191.5,0.1616303489384574,0.24087852959331357,0.5974911179236209,0.8973732862944577,True,1.724248477291261,191.69299295485348
acid,A4,192.0,0.16047534578178535,0.24261315442253295,0.5969114962453004,0.8980882528591351,False,1.724248477291261,191.69299295485348
acid,A4,192.5,0.15932688123354577,0.24435669833799967,0.596316416871634,0.8987981142820467,False,1.724248477291261,191.69299295485348
acid,A4,193.0,0.15818495840558278,0.246109143226092,0.5957058948053984,0.899502894299295,False,1.724248477291261,191.69299295485348
acid,A4,193.5,0.157049579750268,0.2478704699503398,0.5950799467309142,0.900202616714119,False,1.724248477291261,191.69299295485348
acid,A4,194.0,0.1559207470688273,0.24964065834298665,0.594438591014379,0.9008973053942333,False,1.724248477291261,191.69299295485348
acid,A4,194.5,0.15479846151800203,0.251419687199661,0.5937818477029788,0.9015869842691789,False,1.724248477291261,191.69299295485348
acid,A4,195.0,0.1536827236180427,0.25320753427293674,0.5931097385247774,0.9022716773276788,False,1.724248477291261,191.69299295485348
acid,A4,195.5,0.15257353325859313,0.2550041762645616,0.5924222868876061,0.9029514086150116,False,1.724248477291261,191.69299295485348
acid,A4,196.0,0.1514708897071282,0.25680958882101645,0.5917195178778423,0.9036262022303864,False,1.724248477291261,191.69299295485348
acid,A4,196.5,0.15037479161505996,0.2586237465272978,0.5910014582592993,0.90429608232434,False,1.724248477291261,191.69299295485348
acid,A4,197.0,0.1492852370273967,0.2604466228988134,0.590268136470895,0.9049610730961368,False,1.724248477291261,191.69299295485348
acid,A4,197.5,0.14820222338585154,0.26227819038060485,0.589519582627096,0.9056211987911894,False,1.724248477291261,191.69299295485348
acid,A4,198.0,0.14712574754027763,0.26411842033657873,0.5887558285124772,0.9062764836984865,False,1.724248477291261,191.69299295485348
acid,A4,198.5,0.14605580575410837,0.2659672830491733,0.5879769075822772,0.9069269521480398,False,1.724248477291261,191.69299295485348
acid,A4,199.0,0.14499239371146277,0.2678247477113649,0.5871828549591784,0.9075726285083419,False,1.724248477291261,191.69299295485348
acid,A4,199.5,0.14393550652536113,0.2696907824237815,0.5863737074299769,0.9082135371838417,False,1.724248477291261,191.69299295485348
acid,A4,200.0,0.14288513874383124,0.2715653541895957,0.5855495034425839,0.908849702612435,False,1.724248477291261,191.69299295485348
KOH,B1,1.0,0.08836807284451353,0.016427745100244806,0.8952041821848056,0.06564138704376257,False,3.004427823729784,297.5772707812745
KOH,B1,1.5,0.09031413852023107,0.016293406894796192,0.8933924545440064,0.0667378516427237,False,3.004427823729784,297.5772707812745
KOH,B1,2.0,0.09229473566207957,0.01616059339015763,0.8915446709467645,0.06784971052908564,False,3.004427823729784,297.5772707812745
KOH,B1,2.5,0.09431007262961089,0.016029294411357142,0.8896606329527046,0.06897707056133617,False,3.004427823729784,297.5772707812745
KOH,B1,3.0,0.09636034144699934,0.015899499821170338,0.8877401586868672,0.07012003553066849,False,3.004427823729784,297.5772707812745
KOH,B1,3.5,0.09844571665240665,0.015771199862069096,0.8857830834494429,0.07127870603102693,True,3.004427823729784,297.5772707812745
KOH,B1,4.0,0.10056635464428254,0.015644384746771323,0.8837892605768616,0.07245317932934732,True,3.004427823729784,297.5772707812745
KOH,B1,4.5,0.10272239308317666,0.015519044887390976,0.8817585619920187,0.07364354923621479,True,3.004427823729784,297.5772707812745
KOH,B1,5.0,0.10491395022782513,0.015395170799514801,0.8796908789325819,0.07484990597716877,True,3.004427823729784,297.5772707812745
KOH,B1,5.5,0.10714112408982679,0.015272753118855675,0.877586122764118,0.07607233606489146,True,3.004427823729784,297.5772707812745
KOH,B1,6.0,0.10940399189118821,0.015151782622124799,0.8754442254512718,0.07731092217252167,True,3.004427823729784,297.5772707812745
KOH,B1,6.5,0.11170260941040233,0.015032250241908685,0.8732651402976188,0.07856574300834221,True,3.004427823729784,297.5772707812745
KOH,B1,7.0,0.11403701034895519,0.014914146969857711,0.8710488426439955,0.07983687319209262,True,3.004427823729784,297.5772707812745
KOH,B1,7.5,0.1164072056336618,0.014797463965487978,0.8687953303563312,0.08112438313316452,True,3.004427823729784,297.5772707812745
KOH,B1,8.0,0.11881318291862009,0.01468219250622127,0.8665046245250885,0.08242833891093938,True,3.004427823729784,297.5772707812745
KOH,B1,8.5,0.12125490596681665,0.014568323954078366,0.8641767700217073,0.08374880215753176,True,3.004427823729784,297.5772707812745
KOH,B1,9.0,0.12373231409990026,0.014455849812522459,0.8618118360392835,0.08508582994320298,True,3.004427823729784,297.5772707812745
KOH,B1,9.5,0.1262453216732684,0.014344761703810605,0.8594099165766256,0.08643947466471139,True,3.004427823729784,297.5772707812745
KOH,B1,10.0,0.1287938175948966,0.014235051327471382,0.8569711310317807,0.0878097839368654,True,3.004427823729784,297.5772707812745
KOH,B1,10.5,0.13137766488591218,0.01412671051470582,0.8544956245413182,0.08919680048754573,True,3.004427823729784,297.5772707812745
KOH,B1,11.0,0.1339967001847686,0.014019731221281972,0.8519835685460997,0.09060056205646054,True,3.004427823729784,297.5772707812745
KOH,B1,11.5,0.1366507334124023,0.013914105468915139,0.849435161071721,0.09202110129789631,True,3.004427823729784,297.5772707812745
KOH,B1,12.0,0.13933954739475674,0.01380982540810649,0.8468506271446241,0.09345844568772246,True,3.004427823729784,297.5772707812745
KOH,B1,12.5,0.14206289754303825,0.013706883265518499,0.8442302191342677,0.09491261743490434,True,3.004427823729784,297.5772707812745
KOH,B1,13.0,0.14482051159836473,0.0136052713886059,0.8415742169556317,0.09638363339777355,True,3.004427823729784,297.5772707812745
KOH,B1,13.5,0.14761208934621628,0.013504982203205174,0.8388829283929589,0.09787150500529845,True,3.004427823729784,297.5772707812745
KOH,B1,14.0,0.15043730245900555,0.013406008228411537,0.8361566892514105,0.09937623818358955,True,3.004427823729784,297.5772707812745
KOH,B1,14.5,0.15329579436951235,0.013308342071693957,0.8333958634993976,0.1008978332878678,True,3.004427823729784,297.5772707812745
KOH,B1,15.0,0.15618718011878308,0.01321197642378813,0.8306008433907053,0.10243628504011248,True,3.004427823729784,297.5772707812745
KOH,B1,15.5,0.1591110463565748,0.013116904064691681,0.8277720495124541,0.10399158247259696,True,3.004427823729784,297.5772707812745
KOH,B1,16.0,0.1620669512871764,0.013023117849009225,0.8249099307993113,0.10556370887750824,True,3.004427823729784,297.5772707812745
KOH,B1,16.5,0.16505442475911458,0.012930610714390056,0.8220149644626584,0.10715264176283405,True,3.004427823729784,297.5772707812745
KOH,B1,17.0,0.1680729683302129,0.012839375665096853,0.8190876559339699,0.10875835281468939,True,3.004427823729784,297.5772707812745
KOH,B1,17.5,0.17112205545921633,0.012749405778667011,0.8161285386902861,0.11038080786623869,True,3.004427823729784,297.5772707812745
KOH,B1,18.0,0.17420113165389495,0.012660694203248113,0.8131381740761334,0.11201996687335702,True,3.004427823729784,297.5772707812745
KOH,B1,18.5,0.17730961474660134,0.012573234162038815,0.8101171510266347,0.113675783897157,True,3.004427823729784,297.5772707812745
KOH,B1,19.0,0.18044689521268253,0.012487018919538073,0.8070660858001677,0.11534820709349239,True,3.004427823729784,297.5772707812745
KOH,B1,19.5,0.18361233651464914,0.012402041822401344,0.803985621596004,0.11703717870953247,True,3.004427823729784,297.5772707812745
KOH,B1,20.0,0.18680527550318793,0.012318296259250516,0.8008764281639547,0.11874263508748459,True,3.004427823729784,297.5772707812745
KOH,B1,20.5,0.190025022900997,0.012235775683988592,0.7977392013382989,0.12046450667552357,True,3.004427823729784,297.5772707812745
KOH,B1,21.0,0.1932708637804037,0.012154473602254967,0.7945746625448447,0.12220271804596831,True,3.004427823729784,297.5772707812745
KOH,B1,21.5,0.19654205815733405,0.012074383560101154,0.7913835582080697,0.12395718792072896,True,3.004427823729784,297.5772707812745
KOH,B1,22.0,0.19983784158728035,0.011995499159755951,0.7881666591786907,0.12572782920402698,True,3.004427823729784,297.5772707812745
KOH,B1,22.5,0.2031574258223312,0.011917814039308361,0.7849247600594245,0.12751454902237275,True,3.004427823729784,297.5772707812745
KOH,B1,23.0,0.20649999952171427,0.011841321889471956,0.7816586785133195,0.12931724877176604,True,3.004427823729784,297.5772707812745
KOH,B1,23.5,0.20986472900930142,0.011766016427161574,0.7783692544872656,0.1311358241720649,True,3.004427823729784,297.5772707812745
KOH,B1,24.0,0.21325075904632396,0.011691891419807199,0.7750573494579305,0.13297016532845077,True,3.004427823729784,297.5772707812745
KOH,B1,24.5,0.21665721368879787,0.011618940652158294,0.7717238455798858,0.13482015679989628,True,3.004427823729784,297.5772707812745
KOH,B1,25.0,0.22008319716271263,0.011547157959035381,0.7683696447962074,0.1366856776745273,True,3.004427823729784,297.5772707812745
KOH,B1,25.5,0.22352779476308982,0.011476537199572867,0.7649956679559589,0.1385666016517479,True,3.004427823729784,297.5772707812745
KOH,B1,26.0,0.22699007381210556,0.011407072255331663,0.7616028538532937,0.1404627971309831,True,3.004427823729784,297.5772707812745
KOH,B1,26.5,0.2304690846498536,0.011338757038847902,0.7581921582314743,0.14237412730687476,True,3.004427823729784,297.5772707812745
KOH,B1,27.0,0.2339638616360995,0.011271585481309465,0.7547645528016567,0.14430045027074895,True,3.004427823729784,297.5772707812745
KOH,B1,27.5,0.23747342419377926,0.011205551544435366,0.7513210241781865,0.14624161911815814,True,3.004427823729784,297.5772707812745
KOH,B1,28.0,0.24099677788025353,0.011140649208152276,0.747862572831326,0.1481974820622859,True,3.004427823729784,297.5772707812745
KOH,B1,28.5,0.2445329154654452,0.0110768724694843,0.7443902119820267,0.15016788255298597,True,3.004427823729784,297.5772707812745
KOH,B1,29.0,0.2480808180640448,0.01101421534255298,0.740904966513023,0.15215265940121583,True,3.004427823729784,297.5772707812745
KOH,B1,29.5,0.2516394562319668,0.010952671858355245,0.7374078718278554,0.15415164690861,True,3.004427823729784,297.5772707812745
KOH,B1,30.0,0.25520779112986336,0.010892236067761019,0.7338999727166673,0.15616467500192766,True,3.004427823729784,297.5772707812745
KOH,B1,30.5,0.2587847756689854,0.010832902031410185,0.7303823222198913,0.1581915693720993,True,3.004427823729784,297.5772707812745
KOH,B1,31.0,0.2623693556547124,0.010774663819712593,0.7268559804418651,0.1602321516175835,True,3.004427823729784,297.5772707812745
KOH,B1,31.5,0.26596047097782183,0.010717515524727439,0.7233220134124085,0.16228623939174186,True,3.004427823729784,297.5772707812745
KOH,B1,32.0,0.2695570567672334,0.0106614512433989,0.719781491906657,0.16435364655392684,True,3.004427823729784,297.5772707812745
KOH,B1,32.5,0.273158044553079,0.0106064650863269,0.7162354902787715,0.16643418332397564,True,3.004427823729784,297.5772707812745
KOH,B1,33.0,0.27676236343177063,0.010552551168774293,0.7126850853138578,0.16852765643979417,True,3.004427823729784,297.5772707812745
KOH,B1,33.5,0.2803689412347321,0.01049970363009578,0.7091313550502409,0.1706338693177135,True,3.004427823729784,297.5772707812745
KOH,B1,34.0,0.28397670566182587,0.010447916605205165,0.7055753776493701,0.1727526222152969,True,3.004427823729784,297.5772707812745
KOH,B1,34.5,0.287584585421774,0.010397184247223912,0.7020182302511779,0.17488371239627448,True,3.004427823729784,297.5772707812745
KOH,B1,35.0,0.2911915113587016,0.010347500714269486,0.6984609878470938,0.17702693429728072,True,3.004427823729784,297.5772707812745
KOH,B1,35.5,0.29479641755003616,0.010298860178892255,0.6949047221900262,0.17918207969607197,True,3.004427823729784,297.5772707812745
KOH,B1,36.0,0.298398242397524,0.010251256823301524,0.6913505006991283,0.18134893788090098,True,3.004427823729784,297.5772707812745
KOH,B1,36.5,0.3019959296883812,0.010204684838921452,0.6877993853925402,0.18352729582072938,True,3.004427823729784,297.5772707812745
KOH,B1,37.0,0.30558842964056865,0.010159138430609893,0.6842524318491083,0.18571693833596178,True,3.004427823729784,297.5772707812745
KOH,B1,37.5,0.3091746999109857,0.01011461181699147,0.6807106881953073,0.18791764826938934,True,3.004427823729784,297.5772707812745
KOH,B1,38.0,0.31275370658978563,0.010071099221353741,0.67717519411159,0.1901292066570378,True,3.004427823729784,297.5772707812745
KOH,B1,38.5,0.3163244251526143,0.010028594888689124,0.6736469798823697,0.1923513928986195,True,3.004427823729784,297.5772707812745
KOH,B1,39.0,0.31988584138958887,0.009987093077756803,0.6701270654561053,0.19458398492729664,True,3.004427823729784,297.5772707812745
KOH,B1,39.5,0.32343695230485636,0.009946588059139838,0.6666164595595103,0.1968267593784726,True,3.004427823729784,297.5772707812745
KOH,B1,40.0,0.3269767669660806,0.009907074124071436,0.6631161588359635,0.19907949175733353,True,3.004427823729784,297.5772707812745
KOH,B1,40.5,0.3305043073388303,0.009868545576829924,0.6596271470108439,0.20134195660487528,True,3.004427823729784,297.5772707812745
KOH,B1,41.0,0.33401860907217307,0.009830996746340581,0.6561503941089897,0.20361392766215952,True,3.004427823729784,297.5772707812745
KOH,B1,41.5,0.3375187222511844,0.009794421979181234,0.6526868556980814,0.20589517803255128,True,3.004427823729784,297.5772707812745
KOH,B1,42.0,0.34100371210932234,0.009758815643634566,0.6492374721768224,0.20818548034170525,True,3.004427823729784,297.5772707812745
KOH,B1,42.5,0.34447265970677377,0.00972417213185306,0.6458031680928733,0.2104846068950765,True,3.004427823729784,297.5772707812745
KOH,B1,43.0,0.34792466256355903,0.009690485861080234,0.6423848515070829,0.21279232983274393,True,3.004427823729784,297.5772707812745
KOH,B1,43.5,0.35135883525777567,0.00965775127798052,0.6389834133978534,0.2151084212813474,True,3.004427823729784,297.5772707812745
KOH,B1,44.0,0.35477430998581694,0.009625962852644054,0.6355997270987013,0.21743265350295146,True,3.004427823729784,297.5772707812745
KOH,B1,44.5,0.3581702370667461,0.009595115087412953,0.6322346477824481,0.21976479904066104,True,3.004427823729784,297.5772707812745
KOH,B1,45.0,0.36154578544128624,0.009565202516548243,0.6288890119793833,0.222104630860827,True,3.004427823729784,297.5772707812745
KOH,B1,45.5,0.3649001430908183,0.0095362197088944,0.6255636371376716,0.22445192249169335,True,3.004427823729784,297.5772707812745
KOH,B1,46.0,0.3682325174447221,0.009508161266269521,0.6222593212273364,0.22680644815834833,True,3.004427823729784,297.5772707812745
KOH,B1,46.5,0.3715421357374793,0.009481021830570757,0.6189768423740527,0.22916798291385682,True,3.004427823729784,297.5772707812745
KOH,B1,47.0,0.3748282453281404,0.00945479607855626,0.6157169585355171,0.23153630276646284,True,3.004427823729784,297.5772707812745
KOH,B1,47.5,0.3780901139873172,0.009429478733224972,0.61248040722367,0.23391118480276243,True,3.004427823729784,297.5772707812745
KOH,B1,48.0,0.381327030137546,0.009405064557821419,0.6092679052515648,0.23629240730676257,True,3.004427823729784,297.5772707812745
KOH,B1,48.5,0.38453830306744985,0.009381548358389225,0.6060801485231471,0.23867974987474974,True,3.004427823729784,297.5772707812745
KOH,B1,49.0,0.3877232630979388,0.009358924988989159,0.6029178118628908,0.24107299352590772,True,3.004427823729784,297.5772707812745
KOH,B1,49.5,0.3908812617290647,0.00933718935400285,0.5997815488687774,0.24347192080863211,True,3.004427823729784,297.5772707812745
KOH,B1,50.0,0.3940116717359443,0.009316336405523762,0.5966719918114316,0.24587631590250325,True,3.004427823729784,297.5772707812745
KOH,B1,50.5,0.39711388724164576,0.009296361151461818,0.593589751561513,0.24828596471588785,True,3.004427823729784,297.5772707812745
KOH,B1,51.0,0.40018732376284616,0.009277258649159625,0.5905354175441135,0.25070065497915184,True,3.004427823729784,297.5772707812745
KOH,B1,51.5,0.4032314182071117,0.009259024015134676,0.5875095577356493,0.25312017633347556,True,3.004427823729784,297.5772707812745
KOH,B1,52.0,0.40624562886262816,0.009241652422664615,0.584512718675323,0.2555443204152734,True,3.004427823729784,297.5772707812745
KOH,B1,52.5,0.4092294353378878,0.009225139104618307,0.5815454255197194,0.25797288093622894,True,3.004427823729784,297.5772707812745
KOH,B1,53.0,0.41218233849243946,0.009209479355815064,0.578608182115109,0.2604056537589642,True,3.004427823729784,297.5772707812745
KOH,B1,53.5,0.41510386032903024,0.009194668533968331,0.5757014711024744,0.26284243696837245,True,3.004427823729784,297.5772707812745
KOH,B1,54.0,0.41799354386695686,0.009180702060379575,0.5728257540405512,0.26528303093864963,True,3.004427823729784,297.5772707812745
KOH,B1,54.5,0.42085095298782793,0.009167575424823271,0.5699814715564577,0.2677272383960679,True,3.004427823729784,297.5772707812745
KOH,B1,55.0,0.4236756722650059,0.009155284184381163,0.5671690435216648,0.2701748644775425,True,3.004427823729784,297.5772707812745
KOH,B1,55.5,0.4264673067636837,0.009143823964219422,0.5643888692446475,0.2726257167850486,True,3.004427823729784,297.5772707812745
KOH,B1,56.0,0.42922548183037257,0.009133190463223029,0.5616413276813143,0.2750796054359498,True,3.004427823729784,297.5772707812745
KOH,B1,56.5,0.43194984284956883,0.009123379453593317,0.5589267776739404,0.2775363431093099,True,3.004427823729784,297.5772707812745
KOH,B1,57.0,0.43464005500264136,0.00911438677904386,0.5562455581982206,0.2799957450882592,True,3.004427823729784,297.5772707812745
KOH,B1,57.5,0.4372958029934676,0.009106208359394019,0.5535979886283349,0.2824576292984954,True,3.004427823729784,297.5772707812745
KOH,B1,58.0,0.43991679076813006,0.009098840194399216,0.5509843690209015,0.2849218163430007,True,3.004427823729784,297.5772707812745
KOH,B1,58.5,0.4425027412126997,0.009092278361169659,0.5484049804112129,0.28738812953306375,True,3.004427823729784,297.5772707812745
KOH,B1,59.0,0.4450533958520117,0.009086519012102556,0.5458600851215994,0.28985639491569465,True,3.004427823729784,297.5772707812745
KOH,B1,59.5,0.44756851452184415,0.009081558388891742,0.5433499270786415,0.29232644129752705,True,3.004427823729784,297.5772707812745
KOH,B1,60.0,0.45004787503611504,0.009077392809649087,0.5408747321454868,0.29479810026530373,True,3.004427823729784,297.5772707812745
KOH,B1,60.5,0.4524912728523789,0.009074018675912787,0.5384347084643956,0.2972712062030427,True,3.004427823729784,297.5772707812745
KOH,B1,61.0,0.45489852071449455,0.009071432476710078,0.5360300468037933,0.2997455963059845,True,3.004427823729784,297.5772707812745
KOH,B1,61.5,0.45726944829948407,0.009069630783922061,0.5336609209138921,0.3022211105914227,True,3.004427823729784,297.5772707812745
KOH,B1,62.0,0.4596039018505849,0.009068610258010888,0.5313274878907146,0.3046975919065188,True,3.004427823729784,297.5772707812745
KOH,B1,62.5,0.46190174381204646,0.009068367645118439,0.5290298885441875,0.30717488593320724,True,3.004427823729784,297.5772707812745
KOH,B1,63.0,0.46416285245162375,0.009068899781274758,0.5267682477698866,0.3096528411902939,True,3.004427823729784,297.5772707812745
KOH,B1,63.5,0.4663871214827253,0.009070203591209774,0.5245426749306108,0.3121313090328524,True,3.004427823729784,297.5772707812745
KOH,B1,64.0,0.46857445968580963,0.009072276090503484,0.5223532642308348,0.31461014364902307,True,3.004427823729784,297.5772707812745
KOH,B1,64.5,0.4707247905221326,0.009075114383583216,0.5202000951031599,0.31708920205432056,True,3.004427823729784,297.5772707812745
KOH,B1,65.0,0.47283805175038496,0.009078715670143844,0.5180832325907339,0.3195683440835519,True,3.004427823729784,297.5772707812745
KOH,B1,65.5,0.47491419504271104,0.009083077238708492,0.5160027277316056,0.32204743238044986,True,3.004427823729784,297.5772707812745
KOH,B1,66.0,0.47695318559636685,0.009088196472537002,0.5139586179459116,0.3245263323851243,True,3.004427823729784,297.5772707812745
KOH,B1,66.5,0.4789550017519073,0.00909407084834224,0.5119509274172929,0.3270049123194327,True,3.004427823729784,297.5772707812745
KOH,B1,67.0,0.4809196346035882,0.009100697937636237,0.5099796674782192,0.32948304317036986,True,3.004427823729784,297.5772707812745
KOH,B1,67.5,0.48284708762419415,0.009108075405564464,0.5080448369923635,0.3319605986715766,True,3.004427823729784,297.5772707812745
KOH,B1,68.0,0.48473737627942326,0.009116201011696856,0.5061464227320844,0.3344374552830647,True,3.004427823729784,297.5772707812745
KOH,B1,68.5,0.486590527653763,0.009125072614316054,0.5042843997571517,0.33691349216925287,True,3.004427823729784,297.5772707812745
KOH,B1,69.0,0.48840658007309745,0.009134688164560978,0.5024587317886131,0.3393885911754102,True,3.004427823729784,297.5772707812745
KOH,B1,69.5,0.49018558273829227,0.009145045712824484,0.5006693715773752,0.341862636802596,True,3.004427823729784,297.5772707812745
KOH,B1,70.0,0.49192759535386654,0.009156143403493688,0.49891626127269995,0.34433551618118957,True,3.004427823729784,297.5772707812745
KOH,B1,70.5,0.4936326877688635,0.009167979480889654,0.49719933278405404,0.3468071190430955,True,3.004427823729784,297.5772707812745
KOH,B1,71.0,0.4953009396156949,0.00918055228291137,0.4955185081358393,0.34927733769271235,True,3.004427823729784,297.5772707812745
KOH,B1,71.5,0.4969324399625441,0.009193860249862018,0.4938736998234272,0.35174606697674654,True,3.004427823729784,297.5772707812745
KOH,B1,72.0,0.4985272869608981,0.009207901917024364,0.49226481116018683,0.3542132042529561,True,3.004427823729784,297.5772707812745
KOH,B1,72.5,0.5000855875061938,0.009222675917325285,0.4906917366162278,0.35667864935790056,True,3.004427823729784,297.5772707812745
KOH,B1,73.0,0.5016074568993389,0.009238180983611732,0.489154362158406,0.3591423045737755,True,3.004427823729784,297.5772707812745
KOH,B1,73.5,0.5030930185203064,0.009254415946235994,0.4876525655776176,0.361604074594407,True,3.004427823729784,297.5772707812745
KOH,B1,74.0,0.5045424034972046,0.009271379733749585,0.4861862168148434,0.3640638664904765,True,3.004427823729784,297.5772707812745
KOH,B1,74.5,0.5059557503964418,0.009289071373014268,0.48475517827645254,0.3665215896740486,True,3.004427823729784,297.5772707812745
KOH,B1,75.0,0.507333204904481,0.009307489992421702,0.48335930515211456,0.36897715586246677,True,3.004427823729784,297.5772707812745
KOH,B1,75.5,0.5086749195246376,0.009326634814621482,0.48199844571156225,0.3714304790416846,True,3.004427823729784,297.5772707812745
KOH,B1,76.0,0.509981053280012,0.009346505163626562,0.4806724416091812,0.3738814754290931,True,3.004427823729784,297.5772707812745
KOH,B1,76.5,0.5112517714202791,0.009367100461343814,0.4793811281719462,0.3763300634359076,True,3.004427823729784,297.5772707812745
KOH,B1,77.0,0.5124872451369444,0.009388420229516914,0.4781243346887454,0.37877616362916994,True,3.004427823729784,297.5772707812745
KOH,B1,77.5,0.5136876512839839,0.009410464087783454,0.4769018846852435,0.38121969869342204,True,3.004427823729784,297.5772707812745
KOH,B1,78.0,0.5148531721080596,0.009433231753924742,0.47571359619669185,0.38366059339210756,True,3.004427823729784,297.5772707812745
KOH,B1,78.5,0.5159839949822609,0.00945672304555889,0.4745592820324662,0.3860987745287489,True,3.004427823729784,297.5772707812745
KOH,B1,79.0,0.5170803121502532,0.009480937877809348,0.4734387500341941,0.38853417090795156,True,3.004427823729784,297.5772707812745
KOH,B1,79.5,0.5181423204714541,0.009505876264276347,0.4723518033276086,0.3909667132962827,True,3.004427823729784,297.5772707812745
KOH,B1,80.0,0.5191702211812532,0.009531538318174881,0.4712982405659094,0.39339633438306765,True,3.004427823729784,297.5772707812745
KOH,B1,80.5,0.5201642196506207,0.009557924249503635,0.4702778561661014,0.39582296874114836,True,3.004427823729784,297.5772707812745
KOH,B1,81.0,0.5211245251567354,0.009585034367376455,0.4692904405431131,0.39824655278764437,True,3.004427823729784,297.5772707812745
KOH,B1,81.5,0.5220513506578595,0.009612869079467234,0.4683357803318966,0.40066702474475546,True,3.004427823729784,297.5772707812745
KOH,B1,82.0,0.5229449125764285,0.009641428889595183,0.4674136586040878,0.40308432460064153,True,3.004427823729784,297.5772707812745
KOH,B1,82.5,0.5238054305883866,0.009670714400944469,0.46652385508200167,0.40549839407041727,True,3.004427823729784,297.5772707812745
KOH,B1,83.0,0.5246331274186833,0.009700726313843777,0.46566614634024894,0.40790917655729236,True,3.004427823729784,297.5772707812745
KOH,B1,83.5,0.525428228641156,0.009731465427487151,0.46484030600507653,0.4103166171138897,True,3.004427823729784,297.5772707812745
KOH,B1,84.0,0.5261909624925121,0.009762932635992705,0.46404610494693577,0.41272066240377187,True,3.004427823729784,297.5772707812745
KOH,B1,84.5,0.5269215596789834,0.009795128932621466,0.4632833114651125,0.4151212606632027,True,3.004427823729784,297.5772707812745
KOH,B1,85.0,0.5276202532032426,0.009828055407501424,0.4625516914674166,0.4175183616631712,True,3.004427823729784,297.5772707812745
KOH,B1,85.5,0.5282872781872672,0.00986171324746099,0.46185100864415407,0.4199119166717009,True,3.004427823729784,297.5772707812745
KOH,B1,86.0,0.5289228717081373,0.009896103736528605,0.4611810246357706,0.42230187841647193,True,3.004427823729784,297.5772707812745
KOH,B1,86.5,0.5295272726327238,0.009931228254878022,0.46054149919350085,0.4246882010477718,True,3.004427823729784,297.5772707812745
KOH,B1,87.0,0.5301007214651432,0.00996708827999404,0.4599321903377973,0.42707084010179974,True,3.004427823729784,297.5772707812745
KOH,B1,87.5,0.5306434601929921,0.010003685384896155,0.4593528545057124,0.42944975246434214,True,3.004427823729784,297.5772707812745
KOH,B1,88.0,0.5311557321458493,0.010041021240081438,0.45880324669839156,0.4318248963348361,True,3.004427823729784,297.5772707812745
KOH,B1,88.5,0.5316377818537221,0.010079097611248589,0.4582831206202398,0.4341962311908379,True,3.004427823729784,297.5772707812745
KOH,B1,89.0,0.5320898549138753,0.010117916360408152,0.45779222881175974,0.43656371775291186,True,3.004427823729784,297.5772707812745
KOH,B1,89.5,0.5325121978599356,0.010157479444938833,0.45733032278200136,0.43892731794995304,True,3.004427823729784,297.5772707812745
KOH,B1,90.0,0.5329050580394346,0.010197788919363848,0.45689715312918766,0.4412869948849563,True,3.004427823729784,297.5772707812745
KOH,B1,90.5,0.5332686834935707,0.010238846932242307,0.45649246966322776,0.44364271280124457,True,3.004427823729784,297.5772707812745
KOH,B1,91.0,0.5336033228435788,0.010280655728500676,0.4561160215180715,0.4459944370491659,True,3.004427823729784,297.5772707812745
KOH,B1,91.5,0.5339092251794297,0.010323217647878469,0.45576755726267626,0.44834213405326884,True,3.004427823729784,297.5772707812745
KOH,B1,92.0,0.5341866399571349,0.010366535126316023,0.4554468250077548,0.4506857712799662,True,3.004427823729784,297.5772707812745
KOH,B1,92.5,0.5344358168939412,0.010410610694289169,0.45515357250369703,0.4530253172056933,True,3.004427823729784,297.5772707812745
KOH,B1,93.0,0.5346570058755717,0.010455446976698202,0.45488754724076763,0.45536074128556947,True,3.004427823729784,297.5772707812745
KOH,B1,93.5,0.5348504568602475,0.010501046694644245,0.45464849653847894,0.45769201392256637,True,3.004427823729784,297.5772707812745
KOH,B1,94.0,0.5350164197944207,0.010547412663042266,0.4544361676369624,0.46001910643719185,True,3.004427823729784,297.5772707812745
KOH,B1,94.5,0.5351551445235692,0.010594547792341924,0.4542503077786808,0.4623419910376899,True,3.004427823729784,297.5772707812745
KOH,B1,95.0,0.5352668807153682,0.01064245508758388,0.45409066429186185,0.46466064079076475,True,3.004427823729784,297.5772707812745
KOH,B1,95.5,0.5353518777807542,0.010691137648399796,0.4539569846664926,0.46697502959282816,True,3.004427823729784,297.5772707812745
KOH,B1,96.0,0.5354103848015379,0.01074059866923438,0.45384901662559596,0.4692851321417759,True,3.004427823729784,297.5772707812745
KOH,B1,96.5,0.5354426504599608,0.010790841437624543,0.45376650819939357,0.4715909239092927,True,3.004427823729784,297.5772707812745
KOH,B1,97.0,0.5354489229721371,0.010841869338418242,0.453709207786257,0.4738923811136893,True,3.004427823729784,297.5772707812745
KOH,B1,97.5,0.5354294500268808,0.010893685847945811,0.4536768642228739,0.4761894806932693,True,3.004427823729784,297.5772707812745
KOH,B1,98.0,0.5353844787223672,0.010946294538904944,0.45366922683609534,0.47848220028022975,True,3.004427823729784,297.5772707812745
KOH,B1,98.5,0.535314255512731,0.010999699078417802,0.4536860455067182,0.480770518175092,True,3.004427823729784,297.5772707812745
KOH,B1,99.0,0.5352190261518897,0.011053903227198347,0.4537270707196117,0.4830544133216638,True,3.004427823729784,297.5772707812745
KOH,B1,99.5,0.5350990356424168,0.011108910840440522,0.4537920536157869,0.48533386528253214,True,3.004427823729784,297.5772707812745
KOH,B1,100.0,0.5349545281899681,0.011164725868151315,0.45388074604058026,0.4876088542150813,True,3.004427823729784,297.5772707812745
KOH,B1,100.5,0.5347857471542095,0.011221352354873204,0.45399290058967257,0.48987936084804135,True,3.004427823729784,297.5772707812745
KOH,B1,101.0,0.5345929350092926,0.01127879443929558,0.45412827065022254,0.4921453664585562,True,3.004427823729784,297.5772707812745
KOH,B1,101.5,0.5343763332998352,0.011337056355531505,0.454286610443555,0.49440685284977554,True,3.004427823729784,297.5772707812745
KOH,B1,102.0,0.5341361826064484,0.01139614243039766,0.45446767506213126,0.4966638023289641,True,3.004427823729784,297.5772707812745
KOH,B1,102.5,0.5338727225089879,0.011456057087466665,0.4546712205029668,0.4989161976861259,True,3.004427823729784,297.5772707812745
KOH,B1,103.0,0.533586191550417,0.011516804843680895,0.454897003705268,0.5011640221731392,True,3.004427823729784,297.5772707812745
KOH,B1,103.5,0.5332768272094945,0.011578390311295372,0.45514478257857593,0.5034072594834008,True,3.004427823729784,297.5772707812745
KOH,B1,104.0,0.5329448658701885,0.011640818197267144,0.4554143160314661,0.5056458937319704,True,3.004427823729784,297.5772707812745
KOH,B1,104.5,0.532590542794309,0.011704093303643859,0.455705364001191,0.5078799094362187,True,3.004427823729784,297.5772707812745
KOH,B1,105.0,0.5322140920953622,0.011768220526842121,0.4560176874760513,0.5101092914969655,True,3.004427823729784,297.5772707812745
KOH,B1,105.5,0.5318157467179008,0.01183320485986794,0.45635104852070896,0.5123340251801113,True,3.004427823729784,297.5772707812745
KOH,B1,106.0,0.5313957384128765,0.011899051390207305,0.45670521029517186,0.5145540960987518,True,3.004427823729784,297.5772707812745
KOH,B1,106.5,0.5309542977205428,0.011965765300381292,0.4570799370767764,0.5167694901957741,True,3.004427823729784,297.5772707812745
KOH,B1,107.0,0.5304916539506932,0.012033351869278341,0.457474994277729,0.5189801937269265,True,3.004427823729784,297.5772707812745
KOH,B1,107.5,0.5300080351665626,0.012101816471377091,0.4578901484592057,0.5211861932443588,True,3.004427823729784,297.5772707812745
KOH,B1,108.0,0.5295036681700616,0.012171164576746385,0.4583251673501154,0.5233874755806265,True,3.004427823729784,297.5772707812745
KOH,B1,108.5,0.5289787784873434,0.0122414017517114,0.4587798198572024,0.525584027833153,True,3.004427823729784,297.5772707812745
KOH,B1,109.0,0.528433590357924,0.012312533659075697,0.45925387607892443,0.5277758373491467,True,3.004427823729784,297.5772707812745
KOH,B1,109.5,0.5278683267233575,0.012384566057677127,0.4597471073142234,0.5299628917109632,True,3.004427823729784,297.5772707812745
KOH,B1,110.0,0.527283209216578,0.012457504803720099,0.4602592860744048,0.5321451787219107,True,3.004427823729784,297.5772707812745
KOH,B1,110.5,0.5266784581556827,0.012531355849332293,0.46079018608879974,0.5343226863924898,True,3.004427823729784,297.5772707812745
KOH,B1,111.0,0.5260542925353828,0.012606125244896127,0.4613395823135358,0.5364954029270635,True,3.004427823729784,297.5772707812745
KOH,B1,111.5,0.5254109300204535,0.012681819137161376,0.4619072509353117,0.5386633167109522,True,3.004427823729784,297.5772707812745
KOH,B1,112.0,0.524748586942736,0.012758443770799488,0.4624929693782809,0.5408264162979433,True,3.004427823729784,297.5772707812745
KOH,B1,112.5,0.5240674782959198,0.012836005488514601,0.4630965163073819,0.5429846903982156,True,3.004427823729784,297.5772707812745
KOH,B1,113.0,0.5233678177326562,0.01291451073104355,0.4637176716271174,0.5451381278666687,True,3.004427823729784,297.5772707812745
KOH,B1,113.5,0.5226498175624483,0.01299396603726688,0.4643562164899917,0.5472867176916486,True,3.004427823729784,297.5772707812745
KOH,B1,114.0,0.5219136887518738,0.013074378045097035,0.4650119332920699,0.5494304489840721,True,3.004427823729784,297.5772707812745
KOH,B1,114.5,0.521159640922586,0.013155753490701194,0.4656846056749764,0.5515693109669334,True,3.004427823729784,297.5772707812745
KOH,B1,115.0,0.5203878823525354,0.013238099209833543,0.4663740185245624,0.5537032929651953,True,3.004427823729784,297.5772707812745
KOH,B1,115.5,0.5195986199774127,0.013321422138834471,0.4670799579695739,0.5558323843960521,True,3.004427823729784,297.5772707812745
KOH,B1,116.0,0.5187920593930917,0.01340572931185502,0.4678022113798752,0.5579565747595646,True,3.004427823729784,297.5772707812745
KOH,B1,116.5,0.5179684048578492,0.013491027864853677,0.46854056736178595,0.5600758536296548,True,3.004427823729784,297.5772707812745
KOH,B1,117.0,0.5171278592938089,0.013577325033820031,0.4692948157555277,0.56219021064546,True,3.004427823729784,297.5772707812745
KOH,B1,117.5,0.5162706242953785,0.013664628155107827,0.47006474763122696,0.5642996355030337,True,3.004427823729784,297.5772707812745
KOH,B1,118.0,0.5153969001302494,0.013752944666989286,0.4708501552835864,0.5664041179473946,True,3.004427823729784,297.5772707812745
KOH,B1,118.5,0.5145068857446145,0.013842282108988968,0.4716508322257784,0.568503647764912,True,3.004427823729784,297.5772707812745
KOH,B1,119.0,0.5136007787708285,0.013932648122660929,0.4724665731846711,0.5705982147760225,True,3.004427823729784,297.5772707812745
KOH,B1,119.5,0.5126787755321827,0.014024050451477699,0.473297174093501,0.572687808828276,True,3.004427823729784,297.5772707812745
KOH,B1,120.0,0.5117410710483439,0.014116496942162549,0.4741424320848786,0.5747724197896988,True,3.004427823729784,297.5772707812745
KOH,B1,120.5,0.5107878590457915,0.014209995544023357,0.47500214548434894,0.5768520375424742,True,3.004427823729784,297.5772707812745
KOH,B1,121.0,0.5098193319604816,0.0143045543103959,0.47587611380150996,0.5789266519769283,True,3.004427823729784,297.5772707812745
KOH,B1,121.5,0.5088356809503924,0.014400181397533629,0.4767641377231291,0.5809962529858224,True,3.004427823729784,297.5772707812745
KOH,B1,122.0,0.5078370958994105,0.01449688506760527,0.4776660191025961,0.583060830458938,True,3.004427823729784,297.5772707812745
KOH,B1,122.5,0.5068237654289875,0.014594673685586201,0.47858156095370585,0.5851203742779574,True,3.004427823729784,297.5772707812745
KOH,B1,123.0,0.50579587690458,0.014693555723255258,0.47951056743833487,0.5871748743116262,True,3.004427823729784,297.5772707812745
KOH,B1,123.5,0.5047536164467514,0.014793539756863261,0.4804528438615563,0.5892243204111975,True,3.004427823729784,297.5772707812745
KOH,B1,124.0,0.5036971689373893,0.014894634468798351,0.4814081966565409,0.5912687024061501,True,3.004427823729784,297.5772707812745
KOH,B1,124.5,0.502626718033361,0.014996848648807237,0.482376433379339,0.593308010100175,True,3.004427823729784,297.5772707812745
KOH,B1,125.0,0.5015424461712881,0.015100191192662926,0.48335736269500273,0.5953422332674242,True,3.004427823729784,297.5772707812745
KOH,B1,125.5,0.5004445345822006,0.015204671104607215,0.48435079437081363,0.5973713616490195,True,3.004427823729784,297.5772707812745
KOH,B1,126.0,0.4993331632977549,0.01531029749501922,0.48535653926284894,0.599395384949811,True,3.004427823729784,297.5772707812745
KOH,B1,126.5,0.49820851116333387,0.015417079584412186,0.48637440930654474,0.6014142928353846,True,3.004427823729784,297.5772707812745
KOH,B1,127.0,0.49707075584537463,0.01552502670121303,0.48740421750526064,0.6034280749293092,True,3.004427823729784,297.5772707812745
KOH,B1,127.5,0.4959200738458014,0.015634148282983595,0.488445777921509,0.6054367208106217,True,3.004427823729784,297.5772707812745
KOH,B1,128.0,0.49475664050768753,0.015744453877641895,0.48949890566230003,0.6074402200115423,True,3.004427823729784,297.5772707812745
KOH,B1,128.5,0.49358063003068775,0.015855953144239265,0.4905634168710371,0.6094385620154171,True,3.004427823729784,297.5772707812745
KOH,B1,129.0,0.49239221547792145,0.015968655850961966,0.4916391287150823,0.6114317362548792,True,3.004427823729784,297.5772707812745
KOH,B1,129.5,0.4911915687894064,0.01608257187846185,0.49272585937443214,0.6134197321102282,True,3.004427823729784,297.5772707812745
KOH,B1,130.0,0.48997886079038544,0.01619771121896818,0.49382342802983814,0.6154025389080197,True,3.004427823729784,297.5772707812745
KOH,B1,130.5,0.48875426120609244,0.016314083977508886,0.4949316548538141,0.6173801459198591,True,3.004427823729784,297.5772707812745
KOH,B1,131.0,0.4875179386667483,0.016431700371688507,0.496050360996092,0.6193525423614005,True,3.004427823729784,297.5772707812745
KOH,B1,131.5,0.4862700607251025,0.016550570732909442,0.4971793685749626,0.621319717391537,True,3.004427823729784,297.5772707812745
KOH,B1,132.0,0.4850107938609849,0.016670705506371952,0.49831850066250905,0.6232816601117869,True,3.004427823729784,297.5772707812745
KOH,B1,132.5,0.4837403034970711,0.01679211525207336,0.49946758127872304,0.6252383595658637,True,3.004427823729784,297.5772707812745
KOH,B1,133.0,0.4824587540070979,0.016914810645363154,0.500626435373186,0.6271898047394298,True,3.004427823729784,297.5772707812745
KOH,B1,133.5,0.4811663087266327,0.017038802476609938,0.501794888820184,0.6291359845600272,True,3.004427823729784,297.5772707812745
KOH,B1,134.0,0.4798631299648415,0.017164101653199815,0.5029727684020546,0.6310768878971813,True,3.004427823729784,297.5772707812745
KOH,B1,134.5,0.47854937901503636,0.017290719199536397,0.5041599018035248,0.6330125035626736,True,3.004427823729784,297.5772707812745
KOH,B1,135.0,0.47722521616400115,0.017418666256707738,0.5053561175948351,0.6349428203109779,True,3.004427823729784,297.5772707812745
KOH,B1,135.5,0.47589080070353784,0.01754795408448473,0.5065612452246349,0.6368678268398561,True,3.004427823729784,297.5772707812745
KOH,B1,136.0,0.47454629094112466,0.01767859406143213,0.5077751150076582,0.6387875117911108,True,3.004427823729784,297.5772707812745
KOH,B1,136.5,0.47319184420946403,0.01781059768457549,0.5089975581135109,0.6407018637514866,True,3.004427823729784,297.5772707812745
KOH,B1,137.0,0.4718276168772517,0.017943976571177522,0.5102284065563456,0.6426108712537197,True,3.004427823729784,297.5772707812745
KOH,B1,137.5,0.47045376435905784,0.018078742458738084,0.5114674931842034,0.6445145227777308,True,3.004427823729784,297.5772707812745
KOH,B1,138.0,0.4690704411252078,0.01821490720599339,0.5127146516671344,0.646412806751954,True,3.004427823729784,297.5772707812745
KOH,B1,138.5,0.4676778007119964,0.018352482794359304,0.5139697164897594,0.6483057115548031,True,3.004427823729784,297.5772707812745
KOH,B1,139.0,0.4662759957312357,0.018491481324933723,0.5152325229369481,0.6501932255162661,True,3.004427823729784,297.5772707812745
KOH,B1,139.5,0.4648651778794699,0.018631915024047707,0.5165029070866023,0.652075336919627,True,3.004427823729784,297.5772707812745
KOH,B1,140.0,0.4634454979485225,0.018773796240156848,0.517780705798554,0.6539520340033091,True,3.004427823729784,297.5772707812745
KOH,B1,140.5,0.46201710583337885,0.01891713744717194,0.5190657567035739,0.6558233049628386,True,3.004427823729784,297.5772707812745
KOH,B1,141.0,0.46058015054373236,0.01906195124179444,0.5203578981953783,0.6576891379529207,True,3.004427823729784,297.5772707812745
KOH,B1,141.5,0.45913478020986886,0.019208250347291234,0.5216569694203033,0.6595495210896287,True,3.004427823729784,297.5772707812745
KOH,B1,142.0,0.4576811420941018,0.019356047613605654,0.5229628102673134,0.6614044424526979,True,3.004427823729784,297.5772707812745
KOH,B1,142.5,0.45621938259776673,0.019505356015803166,0.5242752613582313,0.6632538900879253,True,3.004427823729784,297.5772707812745
KOH,B1,143.0,0.45474964727132416,0.01965618865695795,0.5255941640404105,0.6650978520096671,True,3.004427823729784,297.5772707812745
KOH,B1,143.5,0.4532720808215762,0.01980855876826393,0.5269193603757438,0.6669363162034333,True,3.004427823729784,297.5772707812745
KOH,B1,144.0,0.45178682711988216,0.019962479708590664,0.5282506931333364,0.6687692706285744,True,3.004427823729784,297.5772707812745
KOH,B1,144.5,0.4502940292118174,0.020117964967480972,0.5295880057788471,0.6705967032210574,True,3.004427823729784,297.5772707812745
KOH,B1,145.0,0.44879382932294654,0.020275028162819453,0.5309311424694929,0.6724186018963275,True,3.004427823729784,297.5772707812745
KOH,B1,145.5,0.44728636886681716,0.020433683043830086,0.532279948041281,0.6742349545522508,True,3.004427823729784,297.5772707812745
KOH,B1,146.0,0.44577178845417453,0.020593943490299083,0.5336342680036799,0.6760457490721368,True,3.004427823729784,297.5772707812745
KOH,B1,146.5,0.44425022789840174,0.020755823514684302,0.5349939485318478,0.6778509733278356,True,3.004427823729784,297.5772707812745
KOH,B1,147.0,0.44272182622329126,0.020919337261116056,0.5363588364568628,0.6796506151829071,True,3.004427823729784,297.5772707812745
KOH,B1,147.5,0.4411867216707055,0.021084499006951418,0.5377287792599494,0.6814446624958591,True,3.004427823729784,297.5772707812745
KOH,B1,148.0,0.4396450517057948,0.02125132316344036,0.5391036250650405,0.6832331031234505,True,3.004427823729784,297.5772707812745
KOH,B1,148.5,0.4380969530245471,0.02141982427661393,0.5404832226294509,0.685015924924057,True,3.004427823729784,297.5772707812745
KOH,B1,149.0,0.436542561560338,0.021590017026618114,0.5418674213399921,0.6867931157610957,True,3.004427823729784,297.5772707812745
KOH,B1,149.5,0.43498201249025925,0.021761916229934286,0.543256071203202,0.6885646635065057,True,3.004427823729784,297.5772707812745
KOH,B1,150.0,0.43341544023900447,0.0219355368398233,0.5446490228404599,0.690330556044282,True,3.004427823729784,297.5772707812745
KOH,B1,150.5,0.4318429784874178,0.022110893946325483,0.5460461274822137,0.6920907812740577,True,3.004427823729784,297.5772707812745
KOH,B1,151.0,0.4302647601767129,0.022288002776149618,0.5474472369590977,0.6938453271147359,True,3.004427823729784,297.5772707812745
KOH,B1,151.5,0.42868091751413484,0.022466878696114634,0.548852203698158,0.6955941815081619,True,3.004427823729784,297.5772707812745
KOH,B1,152.0,0.4270915819771792,0.022647537210707114,0.5502608807160803,0.6973373324228395,True,3.004427823729784,297.5772707812745
KOH,B1,152.5,0.4254968843204754,0.022829993964967876,0.5516731216145265,0.6990747678576831,True,3.004427823729784,297.5772707812745
KOH,B1,153.0,0.4238969545794502,0.023014264744047885,0.553088780572808,0.7008064758458068,True,3.004427823729784,297.5772707812745
KOH,B1,153.5,0.4222919220741028,0.023200365473763362,0.554507712344332,0.7025324444583441,True,3.004427823729784,297.5772707812745
KOH,B1,154.0,0.420681915415555,0.023388312222039076,0.5559297722509404,0.7042526618082987,True,3.004427823729784,297.5772707812745
KOH,B1,154.5,0.41906706250793846,0.023578121199019364,0.5573548161775799,0.7059671160544215,True,3.004427823729784,297.5772707812745
KOH,B1,155.0,0.4174474905542791,0.023769808757734268,0.5587827005688606,0.7076757954051123,True,3.004427823729784,297.5772707812745
KOH,B1,155.5,0.41582332605893946,0.02396339139454362,0.5602132824227279,0.7093786881223423,True,3.004427823729784,297.5772707812745
KOH,B1,156.0,0.41419469483261473,0.024158885751024428,0.561646419288464,0.7110757825255951,True,3.004427823729784,297.5772707812745
KOH,B1,156.5,0.41256172199466423,0.024356308612749622,0.5630819692611366,0.7127670669958269,True,3.004427823729784,297.5772707812745
KOH,B1,157.0,0.4109245319755539,0.02455567691161953,0.5645197909768251,0.7144525299794364,True,3.004427823729784,297.5772707812745
KOH,B1,157.5,0.40928324852373965,0.024757007725195734,0.5659597436109554,0.7161321599922489,True,3.004427823729784,297.5772707812745
KOH,B1,158.0,0.4076379947026698,0.024960318278477445,0.5674016868743026,0.7178059456235082,True,3.004427823729784,297.5772707812745
KOH,B1,158.5,0.40598889289955586,0.02516562594334637,0.5688454810086618,0.7194738755398746,True,3.004427823729784,297.5772707812745
KOH,B1,159.0,0.40433606482304096,0.025372948240343085,0.5702909867837391,0.721135938489428,True,3.004427823729784,297.5772707812745
KOH,B1,159.5,0.40267963150819597,0.02558230283933316,0.5717380654953752,0.7227921233056704,True,3.004427823729784,297.5772707812745
KOH,B1,160.0,0.4010197133178517,0.02579370755795285,0.5731865789625479,0.7244424189115306,True,3.004427823729784,297.5772707812745
KOH,B1,160.5,0.3993564299447083,0.026007180365938964,0.5746363895233753,0.726086814323363,True,3.004427823729784,297.5772707812745
KOH,B1,161.0,0.39768990041277874,0.026222739382575355,0.5760873600340055,0.7277252986549426,True,3.004427823729784,297.5772707812745
KOH,B1,161.5,0.39602024308071915,0.02644040287835825,0.5775393538660634,0.7293578611214541,True,3.004427823729784,297.5772707812745
KOH,B1,162.0,0.3943475756388315,0.02666018927643954,0.5789922349054288,0.7309844910434667,True,3.004427823729784,297.5772707812745
KOH,B1,162.5,0.3926720151161689,0.02688211715240474,0.5804458675480184,0.732605177850902,True,3.004427823729784,297.5772707812745
KOH,B1,163.0,0.3909936778778711,0.027106205234272984,0.5819001167000071,0.7342199110869849,True,3.004427823729784,297.5772707812745
KOH,B1,163.5,0.38931267962616367,0.0273324724048285,0.583354847776274,0.7358286804121795,True,3.004427823729784,297.5772707812745
KOH,B1,164.0,0.38762913540379973,0.027560937700732424,0.5848099266984041,0.7374314756081077,True,3.004427823729784,297.5772707812745
KOH,B1,164.5,0.38594315959084025,0.027791620313966092,0.586265219893467,0.7390282865814461,True,3.004427823729784,297.5772707812745
KOH,B1,165.0,0.38425486590909497,0.028024539591831044,0.5877205942925734,0.7406191033678018,True,3.004427823729784,297.5772707812745
KOH,B1,165.5,0.38256436741923583,0.028259715037837196,0.5891759173317634,0.7422039161355645,True,3.004427823729784,297.5772707812745
KOH,B1,166.0,0.3808717765230174,0.028497166312591027,0.5906310569488982,0.7437827151897322,True,3.004427823729784,297.5772707812745
KOH,B1,166.5,0.3791772049617226,0.02873691323335148,0.5920858815847696,0.7453554909757095,True,3.004427823729784,297.5772707812745
KOH,B1,167.0,0.3774807638171618,0.028978975776139393,0.5935402601821016,0.746922234083077,True,3.004427823729784,297.5772707812745
KOH,B1,167.5,0.3757825635115619,0.029223374074627273,0.5949940621843286,0.7484829352493279,True,3.004427823729784,297.5772707812745
KOH,B1,168.0,0.374082713805568,0.029470128422581787,0.596447157537483,0.7500375853635725,True,3.004427823729784,297.5772707812745
KOH,B1,168.5,0.3723813238004636,0.029719259272087406,0.5978994166887519,0.7515861754702089,True,3.004427823729784,297.5772707812745
KOH,B1,169.0,0.37067850193417407,0.029970787236099916,0.599350710586255,0.7531286967725557,True,3.004427823729784,297.5772707812745
KOH,B1,169.5,0.3689743559824876,0.030224733088335398,0.600800910680932,0.7546651406364467,True,3.004427823729784,297.5772707812745
KOH,B1,170.0,0.3672689930582784,0.03048111776349227,0.6022498889254324,0.756195498593788,True,3.004427823729784,297.5772707812745
KOH,B1,170.5,0.36556251960961905,0.030739962357806405,0.6036975177751147,0.7577197623460711,True,3.004427823729784,297.5772707812745
KOH,B1,171.0,0.3638550414186703,0.031001288129717253,0.6051436701890456,0.7592379237678464,True,3.004427823729784,297.5772707812745
KOH,B1,171.5,0.3621466636013482,0.031265116501089096,0.6065882196303329,0.7607499749101488,True,3.004427823729784,297.5772707812745
KOH,B1,172.0,0.3604374906045482,0.03153146905587878,0.6080310400674582,0.7622559080038815,True,3.004427823729784,297.5772707812745
KOH,B1,172.5,0.35872762620536847,0.031800367542800245,0.6094720059747205,0.7637557154631501,True,3.004427823729784,297.5772707812745
KOH,B1,173.0,0.35701717350977713,0.032071833874103284,0.6109109923340128,0.7652493898885493,True,3.004427823729784,297.5772707812745
KOH,B1,173.5,0.35530623495083624,0.03234589012701683,0.6123478746353772,0.7667369240703998,True,3.004427823729784,297.5772707812745
KOH,B1,174.0,0.35359491228614814,0.032622558543526914,0.6137825288786702,0.7682183109919345,True,3.004427823729784,297.5772707812745
KOH,B1,174.5,0.3518833065965232,0.032901861531930976,0.6152148315753392,0.7696935438324314,True,3.004427823729784,297.5772707812745
KOH,B1,175.0,0.3501715182839815,0.033183821664950486,0.6166446597498654,0.7711626159702941,True,3.004427823729784,297.5772707812745
KOH,B1,175.5,0.3484596470707535,0.03346846168339468,0.6180718909397642,0.7726255209860771,True,3.004427823729784,297.5772707812745
KOH,B1,176.0,0.34674779199384,0.033755804494162156,0.6194964032006922,0.7740822526654553,True,3.004427823729784,297.5772707812745
KOH,B1,176.5,0.3450360514072326,0.03404587317146213,0.6209180751054477,0.7755328050021367,True,3.004427823729784,297.5772707812745
KOH,B1,177.0,0.34332452297647365,0.03433869095670339,0.6223367857459694,0.7769771722007169,True,3.004427823729784,297.5772707812745
KOH,B1,177.5,0.34161330367699083,0.03463428125971557,0.623752414737333,0.7784153486794743,True,3.004427823729784,297.5772707812745
KOH,B1,178.0,0.3399024897926539,0.03493266765874914,0.6251648422177514,0.7798473290731065,True,3.004427823729784,297.5772707812745
KOH,B1,178.5,0.338192176912111,0.03523387390025334,0.6265739488521271,0.7812731082354044,True,3.004427823729784,297.5772707812745
KOH,B1,179.0,0.33648245992634607,0.035537923900430535,0.6279796158326079,0.7826926812418652,True,3.004427823729784,297.5772707812745
KOH,B1,179.5,0.33477343302701357,0.035844841744125944,0.62938172488336,0.7841060433922414,True,3.004427823729784,297.5772707812745
KOH,B1,180.0,0.33306518970310783,0.03615465168627097,0.6307801582602357,0.7855131902130285,True,3.004427823729784,297.5772707812745
KOH,B1,180.5,0.33135782273852055,0.036467378151328056,0.6321747987547699,0.786914117459886,True,3.004427823729784,297.5772707812745
KOH,B1,181.0,0.329651424208266,0.03678304573462299,0.6335655296966225,0.7883088211199939,True,3.004427823729784,297.5772707812745
KOH,B1,181.5,0.3279460854777039,0.03710167920167873,0.6349522349550218,0.789697297414345,True,3.004427823729784,297.5772707812745
KOH,B1,182.0,0.3262418971986536,0.037423303488437476,0.6363347989425394,0.7910795427999673,True,3.004427823729784,297.5772707812745
KOH,B1,182.5,0.3245389493058415,0.037747943702148845,0.6377131066166442,0.7924555539720817,True,3.004427823729784,297.5772707812745
KOH,B1,183.0,0.3228373310146804,0.03807562512125884,0.6390870434835882,0.7938253278661918,True,3.004427823729784,297.5772707812745
KOH,B1,183.5,0.3211371308192712,0.03840637319540985,0.6404564955999614,0.7951888616601038,True,3.004427823729784,297.5772707812745
KOH,B1,184.0,0.31943843648807313,0.03874021354643986,0.6418213495753555,0.796546152775878,True,3.004427823729784,297.5772707812745
KOH,B1,184.5,0.3177413350620162,0.03907717196671712,0.6431814925760282,0.7978971988817117,True,3.004427823729784,297.5772707812745
KOH,B1,185.0,0.3160459128507265,0.03941727442169363,0.6445368123273454,0.7992419978937514,True,3.004427823729784,297.5772707812745
KOH,B1,185.5,0.3143522554300837,0.039760547048239836,0.6458871971161129,0.8005805479778337,True,3.004427823729784,297.5772707812745
KOH,B1,186.0,0.31266044764033385,0.04010701615519974,0.6472325357942399,0.801912847551158,True,3.004427823729784,297.5772707812745
KOH,B1,186.5,0.31097057358020486,0.04045670822427905,0.6485727177800715,0.8032388952838844,True,3.004427823729784,297.5772707812745
KOH,B1,187.0,0.3092827166075729,0.04080964990871294,0.6499076330632736,0.8045586901006643,True,3.004427823729784,297.5772707812745
KOH,B1,187.5,0.3075969593335781,0.04116586803459832,0.651237172206498,0.8058722311820957,True,3.004427823729784,297.5772707812745
KOH,B1,188.0,0.3059133836218475,0.0415253895998946,0.6525612263482694,0.8071795179661088,True,3.004427823729784,297.5772707812745
KOH,B1,188.5,0.30423207058394297,0.041888241775089874,0.6538796872057606,0.8084805501492769,True,3.004427823729784,297.5772707812745
KOH,B1,189.0,0.3025531005780291,0.04225445190342292,0.6551924470783455,0.8097753276880596,True,3.004427823729784,297.5772707812745
KOH,B1,189.5,0.30087655320465423,0.042624047499995044,0.6564993988504852,0.8110638507999671,True,3.004427823729784,297.5772707812745
KOH,B1,190.0,0.29920250730408604,0.04299705625210315,0.6578004359938383,0.8123461199646574,True,3.004427823729784,297.5772707812745
KOH,B1,190.5,0.2975310409556453,0.04337350601923973,0.6590954525700354,0.8136221359249569,True,3.004427823729784,297.5772707812745
KOH,B1,191.0,0.2958622314714887,0.04375342483320388,0.6603843432353429,0.8148918996878118,True,3.004427823729784,297.5772707812745
KOH,B1,191.5,0.2941961553966088,0.04413684089721315,0.6616670032411065,0.8161554125251625,True,3.004427823729784,297.5772707812745
KOH,B1,192.0,0.2925328885048373,0.04452378258701373,0.6629433284384145,0.8174126759747502,True,3.004427823729784,297.5772707812745
KOH,B1,192.5,0.2908725057961803,0.04491427844866003,0.6642132152805402,0.8186636918408445,True,3.004427823729784,297.5772707812745
KOH,B1,193.0,0.28921508149504227,0.04530835720095716,0.6654765608244961,0.8199084621949064,True,3.004427823729784,297.5772707812745
KOH,B1,193.5,0.2875606890473392,0.045706047733240496,0.6667332627350309,0.8211469893761709,True,3.004427823729784,297.5772707812745
KOH,B1,194.0,0.2859094011171681,0.04610737910493157,0.6679832192881818,0.8223792759921624,True,3.004427823729784,297.5772707812745
KOH,B1,194.5,0.2842612895861407,0.046512380547314436,0.6692263293723855,0.8236053249191363,True,3.004427823729784,297.5772707812745
KOH,B1,195.0,0.28261642554849864,0.046921081461093195,0.6704624924911418,0.8248251393024492,True,3.004427823729784,297.5772707812745
KOH,B1,195.5,0.28097487931133536,0.04733351141728015,0.6716916087672331,0.8260387225568556,True,3.004427823729784,297.5772707812745
KOH,B1,196.0,0.27933672039082147,0.04774970015586355,0.6729135789445007,0.8272460783667356,True,3.004427823729784,297.5772707812745
KOH,B1,196.5,0.27770201750998424,0.048169677586473725,0.6741283043893986,0.8284472106862513,True,3.004427823729784,297.5772707812745
KOH,B1,197.0,0.2760708385980415,0.048593473787272856,0.6753356870958793,0.8296421237394297,True,3.004427823729784,297.5772707812745
KOH,B1,197.5,0.2744432507857386,0.04902111900495498,0.6765356296860592,0.8308308220201789,True,3.004427823729784,297.5772707812745
KOH,B1,198.0,0.27281932040601475,0.0494526436527476,0.6777280354131054,0.8320133102922318,True,3.004427823729784,297.5772707812745
KOH,B1,198.5,0.2711991129906721,0.049888078312188,0.6789128081636786,0.8331895935890218,True,3.004427823729784,297.5772707812745
KOH,B1,199.0,0.2695826932690437,0.050327453731568994,0.6800898524612631,0.8343596772134875,True,3.004427823729784,297.5772707812745
KOH,B1,199.5,0.2679701251657729,0.05077080082416252,0.6812590734672774,0.8355235667378105,True,3.004427823729784,297.5772707812745
KOH,B1,200.0,0.2663614717994811,0.05121815066932989,0.6824203769832948,0.8366812680030854,True,3.004427823729784,297.5772707812745
KOH,B1,200.5,0.2647567954814356,0.05166953451074541,0.6835736694554839,0.83783278711892,True,3.004427823729784,297.5772707812745
KOH,B1,201.0,0.26315615771355105,0.05212498375617436,0.6847188579730545,0.8389781304629695,True,3.004427823729784,297.5772707812745
KOH,B1,201.5,0.2615596191870573,0.05258452997791707,0.6858558502733647,0.8401173046804062,True,3.004427823729784,297.5772707812745
KOH,B1,202.0,0.25996723978161107,0.053048204907923946,0.6869845547439191,0.8412503166833198,True,3.004427823729784,297.5772707812745
KOH,B1,202.5,0.25837907856374187,0.053516040442680435,0.6881048804221468,0.8423771736500558,True,3.004427823729784,297.5772707812745
KOH,B1,203.0,0.25679519378618565,0.05398806863810002,0.6892167369996205,0.8434978830244865,True,3.004427823729784,297.5772707812745
KOH,B1,203.5,0.2552156428858865,0.05446432170996829,0.6903200348236105,0.8446124525152202,True,3.004427823729784,297.5772707812745
KOH,B1,204.0,0.2536404824844407,0.054944832033276825,0.6914146848970848,0.8457208900947465,True,3.004427823729784,297.5772707812745
KOH,B1,204.5,0.2520697683856543,0.05542963214155705,0.6925005988833721,0.8468232039985178,True,3.004427823729784,297.5772707812745
KOH,B1,205.0,0.2505035555762092,0.05591875472465979,0.6935776891050516,0.8479194027239729,True,3.004427823729784,297.5772707812745
KOH,B1,205.5,0.24894189822455282,0.05641223262853323,0.6946458685479495,0.8490094950294936,True,3.004427823729784,297.5772707812745
KOH,B1,206.0,0.24738484968045427,0.05691009885411269,0.6957050508618057,0.8500934899333068,True,3.004427823729784,297.5772707812745
KOH,B1,206.5,0.24583246247478208,0.05741238655621039,0.6967551503607172,0.8511713967123244,True,3.004427823729784,297.5772707812745
KOH,B1,207.0,0.24428478831817202,0.05791912904196117,0.6977960820271356,0.8522432249009244,True,3.004427823729784,297.5772707812745
KOH,B1,207.5,0.24274187810213732,0.058430359770156315,0.6988277615105343,0.8533089842896755,True,3.004427823729784,297.5772707812745
KOH,B1,208.0,0.24120378189906866,0.058946112348801094,0.6998501051302952,0.8543686849240038,True,3.004427823729784,297.5772707812745
KOH,B1,208.5,0.23967054896067985,0.059466420535336795,0.7008630298774854,0.8554223371028041,True,3.004427823729784,297.5772707812745
KOH,B1,209.0,0.23814222772000626,0.059991318234864366,0.7018664534137464,0.8564699513769954,True,3.004427823729784,297.5772707812745
KOH,B1,209.5,0.2366188657905166,0.06052083949792397,0.7028602940761797,0.8575115385480233,True,3.004427823729784,297.5772707812745
KOH,B1,210.0,0.23510050996633503,0.06105501851960682,0.7038444708742375,0.8585471096663067,True,3.004427823729784,297.5772707812745
KOH,B1,210.5,0.2335872062244615,0.06159388963755674,0.7048189034939423,0.8595766760296346,True,3.004427823729784,297.5772707812745
KOH,B1,211.0,0.23207899972277346,0.06213748733197022,0.7057835122963318,0.8606002491815111,True,3.004427823729784,297.5772707812745
KOH,B1,211.5,0.2305759348040226,0.0626858462218216,0.7067382183216786,0.8616178409094476,True,3.004427823729784,297.5772707812745
KOH,B1,212.0,0.22907805499228218,0.06323900106464109,0.7076829432857146,0.8626294632432078,True,3.004427823729784,297.5772707812745
KOH,B1,212.5,0.22758540299783192,0.06379698675496037,0.7086176095856267,0.863635128453004,True,3.004427823729784,297.5772707812745
KOH,B1,213.0,0.22609802071693608,0.06435983832120407,0.70954214029606,0.864634849047644,True,3.004427823729784,297.5772707812745
KOH,B1,213.5,0.22461594923273154,0.0649275909243574,0.7104564591726703,0.8656286377726323,True,3.004427823729784,297.5772707812745
KOH,B1,214.0,0.2231392288154499,0.0655002798577442,0.7113604906521243,0.8666165076082272,True,3.004427823729784,297.5772707812745
KOH,B1,214.5,0.2216678989270804,0.06607794054280802,0.7122541598514331,0.8675984717674515,True,3.004427823729784,297.5772707812745
KOH,B1,215.0,0.22020199821959352,0.06666060852822397,0.7131373925695073,0.8685745436940603,True,3.004427823729784,297.5772707812745
KOH,B1,215.5,0.21874156453782767,0.06724831948790033,0.7140101152871559,0.8695447370604648,True,3.004427823729784,297.5772707812745
KOH,B1,216.0,0.21728663492193157,0.06784110921809194,0.7148722551684195,0.8705090657656179,True,3.004427823729784,297.5772707812745
KOH,B1,216.5,0.21583724560869655,0.0684390136367341,0.7157237400594596,0.8714675439328564,True,3.004427823729784,297.5772707812745
KOH,B1,217.0,0.21439343203222272,0.06904206877966779,0.7165644984881148,0.8724201859077052,True,3.004427823729784,297.5772707812745
KOH,B1,217.5,0.2129552288288039,0.06965031080019557,0.717394459667231,0.8733670062556425,True,3.004427823729784,297.5772707812745
KOH,B1,218.0,0.21152266983714973,0.0702637759635305,0.7182135534915535,0.8743080197598282,True,3.004427823729784,297.5772707812745
KOH,B1,218.5,0.21009578810105012,0.07088250064835044,0.7190217105388363,0.8752432414187954,True,3.004427823729784,297.5772707812745
KOH,B1,219.0,0.20867461587159575,0.071506521341691,0.7198188620705093,0.8761726864441095,True,3.004427823729784,297.5772707812745
KOH,B1,219.5,0.20725918461117487,0.07213587463739124,0.7206049400316772,0.8770963702579871,True,3.004427823729784,297.5772707812745
KOH,B1,220.0,0.20584952499480558,0.07277059723298507,0.7213798770482338,0.87801430849089,True,3.004427823729784,297.5772707812745
KOH,B1,220.5,0.2044456669128003,0.07341072592748077,0.7221436064315245,0.8789265169790799,True,3.004427823729784,297.5772707812745
KOH,B1,221.0,0.20304763947454063,0.07405629761914057,0.7228960621739056,0.8798330117621478,True,3.004427823729784,297.5772707812745
KOH,B1,221.5,0.20165547101136383,0.07470734930103973,0.7236371789511864,0.8807338090805092,True,3.004427823729784,297.5772707812745
KOH,B1,222.0,0.20026918907900537,0.07536391806084453,0.7243668921201873,0.8816289253728752,True,3.004427823729784,297.5772707812745
KOH,B1,222.5,0.19888882046137368,0.07602604107459499,0.7250851377200718,0.8825183772736909,True,3.004427823729784,297.5772707812745
KOH,B1,223.0,0.19751439117410285,0.0766937556062608,0.7257918524721241,0.8834021816105523,True,3.004427823729784,297.5772707812745
KOH,B1,223.5,0.19614592646655105,0.07736709900396654,0.7264869737773072,0.8842803554015936,True,3.004427823729784,297.5772707812745
KOH,B1,224.0,0.19478345082846182,0.07804610869710515,0.7271704397189271,0.8851529158528523,True,3.004427823729784,297.5772707812745
KOH,B1,224.5,0.19342698799040825,0.07873082219211902,0.7278421890581921,0.8860198803556111,True,3.004427823729784,297.5772707812745
KOH,B1,225.0,0.19207656092867786,0.07942127707005753,0.7285021612382092,0.8868812664837158,True,3.004427823729784,297.5772707812745
KOH,B1,225.5,0.19073219186926949,0.08011751098413455,0.7291502963797658,0.8877370919908745,True,3.004427823729784,297.5772707812745
KOH,B1,226.0,0.18939390229255615,0.08081956165373327,0.7297865352828836,0.8885873748079344,True,3.004427823729784,297.5772707812745
KOH,B1,226.5,0.18806171293661578,0.08152746686396206,0.7304108194250425,0.8894321330401403,True,3.004427823729784,297.5772707812745
KOH,B1,227.0,0.1867356437998957,0.08224126445965929,0.7310230909620685,0.8902713849643757,True,3.004427823729784,297.5772707812745
KOH,B1,227.5,0.18541571414920632,0.08296099234383902,0.7316232927256916,0.8911051490263866,True,3.004427823729784,297.5772707812745
KOH,B1,228.0,0.18410194251994305,0.08368668847125171,0.7322113682235454,0.8919334438379878,True,3.004427823729784,297.5772707812745
KOH,B1,228.5,0.18279434672341388,0.08441839084771807,0.7327872616398334,0.8927562881742573,True,3.004427823729784,297.5772707812745
KOH,B1,229.0,0.18149294385039205,0.08515613752368978,0.7333509178331088,0.8935737009707132,True,3.004427823729784,297.5772707812745
KOH,B1,229.5,0.18019775027511287,0.08589996659313925,0.7339022823356078,0.8943857013204809,True,3.004427823729784,297.5772707812745
KOH,B1,230.0,0.1789087816612689,0.08664991618534401,0.7344413013532503,0.8951923084714469,True,3.004427823729784,297.5772707812745
KOH,B1,230.5,0.1776260529662288,0.08740602446555279,0.734967921765417,0.895993541823401,True,3.004427823729784,297.5772707812745
KOH,B1,231.0,0.17634957844436805,0.08816832962699195,0.7354820911220639,0.8967894209251698,True,3.004427823729784,297.5772707812745
KOH,B1,231.5,0.1750793716546184,0.08893686988864502,0.7359837576461636,0.8975799654717416,True,3.004427823729784,297.5772707812745
KOH,B1,232.0,0.17381544546535288,0.08971168349058978,0.7364728702301537,0.8983651953013815,True,3.004427823729784,297.5772707812745
KOH,B1,232.5,0.17255781205660625,0.09049280868911325,0.7369493784370462,0.8991451303927415,True,3.004427823729784,297.5772707812745
KOH,B1,233.0,0.1713064829280686,0.09128028375249286,0.7374132324988736,0.8999197908619628,True,3.004427823729784,297.5772707812745
KOH,B1,233.5,0.1700614689033042,0.09207414695611149,0.7378643833160226,0.900689196959775,True,3.004427823729784,297.5772707812745
KOH,B1,234.0,0.16882278013596874,0.0928744365793488,0.7383027824572341,0.9014533690685888,True,3.004427823729784,297.5772707812745
KOH,B1,234.5,0.16759042611291797,0.09368119089758764,0.7387283821584933,0.9022123276995867,True,3.004427823729784,297.5772707812745
KOH,B1,235.0,0.16636441566286742,0.09449444818110386,0.739141135321697,0.9029660934898135,True,3.004427823729784,297.5772707812745
KOH,B1,235.5,0.16514475695994513,0.09531424668662858,0.739540995515986,0.9037146871992601,True,3.004427823729784,297.5772707812745
KOH,B1,236.0,0.16393145752857663,0.09614062465557183,0.7399279169746364,0.9044581297079501,True,3.004427823729784,297.5772707812745
KOH,B1,236.5,0.16272452425236672,0.09697362030713919,0.7403018545963924,0.9051964420130293,True,3.004427823729784,297.5772707812745
KOH,B1,237.0,0.16152396337609787,0.09781327183233657,0.7406627639439112,0.9059296452258503,True,3.004427823729784,297.5772707812745
KOH,B1,237.5,0.16032978051438995,0.09865961739108364,0.7410106012439854,0.9066577605690628,True,3.004427823729784,297.5772707812745
KOH,B1,238.0,0.15914198065525298,0.0995126951051084,0.741345323385767,0.907380809373708,True,3.004427823729784,297.5772707812745
KOH,B1,238.5,0.1579605681676366,0.10037254305261811,0.741666887922543,0.9080988130763122,True,3.004427823729784,297.5772707812745
KOH,B1,239.0,0.1567855468074253,0.10123919926341429,0.7419752530684054,0.9088117932159903,True,3.004427823729784,297.5772707812745
KOH,B1,239.5,0.15561691972276748,0.10211270171334164,0.7422703777004713,0.9095197714315488,True,3.004427823729784,297.5772707812745
KOH,B1,240.0,0.1544546894596266,0.10299308831718257,0.7425522213566627,0.9102227694586009,True,3.004427823729784,297.5772707812745
KOH,B1,240.5,0.15329885796910858,0.10388039692421636,0.7428207442370383,0.9109208091266823,True,3.004427823729784,297.5772707812745
KOH,B1,241.0,0.152149426613013,0.10477466531289004,0.7430759072013515,0.9116139123563806,True,3.004427823729784,297.5772707812745
KOH,B1,241.5,0.15100639617027234,0.10567593118260277,0.7433176717712708,0.9123021011564683,True,3.004427823729784,297.5772707812745
KOH,B1,242.0,0.14986976684272513,0.10658423214970902,0.7435460001286032,0.9129853976210465,True,3.004427823729784,297.5772707812745
KOH,B1,242.5,0.14873953826222142,0.10749960574019113,0.7437608551155162,0.9136638239266992,True,3.004427823729784,297.5772707812745
KOH,B1,243.0,0.14761570949572977,0.10842208938388609,0.7439622002352042,0.9143374023296584,True,3.004427823729784,297.5772707812745
KOH,B1,243.5,0.14649827905355295,0.10935172040826835,0.7441499996503342,0.9150061551629758,True,3.004427823729784,297.5772707812745
KOH,B1,244.0,0.14538724489243648,0.11028853603134436,0.744324218184822,0.9156701048337139,True,3.004427823729784,297.5772707812745
KOH,B1,244.5,0.1442826044273371,0.11123257335632353,0.7444848213222777,0.9163292738201421,True,3.004427823729784,297.5772707812745
KOH,B1,245.0,0.14318435453186673,0.11218386936362457,0.7446317752077825,0.916983684668952,True,3.004427823729784,297.5772707812745
KOH,B1,245.5,0.14209249154828463,0.11314246090443625,0.7447650466472222,0.9176333599924811,True,3.004427823729784,297.5772707812745
KOH,B1,246.0,0.1410070112941586,0.11410838469516627,0.7448846031077316,0.9182783224659545,True,3.004427823729784,297.5772707812745
KOH,B1,246.5,0.13992790906680597,0.11508167730922558,0.7449904127181384,0.9189185948247425,True,3.004427823729784,297.5772707812745
KOH,B1,247.0,0.13885517965239735,0.11606237517014506,0.7450824442687409,0.9195541998616271,True,3.004427823729784,297.5772707812745
KOH,B1,247.5,0.13778881732995352,0.11705051454558024,0.745160667212863,0.9201851604240938,True,3.004427823729784,297.5772707812745
KOH,B1,248.0,0.13672881587933894,0.11804613153931776,0.7452250516677417,0.9208114994116317,True,3.004427823729784,297.5772707812745
KOH,B1,248.5,0.1356751685881452,0.11904926208239353,0.7452755684123069,0.9214332397730571,True,3.004427823729784,297.5772707812745
KOH,B1,249.0,0.1346278682574642,0.1200599419302062,0.7453121888925107,0.9220504045038503,True,3.004427823729784,297.5772707812745
KOH,B1,249.5,0.13358690720877142,0.12107820665052671,0.7453348852182184,0.9226630166435135,True,3.004427823729784,297.5772707812745
KOH,B1,250.0,0.13255227729058738,0.12210409161839131,0.7453436301660954,0.923271099272945,True,3.004427823729784,297.5772707812745
KOH,B1,250.5,0.1315239698860271,0.12313763200699768,0.7453383971791627,0.9238746755118362,True,3.004427823729784,297.5772707812745
KOH,B1,251.0,0.13050197591701895,0.12417886278259793,0.7453191603699061,0.9244737685160823,True,3.004427823729784,297.5772707812745
KOH,B1,251.5,0.12948628585363053,0.12522781869317434,0.7452858945193874,0.92506840147522,True,3.004427823729784,297.5772707812745
KOH,B1,252.0,0.12847688971984184,0.12628453426399844,0.7452385750801316,0.9256585976098808,True,3.004427823729784,297.5772707812745
KOH,B1,252.5,0.12747377709865226,0.12734904378697287,0.7451771781759042,0.9262443801692662,True,3.004427823729784,297.5772707812745
KOH,B1,253.0,0.12647693714074038,0.12842138131419212,0.7451016806037103,0.9268257724286459,True,3.004427823729784,297.5772707812745
KOH,B1,253.5,0.12548635857134727,0.12950158064883865,0.7450120598362364,0.927402797686876,True,3.004427823729784,297.5772707812745
KOH,B1,254.0,0.1245020296933852,0.13058967533785548,0.744908294022073,0.9279754792639399,True,3.004427823729784,297.5772707812745
KOH,B1,254.5,0.12352393839987208,0.13168569866306434,0.7447903619879348,0.9285438404985114,True,3.004427823729784,297.5772707812745
KOH,B1,255.0,0.12255207217481967,0.13278968363317212,0.744658243240659,0.9291079047455405,True,3.004427823729784,297.5772707812745
KOH,B1,255.5,0.12158641810300352,0.13390166297444495,0.7445119179687598,0.9296676953738648,True,3.004427823729784,297.5772707812745
KOH,B1,256.0,0.12062696287640229,0.13502166912338076,0.7443513670439827,0.9302232357638383,True,3.004427823729784,297.5772707812745
KOH,B1,256.5,0.11967369279930473,0.13614973421693932,0.7441765720246352,0.9307745493049903,True,3.004427823729784,297.5772707812745
KOH,B1,257.0,0.11872659379763562,0.13728589008521475,0.7439875151558084,0.9313216593937071,True,3.004427823729784,297.5772707812745
KOH,B1,257.5,0.11778565142184227,0.13843016824011123,0.7437841793740407,0.9318645894309324,True,3.004427823729784,297.5772707812745
KOH,B1,258.0,0.11685085085622049,0.13958259987045807,0.7435665483073173,0.9324033628199019,True,3.004427823729784,297.5772707812745
KOH,B1,258.5,0.1159221769244656,0.1407432158282429,0.7433346062781787,0.932938002963892,True,3.004427823729784,297.5772707812745
KOH,B1,259.0,0.11499961409611181,0.14191204662483692,0.7430883383079401,0.9334685332640038,True,3.004427823729784,297.5772707812745
KOH,B1,259.5,0.11408314649341555,0.14308912241678406,0.7428277301162467,0.9339949771169642,True,3.004427823729784,297.5772707812745
KOH,B1,260.0,0.11317275789690662,0.14427447300002783,0.7425527681272914,0.9345173579129582,True,3.004427823729784,297.5772707812745
KOH,B1,260.5,0.11226843175293766,0.1454681278001413,0.7422634394687044,0.935035699033482,True,3.004427823729784,297.5772707812745
KOH,B1,261.0,0.11137015118034554,0.14667011586100287,0.7419597319782145,0.9355500238492281,True,3.004427823729784,297.5772707812745
KOH,B1,261.5,0.11047789897444815,0.14788046583902315,0.7416416342040932,0.9360603557179894,True,3.004427823729784,297.5772707812745
KOH,B1,262.0,0.10959165761570411,0.14909920599026627,0.7413091354093737,0.9365667179825944,True,3.004427823729784,297.5772707812745
KOH,B1,262.5,0.10871140927615208,0.15032636416267842,0.740962225573849,0.9370691339688686,True,3.004427823729784,297.5772707812745
KOH,B1,263.0,0.10783713582340759,0.1515619677863178,0.7406008954007337,0.9375676269836185,True,3.004427823729784,297.5772707812745
KOH,B1,263.5,0.10696881882976683,0.15280604386336272,0.7402251363153312,0.9380622203126477,True,3.004427823729784,297.5772707812745
KOH,B1,264.0,0.10610643957664756,0.15405861895900763,0.7398349404705851,0.9385529372187952,True,3.004427823729784,297.5772707812745
KOH,B1,264.5,0.10524997906058431,0.15531971919058307,0.7394303007526304,0.9390398009400026,True,3.004427823729784,297.5772707812745
KOH,B1,265.0,0.1043994180007779,0.15658937021978403,0.7390112107814595,0.9395228346874084,True,3.004427823729784,297.5772707812745
KOH,B1,265.5,0.10355473684331429,0.15786759724023547,0.7385776649160292,0.9400020616434686,True,3.004427823729784,297.5772707812745
KOH,B1,266.0,0.10271591576960226,0.1591544249703869,0.7381296582575914,0.9404775049601048,True,3.004427823729784,297.5772707812745
KOH,B1,266.5,0.10188293470081433,0.1604498776406338,0.737667186654356,0.9409491877568787,True,3.004427823729784,297.5772707812745
KOH,B1,267.0,0.1010557733032158,0.161753978985546,0.737190246705266,0.9414171331191951,True,3.004427823729784,297.5772707812745
KOH,B1,267.5,0.10023441099638042,0.1630667522329876,0.7366988357624393,0.941881364096531,True,3.004427823729784,297.5772707812745
KOH,B1,268.0,0.09941882695652104,0.1643882200941249,0.7361929519387189,0.9423419037006925,True,3.004427823729784,297.5772707812745
KOH,B1,268.5,0.09860900012514939,0.1657184047532123,0.7356725941090048,0.9427987749040986,True,3.004427823729784,297.5772707812745
KOH,B1,269.0,0.0978049092124067,0.16705732785737837,0.735137761915583,0.9432520006380936,True,3.004427823729784,297.5772707812745
KOH,B1,269.5,0.09700653270439119,0.16840501050685575,0.7345884557721227,0.9437016037912842,True,3.004427823729784,297.5772707812745
KOH,B1,270.0,0.09621384886759898,0.16976147324454516,0.7340246768696712,0.9441476072079057,True,3.004427823729784,297.5772707812745
KOH,B1,270.5,0.0954268357560295,0.17112673604513517,0.7334464271788743,0.9445900336862176,True,3.004427823729784,297.5772707812745
KOH,B1,271.0,0.09464547121562639,0.17250081830488817,0.732853709457304,0.9450289059769199,True,3.004427823729784,297.5772707812745
KOH,B1,271.5,0.09386973289116085,0.1738837388340908,0.7322465272507905,0.9454642467816041,True,3.004427823729784,297.5772707812745
KOH,B1,272.0,0.09309959823045055,0.17527551584173295,0.7316248849020823,0.9458960787512264,True,3.004427823729784,297.5772707812745
KOH,B1,272.5,0.09233504449057683,0.17667616692929045,0.7309887875528442,0.9463244244846097,True,3.004427823729784,297.5772707812745
KOH,B1,273.0,0.09157604874365788,0.17808570907829058,0.7303382411489867,0.9467493065269736,True,3.004427823729784,297.5772707812745
KOH,B1,273.5,0.09082258788040143,0.17950415864209646,0.7296732524466609,0.9471707473684882,True,3.004427823729784,297.5772707812745
KOH,B1,274.0,0.09007463861876452,0.1809315313314741,0.7289938290171438,0.9475887694428587,True,3.004427823729784,297.5772707812745
KOH,B1,274.5,0.08933217750617395,0.1823678422092634,0.7282999792501688,0.9480033951259347,True,3.004427823729784,297.5772707812745
KOH,B1,275.0,0.08859518092596552,0.18381310567572307,0.7275917123621412,0.9484146467343454,True,3.004427823729784,297.5772707812745
KOH,B1,275.5,0.08786362510271317,0.1852673354609813,0.726869038398581,0.9488225465241639,True,3.004427823729784,297.5772707812745
KOH,B1,276.0,0.087137486107558,0.18673054461304517,0.7261319682398959,0.9492271166895957,True,3.004427823729784,297.5772707812745
KOH,B1,276.5,0.0864167398626492,0.18820274548847493,0.7253805136080427,0.9496283793616953,True,3.004427823729784,297.5772707812745
KOH,B1,277.0,0.08570136214602897,0.18968394974105962,0.7246146870705239,0.9500263566071069,True,3.004427823729784,297.5772707812745
KOH,B1,277.5,0.0849913285980719,0.1911741683118251,0.7238345020461612,0.9504210704268351,True,3.004427823729784,297.5772707812745
KOH,B1,278.0,0.08428661472481558,0.19267341141970817,0.7230399728099801,0.950812542755037,True,3.004427823729784,297.5772707812745
KOH,B1,278.5,0.08358719590328967,0.1941816885495662,0.7222311145000937,0.9512007954578431,True,3.004427823729784,297.5772707812745
KOH,B1,279.0,0.082893047386845,0.19569900844351729,0.721407943121255,0.9515858503322039,True,3.004427823729784,297.5772707812745
KOH,B1,279.5,0.08220414430959444,0.19722537908895,0.7205704755519626,0.9519677291047607,True,3.004427823729784,297.5772707812745
KOH,B1,280.0,0.08152046169085381,0.19876080771030757,0.7197187295473473,0.9523464534307426,True,3.004427823729784,297.5772707812745
KOH,B1,280.5,0.08084197444047092,0.20030530075731967,0.7188527237496078,0.9527220448928901,True,3.004427823729784,297.5772707812745
KOH,B1,281.0,0.08016865736237833,0.20185886389589847,0.7179724776873453,0.9530945250004007,True,3.004427823729784,297.5772707812745
KOH,B1,281.5,0.07950048516036645,0.20342150199792464,0.7170780117859987,0.953463915187902,True,3.004427823729784,297.5772707812745
KOH,B1,282.0,0.07883743244185837,0.20499321912992308,0.7161693473711761,0.9538302368144493,True,3.004427823729784,297.5772707812745
KOH,B1,282.5,0.07817947372168454,0.20657401854551338,0.7152465066744274,0.954193511162548,True,3.004427823729784,297.5772707812745
KOH,B1,283.0,0.07752658342896623,0.20816390267297535,0.7143095128385735,0.9545537594371981,True,3.004427823729784,297.5772707812745
KOH,B1,283.5,0.07687873590822569,0.20976287310792152,0.7133583899234797,0.954911002764965,True,3.004427823729784,297.5772707812745
KOH,B1,284.0,0.0762359054249373,0.2113709306010847,0.7123931629122726,0.9552652621930756,True,3.004427823729784,297.5772707812745
KOH,B1,284.5,0.07559806617152276,0.2129880750505464,0.7114138577153373,0.9556165586885349,True,3.004427823729784,297.5772707812745
KOH,B1,285.0,0.07496519226890541,0.2146143054904126,0.7104205011769782,0.9559649131372697,True,3.004427823729784,297.5772707812745
KOH,B1,285.5,0.07433725777117317,0.2162496200837083,0.7094131210800825,0.9563103463432922,True,3.004427823729784,297.5772707812745
KOH,B1,286.0,0.07371423667135169,0.217894016110165,0.7083917461518929,0.9566528790278895,True,3.004427823729784,297.5772707812745
KOH,B1,286.5,0.07309610290295865,0.21954748995933748,0.7073564060702253,0.9569925318288368,True,3.004427823729784,297.5772707812745
KOH,B1,287.0,0.0724828303464431,0.22121003711927933,0.706307131466577,0.9573293252996294,True,3.004427823729784,297.5772707812745
KOH,B1,287.5,0.07187439283007357,0.2228816521681054,0.7052439539330102,0.9576632799087433,True,3.004427823729784,297.5772707812745
KOH,B1,288.0,0.0712707641365995,0.2245623287657761,0.7041669060272593,0.9579944160389108,True,3.004427823729784,297.5772707812745
KOH,B1,288.5,0.07067191800591566,0.2262520596454376,0.7030760212782816,0.958322753986426,True,3.004427823729784,297.5772707812745
KOH,B1,289.0,0.07007782813706065,0.22795083660187565,0.7019713341893663,0.9586483139604663,True,3.004427823729784,297.5772707812745
KOH,B1,289.5,0.06948846819576637,0.2296586504852982,0.7008528802459058,0.9589711160824398,True,3.004427823729784,297.5772707812745
KOH,B1,290.0,0.068903811814236,0.23137549119356393,0.6997206959187263,0.9592911803853501,True,3.004427823729784,297.5772707812745
KOH,B1,290.5,0.06832383259736119,0.2331013476604138,0.6985748186683072,0.9596085268131871,True,3.004427823729784,297.5772707812745
KOH,B1,291.0,0.06774850412361033,0.23483620784969794,0.6974152869516637,0.959923175220335,True,3.004427823729784,297.5772707812745
KOH,B1,291.5,0.06717779995080164,0.23658005874738208,0.6962421402261221,0.9602351453710035,True,3.004427823729784,297.5772707812745
KOH,B1,292.0,0.06661169361943386,0.23833288635155547,0.6950554189528724,0.960544456938677,True,3.004427823729784,297.5772707812745
KOH,B1,292.5,0.0660501586533524,0.24009467566665776,0.6938551646027413,0.9608511295055877,True,3.004427823729784,297.5772707812745
KOH,B1,293.0,0.06549316856663268,0.24186541069481926,0.6926414196612996,0.9611551825622069,True,3.004427823729784,297.5772707812745
KOH,B1,293.5,0.06494069686358017,0.24364507442764527,0.6914142276306379,0.9614566355067544,True,3.004427823729784,297.5772707812745
KOH,B1,294.0,0.0643927170447256,0.2454336488402209,0.6901736330364727,0.9617555076447322,True,3.004427823729784,297.5772707812745
KOH,B1,294.5,0.063849202607269,0.2472311148833395,0.6889196814303666,0.9620518181884721,True,3.004427823729784,297.5772707812745
KOH,B1,295.0,0.0633101270497427,0.2490374524759531,0.6876524193946132,0.9623455862567075,True,3.004427823729784,297.5772707812745
KOH,B1,295.5,0.06277546387600808,0.2508526404989553,0.6863718945449016,0.9626368308741606,True,3.004427823729784,297.5772707812745
KOH,B1,296.0,0.06224518659503353,0.25267665678829765,0.6850781555367558,0.9629255709711501,True,3.004427823729784,297.5772707812745
KOH,B1,296.5,0.061719268726223575,0.2545094781283286,0.6837712520648687,0.9632118253832166,True,3.004427823729784,297.5772707812745
KOH,B1,297.0,0.061197683802527436,0.25635108024602005,0.6824512348706513,0.9634956128507662,True,3.004427823729784,297.5772707812745
KOH,B1,297.5,0.060680405371549284,0.2582014378038622,0.6811181557435653,0.9637769520187338,True,3.004427823729784,297.5772707812745
KOH,B1,298.0,0.06016740699932299,0.26006052439520033,0.6797720675237873,0.9640558614362602,False,3.004427823729784,297.5772707812745
KOH,B1,298.5,0.05965866227297667,0.26192831253846194,0.678413024106872,0.9643323595563924,False,3.004427823729784,297.5772707812745
KOH,B1,299.0,0.05915414480295311,0.2638047736702731,0.6770410804448623,0.9646064647357941,False,3.004427823729784,297.5772707812745
KOH,B1,299.5,0.058653828226784555,0.2656898781416839,0.675656292549176,0.9648781952344803,False,3.004427823729784,297.5772707812745
KOH,B1,300.0,0.05815768620998085,0.2675835952130612,0.6742587174952686,0.965147569215564,False,3.004427823729784,297.5772707812745
KOH,B2,1.0,0.6334867583301929,0.006258974424966368,0.3602542670577691,0.27271297875869877,True,0.700774132178998,303.9093476825204
KOH,B2,1.5,0.635233917765321,0.006246251587516127,0.35851983046386593,0.27412520022912434,True,0.700774132178998,303.9093476825204
KOH,B2,2.0,0.636958229346174,0.006233968041113869,0.356807802428305,0.2755390823111371,True,0.700774132178998,303.9093476825204
KOH,B2,2.5,0.6386596251828358,0.00622212126910604,0.35511825337231073,0.27695461048334397,True,0.700774132178998,303.9093476825204
KOH,B2,3.0,0.640338041897115,0.006210708781928531,0.3534512491476516,0.27837177074435393,True,0.700774132178998,303.9093476825204
KOH,B2,3.5,0.6419934205872391,0.006199728153077899,0.3518068510863781,0.2797905496084537,True,0.700774132178998,303.9093476825204
KOH,B2,4.0,0.6436257067574669,0.006189177008453228,0.3501851160618852,0.2812109341010133,True,0.700774132178998,303.9093476825204
KOH,B2,4.5,0.6452348502790084,0.006179053013699587,0.34858609654087047,0.28263291175362887,True,0.700774132178998,303.9093476825204
KOH,B2,5.0,0.6468208053078683,0.006169353888862972,0.3470098406377353,0.2840564705990112,True,0.700774132178998,303.9093476825204
KOH,B2,5.5,0.6483835302559804,0.006160077400618746,0.34545639218053203,0.28548159916562665,True,0.700774132178998,303.9093476825204
KOH,B2,6.0,0.64992298769595,0.006151221366490489,0.34392579077469065,0.2869082864720996,True,0.700774132178998,303.9093476825204
KOH,B2,6.5,0.6514391443261935,0.006142783657292483,0.3424180718594183,0.28833652202138227,True,0.700774132178998,303.9093476825204
KOH,B2,7.0,0.6529319708978853,0.006134762185139309,0.34093326676276625,0.28976629579470214,True,0.700774132178998,303.9093476825204
KOH,B2,7.5,0.6544014421560052,0.006127154914215005,0.339471402776903,0.29119759824529273,True,0.700774132178998,303.9093476825204
KOH,B2,8.0,0.6558475367761663,0.006119959855555024,0.3380325032172893,0.29263042029191627,True,0.700774132178998,303.9093476825204
KOH,B2,8.5,0.6572702372964478,0.006113175076261079,0.33661658747985435,0.2940647533121864,True,0.700774132178998,303.9093476825204
KOH,B2,9.0,0.6586695300599965,0.006106798679961223,0.3352236711153811,0.29550058913569816,True,0.700774132178998,303.9093476825204
KOH,B2,9.5,0.660045405144638,0.006100828825683635,0.33385376588856985,0.2969379200369733,True,0.700774132178998,303.9093476825204
KOH,B2,10.0,0.6613978562989287,0.006095263721639377,0.332506879840877,0.2983767387282278,True,0.700774132178998,303.9093476825204
KOH,B2,10.5,0.6627268808802045,0.006090101620337407,0.3311830173630126,0.29981703835197077,True,0.700774132178998,303.9093476825204
KOH,B2,11.0,0.6640324797834163,0.006085340825023877,0.3298821792560025,0.30125881247344066,True,0.700774132178998,303.9093476825204
KOH,B2,11.5,0.6653146573857294,0.006080979684242038,0.328604362798135,0.3027020550728875,True,0.700774132178998,303.9093476825204
KOH,B2,12.0,0.6665734214652552,0.0060770165966061995,0.3273495618097977,0.30414676053770756,True,0.700774132178998,303.9093476825204
KOH,B2,12.5,0.6678087831473167,0.006073450005694703,0.32611776671942483,0.30559292365443913,True,0.700774132178998,303.9093476825204
KOH,B2,13.0,0.6690207568347262,0.006070278402936502,0.3249089646362169,0.3070405396006253,True,0.700774132178998,303.9093476825204
KOH,B2,13.5,0.6702093601389514,0.0060675003300536545,0.32372313940653985,0.30848960393655217,True,0.700774132178998,303.9093476825204
KOH,B2,14.0,0.671374613821274,0.006065114372733049,0.3225602716852016,0.3099401125968686,True,0.700774132178998,303.9093476825204
KOH,B2,14.5,0.6725165417156287,0.006063119164401165,0.3214203390004,0.3113920618820958,True,0.700774132178998,303.9093476825204
KOH,B2,15.0,0.6736351706738697,0.0060615133860020265,0.3203033158236668,0.3128454484500315,True,0.700774132178998,303.9093476825204
KOH,B2,15.5,0.6747305304976026,0.006060295763332668,0.3192091736242686,0.3143002693070589,True,0.700774132178998,303.9093476825204
KOH,B2,16.0,0.6758026538647988,0.006059465071817094,0.3181378809522517,0.3157565217993637,True,0.700774132178998,303.9093476825204
KOH,B2,16.5,0.6768515762770599,0.006059020130955162,0.3170894034830729,0.31721420360406793,True,0.700774132178998,303.9093476825204
KOH,B2,17.0,0.6778773359856771,0.006058959805987918,0.3160637041016434,0.31867331272028643,True,0.700774132178998,303.9093476825204
KOH,B2,17.5,0.6788799739321227,0.006059283010451111,0.3150607429521779,0.3201338474601129,True,0.700774132178998,303.9093476825204
KOH,B2,18.0,0.6798595336816593,0.006059988703510655,0.3140804775116912,0.32159580643954083,True,0.700774132178998,303.9093476825204
KOH,B2,18.5,0.680816061361833,0.00606107588896343,0.3131228626486182,0.32305918856932647,True,0.700774132178998,303.9093476825204
KOH,B2,19.0,0.6817496055952499,0.006062543617957328,0.3121878506883169,0.3245239930457994,True,0.700774132178998,303.9093476825204
KOH,B2,19.5,0.682660217442177,0.0060643909848279165,0.3112753914764621,0.3259902193416266,True,0.700774132178998,303.9093476825204
KOH,B2,20.0,0.683547950335317,0.006066617132982621,0.3103854324369437,0.32745786719653663,True,0.700774132178998,303.9093476825204
KOH,B2,20.5,0.6844128600189125,0.006069221248350409,0.309517918640867,0.32892693660800804,True,0.700774132178998,303.9093476825204
KOH,B2,21.0,0.6852550044851857,0.006072202563045526,0.3086727928610644,0.33039742782192927,True,0.700774132178998,303.9093476825204
KOH,B2,21.5,0.68607444392077,0.006075560354923404,0.3078499956358227,0.33186934132323453,True,0.700774132178998,303.9093476825204
KOH,B2,22.0,0.6868712406369326,0.006079293946470443,0.30704946532966737,0.3333426778265211,True,0.700774132178998,303.9093476825204
KOH,B2,22.5,0.6876454590189485,0.006083402704304408,0.30627113819237106,0.33481743826665333,True,0.700774132178998,303.9093476825204
KOH,B2,23.0,0.6883971654627619,0.006087886040451185,0.3055149484135766,0.33629362378935856,True,0.700774132178998,303.9093476825204
KOH,B2,23.5,0.6891264283180321,0.006092743411956203,0.3047808281887998,0.33777123574181966,True,0.700774132178998,303.9093476825204
KOH,B2,24.0,0.6898333178314009,0.006097974319996258,0.30406870776999995,0.3392502756632688,True,0.700774132178998,303.9093476825204
KOH,B2,24.5,0.6905179060874844,0.006103578310601154,0.30337851552492134,0.3407307452755884,True,0.700774132178998,303.9093476825204
KOH,B2,25.0,0.6911802669580247,0.006109554972655307,0.30271017799399225,0.342212646473921,True,0.700774132178998,303.9093476825204
KOH,B2,25.5,0.691820476040772,0.006115903941783518,0.30206361994356,0.3436959813172968,True,0.700774132178998,303.9093476825204
KOH,B2,26.0,0.6924386106089142,0.006122624895577022,0.30143876442334516,0.345180752019278,True,0.700774132178998,303.9093476825204
KOH,B2,26.5,0.6930347495565647,0.006129717556646597,0.30083553281762265,0.3466669609386289,True,0.700774132178998,303.9093476825204
KOH,B2,27.0,0.6936089733423079,0.006137181690790694,0.30025384489840157,0.34815461057001285,True,0.700774132178998,303.9093476825204
KOH,B2,27.5,0.6941613639442901,0.0061450171083277105,0.2996936188815469,0.3496437035347204,True,0.700774132178998,303.9093476825204
KOH,B2,28.0,0.6946920048013228,0.006153223663374341,0.2991547714710774,0.351134242571434,True,0.700774132178998,303.9093476825204
KOH,B2,28.5,0.6952009807662529,0.006161801252846377,0.29863721791850706,0.3526262305270307,True,0.700774132178998,303.9093476825204
KOH,B2,29.0,0.695688378056003,0.006170749817124843,0.29814087206625484,0.35411967034742875,True,0.700774132178998,303.9093476825204
KOH,B2,29.5,0.6961542842002788,0.006180069341610306,0.29766564639915893,0.35561456506847894,True,0.700774132178998,303.9093476825204
KOH,B2,30.0,0.6965987879953839,0.006189759853836296,0.2972114520939928,0.35711091780690646,True,0.700774132178998,303.9093476825204
KOH,B2,30.5,0.6970219794553978,0.0061998214236635985,0.29677819906537284,0.3586087317513052,True,0.700774132178998,303.9093476825204
KOH,B2,31.0,0.6974239497671564,0.006210254166028051,0.2963657960129984,0.36010801015318744,True,0.700774132178998,303.9093476825204
KOH,B2,31.5,0.697804791242429,0.006221058238359278,0.2959741504673097,0.361608756318093,True,0.700774132178998,303.9093476825204
KOH,B2,32.0,0.6981645972738704,0.006232233840608448,0.2956031688352012,0.3631109735967596,True,0.700774132178998,303.9093476825204
KOH,B2,32.5,0.6985034622901121,0.00624378121610869,0.2952527564447083,0.3646146653763572,True,0.700774132178998,303.9093476825204
KOH,B2,33.0,0.6988214817150729,0.006255700651131013,0.29492281758666805,0.3661198350717907,True,0.700774132178998,303.9093476825204
KOH,B2,33.5,0.6991187519201636,0.006267992475078588,0.29461325555973916,0.36762648611707094,True,0.700774132178998,303.9093476825204
KOH,B2,34.0,0.6993953701873723,0.006280657058738148,0.29432397271039745,0.36913462195675856,True,0.700774132178998,303.9093476825204
KOH,B2,34.5,0.6996514346644944,0.006293694818193529,0.2940548704749857,0.3706442460374821,True,0.700774132178998,303.9093476825204
KOH,B2,35.0,0.6998870443296612,0.00630710620933006,0.2938058494202367,0.37215536179953246,True,0.700774132178998,303.9093476825204
KOH,B2,35.5,0.7001022989462646,0.006320891732802814,0.2935768092820479,0.373667972668537,True,0.700774132178998,303.9093476825204
KOH,B2,36.0,0.700297299028263,0.006335051931233293,0.29336764900272927,0.3751820820472137,True,0.700774132178998,303.9093476825204
KOH,B2,36.5,0.7004721458021557,0.006349587389486988,0.2931782667727756,0.37669769330720887,True,0.700774132178998,303.9093476825204
KOH,B2,37.0,0.7006269411668625,0.006364498736102786,0.29300856006268805,0.37821480978101846,True,0.700774132178998,303.9093476825204
KOH,B2,37.5,0.700761787663165,0.006379786639490459,0.29285842566446896,0.3797334347539978,True,0.700774132178998,303.9093476825204
KOH,B2,38.0,0.7008767884315176,0.006395451814300568,0.29272775972317977,0.38125357145645766,True,0.700774132178998,303.9093476825204
KOH,B2,38.5,0.7009720471828629,0.0064114950146937355,0.29261645777252376,0.38277522305585143,True,0.700774132178998,303.9093476825204
KOH,B2,39.0,0.7010476681632433,0.0064279170381431605,0.2925244147698042,0.3842983926490526,True,0.700774132178998,303.9093476825204
KOH,B2,39.5,0.7011037561195088,0.00644471872522645,0.2924515251283011,0.3858230832547264,True,0.700774132178998,303.9093476825204
KOH,B2,40.0,0.7011404162679952,0.006461900957696609,0.2923976827491209,0.38734929780579425,True,0.700774132178998,303.9093476825204
KOH,B2,40.5,0.7011577542625491,0.006479464661438006,0.29236278105235214,0.3888770391419941,True,0.700774132178998,303.9093476825204
KOH,B2,41.0,0.7011558761644623,0.006497410802906722,0.29234671300960857,0.3904063100025387,True,0.700774132178998,303.9093476825204
KOH,B2,41.5,0.7011348884127452,0.006515740392926128,0.2923493711729855,0.39193711301886935,True,0.700774132178998,303.9093476825204
KOH,B2,42.0,0.7010948977929921,0.0065344544827525275,0.2923706477044319,0.39346945070751055,True,0.700774132178998,303.9093476825204
KOH,B2,42.5,0.7010360114115751,0.006553554167086639,0.2924104344027567,0.3950033254630237,True,0.700774132178998,303.9093476825204
KOH,B2,43.0,0.7009583366644617,0.006573040583907064,0.29246862273463875,0.39653873955106206,True,0.700774132178998,303.9093476825204
KOH,B2,43.5,0.7008619812133333,0.006592914912586373,0.2925451038584409,0.39807569510152657,True,0.700774132178998,303.9093476825204
KOH,B2,44.0,0.7007470529571332,0.006613178374970108,0.2926397686533466,0.3996141941018255,True,0.700774132178998,303.9093476825204
KOH,B2,44.5,0.700613660007612,0.006633832236065465,0.29275250774305794,0.40115423839023645,True,0.700774132178998,303.9093476825204
KOH,B2,45.0,0.7004619106636967,0.0066548778036197576,0.2928832115206932,0.4026958296493721,True,0.700774132178998,303.9093476825204
KOH,B2,45.5,0.7002919133873373,0.006676316426963355,0.2930317701746675,0.4042389693997521,True,0.700774132178998,303.9093476825204
KOH,B2,46.0,0.7001037767794174,0.006698149499128649,0.29319807371158085,0.40578365899347796,True,0.700774132178998,303.9093476825204
KOH,B2,46.5,0.6998976095576142,0.006720378456743364,0.29338201197684316,0.40732989960801586,True,0.700774132178998,303.9093476825204
KOH,B2,47.0,0.6996735205346237,0.006743004776963574,0.29358347468090573,0.40887769224008375,True,0.700774132178998,303.9093476825204
KOH,B2,47.5,0.6994316185950401,0.0067660299807453805,0.2938023514182722,0.41042703769964606,True,0.700774132178998,303.9093476825204
KOH,B2,48.0,0.6991720126735753,0.006789455632923852,0.2940385316885022,0.4119779366040159,True,0.700774132178998,303.9093476825204
KOH,B2,48.5,0.6988948117387511,0.006813283340276199,0.29429190491694207,0.4135303893720634,True,0.700774132178998,303.9093476825204
KOH,B2,49.0,0.6986001247692649,0.006837514753360585,0.2945623604746761,0.415084396218532,True,0.700774132178998,303.9093476825204
KOH,B2,49.5,0.698288060736317,0.006862151565076302,0.29484978769664383,0.4166399571484633,True,0.700774132178998,303.9093476825204
KOH,B2,50.0,0.6979587285856764,0.006887195512984834,0.29515407590114534,0.4181970719517292,True,0.700774132178998,303.9093476825204
KOH,B2,50.5,0.6976122372185506,0.006912648376010411,0.29547511440632807,0.41975574019767253,True,0.700774132178998,303.9093476825204
KOH,B2,51.0,0.6972486954745782,0.006938511978027417,0.2958127925491716,0.42131596122985604,True,0.700774132178998,303.9093476825204
KOH,B2,51.5,0.6968682121169661,0.0069647881860285255,0.2961669996998234,0.42287773416091984,True,0.700774132178998,303.9093476825204
KOH,B2,52.0,0.6964708958127896,0.0069914789108949105,0.29653762527981353,0.4244410578675471,True,0.700774132178998,303.9093476825204
KOH,B2,52.5,0.6960568551218765,0.007018586106910529,0.2969245587757935,0.4260059309855383,True,0.700774132178998,303.9093476825204
KOH,B2,53.0,0.6956261984772255,0.007046111772504582,0.2973276897561272,0.4275723519049947,True,0.700774132178998,303.9093476825204
KOH,B2,53.5,0.6951790341743619,0.007074057949751911,0.29774690788271496,0.4291403187656091,True,0.700774132178998,303.9093476825204
KOH,B2,54.0,0.6947154703546149,0.0071024267248032125,0.2981821029284376,0.43070982945206526,True,0.700774132178998,303.9093476825204
KOH,B2,54.5,0.6942356149940015,0.00713122022918955,0.29863316478601076,0.4322808815895465,True,0.700774132178998,303.9093476825204
KOH,B2,55.0,0.6937395758872256,0.007160440637338228,0.29909998348526257,0.4338534725393513,True,0.700774132178998,303.9093476825204
KOH,B2,55.5,0.6932274606402805,0.007190090169237329,0.2995824492018906,0.43542759939461767,True,0.700774132178998,303.9093476825204
KOH,B2,56.0,0.6926993766524919,0.0072201710890063,0.30008045227038205,0.4370032589761543,True,0.700774132178998,303.9093476825204
KOH,B2,56.5,0.692155431110536,0.007250685705811888,0.30059388319622626,0.43858044782838096,True,0.700774132178998,303.9093476825204
KOH,B2,57.0,0.6915957309747145,0.007281636374145695,0.30112263266449113,0.4401591622153745,True,0.700774132178998,303.9093476825204
KOH,B2,57.5,0.6910203829682271,0.0073130254930608984,0.30166659155322906,0.4417393981170231,True,0.700774132178998,303.9093476825204
KOH,B2,58.0,0.6904294935686783,0.0073448555072685995,0.30222565093918075,0.4433211512252873,True,0.700774132178998,303.9093476825204
KOH,B2,58.5,0.6898231689983214,0.007377128907443131,0.3027997021107509,0.4449044169405669,True,0.700774132178998,303.9093476825204
KOH,B2,59.0,0.6892015152140385,0.007409848228334681,0.30338863657458637,0.446489190368175,True,0.700774132178998,303.9093476825204
KOH,B2,59.5,0.6885646378997912,0.00744301605259956,0.3039923460651517,0.4480754663149173,True,0.700774132178998,303.9093476825204
KOH,B2,60.0,0.6879126424581827,0.007476635007469534,0.3046107225527783,0.4496632392857776,True,0.700774132178998,303.9093476825204
KOH,B2,60.5,0.6872456340017707,0.007510707767915958,0.3052436582498541,0.45125250348070833,True,0.700774132178998,303.9093476825204
KOH,B2,61.0,0.686563717347155,0.007545237053319109,0.3058910456197328,0.4528432527915254,True,0.700774132178998,303.9093476825204
KOH,B2,61.5,0.6858669970074838,0.007580225631242943,0.3065527773822574,0.45443548079890866,True,0.700774132178998,303.9093476825204
KOH,B2,62.0,0.6851555771858198,0.007615676315908537,0.3072287465198942,0.4560291807695062,True,0.700774132178998,303.9093476825204
KOH,B2,62.5,0.6844295617684237,0.007651591967638982,0.30791884628589283,0.45762434565314136,True,0.700774132178998,303.9093476825204
KOH,B2,63.0,0.683689054321257,0.007687975495412891,0.30862297020620155,0.45922096808012425,True,0.700774132178998,303.9093476825204
KOH,B2,63.5,0.6829341580808779,0.007724829855060289,0.30934101208779374,0.4608190403586662,True,0.700774132178998,303.9093476825204
KOH,B2,64.0,0.6821649759530535,0.007762158049651191,0.31007286602169337,0.4624185544723952,True,0.700774132178998,303.9093476825204
KOH,B2,64.5,0.6813816105054327,0.0077999631312164475,0.3108184263877767,0.4640195020779753,True,0.700774132178998,303.9093476825204
KOH,B2,65.0,0.6805841639664634,0.007838248199859565,0.3115775878596294,0.4656218745028264,True,0.700774132178998,303.9093476825204
KOH,B2,65.5,0.679772738215928,0.007877016402701997,0.31235024540682277,0.46722566274294525,True,0.700774132178998,303.9093476825204
KOH,B2,66.0,0.6789474347888291,0.007916270938046477,0.31313629429968737,0.46883085746082737,True,0.700774132178998,303.9093476825204
KOH,B2,66.5,0.6781083548648148,0.007956015050963883,0.3139356301112284,0.47043744898348927,True,0.700774132178998,303.9093476825204
KOH,B2,67.0,0.6772555992697049,0.007996252036679419,0.3147481487207615,0.47204542730058935,True,0.700774132178998,303.9093476825204
KOH,B2,67.5,0.6763892684718276,0.00803698524035057,0.31557374631582813,0.47365478206264977,True,0.700774132178998,303.9093476825204
KOH,B2,68.0,0.6755094625786329,0.00807821805592912,0.3164123193941937,0.47526550257937566,True,0.700774132178998,303.9093476825204
KOH,B2,68.5,0.6746162813358603,0.008119953928131807,0.31726376476498563,0.4768775778180727,True,0.700774132178998,303.9093476825204
KOH,B2,69.0,0.6737098241252903,0.008162196351524376,0.3181279795531067,0.478490996402163,True,0.700774132178998,303.9093476825204
KOH,B2,69.5,0.6727901899621913,0.008204948871493034,0.3190048611959595,0.4801057466097976,True,0.700774132178998,303.9093476825204
KOH,B2,70.0,0.6718574774974284,0.008248215084438737,0.3198943074483318,0.4817218163725663,True,0.700774132178998,303.9093476825204
KOH,B2,70.5,0.6709117850119961,0.008291998638221276,0.32079621638048117,0.4833391932743029,True,0.700774132178998,303.9093476825204
KOH,B2,71.0,0.6699532104196826,0.008336303230993547,0.32171048638007793,0.4849578645499877,True,0.700774132178998,303.9093476825204
KOH,B2,71.5,0.6689818512652934,0.008381132614532216,0.32263701615142804,0.48657781708474235,True,0.700774132178998,303.9093476825204
KOH,B2,72.0,0.6679978047255397,0.00842649059018541,0.32357570471563957,0.4881990374129227,True,0.700774132178998,303.9093476825204
KOH,B2,72.5,0.6670011676073173,0.008472381015423025,0.32452645141006764,0.48982151171730354,True,0.700774132178998,303.9093476825204
KOH,B2,73.0,0.6659920363492056,0.008518807796065175,0.32548915588698213,0.4914452258283577,True,0.700774132178998,303.9093476825204
KOH,B2,73.5,0.6649705070223,0.008565774894830902,0.3264637181156771,0.49307016522362823,True,0.700774132178998,303.9093476825204
KOH,B2,74.0,0.6639366753306564,0.008613286325398484,0.32745003837647557,0.49469631502719313,True,0.700774132178998,303.9093476825204
KOH,B2,74.5,0.6628906366110687,0.008661346156568772,0.3284480172647264,0.4963236600092224,True,0.700774132178998,303.9093476825204
KOH,B2,75.0,0.6618324858368441,0.008709958510655369,0.32945755568541957,0.4979521845856261,True,0.700774132178998,303.9093476825204
KOH,B2,75.5,0.6607623176170252,0.008759127564261782,0.3304785548519651,0.4995818728177941,True,0.700774132178998,303.9093476825204
KOH,B2,76.0,0.6596802261976675,0.008808857549336135,0.33151091628641494,0.5012127084124252,True,0.700774132178998,303.9093476825204
KOH,B2,76.5,0.658586305466391,0.00885915275206095,0.33255454181529975,0.5028446747214477,True,0.700774132178998,303.9093476825204
KOH,B2,77.0,0.6574806489512697,0.008910017515073587,0.33360933356751943,0.5044777547420284,True,0.700774132178998,303.9093476825204
KOH,B2,77.5,0.6563633498248289,0.008961456236300513,0.3346751939727888,0.5061119311166709,True,0.700774132178998,303.9093476825204
KOH,B2,78.0,0.6552345009058214,0.009013473370067526,0.33575202575775176,0.5077471861334014,True,0.700774132178998,303.9093476825204
KOH,B2,78.5,0.6540941946616141,0.009066073427654864,0.3368397319444827,0.5093835017260444,True,0.700774132178998,303.9093476825204
KOH,B2,79.0,0.6529425232109642,0.009119260976964139,0.33793821584560124,0.5110208594745829,True,0.700774132178998,303.9093476825204
KOH,B2,79.5,0.6517795783275715,0.009173040642962427,0.3390473810630512,0.5126592406056081,True,0.700774132178998,303.9093476825204
KOH,B2,80.0,0.6506054514409665,0.009227417109014535,0.3401671314835486,0.5142986259928531,True,0.700774132178998,303.9093476825204
KOH,B2,80.5,0.6494202336424504,0.009282395116716469,0.3412973712745293,0.5159389961578146,True,0.700774132178998,303.9093476825204
KOH,B2,81.0,0.6482240156859276,0.009337979465673385,0.3424380048822062,0.5175803312704569,True,0.700774132178998,303.9093476825204
KOH,B2,81.5,0.6470168879919025,0.009394175015109418,0.3435889370264622,0.5192226111500041,True,0.700774132178998,303.9093476825204
KOH,B2,82.0,0.6457989406533082,0.0094509866824799,0.3447500726974084,0.5208658152658128,True,0.700774132178998,303.9093476825204
KOH,B2,82.5,0.6445702634355066,0.009508419446691008,0.3459213171508324,0.5225099227383311,True,0.700774132178998,303.9093476825204
KOH,B2,83.0,0.6433309457822833,0.00956647834565727,0.34710257590470084,0.5241549123401401,True,0.700774132178998,303.9093476825204
KOH,B2,83.5,0.6420810768196228,0.00962516847863304,0.3482937547343856,0.5258007624970759,True,0.700774132178998,303.9093476825204
KOH,B2,84.0,0.6408207453586501,0.009684495005379823,0.34949475966816745,0.527447451289437,True,0.700774132178998,303.9093476825204
KOH,B2,84.5,0.6395500399016818,0.009744463147276505,0.3507054969829615,0.5290949564532706,True,0.700774132178998,303.9093476825204
KOH,B2,85.0,0.6382690486427811,0.00980507818881815,0.3519258731996544,0.5307432553817405,True,0.700774132178998,303.9093476825204
KOH,B2,85.5,0.6369778594779718,0.009866345475062488,0.3531557950782749,0.5323923251265756,True,0.700774132178998,303.9093476825204
KOH,B2,86.0,0.6356765600029068,0.009928270415127116,0.3543951696131642,0.5340421423995984,True,0.700774132178998,303.9093476825204
KOH,B2,86.5,0.6343652375218611,0.009990858481356835,0.35564390402720303,0.535692683574332,True,0.700774132178998,303.9093476825204
KOH,B2,87.0,0.6330439790515063,0.010054115209268133,0.3569019057690914,0.5373439246876871,True,0.700774132178998,303.9093476825204
KOH,B2,87.5,0.6317128713240194,0.010118046199547592,0.3581690825060213,0.5389958414417262,True,0.700774132178998,303.9093476825204
KOH,B2,88.0,0.6303720007935221,0.010182657116664107,0.3594453421192356,0.540648409205505,True,0.700774132178998,303.9093476825204
KOH,B2,88.5,0.6290214536396332,0.01024795369070075,0.3607305926986437,0.542301603016993,True,0.700774132178998,303.9093476825204
KOH,B2,89.0,0.627661315773298,0.010313941717410291,0.3620247425376033,0.543955397585069,True,0.700774132178998,303.9093476825204
KOH,B2,89.5,0.6262916728404511,0.010380627058992342,0.36332770012825755,0.5456097672915917,True,0.700774132178998,303.9093476825204
KOH,B2,90.0,0.6249126102287894,0.010448015643593767,0.36463937415515124,0.5472646861935488,True,0.700774132178998,303.9093476825204
KOH,B2,90.5,0.6235242130705476,0.010516113466640942,0.36595967348923564,0.5489201280252786,True,0.700774132178998,303.9093476825204
KOH,B2,91.0,0.6221265662493258,0.010584926592116517,0.36728850718459327,0.5505760662007655,True,0.700774132178998,303.9093476825204
KOH,B2,91.5,0.6207197544044196,0.010654461150616523,0.36862578447033334,0.5522324738160118,True,0.700774132178998,303.9093476825204
KOH,B2,92.0,0.6193038619364821,0.01072472334262553,0.3699714147457067,0.5538893236514805,True,0.700774132178998,303.9093476825204
KOH,B2,92.5,0.6178789730111323,0.010795719437073359,0.3713253075757761,0.5555465881746113,True,0.700774132178998,303.9093476825204
KOH,B2,93.0,0.6164451715665598,0.010867455773111434,0.3726873726836999,0.5572042395424088,True,0.700774132178998,303.9093476825204
KOH,B2,93.5,0.6150025413161897,0.010939938759280121,0.37405751994679104,0.5588622496041021,True,0.700774132178998,303.9093476825204
KOH,B2,94.0,0.6135511657565096,0.011013174875451615,0.3754356593894115,0.5605205899038757,True,0.700774132178998,303.9093476825204
KOH,B2,94.5,0.6120911281699004,0.011087170672718916,0.3768217011778652,0.5621792316836691,True,0.700774132178998,303.9093476825204
KOH,B2,95.0,0.6106225116315755,0.011161932773784411,0.37821555561423637,0.5638381458860485,True,0.700774132178998,303.9093476825204
KOH,B2,95.5,0.6091453990140772,0.011237467873403961,0.379617133131227,0.5654973031571455,True,0.700774132178998,303.9093476825204
KOH,B2,96.0,0.6076598729925498,0.011313782739552636,0.3810263442853845,0.567156673849665,True,0.700774132178998,303.9093476825204
KOH,B2,96.5,0.6061660160506244,0.011390884213480224,0.3824430997527162,0.5688162280259609,True,0.700774132178998,303.9093476825204
KOH,B2,97.0,0.6046639104849705,0.011468779210821456,0.38386731032014065,0.57047593546118,True,0.700774132178998,303.9093476825204
KOH,B2,97.5,0.6031536384105141,0.01154747472031925,0.38529888688387803,0.5721357656464698,True,0.700774132178998,303.9093476825204
KOH,B2,98.0,0.6016352817671544,0.011626977807543959,0.38673774043901377,0.5737956877922562,True,0.700774132178998,303.9093476825204
KOH,B2,98.5,0.6001089223227063,0.011707295612506385,0.3881837820771672,0.5754556708315824,True,0.700774132178998,303.9093476825204
KOH,B2,99.0,0.5985746416803939,0.011788435351711701,0.3896369229791641,0.5771156834235156,True,0.700774132178998,303.9093476825204
KOH,B2,99.5,0.5970325212821814,0.011870404319269667,0.3910970744089304,0.578775693956616,True,0.700774132178998,303.9093476825204
KOH,B2,100.0,0.5954826424152682,0.011953209884896232,0.3925641477088293,0.5804356705524701,True,0.700774132178998,303.9093476825204
KOH,B2,100.5,0.5939250862169176,0.012036859497355223,0.3940380542936106,0.5820955810692857,True,0.700774132178998,303.9093476825204
KOH,B2,101.0,0.5923599336787877,0.012121360684624882,0.3955187056431386,0.5837553931055501,True,0.700774132178998,303.9093476825204
KOH,B2,101.5,0.5907872656538693,0.012206721051954972,0.3970060132996167,0.5854150740037484,True,0.700774132178998,303.9093476825204
KOH,B2,102.0,0.5892071628592621,0.012292948285419492,0.3984998888593161,0.5870745908541436,True,0.700774132178998,303.9093476825204
KOH,B2,102.5,0.5876197058827248,0.012380050152138722,0.4000002439680239,0.5887339104986156,True,0.700774132178998,303.9093476825204
KOH,B2,103.0,0.5860249751875601,0.012468034498058778,0.4015069903156032,0.5903929995345595,True,0.700774132178998,303.9093476825204
KOH,B2,103.5,0.5844230511172777,0.012556909252503523,0.4030200396301087,0.5920518243188442,True,0.700774132178998,303.9093476825204
KOH,B2,104.0,0.5828140139002569,0.012646682425843103,0.4045393036724576,0.593710350971825,True,0.700774132178998,303.9093476825204
KOH,B2,104.5,0.5811979436548542,0.012737362111381323,0.40606469423032365,0.5953685453814174,True,0.700774132178998,303.9093476825204
KOH,B2,105.0,0.579574920394399,0.012828956486132803,0.40759612311458415,0.5970263732072242,True,0.700774132178998,303.9093476825204
KOH,B2,105.5,0.577945024030968,0.012921473811156048,0.4091335021517706,0.5986837998847196,True,0.700774132178998,303.9093476825204
KOH,B2,106.0,0.5763083343818254,0.013014922431109355,0.4106767431794056,0.6003407906294871,True,0.700774132178998,303.9093476825204
KOH,B2,106.5,0.5746649311721974,0.013109310777026373,0.4122257580413402,0.6019973104415122,True,0.700774132178998,303.9093476825204
KOH,B2,107.0,0.5730148940411572,0.01320464736476179,0.41378045858320167,0.6036533241095273,True,0.700774132178998,303.9093476825204
KOH,B2,107.5,0.5713583025440672,0.013300940797877914,0.41534075664539927,0.6053087962154101,True,0.700774132178998,303.9093476825204
KOH,B2,108.0,0.5696952361605723,0.013398199765646268,0.41690656405879434,0.6069636911386329,True,0.700774132178998,303.9093476825204
KOH,B2,108.5,0.5680257742958217,0.013496433046267242,0.4184777926417027,0.6086179730607615,True,0.700774132178998,303.9093476825204
KOH,B2,109.0,0.5663499962850205,0.013595649505537821,0.4200543541911239,0.6102716059700066,True,0.700774132178998,303.9093476825204
KOH,B2,109.5,0.5646679813994249,0.0136958580994051,0.42163616048185304,0.6119245536658218,True,0.700774132178998,303.9093476825204
KOH,B2,110.0,0.5629798088480076,0.013797067871634816,0.42322312325870914,0.6135767797635509,True,0.700774132178998,303.9093476825204
KOH,B2,110.5,0.561285557783453,0.013899287958585305,0.4248151542342038,0.6152282476991224,True,0.700774132178998,303.9093476825204
KOH,B2,111.0,0.559585307305932,0.014002527585765812,0.4264121650823238,0.6168789207337899,True,0.700774132178998,303.9093476825204
KOH,B2,111.5,0.5578791364653224,0.014106796072277383,0.42801406743508963,0.6185287619589191,True,0.700774132178998,303.9093476825204
KOH,B2,112.0,0.5561671242657606,0.014212102827371176,0.42962077287733713,0.6201777343008179,True,0.700774132178998,303.9093476825204
KOH,B2,112.5,0.5544493496705272,0.014318457355222414,0.43123219294260995,0.6218258005256115,True,0.700774132178998,303.9093476825204
KOH,B2,113.0,0.5527258916041555,0.014425869252376877,0.43284823910949566,0.6234729232441597,True,0.700774132178998,303.9093476825204
KOH,B2,113.5,0.5509968289559852,0.01453434821152566,0.4344688227970739,0.6251190649170161,True,0.700774132178998,303.9093476825204
KOH,B2,114.0,0.5492622405832703,0.014643904017730414,0.4360938553609195,0.6267641878594281,True,0.700774132178998,303.9093476825204
KOH,B2,114.5,0.5475222053163975,0.01475454655464059,0.43772324808888374,0.6284082542463767,True,0.700774132178998,303.9093476825204
KOH,B2,115.0,0.5457768019592191,0.014866285800496648,0.43935691219831874,0.6300512261176558,True,0.700774132178998,303.9093476825204
KOH,B2,115.5,0.5440261092942711,0.014979131831238668,0.44099475883019323,0.6316930653829887,True,0.700774132178998,303.9093476825204
KOH,B2,116.0,0.5422702060842166,0.015093094820728403,0.4426366990483155,0.6333337338271819,True,0.700774132178998,303.9093476825204
KOH,B2,116.5,0.5405091710761756,0.0152081850408603,0.4442826438336711,0.6349731931153145,True,0.700774132178998,303.9093476825204
KOH,B2,117.0,0.5387430830021689,0.015324412864003989,0.44593250408231366,0.6366114047979632,True,0.700774132178998,303.9093476825204
KOH,B2,117.5,0.5369720205846695,0.015441788760783837,0.44758619060092375,0.63824833031646,True,0.700774132178998,303.9093476825204
KOH,B2,118.0,0.5351960625368246,0.015560323303187573,0.4492436141038114,0.639883931008184,True,0.700774132178998,303.9093476825204
KOH,B2,118.5,0.5334152875650089,0.015680027164788335,0.45090468521147287,0.641518168111884,True,0.700774132178998,303.9093476825204
KOH,B2,119.0,0.5316297743720444,0.015800911121188754,0.45256931444559445,0.6431510027730314,True,0.700774132178998,303.9093476825204
KOH,B2,119.5,0.5298396016589768,0.01592298605002096,0.45423741222749836,0.6447823960492043,True,0.700774132178998,303.9093476825204
KOH,B2,120.0,0.5280448481265188,0.016046262933278044,0.45590888887425685,0.6464123089154975,True,0.700774132178998,303.9093476825204
KOH,B2,120.5,0.5262455924774923,0.01617075285620384,0.457583654597582,0.648040702269963,True,0.700774132178998,303.9093476825204
KOH,B2,121.0,0.5244419134183831,0.016296467009846438,0.459261619500384,0.6496675369390733,True,0.700774132178998,303.9093476825204
KOH,B2,121.5,0.5226338896614502,0.016423416690281023,0.46094269357455087,0.6512927736832126,True,0.700774132178998,303.9093476825204
KOH,B2,122.0,0.5208215999243926,0.016551613299831125,0.46262678669894974,0.6529163732021901,True,0.700774132178998,303.9093476825204
KOH,B2,122.5,0.5190051229347903,0.016681068348511907,0.4643138086375398,0.6545382961407769,True,0.700774132178998,303.9093476825204
KOH,B2,123.0,0.517184537428439,0.016811793453364032,0.4660036690360414,0.6561585030942639,True,0.700774132178998,303.9093476825204
KOH,B2,123.5,0.5153599221516814,0.01694380034067411,0.46769627742260234,0.6577769546140414,True,0.700774132178998,303.9093476825204
KOH,B2,124.0,0.5135313558635168,0.017077100845086512,0.46939154320391197,0.6593936112131954,True,0.700774132178998,303.9093476825204
KOH,B2,124.5,0.5116989173332698,0.017211706911934854,0.47108937566398,0.6610084333721241,True,0.700774132178998,303.9093476825204
KOH,B2,125.0,0.5098626853453636,0.01734763059713096,0.4727896839638035,0.6626213815441712,True,0.700774132178998,303.9093476825204
KOH,B2,125.5,0.5080227386965452,0.017484884067608952,0.47449237713914627,0.664232416161272,True,0.700774132178998,303.9093476825204
KOH,B2,126.0,0.5061791561976614,0.017623479603323666,0.47619736409953983,0.6658414976396176,True,0.700774132178998,303.9093476825204
KOH,B2,126.5,0.5043320166743248,0.017763429596362457,0.4779045536271731,0.6674485863853296,True,0.700774132178998,303.9093476825204
KOH,B2,127.0,0.502481398966026,0.01790474655261054,0.47961385437600423,0.6690536428001467,True,0.700774132178998,303.9093476825204
KOH,B2,127.5,0.5006273819277984,0.01804744309208406,0.48132517487142756,0.6706566272871224,True,0.700774132178998,303.9093476825204
KOH,B2,128.0,0.4987700444283316,0.018191531950928486,0.4830384235091634,0.672257500256333,True,0.700774132178998,303.9093476825204
KOH,B2,128.5,0.4969094653500816,0.018337025980641464,0.48475350855503585,0.6738562221305912,True,0.700774132178998,303.9093476825204
KOH,B2,129.0,0.49504572358971544,0.0184839381485169,0.48647033814386287,0.6754527533511673,True,0.700774132178998,303.9093476825204
KOH,B2,129.5,0.49317889805799986,0.01863228154075358,0.4881888202805662,0.677047054383517,True,0.700774132178998,303.9093476825204
KOH,B2,130.0,0.49130906767647087,0.01878206936012372,0.4899088628393944,0.6786390857230116,True,0.700774132178998,303.9093476825204
KOH,B2,130.5,0.48943631138009813,0.018933314929414635,0.4916303735633676,0.6802288079006711,True,0.700774132178998,303.9093476825204
KOH,B2,131.0,0.4875607081130662,0.01908603169042955,0.49335326006605396,0.6818161814888997,True,0.700774132178998,303.9093476825204
KOH,B2,131.5,0.4856823368309948,0.019240233205541912,0.49507742982957126,0.6834011671072198,True,0.700774132178998,303.9093476825204
KOH,B2,132.0,0.48380127649638727,0.019395933158361522,0.49680279020802853,0.6849837254280061,True,0.700774132178998,303.9093476825204
KOH,B2,132.5,0.4819176060796293,0.019553145354289647,0.4985292484256387,0.6865638171822167,True,0.700774132178998,303.9093476825204
KOH,B2,133.0,0.48003140455721294,0.01971188372063004,0.5002567115786061,0.6881414031651192,True,0.700774132178998,303.9093476825204
KOH,B2,133.5,0.47814275090785063,0.019872162308809393,0.5019850866356812,0.689716444242012,True,0.700774132178998,303.9093476825204
KOH,B2,134.0,0.4762517241145847,0.02003399529459937,0.5037142804400485,0.69128890135394,True,0.700774132178998,303.9093476825204
KOH,B2,134.5,0.47435840315868116,0.020197396977783555,0.5054441997089931,0.6928587355234,True,0.700774132178998,303.9093476825204
KOH,B2,135.0,0.47246286702140594,0.020362381784599926,0.5071747510363434,0.6944259078600393,True,0.700774132178998,303.9093476825204
KOH,B2,135.5,0.47056519467814084,0.020528964266297578,0.508905840894136,0.6959903795663398,True,0.700774132178998,303.9093476825204
KOH,B2,136.0,0.46866546509927165,0.020697159102911478,0.5106373756326166,0.6975521119432934,True,0.700774132178998,303.9093476825204
KOH,B2,136.5,0.4667637572455252,0.020866981101486104,0.5123692614847908,0.6991110663960617,True,0.700774132178998,303.9093476825204
KOH,B2,137.0,0.4648601500661931,0.021038445197185673,0.5141014045643155,0.7006672044396217,True,0.700774132178998,303.9093476825204
KOH,B2,137.5,0.46295472249646696,0.021211566455625608,0.5158337108717159,0.7022204877043938,True,0.700774132178998,303.9093476825204
KOH,B2,138.0,0.46104755345499626,0.021386360071318222,0.5175660862940523,0.703770877941854,True,0.700774132178998,303.9093476825204
KOH,B2,138.5,0.45913872183944715,0.021562841370226238,0.5192984366072517,0.705318337030124,True,0.700774132178998,303.9093476825204
KOH,B2,139.0,0.45722830652339397,0.02174102581020687,0.5210306674793275,0.7068628269795442,True,0.700774132178998,303.9093476825204
KOH,B2,139.5,0.45531638635532,0.021920928981122856,0.5227626844731548,0.708404309938221,True,0.700774132178998,303.9093476825204
KOH,B2,140.0,0.4534030401524003,0.022102566605286533,0.524494393047692,0.7099427481975547,True,0.700774132178998,303.9093476825204
KOH,B2,140.5,0.45148834669961335,0.022285954539680297,0.5262256985621994,0.7114781041977387,True,0.700774132178998,303.9093476825204
KOH,B2,141.0,0.44957238474319094,0.02247110877529046,0.5279565062792368,0.7130103405332354,True,0.700774132178998,303.9093476825204
KOH,B2,141.5,0.4476552329889527,0.02265804543877259,0.5296867213658851,0.7145394199582231,True,0.700774132178998,303.9093476825204
KOH,B2,142.0,0.4457369700970881,0.02284678079278457,0.531416248900185,0.7160653053920141,True,0.700774132178998,303.9093476825204
KOH,B2,142.5,0.4438176746801581,0.023037331235431502,0.5331449938705823,0.7175879599244438,True,0.700774132178998,303.9093476825204
KOH,B2,143.0,0.4418974252947683,0.0232297133048176,0.5348728611827003,0.7191073468212255,True,0.700774132178998,303.9093476825204
KOH,B2,143.5,0.43997630044279035,0.023423943674272252,0.5365997556612268,0.7206234295292757,True,0.700774132178998,303.9093476825204
KOH,B2,144.0,0.43805437856181406,0.023620039158567252,0.5383255820540223,0.7221361716820005,True,0.700774132178998,303.9093476825204
KOH,B2,144.5,0.436131738023704,0.023818016710808187,0.5400502450356726,0.7236455371045512,True,0.700774132178998,303.9093476825204
KOH,B2,145.0,0.4342084571293814,0.0240178934247659,0.5417736492123737,0.7251514898190384,True,0.700774132178998,303.9093476825204
KOH,B2,145.5,0.4322846141034953,0.024219686534432405,0.5434956991241524,0.7266539940497103,True,0.700774132178998,303.9093476825204
KOH,B2,146.0,0.43036028708853813,0.024423413417351547,0.5452162992519716,0.7281530142280901,True,0.700774132178998,303.9093476825204
KOH,B2,146.5,0.4284355541428475,0.0246290915920655,0.5469353540189514,0.7296485149980729,True,0.700774132178998,303.9093476825204
KOH,B2,147.0,0.42651049323250145,0.02483673872100134,0.5486527677959208,0.7311404612209785,True,0.700774132178998,303.9093476825204
KOH,B2,147.5,0.4245851822279878,0.025046372610360024,0.550368444907523,0.7326288179805633,True,0.700774132178998,303.9093476825204
KOH,B2,148.0,0.4226596988968767,0.02525801121044946,0.5520822896341038,0.7341135505879838,True,0.700774132178998,303.9093476825204
KOH,B2,148.5,0.4207341209009341,0.025471672617682906,0.5537942062188161,0.7355946245867163,True,0.700774132178998,303.9093476825204
KOH,B2,149.0,0.41880852578846106,0.02568737507380181,0.5555040988707294,0.7370720057574278,True,0.700774132178998,303.9093476825204
KOH,B2,149.5,0.41688299099040815,0.025905136967985243,0.5572118717707131,0.7385456601227977,True,0.700774132178998,303.9093476825204
KOH,B2,150.0,0.41495759381238173,0.026124976835628644,0.5589174290768772,0.7400155539522899,True,0.700774132178998,303.9093476825204
KOH,B2,150.5,0.4130324114313133,0.026346913360786317,0.5606206749281251,0.7414816537668736,True,0.700774132178998,303.9093476825204
KOH,B2,151.0,0.41110752088757696,0.02657096537672654,0.5623215134515913,0.7429439263436906,True,0.700774132178998,303.9093476825204
KOH,B2,151.5,0.40918299908010436,0.026797151865376456,0.5640198487664172,0.7444023387206696,True,0.700774132178998,303.9093476825204
KOH,B2,152.0,0.40725892276027853,0.02702549195832127,0.5657155849889683,0.7458568582010852,True,0.700774132178998,303.9093476825204
KOH,B2,152.5,0.40533536852449537,0.027256004939246736,0.5674086262397182,0.7473074523580596,True,0.700774132178998,303.9093476825204
KOH,B2,153.0,0.4034124128096117,0.027488710241496683,0.5690988766480221,0.748754089039009,True,0.700774132178998,303.9093476825204
KOH,B2,153.5,0.40149013188550686,0.027723627451403665,0.5707862403580011,0.7501967363700285,True,0.700774132178998,303.9093476825204
KOH,B2,154.0,0.3995686018486433,0.027960776307511814,0.5724706215339825,0.7516353627602212,True,0.700774132178998,303.9093476825204
KOH,B2,154.5,0.3976478986165155,0.028200176702131152,0.5741519243670501,0.7530699369059624,True,0.700774132178998,303.9093476825204
KOH,B2,155.0,0.3957280979204336,0.0284418486808935,0.5758300530802618,0.7545004277951041,True,0.700774132178998,303.9093476825204
KOH,B2,155.5,0.3938092752978628,0.028685812444084746,0.5775049119350895,0.755926804711116,True,0.700774132178998,303.9093476825204
KOH,B2,156.0,0.39189150608831547,0.02893208834686689,0.5791764052375248,0.7573490372371634,True,0.700774132178998,303.9093476825204
KOH,B2,156.5,0.3899748654236923,0.029180696900499292,0.5808444373439636,0.758767095260118,True,0.700774132178998,303.9093476825204
KOH,B2,157.0,0.3880594282237304,0.029431658771894575,0.5825089126676453,0.7601809489745035,True,0.700774132178998,303.9093476825204
KOH,B2,157.5,0.38614526918767655,0.029684994786061125,0.5841697356854247,0.7615905688863754,True,0.700774132178998,303.9093476825204
KOH,B2,158.0,0.38423246278807,0.029940725924104683,0.5858268109425468,0.7629959258171306,True,0.700774132178998,303.9093476825204
KOH,B2,158.5,0.382321083263526,0.030198873325559816,0.5874800430610838,0.7643969909072489,True,0.700774132178998,303.9093476825204
KOH,B2,159.0,0.38041120461218547,0.03045945828905605,0.5891293367447092,0.7657937356199649,True,0.700774132178998,303.9093476825204
KOH,B2,159.5,0.3785029005832774,0.030722502271762764,0.5907745967861366,0.7671861317448678,True,0.700774132178998,303.9093476825204
KOH,B2,160.0,0.37659624467223374,0.030988026890943488,0.5924157280736697,0.7685741514014307,True,0.700774132178998,303.9093476825204
KOH,B2,160.5,0.37469131011114154,0.03125605392373387,0.5940526355975306,0.7699577670424674,True,0.700774132178998,303.9093476825204
KOH,B2,161.0,0.37278816986308083,0.03152660530814089,0.5956852244562993,0.7713369514575135,True,0.700774132178998,303.9093476825204
KOH,B2,161.5,0.3708868966152412,0.03179970314326486,0.5973133998647961,0.7727116777761359,True,0.700774132178998,303.9093476825204
KOH,B2,162.0,0.36898756276937394,0.03207536969063174,0.5989370671585226,0.774081919471166,True,0.700774132178998,303.9093476825204
KOH,B2,162.5,0.3670902404376841,0.03235362737341596,0.6005561318029873,0.7754476503618565,True,0.700774132178998,303.9093476825204
KOH,B2,163.0,0.36519500143328276,0.032634498776995535,0.6021704993991461,0.7768088446169634,True,0.700774132178998,303.9093476825204
KOH,B2,163.5,0.36330191726341443,0.03291800665128353,0.6037800756902856,0.7781654767577486,True,0.700774132178998,303.9093476825204
KOH,B2,164.0,0.36141105912290694,0.03320417390884067,0.605384766568573,0.7795175216609058,True,0.700774132178998,303.9093476825204
KOH,B2,164.5,0.3595224978855116,0.03349302362676276,0.6069844780834943,0.7808649545614087,True,0.700774132178998,303.9093476825204
KOH,B2,165.0,0.3576363040981301,0.03378457904679166,0.608579116446406,0.782207751055277,True,0.700774132178998,303.9093476825204
KOH,B2,165.5,0.35575254797193256,0.03407886357487122,0.6101685880399721,0.7835458871022657,True,0.700774132178998,303.9093476825204
KOH,B2,166.0,0.35387129937602957,0.03437590078347874,0.6117527994229377,0.784879339028473,True,0.700774132178998,303.9093476825204
KOH,B2,166.5,0.35199262782947827,0.034675714409848624,0.6133316573380121,0.7862080835288661,True,0.700774132178998,303.9093476825204
KOH,B2,167.0,0.35011660249550935,0.034978328358414856,0.614905068719307,0.7875320976697268,True,0.700774132178998,303.9093476825204
KOH,B2,167.5,0.34824329217153505,0.03528376669870159,0.6164729406979985,0.7888513588910153,True,0.700774132178998,303.9093476825204
KOH,B2,168.0,0.3463727652843751,0.03559205366865381,0.6180351806106543,0.7901658450086517,True,0.700774132178998,303.9093476825204
KOH,B2,168.5,0.34450508988137507,0.03590321367230587,0.6195916960054504,0.7914755342167125,True,0.700774132178998,303.9093476825204
KOH,B2,169.0,0.34264033362352286,0.036217271282334984,0.6211423946484995,0.7927804050895478,True,0.700774132178998,303.9093476825204
KOH,B2,169.5,0.3407785637791205,0.03653425123817389,0.6226871845326221,0.7940804365838113,True,0.700774132178998,303.9093476825204
KOH,B2,170.0,0.33891984721501345,0.036854178447676134,0.6242259738824529,0.7953756080404087,True,0.700774132178998,303.9093476825204
KOH,B2,170.5,0.3370642503907062,0.03717707798800429,0.6257586711618801,0.7966658991863619,True,0.700774132178998,303.9093476825204
KOH,B2,171.0,0.3352118393503689,0.03750297510418665,0.6272851850817052,0.7979512901365861,True,0.700774132178998,303.9093476825204
KOH,B2,171.5,0.33336267971628697,0.03783189521011643,0.6288054246053054,0.7992317613955867,True,0.700774132178998,303.9093476825204
KOH,B2,172.0,0.3315168366809784,0.03816386388932891,0.6303192989566275,0.8005072938590682,True,0.700774132178998,303.9093476825204
KOH,B2,172.5,0.32967437500108776,0.03849890689489044,0.6318267176261827,0.8017778688154569,True,0.700774132178998,303.9093476825204
KOH,B2,173.0,0.32783535899050253,0.03883705014873229,0.6333275903782631,0.8030434679473427,True,0.700774132178998,303.9093476825204
KOH,B2,173.5,0.3259998525116936,0.039178319743427004,0.6348218272578254,0.8043040733328319,True,0.700774132178998,303.9093476825204
KOH,B2,174.0,0.3241679189714963,0.03952274194085614,0.6363093385963747,0.8055596674468166,True,0.700774132178998,303.9093476825204
KOH,B2,174.5,0.3223396213111185,0.039870343172654366,0.6377900350204024,0.8068102331621572,True,0.700774132178998,303.9093476825204
KOH,B2,175.0,0.3205150220024766,0.04022115004165272,0.639263827455161,0.8080557537507801,True,0.700774132178998,303.9093476825204
KOH,B2,175.5,0.31869418303964725,0.040575189320435356,0.6407306271350999,0.8092962128846911,True,0.700774132178998,303.9093476825204
KOH,B2,176.0,0.31687716593198356,0.040932487951339525,0.6421903456069744,0.8105315946369016,True,0.700774132178998,303.9093476825204
KOH,B2,176.5,0.3150640316987863,0.04129307304823193,0.6436428947386164,0.8117618834822696,True,0.700774132178998,303.9093476825204
KOH,B2,177.0,0.3132548408625313,0.04165697189451034,0.645088186724263,0.8129870642982568,True,0.700774132178998,303.9093476825204
KOH,B2,177.5,0.31144965344120923,0.042024211944657885,0.6465261340907746,0.814207122365601,True,0.700774132178998,303.9093476825204
KOH,B2,178.0,0.3096485289433293,0.04239482082313284,0.6479566497058498,0.815422043368899,True,0.700774132178998,303.9093476825204
KOH,B2,178.5,0.30785152636148005,0.04276882632470169,0.6493796467818003,0.8166318133971128,True,0.700774132178998,303.9093476825204
KOH,B2,179.0,0.30605870416466896,0.04314625641477221,0.6507950388838779,0.8178364189439822,True,0.700774132178998,303.9093476825204
KOH,B2,179.5,0.30427012029432543,0.04352713922928242,0.6522027399350483,0.8190358469083615,True,0.700774132178998,303.9093476825204
KOH,B2,180.0,0.30248583215752856,0.04391150307381242,0.6536026642227633,0.8202300845944647,True,0.700774132178998,303.9093476825204
KOH,B2,180.5,0.3007058966195686,0.044299376424250525,0.6549947264059552,0.8214191197120345,True,0.700774132178998,303.9093476825204
KOH,B2,181.0,0.2989303700007273,0.04469078792623815,0.65637884151859,0.8226029403764208,True,0.700774132178998,303.9093476825204
KOH,B2,181.5,0.29715930806817337,0.04508576639450368,0.6577549249781045,0.8237815351085822,True,0.700774132178998,303.9093476825204
KOH,B2,182.0,0.29539276603174347,0.0454843408150829,0.6591228925896253,0.8249548928350009,True,0.700774132178998,303.9093476825204
KOH,B2,182.5,0.29363079853839125,0.045886540340878135,0.6604826605529635,0.8261230028875179,True,0.700774132178998,303.9093476825204
KOH,B2,183.0,0.2918734596654149,0.046292394295210926,0.661834145466722,0.8272858550030853,True,0.700774132178998,303.9093476825204
KOH,B2,183.5,0.2901208029162383,0.046701932170156724,0.6631772643362899,0.8284434393234378,True,0.700774132178998,303.9093476825204
KOH,B2,184.0,0.2883728812160813,0.047115183625545676,0.6645119345769501,0.8295957463946837,True,0.700774132178998,303.9093476825204
KOH,B2,184.5,0.28662974690463194,0.04753217848918467,0.6658380740205416,0.8307427671668163,True,0.700774132178998,303.9093476825204
KOH,B2,185.0,0.28489145173182795,0.04795294675685735,0.667155600920788,0.8318844929931439,True,0.700774132178998,303.9093476825204
KOH,B2,185.5,0.28315804685463686,0.04837751859154693,0.6684644339591816,0.8330209156296438,True,0.700774132178998,303.9093476825204
KOH,B2,186.0,0.28142958282972863,0.04880592432288111,0.6697644922485368,0.8341520272342349,True,0.700774132178998,303.9093476825204
KOH,B2,186.5,0.2797061096107001,0.04923819444691002,0.6710556953393176,0.8352778203659755,True,0.700774132178998,303.9093476825204
KOH,B2,187.0,0.27798767654196865,0.04967435962510702,0.6723379632251891,0.836398287984181,True,0.700774132178998,303.9093476825204
KOH,B2,187.5,0.27627433235699606,0.05011445068425768,0.6736112163469032,0.8375134234474688,True,0.700774132178998,303.9093476825204
KOH,B2,188.0,0.27456612517018364,0.05055849861634876,0.6748753755972947,0.8386232205127251,True,0.700774132178998,303.9093476825204
KOH,B2,188.5,0.27286310247620627,0.05100653457701387,0.6761303623263881,0.8397276733339978,True,0.700774132178998,303.9093476825204
KOH,B2,189.0,0.2711653111439061,0.051458589885089445,0.6773760983461719,0.8408267764613144,True,0.700774132178998,303.9093476825204
KOH,B2,189.5,0.2694727974134059,0.05191469602272569,0.678612505934928,0.8419205248394291,True,0.700774132178998,303.9093476825204
KOH,B2,190.0,0.26778560689144637,0.05237488463327722,0.6798395078421171,0.8430089138064945,True,0.700774132178998,303.9093476825204
KOH,B2,190.5,0.26610378454849926,0.05283918752263528,0.6810570272915983,0.8440919390926632,True,0.700774132178998,303.9093476825204
KOH,B2,191.0,0.2644273747152148,0.05330763665545302,0.6822649879876241,0.8451695968186198,True,0.700774132178998,303.9093476825204
KOH,B2,191.5,0.262756421078314,0.05378026415792103,0.6834633141181712,0.8462418834940401,True,0.700774132178998,303.9093476825204
KOH,B2,192.0,0.26109096667836784,0.054257102313215455,0.684651930358382,0.847308796015983,True,0.700774132178998,303.9093476825204
KOH,B2,192.5,0.25943105390613397,0.05473818356382942,0.6858307618762272,0.8483703316672158,True,0.700774132178998,303.9093476825204
KOH,B2,193.0,0.25777672449878164,0.055223540508131386,0.6869997343347256,0.84942648811447,True,0.700774132178998,303.9093476825204
KOH,B2,193.5,0.2561280195391147,0.05571320590114226,0.6881587738972739,0.850477263406631,True,0.700774132178998,303.9093476825204
KOH,B2,194.0,0.2544849794507975,0.05620721265264805,0.6893078072300884,0.8515226559728653,True,0.700774132178998,303.9093476825204
KOH,B2,194.5,0.25284764399691184,0.05670559382597862,0.6904467615066467,0.8525626646206803,True,0.700774132178998,303.9093476825204
KOH,B2,195.0,0.2512160522776252,0.057208382637341515,0.6915755644104626,0.8535972885339231,True,0.700774132178998,303.9093476825204
KOH,B2,195.5,0.24959024272719343,0.05771561245482282,0.6926941441394163,0.8546265272707151,True,0.700774132178998,303.9093476825204
KOH,B2,196.0,0.24797025311185106,0.058227316796277684,0.693802429409307,0.8556503807613288,True,0.700774132178998,303.9093476825204
KOH,B2,196.5,0.2463561205293674,0.058743529329219335,0.6949003494549633,0.8566688493060013,True,0.700774132178998,303.9093476825204
KOH,B2,197.0,0.24474788140482762,0.05926428386859861,0.6959878340360159,0.8576819335726892,True,0.700774132178998,303.9093476825204
KOH,B2,197.5,0.24314557149118787,0.059789614376248856,0.6970648134383417,0.8586896345947688,True,0.700774132178998,303.9093476825204
KOH,B2,198.0,0.24154922586561156,0.06031955495833241,0.6981312184775046,0.8596919537686741,True,0.700774132178998,303.9093476825204
KOH,B2,198.5,0.2399588789299134,0.06085413986589572,0.6991869805016426,0.8606888928514849,True,0.700774132178998,303.9093476825204
KOH,B2,199.0,0.23837456440856108,0.06139340349131661,0.7002320313937993,0.8616804539584553,True,0.700774132178998,303.9093476825204
KOH,B2,199.5,0.2367963153467878,0.061937380367194095,0.7012663035756983,0.8626666395604928,True,0.700774132178998,303.9093476825204
KOH,B2,200.0,0.23522416411081437,0.06248610516612629,0.7022897300087427,0.8636474524815813,True,0.700774132178998,303.9093476825204
KOH,B2,200.5,0.233658142386739,0.0630396126979349,0.7033022441974568,0.8646228958961573,True,0.700774132178998,303.9093476825204
KOH,B2,201.0,0.23209828117864983,0.06359793790766677,0.7043037801919283,0.8655929733264311,True,0.700774132178998,303.9093476825204
KOH,B2,201.5,0.2305446108101794,0.06416111587481677,0.705294272589363,0.8665576886396643,True,0.700774132178998,303.9093476825204
KOH,B2,202.0,0.22899716092239508,0.06472918181077425,0.706273656537415,0.8675170460453947,True,0.700774132178998,303.9093476825204
KOH,B2,202.5,0.22745596047391015,0.06530217105760183,0.7072418677352976,0.8684710500926192,True,0.700774132178998,303.9093476825204
KOH,B2,203.0,0.22592103774154992,0.06588011908525981,0.7081988424361141,0.8694197056669282,True,0.700774132178998,303.9093476825204
KOH,B2,203.5,0.22439242031924156,0.06646306149094006,0.7091445174490785,0.8703630179875977,True,0.700774132178998,303.9093476825204
KOH,B2,204.0,0.22287013511912424,0.06705103399573531,0.7100788301410699,0.8713009926046372,True,0.700774132178998,303.9093476825204
KOH,B2,204.5,0.22135420837088304,0.06764407244297388,0.7110017184378536,0.8722336353957972,True,0.700774132178998,303.9093476825204
KOH,B2,205.0,0.21984466562352534,0.06824221279688736,0.7119131208279672,0.8731609525635362,True,0.700774132178998,303.9093476825204
KOH,B2,205.5,0.21834153174449256,0.068845491139502,0.7128129763607216,0.8740829506319465,True,0.700774132178998,303.9093476825204
KOH,B2,206.0,0.21684483092165863,0.06945394366819624,0.7137012246513086,0.8749996364436443,True,0.700774132178998,303.9093476825204
KOH,B2,206.5,0.2153545866629969,0.07006760669447942,0.7145778058800234,0.8759110171566226,True,0.700774132178998,303.9093476825204
KOH,B2,207.0,0.21387082179857853,0.07068651664066117,0.7154426607945963,0.8768171002410664,True,0.700774132178998,303.9093476825204
KOH,B2,207.5,0.2123935584815717,0.07131071003774192,0.7162957307107476,0.8777178934761376,True,0.700774132178998,303.9093476825204
KOH,B2,208.0,0.21092281818857472,0.07194022352319251,0.7171369575149633,0.8786134049467208,True,0.700774132178998,303.9093476825204
KOH,B2,208.5,0.2094586217219474,0.07257509383773453,0.7179662836632739,0.8795036430401448,True,0.700774132178998,303.9093476825204
KOH,B2,209.0,0.20800098921169852,0.07321535782356392,0.7187836521844737,0.880388616442865,True,0.700774132178998,303.9093476825204
KOH,B2,209.5,0.20654994011548578,0.07386105242046526,0.7195890066804544,0.8812683341371241,True,0.700774132178998,303.9093476825204
KOH,B2,210.0,0.20510549322216853,0.07451221466436841,0.7203822913260938,0.8821428053975786,True,0.700774132178998,303.9093476825204
KOH,B2,210.5,0.203667666652807,0.0751688816839069,0.7211634508724751,0.8830120397879019,True,0.700774132178998,303.9093476825204
KOH,B2,211.0,0.20223647786277166,0.07583109069742022,0.7219324306455555,0.8838760471573593,True,0.700774132178998,303.9093476825204
KOH,B2,211.5,0.20081194364474086,0.07649887900995633,0.7226891765477195,0.8847348376373605,True,0.700774132178998,303.9093476825204
KOH,B2,212.0,0.199394080129367,0.07717228401071807,0.7234336350590009,0.8855884216379865,True,0.700774132178998,303.9093476825204
KOH,B2,212.5,0.19798290278882913,0.0778513431696215,0.7241657532371937,0.8864368098444957,True,0.700774132178998,303.9093476825204
KOH,B2,213.0,0.1965784264403858,0.0785360940338542,0.7248854787180736,0.8872800132138082,True,0.700774132178998,303.9093476825204
KOH,B2,213.5,0.1951806652458199,0.07922657422532176,0.7255927597178413,0.8881180429709713,True,0.700774132178998,303.9093476825204
KOH,B2,214.0,0.19378963271821092,0.07992282143653995,0.7262875450306794,0.888950910605604,True,0.700774132178998,303.9093476825204
KOH,B2,214.5,0.192405341721269,0.08062487342841429,0.7269697840328604,0.8897786278683275,True,0.700774132178998,303.9093476825204
KOH,B2,215.0,0.19102780447477485,0.08133276802491096,0.7276394266795272,0.8906012067671767,True,0.700774132178998,303.9093476825204
KOH,B2,215.5,0.18965703255702238,0.08204654311128046,0.7282964235075795,0.8914186595639968,True,0.700774132178998,303.9093476825204
KOH,B2,216.0,0.18829303690726107,0.08276623663050486,0.7289407256354519,0.8922309987708263,True,0.700774132178998,303.9093476825204
KOH,B2,216.5,0.18693582782969287,0.08349188657708062,0.7295722847631136,0.8930382371462684,True,0.700774132178998,303.9093476825204
KOH,B2,217.0,0.18558541499746894,0.08422353099657442,0.7301910531725131,0.8938403876918483,True,0.700774132178998,303.9093476825204
KOH,B2,217.5,0.18424180745491014,0.0849612079805162,0.7307969837282435,0.8946374636483612,True,0.700774132178998,303.9093476825204
KOH,B2,218.0,0.18290501362261402,0.08570495566040393,0.7313900298773213,0.8954294784922117,True,0.700774132178998,303.9093476825204
KOH,B2,218.5,0.18157504129989732,0.08645481220748152,0.7319701456496297,0.896216445931742,True,0.700774132178998,303.9093476825204
KOH,B2,219.0,0.18025189766968097,0.08721081582585555,0.7325372856583634,0.8969983799035556,True,0.700774132178998,303.9093476825204
KOH,B2,219.5,0.17893558930137665,0.08797300474938652,0.7330914051000281,0.8977752945688335,True,0.700774132178998,303.9093476825204
KOH,B2,220.0,0.17762612215643792,0.08874141723724804,0.7336324597542188,0.8985472043096461,True,0.700774132178998,303.9093476825204
KOH,B2,220.5,0.17632350159058063,0.08951609156926388,0.7341604059845075,0.8993141237252589,True,0.700774132178998,303.9093476825204
KOH,B2,221.0,0.1750277323602223,0.09029706604302135,0.7346752007388879,0.9000760676284376,True,0.700774132178998,303.9093476825204
KOH,B2,221.5,0.17373881862448037,0.09108437896676591,0.7351768015475546,0.900833051041751,True,0.700774132178998,303.9093476825204
KOH,B2,222.0,0.17245676395138965,0.09187806865718073,0.7356651665271219,0.9015850891938706,True,0.700774132178998,303.9093476825204
KOH,B2,222.5,0.1711815713212328,0.0926781734340576,0.7361402543775153,0.9023321975158726,True,0.700774132178998,303.9093476825204
KOH,B2,223.0,0.16991324313275769,0.09348473161452375,0.7366020243828597,0.9030743916375394,True,0.700774132178998,303.9093476825204
KOH,B2,223.5,0.16865178120473168,0.09429778151015533,0.7370504364123676,0.9038116873836656,True,0.700774132178998,303.9093476825204
KOH,B2,224.0,0.16739718678460136,0.09511736141964988,0.7374854509198947,0.9045441007703628,True,0.700774132178998,303.9093476825204
KOH,B2,224.5,0.16614946054938073,0.09594350962682796,0.7379070289450507,0.9052716480013725,True,0.700774132178998,303.9093476825204
KOH,B2,225.0,0.16490860261431095,0.09677626439219544,0.7383151321118664,0.9059943454643814,True,0.700774132178998,303.9093476825204
KOH,B2,225.5,0.16367461253419258,0.09761566395072308,0.7387097226301265,0.9067122097273428,True,0.700774132178998,303.9093476825204
KOH,B2,226.0,0.16244748931160125,0.09846174650518513,0.7390907632955912,0.9074252575348062,True,0.700774132178998,303.9093476825204
KOH,B2,226.5,0.16122723139977424,0.09931455022038627,0.7394582174895525,0.9081335058042518,True,0.700774132178998,303.9093476825204
KOH,B2,227.0,0.1600138367081616,0.1001741132187206,0.7398120491799443,0.908836971622436,True,0.700774132178998,303.9093476825204
KOH,B2,227.5,0.1588073026090875,0.1010404735743986,0.7401522229206758,0.9095356722417461,True,0.700774132178998,303.9093476825204
KOH,B2,228.0,0.15760762594041466,0.10191366930767387,0.7404787038536309,0.9102296250765626,True,0.700774132178998,303.9093476825204
KOH,B2,228.5,0.15641480301353816,0.10279373837862593,0.7407914577066688,0.9109188476996366,True,0.700774132178998,303.9093476825204
KOH,B2,229.0,0.1552288296167159,0.10368071868294138,0.741090450796289,0.9116033578384729,True,0.700774132178998,303.9093476825204
KOH,B2,229.5,0.15404970102261828,0.10457464804436434,0.7413756500269653,0.9122831733717347,True,0.700774132178998,303.9093476825204
KOH,B2,230.0,0.15287741199077054,0.10547556420914539,0.7416470228909233,0.9129583123256528,True,0.700774132178998,303.9093476825204
KOH,B2,230.5,0.15171195677687876,0.10638350484115655,0.7419045374703614,0.9136287928704551,True,0.700774132178998,303.9093476825204
KOH,B2,231.0,0.15055332913438413,0.10729850751411973,0.7421481624365622,0.9142946333168062,True,0.700774132178998,303.9093476825204
KOH,B2,231.5,0.14940152232378878,0.1082206097069438,0.7423778670523351,0.9149558521122692,True,0.700774132178998,303.9093476825204
KOH,B2,232.0,0.14825652911554243,0.1091498487948428,0.7425936211697959,0.9156124678377757,True,0.700774132178998,303.9093476825204
KOH,B2,232.5,0.14711834179759187,0.11008626204667138,0.7427953952334754,0.9162644992041217,True,0.700774132178998,303.9093476825204
KOH,B2,233.0,0.14598695217982183,0.1110298866147108,0.7429831602800974,0.916911965048473,True,0.700774132178998,303.9093476825204
KOH,B2,233.5,0.1448623516009384,0.11198075953111619,0.743156887940799,0.9175548843308945,True,0.700774132178998,303.9093476825204
KOH,B2,234.0,0.14374453093290995,0.11293891769859066,0.7433165504384665,0.9181932761308977,True,0.700774132178998,303.9093476825204
KOH,B2,234.5,0.1426334805887386,0.11390439788550033,0.7434621205930636,0.9188271596440067,True,0.700774132178998,303.9093476825204
KOH,B2,235.0,0.14152919052645707,0.11487723671876893,0.743593571819634,0.9194565541783448,True,0.700774132178998,303.9093476825204
KOH,B2,235.5,0.14043165025579007,0.1158574706756621,0.7437108781311874,0.9200814791512425,True,0.700774132178998,303.9093476825204
KOH,B2,236.0,0.1393408488450376,0.11684513607734814,0.7438140141373673,0.9207019540858695,True,0.700774132178998,303.9093476825204
KOH,B2,236.5,0.13825677492484978,0.11784026908379097,0.7439029550491139,0.9213179986078821,True,0.700774132178998,303.9093476825204
KOH,B2,237.0,0.13717941669577627,0.11884290568242584,0.74397767667711,0.9219296324421009,True,0.700774132178998,303.9093476825204
KOH,B2,237.5,0.13610876193426158,0.11985308168505071,0.7440381554333353,0.9225368754092087,True,0.700774132178998,303.9093476825204
KOH,B2,238.0,0.13504479799886226,0.12087083271650201,0.7440843683350629,0.9231397474224688,True,0.700774132178998,303.9093476825204
KOH,B2,238.5,0.13398751183424373,0.12189619421087983,0.7441162930028611,0.9237382684844743,True,0.700774132178998,303.9093476825204
KOH,B2,239.0,0.13293688997984,0.1229292014013339,0.7441339076643683,0.9243324586839163,True,0.700774132178998,303.9093476825204
KOH,B2,239.5,0.13189291857407248,0.12396988931362429,0.7441371911556249,0.9249223381923803,True,0.700774132178998,303.9093476825204
KOH,B2,240.0,0.13085558336145553,0.12501829275768372,0.744126122921962,0.9255079272611674,True,0.700774132178998,303.9093476825204
KOH,B2,240.5,0.12982486969814744,0.12607444632006803,0.7441006830204433,0.9260892462181429,True,0.700774132178998,303.9093476825204
KOH,B2,241.0,0.12880076255861184,0.12713838435574054,0.744060852122086,0.9266663154646071,True,0.700774132178998,303.9093476825204
KOH,B2,241.5,0.12778324653961448,0.12821014098118866,0.7440066115131927,0.9272391554722009,True,0.700774132178998,303.9093476825204
KOH,B2,242.0,0.12677230587021526,0.12928975006443189,0.7439379430971282,0.9278077867798301,True,0.700774132178998,303.9093476825204
KOH,B2,242.5,0.1257679244137666,0.13037724521858252,0.7438548293976499,0.9283722299906233,True,0.700774132178998,303.9093476825204
KOH,B2,243.0,0.12477008567568504,0.13147265979163159,0.7437572535597958,0.9289325057689157,True,0.700774132178998,303.9093476825204
KOH,B2,243.5,0.12377877281144478,0.1325760268606757,0.7436451993534376,0.929488634837261,True,0.700774132178998,303.9093476825204
KOH,B2,244.0,0.12279396862768799,0.1336873792210369,0.7435186511741687,0.9300406379734735,True,0.700774132178998,303.9093476825204
KOH,B2,244.5,0.12181565559488128,0.1348067493789351,0.7433775940468568,0.930588536007698,True,0.700774132178998,303.9093476825204
KOH,B2,245.0,0.12084381584687165,0.13593416954282844,0.7432220136287526,0.9311323498195087,True,0.700774132178998,303.9093476825204
KOH,B2,245.5,0.11987843119154462,0.13706967161408734,0.7430518962106003,0.9316721003350399,True,0.700774132178998,303.9093476825204
KOH,B2,246.0,0.11891948311437694,0.138213287179223,0.742867228720856,0.932207808524143,True,0.700774132178998,303.9093476825204
KOH,B2,246.5,0.11796695278509794,0.13936504750011736,0.7426679987270202,0.9327394953975784,True,0.700774132178998,303.9093476825204
KOH,B2,247.0,0.11702082106501699,0.14052498350536347,0.7424541944400787,0.9332671820042338,True,0.700774132178998,303.9093476825204
KOH,B2,247.5,0.11608106851013211,0.1416931257813836,0.742225804716723,0.9337908894283733,True,0.700774132178998,303.9093476825204
KOH,B2,248.0,0.11514767537978976,0.14286950456332548,0.7419828190626809,0.9343106387869208,True,0.700774132178998,303.9093476825204
KOH,B2,248.5,0.11422062164134772,0.14405414972640251,0.7417252276360475,0.9348264512267712,True,0.700774132178998,303.9093476825204
KOH,B2,249.0,0.11329988697617033,0.14524709077567977,0.7414530212501713,0.9353383479221332,True,0.700774132178998,303.9093476825204
KOH,B2,249.5,0.11238545078606776,0.14644835683674806,0.7411661913767631,0.9358463500719044,True,0.700774132178998,303.9093476825204
KOH,B2,250.0,0.11147729219862512,0.14765797664817448,0.740864730151225,0.9363504788970775,True,0.700774132178998,303.9093476825204
KOH,B2,250.5,0.11057539007253148,0.148875978549734,0.7405486303739828,0.9368507556381792,True,0.700774132178998,303.9093476825204
KOH,B2,251.0,0.10967972300490736,0.15010239047374974,0.7402178855153707,0.9373472015527381,True,0.700774132178998,303.9093476825204
KOH,B2,251.5,0.1087902693359677,0.15133723993709935,0.7398724897189624,0.937839837912787,True,0.700774132178998,303.9093476825204
KOH,B2,252.0,0.10790700715435086,0.1525805540294467,0.7395124378057893,0.9383286860023974,True,0.700774132178998,303.9093476825204
KOH,B2,252.5,0.10702991430555642,0.15383235940436002,0.7391377252785603,0.9388137671152443,True,0.700774132178998,303.9093476825204
KOH,B2,253.0,0.10615896839327732,0.15509268226931994,0.7387483483241031,0.9392951025522048,True,0.700774132178998,303.9093476825204
KOH,B2,253.5,0.10529414678872584,0.1563615483763936,0.7383443038195825,0.9397727136189867,True,0.700774132178998,303.9093476825204
KOH,B2,254.0,0.10443542663507444,0.15763898301268675,0.7379255893351644,0.9402466216237931,True,0.700774132178998,303.9093476825204
KOH,B2,254.5,0.10358278485211869,0.15892501098946354,0.7374922031391229,0.9407168478750156,True,0.700774132178998,303.9093476825204
KOH,B2,255.0,0.10273619814404888,0.16021965663282067,0.7370441442018372,0.941183413678963,True,0.700774132178998,303.9093476825204
KOH,B2,255.5,0.10189564300211451,0.16152294377369536,0.7365814122011205,0.9416463403376193,True,0.700774132178998,303.9093476825204
KOH,B2,256.0,0.1010610957126179,0.1628348957380954,0.7361040075248848,0.9421056491464365,True,0.700774132178998,303.9093476825204
KOH,B2,256.5,0.1002325323613551,0.16415553533510874,0.7356119312771359,0.9425613613921593,True,0.700774132178998,303.9093476825204
KOH,B2,257.0,0.09940992883827882,0.1654848848504642,0.7351051852833024,0.9430134983506818,True,0.700774132178998,303.9093476825204
KOH,B2,257.5,0.09859326084460385,0.1668229660323206,0.7345837720931225,0.943462081284936,True,0.700774132178998,303.9093476825204
KOH,B2,258.0,0.09778250389702592,0.16816980008504956,0.7340476949870833,0.9439071314428144,True,0.700774132178998,303.9093476825204
KOH,B2,258.5,0.09697763333238463,0.16952540765435842,0.7334969579801953,0.9443486700551231,True,0.700774132178998,303.9093476825204
KOH,B2,259.0,0.09617862431432478,0.1708898088221833,0.7329315658286539,0.9447867183335691,True,0.700774132178998,303.9093476825204
KOH,B2,259.5,0.09538545183818137,0.17226302309203412,0.7323515240331702,0.9452212974687765,True,0.700774132178998,303.9093476825204
KOH,B2,260.0,0.09459809073564251,0.17364506938211122,0.7317568388442997,0.9456524286283385,True,0.700774132178998,303.9093476825204
KOH,B2,260.5,0.09381651567919036,0.1750359660110945,0.7311475172697701,0.9460801329549011,True,0.700774132178998,303.9093476825204
KOH,B2,261.0,0.09304070119009467,0.17643573069281437,0.7305235670755916,0.946504431564274,True,0.700774132178998,303.9093476825204
KOH,B2,261.5,0.09227062163907895,0.1778443805215968,0.7298849967964927,0.9469253455435801,True,0.700774132178998,303.9093476825204
KOH,B2,262.0,0.09150625125498024,0.17926193196360352,0.7292318157372524,0.947342895949433,True,0.700774132178998,303.9093476825204
KOH,B2,262.5,0.09074756412807972,0.18068840084661808,0.728564033979584,0.9477571038061448,True,0.700774132178998,303.9093476825204
KOH,B2,263.0,0.0899945342154318,0.18212380234960968,0.7278816623879081,0.9481679901039702,True,0.700774132178998,303.9093476825204
KOH,B2,263.5,0.089247135345083,0.18356815099140888,0.7271847126149034,0.9485755757973771,True,0.700774132178998,303.9093476825204
KOH,B2,264.0,0.08850534122162301,0.18502146062160385,0.7264731971068361,0.9489798818033512,True,0.700774132178998,303.9093476825204
KOH,B2,264.5,0.0877691254304036,0.18648374441010418,0.725747129108445,0.9493809289997316,True,0.700774132178998,303.9093476825204
KOH,B2,265.0,0.08703846144242355,0.1879550148349285,0.7250065226696023,0.9497787382235756,True,0.700774132178998,303.9093476825204
KOH,B2,265.5,0.0863133226194357,0.1894352836746549,0.7242513926519756,0.9501733302695567,True,0.700774132178998,303.9093476825204
KOH,B2,266.0,0.0855936822168335,0.19092456199554242,0.7234817547319139,0.950564725888392,True,0.700774132178998,303.9093476825204
KOH,B2,266.5,0.08487951339142263,0.19242286014331533,0.7226976254086637,0.9509529457852992,True,0.700774132178998,303.9093476825204
KOH,B2,267.0,0.08417078920208709,0.19393018773050663,0.7218990220090316,0.9513380106184862,True,0.700774132178998,303.9093476825204
KOH,B2,267.5,0.08346748261711667,0.19544655362868646,0.7210859626947119,0.9517199409976689,True,0.700774132178998,303.9093476825204
KOH,B2,268.0,0.08276956651709355,0.19697196595735988,0.7202584664649514,0.9520987574826193,True,0.700774132178998,303.9093476825204
KOH,B2,268.5,0.08207701369911113,0.19850643207219854,0.7194165531667629,0.9524744805817452,True,0.700774132178998,303.9093476825204
KOH,B2,269.0,0.0813897968834354,0.2000499585566029,0.71856024349648,0.952847130750695,True,0.700774132178998,303.9093476825204
KOH,B2,269.5,0.08070788871394896,0.20160255121215442,0.7176895590093046,0.9532167283909984,True,0.700774132178998,303.9093476825204
KOH,B2,270.0,0.08003126176547859,0.20316421504595894,0.7168045221226382,0.9535832938487295,True,0.700774132178998,303.9093476825204
KOH,B2,270.5,0.07935988854623766,0.20473495426442945,0.7159051561227425,0.9539468474132039,True,0.700774132178998,303.9093476825204
KOH,B2,271.0,0.07869374150248909,0.20631477225796502,0.7149914851716233,0.9543074093157019,True,0.700774132178998,303.9093476825204
KOH,B2,271.5,0.07803279302254218,0.20790367159673195,0.714063534311693,0.95466499972822,True,0.700774132178998,303.9093476825204
KOH,B2,272.0,0.07737701544097142,0.2095016540177852,0.7131213294715444,0.9550196387622544,True,0.700774132178998,303.9093476825204
KOH,B2,272.5,0.07672638104128104,0.21110872041463224,0.7121648974732775,0.9553713464676054,True,0.700774132178998,303.9093476825204
KOH,B2,273.0,0.07608086206190023,0.2127248708301277,0.7111942660362747,0.9557201428312181,True,0.700774132178998,303.9093476825204
KOH,B2,273.5,0.07544043069773743,0.21435010444448288,0.71020946378475,0.956066047776043,True,0.700774132178998,303.9093476825204
KOH,B2,274.0,0.07480505910617552,0.21598441956705017,0.7092105202528565,0.9564090811599311,True,0.700774132178998,303.9093476825204
KOH,B2,274.5,0.07417471940796005,0.21762781362677508,0.7081974658906809,0.9567492627745487,True,0.700774132178998,303.9093476825204
KOH,B2,275.0,0.07354938369452668,0.2192802831613161,0.7071703320686851,0.9570866123443247,True,0.700774132178998,303.9093476825204
KOH,B2,275.5,0.07292902402711299,0.2209418238108274,0.7061291510854772,0.9574211495254222,True,0.700774132178998,303.9093476825204
KOH,B2,276.0,0.07231361244519618,0.2226124303053023,0.705073956172031,0.9577528939047371,True,0.700774132178998,303.9093476825204
KOH,B2,276.5,0.07170312096627107,0.22429209645791204,0.7040047814976802,0.9580818649989227,True,0.700774132178998,303.9093476825204
KOH,B2,277.0,0.07109752159073501,0.22598081515612378,0.7029216621747825,0.9584080822534372,True,0.700774132178998,303.9093476825204
KOH,B2,277.5,0.07049678630433043,0.22767857835015448,0.7018246342658241,0.9587315650416239,True,0.700774132178998,303.9093476825204
KOH,B2,278.0,0.06990088708347386,0.2293853770485299,0.7007137347880832,0.9590523326638086,True,0.700774132178998,303.9093476825204
KOH,B2,278.5,0.0693097958968103,0.23110120130498402,0.6995890017171824,0.9593704043464275,True,0.700774132178998,303.9093476825204
KOH,B2,279.0,0.06872348470965406,0.23282604021335196,0.6984504739953046,0.9596857992411776,True,0.700774132178998,303.9093476825204
KOH,B2,279.5,0.06814192548443287,0.23455988189868826,0.6972981915347454,0.9599985364241921,True,0.700774132178998,303.9093476825204
KOH,B2,280.0,0.06756509018823742,0.2363027135070528,0.6961321952223543,0.9603086348952392,True,0.700774132178998,303.9093476825204
KOH,B2,280.5,0.06699295079126699,0.23805452119951553,0.6949525269261958,0.9606161135769481,True,0.700774132178998,303.9093476825204
KOH,B2,281.0,0.06642547927415698,0.23981529014416303,0.6937592294982142,0.9609209913140527,True,0.700774132178998,303.9093476825204
KOH,B2,281.5,0.06586264762731275,0.2415850045069945,0.6925523467813388,0.9612232868726663,True,0.700774132178998,303.9093476825204
KOH,B2,282.0,0.06530442785646073,0.24336364744592665,0.6913319236132587,0.9615230189395723,True,0.700774132178998,303.9093476825204
KOH,B2,282.5,0.06475079198353662,0.24515120110213395,0.6900980058293094,0.9618202061215415,True,0.700774132178998,303.9093476825204
KOH,B2,283.0,0.06420171205023806,0.24694764659449753,0.6888506402695782,0.9621148669446727,True,0.700774132178998,303.9093476825204
KOH,B2,283.5,0.06365716012290967,0.2487529640100572,0.687589874781569,0.9624070198537541,True,0.700774132178998,303.9093476825204
KOH,B2,284.0,0.06311710829121076,0.25056713239823836,0.6863157582244206,0.9626966832116448,True,0.700774132178998,303.9093476825204
KOH,B2,284.5,0.0625815286736664,0.25239012976641106,0.6850283404740143,0.9629838752986837,True,0.700774132178998,303.9093476825204
KOH,B2,285.0,0.062050393418777716,0.25422193306900986,0.6837276724251939,0.9632686143121132,True,0.700774132178998,303.9093476825204
KOH,B2,285.5,0.06152367471035092,0.2560625182055354,0.6824138059975393,0.9635509183655298,True,0.700774132178998,303.9093476825204
KOH,B2,286.0,0.06100134476594299,0.2579118600114505,0.6810867941358101,0.9638308054883512,True,0.700774132178998,303.9093476825204
KOH,B2,286.5,0.06048337584241281,0.2597699322530733,0.6797466908177174,0.9641082936253075,True,0.700774132178998,303.9093476825204
KOH,B2,287.0,0.059969740236809344,0.26163670762291424,0.67839355105348,0.9643834006359503,True,0.700774132178998,303.9093476825204
KOH,B2,287.5,0.05946041028948024,0.2635121577327926,0.6770274308907087,0.9646561442941831,True,0.700774132178998,303.9093476825204
KOH,B2,288.0,0.05895535838629229,0.2653962531091736,0.6756483874172936,0.9649265422878123,True,0.700774132178998,303.9093476825204
KOH,B2,288.5,0.05845455696151802,0.2672889631889497,0.6742564787625138,0.9651946122181146,True,0.700774132178998,303.9093476825204
KOH,B2,289.0,0.05795797849783568,0.26919025631233495,0.6728517641030329,0.9654603715994281,True,0.700774132178998,303.9093476825204
KOH,B2,289.5,0.05746559553165831,0.27110009972064475,0.6714343036615666,0.965723837858758,True,0.700774132178998,303.9093476825204
KOH,B2,290.0,0.05697738065224556,0.27301845955074455,0.6700041587104355,0.9659850283354053,True,0.700774132178998,303.9093476825204
KOH,B2,290.5,0.05649330650658868,0.2749453008317193,0.6685613915753397,0.9662439602806092,True,0.700774132178998,303.9093476825204
KOH,B2,291.0,0.056013345799632575,0.27688058747998845,0.6671060656346928,0.9665006508572127,True,0.700774132178998,303.9093476825204
KOH,B2,291.5,0.05553747129627418,0.27882428229619727,0.6656382453218423,0.9667551171393406,True,0.700774132178998,303.9093476825204
KOH,B2,292.0,0.05506565582491518,0.28077634696233034,0.6641579961272903,0.9670073761121013,True,0.700774132178998,303.9093476825204
KOH,B2,292.5,0.054597872277462045,0.2827367420381588,0.6626653845993591,0.9672574446713003,True,0.700774132178998,303.9093476825204
KOH,B2,293.0,0.0541340936124346,0.2847054269581317,0.6611604783450797,0.967505339623175,True,0.700774132178998,303.9093476825204
KOH,B2,293.5,0.0536742928571865,0.28668236002893366,0.65964334602997,0.9677510776841418,True,0.700774132178998,303.9093476825204
KOH,B2,294.0,0.05321844310723911,0.28866749842837436,0.6581140573809208,0.9679946754805658,True,0.700774132178998,303.9093476825204
KOH,B2,294.5,0.05276651753183259,0.290660798201392,0.6565726831835317,0.9682361495485408,True,0.700774132178998,303.9093476825204
KOH,B2,295.0,0.0523184893723716,0.2926622142598312,0.6550192952852196,0.9684755163336894,True,0.700774132178998,303.9093476825204
KOH,B2,295.5,0.051874331945533925,0.2946717003808885,0.6534539665916661,0.9687127921909757,True,0.700774132178998,303.9093476825204
KOH,B2,296.0,0.051434018644824775,0.2966892092051143,0.6518767710690376,0.9689479933845367,True,0.700774132178998,303.9093476825204
KOH,B2,296.5,0.0509975229425752,0.2987146922355244,0.6502877837413212,0.9691811360875274,True,0.700774132178998,303.9093476825204
KOH,B2,297.0,0.05056481839038618,0.3007480998387102,0.6486870806914347,0.969412236381979,True,0.700774132178998,303.9093476825204
KOH,B2,297.5,0.050135878621127006,0.30278938124261856,0.6470747390574516,0.969641310258675,True,0.700774132178998,303.9093476825204
KOH,B2,298.0,0.04971067735071166,0.30483848453788376,0.6454508370332679,0.96986837361704,True,0.700774132178998,303.9093476825204
KOH,B2,298.5,0.049289188380541304,0.30689535667738355,0.6438154538652707,0.970093442265043,True,0.700774132178998,303.9093476825204
KOH,B2,299.0,0.048871385595505856,0.3089599434771273,0.6421686698510065,0.9703165319191145,True,0.700774132178998,303.9093476825204
KOH,B2,299.5,0.048457242969757175,0.31103218961736623,0.6405105663376265,0.9705376582040777,True,0.700774132178998,303.9093476825204
KOH,B2,300.0,0.04804673456471065,0.31311203864392567,0.6388412257172238,0.9707568366530922,True,0.700774132178998,303.9093476825204
KOH,B3,1.0,0.176517895571493,0.006694873366352994,0.8167872310358426,0.05853546109789392,False,7.020242476218883,301.78472167146816
KOH,B3,1.5,0.179854891065645,0.006640676764479991,0.8135044321946339,0.05942571601117635,False,7.020242476218883,301.78472167146816
KOH,B3,2.0,0.18323203591608106,0.006587152442172339,0.810180811599448,0.06032629382002982,False,7.020242476218883,301.78472167146816
KOH,B3,2.5,0.18664892579511871,0.006534296518090343,0.8068167776609236,0.06123720737961009,False,7.020242476218883,301.78472167146816
KOH,B3,3.0,0.190105123358153,0.00648210497300461,0.803412771607892,0.06215846642630438,False,7.020242476218883,301.78472167146816
KOH,B3,3.5,0.19360015826386245,0.00643057399862812,0.7999692676892156,0.06309007754231294,False,7.020242476218883,301.78472167146816
KOH,B3,4.0,0.19713352719641364,0.006379699726277721,0.7964867730225755,0.06403204412373016,False,7.020242476218883,301.78472167146816
KOH,B3,4.5,0.20070469390898182,0.006329478320798998,0.7929658277161522,0.06498436635224063,False,7.020242476218883,301.78472167146816
KOH,B3,5.0,0.20431308940160875,0.006279906046513517,0.7894070045055823,0.06594704117053607,False,7.020242476218883,301.78472167146816
KOH,B3,5.5,0.2079581120395524,0.006230979149091098,0.7858109087623966,0.06692006226155366,False,7.020242476218883,301.78472167146816
KOH,B3,6.0,0.21163912793475959,0.006182693933043382,0.7821781780736892,0.06790342003162457,False,7.020242476218883,301.78472167146816
KOH,B3,6.5,0.21535547120676846,0.0061350467361886984,0.7785094820014216,0.06889710159761468,False,7.020242476218883,301.78472167146816
KOH,B3,7.0,0.21910644436129445,0.006088033900120138,0.7748055216798555,0.06990109077812827,False,7.020242476218883,301.78472167146816
KOH,B3,7.5,0.22289131876229717,0.006041651831045769,0.7710670293525901,0.07091536808883622,True,7.020242476218883,301.78472167146816
KOH,B3,8.0,0.2267093351830951,0.0059958969249596095,0.7672947678429853,0.07193991074197965,True,7.020242476218883,301.78472167146816
KOH,B3,8.5,0.23055970431329342,0.0059507656313684265,0.7634895300068223,0.07297469265008866,True,7.020242476218883,301.78472167146816
KOH,B3,9.0,0.23444160743291143,0.0059062543968924075,0.7596521381154631,0.07401968443394562,True,7.020242476218883,301.78472167146816
KOH,B3,9.5,0.23835419712847639,0.005862359694130959,0.7557834431111132,0.07507485343481081,True,7.020242476218883,301.78472167146816
KOH,B3,10.0,0.2422965980135583,0.005819078042978987,0.7518843238922823,0.07614016373091609,True,7.020242476218883,301.78472167146816
KOH,B3,10.5,0.24626790755410966,0.005776405932689244,0.7479556864598003,0.07721557615822183,True,7.020242476218883,301.78472167146816
KOH,B3,11.0,0.2502671969346615,0.005734339894480911,0.743998463113904,0.07830104833542018,True,7.020242476218883,301.78472167146816
KOH,B3,11.5,0.2542935119886902,0.005692876477336739,0.7400136114770195,0.07939653469315557,True,7.020242476218883,301.78472167146816
KOH,B3,12.0,0.2583458741589606,0.005652012218915203,0.7360021135640604,0.08050198650742246,True,7.020242476218883,301.78472167146816
KOH,B3,12.5,0.26242328152270566,0.005611743698175076,0.7319649747319357,0.08161735193708858,True,7.020242476218883,301.78472167146816
KOH,B3,13.0,0.2665247098503354,0.005572067462544794,0.7279032226292781,0.08274257606547993,True,7.020242476218883,301.78472167146816
KOH,B3,13.5,0.27064911373986256,0.005532980112077368,0.7238179060962135,0.08387760094595356,True,7.020242476218883,301.78472167146816
KOH,B3,14.0,0.2747954277408926,0.00549447821129867,0.7197100939935197,0.08502236565137242,True,7.020242476218883,301.78472167146816
KOH,B3,14.5,0.27896256754833537,0.005456558354932639,0.7155808740431091,0.0861768063273863,True,7.020242476218883,301.78472167146816
KOH,B3,15.0,0.2831494312353078,0.005419217131485965,0.711431351582914,0.08734085624941232,True,7.020242476218883,301.78472167146816
KOH,B3,15.5,0.287354900503356,0.005382451134572364,0.7072626483113353,0.0885144458831991,True,7.020242476218883,301.78472167146816
KOH,B3,16.0,0.2915778419572135,0.00534625695247648,0.7030759010330234,0.08969750294884865,True,7.020242476218883,301.78472167146816
KOH,B3,16.5,0.29581710842807585,0.005310631183252923,0.6988722603340491,0.09088995248816116,True,7.020242476218883,301.78472167146816
KOH,B3,17.0,0.300071540283664,0.0052755704105234,0.6946528892499693,0.09209171693516036,True,7.020242476218883,301.78472167146816
KOH,B3,17.5,0.30433996678058683,0.005241071227790606,0.6904189619416634,0.09330271618964801,True,7.020242476218883,301.78472167146816
KOH,B3,18.0,0.3086212074149275,0.005207130220785672,0.6861716623112191,0.09452286769362957,True,7.020242476218883,301.78472167146816
KOH,B3,18.5,0.3129140733051372,0.005173743974351552,0.6819121826693308,0.09575208651044674,True,7.020242476218883,301.78472167146816
KOH,B3,19.0,0.3172173685609403,0.005140909058898302,0.6776417223293141,0.09699028540644575,True,7.020242476218883,301.78472167146816
KOH,B3,19.5,0.3215298916536824,0.005108622053384693,0.6733614862433068,0.09823737493500605,True,7.020242476218883,301.78472167146816
KOH,B3,20.0,0.3258504367947834,0.005076879525667266,0.6690726836272587,0.09949326352274845,True,7.020242476218883,301.78472167146816
KOH,B3,20.5,0.3301777953215179,0.005045678038939627,0.6647765265876959,0.10075785755773912,True,7.020242476218883,301.78472167146816
KOH,B3,21.0,0.33451075705359656,0.0050150141518434665,0.6604742287448229,0.10203106147950124,True,7.020242476218883,301.78472167146816
KOH,B3,21.5,0.33884811163797934,0.004984884407810419,0.6561670039021417,0.10331277787064463,True,7.020242476218883,301.78472167146816
KOH,B3,22.0,0.34318864991100817,0.004955285360930262,0.6518560646823213,0.10460290754992244,True,7.020242476218883,301.78472167146816
KOH,B3,22.5,0.34753116518859706,0.0049262135431993315,0.6475426212245727,0.10590134966652111,True,7.020242476218883,301.78472167146816
KOH,B3,23.0,0.3518744545982777,0.004897665486947034,0.6432278798701452,0.10720800179539151,True,7.020242476218883,301.78472167146816
KOH,B3,23.5,0.3562173203401908,0.004869637721172104,0.6389130418933409,0.10852276003342827,True,7.020242476218883,301.78472167146816
KOH,B3,24.0,0.36055857094074995,0.004842126766102517,0.6345993022449647,0.10984551909630601,True,7.020242476218883,301.78472167146816
KOH,B3,24.5,0.36489702248576616,0.004815129136082064,0.6302878483345209,0.11117617241578219,True,7.020242476218883,301.78472167146816
KOH,B3,25.0,0.36923149978695946,0.0047886413371278636,0.6259798588340582,0.11251461223727961,True,7.020242476218883,301.78472167146816
KOH,B3,25.5,0.3735608375642352,0.004762659878254638,0.6216765025169879,0.1138607297175634,True,7.020242476218883,301.78472167146816
KOH,B3,26.0,0.3778838815472474,0.004737181260261458,0.617378937157409,0.11521441502233148,True,7.020242476218883,301.78472167146816
KOH,B3,26.5,0.3821994895694125,0.004712201973289254,0.6130883084193295,0.11657555742354153,True,7.020242476218883,301.78472167146816
KOH,B3,27.0,0.3865065326068562,0.004687718518581185,0.608805748837371,0.11794404539630168,True,7.020242476218883,301.78472167146816
KOH,B3,27.5,0.3908038957807225,0.0046637273815042235,0.6045323768038013,0.11931976671515741,True,7.020242476218883,301.78472167146816
KOH,B3,28.0,0.3950904793058596,0.004640225053309521,0.6002692956075251,0.12070260854961222,True,7.020242476218883,301.78472167146816
KOH,B3,28.5,0.3993651994208536,0.004617208018808938,0.5960175925259215,0.1220924575587263,True,7.020242476218883,301.78472167146816
KOH,B3,29.0,0.4036269892430111,0.004594672772417763,0.59177833795232,0.12348919998464243,True,7.020242476218883,301.78472167146816
KOH,B3,29.5,0.40787479959475403,0.004572615793951851,0.5875525845803753,0.12489272174489575,True,7.020242476218883,301.78472167146816
KOH,B3,30.0,0.4121075997802759,0.00455103358065756,0.5833413666102572,0.1263029085233706,True,7.020242476218883,301.78472167146816
KOH,B3,30.5,0.4163243783101289,0.0045299226186790165,0.579145699044048,0.12771964585977472,True,7.020242476218883,301.78472167146816
KOH,B3,31.0,0.4205241435816798,0.0045092794104251155,0.5749665769821388,0.12914281923750784,True,7.020242476218883,301.78472167146816
KOH,B3,31.5,0.4247059245149343,0.004489100451587902,0.5708049750088318,0.13057231416980997,True,7.020242476218883,301.78472167146816
KOH,B3,32.0,0.4288687711245798,0.004469382251848231,0.5666618465988149,0.1320080162840813,True,7.020242476218883,301.78472167146816
KOH,B3,32.5,0.4330117550705448,0.0044501213202763346,0.5625381235859761,0.1334498114042743,True,7.020242476218883,301.78472167146816
KOH,B3,33.0,0.4371339701332855,0.004431314181985169,0.5584347156651348,0.134897585631265,True,7.020242476218883,301.78472167146816
KOH,B3,33.5,0.4412345326541556,0.004412957363086889,0.554352509963385,0.1363512254211192,True,7.020242476218883,301.78472167146816
KOH,B3,34.0,0.44531258193680756,0.0043950474062359746,0.5502923706399709,0.13781061766117658,True,7.020242476218883,301.78472167146816
KOH,B3,34.5,0.44936728058625475,0.004377580859804553,0.5462551385383985,0.13927564974388373,True,7.020242476218883,301.78472167146816
KOH,B3,35.0,0.4533978148096307,0.004360554288374008,0.5422416308886735,0.14074620963831297,True,7.020242476218883,301.78472167146816
KOH,B3,35.5,0.45740339467803537,0.004343964268627154,0.5382526410411259,0.1422221859593149,True,7.020242476218883,301.78472167146816
KOH,B3,36.0,0.46138325433731087,0.004327807390402949,0.5342889382630167,0.14370346803425557,True,7.020242476218883,301.78472167146816
KOH,B3,36.5,0.46533665217046716,0.004312080262969253,0.5303512675580158,0.14518994596729973,True,7.020242476218883,301.78472167146816
KOH,B3,37.0,0.4692628709379587,0.0042967795091386485,0.5264403495460757,0.1466815107012072,True,7.020242476218883,301.78472167146816
KOH,B3,37.5,0.4731612178604516,0.004281901771541197,0.5225568803637337,0.14817805407661555,True,7.020242476218883,301.78472167146816
KOH,B3,38.0,0.4770310246633991,0.00426744371206933,0.518701531619814,0.14967946888879163,True,7.020242476218883,301.78472167146816
KOH,B3,38.5,0.48087164760116097,0.004253402013348895,0.51487495038266,0.15118564894183645,True,7.020242476218883,301.78472167146816
KOH,B3,39.0,0.48468246741925625,0.0042397733778787305,0.5110777592031712,0.1526964891003392,True,7.020242476218883,301.78472167146816
KOH,B3,39.5,0.4884628893010723,0.0042265545340258726,0.5073105561665125,0.15421188533847735,True,7.020242476218883,301.78472167146816
KOH,B3,40.0,0.49221234277971315,0.00421374222819848,0.5035739149961416,0.15573173478656901,True,7.020242476218883,301.78472167146816
KOH,B3,40.5,0.49593028160330177,0.004201333238168514,0.49986838516413723,0.15725593577508667,True,7.020242476218883,301.78472167146816
KOH,B3,41.0,0.49961618359184445,0.004189324362663394,0.4961944920543193,0.15878438787614851,True,7.020242476218883,301.78472167146816
KOH,B3,41.5,0.5032695504426088,0.00417771242894327,0.49255273713799674,0.16031699194250573,True,7.020242476218883,301.78472167146816
KOH,B3,42.0,0.506889907529201,0.004166494294632894,0.4889435981865198,0.16185365014405242,True,7.020242476218883,301.78472167146816
KOH,B3,42.5,0.5104768036623131,0.004155666841976213,0.4853675295094506,0.16339426600188459,True,7.020242476218883,301.78472167146816
KOH,B3,43.0,0.5140298108242403,0.0041452269848862855,0.48182496220516846,0.1649387444199429,True,7.020242476218883,301.78472167146816
KOH,B3,43.5,0.5175485238954891,0.004135171670693882,0.47831630445072104,0.1664869917142741,True,7.020242476218883,301.78472167146816
KOH,B3,44.0,0.5210325603452748,0.004125497871737549,0.4748419418018901,0.16803891563995177,True,7.020242476218883,301.78472167146816
KOH,B3,44.5,0.5244815599060593,0.004116202599296903,0.47140223751580834,0.169594425415699,True,7.020242476218883,301.78472167146816
KOH,B3,45.0,0.5278951842387081,0.004107282894585951,0.46799753288950807,0.17115343174625833,True,7.020242476218883,301.78472167146816
KOH,B3,45.5,0.5312731165709461,0.004098735835428302,0.4646281476195224,0.17271584684255806,True,7.020242476218883,301.78472167146816
KOH,B3,46.0,0.5346150613228934,0.004090558529373789,0.4612943801745595,0.17428158443972463,True,7.020242476218883,301.78472167146816
KOH,B3,46.5,0.5379207437230943,0.004082748127326452,0.45799650817864024,0.17585055981299436,True,7.020242476218883,301.78472167146816
KOH,B3,47.0,0.5411899094073663,0.0040753018090283755,0.45473478881517815,0.1774226897915787,True,7.020242476218883,301.78472167146816
KOH,B3,47.5,0.544422324006949,0.004068216796056234,0.451509459229435,0.17899789277053924,True,7.020242476218883,301.78472167146816
KOH,B3,48.0,0.547617772733662,0.004061490346811414,0.4483207369547007,0.1805760887207293,True,7.020242476218883,301.78472167146816
KOH,B3,48.5,0.5507760599424011,0.0040551197552571305,0.44516882033823063,0.18215719919686163,True,7.020242476218883,301.78472167146816
KOH,B3,49.0,0.5538970087038408,0.004049102357107925,0.4420538889771536,0.18374114734376026,True,7.020242476218883,301.78472167146816
KOH,B3,49.5,0.556980460354694,0.004043435527314315,0.43897610415902927,0.18532785790085807,True,7.020242476218883,301.78472167146816
KOH,B3,50.0,0.5600262740496977,0.004038116678930018,0.4359356093133655,0.18691725720499947,True,7.020242476218883,301.78472167146816
KOH,B3,50.5,0.5630343263153216,0.004033143268437987,0.4329325304609739,0.1885092731916098,True,7.020242476218883,301.78472167146816
KOH,B3,51.0,0.5660045105895829,0.00402851278861506,0.42996697666882433,0.19010383539429276,True,7.020242476218883,301.78472167146816
KOH,B3,51.5,0.568936736764631,0.004024222777281039,0.4270390405072405,0.1917008749429162,True,7.020242476218883,301.78472167146816
KOH,B3,52.0,0.5718309307281289,0.004020270812216814,0.4241487985103785,0.19330032456024818,True,7.020242476218883,301.78472167146816
KOH,B3,52.5,0.5746870339050497,0.004016654515916207,0.4212963116313542,0.1949021185572035,True,7.020242476218883,301.78472167146816
KOH,B3,53.0,0.577505002797768,0.004013371548580724,0.4184816257074356,0.19650619282676116,True,7.020242476218883,301.78472167146816
KOH,B3,53.5,0.5802848085282932,0.004010419616742866,0.4157047719118012,0.1981124848366124,True,7.020242476218883,301.78472167146816
KOH,B3,54.0,0.5830264363788847,0.004007796468120939,0.4129657672112333,0.1997209336205985,True,7.020242476218883,301.78472167146816
KOH,B3,54.5,0.5857298853427645,0.00400549989508503,0.41026461482208954,0.20133147976899693,True,7.020242476218883,301.78472167146816
KOH,B3,55.0,0.5883951676702026,0.004003527732970857,0.40760130465884725,0.20294406541771268,True,7.020242476218883,301.78472167146816
KOH,B3,55.5,0.5910223084250321,0.0040018778590805715,0.404975813779046,0.20455863423643236,True,7.020242476218883,301.78472167146816
KOH,B3,56.0,0.5936113450363129,0.004000548197935494,0.4023881068321161,0.20617513141579577,True,7.020242476218883,301.78472167146816
KOH,B3,56.5,0.596162326866323,0.003999536713455987,0.3998381364877651,0.2077935036536398,True,7.020242476218883,301.78472167146816
KOH,B3,57.0,0.5986753147708967,0.003998841418717536,0.3973258438795674,0.20941369914036798,True,7.020242476218883,301.78472167146816
KOH,B3,57.5,0.6011503806814256,0.003998460366444467,0.3948511590239484,0.21103566754349806,True,7.020242476218883,301.78472167146816
KOH,B3,58.0,0.6035876071738555,0.003998391657156208,0.3924140012422639,0.21265935999143806,True,7.020242476218883,301.78472167146816
KOH,B3,58.5,0.6059870870604445,0.0039986334339214835,0.3900142795814632,0.21428472905654103,True,7.020242476218883,301.78472167146816
KOH,B3,59.0,0.6083489229783134,0.003999183885050606,0.38765189321463,0.21591172873748618,True,7.020242476218883,301.78472167146816
KOH,B3,59.5,0.6106732269886006,0.0040000412410423625,0.3853267318489062,0.21754031444103406,True,7.020242476218883,301.78472167146816
KOH,B3,60.0,0.6129601201862456,0.004001203780301665,0.3830386761145832,0.21917044296320104,True,7.020242476218883,301.78472167146816
KOH,B3,60.5,0.6152097323059713,0.004002669823977012,0.38078759795334705,0.22080207246989741,True,7.020242476218883,301.78472167146816
KOH,B3,61.0,0.6174222013500263,0.004004437736654376,0.3785733609994457,0.2224351624770718,True,7.020242476218883,301.78472167146816
KOH,B3,61.5,0.6195976732135122,0.004006505928688675,0.3763958209445084,0.22406967383040388,True,7.020242476218883,301.78472167146816
KOH,B3,62.0,0.6217363013220623,0.004008872854760481,0.37425482591163517,0.22570556868458466,True,7.020242476218883,301.78472167146816
KOH,B3,62.5,0.623838246279873,0.0040115370127935535,0.3721502167984003,0.2273428104822238,True,7.020242476218883,301.78472167146816
KOH,B3,63.0,0.6259036755134895,0.004014496944482193,0.37008182763423325,0.2289813639324206,True,7.020242476218883,301.78472167146816
KOH,B3,63.5,0.6279327629445108,0.004017751238732936,0.3680494859111261,0.2306211949890347,True,7.020242476218883,301.78472167146816
KOH,B3,64.0,0.6299256886517501,0.004021298524392591,0.3660530129186712,0.23226227082869125,True,7.020242476218883,301.78472167146816
KOH,B3,64.5,0.6318826385524612,0.00402513747671529,0.3640922240681077,0.2339045598285535,True,7.020242476218883,301.78472167146816
KOH,B3,65.0,0.6338038040851757,0.004029266813115884,0.3621669292009355,0.23554803154389406,True,7.020242476218883,301.78472167146816
KOH,B3,65.5,0.6356893819081666,0.004033685295834477,0.360276932896586,0.2371926566854962,True,7.020242476218883,301.78472167146816
KOH,B3,66.0,0.6375395735992995,0.004038391729632718,0.35842203477343126,0.23883840709691362,True,7.020242476218883,301.78472167146816
KOH,B3,66.5,0.6393545853691229,0.004043384962959529,0.3566020297722239,0.24048525573161686,True,7.020242476218883,301.78472167146816
KOH,B3,67.0,0.6411346277794827,0.004048663886924153,0.35481670843984237,0.2421331766300529,True,7.020242476218883,301.78472167146816
KOH,B3,67.5,0.6428799154703513,0.004054227435545954,0.3530658572019618,0.24378214489664266,True,7.020242476218883,301.78472167146816
KOH,B3,68.0,0.6445906668959833,0.0040600745866425925,0.35134925862634336,0.245432136676742,True,7.020242476218883,301.78472167146816
KOH,B3,68.5,0.6462671040718404,0.004066204359554071,0.34966669167979525,0.24708312913358746,True,7.020242476218883,301.78472167146816
KOH,B3,69.0,0.6479094523199058,0.004072615815531311,0.3480179319774179,0.24873510042524968,True,7.020242476218883,301.78472167146816
KOH,B3,69.5,0.649517940034372,0.004079308057902686,0.3464027520217461,0.2503880296816146,True,7.020242476218883,301.78472167146816
KOH,B3,70.0,0.6510927984453851,0.0040862802346830485,0.3448209214364506,0.2520418969814126,True,7.020242476218883,301.78472167146816
KOH,B3,70.5,0.6526342613943914,0.004093531532300965,0.34327220719143625,0.25369668332931317,True,7.020242476218883,301.78472167146816
KOH,B3,71.0,0.6541425651195865,0.0041010611797620555,0.341756373820834,0.25535237063310334,True,7.020242476218883,301.78472167146816
KOH,B3,71.5,0.6556179480414204,0.0041088684478718385,0.34027318363111236,0.2570089416809664,True,7.020242476218883,301.78472167146816
KOH,B3,72.0,0.6570606505644228,0.00411695264884715,0.33882239690946614,0.2586663801188756,True,7.020242476218883,301.78472167146816
KOH,B3,72.5,0.6584709148770296,0.004125313133984676,0.33740377211249895,0.2603246704281188,True,7.020242476218883,301.78472167146816
KOH,B3,73.0,0.6598489847665645,0.004133949297158157,0.33601706606145587,0.26198379790296566,True,7.020242476218883,301.78472167146816
KOH,B3,73.5,0.661195105435719,0.004142860573042029,0.3346620341190265,0.26364374862849266,True,7.020242476218883,301.78472167146816
KOH,B3,74.0,0.6625095233267486,0.004152046433392176,0.3333384303683684,0.26530450945857575,True,7.020242476218883,301.78472167146816
KOH,B3,74.5,0.6637924859567157,0.004161506394040337,0.33204600777902993,0.266966067994063,True,7.020242476218883,301.78472167146816
KOH,B3,75.0,0.6650442417516222,0.004171240008510324,0.33078451837242895,0.26862841256113756,True,7.020242476218883,301.78472167146816
KOH,B3,75.5,0.666265039890368,0.0041812468692392635,0.32955371337350936,0.2702915321898794,True,7.020242476218883,301.78472167146816
KOH,B3,76.0,0.6674551301611431,0.004191526609353957,0.3283533433641739,0.27195541659303624,True,7.020242476218883,301.78472167146816
KOH,B3,76.5,0.6686147628099381,0.004202078901505146,0.32718315842528156,0.273620056145011,True,7.020242476218883,301.78472167146816
KOH,B3,77.0,0.6697441884077615,0.004212903455813599,0.32604290827464855,0.27528544186107357,True,7.020242476218883,301.78472167146816
KOH,B3,77.5,0.6708436577190224,0.004224000021924024,0.324932342398665,0.27695156537680327,True,7.020242476218883,301.78472167146816
KOH,B3,78.0,0.6719134215709688,0.0042353683881724,0.3238512101818025,0.278618418927769,True,7.020242476218883,301.78472167146816
KOH,B3,78.5,0.6729537307376687,0.004247008380919848,0.3227992610238539,0.2802859953294525,True,7.020242476218883,301.78472167146816
KOH,B3,79.0,0.6739648358204398,0.004258919864996713,0.3217762444589489,0.2819542879574197,True,7.020242476218883,301.78472167146816
KOH,B3,79.5,0.6749469871379365,0.004271102742647859,0.3207819102642451,0.2836232907277451,True,7.020242476218883,301.78472167146816
KOH,B3,80.0,0.6759004346236219,0.004283556954365331,0.3198160085682855,0.28529299807769265,True,7.020242476218883,301.78472167146816
KOH,B3,80.5,0.6768254277203511,0.004296282477722624,0.3188782899497533,0.2869634049466577,True,7.020242476218883,301.78472167146816
KOH,B3,81.0,0.6777222152865026,0.004309279327985305,0.31796850553500455,0.28863450675737207,True,7.020242476218883,301.78472167146816
KOH,B3,81.5,0.6785910455042732,0.004322547557389367,0.31708640709027236,0.2903062993973766,True,7.020242476218883,301.78472167146816
KOH,B3,82.0,0.6794321657920821,0.004336087254031007,0.31623174710609936,0.29197877920076143,True,7.020242476218883,301.78472167146816
KOH,B3,82.5,0.6802458227221919,0.004349898545696895,0.3154042788861555,0.2936519429301774,True,7.020242476218883,301.78472167146816
KOH,B3,83.0,0.6810322619403286,0.0043639815937579485,0.31460375662095696,0.29532578775911955,True,7.020242476218883,301.78472167146816
KOH,B3,83.5,0.6817917280949048,0.004378336597610222,0.3138299354645824,0.2970003112544846,True,7.020242476218883,301.78472167146816
KOH,B3,84.0,0.6825244647581941,0.004392963792509974,0.3130825716074481,0.29867551135940207,True,7.020242476218883,301.78472167146816
KOH,B3,84.5,0.683230714368932,0.004407863449518157,0.3123614223408122,0.3003513863763408,True,7.020242476218883,301.78472167146816
KOH,B3,85.0,0.6839107181620396,0.004423035876166548,0.31166624612233296,0.3020279349504902,True,7.020242476218883,301.78472167146816
KOH,B3,85.5,0.6845647161102253,0.004438481416069173,0.3109968026362431,0.303705156053417,True,7.020242476218883,301.78472167146816
KOH,B3,86.0,0.6851929468674189,0.004454200446812884,0.3103528528481947,0.30538304896699686,True,7.020242476218883,301.78472167146816
KOH,B3,86.5,0.6857956477179794,0.004470193384120691,0.3097341590627689,0.30706161326761966,True,7.020242476218883,301.78472167146816
KOH,B3,87.0,0.6863730545211277,0.00448646067618963,0.3091404849683288,0.3087408488106694,True,7.020242476218883,301.78472167146816
KOH,B3,87.5,0.6869254016689252,0.0045030028087422735,0.3085715956890889,0.31042075571527583,True,7.020242476218883,301.78472167146816
KOH,B3,88.0,0.6874529220398662,0.004519820300696864,0.30802725782730356,0.31210133434933823,True,7.020242476218883,301.78472167146816
KOH,B3,88.5,0.6879558469571334,0.004536913707831047,0.3075072395046785,0.31378258531481845,True,7.020242476218883,301.78472167146816
KOH,B3,89.0,0.6884344061497405,0.004554283619562227,0.3070113104010064,0.31546450943330334,True,7.020242476218883,301.78472167146816
KOH,B3,89.5,0.6888888277203353,0.004571930659946766,0.30653924179180336,0.3171471077318332,True,7.020242476218883,301.78472167146816
KOH,B3,90.0,0.6893193381045659,0.0045898554887902066,0.3060908065795065,0.3188303814289961,True,7.020242476218883,301.78472167146816
KOH,B3,90.5,0.6897261620480988,0.004608058798649672,0.3056657793268913,0.3205143319212848,True,7.020242476218883,301.78472167146816
KOH,B3,91.0,0.6901095225730902,0.00462654131894169,0.3052639362841614,0.322198960769714,True,7.020242476218883,301.78472167146816
KOH,B3,91.5,0.690469640951541,0.004645303810391077,0.3048850554150384,0.3238842696866975,True,7.020242476218883,301.78472167146816
KOH,B3,92.0,0.6908067366838688,0.004664347070360009,0.3045289164237408,0.32557026052318033,True,7.020242476218883,301.78472167146816
KOH,B3,92.5,0.6911210274755941,0.004683671929850419,0.30419530077330226,0.32725693525602595,True,7.020242476218883,301.78472167146816
KOH,B3,93.0,0.6914127292180217,0.004703279253504,0.30388399170921954,0.3289442959756543,True,7.020242476218883,301.78472167146816
KOH,B3,93.5,0.6916820559665915,0.004723169939935268,0.3035947742751066,0.3306323448739278,True,7.020242476218883,301.78472167146816
KOH,B3,94.0,0.6919292199295546,0.004743344921953607,0.30332743533101336,0.3323210842322852,True,7.020242476218883,301.78472167146816
KOH,B3,94.5,0.6921544314504313,0.004763805167007362,0.3030817635661931,0.33401051641011703,True,7.020242476218883,301.78472167146816
KOH,B3,95.0,0.6923578989960211,0.004784551674852366,0.30285754951320243,0.33570064383338255,True,7.020242476218883,301.78472167146816
KOH,B3,95.5,0.6925398291464102,0.004805585480549546,0.3026545855591145,0.3373914689834638,True,7.020242476218883,301.78472167146816
KOH,B3,96.0,0.6927004265817605,0.004826907651245271,0.3024726659529575,0.3390829943862549,True,7.020242476218883,301.78472167146816
KOH,B3,96.5,0.6928398940796443,0.004848519290279185,0.3023115868181492,0.3407752226014825,True,7.020242476218883,301.78472167146816
KOH,B3,97.0,0.6929584325026106,0.004870421532188196,0.30217114615405105,0.3424681562122557,True,7.020242476218883,301.78472167146816
KOH,B3,97.5,0.6930562407980734,0.004892615546481238,0.3020511438456275,0.34416179781484135,True,7.020242476218883,301.78472167146816
KOH,B3,98.0,0.6931335159910956,0.004915102535418825,0.3019513816638897,0.34585615000866216,True,7.020242476218883,301.78472167146816
KOH,B3,98.5,0.6931904531835009,0.004937883737010651,0.3018716632716689,0.34755121538651473,True,7.020242476218883,301.78472167146816
KOH,B3,99.0,0.6932272455498767,0.004960960420352656,0.3018117942227283,0.34924699652500424,True,7.020242476218883,301.78472167146816
KOH,B3,99.5,0.693244084341682,0.004984333889512804,0.301771581962762,0.350943495975193,True,7.020242476218883,301.78472167146816
KOH,B3,100.0,0.6932411588840282,0.005008005482309841,0.3017508358288401,0.35264071625345833,True,7.020242476218883,301.78472167146816
KOH,B3,100.5,0.6932186565788978,0.005031976569203067,0.30174936704774336,0.3543386598325601,True,7.020242476218883,301.78472167146816
KOH,B3,101.0,0.6931767629085872,0.005056248555845855,0.3017669887326324,0.3560373291329107,True,7.020242476218883,301.78472167146816
KOH,B3,101.5,0.6931156614394807,0.005080822879754976,0.301803515878607,0.3577367265140474,True,7.020242476218883,301.78472167146816
KOH,B3,102.0,0.6930355338252703,0.005105701013752295,0.30185876536026335,0.359436854266303,True,7.020242476218883,301.78472167146816
KOH,B3,102.5,0.6929365598141723,0.005130884463522278,0.3019325559220354,0.3611377146026712,True,7.020242476218883,301.78472167146816
KOH,B3,103.0,0.6928189172553667,0.005156374769277328,0.3020247081763072,0.36283930965086525,True,7.020242476218883,301.78472167146816
KOH,B3,103.5,0.6926827821044368,0.005182173504314491,0.3021350445928661,0.36454164144556467,True,7.020242476218883,301.78472167146816
KOH,B3,104.0,0.6925283284348049,0.005208282275681597,0.3022633894922411,0.36624471192084945,True,7.020242476218883,301.78472167146816
KOH,B3,104.5,0.6923557284415072,0.005234702725065432,0.3024095690367101,0.3679485229028171,True,7.020242476218883,301.78472167146816
KOH,B3,105.0,0.6921651524550709,0.005261436527903562,0.3025734112207523,0.3696530761023796,True,7.020242476218883,301.78472167146816
KOH,B3,105.5,0.6919567689499528,0.005288485394050468,0.3027547458612778,0.371358373108239,True,7.020242476218883,301.78472167146816
KOH,B3,106.0,0.6917307445530874,0.005315851066001187,0.30295340458708075,0.37306441538003693,True,7.020242476218883,301.78472167146816
KOH,B3,106.5,0.6914872440582087,0.005343535322555049,0.3031692208261827,0.3747712042416762,True,7.020242476218883,301.78472167146816
KOH,B3,107.0,0.691226430436398,0.00537153997515194,0.3034020297956186,0.3764787408748112,True,7.020242476218883,301.78472167146816
KOH,B3,107.5,0.6909484648475184,0.00539986687053684,0.30365166848989045,0.378187026312505,True,7.020242476218883,301.78472167146816
KOH,B3,108.0,0.69065350665376,0.005428517890093687,0.30391797566564627,0.37989606143304944,True,7.020242476218883,301.78472167146816
KOH,B3,108.5,0.6903417134327405,0.005457494948291064,0.3042007918294676,0.3816058469539462,True,7.020242476218883,301.78472167146816
KOH,B3,109.0,0.6900132409903836,0.005486799995568781,0.30449995922454676,0.38331638342604696,True,7.020242476218883,301.78472167146816
KOH,B3,109.5,0.6896682433769064,0.005516435017560717,0.3048153218171423,0.38502767122784676,True,7.020242476218883,301.78472167146816
KOH,B3,110.0,0.6893068728984764,0.005546402033429487,0.3051467252804807,0.3867397105599331,True,7.020242476218883,301.78472167146816
KOH,B3,110.5,0.6889292801336433,0.0055767030981979104,0.3054940169812115,0.38845250143958343,True,7.020242476218883,301.78472167146816
KOH,B3,111.0,0.6885356139486598,0.00560734030186083,0.3058570459627541,0.39016604369551117,True,7.020242476218883,301.78472167146816
KOH,B3,111.5,0.6881260215123586,0.005638315769718183,0.3062356629318641,0.39188033696275737,True,7.020242476218883,301.78472167146816
KOH,B3,112.0,0.6877006483114734,0.005669631662597041,0.30662972024142476,0.393595380677725,True,7.020242476218883,301.78472167146816
KOH,B3,112.5,0.6872596381659601,0.0057012901765185475,0.30703907187323853,0.3953111740733537,True,7.020242476218883,301.78472167146816
KOH,B3,113.0,0.68680313324887,0.005733293543030982,0.30746357342426034,0.3970277161744336,True,7.020242476218883,301.78472167146816
KOH,B3,113.5,0.6863312740976735,0.00576564403065305,0.30790308208872297,0.3987450057930538,True,7.020242476218883,301.78472167146816
KOH,B3,114.0,0.6858441996343556,0.005798343942431394,0.30835745664048453,0.400463041524186,True,7.020242476218883,301.78472167146816
KOH,B3,114.5,0.6853420471816252,0.005831395618716151,0.3088265574173743,0.40218182174139766,True,7.020242476218883,301.78472167146816
KOH,B3,115.0,0.68482495247979,0.005864801435606637,0.3093102463030961,0.40390134459269705,True,7.020242476218883,301.78472167146816
KOH,B3,115.5,0.6842930497037436,0.00589856380539544,0.30980838671035293,0.40562160799650254,True,7.020242476218883,301.78472167146816
KOH,B3,116.0,0.6837464714799513,0.005932685177789665,0.3103208435619731,0.40734260963773994,True,7.020242476218883,301.78472167146816
KOH,B3,116.5,0.683185348904991,0.005967168039577864,0.31084748327636635,0.4090643469640597,True,7.020242476218883,301.78472167146816
KOH,B3,117.0,0.6826098115635393,0.0060020149128536815,0.3113881737450974,0.4107868171821782,True,7.020242476218883,301.78472167146816
KOH,B3,117.5,0.6820199875441357,0.0060372283590126585,0.311942784318453,0.41251001725433534,True,7.020242476218883,301.78472167146816
KOH,B3,118.0,0.6814160034592787,0.006072810975199516,0.31251118578767834,0.41423394389487145,True,7.020242476218883,301.78472167146816
KOH,B3,118.5,0.6807979844618561,0.006108765397638827,0.3130932503628836,0.415958593566918,True,7.020242476218883,301.78472167146816
KOH,B3,119.0,0.6801660542646859,0.006145094299303544,0.3136888516588332,0.4176839624792022,True,7.020242476218883,301.78472167146816
KOH,B3,119.5,0.6795203351565027,0.006181800391802383,0.3142978646755168,0.41941004658296344,True,7.020242476218883,301.78472167146816
KOH,B3,120.0,0.678860948021609,0.006218886424491643,0.3149201657778322,0.42113684156897846,True,7.020242476218883,301.78472167146816
KOH,B3,120.5,0.6781880123584161,0.006256355185474405,0.3155556326801534,0.4228643428646969,True,7.020242476218883,301.78472167146816
KOH,B3,121.0,0.6775016462967631,0.0062942095018225785,0.31620414442568023,0.42459254563148013,True,7.020242476218883,301.78472167146816
KOH,B3,121.5,0.6768019666175684,0.006332452239354858,0.316865581369008,0.42632144476194767,True,7.020242476218883,301.78472167146816
KOH,B3,122.0,0.6760890887669291,0.006371086302636719,0.3175398251560324,0.42805103487742496,True,7.020242476218883,301.78472167146816
KOH,B3,122.5,0.6753631268813232,0.006410114635868602,0.31822675870885053,0.42978131032549416,True,7.020242476218883,301.78472167146816
KOH,B3,123.0,0.6746241938007103,0.006449540223552042,0.31892626620244613,0.43151226517764324,True,7.020242476218883,301.78472167146816
KOH,B3,123.5,0.6738724010877384,0.006489366088824333,0.3196382330500347,0.4332438932270159,True,7.020242476218883,301.78472167146816
KOH,B3,124.0,0.6731078590475059,0.00652959529612307,0.3203625458829684,0.4349761879862565,True,7.020242476218883,301.78472167146816
KOH,B3,124.5,0.6723306767457693,0.006570230950075917,0.32109909253152935,0.43670914268545213,True,7.020242476218883,301.78472167146816
KOH,B3,125.0,0.671540962024153,0.00661127619527857,0.32184776200827603,0.4384427502701686,True,7.020242476218883,301.78472167146816
KOH,B3,125.5,0.6707388215231314,0.006652734217515999,0.32260844448683823,0.4401770033995792,True,7.020242476218883,301.78472167146816
KOH,B3,126.0,0.6699243606967942,0.006694608245205735,0.32338103128626283,0.4419118944446854,True,7.020242476218883,301.78472167146816
KOH,B3,126.5,0.6690976838316098,0.006736901545845164,0.32416541485080774,0.4436474154866282,True,7.020242476218883,301.78472167146816
KOH,B3,127.0,0.6682588940661871,0.006779617430230367,0.32496148873184527,0.44538355831508797,True,7.020242476218883,301.78472167146816
KOH,B3,127.5,0.6674080934069293,0.0068227592513459,0.3257691475704316,0.4471203144267729,True,7.020242476218883,301.78472167146816
KOH,B3,128.0,0.6665453827480183,0.006866330403809684,0.32658828707710086,0.4488576750239942,True,7.020242476218883,301.78472167146816
KOH,B3,128.5,0.6656708618884011,0.006910334324983225,0.32741880401543355,0.4505956310133263,True,7.020242476218883,301.78472167146816
KOH,B3,129.0,0.664784629549442,0.006954774495526728,0.32826059618373815,0.4523341730043527,True,7.020242476218883,301.78472167146816
KOH,B3,129.5,0.6638867833941298,0.006999654439621139,0.329113562395289,0.454073291308494,True,7.020242476218883,301.78472167146816
KOH,B3,130.0,0.662977420043509,0.007044977723857926,0.329977602461895,0.45581297593791953,True,7.020242476218883,301.78472167146816
KOH,B3,130.5,0.6620566350941104,0.007090747960125654,0.33085261717524794,0.4575532166045392,True,7.020242476218883,301.78472167146816
KOH,B3,131.0,0.6611245231366025,0.007136968802945454,0.331738508289825,0.45929400271907705,True,7.020242476218883,301.78472167146816
KOH,B3,131.5,0.6601811777726674,0.007183643952690666,0.3326351785034598,0.4610353233902228,True,7.020242476218883,301.78472167146816
KOH,B3,132.0,0.6592266916332079,0.007230777154809687,0.3335425314411333,0.4627771674238631,True,7.020242476218883,301.78472167146816
KOH,B3,132.5,0.6582611563944463,0.007278372198493699,0.334460471636433,0.46451952332238955,True,7.020242476218883,301.78472167146816
KOH,B3,133.0,0.6572846627953544,0.00732643291945223,0.33538890451434433,0.4662623792840841,True,7.020242476218883,301.78472167146816
KOH,B3,133.5,0.6562973006563055,0.00737496319924702,0.3363277363741535,0.468005723202579,True,7.020242476218883,301.78472167146816
KOH,B3,134.0,0.6552991588942847,0.007423966964847928,0.33727687437035136,0.46974954266639385,True,7.020242476218883,301.78472167146816
KOH,B3,134.5,0.6542903255402077,0.007473448190631338,0.3382362264984229,0.47149382495854447,True,7.020242476218883,301.78472167146816
KOH,B3,135.0,0.6532708877570181,0.007523410898047089,0.33920570157386365,0.4732385570562272,True,7.020242476218883,301.78472167146816
KOH,B3,135.5,0.6522409318551192,0.0075738591551743895,0.3401852092184132,0.474983725630574,True,7.020242476218883,301.78472167146816
KOH,B3,136.0,0.6512005433090273,0.007624797078276124,0.3411746598415144,0.4767293170464814,True,7.020242476218883,301.78472167146816
KOH,B3,136.5,0.6501498067744693,0.0076762288307996585,0.3421739646227717,0.4784753173625089,True,7.020242476218883,301.78472167146816
KOH,B3,137.0,0.649088806105591,0.007728158625375237,0.34318303549718543,0.48022171233084887,True,7.020242476218883,301.78472167146816
KOH,B3,137.5,0.64801762436828,0.007780590723260872,0.34420178513683286,0.48196848739736575,True,7.020242476218883,301.78472167146816
KOH,B3,138.0,0.6469363438590392,0.00783352943500848,0.34523012693410404,0.48371562770170456,True,7.020242476218883,301.78472167146816
KOH,B3,138.5,0.6458450461207521,0.00788697912013081,0.3462679749868247,0.4854631180774685,True,7.020242476218883,301.78472167146816
KOH,B3,139.0,0.644743811958004,0.007940944188433718,0.34731524408060377,0.48721094305246315,True,7.020242476218883,301.78472167146816
KOH,B3,139.5,0.6436327214534021,0.007995429100127183,0.3483718496730681,0.4889590868490092,True,7.020242476218883,301.78472167146816
KOH,B3,140.0,0.6425118539816754,0.00805043836593633,0.3494377078788746,0.4907075333843213,True,7.020242476218883,301.78472167146816
KOH,B3,140.5,0.6413812882278824,0.008105976548211657,0.35051273545017025,0.4924562662709528,True,7.020242476218883,301.78472167146816
KOH,B3,141.0,0.6402411022005117,0.008162048259929833,0.3515968497651567,0.4942052688173075,True,7.020242476218883,301.78472167146816
KOH,B3,141.5,0.6390913732483572,0.008218658167580273,0.3526899688095497,0.49595452402821394,True,7.020242476218883,301.78472167146816
KOH,B3,142.0,0.6379321780753955,0.008275810987834475,0.3537920111620352,0.4977040146055668,True,7.020242476218883,301.78472167146816
KOH,B3,142.5,0.6367635927553295,0.008333511492208956,0.35490289597728264,0.4994537229490311,True,7.020242476218883,301.78472167146816
KOH,B3,143.0,0.6355856927462433,0.008391764504400712,0.3560225429735109,0.5012036311568099,True,7.020242476218883,301.78472167146816
KOH,B3,143.5,0.6343985529075891,0.008450574901841534,0.3571508724147243,0.5029537210264753,True,7.020242476218883,301.78472167146816
KOH,B3,144.0,0.6332022475115107,0.008509947616586189,0.3582878050951699,0.5047039740558622,True,7.020242476218883,301.78472167146816
KOH,B3,144.5,0.6319968502612738,0.008569887634202189,0.3594332623271246,0.506454371444024,True,7.020242476218883,301.78472167146816
KOH,B3,145.0,0.6307824343021462,0.008630399996434335,0.36058716592335394,0.5082048940922506,True,7.020242476218883,301.78472167146816
KOH,B3,145.5,0.6295590722378286,0.008691489800316532,0.3617494381835673,0.5099555226051464,True,7.020242476218883,301.78472167146816
KOH,B3,146.0,0.6283268361442218,0.00875316219750566,0.36292000187931883,0.5117062372917706,True,7.020242476218883,301.78472167146816
KOH,B3,146.5,0.6270857975834154,0.008815422397168149,0.36409878023957454,0.5134570181668373,True,7.020242476218883,301.78472167146816
KOH,B3,147.0,0.6258360276163444,0.00887827566575794,0.36528569693738966,0.5152078449519758,True,7.020242476218883,301.78472167146816
KOH,B3,147.5,0.6245775968196643,0.008941727325240123,0.3664806760736994,0.5169586970770504,True,7.020242476218883,301.78472167146816
KOH,B3,148.0,0.6233105752959656,0.009005782756865699,0.3676836421651064,0.51870955368154,True,7.020242476218883,301.78472167146816
KOH,B3,148.5,0.6220350326893165,0.009070447400061354,0.36889452012811574,0.5204603936159765,True,7.020242476218883,301.78472167146816
KOH,B3,149.0,0.6207510381981418,0.009135726751541284,0.3701132352664782,0.5222111954434406,True,7.020242476218883,301.78472167146816
KOH,B3,149.5,0.6194586605881014,0.00920162636952604,0.3713397132580898,0.5239619374411183,True,7.020242476218883,301.78472167146816
KOH,B3,150.0,0.6181579682058569,0.009268151868857544,0.37257388013989257,0.5257125976019129,True,7.020242476218883,301.78472167146816
KOH,B3,150.5,0.6168490289917283,0.009335308928104524,0.37381566229388596,0.5274631536361153,True,7.020242476218883,301.78472167146816
KOH,B3,151.0,0.6155319104925727,0.00940310328334526,0.3750649864371347,0.5292135829731324,True,7.020242476218883,301.78472167146816
KOH,B3,151.5,0.6142066798737744,0.009471540733496653,0.3763217796046714,0.5309638627632709,True,7.020242476218883,301.78472167146816
KOH,B3,152.0,0.6128734039330119,0.009540627139204005,0.3775859691390604,0.532713969879579,True,7.020242476218883,301.78472167146816
KOH,B3,152.5,0.6115321491111381,0.009610368423063065,0.3788574826755209,0.5344638809197425,True,7.020242476218883,301.78472167146816
KOH,B3,153.0,0.610182981507501,0.009680770569842068,0.38013624813171276,0.5362135722080389,True,7.020242476218883,301.78472167146816
KOH,B3,153.5,0.6088259668877161,0.009751839628036052,0.3814221936919715,0.5379630197973453,True,7.020242476218883,301.78472167146816
KOH,B3,154.0,0.6074611706987643,0.009823581709866858,0.38271524779798227,0.5397121994712027,True,7.020242476218883,301.78472167146816
KOH,B3,154.5,0.6060886580803171,0.009896002992171304,0.38401533913345887,0.5414610867459341,True,7.020242476218883,301.78472167146816
KOH,B3,155.0,0.6047084938756164,0.009969109715735058,0.3853223966137076,0.5432096568728184,True,7.020242476218883,301.78472167146816
KOH,B3,155.5,0.603320742643465,0.010042908187291033,0.3866363493727487,0.5449578848403175,True,7.020242476218883,301.78472167146816
KOH,B3,156.0,0.601925468670439,0.010117404779741435,0.3879571267524362,0.546705745376358,True,7.020242476218883,301.78472167146816
KOH,B3,156.5,0.6005227359806575,0.010192605931269583,0.3892846582893572,0.5484532129506663,True,7.020242476218883,301.78472167146816
KOH,B3,157.0,0.5991126083482179,0.010268518148226491,0.3906188737035077,0.5502002617771568,True,7.020242476218883,301.78472167146816
KOH,B3,157.5,0.597695149307631,0.010345148004464733,0.39195970288652404,0.5519468658163738,True,7.020242476218883,301.78472167146816
KOH,B3,158.0,0.5962704221647019,0.010422502141116397,0.3933070758914692,0.5536929987779857,True,7.020242476218883,301.78472167146816
KOH,B3,158.5,0.5948384900071879,0.010500587268147399,0.3946609229203979,0.5554386341233304,True,7.020242476218883,301.78472167146816
KOH,B3,159.0,0.5933994157163447,0.010579410165689751,0.3960211743128106,0.5571837450680153,True,7.020242476218883,301.78472167146816
KOH,B3,159.5,0.5919532619746981,0.010658977682265203,0.3973877605363274,0.5589283045845664,True,7.020242476218883,301.78472167146816
KOH,B3,160.0,0.5905000912795888,0.010739296737671822,0.3987606121744758,0.5606722854051303,True,7.020242476218883,301.78472167146816
KOH,B3,160.5,0.5890399659516099,0.010820374322095816,0.4001396599164764,0.5624156600242268,True,7.020242476218883,301.78472167146816
KOH,B3,161.0,0.5875729481448211,0.010902217498109934,0.40152483454614085,0.5641584007015528,True,7.020242476218883,301.78472167146816
KOH,B3,161.5,0.5860990998556304,0.010984833399119154,0.4029160669321019,0.5659004794648347,True,7.020242476218883,301.78472167146816
KOH,B3,162.0,0.5846184829354506,0.011068229232913396,0.40431328801804334,0.5676418681127332,True,7.020242476218883,301.78472167146816
KOH,B3,162.5,0.5831311590953625,0.011152412278558899,0.40571642881004344,0.5693825382177965,True,7.020242476218883,301.78472167146816
KOH,B3,163.0,0.5816371899214356,0.011237389890395022,0.4071254203708019,0.5711224611294625,True,7.020242476218883,301.78472167146816
KOH,B3,163.5,0.5801366368787253,0.011323169497146068,0.4085401938052069,0.5728616079771109,True,7.020242476218883,301.78472167146816
KOH,B3,164.0,0.5786295613237069,0.011409758601921283,0.40996068025345167,0.5745999496731634,True,7.020242476218883,301.78472167146816
KOH,B3,164.5,0.5771160245118256,0.01149716478399121,0.4113868108817087,0.576337456916232,True,7.020242476218883,301.78472167146816
KOH,B3,165.0,0.5755960876063781,0.011585395699231782,0.4128185168703613,0.5780741001943145,True,7.020242476218883,301.78472167146816
KOH,B3,165.5,0.5740698116871723,0.011674459079458188,0.41425572940734234,0.5798098497880395,True,7.020242476218883,301.78472167146816
KOH,B3,166.0,0.5725372577605192,0.011764362735089406,0.41569837967658785,0.5815446757739556,True,7.020242476218883,301.78472167146816
KOH,B3,166.5,0.5709984867643403,0.011855114554260027,0.41714639885159777,0.5832785480278697,True,7.020242476218883,301.78472167146816
KOH,B3,167.0,0.5694535595808237,0.011946722503486384,0.41859971808411167,0.5850114362282303,True,7.020242476218883,301.78472167146816
KOH,B3,167.5,0.5679025370386448,0.012039194630109051,0.4200582684976695,0.5867433098595556,True,7.020242476218883,301.78472167146816
KOH,B3,168.0,0.5663454799280654,0.012132539059406255,0.4215219811776194,0.5884741382159097,True,7.020242476218883,301.78472167146816
KOH,B3,168.5,0.5647824490011555,0.012226763999034773,0.42299078716268035,0.5902038904044208,True,7.020242476218883,301.78472167146816
KOH,B3,169.0,0.5632135049857823,0.012321877737031528,0.42446461743783637,0.591932535348846,True,7.020242476218883,301.78472167146816
KOH,B3,169.5,0.5616387085889407,0.012417888644478126,0.42594340292501087,0.593660041793178,True,7.020242476218883,301.78472167146816
KOH,B3,170.0,0.5600581205058575,0.01251480517439063,0.4274270744759612,0.5953863783052981,True,7.020242476218883,301.78472167146816
KOH,B3,170.5,0.5584718014270962,0.012612635862607746,0.428915562864951,0.5971115132806685,True,7.020242476218883,301.78472167146816
KOH,B3,171.0,0.5568798120438867,0.012711389329567169,0.43040879877898064,0.5988354149460715,True,7.020242476218883,301.78472167146816
KOH,B3,171.5,0.5552822130572288,0.01281107428030559,0.4319067128122356,0.600558051363387,True,7.020242476218883,301.78472167146816
KOH,B3,172.0,0.5536790651832213,0.012911699505346874,0.43340923545942545,0.6022793904334135,True,7.020242476218883,301.78472167146816
KOH,B3,172.5,0.5520704291606116,0.013013273880035925,0.4349162971051257,0.6039993998997293,True,7.020242476218883,301.78472167146816
KOH,B3,173.0,0.5504563657547923,0.013115806367647309,0.4364278280208911,0.6057180473525946,True,7.020242476218883,301.78472167146816
KOH,B3,173.5,0.5488369357671274,0.013219306018275034,0.43794375835615185,0.6074353002328936,True,7.020242476218883,301.78472167146816
KOH,B3,174.0,0.5472122000385049,0.013323781968832549,0.43946401813155234,0.6091511258361151,True,7.020242476218883,301.78472167146816
KOH,B3,174.5,0.545582219456664,0.013429243446827499,0.4409885372327338,0.6108654913163731,True,7.020242476218883,301.78472167146816
KOH,B3,175.0,0.5439470549617464,0.013535699768141285,0.4425172454043391,0.6125783636904641,True,7.020242476218883,301.78472167146816
KOH,B3,175.5,0.5423067675505155,0.013643160338361326,0.4440500722429075,0.6142897098419638,True,7.020242476218883,301.78472167146816
KOH,B3,176.0,0.5406614182841274,0.013751634653669242,0.44558694719110115,0.615999496525359,True,7.020242476218883,301.78472167146816
KOH,B3,176.5,0.5390110682916838,0.013861132302617207,0.4471277995321543,0.6177076903702169,True,7.020242476218883,301.78472167146816
KOH,B3,177.0,0.537355778774673,0.013971662965017728,0.44867255838410003,0.6194142578853893,True,7.020242476218883,301.78472167146816
KOH,B3,177.5,0.5356956110142974,0.014083236413720002,0.45022115269288676,0.621119165463254,True,7.020242476218883,301.78472167146816
KOH,B3,178.0,0.5340306263743599,0.014195862514831958,0.4517735112292698,0.6228223793839865,True,7.020242476218883,301.78472167146816
KOH,B3,178.5,0.5323608863061491,0.014309551229274575,0.4533295625808176,0.6245238658198705,True,7.020242476218883,301.78472167146816
KOH,B3,179.0,0.5306864523528798,0.014424312611449608,0.45488923514902524,0.6262235908396369,True,7.020242476218883,301.78472167146816
KOH,B3,179.5,0.5290073861552447,0.014540156813014349,0.45645245714220906,0.6279215204128379,True,7.020242476218883,301.78472167146816
KOH,B3,180.0,0.5273237494538563,0.014657094080883226,0.458019156572842,0.6296176204142517,True,7.020242476218883,301.78472167146816
KOH,B3,180.5,0.5256356040934662,0.014775134759670294,0.4595892612520025,0.6313118566283189,True,7.020242476218883,301.78472167146816
KOH,B3,181.0,0.5239430120274058,0.014894289291245144,0.4611626987836015,0.6330041947536068,True,7.020242476218883,301.78472167146816
KOH,B3,181.5,0.5222460353209168,0.015014568215621082,0.46273939656238383,0.6346946004073069,True,7.020242476218883,301.78472167146816
KOH,B3,182.0,0.5205447361555926,0.015135982173397622,0.46431928176748904,0.6363830391297564,True,7.020242476218883,301.78472167146816
KOH,B3,182.5,0.5188391768300438,0.015258541903095946,0.4659022813600089,0.6380694763889919,True,7.020242476218883,301.78472167146816
KOH,B3,183.0,0.5171294197663379,0.015382258245377756,0.4674883220789905,0.6397538775853272,True,7.020242476218883,301.78472167146816
KOH,B3,183.5,0.5154155275099992,0.015507142142157093,0.46907733043566324,0.6414362080559584,True,7.020242476218883,301.78472167146816
KOH,B3,184.0,0.5136975627351159,0.015633204636378295,0.4706692327132167,0.6431164330795939,True,7.020242476218883,301.78472167146816
KOH,B3,184.5,0.5119755882454502,0.015760456874458484,0.4722639549612495,0.6447945178811103,True,7.020242476218883,301.78472167146816
KOH,B3,185.0,0.510249666977991,0.015888910107619836,0.4738614229928828,0.64647042763623,True,7.020242476218883,301.78472167146816
KOH,B3,185.5,0.5085198620049525,0.016018575688780956,0.47546156238142956,0.6481441274762229,True,7.020242476218883,301.78472167146816
KOH,B3,186.0,0.506786236534662,0.01614946507833004,0.47706429845884024,0.6498155824926305,True,7.020242476218883,301.78472167146816
KOH,B3,186.5,0.5050488539164455,0.01628158984146033,0.47866955631081787,0.6514847577420086,True,7.020242476218883,301.78472167146816
KOH,B3,187.0,0.5033077776390726,0.016414961649280357,0.48027726077726207,0.6531516182506946,True,7.020242476218883,301.78472167146816
KOH,B3,187.5,0.5015630713347541,0.016549592281034364,0.48188733644649595,0.6548161290195881,True,7.020242476218883,301.78472167146816
KOH,B3,188.0,0.49981479878002943,0.016685493623880276,0.483499707655044,0.656478255028956,True,7.020242476218883,301.78472167146816
KOH,B3,188.5,0.4980630238964334,0.016822677673333786,0.48511429848585585,0.6581379612432502,True,7.020242476218883,301.78472167146816
KOH,B3,189.0,0.49630781075227226,0.016961156535488797,0.48673103276453134,0.6597952126159439,True,7.020242476218883,301.78472167146816
KOH,B3,189.5,0.49454922356417796,0.017100942425019028,0.48834983405976473,0.6614499740943837,True,7.020242476218883,301.78472167146816
KOH,B3,190.0,0.49278732669622016,0.017242047669396854,0.48997062567956995,0.6631022106246537,True,7.020242476218883,301.78472167146816
KOH,B3,190.5,0.4910221846630147,0.01738448470689491,0.49159333067239075,0.6647518871564568,True,7.020242476218883,301.78472167146816
KOH,B3,191.0,0.4892538621275033,0.017528266087918354,0.49321787182310395,0.6663989686480047,True,7.020242476218883,301.78472167146816
KOH,B3,191.5,0.48748242390317387,0.017673404477447363,0.49484417165412964,0.6680434200709222,True,7.020242476218883,301.78472167146816
KOH,B3,192.0,0.48570793495472664,0.01781991265370486,0.49647215242276665,0.6696852064151599,True,7.020242476218883,301.78472167146816
KOH,B3,192.5,0.48393046039585386,0.01796780350948879,0.4981017361223028,0.6713242926939171,True,7.020242476218883,301.78472167146816
KOH,B3,193.0,0.48215006548968375,0.01811709005394846,0.4997328444804605,0.6729606439485739,True,7.020242476218883,301.78472167146816
KOH,B3,193.5,0.4803668156503349,0.018267785412362514,0.5013653989573985,0.6745942252536284,True,7.020242476218883,301.78472167146816
KOH,B3,194.0,0.47858077644180597,0.018419902826805057,0.5029993207481542,0.6762250017216427,True,7.020242476218883,301.78472167146816
KOH,B3,194.5,0.47679201357508916,0.018573455657033833,0.5046345307806455,0.6778529385081906,True,7.020242476218883,301.78472167146816
KOH,B3,195.0,0.4750005929101686,0.018728457382266583,0.5062709497167805,0.6794780008168135,True,7.020242476218883,301.78472167146816
KOH,B3,195.5,0.4732065804526897,0.01888492160029287,0.5079084979520143,0.6811001539039753,True,7.020242476218883,301.78472167146816
KOH,B3,196.0,0.47141004235573547,0.019042862029916563,0.5095470956157921,0.6827193630840217,True,7.020242476218883,301.78472167146816
KOH,B3,196.5,0.46961104491538563,0.019202292510067664,0.5111866625722161,0.684335593734139,True,7.020242476218883,301.78472167146816
KOH,B3,197.0,0.4678096545720489,0.01936322700135662,0.5128271184204891,0.6859488112993122,True,7.020242476218883,301.78472167146816
KOH,B3,197.5,0.46600593790580014,0.019525679587850675,0.5144683824964691,0.6875589812972822,True,7.020242476218883,301.78472167146816
KOH,B3,198.0,0.46419996163815647,0.01968966447574161,0.5161103738717809,0.6891660693235006,True,7.020242476218883,301.78472167146816
KOH,B3,198.5,0.4623917926278587,0.019855195995344133,0.5177530113587014,0.6907700410560788,True,7.020242476218883,301.78472167146816
KOH,B3,199.0,0.46058149786909475,0.020022288602650207,0.5193962135063845,0.6923708622607341,True,7.020242476218883,301.78472167146816
KOH,B3,199.5,0.45876914448905737,0.02019095687799677,0.5210398986068565,0.693968498795728,True,7.020242476218883,301.78472167146816
KOH,B3,200.0,0.4569547997470558,0.020361215528952314,0.5226839846934617,0.6955629166167984,True,7.020242476218883,301.78472167146816
KOH,B3,200.5,0.45513853103118507,0.02053307938942872,0.5243283895450812,0.6971540817820818,True,7.020242476218883,301.78472167146816
KOH,B3,201.0,0.45332040585344124,0.020706563421679647,0.5259730306863553,0.6987419604570277,True,7.020242476218883,301.78472167146816
KOH,B3,201.5,0.4515004918512755,0.020881682716078487,0.5276178253899033,0.700326518919299,True,7.020242476218883,301.78472167146816
KOH,B3,202.0,0.44967885678071084,0.021058452492228596,0.5292626906796549,0.7019077235636634,True,7.020242476218883,301.78472167146816
KOH,B3,202.5,0.4478555685147878,0.021236888101183737,0.5309075433328481,0.7034855409068698,True,7.020242476218883,301.78472167146816
KOH,B3,203.0,0.4460306950411219,0.021417005022783542,0.5325522998809173,0.7050599375925102,True,7.020242476218883,301.78472167146816
KOH,B3,203.5,0.44420430445701875,0.02159881886942827,0.5341968766141569,0.7066308803958663,True,7.020242476218883,301.78472167146816
KOH,B3,204.0,0.4423764649654771,0.02178234538674495,0.535841189584163,0.7081983362287383,True,7.020242476218883,301.78472167146816
KOH,B3,204.5,0.44054724487430086,0.021967600451144875,0.5374851546060544,0.7097622721442571,True,7.020242476218883,301.78472167146816
KOH,B3,205.0,0.43871671258943756,0.02215460007581882,0.5391286872620249,0.7113226553416752,True,7.020242476218883,301.78472167146816
KOH,B3,205.5,0.4368849366109817,0.022343360406962276,0.5407717029051184,0.7128794531711379,True,7.020242476218883,301.78472167146816
KOH,B3,206.0,0.4350519855316204,0.022533897725773855,0.5424141166612273,0.7144326331384334,True,7.020242476218883,301.78472167146816
KOH,B3,206.5,0.43321792802997194,0.022726228450231645,0.5440558434339771,0.7159821629097186,True,7.020242476218883,301.78472167146816
KOH,B3,207.0,0.4313828328668112,0.022920369135315255,0.5456967979080574,0.7175280103162208,True,7.020242476218883,301.78472167146816
KOH,B3,207.5,0.4295467688806287,0.023116336472561727,0.5473368945521084,0.7190701433589147,True,7.020242476218883,301.78472167146816
KOH,B3,208.0,0.42770980498318956,0.023314147293396204,0.5489760476240502,0.7206085302131726,True,7.020242476218883,301.78472167146816
KOH,B3,208.5,0.4258720101550928,0.023513818566911482,0.5506141711744128,0.7221431392333858,True,7.020242476218883,301.78472167146816
KOH,B3,209.0,0.4240334534384438,0.02371536740342073,0.5522511790503337,0.7236739389575579,True,7.020242476218883,301.78472167146816
KOH,B3,209.5,0.42219420393529994,0.023918811052014988,0.5538869848999983,0.7252008981118675,True,7.020242476218883,301.78472167146816
KOH,B3,210.0,0.4203543308001212,0.024124166903671806,0.5555215021786353,0.7267239856151984,True,7.020242476218883,301.78472167146816
KOH,B3,210.5,0.41851390323555115,0.024331452492809547,0.5571546441496267,0.7282431705836401,True,7.020242476218883,301.78472167146816
KOH,B3,211.0,0.4166729904853117,0.024540685494844894,0.5587863238933899,0.7297584223349495,True,7.020242476218883,301.78472167146816
KOH,B3,211.5,0.41483166183176046,0.02475188372863535,0.5604164543082657,0.731269710392983,True,7.020242476218883,301.78472167146816
KOH,B3,212.0,0.412989986586787,0.02496506515803354,0.562044948119178,0.7327770044920883,True,7.020242476218883,301.78472167146816
KOH,B3,212.5,0.4111480340884821,0.025180247891221086,0.5636717178794104,0.7342802745814605,True,7.020242476218883,301.78472167146816
KOH,B3,213.0,0.4093058736944766,0.025397450181818826,0.5652966759783773,0.7357794908294591,True,7.020242476218883,301.78472167146816
KOH,B3,213.5,0.4074635747750577,0.025616690429997035,0.5669197346442889,0.7372746236278864,True,7.020242476218883,301.78472167146816
KOH,B3,214.0,0.4056212067085063,0.02583798718291952,0.5685408059534769,0.7387656435962228,True,7.020242476218883,301.78472167146816
KOH,B3,214.5,0.40377883887376953,0.026061359134965656,0.5701598018315046,0.740252521585822,True,7.020242476218883,301.78472167146816
KOH,B3,215.0,0.4019365406455755,0.02628682512884062,0.5717766340611607,0.7417352286840625,True,7.020242476218883,301.78472167146816
KOH,B3,215.5,0.40009438138555176,0.02651440415624151,0.5733912142886766,0.7432137362184541,True,7.020242476218883,301.78472167146816
KOH,B3,216.0,0.39825243043867253,0.026744115359189635,0.5750034540279447,0.7446880157607002,True,7.020242476218883,301.78472167146816
KOH,B3,216.5,0.3964107571243769,0.02697597802914231,0.5766132646676247,0.7461580391307129,True,7.020242476218883,301.78472167146816
KOH,B3,217.0,0.3945694307310177,0.027210011608325146,0.578220557476472,0.7476237784005796,True,7.020242476218883,301.78472167146816
KOH,B3,217.5,0.392728520508534,0.02744623569239657,0.5798252436102214,0.7490852058984837,True,7.020242476218883,301.78472167146816
KOH,B3,218.0,0.39088809566223404,0.02768467002689512,0.5814272341171378,0.7505422942125719,True,7.020242476218883,301.78472167146816
KOH,B3,218.5,0.3890482253448013,0.027925334511680333,0.5830264399449003,0.7519950161947738,True,7.020242476218883,301.78472167146816
KOH,B3,219.0,0.38720897865052173,0.02816824920004457,0.5846227719454866,0.7534433449645686,True,7.020242476218883,301.78472167146816
KOH,B3,219.5,0.3853704246070677,0.028413434299601192,0.5862161408847211,0.7548872539126976,True,7.020242476218883,301.78472167146816
KOH,B3,220.0,0.3835326321690591,0.028660910171618426,0.5878064574456054,0.7563267167048253,True,7.020242476218883,301.78472167146816
KOH,B3,220.5,0.3816956702102914,0.028910697334572077,0.5893936322369786,0.7577617072851439,True,7.020242476218883,301.78472167146816
KOH,B3,221.0,0.3798596075166305,0.029162816461258956,0.5909775757984015,0.7591921998799235,True,7.020242476218883,301.78472167146816
KOH,B3,221.5,0.3780245127791293,0.029417288382127538,0.5925581986101491,0.7606181690010028,True,7.020242476218883,301.78472167146816
KOH,B3,222.0,0.3761904545853678,0.029674134085055925,0.5941354110960972,0.7620395894492257,True,7.020242476218883,301.78472167146816
KOH,B3,222.5,0.3743575014132361,0.029933374714463667,0.5957091236337142,0.7634564363178167,True,7.020242476218883,301.78472167146816
KOH,B3,223.0,0.3725257216218303,0.030195031574642428,0.5972792465598342,0.7648686849956974,True,7.020242476218883,301.78472167146816
KOH,B3,223.5,0.3706951834459016,0.03045912612753554,0.5988456901779848,0.766276311170743,True,7.020242476218883,301.78472167146816
KOH,B3,224.0,0.36886595498630825,0.030725679995402544,0.6004083647646041,0.7676792908329773,True,7.020242476218883,301.78472167146816
KOH,B3,224.5,0.36703810420335437,0.030994714960153047,0.6019671805779225,0.7690776002777056,True,7.020242476218883,301.78472167146816
KOH,B3,225.0,0.36521169890813,0.03126625296445695,0.6035220478635139,0.7704712161085837,True,7.020242476218883,301.78472167146816
KOH,B3,225.5,0.36338680675562784,0.031540316111522415,0.6050728768636215,0.7718601152406254,True,7.020242476218883,301.78472167146816
KOH,B3,226.0,0.3615634952371938,0.031816926667094236,0.6066195778213768,0.7732442749031435,True,7.020242476218883,301.78472167146816
KOH,B3,226.5,0.35974183167053475,0.03209610705834365,0.6081620609916794,0.7746236726426253,True,7.020242476218883,301.78472167146816
KOH,B3,227.0,0.3579218831943898,0.03237787987542262,0.6097002366456383,0.7759982863255441,True,7.020242476218883,301.78472167146816
KOH,B3,227.5,0.3561037167585379,0.03266226787146387,0.6112340150803419,0.7773680941411019,True,7.020242476218883,301.78472167146816
KOH,B3,228.0,0.3542873991180251,0.03294929396258084,0.6127633066248528,0.7787330746039047,True,7.020242476218883,301.78472167146816
KOH,B3,228.5,0.35247299682228395,0.03323898122964408,0.6142880216484237,0.7800932065565728,True,7.020242476218883,301.78472167146816
KOH,B3,229.0,0.3506605762095827,0.03353135291761511,0.6158080705680469,0.781448469172276,True,7.020242476218883,301.78472167146816
KOH,B3,229.5,0.3488502033981433,0.03382643243643457,0.6173233638551157,0.782798841957208,True,7.020242476218883,301.78472167146816
KOH,B3,230.0,0.34704194427859214,0.034124243361466355,0.6188338120447501,0.7841443047529819,True,7.020242476218883,301.78472167146816
KOH,B3,230.5,0.34523586450418975,0.03442480943349757,0.6203393257417922,0.7854848377389617,True,7.020242476218883,301.78472167146816
KOH,B3,231.0,0.343432029485502,0.034728154559626745,0.6218398156292437,0.7868204214345187,True,7.020242476218883,301.78472167146816
KOH,B3,231.5,0.34163050437929776,0.035034302813707896,0.6233351924762598,0.7881510367012201,True,7.020242476218883,301.78472167146816
KOH,B3,232.0,0.33983135408366394,0.035343278435462366,0.624825367144588,0.78947666474494,True,7.020242476218883,301.78472167146816
KOH,B3,232.5,0.33803464322801346,0.03565510583314335,0.6263102505981166,0.790797287117904,True,7.020242476218883,301.78472167146816
KOH,B3,233.0,0.3362404361646476,0.035969809581537504,0.6277897539077593,0.7921128857206547,True,7.020242476218883,301.78472167146816
KOH,B3,233.5,0.33444879696231666,0.03628741442374128,0.6292637882623353,0.7934234428039499,True,7.020242476218883,301.78472167146816
KOH,B3,234.0,0.3326597893984484,0.03660794527093891,0.6307322649741209,0.7947289409705803,True,7.020242476218883,301.78472167146816
KOH,B3,234.5,0.33087347694760183,0.03693142720240239,0.6321950954879529,0.7960293631771193,True,7.020242476218883,301.78472167146816
KOH,B3,235.0,0.3290899227794686,0.03725788546660169,0.633652191387224,0.7973246927355921,True,7.020242476218883,301.78472167146816
KOH,B3,235.5,0.3273091897446623,0.03758734548120479,0.6351034644020981,0.7986149133150757,True,7.020242476218883,301.78472167146816
KOH,B3,236.0,0.32553134037183185,0.037919832832411515,0.6365488264190589,0.7999000089432197,True,7.020242476218883,301.78472167146816
KOH,B3,236.5,0.3237564368561152,0.03825537327584172,0.6379881894857942,0.8011799640076931,True,7.020242476218883,301.78472167146816
KOH,B3,237.0,0.3219845410544764,0.03859399273742348,0.6394214658203001,0.8024547632575549,True,7.020242476218883,301.78472167146816
KOH,B3,237.5,0.3202157144761575,0.038935717312726936,0.6408485678186526,0.8037243918045497,True,7.020242476218883,301.78472167146816
KOH,B3,238.0,0.31845001827424113,0.03928057326674228,0.6422694080614466,0.8049888351243258,True,7.020242476218883,301.78472167146816
KOH,B3,238.5,0.31668751323965516,0.03962858703498995,0.6436838993224558,0.8062480790575793,True,7.020242476218883,301.78472167146816
KOH,B3,239.0,0.314928259792735,0.03997978522374268,0.6450919545757383,0.8075021098111198,True,7.020242476218883,301.78472167146816
KOH,B3,239.5,0.313172317975674,0.04033419460824916,0.6464934870029637,0.8087509139588589,True,7.020242476218883,301.78472167146816
KOH,B3,240.0,0.3114197474447522,0.040691842135620604,0.6478884100014071,0.8099944784427273,True,7.020242476218883,301.78472167146816
KOH,B3,240.5,0.3096706074636746,0.041052754922832335,0.6492766371901659,0.8112327905735077,True,7.020242476218883,301.78472167146816
KOH,B3,241.0,0.30792495689468957,0.04141696025761199,0.6506580824192643,0.8124658380315987,True,7.020242476218883,301.78472167146816
KOH,B3,241.5,0.3061828541934819,0.041784485597551324,0.6520326597754256,0.8136936088676959,True,7.020242476218883,301.78472167146816
KOH,B3,242.0,0.3044443573994027,0.04215535857188257,0.6534002835902886,0.8149160915034016,True,7.020242476218883,301.78472167146816
KOH,B3,242.5,0.3027095241292521,0.04252960697992414,0.6547608684468464,0.8161332747317556,True,7.020242476218883,301.78472167146816
KOH,B3,243.0,0.30097841157217253,0.04290725879085855,0.6561143291876625,0.8173451477176885,True,7.020242476218883,301.78472167146816
KOH,B3,243.5,0.29925107647832405,0.04328834214550881,0.6574605809219758,0.818551699998402,True,7.020242476218883,301.78472167146816
KOH,B3,244.0,0.29752757515599804,0.04367288535411795,0.6587995390308077,0.8197529214836714,True,7.020242476218883,301.78472167146816
KOH,B3,244.5,0.29580796346251326,0.04406091689701519,0.6601311191760662,0.8209488024560723,True,7.020242476218883,301.78472167146816
KOH,B3,245.0,0.29409229679799864,0.04445246542550407,0.661455237307429,0.8221393335711321,True,7.020242476218883,301.78472167146816
KOH,B3,245.5,0.29238063009873194,0.04484755975942001,0.6627718096676727,0.8233245058574061,True,7.020242476218883,301.78472167146816
KOH,B3,246.0,0.29067301782981225,0.04524622888957275,0.6640807528013326,0.8245043107164782,True,7.020242476218883,301.78472167146816
KOH,B3,246.5,0.288969513980053,0.045648501975525946,0.6653819835602537,0.8256787399228883,True,7.020242476218883,301.78472167146816
KOH,B3,247.0,0.2872701720544324,0.04605440834537511,0.666675419110696,0.8268477856239822,True,7.020242476218883,301.78472167146816
KOH,B3,247.5,0.2855750450676542,0.046463977497968045,0.6679609769397743,0.8280114403396921,True,7.020242476218883,301.78472167146816
KOH,B3,248.0,0.2838841855390406,0.04687723909913011,0.6692385748623408,0.8291696969622376,True,7.020242476218883,301.78472167146816
KOH,B3,248.5,0.2821976454854269,0.047294222983218503,0.6705081310272032,0.83032254875576,True,7.020242476218883,301.78472167146816
KOH,B3,249.0,0.28051547641494423,0.04771495915245616,0.6717695639233412,0.8314699893558761,True,7.020242476218883,301.78472167146816
KOH,B3,249.5,0.27883772932146833,0.04813947777715377,0.6730227923874565,0.8326120127691673,True,7.020242476218883,301.78472167146816
KOH,B3,250.0,0.2771644546795127,0.04856780919393344,0.6742677356073035,0.8337486133725913,True,7.020242476218883,301.78472167146816
KOH,B3,250.5,0.27549570243801114,0.04899998390617277,0.6755043131316807,0.8348797859128252,True,7.020242476218883,301.78472167146816
KOH,B3,251.0,0.2738315220136567,0.049436032583560774,0.6767324448737622,0.8360055255055349,True,7.020242476218883,301.78472167146816
KOH,B3,251.5,0.27217196228734863,0.0498759860607656,0.6779520511179804,0.837125827634579,True,7.020242476218883,301.78472167146816
KOH,B3,252.0,0.27051707159753136,0.05031987533832272,0.6791630525260217,0.8382406881511371,True,7.020242476218883,301.78472167146816
KOH,B3,252.5,0.2688668977350872,0.050767731579304254,0.6803653701419332,0.8393501032727738,True,7.020242476218883,301.78472167146816
KOH,B3,253.0,0.26722148793933975,0.05121958611309374,0.6815589253994503,0.8404540695824303,True,7.020242476218883,301.78472167146816
KOH,B3,253.5,0.2655808888913924,0.05167547043005705,0.6827436401255493,0.8415525840273508,True,7.020242476218883,301.78472167146816
KOH,B3,254.0,0.2639451467105758,0.05213541618376283,0.6839194365475532,0.8426456439179414,True,7.020242476218883,301.78472167146816
KOH,B3,254.5,0.26231430694978464,0.05259945518898412,0.6850862372984601,0.8437332469265605,True,7.020242476218883,301.78472167146816
KOH,B3,255.0,0.2606884145890387,0.05306761942169835,0.6862439654216068,0.8448153910862455,True,7.020242476218883,301.78472167146816
KOH,B3,255.5,0.2590675140341503,0.0535399410179771,0.6873925443759976,0.8458920747893736,True,7.020242476218883,301.78472167146816
KOH,B3,256.0,0.25745164910873086,0.05401645227243179,0.6885318980418553,0.8469632967862567,True,7.020242476218883,301.78472167146816
KOH,B3,256.5,0.2558408630535247,0.05449718563843575,0.6896619507263946,0.8480290561836766,True,7.020242476218883,301.78472167146816
KOH,B3,257.0,0.2542351985204139,0.05498217372656988,0.6907826271667084,0.8490893524433527,True,7.020242476218883,301.78472167146816
KOH,B3,257.5,0.25263469756819923,0.0554714493032904,0.6918938525375395,0.8501441853803521,True,7.020242476218883,301.78472167146816
KOH,B3,258.0,0.251039401659936,0.05596504529115087,0.6929955524537235,0.8511935551614344,True,7.020242476218883,301.78472167146816
KOH,B3,258.5,0.2494493516584928,0.05646299476635974,0.6940876529748508,0.8522374623033389,True,7.020242476218883,301.78472167146816
KOH,B3,259.0,0.24786458782410925,0.05696533095855827,0.6951700806123728,0.8532759076710125,True,7.020242476218883,301.78472167146816
KOH,B3,259.5,0.24628514980951088,0.057472087248822135,0.6962427623318224,0.854308892475777,True,7.020242476218883,301.78472167146816
KOH,B3,260.0,0.24471107665813285,0.057983297170327575,0.6973056255572541,0.8553364182734408,True,7.020242476218883,301.78472167146816
KOH,B3,260.5,0.24314240679990107,0.058498994404354576,0.698358598177018,0.8563584869623516,True,7.020242476218883,301.78472167146816
KOH,B3,261.0,0.24157917804856766,0.05901921278117506,0.699401608546868,0.8573751007813959,True,7.020242476218883,301.78472167146816
KOH,B3,261.5,0.2400214276003787,0.05954398627783242,0.7004345854939587,0.8583862623079412,True,7.020242476218883,301.78472167146816
KOH,B3,262.0,0.23846919202830108,0.060073349017253364,0.7014574583217303,0.8593919744557259,True,7.020242476218883,301.78472167146816
KOH,B3,262.5,0.23692250728357678,0.06060733526647155,0.7024701568134617,0.8603922404726948,True,7.020242476218883,301.78472167146816
KOH,B3,263.0,0.2353814086892836,0.061145979434185094,0.7034726112349343,0.8613870639387844,True,7.020242476218883,301.78472167146816
KOH,B3,263.5,0.2338459309412233,0.06168931607208883,0.704464752340872,0.862376448763655,True,7.020242476218883,301.78472167146816
KOH,B3,264.0,0.23231610810481307,0.062237379869767295,0.7054465113753849,0.8633603991843742,True,7.020242476218883,301.78472167146816
KOH,B3,264.5,0.23079197361131065,0.06279020565580495,0.7064178200781868,0.8643389197630517,True,7.020242476218883,301.78472167146816
KOH,B3,265.0,0.22927356026047896,0.06334782839378938,0.707378610686149,0.8653120153844247,True,7.020242476218883,301.78472167146816
KOH,B3,265.5,0.2277609002143688,0.06391028318408765,0.7083288159379642,0.8662796912533973,True,7.020242476218883,301.78472167146816
KOH,B3,266.0,0.22625402499820702,0.06447760525762902,0.7092683690763657,0.8672419528925341,True,7.020242476218883,301.78472167146816
KOH,B3,266.5,0.22475296549884227,0.06504982997701525,0.7101972038519033,0.8681988061395091,True,7.020242476218883,301.78472167146816
KOH,B3,267.0,0.2232577519625245,0.06562699283452211,0.7111152545267174,0.8691502571445082,True,7.020242476218883,301.78472167146816
KOH,B3,267.5,0.22176841399534908,0.06620912944876878,0.7120224558747612,0.8700963123675949,True,7.020242476218883,301.78472167146816
KOH,B3,268.0,0.22028498056236856,0.06679627556338552,0.7129187431891282,0.8710369785760268,True,7.020242476218883,301.78472167146816
KOH,B3,268.5,0.2188074799842621,0.06738846704590351,0.7138040522807199,0.8719722628415385,True,7.020242476218883,301.78472167146816
KOH,B3,269.0,0.21733593994044398,0.06798573988398005,0.7146783194822426,0.8729021725375791,True,7.020242476218883,301.78472167146816
KOH,B3,269.5,0.21587038746528897,0.0685881301836222,0.7155414816535366,0.8738267153365163,True,7.020242476218883,301.78472167146816
KOH,B3,270.0,0.21441084895079676,0.06919567416896477,0.7163934761786894,0.8747458992068006,True,7.020242476218883,301.78472167146816
KOH,B3,270.5,0.21295735014326134,0.0698084081762751,0.7172342409744736,0.875659732410092,True,7.020242476218883,301.78472167146816
KOH,B3,271.0,0.21150991614660164,0.07042636865506324,0.7180637144885704,0.876568223498356,True,7.020242476218883,301.78472167146816
KOH,B3,271.5,0.2100685714190309,0.07104959216408524,0.7188818357026783,0.8774713813109214,True,7.020242476218883,301.78472167146816
KOH,B3,272.0,0.20863333977638732,0.07167811536867852,0.7196885441367318,0.8783692149715066,True,7.020242476218883,301.78472167146816
KOH,B3,272.5,0.20720424439057972,0.07231197503876352,0.7204837798486796,0.8792617338852147,True,7.020242476218883,301.78472167146816
KOH,B3,273.0,0.20578130779091985,0.07295120804573507,0.7212674834373711,0.8801489477354987,True,7.020242476218883,301.78472167146816
KOH,B3,273.5,0.20436455186390035,0.07359585136068603,0.7220395960449988,0.8810308664810954,True,7.020242476218883,301.78472167146816
KOH,B3,274.0,0.20295399785608126,0.07424594205041046,0.7228000593593187,0.8819075003529296,True,7.020242476218883,301.78472167146816
KOH,B3,274.5,0.2015496663720917,0.07490151727584937,0.7235488156138725,0.8827788598509972,True,7.020242476218883,301.78472167146816
KOH,B3,275.0,0.2001515773784046,0.0755626142883159,0.7242858075913183,0.8836449557412135,True,7.020242476218883,301.78472167146816
KOH,B3,275.5,0.19875975020244852,0.07622927042683081,0.7250109786249848,0.8845057990522439,True,7.020242476218883,301.78472167146816
KOH,B3,276.0,0.19737420353527213,0.07690152311501386,0.7257242725997592,0.885361401072307,True,7.020242476218883,301.78472167146816
KOH,B3,276.5,0.19599495543309864,0.07757940985864131,0.7264256339545305,0.8862117733459542,True,7.020242476218883,301.78472167146816
KOH,B3,277.0,0.1946220233177698,0.07826296824164913,0.7271150076830768,0.8870569276708299,True,7.020242476218883,301.78472167146816
KOH,B3,277.5,0.19325542397896633,0.07895223592302436,0.7277923393369523,0.8878968760944089,True,7.020242476218883,301.78472167146816
KOH,B3,278.0,0.19189517357665054,0.07964725063414058,0.7284575750241551,0.8887316309107185,True,7.020242476218883,301.78472167146816
KOH,B3,278.5,0.1905412876428425,0.08034805017453905,0.7291106614135678,0.8895612046570329,True,7.020242476218883,301.78472167146816
KOH,B3,279.0,0.18919378108273044,0.08105467240970832,0.7297515457349579,0.8903856101105628,True,7.020242476218883,301.78472167146816
KOH,B3,279.5,0.18785266817888946,0.08176715526553302,0.7303801757791994,0.8912048602851165,True,7.020242476218883,301.78472167146816
KOH,B3,280.0,0.18651796259039344,0.08248553672740577,0.7309964999018259,0.8920189684277563,True,7.020242476218883,301.78472167146816
KOH,B3,280.5,0.18518967735969838,0.0832098548335658,0.7316004670228082,0.8928279480154314,True,7.020242476218883,301.78472167146816
KOH,B3,281.0,0.18386782491042197,0.08394014767421076,0.7321920266274429,0.8936318127516053,True,7.020242476218883,301.78472167146816
KOH,B3,281.5,0.1825524170548931,0.08467645338594565,0.7327711287681282,0.8944305765628668,True,7.020242476218883,301.78472167146816
KOH,B3,282.0,0.18124346499193145,0.08541881014756392,0.7333377240654748,0.8952242535955307,True,7.020242476218883,301.78472167146816
KOH,B3,282.5,0.17994097931373076,0.0861672561780491,0.7338917637098596,0.8960128582122305,True,7.020242476218883,301.78472167146816
KOH,B3,283.0,0.17864497000719126,0.0869218297305796,0.7344331994603159,0.8967964049884994,True,7.020242476218883,301.78472167146816
KOH,B3,283.5,0.17735544645747225,0.08768256908875394,0.7349619836485299,0.8975749087093448,True,7.020242476218883,301.78472167146816
KOH,B3,284.0,0.17607241745065672,0.0884495125634821,0.7354780691770646,0.8983483843658165,True,7.020242476218883,301.78472167146816
KOH,B3,284.5,0.17479589117774808,0.08922269848743447,0.7359814095224682,0.8991168471515684,True,7.020242476218883,301.78472167146816
KOH,B3,285.0,0.17352587523777885,0.09000216521126703,0.7364719587350521,0.8998803124594137,True,7.020242476218883,301.78472167146816
KOH,B3,285.5,0.17226237664136335,0.09078795109918048,0.7369496714402235,0.9006387958778805,True,7.020242476218883,301.78472167146816
KOH,B3,286.0,0.17100540181447244,0.09158009452403526,0.7374145028387069,0.9013923131877581,True,7.020242476218883,301.78472167146816
KOH,B3,286.5,0.16975495660198625,0.09237863386313272,0.737866408708987,0.9021408803586486,True,7.020242476218883,301.78472167146816
KOH,B3,287.0,0.16851104627191305,0.09318360749288601,0.7383053454055322,0.9028845135455104,True,7.020242476218883,301.78472167146816
KOH,B3,287.5,0.16727367551871986,0.09399505378482331,0.7387312698636794,0.9036232290852074,True,7.020242476218883,301.78472167146816
KOH,B3,288.0,0.16604284846710726,0.0948130111000367,0.7391441395960818,0.9043570434930552,True,7.020242476218883,301.78472167146816
KOH,B3,288.5,0.16481856867867073,0.09563751778518537,0.7395439126964831,0.9050859734593713,True,7.020242476218883,301.78472167146816
KOH,B3,289.0,0.16360083915101242,0.0964686121656122,0.7399305478401619,0.9058100358460265,True,7.020242476218883,301.78472167146816
KOH,B3,289.5,0.16238966232751118,0.09730633254267929,0.7403040042837095,0.9065292476829998,True,7.020242476218883,301.78472167146816
KOH,B3,290.0,0.16118504009798862,0.09815071718577428,0.7406642418670284,0.9072436261649403,True,7.020242476218883,301.78472167146816
KOH,B3,290.5,0.15998697380403826,0.09900180432964589,0.7410112210135544,0.9079531886477299,True,7.020242476218883,301.78472167146816
KOH,B3,291.0,0.1587954642452427,0.0998596321666323,0.7413449027320329,0.908657952645057,True,7.020242476218883,301.78472167146816
KOH,B3,291.5,0.157610511680506,0.10072423884355253,0.7416652486162967,0.9093579358249922,True,7.020242476218883,301.78472167146816
KOH,B3,292.0,0.15643211583626915,0.10159566245415697,0.7419722208470425,0.9100531560065772,True,7.020242476218883,301.78472167146816
KOH,B3,292.5,0.15526027590762048,0.10247394103468643,0.742265782191831,0.9107436311564173,True,7.020242476218883,301.78472167146816
KOH,B3,293.0,0.15409499056628917,0.10335911255676677,0.7425458960084175,0.9114293793852855,True,7.020242476218883,301.78472167146816
KOH,B3,293.5,0.1529362579628657,0.10425121492319,0.742812526241865,0.9121104189447373,True,7.020242476218883,301.78472167146816
KOH,B3,294.0,0.1517840757339073,0.10515028596103093,0.7430656374300959,0.9127867682237368,True,7.020242476218883,301.78472167146816
KOH,B3,294.5,0.15063844100571266,0.10605636341587399,0.7433051947003388,0.9134584457452917,True,7.020242476218883,301.78472167146816
KOH,B3,295.0,0.14949935039920703,0.10696948494492986,0.74353116377468,0.9141254701631024,True,7.020242476218883,301.78472167146816
KOH,B3,295.5,0.1483668000350491,0.10788968811303867,0.7437435109680646,0.9147878602582264,True,7.020242476218883,301.78472167146816
KOH,B3,296.0,0.1472407855402924,0.10881701038290004,0.7439422031898513,0.9154456349357528,True,7.020242476218883,301.78472167146816
KOH,B3,296.5,0.14612130205082785,0.10975148911218646,0.7441272079471428,0.9160988132214929,True,7.020242476218883,301.78472167146816
KOH,B3,297.0,0.1450083442191552,0.11069316154488362,0.7442984933427876,0.916747414258687,True,7.020242476218883,301.78472167146816
KOH,B3,297.5,0.14390190621837995,0.11164206480529515,0.7444560280804868,0.9173914573047262,True,7.020242476218883,301.78472167146816
KOH,B3,298.0,0.14280198174709824,0.11259823589160334,0.7445997814623517,0.9180309617278898,True,7.020242476218883,301.78472167146816
KOH,B3,298.5,0.14170856403694643,0.11356171166898577,0.7447297233924566,0.9186659470041009,True,7.020242476218883,301.78472167146816
KOH,B3,299.0,0.14062164585504355,0.11453252886250986,0.7448458243779488,0.9192964327137015,True,7.020242476218883,301.78472167146816
KOH,B3,299.5,0.13954121951131881,0.11551072405069363,0.7449480555306032,0.9199224385382416,True,7.020242476218883,301.78472167146816
KOH,B3,300.0,0.13846727686406268,0.11649633365795609,0.7450363885674882,0.9205439842572912,True,7.020242476218883,301.78472167146816
KOH,B4,1.0,0.3971374391240623,0.005264024272477741,0.5975985364976566,0.12485724195670939,False,1.5995411701370592,311.7565312624825
KOH,B4,1.5,0.4010021724221158,0.005234555279010067,0.5937632721604302,0.1261472081247801,False,1.5995411701370592,311.7565312624825
KOH,B4,2.0,0.40486112469428903,0.005205613319292368,0.5899332618770625,0.12744388975438506,True,1.5995411701370592,311.7565312624825
KOH,B4,2.5,0.4087134440462492,0.0051771945721590384,0.5861093612713475,0.12874720434742046,True,1.5995411701370592,311.7565312624825
KOH,B4,3.0,0.41255828567376973,0.005149295241757557,0.5822924189700096,0.1300570686914588,True,1.5995411701370592,311.7565312624825
KOH,B4,3.5,0.41639481248978427,0.005121911516692279,0.5784832758854996,0.13137339892282252,True,1.5995411701370592,311.7565312624825
KOH,B4,4.0,0.4202221957338992,0.005095039609770424,0.5746827645465302,0.13269611058953215,True,1.5995411701370592,311.7565312624825
KOH,B4,4.5,0.4240396156174331,0.005068675758446162,0.5708917085183174,0.13402511871403508,True,1.5995411701370592,311.7565312624825
KOH,B4,5.0,0.4278462619125012,0.0050428161924021,0.5671109217901815,0.13536033785562104,True,1.5995411701370592,311.7565312624825
KOH,B4,5.5,0.4316413345244463,0.005017457167744155,0.5633412081975653,0.1367016821724368,True,1.5995411701370592,311.7565312624825
KOH,B4,6.0,0.4354240440496149,0.004992594962782704,0.5595833608844636,0.13804906548301,True,1.5995411701370592,311.7565312624825
KOH,B4,6.5,0.4391936122936091,0.004968225847168384,0.5558381617598585,0.13940240132719972,True,1.5995411701370592,311.7565312624825
KOH,B4,7.0,0.4429492727862083,0.0049443461251907905,0.5521063809879045,0.14076160302649146,True,1.5995411701370592,311.7565312624825
KOH,B4,7.5,0.4466902712501053,0.004920952107356769,0.5483887765409534,0.14212658374355758,True,1.5995411701370592,311.7565312624825
KOH,B4,8.0,0.45041586605187867,0.004898040130374426,0.5446860937194931,0.14349725654100906,True,1.5995411701370592,311.7565312624825
KOH,B4,8.5,0.4541253286522995,0.004875606538501387,0.540999064714276,0.14487353443926584,True,1.5995411701370592,311.7565312624825
KOH,B4,9.0,0.45781794398380704,0.004853647699976094,0.5373284082256236,0.14625533047347805,True,1.5995411701370592,311.7565312624825
KOH,B4,9.5,0.461493010839642,0.004832159989032192,0.5336748290798443,0.14764255774943255,True,1.5995411701370592,311.7565312624825
KOH,B4,10.0,0.4651498422225675,0.004811139822979982,0.5300390178656356,0.1490351294983846,True,1.5995411701370592,311.7565312624825
KOH,B4,10.5,0.4687877656670558,0.00479058361080309,0.5264216506302155,0.15043295913075647,True,1.5995411701370592,311.7565312624825
KOH,B4,11.0,0.4724061235548138,0.004770487805560997,0.5228233885566924,0.15183596028864918,True,1.5995411701370592,311.7565312624825
KOH,B4,11.5,0.47600427335858786,0.004750848870527236,0.5192448776878411,0.15324404689711857,True,1.5995411701370592,311.7565312624825
KOH,B4,12.0,0.4795815879236054,0.004731663285850729,0.5156867487073891,0.15465713321416769,True,1.5995411701370592,311.7565312624825
KOH,B4,12.5,0.4831374556696355,0.004712927566541403,0.5121496166816675,0.15607513387941485,True,1.5995411701370592,311.7565312624825
KOH,B4,13.0,0.48667128079349364,0.004694638246371952,0.5086340808817535,0.15749796396139773,True,1.5995411701370592,311.7565312624825
KOH,B4,13.5,0.49018248345056303,0.004676791874658193,0.5051407246006168,0.15892553900347903,True,1.5995411701370592,311.7565312624825
KOH,B4,14.0,0.49367049989446077,0.004659385034910812,0.5016701149951341,0.16035777506832252,True,1.5995411701370592,311.7565312624825
KOH,B4,14.5,0.49713478260915434,0.004642414339062206,0.49822280298061905,0.16179458878091174,True,1.5995411701370592,311.7565312624825
KOH,B4,15.0,0.5005748004061061,0.004625876412811536,0.49479932311313757,0.16323589737008815,True,1.5995411701370592,311.7565312624825
KOH,B4,15.5,0.503990038511759,0.004609767918717367,0.4914001935005796,0.1646816187085876,True,1.5995411701370592,311.7565312624825
KOH,B4,16.0,0.5073799986219374,0.004594085544762372,0.4880259157685751,0.16613167135155932,True,1.5995411701370592,311.7565312624825
KOH,B4,16.5,0.5107441989334882,0.00457882600379822,0.48467697499787743,0.1675859745735523,True,1.5995411701370592,311.7565312624825
KOH,B4,17.0,0.5140821741710377,0.004563986043759627,0.4813538397264727,0.16904444840396127,True,1.5995411701370592,311.7565312624825
KOH,B4,17.5,0.5173934755622334,0.004549562435895993,0.47805696194369585,0.1705070136609231,True,1.5995411701370592,311.7565312624825
KOH,B4,18.0,0.52067767083952,0.004535551984874431,0.4747867771204284,0.1719735919836612,True,1.5995411701370592,311.7565312624825
KOH,B4,18.5,0.5239343441746369,0.0045219515277805655,0.4715437042442927,0.17344410586327638,True,1.5995411701370592,311.7565312624825
KOH,B4,19.0,0.5271630961308782,0.00450875792956662,0.46832814588815275,0.17491847867198643,True,1.5995411701370592,311.7565312624825
KOH,B4,19.5,0.5303635435736087,0.00449596808904662,0.4651404882887178,0.17639663469081895,True,1.5995411701370592,311.7565312624825
KOH,B4,20.0,0.5335353195835557,0.00448357894067275,0.46198110142803284,0.17787849913576528,True,1.5995411701370592,311.7565312624825
KOH,B4,20.5,0.536678073343344,0.004471587447207881,0.45885033916459594,0.17936399818240484,True,1.5995411701370592,311.7565312624825
KOH,B4,21.0,0.5397914700034923,0.004459990608995934,0.45574853934349235,0.18085305898901236,True,1.5995411701370592,311.7565312624825
KOH,B4,21.5,0.5428751905506846,0.004448785460575699,0.45267602394805095,0.18234560971816285,True,1.5995411701370592,311.7565312624825
KOH,B4,22.0,0.5459289316487315,0.004437969068127323,0.44963309924350714,0.18384157955685063,True,1.5995411701370592,311.7565312624825
KOH,B4,22.5,0.5489524054696493,0.004427538540241471,0.4466200559528066,0.18534089873514067,True,1.5995411701370592,311.7565312624825
KOH,B4,23.0,0.5519453395156915,0.004417491016150965,0.44363716943485176,0.18684349854337376,True,1.5995411701370592,311.7565312624825
KOH,B4,23.5,0.5549074764268913,0.004407823670338207,0.4406846998706859,0.1883493113479469,True,1.5995411701370592,311.7565312624825
KOH,B4,24.0,0.5578385737807223,0.0043985337201402075,0.43776289246971745,0.1898582706056931,True,1.5995411701370592,311.7565312624825
KOH,B4,24.5,0.560738403877048,0.004389618416977825,0.43487197767999586,0.19137031087688575,True,1.5995411701370592,311.7565312624825
KOH,B4,25.0,0.5636067535190192,0.004381075050685634,0.4320121714059266,0.1928853678368947,True,1.5995411701370592,311.7565312624825
KOH,B4,25.5,0.5664434237846461,0.004372900948124148,0.42918367524574785,0.19440337828652118,True,1.5995411701370592,311.7565312624825
KOH,B4,26.0,0.5692482297834367,0.004365093478508886,0.4263866767190705,0.19592428016104177,True,1.5995411701370592,311.7565312624825
KOH,B4,26.5,0.5720210004194204,0.0043576500451947275,0.42362134951734465,0.19744801253799038,True,1.5995411701370592,311.7565312624825
KOH,B4,27.0,0.5747615781356852,0.00435056809627854,0.4208878537537708,0.1989745156437099,True,1.5995411701370592,311.7565312624825
KOH,B4,27.5,0.5774698186542526,0.004343845115661882,0.4181863362170968,0.20050373085870507,True,1.5995411701370592,311.7565312624825
KOH,B4,28.0,0.5801455907228914,0.00433747862954581,0.4155169306378492,0.20203560072182888,True,1.5995411701370592,311.7565312624825
KOH,B4,28.5,0.5827887758358963,0.004331466202933676,0.4128797579525667,0.203570068933336,True,1.5995411701370592,311.7565312624825
KOH,B4,29.0,0.5853992679757392,0.004325805443683439,0.41027492657447207,0.20510708035683603,True,1.5995411701370592,311.7565312624825
KOH,B4,29.5,0.5879769733301288,0.00432049399823331,0.40770253266891876,0.20664658102018105,True,1.5995411701370592,311.7565312624825
KOH,B4,30.0,0.590521810017175,0.00431552955454384,0.40516266042661675,0.20818851811532116,True,1.5995411701370592,311.7565312624825
KOH,B4,30.5,0.5930337078050019,0.004310909846205746,0.40265538234968146,0.20973283999716322,True,1.5995411701370592,311.7565312624825
KOH,B4,31.0,0.5955126078344974,0.004306632640366237,0.40018075952824583,0.21127949618146602,True,1.5995411701370592,311.7565312624825
KOH,B4,31.5,0.5979584623287681,0.004302695752328445,0.3977388419241501,0.21282843734180792,True,1.5995411701370592,311.7565312624825
KOH,B4,32.0,0.6003712343156109,0.004299097039639488,0.39532966865257757,0.21437961530565994,True,1.5995411701370592,311.7565312624825
KOH,B4,32.5,0.6027508973417695,0.004295834396345066,0.3929532682716008,0.21593298304960054,True,1.5995411701370592,311.7565312624825
KOH,B4,33.0,0.6050974351856364,0.004292905764202715,0.39060965906259626,0.21748849469370468,True,1.5995411701370592,311.7565312624825
KOH,B4,33.5,0.6074108415762836,0.004290309123522462,0.38829884931387837,0.21904610549514236,True,1.5995411701370592,311.7565312624825
KOH,B4,34.0,0.6096911199105493,0.004288042499966949,0.3860208376059715,0.22060577184101998,True,1.5995411701370592,311.7565312624825
KOH,B4,34.5,0.6119382829669895,0.004286103959832976,0.38377561309058117,0.2221674512404981,True,1.5995411701370592,311.7565312624825
KOH,B4,35.0,0.6141523526300152,0.004284491612965846,0.3815631557776422,0.2237311023162186,True,1.5995411701370592,311.7565312624825
KOH,B4,35.5,0.616333359606841,0.004283203611260555,0.3793834368054083,0.22529668479507411,True,1.5995411701370592,311.7565312624825
KOH,B4,36.0,0.6184813431514558,0.004282238148578532,0.3772364187246968,0.22686415949835195,True,1.5995411701370592,311.7565312624825
KOH,B4,36.5,0.6205963507909251,0.004281593463495437,0.37512205577136526,0.22843348833128363,True,1.5995411701370592,311.7565312624825
KOH,B4,37.0,0.6226784380550937,0.004281267836261926,0.37304029413838535,0.23000463427203227,True,1.5995411701370592,311.7565312624825
KOH,B4,37.5,0.6247276682007918,0.004281259587776698,0.3709910722430043,0.23157756136014698,True,1.5995411701370592,311.7565312624825
KOH,B4,38.0,0.6267441119538475,0.004281567084679638,0.3689743209958213,0.23315223468451607,True,1.5995411701370592,311.7565312624825
KOH,B4,38.5,0.6287278472379282,0.004282188734300307,0.3669899640629387,0.23472862037084663,True,1.5995411701370592,311.7565312624825
KOH,B4,39.0,0.6306789589236167,0.004283122988710253,0.3650379181253799,0.23630668556870038,True,1.5995411701370592,311.7565312624825
KOH,B4,39.5,0.6325975385645388,0.0042843683389220955,0.36311809313555043,0.23788639843811346,True,1.5995411701370592,311.7565312624825
KOH,B4,40.0,0.6344836841504775,0.0042859233226472115,0.3612303925684124,0.23946772813582745,True,1.5995411701370592,311.7565312624825
KOH,B4,40.5,0.6363374998576073,0.0042877865178286845,0.35937471366866147,0.24105064480115884,True,1.5995411701370592,311.7565312624825
KOH,B4,41.0,0.6381590958041763,0.004289956542724571,0.3575509476989244,0.2426351195415319,True,1.5995411701370592,311.7565312624825
KOH,B4,41.5,0.6399485878109054,0.004292432062034945,0.35575898017473073,0.2442211244177014,True,1.5995411701370592,311.7565312624825
KOH,B4,42.0,0.6417060971649693,0.0042952117808511825,0.35399869110406407,0.24580863242868867,True,1.5995411701370592,311.7565312624825
KOH,B4,42.5,0.6434317503899306,0.004298294444923106,0.35226995521677945,0.2473976174964558,True,1.5995411701370592,311.7565312624825
KOH,B4,43.0,0.6451256790183865,0.004301678844097212,0.35057264219123807,0.24898805445034045,True,1.5995411701370592,311.7565312624825
KOH,B4,43.5,0.6467880193691631,0.004305363808979057,0.34890661687771857,0.25057991901127324,True,1.5995411701370592,311.7565312624825
KOH,B4,44.0,0.6484189123313142,0.004309348211805394,0.3472717395152812,0.25217318777580033,True,1.5995411701370592,311.7565312624825
KOH,B4,44.5,0.6500185031472526,0.0043136309664819,0.3456678659462713,0.25376783819993187,True,1.5995411701370592,311.7565312624825
KOH,B4,45.0,0.6515869412108081,0.004318211029689933,0.3440948478202858,0.2553638485828352,True,1.5995411701370592,311.7565312624825
KOH,B4,45.5,0.6531243798584135,0.004323087397870712,0.34255253280730463,0.25696119805039436,True,1.5995411701370592,311.7565312624825
KOH,B4,46.0,0.6546309761722608,0.004328259108218879,0.34104076478430956,0.2585598665386528,True,1.5995411701370592,311.7565312624825
KOH,B4,46.5,0.6561068907854003,0.004333725241528752,0.3395593840402056,0.26015983477715854,True,1.5995411701370592,311.7565312624825
KOH,B4,47.0,0.6575522876936315,0.004339484917244285,0.33810822745836133,0.2617610842722277,True,1.5995411701370592,311.7565312624825
KOH,B4,47.5,0.6589673340679988,0.004345537295377677,0.336687128706846,0.2633635972901456,True,1.5995411701370592,311.7565312624825
KOH,B4,48.0,0.6603522000790257,0.004351881579357786,0.33529591841453127,0.26496735684031797,True,1.5995411701370592,311.7565312624825
KOH,B4,48.5,0.6617070587176671,0.0043585170089871506,0.33393442434792586,0.2665723466583904,True,1.5995411701370592,311.7565312624825
KOH,B4,49.0,0.6630320856268884,0.004365442867262925,0.3326024715824133,0.26817855118934947,True,1.5995411701370592,311.7565312624825
KOH,B4,49.5,0.6643274589333281,0.004372658476470281,0.3312998826682789,0.2697859555706192,True,1.5995411701370592,311.7565312624825
KOH,B4,50.0,0.6655933590899582,0.004380163198147713,0.33002647779144245,0.2713945456151673,True,1.5995411701370592,311.7565312624825
KOH,B4,50.5,0.6668299687145746,0.0043879564355781,0.32878207493161615,0.2730043077946327,True,1.5995411701370592,311.7565312624825
KOH,B4,51.0,0.6680374724407356,0.004396037629250671,0.32756649001351723,0.27461522922248793,True,1.5995411701370592,311.7565312624825
KOH,B4,51.5,0.6692160567684374,0.004404406260302696,0.3263795370564565,0.276227297637246,True,1.5995411701370592,311.7565312624825
KOH,B4,52.0,0.6703659099209641,0.00441306184947865,0.32522102831693267,0.27784050138572486,True,1.5995411701370592,311.7565312624825
KOH,B4,52.5,0.6714872217068735,0.004422003955756315,0.3240907744268273,0.27945482940637856,True,1.5995411701370592,311.7565312624825
KOH,B4,53.0,0.6725801833817879,0.004431232177554145,0.3229885845310865,0.2810702712127048,True,1.5995411701370592,311.7565312624825
KOH,B4,53.5,0.673644987524008,0.004440746152301056,0.321914266415646,0.28268681687673947,True,1.5995411701370592,311.7565312624825
KOH,B4,54.0,0.6746818279020073,0.00445054555534008,0.3208676266363564,0.28430445701264573,True,1.5995411701370592,311.7565312624825
KOH,B4,54.5,0.6756908993551247,0.0044606301010940985,0.3198484706400384,0.28592318276040635,True,1.5995411701370592,311.7565312624825
KOH,B4,55.0,0.676672397674466,0.004470999541317244,0.31885660288138995,0.2875429857696279,True,1.5995411701370592,311.7565312624825
KOH,B4,55.5,0.6776265194902154,0.004481653667953722,0.3178918269414188,0.28916385818346285,True,1.5995411701370592,311.7565312624825
KOH,B4,56.0,0.6785534621580325,0.00449259230850263,0.31695394563402424,0.2907857926226576,True,1.5995411701370592,311.7565312624825
KOH,B4,56.5,0.6794534236574667,0.004503815329542915,0.3160427611147709,0.2924087821697325,True,1.5995411701370592,311.7565312624825
KOH,B4,57.0,0.6803266024848209,0.0045153226343186414,0.31515807498450066,0.29403282035329925,True,1.5995411701370592,311.7565312624825
KOH,B4,57.5,0.6811731975544799,0.004527114166402724,0.3142996883853111,0.2956579011325233,True,1.5995411701370592,311.7565312624825
KOH,B4,58.0,0.6819934081057633,0.004539189902563745,0.31346740209872714,0.29728401888173406,True,1.5995411701370592,311.7565312624825
KOH,B4,58.5,0.6827874336094442,0.004551549860093429,0.312661016639737,0.298911168375189,True,1.5995411701370592,311.7565312624825
KOH,B4,59.0,0.6835554736795424,0.004564194090311835,0.31188033234050283,0.3005393447719973,True,1.5995411701370592,311.7565312624825
KOH,B4,59.5,0.6842977279866436,0.0045771226846180735,0.3111251494400391,0.3021685436012044,True,1.5995411701370592,311.7565312624825
KOH,B4,60.0,0.6850143961802113,0.004590335769605325,0.31039526816370455,0.30379876074704376,True,1.5995411701370592,311.7565312624825
KOH,B4,60.5,0.6857056778032944,0.004603833508920463,0.30969048880305494,0.3054299924343584,True,1.5995411701370592,311.7565312624825
KOH,B4,61.0,0.6863717722239149,0.004617616101848521,0.30901061179122724,0.30706223521419485,True,1.5995411701370592,311.7565312624825
KOH,B4,61.5,0.6870128785586294,0.004631683784089846,0.30835543777577024,0.3086954859495737,True,1.5995411701370592,311.7565312624825
KOH,B4,62.0,0.6876291956030289,0.004646036828648281,0.3077247676882833,0.31032974180143824,True,1.5995411701370592,311.7565312624825
KOH,B4,62.5,0.6882209217665136,0.0046606755437772485,0.3071184028106688,0.3119650002147834,True,1.5995411701370592,311.7565312624825
KOH,B4,63.0,0.6887882550089541,0.004675600275449998,0.306536144838776,0.3136012589049685,True,1.5995411701370592,311.7565312624825
KOH,B4,63.5,0.6893313927778255,0.004690811401419914,0.30597779594465635,0.3152385158442136,True,1.5995411701370592,311.7565312624825
KOH,B4,64.0,0.6898505319519743,0.004706309340296588,0.3054431588331852,0.3168767692482829,True,1.5995411701370592,311.7565312624825
KOH,B4,64.5,0.6903458687844699,0.004722094542775057,0.3049320367991548,0.31851601756335485,True,1.5995411701370592,311.7565312624825
KOH,B4,65.0,0.6908175988502574,0.004738167496853851,0.30444423378084284,0.3201562594530819,True,1.5995411701370592,311.7565312624825
KOH,B4,65.5,0.6912659169954205,0.004754528725336993,0.3039795544086399,0.3217974937858384,True,1.5995411701370592,311.7565312624825
KOH,B4,66.0,0.6916910172891644,0.0047711787867221744,0.3035378040557313,0.32343971962216056,True,1.5995411701370592,311.7565312624825
KOH,B4,66.5,0.6920930929770197,0.004788118273701958,0.3031187888819509,0.32508293620237544,True,1.5995411701370592,311.7565312624825
KOH,B4,67.0,0.6924723364392094,0.004805347815328709,0.30272231587946674,0.32672714293442234,True,1.5995411701370592,311.7565312624825
KOH,B4,67.5,0.6928289391471831,0.004822868076514997,0.3023481929120275,0.32837233938186505,True,1.5995411701370592,311.7565312624825
KOH,B4,68.0,0.6931630916253151,0.004840679754813948,0.30199622875681786,0.3300185252520955,True,1.5995411701370592,311.7565312624825
KOH,B4,68.5,0.6934749834140996,0.004858783585193205,0.3016662331388198,0.33166570038472876,True,1.5995411701370592,311.7565312624825
KOH,B4,69.0,0.6937648030335697,0.004877180336426701,0.30135801676905993,0.33331386474018904,True,1.5995411701370592,311.7565312624825
KOH,B4,69.5,0.6940327379535427,0.0048958708119273275,0.3010713913756402,0.334963018388486,True,1.5995411701370592,311.7565312624825
KOH,B4,70.0,0.6942789745564837,0.0049148558505796025,0.30080616973515717,0.33661316149818177,True,1.5995411701370592,311.7565312624825
KOH,B4,70.5,0.6945036981146346,0.004934136324907801,0.3005621657036772,0.3382642943255468,True,1.5995411701370592,311.7565312624825
KOH,B4,71.0,0.6947070927565968,0.0049537131438515125,0.300339194243604,0.3399164172039042,True,1.5995411701370592,311.7565312624825
KOH,B4,71.5,0.6948893414463475,0.004973587249990086,0.3001370714494356,0.3415695305331634,True,1.5995411701370592,311.7565312624825
KOH,B4,72.0,0.6950506259543188,0.004993759619875693,0.2999556145725224,0.3432236347695386,True,1.5995411701370592,311.7565312624825
KOH,B4,72.5,0.6951911268385236,0.00501423126592071,0.29979464204321626,0.3448787304154544,True,1.5995411701370592,311.7565312624825
KOH,B4,73.0,0.6953110234215187,0.005035003235120961,0.29965397349351885,0.3465348180096363,True,1.5995411701370592,311.7565312624825
KOH,B4,73.5,0.6954104937695882,0.005056076607501403,0.2995334297737351,0.3481918981173836,True,1.5995411701370592,311.7565312624825
KOH,B4,74.0,0.6954897146788652,0.005077452499113733,0.29943283297445555,0.34984997132102563,True,1.5995411701370592,311.7565312624825
KOH,B4,74.5,0.6955488616522398,0.005099132059871447,0.2993520064402677,0.3515090382105584,True,1.5995411701370592,311.7565312624825
KOH,B4,75.0,0.6955881088911986,0.005121116475381715,0.2992907747883522,0.35316909937446056,True,1.5995411701370592,311.7565312624825
KOH,B4,75.5,0.6956076292753965,0.005143406963614705,0.29924896391642086,0.35483015539068813,True,1.5995411701370592,311.7565312624825
KOH,B4,76.0,0.6956075943527762,0.005166004779066924,0.29922640102486575,0.3564922068178448,True,1.5995411701370592,311.7565312624825
KOH,B4,76.5,0.6955881743286874,0.0051889112100966805,0.2992229146192571,0.35815525418652794,True,1.5995411701370592,311.7565312624825
KOH,B4,77.0,0.6955495380537302,0.005212127578757553,0.2992383345267746,0.35981929799084755,True,1.5995411701370592,311.7565312624825
KOH,B4,77.5,0.695491853014929,0.005235655243518433,0.29927249190186966,0.361484338680117,True,1.5995411701370592,311.7565312624825
KOH,B4,78.0,0.6954152853279605,0.005259495595211217,0.29932521923747846,0.3631503766507144,True,1.5995411701370592,311.7565312624825
KOH,B4,78.5,0.695319999730104,0.005283650061693734,0.2993963503706287,0.36481741223811126,True,1.5995411701370592,311.7565312624825
KOH,B4,79.0,0.6952061595724701,0.005308120104130509,0.29948572048710265,0.36648544570906844,True,1.5995411701370592,311.7565312624825
KOH,B4,79.5,0.6950739268177242,0.005332907217825422,0.2995931661292084,0.36815447725399686,True,1.5995411701370592,311.7565312624825
KOH,B4,80.0,0.6949234620331479,0.0053580129346642025,0.299718525197612,0.3698245069794812,True,1.5995411701370592,311.7565312624825
KOH,B4,80.5,0.6947549243889739,0.005383438819894781,0.2998616369574436,0.3714955349009651,True,1.5995411701370592,311.7565312624825
KOH,B4,81.0,0.6945684716555545,0.005409186474181205,0.30002234203768685,0.3731675609355953,True,1.5995411701370592,311.7565312624825
KOH,B4,81.5,0.6943642602014743,0.005435257532826476,0.30020048243428743,0.3748405848952241,True,1.5995411701370592,311.7565312624825
KOH,B4,82.0,0.6941424449928291,0.005461653666882782,0.30039590150965356,0.3765146064795668,True,1.5995411701370592,311.7565312624825
KOH,B4,82.5,0.6939031795933914,0.00548837658176371,0.30060844399548703,0.3781896252695145,True,1.5995411701370592,311.7565312624825
KOH,B4,83.0,0.6936466161651111,0.005515428017799362,0.3008379559882868,0.3798656407205972,True,1.5995411701370592,311.7565312624825
KOH,B4,83.5,0.6933729054697246,0.005542809751679645,0.30108428495045914,0.38154265215659877,True,1.5995411701370592,311.7565312624825
KOH,B4,84.0,0.6930821968713641,0.005570523595233023,0.3013472797067651,0.38322065876331984,True,1.5995411701370592,311.7565312624825
KOH,B4,84.5,0.6927746383381672,0.005598571394482832,0.3016267904417669,0.38489965958248695,True,1.5995411701370592,311.7565312624825
KOH,B4,85.0,0.6924503764464962,0.005626955031812209,0.30192266869683015,0.38657965350580686,True,1.5995411701370592,311.7565312624825
KOH,B4,85.5,0.6921095563851565,0.005655676425353473,0.3022347673655723,0.3882606392691642,True,1.5995411701370592,311.7565312624825
KOH,B4,86.0,0.6917523219588384,0.005684737529376704,0.3025629406891994,0.3899426154469595,True,1.5995411701370592,311.7565312624825
KOH,B4,86.5,0.6913788155946676,0.00571414033279094,0.3029070442507331,0.391625580446587,True,1.5995411701370592,311.7565312624825
KOH,B4,87.0,0.690989178346757,0.005743886861586667,0.3032669349707362,0.3933095325030502,True,1.5995411701370592,311.7565312624825
KOH,B4,87.5,0.6905835499029234,0.005773979177448041,0.30364247109926357,0.39499446967371227,True,1.5995411701370592,311.7565312624825
KOH,B4,88.0,0.6901620685920706,0.005804419377919423,0.304033512210089,0.3966803898331823,True,1.5995411701370592,311.7565312624825
KOH,B4,88.5,0.6897248713887416,0.0058352095982927565,0.3044399191939329,0.3983672906683314,True,1.5995411701370592,311.7565312624825
KOH,B4,89.0,0.6892720939248864,0.0058663520087209875,0.30486155424891415,0.400055169673441,True,1.5995411701370592,311.7565312624825
KOH,B4,89.5,0.688803870492527,0.005897848816438511,0.30529828087411115,0.4017440241454799,True,1.5995411701370592,311.7565312624825
KOH,B4,90.0,0.6883203340573019,0.005929702265983217,0.3057499638603467,0.40343385117950686,True,1.5995411701370592,311.7565312624825
KOH,B4,90.5,0.687821616263018,0.005961914638863419,0.30621646928263857,0.4051246476642009,True,1.5995411701370592,311.7565312624825
KOH,B4,91.0,0.6873078474447514,0.005994488252891728,0.30669766448732094,0.4068164102775129,True,1.5995411701370592,311.7565312624825
KOH,B4,91.5,0.6867791566343984,0.006027425464294467,0.30719341808693734,0.40850913548244133,True,1.5995411701370592,311.7565312624825
KOH,B4,92.0,0.6862356715724438,0.006060728666157367,0.3077035999474731,0.41020281952292714,True,1.5995411701370592,311.7565312624825
KOH,B4,92.5,0.6856775187190634,0.0060944002889806725,0.3082280811788074,0.411897458419868,True,1.5995411701370592,311.7565312624825
KOH,B4,93.0,0.6851048232623391,0.00612844280134528,0.3087667341239442,0.41359304796725005,True,1.5995411701370592,311.7565312624825
KOH,B4,93.5,0.6845177091308052,0.006162858709579666,0.30931943234813186,0.4152895837283941,True,1.5995411701370592,311.7565312624825
KOH,B4,94.0,0.6839162990021075,0.006197650559203183,0.3098860506283163,0.41698706103231803,True,1.5995411701370592,311.7565312624825
KOH,B4,94.5,0.6833007143169922,0.006232820932039473,0.3104664649408173,0.41868547497021047,True,1.5995411701370592,311.7565312624825
KOH,B4,95.0,0.6826710752886322,0.006268372450657367,0.31106055245067044,0.42038482039201575,True,1.5995411701370592,311.7565312624825
KOH,B4,95.5,0.6820275009160603,0.006304307775595319,0.3116681914993036,0.4220850919031287,True,1.5995411701370592,311.7565312624825
KOH,B4,96.0,0.6813701089936064,0.006340629606249593,0.3122892615918804,0.4237862838611985,True,1.5995411701370592,311.7565312624825
KOH,B4,96.5,0.6806990161255522,0.006377340680763233,0.31292364338619816,0.4254883903730382,True,1.5995411701370592,311.7565312624825
KOH,B4,97.0,0.6800143377361234,0.006414443777580381,0.3135712186790318,0.4271914052916405,True,1.5995411701370592,311.7565312624825
KOH,B4,97.5,0.6793161880840337,0.006451941714558096,0.31423187039436584,0.4288953222132974,True,1.5995411701370592,311.7565312624825
KOH,B4,98.0,0.6786046802734758,0.006489837349299421,0.3149054825709596,0.4306001344748223,True,1.5995411701370592,311.7565312624825
KOH,B4,98.5,0.6778799262682211,0.006528133579264406,0.3155919403469154,0.432305835150875,True,1.5995411701370592,311.7565312624825
KOH,B4,99.0,0.6771420369026115,0.006566833342658285,0.3162911299496862,0.4340124170513845,True,1.5995411701370592,311.7565312624825
KOH,B4,99.5,0.6763911218954366,0.006605939618653522,0.31700293868097695,0.435719872719073,True,1.5995411701370592,311.7565312624825
KOH,B4,100.0,0.675627289865921,0.006645455425724478,0.3177272549039767,0.43742819442707637,True,1.5995411701370592,311.7565312624825
KOH,B4,100.5,0.6748506483408301,0.006685383825089097,0.318463968029592,0.4391373741766614,True,1.5995411701370592,311.7565312624825
KOH,B4,101.0,0.6740613037744536,0.006725727918932556,0.3192129685030132,0.44084740369503805,True,1.5995411701370592,311.7565312624825
KOH,B4,101.5,0.6732593615568216,0.0067664908504072585,0.31997414778972555,0.4425582744332667,True,1.5995411701370592,311.7565312624825
KOH,B4,102.0,0.6724449260306908,0.00680767580507613,0.3207473983611875,0.4442699775642571,True,1.5995411701370592,311.7565312624825
KOH,B4,102.5,0.6716181005038679,0.006849286010801592,0.3215326136830621,0.4459825039808603,True,1.5995411701370592,311.7565312624825
KOH,B4,103.0,0.6707789872615333,0.006891324737301474,0.32232968819900787,0.44769584429405096,True,1.5995411701370592,311.7565312624825
KOH,B4,103.5,0.6699276875832272,0.006933795297148215,0.3231385173179113,0.44940998883119926,True,1.5995411701370592,311.7565312624825
KOH,B4,104.0,0.6690643017538411,0.006976701046323974,0.3239589973980106,0.45112492763443135,True,1.5995411701370592,311.7565312624825
KOH,B4,104.5,0.6681889290787169,0.00702004538422063,0.32479102573590435,0.45284065045907834,True,1.5995411701370592,311.7565312624825
KOH,B4,105.0,0.667301667897191,0.007063831752862626,0.32563450054912124,0.45455714677221076,True,1.5995411701370592,311.7565312624825
KOH,B4,105.5,0.6664026155964731,0.0071080636391274155,0.32648932096379646,0.45627440575125977,True,1.5995411701370592,311.7565312624825
KOH,B4,106.0,0.6654918686265221,0.007152744572969105,0.32735538699990574,0.4579924162827222,True,1.5995411701370592,311.7565312624825
KOH,B4,106.5,0.6645695225123704,0.007197878130416058,0.3282325995570545,0.4597111669609505,True,1.5995411701370592,311.7565312624825
KOH,B4,107.0,0.6636356718696668,0.0072434679305732885,0.32912086039937893,0.46143064608702394,True,1.5995411701370592,311.7565312624825
KOH,B4,107.5,0.6626904104179987,0.007289517639730292,0.330020072142001,0.4631508416677044,True,1.5995411701370592,311.7565312624825
KOH,B4,108.0,0.6617338309948817,0.00733603096747526,0.3309301382375951,0.46487174141447063,True,1.5995411701370592,311.7565312624825
KOH,B4,108.5,0.6607660255700809,0.007383011670358819,0.33185096295951233,0.4665933327426344,True,1.5995411701370592,311.7565312624825
KOH,B4,109.0,0.659787085259822,0.007430463550894828,0.33278245138979035,0.4683156027705362,True,1.5995411701370592,311.7565312624825
KOH,B4,109.5,0.6587971003390036,0.007478390457893447,0.333724509403055,0.4700385383188188,True,1.5995411701370592,311.7565312624825
KOH,B4,110.0,0.6577961602592941,0.007526796286794202,0.3346770436537527,0.4717621259097799,True,1.5995411701370592,311.7565312624825
KOH,B4,110.5,0.6567843536585682,0.0075756849815533656,0.3356399615606076,0.4734863517668006,True,1.5995411701370592,311.7565312624825
KOH,B4,111.0,0.6557617683768946,0.007625060530869199,0.33661317129263235,0.47521120181385174,True,1.5995411701370592,311.7565312624825
KOH,B4,111.5,0.6547284914718565,0.007674926973733065,0.33759658175469553,0.4769366616750747,True,1.5995411701370592,311.7565312624825
KOH,B4,112.0,0.6536846092295434,0.007725288396653873,0.33859010257419886,0.47866271667443855,True,1.5995411701370592,311.7565312624825
KOH,B4,112.5,0.652630207181204,0.007776148934102167,0.33959364408497894,0.48038935183547,True,1.5995411701370592,311.7565312624825
KOH,B4,113.0,0.6515653701150148,0.007827512769842393,0.3406071173154279,0.48211655188105856,True,1.5995411701370592,311.7565312624825
KOH,B4,113.5,0.6504901820906239,0.007879384138043122,0.3416304339716181,0.4838443012333335,True,1.5995411701370592,311.7565312624825
KOH,B4,114.0,0.6494047264542502,0.007931767320057403,0.34266350642553345,0.48557258401361375,True,1.5995411701370592,311.7565312624825
KOH,B4,114.5,0.6483090858500073,0.007984666650084904,0.3437062476999708,0.48730138404242984,True,1.5995411701370592,311.7565312624825
KOH,B4,115.0,0.6472033422347812,0.008038086510842035,0.3447585714538848,0.48903068483961665,True,1.5995411701370592,311.7565312624825
KOH,B4,115.5,0.6460875768928842,0.008092031337114669,0.3458203919696201,0.4907604696244761,True,1.5995411701370592,311.7565312624825
KOH,B4,116.0,0.6449618704477134,0.008146505613426669,0.34689162413792385,0.4924907213160116,True,1.5995411701370592,311.7565312624825
KOH,B4,116.5,0.6438263028762936,0.008201513878036693,0.3479721834444005,0.49422142253323,True,1.5995411701370592,311.7565312624825
KOH,B4,117.0,0.6426809535224898,0.008257060719607523,0.34906198595641147,0.495952555595514,True,1.5995411701370592,311.7565312624825
KOH,B4,117.5,0.6415259011109953,0.008313150780092649,0.3501609483076429,0.49768410252306133,True,1.5995411701370592,311.7565312624825
KOH,B4,118.0,0.6403612237591005,0.00836978875362604,0.35126898768556014,0.49941604503739356,True,1.5995411701370592,311.7565312624825
KOH,B4,118.5,0.639186998991792,0.008426979388187483,0.3523860218176411,0.5011483645619317,True,1.5995411701370592,311.7565312624825
KOH,B4,119.0,0.6380033037536315,0.00848472748593565,0.3535119689577204,0.502881042222637,True,1.5995411701370592,311.7565312624825
KOH,B4,119.5,0.636810214422967,0.00854303790154276,0.3546467478725557,0.5046140588487207,True,1.5995411701370592,311.7565312624825
KOH,B4,120.0,0.6356078068233684,0.008601915546080363,0.35579027782706163,0.5063473949734177,True,1.5995411701370592,311.7565312624825
KOH,B4,120.5,0.6343961562379485,0.008661365385131958,0.35694247857342987,0.5080810308348277,True,1.5995411701370592,311.7565312624825
KOH,B4,121.0,0.6331753374214655,0.008721392438348907,0.35810327033558575,0.5098149463768179,True,1.5995411701370592,311.7565312624825
KOH,B4,121.5,0.6319454246140888,0.008782001784002347,0.3592725737967539,0.5115491212499945,True,1.5995411701370592,311.7565312624825
KOH,B4,122.0,0.6307064915531679,0.00884319855420923,0.36045031008746786,0.5132835348127354,True,1.5995411701370592,311.7565312624825
KOH,B4,122.5,0.629458611485334,0.008904987939040154,0.3616364007695827,0.5150181661322868,True,1.5995411701370592,311.7565312624825
KOH,B4,123.0,0.6282018571807102,0.008967375185742199,0.3628307678268383,0.5167529939859247,True,1.5995411701370592,311.7565312624825
KOH,B4,123.5,0.6269363009442364,0.009030365598960977,0.3640333336493162,0.5184879968621775,True,1.5995411701370592,311.7565312624825
KOH,B4,124.0,0.6256620146281033,0.009093964542294941,0.3652440210217822,0.5202231529621122,True,1.5995411701370592,311.7565312624825
KOH,B4,124.5,0.6243790696439655,0.009158177437407211,0.3664627531104747,0.521958440200682,True,1.5995411701370592,311.7565312624825
KOH,B4,125.0,0.6230875369748201,0.009223009764913748,0.36768945345100335,0.5236938362081361,True,1.5995411701370592,311.7565312624825
KOH,B4,125.5,0.621787487188552,0.009288467065937667,0.36892404593547035,0.5254293183314902,True,1.5995411701370592,311.7565312624825
KOH,B4,126.0,0.6204789904481478,0.009354554940665949,0.37016645480036914,0.527164863636058,True,1.5995411701370592,311.7565312624825
KOH,B4,126.5,0.619162116523797,0.009421279051013975,0.37141660461381676,0.5289004489070444,True,1.5995411701370592,311.7565312624825
KOH,B4,127.0,0.6178369348063262,0.009488645118738148,0.37267442026256425,0.530636050651197,True,1.5995411701370592,311.7565312624825
KOH,B4,127.5,0.6165035143160802,0.009556658928655537,0.37393982694200467,0.5323716450985189,True,1.5995411701370592,311.7565312624825
KOH,B4,128.0,0.6151619237169115,0.009625326326423433,0.3752127501428504,0.5341072082040398,True,1.5995411701370592,311.7565312624825
KOH,B4,128.5,0.6138122313265049,0.009694653221092864,0.3764931156376994,0.5358427156496475,True,1.5995411701370592,311.7565312624825
KOH,B4,129.0,0.6124545051277019,0.009764645584331433,0.3777808494721535,0.5375781428459769,True,1.5995411701370592,311.7565312624825
KOH,B4,129.5,0.6110888127801584,0.009835309451755592,0.37907587795127373,0.5393134649343577,True,1.5995411701370592,311.7565312624825
KOH,B4,130.0,0.609715221631224,0.009906650923374727,0.3803781276279228,0.5410486567888211,True,1.5995411701370592,311.7565312624825
KOH,B4,130.5,0.6083337987267123,0.009978676163369116,0.3816875252914409,0.5427836930181622,True,1.5995411701370592,311.7565312624825
KOH,B4,131.0,0.6069446108216692,0.010051391401422194,0.3830039979570987,0.544518547968062,True,1.5995411701370592,311.7565312624825
KOH,B4,131.5,0.6055477243930296,0.0101248029329426,0.3843274728534407,0.5462531957232644,True,1.5995411701370592,311.7565312624825
KOH,B4,132.0,0.6041432056473894,0.010198917119397244,0.38565787741162705,0.5479876101098111,True,1.5995411701370592,311.7565312624825
KOH,B4,132.5,0.6027311205326624,0.010273740389754593,0.3869951392545534,0.5497217646973324,True,1.5995411701370592,311.7565312624825
KOH,B4,133.0,0.6013115347501818,0.010349279239596498,0.38833918618641494,0.5514556328013931,True,1.5995411701370592,311.7565312624825
KOH,B4,133.5,0.599884513762583,0.010425540232450459,0.3896899461796055,0.553189187485896,True,1.5995411701370592,311.7565312624825
KOH,B4,134.0,0.5984501228054606,0.010502530001454957,0.3910473473666132,0.5549224015655375,True,1.5995411701370592,311.7565312624825
KOH,B4,134.5,0.5970084268965836,0.010580255247027992,0.39241131802847384,0.5566552476083219,True,1.5995411701370592,311.7565312624825
KOH,B4,135.0,0.5955594908468864,0.01065872274041979,0.39378178658322494,0.5583876979381265,True,1.5995411701370592,311.7565312624825
KOH,B4,135.5,0.5941033792694617,0.01073793932326872,0.3951586815770236,0.560119724637323,True,1.5995411701370592,311.7565312624825
KOH,B4,136.0,0.5926401565891082,0.010817911906602085,0.3965419316724894,0.5618512995494523,True,1.5995411701370592,311.7565312624825
KOH,B4,136.5,0.591169887052545,0.010898647474277823,0.3979314656401556,0.5635823942819527,True,1.5995411701370592,311.7565312624825
KOH,B4,137.0,0.5896926347384035,0.010980153080875077,0.39932721234670066,0.5653129802089397,True,1.5995411701370592,311.7565312624825
KOH,B4,137.5,0.5882084635646656,0.011062435853581576,0.4007291007460667,0.5670430284740412,True,1.5995411701370592,311.7565312624825
KOH,B4,138.0,0.5867174372991002,0.01114550299341488,0.40213705987002246,0.5687725099932819,True,1.5995411701370592,311.7565312624825
KOH,B4,138.5,0.5852196195689219,0.01122936177477829,0.40355101881728306,0.5705013954580227,True,1.5995411701370592,311.7565312624825
KOH,B4,139.0,0.5837150738687846,0.011314019546015963,0.40497090674485037,0.5722296553379481,True,1.5995411701370592,311.7565312624825
KOH,B4,139.5,0.5822038635693305,0.01139948373007904,0.406396652858243,0.5739572598841076,True,1.5995411701370592,311.7565312624825
KOH,B4,140.0,0.5806860519275148,0.011485761826079965,0.4078281864028366,0.5756841791320062,True,1.5995411701370592,311.7565312624825
KOH,B4,140.5,0.5791617020921569,0.01157286140884839,0.4092654366537607,0.5774103829047453,True,1.5995411701370592,311.7565312624825
KOH,B4,141.0,0.5776308771160421,0.011660790129375265,0.41070833290757225,0.5791358408162144,True,1.5995411701370592,311.7565312624825
KOH,B4,141.5,0.5760936399616945,0.011749555717144311,0.41215680447281855,0.5808605222743308,True,1.5995411701370592,311.7565312624825
KOH,B4,142.0,0.5745500535097037,0.011839165978244637,0.4136107806619327,0.5825843964843287,True,1.5995411701370592,311.7565312624825
KOH,B4,142.5,0.5730001805683838,0.011929628797702208,0.4150701907822407,0.5843074324520975,True,1.5995411701370592,311.7565312624825
KOH,B4,143.0,0.5714440838792134,0.012020952139923935,0.4165349641270799,0.586029598987567,True,1.5995411701370592,311.7565312624825
KOH,B4,143.5,0.5698818261263838,0.012113144049141766,0.41800502996858224,0.5877508647081415,True,1.5995411701370592,311.7565312624825
KOH,B4,144.0,0.5683134699446812,0.012206212649745751,0.4194803175480155,0.5894711980421798,True,1.5995411701370592,311.7565312624825
KOH,B4,144.5,0.566739077924705,0.012300166147061198,0.4209607560687889,0.5911905672325228,True,1.5995411701370592,311.7565312624825
KOH,B4,145.0,0.5651587126226376,0.012395012828125829,0.4224462746880153,0.5929089403400654,True,1.5995411701370592,311.7565312624825
KOH,B4,145.5,0.5635724365653516,0.012490761063133071,0.4239368025084067,0.5946262852473776,True,1.5995411701370592,311.7565312624825
KOH,B4,146.0,0.5619803122594025,0.012587419303877745,0.4254322685718348,0.5963425696623667,True,1.5995411701370592,311.7565312624825
KOH,B4,146.5,0.5603824021964687,0.012684996086309575,0.4269326018501163,0.5980577611219866,True,1.5995411701370592,311.7565312624825
KOH,B4,147.0,0.5587787688607904,0.01278350003097728,0.42843773123868445,0.5997718269959914,True,1.5995411701370592,311.7565312624825
KOH,B4,147.5,0.5571694747352751,0.012882939843583685,0.429947585550039,0.6014847344907296,True,1.5995411701370592,311.7565312624825
KOH,B4,148.0,0.5555545823084929,0.012983324314097544,0.43146209350364284,0.6031964506529857,True,1.5995411701370592,311.7565312624825
KOH,B4,148.5,0.5539341540808929,0.013084662320528295,0.43298118372270267,0.60490694237386,True,1.5995411701370592,311.7565312624825
KOH,B4,149.0,0.5523082525703549,0.013186962826261528,0.434504784725509,0.6066161763926936,True,1.5995411701370592,311.7565312624825
KOH,B4,149.5,0.5506769403182954,0.013290234883167606,0.43603282491821993,0.6083241193010313,True,1.5995411701370592,311.7565312624825
KOH,B4,150.0,0.5490402798967731,0.013394487631268603,0.4375652325897539,0.6100307375466301,True,1.5995411701370592,311.7565312624825
KOH,B4,150.5,0.5473983339124855,0.013499730299071366,0.43910193590357416,0.6117359974375003,True,1.5995411701370592,311.7565312624825
KOH,B4,151.0,0.5457511650137636,0.013605972205343875,0.4406428628940251,0.6134398651459956,True,1.5995411701370592,311.7565312624825
KOH,B4,151.5,0.5440988358943466,0.013713222759004218,0.44218794145745033,0.6151423067129321,True,1.5995411701370592,311.7565312624825
KOH,B4,152.0,0.542441409300709,0.013821491459120594,0.443737099348418,0.6168432880517529,True,1.5995411701370592,311.7565312624825
KOH,B4,152.5,0.5407789480352809,0.013930787898019936,0.44529026417239326,0.6185427749527267,True,1.5995411701370592,311.7565312624825
KOH,B4,153.0,0.5391115149625536,0.01404112175884542,0.4468473633818526,0.6202407330871839,True,1.5995411701370592,311.7565312624825
KOH,B4,153.5,0.5374391730131878,0.014152502819331225,0.4484083242681791,0.6219371280117887,True,1.5995411701370592,311.7565312624825
KOH,B4,154.0,0.5357619851895645,0.014264940949471061,0.44997307395933106,0.6236319251728468,True,1.5995411701370592,311.7565312624825
KOH,B4,154.5,0.5340800145685609,0.014378446114626797,0.4515415394126254,0.6253250899106485,True,1.5995411701370592,311.7565312624825
KOH,B4,155.0,0.5323933243077672,0.014493028375195394,0.4531136474097419,0.6270165874638436,True,1.5995411701370592,311.7565312624825
KOH,B4,155.5,0.5307019776492616,0.014608697887830147,0.4546893245533923,0.6287063829738525,True,1.5995411701370592,311.7565312624825
KOH,B4,156.0,0.5290060379221639,0.014725464904996599,0.45626849726043694,0.6303944414893075,True,1.5995411701370592,311.7565312624825
KOH,B4,156.5,0.5273055685486305,0.01484333977685992,0.4578510917594425,0.6320807279705266,True,1.5995411701370592,311.7565312624825
KOH,B4,157.0,0.5256006330454088,0.014962332951728996,0.45943703408490855,0.6337652072940185,True,1.5995411701370592,311.7565312624825
KOH,B4,157.5,0.5238912950291663,0.015082454976500514,0.461026250073715,0.6354478442570174,True,1.5995411701370592,311.7565312624825
KOH,B4,158.0,0.5221776182195992,0.015203716497991238,0.4626186653593489,0.6371286035820475,True,1.5995411701370592,311.7565312624825
KOH,B4,158.5,0.5204596664405425,0.015326128262271865,0.4642142053710163,0.6388074499215156,True,1.5995411701370592,311.7565312624825
KOH,B4,159.0,0.5187375036264097,0.015449701117553616,0.4658127953267588,0.640484347862331,True,1.5995411701370592,311.7565312624825
KOH,B4,159.5,0.5170111938226363,0.015574446012189824,0.4674143602330094,0.6421592619305542,True,1.5995411701370592,311.7565312624825
KOH,B4,160.0,0.515280801189677,0.015700373998672745,0.4690188248768212,0.6438321565960687,True,1.5995411701370592,311.7565312624825
KOH,B4,160.5,0.513546390004116,0.015827496231413107,0.4706261138265333,0.6455029962772809,True,1.5995411701370592,311.7565312624825
KOH,B4,161.0,0.5118080246633294,0.015955823968294425,0.47223615142755193,0.6471717453458412,True,1.5995411701370592,311.7565312624825
KOH,B4,161.5,0.510065769685264,0.01608536857311549,0.4738488617972436,0.6488383681313914,True,1.5995411701370592,311.7565312624825
KOH,B4,162.0,0.5083196897128772,0.016216141514480142,0.4754641688253791,0.6505028289263322,True,1.5995411701370592,311.7565312624825
KOH,B4,162.5,0.5065698495139159,0.01634815436646342,0.4770819961696926,0.6521650919906136,True,1.5995411701370592,311.7565312624825
KOH,B4,163.0,0.5048163139840245,0.016481418810387893,0.4787022672518848,0.6538251215565447,True,1.5995411701370592,311.7565312624825
KOH,B4,163.5,0.5030591481491875,0.01661594663548982,0.48032490525851124,0.6554828818336246,True,1.5995411701370592,311.7565312624825
KOH,B4,164.0,0.5012984171643975,0.01675174973847504,0.4819498331372074,0.65713833701339,True,1.5995411701370592,311.7565312624825
KOH,B4,164.5,0.4995341863178737,0.016888840125739435,0.48357697359335816,0.6587914512742833,True,1.5995411701370592,311.7565312624825
KOH,B4,165.0,0.49776652102928587,0.01702722991314687,0.48520624909031973,0.6604421887865329,True,1.5995411701370592,311.7565312624825
KOH,B4,165.5,0.495995486854639,0.0171669313280276,0.4868375818474213,0.6620905137170543,True,1.5995411701370592,311.7565312624825
KOH,B4,166.0,0.49422114948294293,0.01730795670695784,0.4884708938364124,0.6637363902343625,True,1.5995411701370592,311.7565312624825
KOH,B4,166.5,0.49244357473932077,0.017450318500866757,0.490106106783017,0.665379782513498,True,1.5995411701370592,311.7565312624825
KOH,B4,167.0,0.490662828585009,0.017594029271705836,0.491743142162937,0.6670206547409682,True,1.5995411701370592,311.7565312624825
KOH,B4,167.5,0.48887897711713535,0.017739101696445658,0.4933819212025181,0.6686589711196965,True,1.5995411701370592,311.7565312624825
KOH,B4,168.0,0.48709208656982916,0.01788554856485547,0.49502236487830586,0.6702946958739853,True,1.5995411701370592,311.7565312624825
KOH,B4,168.5,0.48530222331288897,0.01803338278283384,0.49666439391349293,0.6719277932544856,True,1.5995411701370592,311.7565312624825
KOH,B4,169.0,0.48350945385267075,0.018182617372186627,0.49830792878080565,0.673558227543178,True,1.5995411701370592,311.7565312624825
KOH,B4,169.5,0.4817138448320879,0.01833326547062697,0.49995288969983953,0.6751859630583567,True,1.5995411701370592,311.7565312624825
KOH,B4,170.0,0.4799154630277247,0.018485340333773692,0.5015991966368372,0.6768109641596244,True,1.5995411701370592,311.7565312624825
KOH,B4,170.5,0.47811437535338897,0.018638855335151305,0.5032467693064646,0.6784331952528887,True,1.5995411701370592,311.7565312624825
KOH,B4,171.0,0.476310648854783,0.018793823967078183,0.5048955271693689,0.6800526207953638,True,1.5995411701370592,311.7565312624825
KOH,B4,171.5,0.474504350711058,0.01895025984199883,0.5065453894346206,0.681669205300574,True,1.5995411701370592,311.7565312624825
KOH,B4,172.0,0.4726955482341477,0.019108176691373657,0.5081962750579372,0.6832829133433618,True,1.5995411701370592,311.7565312624825
KOH,B4,172.5,0.47088430886566,0.019267588369897837,0.509848102744348,0.684893709564891,True,1.5995411701370592,311.7565312624825
KOH,B4,173.0,0.46907070017621066,0.019428508852614712,0.5115007909470837,0.6865015586776556,True,1.5995411701370592,311.7565312624825
KOH,B4,173.5,0.46725478986497926,0.019590952237802384,0.5131542578693526,0.6881064254704806,True,1.5995411701370592,311.7565312624825
KOH,B4,174.0,0.4654366457550463,0.019754932747417797,0.5148084214654514,0.689708274813525,True,1.5995411701370592,311.7565312624825
KOH,B4,174.5,0.4636163357953915,0.019920464727096743,0.5164631994418745,0.6913070716632772,True,1.5995411701370592,311.7565312624825
KOH,B4,175.0,0.4617939280553429,0.020087562647930213,0.5181185092575369,0.692902781067546,True,1.5995411701370592,311.7565312624825
KOH,B4,175.5,0.45996949072391047,0.020256241106242356,0.5197742681266604,0.6944953681704459,True,1.5995411701370592,311.7565312624825
KOH,B4,176.0,0.45814309210756576,0.020426514825810926,0.5214303930192177,0.6960847982173736,True,1.5995411701370592,311.7565312624825
KOH,B4,176.5,0.4563148006277995,0.020598398655868877,0.5230868006644851,0.697671036559975,True,1.5995411701370592,311.7565312624825
KOH,B4,177.0,0.4544846848171247,0.02077190757621139,0.5247434075508206,0.6992540486611037,True,1.5995411701370592,311.7565312624825
KOH,B4,177.5,0.45265281331730023,0.020947056693421118,0.5264001299292165,0.700833800099767,True,1.5995411701370592,311.7565312624825
KOH,B4,178.0,0.45081925487777674,0.021123861244420894,0.5280568838141875,0.7024102565760589,True,1.5995411701370592,311.7565312624825
KOH,B4,178.5,0.4489840783481469,0.021302336596251692,0.5297135849877677,0.7039833839160796,True,1.5995411701370592,311.7565312624825
KOH,B4,179.0,0.447147352680366,0.021482498246738757,0.5313701490010647,0.7055531480768413,True,1.5995411701370592,311.7565312624825
KOH,B4,179.5,0.4453091469203141,0.02166436182604592,0.5330264911773686,0.707119515151155,True,1.5995411701370592,311.7565312624825
KOH,B4,180.0,0.44346953020935054,0.021847943096231504,0.5346825266134836,0.7086824513725015,True,1.5995411701370592,311.7565312624825
KOH,B4,180.5,0.441628571775432,0.02203325795413491,0.5363381701852798,0.7102419231198843,True,1.5995411701370592,311.7565312624825
KOH,B4,181.0,0.4397863409328906,0.022220322429378214,0.5379933365488032,0.7117978969226597,True,1.5995411701370592,311.7565312624825
KOH,B4,181.5,0.43794290707688255,0.02240915268614252,0.5396479401436061,0.7133503394653496,True,1.5995411701370592,311.7565312624825
KOH,B4,182.0,0.43609833967961364,0.02259976502450023,0.5413018951980764,0.714899217592428,True,1.5995411701370592,311.7565312624825
KOH,B4,182.5,0.4342527082861203,0.022792175881525267,0.5429551157301038,0.716444498313086,True,1.5995411701370592,311.7565312624825
KOH,B4,183.0,0.4324060825104947,0.02298640183084899,0.5446075155524088,0.7179861488059714,True,1.5995411701370592,311.7565312624825
KOH,B4,183.5,0.4305585320292238,0.023182459583548365,0.5462590082763175,0.7195241364239018,True,1.5995411701370592,311.7565312624825
KOH,B4,184.0,0.4287101265787463,0.023380365990366414,0.547909507315536,0.7210584286985511,True,1.5995411701370592,311.7565312624825
KOH,B4,184.5,0.42686093595101227,0.023580138039269727,0.5495589258899258,0.7225889933451063,True,1.5995411701370592,311.7565312624825
KOH,B4,185.0,0.42501102998548923,0.02378179285988935,0.5512071770301663,0.7241157982668942,True,1.5995411701370592,311.7565312624825
KOH,B4,185.5,0.4231604785671639,0.023985347722410566,0.5528541735810855,0.7256388115599796,True,1.5995411701370592,311.7565312624825
KOH,B4,186.0,0.4213093516209909,0.024190820038239025,0.5544998282076552,0.7271580015177279,True,1.5995411701370592,311.7565312624825
KOH,B4,186.5,0.41945771910412155,0.024398227360000746,0.5561440533980999,0.7286733366353354,True,1.5995411701370592,311.7565312624825
KOH,B4,187.0,0.4176056510034609,0.024607587384872787,0.5577867614692256,0.7301847856143269,True,1.5995411701370592,311.7565312624825
KOH,B4,187.5,0.41575321732900683,0.024818917952362796,0.5594278645717488,0.7316923173670135,True,1.5995411701370592,311.7565312624825
KOH,B4,188.0,0.41390048810807656,0.025032237046307415,0.5610672746938494,0.733195901020917,True,1.5995411701370592,311.7565312624825
KOH,B4,188.5,0.4120475333786455,0.025247562797092726,0.5627049036680543,0.7346955059231534,True,1.5995411701370592,311.7565312624825
KOH,B4,189.0,0.4101944231857946,0.02546491347832358,0.5643406631745673,0.7361911016447782,True,1.5995411701370592,311.7565312624825
KOH,B4,189.5,0.4083412275743825,0.02568430751259676,0.5659744647477094,0.7376826579850914,True,1.5995411701370592,311.7565312624825
KOH,B4,190.0,0.40648801658127454,0.025905763467282128,0.567606219780803,0.7391701449758984,True,1.5995411701370592,311.7565312624825
KOH,B4,190.5,0.4046348602335659,0.026129300058741478,0.5692358395328334,0.7406535328857319,True,1.5995411701370592,311.7565312624825
KOH,B4,191.0,0.4027818285370355,0.026354936151884445,0.5708632351313359,0.7421327922240256,True,1.5995411701370592,311.7565312624825
KOH,B4,191.5,0.40092899147370353,0.026582690760390548,0.5724883175812767,0.743607893745245,True,1.5995411701370592,311.7565312624825
KOH,B4,192.0,0.3990764189940599,0.02681258304804146,0.5741109977686065,0.7450788084529721,True,1.5995411701370592,311.7565312624825
KOH,B4,192.5,0.3972241810099586,0.027044632328054874,0.5757311864678094,0.7465455076039399,True,1.5995411701370592,311.7565312624825
KOH,B4,193.0,0.39537234738840077,0.027278858066637213,0.577348794346344,0.7480079627120227,True,1.5995411701370592,311.7565312624825
KOH,B4,193.5,0.39352098794465107,0.027515279880097054,0.5789637319717489,0.7494661455521721,True,1.5995411701370592,311.7565312624825
KOH,B4,194.0,0.3916701724357985,0.02775391753773171,0.5805759098174157,0.7509200281643058,True,1.5995411701370592,311.7565312624825
KOH,B4,194.5,0.389819970554095,0.027994790962493354,0.5821852382696946,0.7523695828571431,True,1.5995411701370592,311.7565312624825
KOH,B4,195.0,0.3879704519187399,0.0282379202303229,0.5837916276327793,0.7538147822119878,True,1.5995411701370592,311.7565312624825
KOH,B4,195.5,0.3861216860687744,0.02848332557126021,0.5853949881364784,0.755255599086457,True,1.5995411701370592,311.7565312624825
KOH,B4,196.0,0.3842737424588627,0.028731027371442508,0.5869952299419889,0.7566920066181547,True,1.5995411701370592,311.7565312624825
KOH,B4,196.5,0.38242669044707966,0.02898104617088393,0.5885922631487794,0.7581239782282926,True,1.5995411701370592,311.7565312624825
KOH,B4,197.0,0.3805805992929123,0.029233402667250274,0.5901859978014734,0.7595514876252477,True,1.5995411701370592,311.7565312624825
KOH,B4,197.5,0.3787355381461577,0.02948811771452675,0.5917763438965107,0.7609745088080699,True,1.5995411701370592,311.7565312624825
KOH,B4,198.0,0.3768915760400393,0.029745212323906145,0.5933632113879206,0.7623930160699244,True,1.5995411701370592,311.7565312624825
KOH,B4,198.5,0.37504878188654445,0.030004707664010866,0.5949465101966478,0.7638069840014776,True,1.5995411701370592,311.7565312624825
KOH,B4,199.0,0.37320722446443355,0.03026662506289135,0.5965261502145491,0.7652163874942228,True,1.5995411701370592,311.7565312624825
KOH,B4,199.5,0.37136697241590966,0.03053098600691584,0.5981020413141636,0.7666212017437425,True,1.5995411701370592,311.7565312624825
KOH,B4,200.0,0.3695280942357382,0.03079781214299082,0.5996740933535971,0.768021402252909,True,1.5995411701370592,311.7565312624825
KOH,B4,200.5,0.3676906582656958,0.031067125276562635,0.6012422161849607,0.769416964835024,True,1.5995411701370592,311.7565312624825
KOH,B4,201.0,0.3658547326861328,0.03133894737517018,0.6028063196608091,0.77080786561689,True,1.5995411701370592,311.7565312624825
KOH,B4,201.5,0.36402038550709115,0.031613300567112645,0.6043663136430233,0.772194081041821,True,1.5995411701370592,311.7565312624825
KOH,B4,202.0,0.3621876845629757,0.0318902071423377,0.6059221080063626,0.7735755878725855,True,1.5995411701370592,311.7565312624825
KOH,B4,202.5,0.3603566975030059,0.03216968955288557,0.6074736126508995,0.7749523631942835,True,1.5995411701370592,311.7565312624825
KOH,B4,203.0,0.35852749178277854,0.032451770413777226,0.6090207375055723,0.776324384417156,True,1.5995411701370592,311.7565312624825
KOH,B4,203.5,0.35670013465805006,0.03273647250323641,0.6105633925357346,0.7776916292793281,True,1.5995411701370592,311.7565312624825
KOH,B4,204.0,0.3548746931760771,0.03302381876268967,0.6121014877533693,0.7790540758494815,True,1.5995411701370592,311.7565312624825
KOH,B4,204.5,0.3530512341669567,0.0333138322976545,0.6136349332219737,0.7804117025294602,True,1.5995411701370592,311.7565312624825
KOH,B4,205.0,0.35122982423807514,0.03360653637907163,0.6151636390649973,0.7817644880568049,True,1.5995411701370592,311.7565312624825
KOH,B4,205.5,0.3494105297621175,0.033901954441750703,0.6166875154729468,0.783112411507217,True,1.5995411701370592,311.7565312624825
KOH,B4,206.0,0.34759341687329304,0.034200110086812785,0.6182064727116021,0.7844554522969516,True,1.5995411701370592,311.7565312624825
KOH,B4,206.5,0.34577855145689895,0.03450102707991398,0.6197204211295659,0.7857935901851402,True,1.5995411701370592,311.7565312624825
KOH,B4,207.0,0.34396599914221504,0.03480472935479817,0.6212292711644807,0.7871268052760393,True,1.5995411701370592,311.7565312624825
KOH,B4,207.5,0.3421558252938439,0.035111241010188365,0.6227329333523546,0.7884550780212078,True,1.5995411701370592,311.7565312624825
KOH,B4,208.0,0.3403480950046056,0.035420586312007174,0.6242313183348891,0.7897783892216107,True,1.5995411701370592,311.7565312624825
KOH,B4,208.5,0.3385428730873219,0.03573278969359883,0.6257243368654741,0.7910967200296491,True,1.5995411701370592,311.7565312624825
KOH,B4,209.0,0.33674022406571247,0.03604787575639534,0.62721189981918,0.7924100519511167,True,1.5995411701370592,311.7565312624825
KOH,B4,209.5,0.3349402121690659,0.03636586926880625,0.6286939181978646,0.7937183668470807,True,1.5995411701370592,311.7565312624825
KOH,B4,210.0,0.3331429013213594,0.036686795168217046,0.6301703031412753,0.7950216469356893,True,1.5995411701370592,311.7565312624825
KOH,B4,210.5,0.3313483551352636,0.037010678560545074,0.631640965929714,0.7963198747939034,True,1.5995411701370592,311.7565312624825
KOH,B4,211.0,0.32955663690459325,0.03733754471935136,0.6331058179969151,0.797613033359152,True,1.5995411701370592,311.7565312624825
KOH,B4,211.5,0.32776780959387075,0.03766741908850513,0.6345647709333768,0.7989011059309128,True,1.5995411701370592,311.7565312624825
KOH,B4,212.0,0.32598193583321944,0.03800032728062952,0.6360177364961306,0.8001840761722164,True,1.5995411701370592,311.7565312624825
KOH,B4,212.5,0.3241990779101478,0.038336295077989746,0.6374646266171791,0.8014619281110739,True,1.5995411701370592,311.7565312624825
KOH,B4,213.0,0.3224192977602236,0.03867534843227105,0.638905353407937,0.8027346461418285,True,1.5995411701370592,311.7565312624825
KOH,B4,213.5,0.3206426569613008,0.03901751346480076,0.6403398291694451,0.8040022150264289,True,1.5995411701370592,311.7565312624825
KOH,B4,214.0,0.31886921672419355,0.039362816467436446,0.6417679663983655,0.805264619895628,True,1.5995411701370592,311.7565312624825
KOH,B4,214.5,0.3170990378873473,0.039711283901677774,0.6431896777965296,0.8065218462501029,True,1.5995411701370592,311.7565312624825
KOH,B4,215.0,0.31533218090573634,0.04006294239999875,0.6446048762744905,0.807773879961498,True,1.5995411701370592,311.7565312624825
KOH,B4,215.5,0.3135687058475334,0.040417818764515445,0.6460134749632918,0.8090207072733905,True,1.5995411701370592,311.7565312624825
KOH,B4,216.0,0.3118086723832292,0.0407759399683183,0.6474153872189081,0.8102623148021804,True,1.5995411701370592,311.7565312624825
KOH,B4,216.5,0.3100521397800815,0.041137333153917766,0.6488105266309052,0.8114986895379007,True,1.5995411701370592,311.7565312624825
KOH,B4,217.0,0.30829916689478765,0.04150202563657501,0.6501988070286568,0.8127298188449527,True,1.5995411701370592,311.7565312624825
KOH,B4,217.5,0.30654981216504673,0.041870044899416925,0.6515801424906709,0.8139556904627611,True,1.5995411701370592,311.7565312624825
KOH,B4,218.0,0.3048041336035645,0.042241418598099045,0.6529544473481419,0.8151762925063558,True,1.5995411701370592,311.7565312624825
KOH,B4,218.5,0.30306218879005975,0.04261617455814104,0.6543216361964976,0.8163916134668721,True,1.5995411701370592,311.7565312624825
KOH,B4,219.0,0.3013240348654911,0.04299434077559283,0.6556816238985075,0.8176016422119783,True,1.5995411701370592,311.7565312624825
KOH,B4,219.5,0.29958972852384136,0.04337594541659051,0.6570343255944966,0.8188063679862236,True,1.5995411701370592,311.7565312624825
KOH,B4,220.0,0.2978593260056783,0.043761016817800424,0.6583796567063427,0.8200057804113091,True,1.5995411701370592,311.7565312624825
KOH,B4,220.5,0.2961328830908272,0.04414958348619713,0.6597175329476901,0.8211998694862842,True,1.5995411701370592,311.7565312624825
KOH,B4,221.0,0.29441045509415176,0.04454167409817522,0.6610478703277245,0.8223886255876675,True,1.5995411701370592,311.7565312624825
KOH,B4,221.5,0.29269209685467423,0.044937317500659546,0.6623705851596107,0.8235720394694875,True,1.5995411701370592,311.7565312624825
KOH,B4,222.0,0.29097786273268866,0.04533654270977294,0.6636855940673758,0.8247501022632514,True,1.5995411701370592,311.7565312624825
KOH,B4,222.5,0.2892678066022114,0.04573937891150237,0.6649928139914607,0.8259228054778383,True,1.5995411701370592,311.7565312624825
KOH,B4,223.0,0.28756198184409776,0.04614585545947847,0.6662921621962692,0.8270901409993154,True,1.5995411701370592,311.7565312624825
KOH,B4,223.5,0.28586044134004673,0.04655600187830622,0.6675835562766075,0.8282521010906809,True,1.5995411701370592,311.7565312624825
KOH,B4,224.0,0.2841632374677161,0.04696984785956815,0.6688669141630132,0.829408678391533,True,1.5995411701370592,311.7565312624825
KOH,B4,224.5,0.2824704220918406,0.04738742326360068,0.6701421541299712,0.830559865917664,True,1.5995411701370592,311.7565312624825
KOH,B4,225.0,0.2807820465622335,0.047808758118161876,0.6714091948001322,0.8317056570605813,True,1.5995411701370592,311.7565312624825
KOH,B4,225.5,0.2790981617044608,0.04823388261843142,0.6726679551525283,0.8328460455869563,True,1.5995411701370592,311.7565312624825
KOH,B4,226.0,0.2774188178158443,0.04866282712723269,0.6739183545276806,0.8339810256379999,True,1.5995411701370592,311.7565312624825
KOH,B4,226.5,0.27574406466035484,0.049095622172590225,0.6751603126327055,0.8351105917287668,True,1.5995411701370592,311.7565312624825
KOH,B4,227.0,0.2740739514617285,0.04953229844995022,0.676393749549753,0.8362347387473876,True,1.5995411701370592,311.7565312624825
KOH,B4,227.5,0.27240852689902617,0.04997288681796164,0.6776185857391148,0.8373534619542311,True,1.5995411701370592,311.7565312624825
KOH,B4,228.0,0.27074783910130407,0.05041741830291713,0.6788347420469965,0.8384667569809955,True,1.5995411701370592,311.7565312624825
KOH,B4,228.5,0.269091935642507,0.0508659240932019,0.6800421397108458,0.8395746198297315,True,1.5995411701370592,311.7565312624825
KOH,B4,229.0,0.26744086353613916,0.05131843554151416,0.6812407003637944,0.8406770468717942,True,1.5995411701370592,311.7565312624825
KOH,B4,229.5,0.26579466923104533,0.05177498416375492,0.6824303460422065,0.8417740348467292,True,1.5995411701370592,311.7565312624825
KOH,B4,230.0,0.26415339860652587,0.05223560163747365,0.6836109991883443,0.8428655808610889,True,1.5995411701370592,311.7565312624825
KOH,B4,230.5,0.2625170969672297,0.05270031980186829,0.684782582658805,0.8439516823871834,True,1.5995411701370592,311.7565312624825
KOH,B4,231.0,0.2608858090387134,0.053169170656675036,0.6859450197280736,0.8450323372617652,True,1.5995411701370592,311.7565312624825
KOH,B4,231.5,0.2592595789638885,0.05364218636194629,0.6870982340925202,0.8461075436846477,True,1.5995411701370592,311.7565312624825
KOH,B4,232.0,0.2576384502988027,0.0541193992358302,0.6882421498788371,0.8471773002172596,True,1.5995411701370592,311.7565312624825
KOH,B4,232.5,0.25602246600753276,0.05460084175545887,0.6893766916455935,0.8482416057811347,True,1.5995411701370592,311.7565312624825
KOH,B4,233.0,0.2544116684595199,0.05508654655494993,0.6905017843898964,0.8493004596563407,True,1.5995411701370592,311.7565312624825
KOH,B4,233.5,0.2528060994240189,0.05557654642363019,0.6916173535520542,0.8503538614798435,True,1.5995411701370592,311.7565312624825
KOH,B4,234.0,0.25120580006854354,0.05607087430670177,0.692723325019573,0.851401811243811,True,1.5995411701370592,311.7565312624825
KOH,B4,234.5,0.24961081095398185,0.056569563303687787,0.6938196251329298,0.8524443092938566,True,1.5995411701370592,311.7565312624825
KOH,B4,235.0,0.24802117203215346,0.05707264666598988,0.6949061806873491,0.8534813563272234,True,1.5995411701370592,311.7565312624825
KOH,B4,235.5,0.24643692264203487,0.05758015779755432,0.6959829189416844,0.854512953390908,True,1.5995411701370592,311.7565312624825
KOH,B4,236.0,0.24485810150554066,0.05809213025331772,0.6970497676181964,0.8555391018797296,True,1.5995411701370592,311.7565312624825
KOH,B4,236.5,0.24328474672707934,0.058608597735876344,0.6981066549092141,0.8565598035343384,True,1.5995411701370592,311.7565312624825
KOH,B4,237.0,0.24171689578933453,0.05912959409770657,0.6991535094806878,0.8575750604391702,True,1.5995411701370592,311.7565312624825
KOH,B4,237.5,0.2401545855494902,0.05965515333694604,0.7001902604768517,0.8585848750203476,True,1.5995411701370592,311.7565312624825
KOH,B4,238.0,0.23859785223945273,0.060185309597393655,0.7012168375220007,0.8595892500435228,True,1.5995411701370592,311.7565312624825
KOH,B4,238.5,0.23704673146140998,0.06072009716606708,0.7022331707273732,0.8605881886116722,True,1.5995411701370592,311.7565312624825
KOH,B4,239.0,0.23550125818494472,0.06125955047364684,0.7032391906918178,0.8615816941628345,True,1.5995411701370592,311.7565312624825
KOH,B4,239.5,0.23396146674836693,0.061803704089813394,0.7042348285077882,0.8625697704678013,True,1.5995411701370592,311.7565312624825
KOH,B4,240.0,0.23242739085294062,0.06235259272546756,0.7052200157631194,0.8635524216277565,True,1.5995411701370592,311.7565312624825
KOH,B4,240.5,0.2308990635633279,0.06290625122806759,0.7061946845459133,0.864529652071865,True,1.5995411701370592,311.7565312624825
KOH,B4,241.0,0.22937651730581265,0.06346471458096303,0.7071587674458701,0.8655014665548175,True,1.5995411701370592,311.7565312624825
KOH,B4,241.5,0.22785978386541395,0.06402801790228452,0.7081121975609506,0.866467870154323,True,1.5995411701370592,311.7565312624825
KOH,B4,242.0,0.22634889438544192,0.06459619644205716,0.709054908496709,0.8674288682685601,True,1.5995411701370592,311.7565312624825
KOH,B4,242.5,0.22484387936816397,0.06516928558064627,0.7099868343714011,0.8683844666135816,True,1.5995411701370592,311.7565312624825
KOH,B4,243.0,0.22334476866969766,0.0657473208280912,0.7109079098179816,0.8693346712206752,True,1.5995411701370592,311.7565312624825
KOH,B4,243.5,0.22185159150245326,0.06633033782010855,0.7118180699885457,0.8702794884336815,True,1.5995411701370592,311.7565312624825
KOH,B4,244.0,0.22036437643335738,0.06691837231831421,0.7127172505556612,0.8712189249062732,True,1.5995411701370592,311.7565312624825
KOH,B4,244.5,0.21888315138296477,0.06751146020533838,0.7136053877152548,0.8721529875991886,True,1.5995411701370592,311.7565312624825
KOH,B4,245.0,0.21740794362412608,0.06810963748526966,0.7144824181897214,0.8730816837774305,True,1.5995411701370592,311.7565312624825
KOH,B4,245.5,0.21593877978465237,0.06871294028076846,0.7153482792296995,0.874005021007425,True,1.5995411701370592,311.7565312624825
KOH,B4,246.0,0.21447568584376242,0.06932140482973637,0.7162029086176247,0.8749230071541431,True,1.5995411701370592,311.7565312624825
KOH,B4,246.5,0.21301868713363703,0.0699350674844279,0.7170462446686177,0.8758356503781872,True,1.5995411701370592,311.7565312624825
KOH,B4,247.0,0.21156780833941902,0.07055396470834197,0.7178782262347028,0.876742959132841,True,1.5995411701370592,311.7565312624825
KOH,B4,247.5,0.21012307349987935,0.07117813307400134,0.7186987927050303,0.8776449421610873,True,1.5995411701370592,311.7565312624825
KOH,B4,248.0,0.20868450600630695,0.07180760926006613,0.7195078840085412,0.8785416084925937,True,1.5995411701370592,311.7565312624825
KOH,B4,248.5,0.20725212860406295,0.07244243004933537,0.7203054406172971,0.8794329674406632,True,1.5995411701370592,311.7565312624825
KOH,B4,249.0,0.20582596339413506,0.07308263232563839,0.721091403546481,0.880319028599159,True,1.5995411701370592,311.7565312624825
KOH,B4,249.5,0.20440603183224937,0.07372825307228048,0.721865714358394,0.8811998018393976,True,1.5995411701370592,311.7565312624825
KOH,B4,250.0,0.2029923547302026,0.07437932936715796,0.7226283151617885,0.882075297307013,True,1.5995411701370592,311.7565312624825
KOH,B4,250.5,0.20158495225719442,0.07503589838164793,0.7233791486160879,0.882945525418796,True,1.5995411701370592,311.7565312624825
KOH,B4,251.0,0.20018384394182576,0.0756979973774996,0.724118157931608,0.8838104968595064,True,1.5995411701370592,311.7565312624825
KOH,B4,251.5,0.19878904867187686,0.07636566370372577,0.724845286871334,0.8846702225786611,True,1.5995411701370592,311.7565312624825
KOH,B4,252.0,0.1974005846971938,0.07703893479282797,0.7255604797533621,0.8855247137872959,True,1.5995411701370592,311.7565312624825
KOH,B4,252.5,0.19601846962946645,0.07771784815902016,0.7262636814511225,0.8863739819547098,True,1.5995411701370592,311.7565312624825
KOH,B4,253.0,0.19464272044600328,0.07840244139445396,0.7269548373953771,0.8872180388051831,True,1.5995411701370592,311.7565312624825
KOH,B4,253.5,0.19327335349084152,0.07909275216499978,0.7276338935764404,0.8880568963146781,True,1.5995411701370592,311.7565312624825
KOH,B4,254.0,0.19191038447496922,0.07978881820869255,0.7283007965448451,0.8888905667075179,True,1.5995411701370592,311.7565312624825
KOH,B4,254.5,0.19055382848254254,0.08049067733106874,0.7289554934111209,0.8897190624530504,True,1.5995411701370592,311.7565312624825
KOH,B4,255.0,0.189203699967333,0.08119836740316799,0.7295979318506784,0.8905423962622937,True,1.5995411701370592,311.7565312624825
KOH,B4,255.5,0.1878600127613872,0.08191192635531586,0.7302280601007016,0.8913605810845638,True,1.5995411701370592,311.7565312624825
KOH,B4,256.0,0.1865227800721403,0.0826313921766797,0.730845826965254,0.8921736301040908,True,1.5995411701370592,311.7565312624825
KOH,B4,256.5,0.18519201448818912,0.0833568029092735,0.7314511818130587,0.8929815567366186,True,1.5995411701370592,311.7565312624825
KOH,B4,257.0,0.18386772797995832,0.08408819664529332,0.7320440745812729,0.893784374625993,True,1.5995411701370592,311.7565312624825
KOH,B4,257.5,0.18254993190502944,0.0848256115235646,0.7326244557745998,0.8945820976407381,True,1.5995411701370592,311.7565312624825
KOH,B4,258.0,0.1812386370081409,0.08556908572376898,0.7331922764677312,0.8953747398706232,True,1.5995411701370592,311.7565312624825
KOH,B4,258.5,0.17993385342651713,0.08631865746488998,0.7337474883044592,0.8961623156232168,True,1.5995411701370592,311.7565312624825
KOH,B4,259.0,0.17863559069120072,0.08707436499966192,0.7342900435010069,0.8969448394204358,True,1.5995411701370592,311.7565312624825
KOH,B4,259.5,0.17734385773260364,0.08783624661123923,0.7348198948451401,0.8977223259950861,True,1.5995411701370592,311.7565312624825
KOH,B4,260.0,0.17605866288028515,0.08860434060764533,0.7353369956974998,0.8984947902873943,True,1.5995411701370592,311.7565312624825
KOH,B4,260.5,0.1747800138702793,0.089378685318664,0.7358412999929342,0.8992622474415378,True,1.5995411701370592,311.7565312624825
KOH,B4,261.0,0.17350791784576103,0.09015931909117647,0.7363327622411653,0.900024712802168,True,1.5995411701370592,311.7565312624825
KOH,B4,261.5,0.17224238136237524,0.09094628028538665,0.7368113375274543,0.9007822019109297,True,1.5995411701370592,311.7565312624825
KOH,B4,262.0,0.1709834103911234,0.09173960726771568,0.7372769815128244,0.9015347305029802,True,1.5995411701370592,311.7565312624825
KOH,B4,262.5,0.16973101032258242,0.0925393384094697,0.7377296504362807,0.9022823145035046,True,1.5995411701370592,311.7565312624825
KOH,B4,263.0,0.1684851859706793,0.09334551207995645,0.7381693011143664,0.9030249700242314,True,1.5995411701370592,311.7565312624825
KOH,B4,263.5,0.16724594157579986,0.09415816664271048,0.7385958909429391,0.9037627133599488,True,1.5995411701370592,311.7565312624825
KOH,B4,264.0,0.16601328081145006,0.09497734044949802,0.7390093778978368,0.9044955609850215,True,1.5995411701370592,311.7565312624825
KOH,B4,264.5,0.164787206784478,0.09580307183654213,0.7394097205342121,0.9052235295499104,True,1.5995411701370592,311.7565312624825
KOH,B4,265.0,0.1635677220441778,0.09663539911852759,0.7397968779891961,0.9059466358776945,True,1.5995411701370592,311.7565312624825
KOH,B4,265.5,0.1623548285820675,0.09747436058438197,0.7401708099821214,0.9066648969605982,True,1.5995411701370592,311.7565312624825
KOH,B4,266.0,0.16114852783943867,0.0983199944903923,0.7405314768151872,0.9073783299565218,True,1.5995411701370592,311.7565312624825
KOH,B4,266.5,0.1599488207104649,0.09917233905776257,0.7408788393739041,0.9080869521855781,True,1.5995411701370592,311.7565312624825
KOH,B4,267.0,0.15875570754619872,0.100031432464176,0.7412128591288702,0.9087907811266381,True,1.5995411701370592,311.7565312624825
KOH,B4,267.5,0.15756918816101084,0.10089731283935421,0.7415334981355493,0.9094898344138796,True,1.5995411701370592,311.7565312624825
KOH,B4,268.0,0.15638926183592083,0.10177001825995013,0.7418407190367127,0.9101841298333466,True,1.5995411701370592,311.7565312624825
KOH,B4,268.5,0.15521592732481437,0.10264958674399693,0.7421344850613298,0.9108736853195193,True,1.5995411701370592,311.7565312624825
KOH,B4,269.0,0.1540491828557755,0.10353605624358053,0.7424147600267883,0.9115585189518903,True,1.5995411701370592,311.7565312624825
KOH,B4,269.5,0.15288902614174482,0.10442946464150893,0.7426815083402261,0.912238648951555,True,1.5995411701370592,311.7565312624825
KOH,B4,270.0,0.15173545437940916,0.10532984974265247,0.7429346949980875,0.9129140936778092,True,1.5995411701370592,311.7565312624825
KOH,B4,270.5,0.1505884642591937,0.10623724927039113,0.7431742855885659,0.9135848716247638,True,1.5995411701370592,311.7565312624825
KOH,B4,271.0,0.1494480519668162,0.10715170085728865,0.7434002462909373,0.914251001417968,True,1.5995411701370592,311.7565312624825
KOH,B4,271.5,0.14831421318972637,0.10807324204287205,0.743612543879113,0.9149125018110493,True,1.5995411701370592,311.7565312624825
KOH,B4,272.0,0.1471869431242112,0.10900191026386175,0.7438111457207519,0.9155693916823654,True,1.5995411701370592,311.7565312624825
KOH,B4,272.5,0.1460662364765053,0.10993774285084079,0.7439960197781481,0.9162216900316718,True,1.5995411701370592,311.7565312624825
KOH,B4,273.0,0.14495208747278276,0.11088077701804089,0.744167134611784,0.9168694159768068,True,1.5995411701370592,311.7565312624825
KOH,B4,273.5,0.14384448986026754,0.11183104986001169,0.7443244593798859,0.9175125887503897,True,1.5995411701370592,311.7565312624825
KOH,B4,274.0,0.14274343691478286,0.11278859834318311,0.7444679638390905,0.9181512276965385,True,1.5995411701370592,311.7565312624825
KOH,B4,274.5,0.14164892144674646,0.11375345930031422,0.7445976183466652,0.9187853522676048,True,1.5995411701370592,311.7565312624825
KOH,B4,275.0,0.14056093580472329,0.1147256694233878,0.7447133938633943,0.9194149820209234,True,1.5995411701370592,311.7565312624825
KOH,B4,275.5,0.1394794718831971,0.1157052652538404,0.7448152619518034,0.9200401366155884,True,1.5995411701370592,311.7565312624825
KOH,B4,276.0,0.1384045211250129,0.11669228318034186,0.7449031947803775,0.92066083580924,True,1.5995411701370592,311.7565312624825
KOH,B4,276.5,0.13733607453114693,0.11768675942858131,0.7449771651235615,0.9212770994548765,True,1.5995411701370592,311.7565312624825
KOH,B4,277.0,0.1362741226615949,0.11868873005393965,0.7450371463646466,0.9218889474976865,True,1.5995411701370592,311.7565312624825
KOH,B4,277.5,0.1352186556446977,0.1196982309361605,0.7450831124966584,0.9224963999718984,True,1.5995411701370592,311.7565312624825
KOH,B4,278.0,0.13416966318158252,0.12071529776935819,0.7451150381239113,0.9230994769976584,True,1.5995411701370592,311.7565312624825
KOH,B4,278.5,0.13312713455060354,0.12173996605691073,0.7451328984642291,0.9236981987779211,True,1.5995411701370592,311.7565312624825
KOH,B4,279.0,0.13209105861577974,0.12277227110257805,0.7451366693509431,0.9242925855953729,True,1.5995411701370592,311.7565312624825
KOH,B4,279.5,0.1310614238290153,0.12381224800273039,0.7451263272346687,0.9248826578093696,True,1.5995411701370592,311.7565312624825
KOH,B4,280.0,0.13003821823853734,0.124859931639687,0.7451018491857475,0.9254684358529034,True,1.5995411701370592,311.7565312624825
KOH,B4,280.5,0.12902142949489104,0.12591535667216824,0.7450632128944701,0.9260499402295913,True,1.5995411701370592,311.7565312624825
KOH,B4,281.0,0.12801104485360426,0.12697855752907827,0.7450103966764043,0.9266271915106872,True,1.5995411701370592,311.7565312624825
KOH,B4,281.5,0.12700705118384725,0.12804956840040127,0.7449433794717297,0.9272002103321209,True,1.5995411701370592,311.7565312624825
KOH,B4,282.0,0.1260094349742058,0.1291284232296519,0.7448621408499001,0.9277690173915611,True,1.5995411701370592,311.7565312624825
KOH,B4,282.5,0.12501818233623396,0.13021515570521558,0.7447666610096437,0.928333633445504,True,1.5995411701370592,311.7565312624825
KOH,B4,283.0,0.12403327901244765,0.1313097992525769,0.7446569207836262,0.9288940793063872,True,1.5995411701370592,311.7565312624825
KOH,B4,283.5,0.12305471038098759,0.1324123870254379,0.7445329016393387,0.9294503758397312,True,1.5995411701370592,311.7565312624825
KOH,B4,284.0,0.12208246146228063,0.13352295189794638,0.7443945856830947,0.9300025439613068,True,1.5995411701370592,311.7565312624825
KOH,B4,284.5,0.12111651692392478,0.1346415264553702,0.7442419556618063,0.9305506046343279,True,1.5995411701370592,311.7565312624825
KOH,B4,285.0,0.12015686108668433,0.13576814298588147,0.7440749949658709,0.9310945788666766,True,1.5995411701370592,311.7565312624825
KOH,B4,285.5,0.11920347793137331,0.1369028334718969,0.743893687632946,0.9316344877081477,True,1.5995411701370592,311.7565312624825
KOH,B4,286.0,0.11825635110307431,0.13804562958141808,0.7436980183490594,0.9321703522477299,True,1.5995411701370592,311.7565312624825
KOH,B4,286.5,0.11731546391846592,0.13919656265981573,0.7434879724537158,0.9327021936109083,True,1.5995411701370592,311.7565312624825
KOH,B4,287.0,0.1163807993698196,0.1403556637180614,0.7432635359412298,0.9332300329569984,True,1.5995411701370592,311.7565312624825
KOH,B4,287.5,0.11545234013277117,0.1415229634276205,0.7430246954662767,0.9337538914765077,True,1.5995411701370592,311.7565312624825
KOH,B4,288.0,0.11453006857076176,0.14269849210957197,0.7427714383438921,0.9342737903885273,True,1.5995411701370592,311.7565312624825
KOH,B4,288.5,0.11361396674147706,0.14388227972483847,0.742503752556134,0.9347897509381508,True,1.5995411701370592,311.7565312624825
KOH,B4,289.0,0.11270401640217642,0.14507435586530448,0.7422216267525261,0.9353017943939231,True,1.5995411701370592,311.7565312624825
KOH,B4,289.5,0.11180019901524396,0.14627474974560073,0.7419250502564978,0.9358099420453206,True,1.5995411701370592,311.7565312624825
KOH,B4,290.0,0.1109024957544058,0.14748349019333418,0.7416140130676041,0.9363142152002562,True,1.5995411701370592,311.7565312624825
KOH,B4,290.5,0.11001088751094734,0.14870060563798582,0.7412885058639684,0.9368146351826199,True,1.5995411701370592,311.7565312624825
KOH,B4,291.0,0.10912535489793207,0.14992612410402728,0.7409485200091659,0.9373112233298435,True,1.5995411701370592,311.7565312624825
KOH,B4,291.5,0.10824587825686294,0.15116007319937452,0.7405940475524453,0.9378040009905005,True,1.5995411701370592,311.7565312624825
KOH,B4,292.0,0.10737243766367754,0.15240248010672808,0.7402250812365008,0.9382929895219322,True,1.5995411701370592,311.7565312624825
KOH,B4,292.5,0.10650501293274495,0.1536533715742472,0.7398416144976938,0.9387782102879075,True,1.5995411701370592,311.7565312624825
KOH,B4,293.0,0.10564358362441517,0.1549127739040035,0.7394436414736028,0.9392596846563085,True,1.5995411701370592,311.7565312624825
KOH,B4,293.5,0.10478812904946011,0.1561807129455417,0.7390311570052432,0.9397374339968517,True,1.5995411701370592,311.7565312624825
KOH,B4,294.0,0.10393862827484668,0.1574572140816688,0.7386041566415091,0.9402114796788353,True,1.5995411701370592,311.7565312624825
KOH,B4,294.5,0.10309506012906589,0.15874230222290286,0.7381626366440575,0.9406818430689203,True,1.5995411701370592,311.7565312624825
KOH,B4,295.0,0.10225740320835008,0.1600360017939284,0.7377065939915273,0.9411485455289408,True,1.5995411701370592,311.7565312624825
KOH,B4,295.5,0.10142563588133591,0.16133833672693498,0.7372360263842026,0.941611608413744,True,1.5995411701370592,311.7565312624825
KOH,B4,296.0,0.1005997362941713,0.16264933044718433,0.7367509322484533,0.9420710530690629,True,1.5995411701370592,311.7565312624825
KOH,B4,296.5,0.09977968237762092,0.16396900586856944,0.7362513107418422,0.9425269008294187,True,1.5995411701370592,311.7565312624825
KOH,B4,297.0,0.09896545185061889,0.16529738537895966,0.7357371617562336,0.9429791730160537,True,1.5995411701370592,311.7565312624825
KOH,B4,297.5,0.09815702222648603,0.16663449083176296,0.7352084859257868,0.9434278909348957,True,1.5995411701370592,311.7565312624825
KOH,B4,298.0,0.0973543708175928,0.16798034353615598,0.7346652846285107,0.9438730758745518,True,1.5995411701370592,311.7565312624825
KOH,B4,298.5,0.09655747474179854,0.16933496424553773,0.7341075599931468,0.9443147491043345,True,1.5995411701370592,311.7565312624825
KOH,B4,299.0,0.09576631092578225,0.17069837314909186,0.7335353149036106,0.9447529318723178,True,1.5995411701370592,311.7565312624825
KOH,B4,299.5,0.09498085611325813,0.17207058985913015,0.73294855300432,0.9451876454034235,True,1.5995411701370592,311.7565312624825
KOH,B4,300.0,0.09420108686519768,0.1734516334042091,0.7323472787055252,0.9456189108975379,True,1.5995411701370592,311.7565312624825
