series,raman_shift_cm-1,intensity_au
0%,400.0,120.0
0%,401.40093395597063,120.0
0%,402.8018679119413,120.0
0%,404.20280186791194,120.0
0%,405.6037358238826,120.0
0%,407.00466977985326,120.0
0%,408.4056037358239,120.0
0%,409.8065376917945,120.0
0%,411.2074716477652,120.0
0%,412.60840560373583,120.0
0%,414.00933955970646,120.0
0%,415.4102735156771,120.0
0%,416.8112074716478,120.0
0%,418.2121414276184,120.0
0%,419.61307538358903,120.0
0%,421.0140093395597,120.0
0%,422.41494329553035,120.0
0%,423.815877251501,120.0
0%,425.21681120747166,120.0
0%,426.6177451634423,120.0
0%,428.0186791194129,120.0
0%,429.4196130753836,120.0
0%,430.82054703135424,120.0
0%,432.22148098732487,120.0
0%,433.62241494329555,120.0
0%,435.0233488992662,120.0
0%,436.4242828552368,120.0
0%,437.8252168112075,120.0
0%,439.2261507671781,120.0
0%,440.62708472314876,120.0
0%,442.02801867911944,120.0
0%,443.42895263509007,120.0
0%,444.8298865910607,120.0
0%,446.2308205470314,120.0
0%,447.631754503002,120.0
0%,449.03268845897264,120.0
0%,450.4336224149433,120.0
0%,451.83455637091396,120.0
0%,453.2354903268846,120.0
0%,454.6364242828552,120.0
0%,456.0373582388259,120.0
0%,457.43829219479653,120.0
0%,458.83922615076716,120.0
0%,460.24016010673785,120.0
0%,461.6410940627085,120.0
0%,463.0420280186791,120.0
0%,464.44296197464973,120.0
0%,465.8438959306204,120.0
0%,467.24482988659105,120.0
0%,468.6457638425617,120.0
0%,470.04669779853236,120.0
0%,471.447631754503,120.0
0%,472.8485657104736,120.0
0%,474.2494996664443,120.0
0%,475.65043362241494,120.0
0%,477.05136757838557,120.0
0%,478.45230153435625,120.0
0%,479.8532354903269,120.0
0%,481.2541694462975,120.0
0%,482.6551034022682,120.0
0%,484.0560373582388,120.0
0%,485.45697131420945,120.0
0%,486.85790527018014,120.0
0%,488.25883922615077,120.0
0%,489.6597731821214,120.0
0%,491.0607071380921,120.0
0%,492.4616410940627,120.0
0%,493.86257505003334,120.0
0%,495.263509006004,120.0
0%,496.66444296197466,120.0
0%,498.0653769179453,120.0
0%,499.466310873916,120.0
0%,500.8672448298866,120.0
0%,502.26817878585723,120.0
0%,503.6691127418279,120.0
0%,505.07004669779855,120.0
0%,506.4709806537692,120.0
0%,507.8719146097398,120.0
0%,509.2728485657105,120.0
0%,510.6737825216811,120.0
0%,512.0747164776518,120.0
0%,513.4756504336224,120.0
0%,514.8765843895931,120.0
0%,516.2775183455637,120.0
0%,517.6784523015343,120.0
0%,519.079386257505,120.0
0%,520.4803202134757,120.0
0%,521.8812541694463,120.0
0%,523.282188125417,120.0
0%,524.6831220813876,120.0
0%,526.0840560373582,120.0
0%,527.4849899933289,120.0
0%,528.8859239492995,120.0
0%,530.2868579052702,120.0
0%,531.6877918612408,120.0
0%,533.0887258172115,120.0
0%,534.4896597731821,120.0
0%,535.8905937291528,120.0
0%,537.2915276851234,120.0
0%,538.692461641094,120.0
0%,540.0933955970647,120.0
0%,541.4943295530354,120.0
0%,542.895263509006,120.0
0%,544.2961974649767,120.0
0%,545.6971314209472,120.0
0%,547.0980653769179,120.0
0%,548.4989993328886,120.0
0%,549.8999332888593,120.0
0%,551.3008672448299,120.0
0%,552.7018012008006,120.0
0%,554.1027351567711,120.0
0%,555.5036691127418,120.0
0%,556.9046030687125,120.0
0%,558.3055370246832,120.0
0%,559.7064709806538,120.0
0%,561.1074049366244,120.0
0%,562.508338892595,120.0
0%,563.9092728485657,120.0
0%,565.3102068045364,120.0
0%,566.711140760507,120.0
0%,568.1120747164777,120.0
0%,569.5130086724483,120.0
0%,570.9139426284189,120.0
0%,572.3148765843896,120.0
0%,573.7158105403603,120.0
0%,575.1167444963309,120.0
0%,576.5176784523015,120.0
0%,577.9186124082721,120.0
0%,579.3195463642428,120.0
0%,580.7204803202135,120.0
0%,582.1214142761842,120.0
0%,583.5223482321547,120.0
0%,584.9232821881254,120.0
0%,586.324216144096,120.0
0%,587.7251501000667,120.0
0%,589.1260840560374,120.0
0%,590.527018012008,120.0
0%,591.9279519679786,120.0
0%,593.3288859239493,120.0
0%,594.7298198799199,120.0
0%,596.1307538358906,120.0
0%,597.5316877918613,120.0
0%,598.932621747832,120.0
0%,600.3335557038025,120.0
0%,601.7344896597732,120.0
0%,603.1354236157438,120.0
0%,604.5363575717145,120.0
0%,605.9372915276851,120.0
0%,607.3382254836558,120.0
0%,608.7391594396264,120.0
0%,610.1400933955971,120.0
0%,611.5410273515677,120.0
0%,612.9419613075383,120.0
0%,614.342895263509,120.0
0%,615.7438292194796,120.0
0%,617.1447631754503,120.0
0%,618.545697131421,120.0
0%,619.9466310873916,120.0
0%,621.3475650433622,120.0
0%,622.7484989993329,120.0
0%,624.1494329553035,120.0
0%,625.5503669112742,120.0
0%,626.9513008672449,120.0
0%,628.3522348232154,120.0
0%,629.7531687791861,120.0
0%,631.1541027351568,120.0
0%,632.5550366911274,120.0
0%,633.9559706470981,120.0
0%,635.3569046030686,120.0
0%,636.7578385590393,120.0
0%,638.15877251501,120.0
0%,639.5597064709807,120.0
0%,640.9606404269513,120.0
0%,642.361574382922,120.0
0%,643.7625083388925,120.0
0%,645.1634422948632,120.0
0%,646.5643762508339,120.0
0%,647.9653102068046,120.0
0%,649.3662441627752,120.0
0%,650.7671781187458,120.0
0%,652.1681120747164,120.0
0%,653.5690460306871,120.0
0%,654.9699799866578,120.0
0%,656.3709139426285,120.0
0%,657.771847898599,120.0
0%,659.1727818545697,120.0
0%,660.5737158105403,120.0
0%,661.974649766511,120.0
0%,663.3755837224817,120.0
0%,664.7765176784524,120.0
0%,666.1774516344229,120.0
0%,667.5783855903935,120.0
0%,668.9793195463642,120.0
0%,670.3802535023349,120.0
0%,671.7811874583056,120.0
0%,673.1821214142763,120.0
0%,674.5830553702468,120.0
0%,675.9839893262174,120.0
0%,677.3849232821881,120.0
0%,678.7858572381588,120.0
0%,680.1867911941295,120.0
0%,681.5877251501001,120.0
0%,682.9886591060707,120.0
0%,684.3895930620413,120.0
0%,685.790527018012,120.0
0%,687.1914609739827,120.0
0%,688.5923949299533,120.0
0%,689.9933288859239,120.0
0%,691.3942628418946,120.0
0%,692.7951967978652,120.0
0%,694.1961307538359,120.0
0%,695.5970647098065,120.0
0%,696.9979986657772,120.0
0%,698.3989326217478,120.0
0%,699.7998665777185,120.0
0%,701.2008005336891,120.0
0%,702.6017344896597,120.0
0%,704.0026684456304,120.0
0%,705.4036024016011,120.0
0%,706.8045363575717,120.0
0%,708.2054703135424,120.0
0%,709.606404269513,120.0
0%,711.0073382254836,120.0
0%,712.4082721814543,120.0
0%,713.809206137425,120.0
0%,715.2101400933956,120.0
0%,716.6110740493663,120.0
0%,718.0120080053368,120.0
0%,719.4129419613075,120.0
0%,720.8138759172782,120.0
0%,722.2148098732489,120.0
0%,723.6157438292195,120.0
0%,725.01667778519,120.0
0%,726.4176117411607,120.0
0%,727.8185456971314,120.0
0%,729.2194796531021,120.0
0%,730.6204136090728,120.0
0%,732.0213475650434,120.0
0%,733.4222815210139,120.0
0%,734.8232154769846,120.0
0%,736.2241494329553,120.0
0%,737.625083388926,120.0
0%,739.0260173448967,120.0
0%,740.4269513008672,120.0
0%,741.8278852568378,120.0
0%,743.2288192128085,120.0
0%,744.6297531687792,120.0
0%,746.0306871247499,120.0
0%,747.4316210807204,120.0
0%,748.8325550366911,120.0
0%,750.2334889926617,120.0
0%,751.6344229486324,120.0
0%,753.0353569046031,120.0
0%,754.4362908605738,120.0
0%,755.8372248165443,120.0
0%,757.238158772515,120.0
0%,758.6390927284856,120.0
0%,760.0400266844563,120.0
0%,761.440960640427,120.0
0%,762.8418945963977,120.0
0%,764.2428285523682,120.0
0%,765.6437625083389,120.0
0%,767.0446964643095,120.0
0%,768.4456304202802,120.0
0%,769.8465643762509,120.0
0%,771.2474983322215,120.0
0%,772.6484322881921,120.0
0%,774.0493662441627,120.0
0%,775.4503002001334,120.0
0%,776.851234156104,120.0
0%,778.2521681120747,120.0
0%,779.6531020680454,120.0
0%,781.054036024016,120.0
0%,782.4549699799866,120.0
0%,783.8559039359573,120.0
0%,785.256837891928,120.0
0%,786.6577718478986,120.0
0%,788.0587058038693,120.0
0%,789.4596397598399,120.0
0%,790.8605737158105,120.0
0%,792.2615076717811,120.0
0%,793.6624416277518,120.0
0%,795.0633755837225,120.0
0%,796.4643095396932,120.0
0%,797.8652434956638,120.0
0%,799.2661774516343,120.0
0%,800.667111407605,120.0
0%,802.0680453635757,120.0
0%,803.4689793195464,120.0
0%,804.869913275517,120.0
0%,806.2708472314877,120.0
0%,807.6717811874582,120.0
0%,809.0727151434289,120.0
0%,810.4736490993996,120.0
0%,811.8745830553703,120.0
0%,813.2755170113409,120.0
0%,814.6764509673116,120.0
0%,816.0773849232821,120.0
0%,817.4783188792528,120.0
0%,818.8792528352235,120.0
0%,820.2801867911942,120.0
0%,821.6811207471648,120.0
0%,823.0820547031354,120.0
0%,824.482988659106,120.0
0%,825.8839226150767,120.0
0%,827.2848565710474,120.0
0%,828.6857905270181,120.0
0%,830.0867244829886,120.0
0%,831.4876584389592,120.0
0%,832.8885923949299,120.0
0%,834.2895263509006,120.0
0%,835.6904603068713,120.0
0%,837.091394262842,120.0
0%,838.4923282188125,120.0
0%,839.8932621747831,120.0
0%,841.2941961307538,120.0
0%,842.6951300867245,120.0
0%,844.0960640426952,120.0
0%,845.4969979986658,120.0
0%,846.8979319546364,120.0
0%,848.298865910607,120.0
0%,849.6997998665777,120.0
0%,851.1007338225484,120.0
0%,852.501667778519,120.0
0%,853.9026017344897,120.0
0%,855.3035356904603,120.0
0%,856.7044696464309,120.0
0%,858.1054036024016,120.0
0%,859.5063375583723,120.0
0%,860.9072715143429,120.0
0%,862.3082054703135,120.0
0%,863.7091394262842,120.0
0%,865.1100733822548,120.0
0%,866.5110073382255,120.00000000000001
0%,867.9119412941961,120.00000000000001
0%,869.3128752501668,120.00000000000001
0%,870.7138092061374,120.00000000000001
0%,872.1147431621081,120.00000000000001
0%,873.5156771180787,120.00000000000003
0%,874.9166110740493,120.00000000000003
0%,876.31754503002,120.00000000000004
0%,877.7184789859907,120.00000000000006
0%,879.1194129419613,120.00000000000006
0%,880.520346897932,120.00000000000009
0%,881.9212808539025,120.0000000000001
0%,883.3222148098732,120.00000000000013
0%,884.7231487658439,120.00000000000016
0%,886.1240827218146,120.00000000000018
0%,887.5250166777852,120.00000000000023
0%,888.9259506337557,120.00000000000028
0%,890.3268845897264,120.00000000000036
0%,891.7278185456971,120.00000000000044
0%,893.1287525016678,120.00000000000054
0%,894.5296864576385,120.00000000000067
0%,895.9306204136091,120.00000000000082
0%,897.3315543695796,120.00000000000101
0%,898.7324883255503,120.00000000000125
0%,900.133422281521,120.00000000000155
0%,901.5343562374917,120.0000000000019
0%,902.9352901934624,120.00000000000233
0%,904.336224149433,120.00000000000287
0%,905.7371581054035,120.00000000000354
0%,907.1380920613742,120.00000000000433
0%,908.5390260173449,120.00000000000533
0%,909.9399599733156,120.00000000000652
0%,911.3408939292862,120.000000000008
0%,912.7418278852568,120.0000000000098
0%,914.1427618412275,120.000000000012
0%,915.5436957971981,120.00000000001468
0%,916.9446297531688,120.00000000001793
0%,918.3455637091395,120.00000000002191
0%,919.74649766511,120.00000000002676
0%,921.1474316210807,120.00000000003264
0%,922.5483655770514,120.0000000000398
0%,923.949299533022,120.0000000000485
0%,925.3502334889927,120.00000000005906
0%,926.7511674449632,120.00000000007188
0%,928.1521014009339,120.00000000008741
0%,929.5530353569046,120.00000000010624
0%,930.9539693128752,120.00000000012903
0%,932.3549032688459,120.00000000015663
0%,933.7558372248166,120.00000000018998
0%,935.1567711807871,120.0000000002303
0%,936.5577051367578,120.000000000279
0%,937.9586390927285,120.00000000033776
0%,939.3595730486991,120.00000000040865
0%,940.7605070046698,120.00000000049408
0%,942.1614409606404,120.000000000597
0%,943.562374916611,120.00000000072087
0%,944.9633088725817,120.00000000086989
0%,946.3642428285524,120.00000000104903
0%,947.765176784523,120.00000000126424
0%,949.1661107404937,120.00000000152262
0%,950.5670446964643,120.00000000183262
0%,951.9679786524349,120.00000000220429
0%,953.3689126084056,120.00000000264961
0%,954.7698465643763,120.00000000318285
0%,956.1707805203469,120.00000000382092
0%,957.5717144763175,120.00000000458392
0%,958.9726484322882,120.00000000549574
0%,960.3735823882588,120.00000000658464
0%,961.7745163442295,120.00000000788418
0%,963.1754503002002,120.00000000943409
0%,964.5763842561707,120.00000001128134
0%,965.9773182121414,120.00000001348155
0%,967.3782521681121,120.00000001610044
0%,968.7791861240827,120.00000001921558
0%,970.1801200800534,120.00000002291857
0%,971.581054036024,120.00000002731743
0%,972.9819879919946,120.00000003253945
0%,974.3829219479653,120.00000003873458
0%,975.783855903936,120.0000000460793
0%,977.1847898599066,120.00000005478113
0%,978.5857238158773,120.00000006508402
0%,979.9866577718478,120.00000007727446
0%,981.3875917278185,120.0000000916887
0%,982.7885256837892,120.00000010872112
0%,984.1894596397598,120.00000012883392
0%,985.5903935957305,120.00000015256846
0%,986.9913275517011,120.00000018055835
0%,988.3922615076717,120.00000021354458
0%,989.7931954636424,120.00000025239329
0%,991.1941294196131,120.00000029811598
0%,992.5950633755837,120.00000035189326
0%,993.9959973315543,120.00000041510206
0%,995.396931287525,120.00000048934713
0%,996.7978652434956,120.0000005764975
0%,998.1987991994663,120.00000067872844
0%,999.599733155437,120.00000079856983
0%,1001.0006671114076,120.00000093896192
0%,1002.4016010673782,120.00000110331948
0%,1003.8025350233489,120.00000129560563
0%,1005.2034689793195,120.00000152041657
0%,1006.6044029352902,120.00000178307904
0%,1008.0053368912609,120.00000208976199
0%,1009.4062708472314,120.00000244760474
0%,1010.8072048032021,120.00000286486379
0%,1012.2081387591728,120.00000335108079
0%,1013.6090727151434,120.00000391727491
0%,1015.0100066711141,120.00000457616244
0%,1016.4109406270848,120.00000534240792
0%,1017.8118745830553,120.00000623291045
0%,1019.212808539026,120.00000726713053
0%,1020.6137424949967,120.00000846746215
0%,1022.0146764509673,120.00000985965679
0%,1023.415610406938,120.00001147330559
0%,1024.8165443629086,120.00001334238767
0%,1026.2174783188793,120.0000155058929
0%,1027.61841227485,120.0000180085288
0%,1029.0193462308207,120.0000209015224
0%,1030.4202801867912,120.00002424352886
0%,1031.8212141427618,120.0000281016604
0%,1033.2221480987325,120.00003255265065
0%,1034.623082054703,120.00003768417083
0%,1036.0240160106737,120.00004359631689
0%,1037.4249499666444,120.00005040328796
0%,1038.825883922615,120.00005823527962
0%,1040.2268178785857,120.00006724061747
0%,1041.6277518345564,120.00007758815968
0%,1043.028685790527,120.00008947000042
0%,1044.4296197464978,120.00010310450892
0%,1045.8305537024683,120.00011873974368
0%,1047.231487658439,120.00013665728444
0%,1048.6324216144096,120.00015717652984
0%,1050.03335557038,120.00018065951339
0%,1051.4342895263508,120.00020751629573
0%,1052.8352234823215,120.00023821099717
0%,1054.2361574382921,120.000273268541
0%,1055.6370913942628,120.00031328218515
0%,1057.0380253502335,120.00035892192716
0%,1058.4389593062042,120.000410943876
0%,1059.8398932621749,120.00047020069327
0%,1061.2408272181456,120.00053765321573
0%,1062.641761174116,120.00061438338243
0%,1064.0426951300867,120.00070160860002
0%,1065.4436290860574,120.00080069769324
0%,1066.8445630420279,120.0009131885999
0%,1068.2454969979985,120.00104080798482
0%,1069.6464309539692,120.0011854929616
0%,1071.04736490994,120.00134941512819
0%,1072.4482988659106,120.00153500713971
0%,1073.8492328218813,120.00174499206044
0%,1075.250166777852,120.00198241575747
0%,1076.6511007338227,120.00225068261955
0%,1078.0520346897933,120.00255359490777
0%,1079.4529686457638,120.00289539606864
0%,1080.8539026017345,120.00328081836594
0%,1082.2548365577052,120.00371513521507
0%,1083.6557705136756,120.00420421863208
0%,1085.0567044696463,120.00475460223974
0%,1086.457638425617,120.00537355030562
0%,1087.8585723815877,120.00606913331943
0%,1089.2595063375584,120.00685031065316
0%,1090.660440293529,120.00772702088332
0%,1092.0613742494997,120.00871028039322
0%,1093.4623082054704,120.00981229091293
0%,1094.863242161441,120.01104655669602
0%,1096.2641761174116,120.01242801207414
0%,1097.6651100733823,120.01397316017584
0%,1099.0660440293527,120.0157002236398
0%,1100.4669779853234,120.01762930820018
0%,1101.867911941294,120.01978258006882
0%,1103.2688458972648,120.02218445808677
0%,1104.6697798532355,120.02486182166707
0%,1106.0707138092062,120.02784423559953
0%,1107.4716477651768,120.03116419283725
0%,1108.8725817211475,120.03485737643426
0%,1110.2735156771182,120.03896294185174
0%,1111.6744496330887,120.04352382089836
0%,1113.0753835890594,120.04858704861638
0%,1114.47631754503,120.05420411447035
0%,1115.8772515010005,120.06043133923741
0%,1117.2781854569712,120.06733027903839
0%,1118.6791194129419,120.0749681579854
0%,1120.0800533689126,120.08341833095459
0%,1121.4809873248832,120.09276077802079
0%,1122.881921280854,120.10308263211415
0%,1124.2828552368246,120.11447874147589
0%,1125.6837891927953,120.12705226850086
0%,1127.084723148766,120.14091532655769
0%,1128.4856571047364,120.15618965637184
0%,1129.8865910607071,120.17300734354221
0%,1131.2875250166778,120.19151157873719
0%,1132.6884589726483,120.21185746208027
0%,1134.089392928619,120.2342128531868
0%,1135.4903268845896,120.25875926825256
0%,1136.8912608405603,120.2856928255192
0%,1138.292194796531,120.31522524035107
0%,1139.6931287525017,120.34758487105043
0%,1141.0940627084724,120.38301781641455
0%,1142.494996664443,120.42178906589449
0%,1143.8959306204138,120.46418370305382
0%,1145.2968645763842,120.51050816284261
0%,1146.697798532355,120.56109154299789
0%,1148.0987324883254,120.61628696965542
0%,1149.499666444296,120.67647301700829
0%,1150.9006004002667,120.74205518057347
0%,1152.3015343562374,120.81346740333
0%,1153.702468312208,120.89117365366813
0%,1155.1034022681788,120.97566955373964
0%,1156.5043362241495,121.06748405642338
0%,1157.9052701801202,121.16718116871866
0%,1159.3062041360909,121.27536171894944
0%,1160.7071380920613,121.39266516470823
0%,1162.108072048032,121.51977143798631
0%,1163.5090060040027,121.65740282343079
0%,1164.9099399599731,121.8063258651368
0%,1166.3108739159438,121.96735329682743
0%,1167.7118078719145,122.1413459896946
0%,1169.1127418278852,122.32921491157563
0%,1170.513675783856,122.53192309051872
0%,1171.9146097398266,122.75048757515442
0%,1173.3155436957973,122.98598138363757
0%,1174.716477651768,123.23953543225804
0%,1176.1174116077386,123.5123404341446
0%,1177.518345563709,123.80564875780438
0%,1178.9192795196798,124.12077623455576
0%,1180.3202134756505,124.45910390322922
0%,1181.721147431621,124.8220796798337
0%,1183.1220813875916,125.2112199392161
0%,1184.5230153435623,125.62811099508876
0%,1185.923949299533,126.07441046416709
0%,1187.3248832555037,126.55184849954934
0%,1188.7258172114744,127.06222887789498
0%,1190.126751167445,127.60742992441693
0%,1191.5276851234157,128.18940525920684
0%,1192.9286190793864,128.8101843479651
0%,1194.3295530353569,129.47187283981685
0%,1195.7304869913276,130.1766526745682
0%,1197.1314209472982,130.92678194149678
0%,1198.5323549032687,131.72459447159392
0%,1199.9332888592394,132.57249914507548
0%,1201.33422281521,133.47297889597093
0%,1202.7351567711808,134.42858939569533
0%,1204.1360907271514,135.44195739769776
0%,1205.5370246831221,136.51577872558863
0%,1206.9379586390928,137.6528158875667
0%,1208.3388925950635,138.85589530051092
0%,1209.739826551034,140.12790410777197
0%,1211.1407605070046,141.47178657550214
0%,1212.5416944629753,142.89054005329774
0%,1213.9426284189458,144.38721048601306
0%,1215.3435623749165,145.96488746482433
0%,1216.7444963308872,147.62669880698647
0%,1218.1454302868578,149.37580465524977
0%,1219.5463642428285,151.2153910895563
0%,1220.9472981987992,153.1486632454503
0%,1222.34823215477,155.1788379355904
0%,1223.7491661107406,157.30913577284863
0%,1225.1501000667113,159.54277279571934
0%,1226.5510340226817,161.88295159913173
0%,1227.9519679786524,164.33285197626304
0%,1229.352901934623,166.89562107956408
0%,1230.7538358905936,169.57436311195497
0%,1232.1547698465642,172.37212856197948
0%,1233.555703802535,175.29190299963227
0%,1234.9566377585056,178.33659545260144
0%,1236.3575717144763,181.50902638572657
0%,1237.758505670447,184.81191530961425
0%,1239.1594396264177,188.24786804751523
0%,1240.5603735823884,191.81936369275124
0%,1241.961307538359,195.5287412921676
0%,1243.3622414943295,199.37818629425328
0%,1244.7631754503002,203.36971680370678
0%,1246.1641094062709,207.50516968728385
0%,1247.5650433622413,211.7861865787767
0%,1248.965977318212,216.21419983384695
0%,1250.3669112741827,220.7904184882004
0%,1251.7678452301534,225.5158142752284
0%,1253.168779186124,230.3911077616667
0%,1254.5697131420948,235.41675466209352
0%,1255.9706470980655,240.59293239512326
0%,1257.3715810540361,245.91952694595528
0%,1258.7725150100066,251.3961201014799
0%,1260.1734489659773,257.0219771254114
0%,1261.574382921948,262.7960349418588
0%,1262.9753168779184,268.716890896418
0%,1264.3762508338891,274.78279216414546
0%,1265.7771847898598,280.9916258737209
0%,1267.1781187458305,287.340910016713
0%,1268.5790527018012,293.8277852100256
0%,1269.9799866577719,300.44900737842755
0%,1271.3809206137425,307.20094142246364
0%,1272.7818545697132,314.07955593503914
0%,1274.182788525684,321.0804190275538
0%,1275.5837224816544,328.1986953236251
0%,1276.984656437625,335.4291441752091
0%,1278.3855903935957,342.7661191522448
0%,1279.7865243495662,350.20356885293694
0%,1281.187458305537,357.7350390773117
0%,1282.5883922615076,365.3536764018546
0%,1283.9893262174783,373.0522331878831
0%,1285.390260173449,380.82307405073243
0%,1286.7911941294196,388.65818381100115
0%,1288.1921280853903,396.549176942934
0%,1289.593062041361,404.4873085285955
0%,1290.9939959973317,412.46348671981116
0%,1292.3949299533022,420.4682867029707
0%,1293.7958639092728,428.4919661547379
0%,1295.1967978652435,436.5244821694831
0%,1296.597731821214,444.55550963200267
0%,1297.9986657771847,452.5744610016902
0%,1299.3995997331554,460.57050746694796
0%,1300.800533689126,468.53260142130887
0%,1302.2014676450967,476.44950020541035
0%,1303.6024016010674,484.30979105181837
0%,1305.003335557038,492.10191716267656
0%,1306.4042695130088,499.81420484334984
0%,1307.8052034689795,507.4348916086713
0%,1309.20613742495,514.9521551721332
0%,1310.6070713809206,522.3541432224422
0%,1312.008005336891,529.629003886281
0%,1313.4089392928618,536.7649167710346
0%,1314.8098732488324,543.750124476503
0%,1316.2108072048031,550.5729644605027
0%,1317.6117411607738,557.221901139562
0%,1319.0126751167445,563.6855581028435
0%,1320.4136090727152,569.9527503149168
0%,1321.8145430286859,576.0125161811043
0%,1323.2154769846566,581.8541493478656
0%,1324.616410940627,587.4672301100659
0%,1326.0173448965977,592.8416562970311
0%,1327.4182788525684,597.9676735099939
0%,1328.8192128085389,602.8359045849573
0%,1330.2201467645095,607.4373781570558
0%,1331.6210807204802,611.7635562052337
0%,1333.022014676451,615.8063604594983
0%,1334.4229486324216,619.5581975570358
0%,1335.8238825883923,623.0119828381912
0%,1337.224816544363,626.161162678616
0%,1338.6257505003337,628.9997352597842
0%,1340.0266844563043,631.5222696865331
0%,1341.4276184122748,633.7239233672565
0%,1342.8285523682455,635.6004575798556
0%,1344.2294863242162,637.1482511544466
0%,1345.6304202801866,638.3643122121609
0%,1347.0313542361573,639.2462879080268
0%,1348.432288192128,639.7924721349109
0%,1349.8332221480987,640.0018111547361
0%,1351.2341561040694,639.8739071326237
0%,1352.63509006004,639.4090195592078
0%,1354.0360240160107,638.6080645560465
0%,1355.4369579719814,637.4726120687812
0%,1356.8378919279521,636.004880962393
0%,1358.2388258839226,634.2077320425435
0%,1359.6397598398933,632.0846590364719
0%,1361.040693795864,629.6397775762492
0%,1362.4416277518344,626.8778122362518
0%,1363.842561707805,623.804081685502
0%,1365.2434956637758,620.4244820239788
0%,1366.6444296197465,616.7454683800372
0%,1368.0453635757171,612.7740348537105
0%,1369.4462975316878,608.5176928978149
0%,1370.8472314876585,603.9844482354034
0%,1372.2481654436292,599.1827764182102
0%,1373.6490993995997,594.121597136224
0%,1375.0500333555703,588.810247393431
0%,1376.450967311541,583.2584536690418
0%,1377.8519012675115,577.4763031871145
0%,1379.2528352234822,571.474214420456
0%,1380.6537691794529,565.2629069569621
0%,1382.0547031354236,558.8533708581251
0%,1383.4556370913942,552.2568356403731
0%,1384.856571047365,545.4847390101196
0%,1386.2575050033356,538.5486954829531
0%,1387.6584389593063,531.4604650162775
0%,1389.059372915277,524.2319217829541
0%,1390.4603068712474,516.8750232110931
0%,1391.8612408272181,509.40177941211215
0%,1393.2621747831888,501.82422311562476
0%,1394.6631087391593,494.1543802255006
0%,1396.06404269513,486.4042411067997
0%,1397.4649766511006,478.58573270809813
0%,1398.8659106070713,470.7106916180448
0%,1400.266844563042,462.79083814897416
0%,1401.6677785190127,454.8377515339277
0%,1403.0687124749834,446.8628463166619
0%,1404.469646430954,438.8773500071383
0%,1405.8705803869248,430.89228206765046
0%,1407.2715143428952,422.91843428719227
0%,1408.672448298866,414.9663525939434
0%,1410.0733822548366,407.0463203479219
0%,1411.474316210807,399.16834314788474
0%,1412.8752501667777,391.34213517861446
0%,1414.2761841227484,383.5771071167584
0%,1415.677118078719,375.88235560542034
0%,1417.0780520346898,368.26665429988907
0%,1418.4789859906605,360.73844647912574
0%,1419.8799199466312,353.30583921005524
0%,1421.2808539026018,345.9765990443029
0%,1422.6817878585723,338.75814921983675
0%,1424.082721814543,331.657568333032
0%,1425.4836557705137,324.68159044003806
0%,1426.8845897264844,317.836606539929
0%,1428.285523682455,311.12866738611973
0%,1429.6864576384255,304.5634875668206
0%,1431.0873915943962,298.14645078997546
0%,1432.4883255503669,291.88261630319903
0%,1433.8892595063376,285.77672637464957
0%,1435.2901934623083,279.8332147566583
0%,1436.691127418279,274.05621605019587
0%,1438.0920613742494,268.44957588496095
0%,1439.49299533022,263.01686182700723
0%,1440.8939292861908,257.76137492341434
0%,1442.2948632421615,252.68616179149086
0%,1443.6957971981321,247.79402715848832
0%,1445.0967311541028,243.08754675668436
0%,1446.4976651100733,238.56908047804563
0%,1447.898599066044,234.2407856924573
0%,1449.2995330220147,230.10463063374266
0%,1450.7004669779853,226.1624077583229
0%,1452.101400933956,222.41574698247456
0%,1453.5023348899265,218.86612870562757
0%,1454.9032688458972,215.51489652906426
0%,1456.3042028018679,212.36326958171503
0%,1457.7051367578385,209.4123543674433
0%,1459.1060707138092,206.66315605134588
0%,1460.50700466978,204.11658910606835
0%,1461.9079386257504,201.77348724299938
0%,1463.308872581721,199.63461255741666
0%,1464.7098065376917,197.7006638212275
0%,1466.1107404936624,195.97228386182542
0%,1467.5116744496331,194.45006597080922
0%,1468.9126084056038,193.13455929181941
0%,1470.3135423615743,192.02627314255432
0%,1471.714476317545,191.12568023210335
0%,1473.1154102735156,190.4332187410718
0%,1474.5163442294863,189.9492932385291
0%,1475.917278185457,189.67427441660288
0%,1477.3182121414277,189.60849763051107
0%,1478.7191460973982,189.75226023896846
0%,1480.1200800533688,190.10581774719532
0%,1481.5210140093395,190.66937876215874
0%,1482.9219479653102,191.44309877717822
0%,1484.322881921281,192.42707281057903
0%,1485.7238158772516,193.62132693066374
0%,1487.124749833222,195.02580870684912
0%,1488.5256837891927,196.64037663435624
0%,1489.9266177451634,198.46478858729466
0%,1491.327551701134,200.49868936233628
0%,1492.7284856571048,202.74159738235213
0%,1494.1294196130755,205.19289063638354
0%,1495.530353569046,207.8517919390667
0%,1496.9312875250166,210.71735359910338
0%,1498.3322214809873,213.7884415925043
0%,1499.733155436958,217.06371934211796
0%,1501.1340893929287,220.54163121029882
0%,1502.5350233488994,224.22038581647695
0%,1503.9359573048698,228.09793929577813
0%,1505.3368912608405,232.17197861869644
0%,1506.7378252168112,236.43990509506833
0%,1508.1387591727819,240.89881818824773
0%,1509.5396931287526,245.5454997673263
0%,1510.940627084723,250.37639892651856
0%,1512.3415610406937,255.38761750136214
0%,1513.7424949966644,260.5748964111349
0%,1515.143428952635,265.93360295589656
0%,1516.5443629086058,271.4587191947048
0%,1517.9452968645764,277.1448315289169
0%,1519.346230820547,282.9861216109863
0%,1520.7471647765176,288.97635869483815
0%,1522.1480987324883,295.1088935387035
0%,1523.549032688459,301.3766539653101
0%,1524.9499666444297,307.7721421774483
0%,1526.3509006004003,314.2874339192973
0%,1527.7518345563708,320.9141795654498
0%,1529.1527685123415,327.64360721039395
0%,1530.5537024683122,334.46652782128035
0%,1531.9546364242829,341.37334250626384
0%,1533.3555703802535,348.3540519394742
0%,1534.7565043362242,355.3982679719317
0%,1536.1574382921947,362.49522744545703
0%,1537.5583722481654,369.63380821393866
0%,1538.959306204136,376.802547363253
0%,1540.3602401601067,383.98966160784516
0%,1541.7611741160774,391.18306982842006
0%,1543.162108072048,398.3704177015951
0%,1544.5630420280186,405.5391043587155
0%,1545.9639759839893,412.67631099748723
0%,1547.36490993996,419.76903135667055
0%,1548.7658438959306,426.80410395100864
0%,1550.1667778519013,433.76824595078244
0%,1551.567711807872,440.6480885781303
0%,1552.9686457638425,447.43021388054797
0%,1554.3695797198131,454.10119273093807
0%,1555.7705136757838,460.6476238932384
0%,1557.1714476317545,467.0561739832242
0%,1558.5723815877252,473.3136181454742
0%,1559.9733155436957,479.4068812599453
0%,1561.3742494996663,485.3230794850932
0%,1562.775183455637,491.0495619390766
0%,1564.1761174116077,496.57395231642363
0%,1565.5770513675784,501.88419023454014
0%,1566.977985323549,506.9685721027683
0%,1568.3789192795196,511.8157913063049
0%,1569.7798532354902,516.4149774982246
0%,1571.180787191461,520.7557347951013
0%,1572.5817211474316,524.8281786753389
0%,1573.9826551034023,528.622971384216
0%,1575.383589059373,532.1313556558792
0%,1576.7845230153434,535.3451865700016
0%,1578.1854569713141,538.2569613695492
0%,1579.5863909272848,540.8598470759749
0%,1580.9873248832555,543.1477057491963
0%,1582.3882588392262,545.1151172517513
0%,1583.7891927951969,546.7573993895643
0%,1585.1901267511673,548.070625315666
0%,1586.591060707138,549.0516380979026
0%,1587.9919946631087,549.6980623670557
0%,1589.3929286190794,550.0083129777664
0%,1590.79386257505,549.9816006310797
0%,1592.1947965310208,549.6179344242237
0%,1593.5957304869912,548.9181213102573
0%,1594.996664442962,547.8837624673595
0%,1596.3975983989326,546.5172465946698
0%,1597.7985323549033,544.8217401685911
0%,1599.199466310874,542.8011747102322
0%,1600.6004002668446,540.4602311310587
0%,1602.001334222815,537.8043212397382
0%,1603.4022681787858,534.8395665084943
0%,1604.8032021347565,531.5727742119182
0%,1606.2041360907272,528.0114110650178
0%,1607.6050700466978,524.1635745002465
0%,1609.0060040026685,520.0379617352262
0%,1610.406937958639,515.6438367938161
0%,1611.8078719146097,510.99099565298866
0%,1613.2088058705804,506.0897296966266
0%,1614.609739826551,500.95078766475274
0%,1616.0106737825217,495.5853362928761
0%,1617.4116077384922,490.0049198409901
0%,1618.8125416944629,484.2214187153077
0%,1620.2134756504336,478.2470073880722
0%,1621.6144096064043,472.0941118216697
0%,1623.015343562375,465.77536660291923
0%,1624.4162775183456,459.30357199173477
0%,1625.817211474316,452.6916510854528
0%,1627.2181454302868,445.95260729599545
0%,1628.6190793862575,439.09948233179165
0%,1630.0200133422281,432.145314869974
0%,1631.4209472981988,425.1031000970082
0%,1632.8218812541695,417.98575028752924
0%,1634.22281521014,410.80605658193036
0%,1635.6237491661107,403.57665211320324
0%,1637.0246831220813,396.30997662280686
0%,1638.425617078052,389.0182426939371
0%,1639.8265510340227,381.7134037187225
0%,1641.2274849899934,374.4071237035274
0%,1642.6284189459639,367.1107490039097
0%,1644.0293529019345,359.835282067883
0%,1645.4302868579052,352.5913572531389
0%,1646.831220813876,345.3892187707782
0%,1648.2321547698466,338.23870079512255
0%,1649.6330887258173,331.1492097662728
0%,1651.0340226817877,324.12970889943495
0%,1652.4349566377584,317.1887049026697
0%,1653.8358905937291,310.3342368927739
0%,1655.2368245496998,303.57386748744176
0%,1656.6377585056705,296.9146760408888
0%,1658.0386924616412,290.3632539796688
0%,1659.4396264176116,283.9257021856222
0%,1660.8405603735823,277.6076303637611
0%,1662.241494329553,271.41415832450446
0%,1663.6424282855237,265.3499191019728
0%,1665.0433622414944,259.4190638231927
0%,1666.444296197465,253.62526823693236
0%,1667.8452301534355,247.97174080558995
0%,1669.2461641094062,242.46123225904995
0%,1670.647098065377,237.09604650574482
0%,1672.0480320213476,231.87805279322606
0%,1673.4489659773183,226.80869900846858
0%,1674.8498999332887,221.88902600675812
0%,1676.2508338892594,217.11968285740483
0%,1677.65176784523,212.50094289464164
0%,1679.0527018012008,208.03272046282103
0%,1680.4536357571715,203.714588246476
0%,1681.8545697131422,199.54579507782157
0%,1683.2555036691126,195.52528411687115
0%,1684.6564376250833,191.6517113024402
0%,1686.057371581054,187.9234639759012
0%,1687.4583055370247,184.33867958352874
0%,1688.8592394929954,180.89526436766764
0%,1690.260173448966,177.5909119616399
0%,1691.6611074049365,174.42312180828364
0%,1693.0620413609072,171.3892173272095
0%,1694.4629753168779,168.4863637612512
0%,1695.8639092728486,165.71158563807595
0%,1697.2648432288192,163.06178378853937
0%,1698.66577718479,160.5337518689977
0%,1700.0667111407604,158.12419234044205
0%,1701.467645096731,155.82973186292259
0%,1702.8685790527018,153.6469360692792
0%,1704.2695130086724,151.57232368760964
0%,1705.6704469646431,149.60237998721757
0%,1707.0713809206138,147.73356952790158
0%,1708.4723148765843,145.96234819739183
0%,1709.873248832555,144.28517452646423
0%,1711.2741827885256,142.69852027576596
0%,1712.6751167444963,141.1988802926242
0%,1714.076050700467,139.7827816401094
0%,1715.4769846564377,138.44679200433382
0%,1716.8779186124082,137.18752738940807
0%,1718.2788525683789,136.00165911262872
0%,1719.6797865243495,134.88592011534243
0%,1721.0807204803202,133.837110607505
0%,1722.481654436291,132.85210306625427
0%,1723.8825883922616,131.92784661082652
0%,1725.283522348232,131.06137077788478
0%,1726.6844563042027,130.24978872279618
0%,1728.0853902601734,129.49029987361016
0%,1729.486324216144,128.78019206544516
0%,1730.8872581721148,128.11684318372343
0%,1732.2881921280853,127.49772234518824
0%,1733.689126084056,126.92039064592828
0%,1735.0900600400266,126.38250150572541
0%,1736.4909939959973,125.8818006379445
0%,1737.891927951968,125.41612567392637
0%,1739.2928619079387,124.98340547042474
0%,1740.6937958639091,124.58165912807249
0%,1742.0947298198798,124.2089947481812
0%,1743.4956637758505,123.86360795438647
0%,1744.8965977318212,123.54378020476125
0%,1746.297531687792,123.2478769190511
0%,1747.6984656437626,122.97434544464299
0%,1749.099399599733,122.72171288378368
0%,1750.5003335557037,122.48858380342084
0%,1751.9012675116744,122.27363784786746
0%,1753.302201467645,122.07562727329064
0%,1754.7031354236158,121.89337442181825
0%,1756.1040693795865,121.72576915184351
0%,1757.505003335557,121.5717662398998
0%,1758.9059372915276,121.43038276828378
0%,1760.3068712474983,121.30069551143042
0%,1761.707805203469,121.1818383328941
0%,1763.1087391594397,121.07299960367358
0%,1764.5096731154104,120.97341965153689
0%,1765.9106070713808,120.88238824996176
0%,1767.3115410273515,120.79924215430971
0%,1768.7124749833222,120.72336269190055
0%,1770.1134089392929,120.65417341175167
0%,1771.5143428952636,120.59113779889377
0%,1772.9152768512342,120.53375705737204
0%,1774.3162108072047,120.48156796529281
0%,1775.7171447631754,120.43414080457589
0%,1777.118078719146,120.39107736742649
0%,1778.5190126751168,120.3520090409435
0%,1779.9199466310874,120.3165949707351
0%,1781.320880587058,120.2845203039141
0%,1782.7218145430286,120.2554945113947
0%,1784.1227484989993,120.22924978900737
0%,1785.52368245497,120.20553953658668
0%,1786.9246164109406,120.18413691386648
0%,1788.3255503669113,120.16483347173708
0%,1789.7264843228818,120.14743785717553
0%,1791.1274182788525,120.1317745899521
0%,1792.5283522348232,120.11768290904139
0%,1793.9292861907938,120.10501568652211
0%,1795.3302201467645,120.09363840663302
0%,1796.7311541027352,120.0834282075637
0%,1798.1320880587057,120.07427298349177
0%,1799.5330220146764,120.06607054433526
0%,1800.933955970647,120.05872783066384
0%,1802.3348899266177,120.05216018120635
0%,1803.7358238825884,120.04629065040182
0%,1805.136757838559,120.041049373464
0%,1806.5376917945296,120.03637297646604
0%,1807.9386257505003,120.03220402899787
0%,1809.339559706471,120.0284905370053
0%,1810.7404936624416,120.02518547348286
0%,1812.1414276184123,120.0222463447632
0%,1813.542361574383,120.01963479022076
0%,1814.9432955303535,120.01731621328747
0%,1816.3442294863241,120.0152594417608
0%,1817.7451634422948,120.01343641546978
0%,1819.1460973982655,120.01182189945081
0%,1820.5470313542362,120.01039322087252
0%,1821.9479653102069,120.00913002803608
0%,1823.3488992661773,120.00801406986406
0%,1824.749833222148,120.0070289943762
0%,1826.1507671781187,120.00616016473518
0%,1827.5517011340894,120.005394491527
0%,1828.95263509006,120.00472028002126
0%,1830.3535690460308,120.00412709123358
0%,1831.7545030020012,120.00360561568775
0%,1833.155436957972,120.00314755884713
0%,1834.5563709139426,120.00274553725399
0%,1835.9573048699133,120.00239298448138
0%,1837.358238825884,120.00208406606545
0%,1838.7591727818544,120.00181360264575
0%,1840.1601067378251,120.00157700059779
0%,1841.5610406937958,120.00137018949621
0%,1842.9619746497665,120.00118956579684
0%,1844.3629086057372,120.00103194217427
0%,1845.7638425617079,120.00089450199592
0%,1847.1647765176783,120.00077475845544
0%,1848.565710473649,120.00067051792766
0%,1849.9666444296197,120.0005798471437
0%,1851.3675783855904,120.00050104381904
0%,1852.768512341561,120.00043261039875
0%,1854.1694462975317,120.00037323061345
0%,1855.5703802535022,120.00032174856712
0%,1856.971314209473,120.00027715010216
0%,1858.3722481654436,120.00023854621129
0%,1859.7731821214143,120.00020515828605
0%,1861.174116077385,120.00017630501249
0%,1862.5750500333556,120.0001513907415
0%,1863.975983989326,120.00012989517852
0%,1865.3769179452968,120.0001113642521
0%,1866.7778519012675,120.00009540203467
0%,1868.1787858572382,120.00008166360134
0%,1869.5797198132088,120.00006984872418
0%,1870.9806537691795,120.00005969630992
0%,1872.38158772515,120.00005097949787
0%,1873.7825216811207,120.00004350134444
0%,1875.1834556370914,120.00003709102745
0%,1876.584389593062,120.00003160051111
0%,1877.9853235490327,120.00002690161847
0%,1879.3862575050034,120.00002288346414
0%,1880.7871914609739,120.00001945020526
0%,1882.1881254169446,120.00001651907279
0%,1883.5890593729152,120.00001401865033
0%,1884.989993328886,120.00001188737049
0%,1886.3909272848566,120.0000100722026
0%,1887.7918612408273,120.00000852750858
0%,1889.1927951967978,120.00000721404649
0%,1890.5937291527684,120.00000609810316
0%,1891.9946631087391,120.00000515074032
0%,1893.3955970647098,120.00000434713976
0%,1894.7965310206805,120.00000366603503
0%,1896.197464976651,120.00000308921884
0%,1897.5983989326216,120.00000260111646
0%,1898.9993328885923,120.0000021884165
0%,1900.400266844563,120.00000183975173
0%,1901.8012008005337,120.00000154542353
0%,1903.2021347565044,120.00000129716398
0%,1904.6030687124749,120.00000108793085
0%,1906.0040026684455,120.0000009117311
0%,1907.4049366244162,120.00000076346882
0%,1908.805870580387,120.0000006388147
0%,1910.2068045363576,120.00000053409381
0%,1911.6077384923283,120.00000044618942
0%,1913.0086724482987,120.00000037246033
0%,1914.4096064042694,120.00000031067039
0%,1915.81054036024,120.00000025892784
0%,1917.2114743162108,120.00000021563373
0%,1918.6124082721815,120.0000001794377
0%,1920.0133422281522,120.00000014920032
0%,1921.4142761841226,120.00000012396094
0%,1922.8152101400933,120.00000010291035
0%,1924.216144096064,120.00000008536745
0%,1925.6170780520347,120.00000007075947
0%,1927.0180120080054,120.00000005860517
0%,1928.418945963976,120.00000004850051
0%,1929.8198799199465,120.0000000401066
0%,1931.2208138759172,120.00000003313939
0%,1932.621747831888,120.000000027361
0%,1934.0226817878586,120.00000002257245
0%,1935.4236157438293,120.00000001860734
0%,1936.8245496998,120.00000001532672
0%,1938.2254836557704,120.00000001261458
0%,1939.626417611741,120.00000001037422
0%,1941.0273515677118,120.00000000852506
0%,1942.4282855236825,120.00000000700001
0%,1943.8292194796531,120.00000000574326
0%,1945.2301534356236,120.00000000470845
0%,1946.6310873915943,120.00000000385705
0%,1948.032021347565,120.00000000315714
0%,1949.4329553035357,120.0000000025822
0%,1950.8338892595063,120.0000000021103
0%,1952.234823215477,120.0000000017233
0%,1953.6357571714475,120.00000000140615
0%,1955.0366911274182,120.00000000114647
0%,1956.4376250833889,120.00000000093402
0%,1957.8385590393596,120.00000000076034
0%,1959.2394929953302,120.00000000061847
0%,1960.640426951301,120.00000000050268
0%,1962.0413609072714,120.00000000040824
0%,1963.442294863242,120.00000000033128
0%,1964.8432288192128,120.00000000026863
0%,1966.2441627751834,120.00000000021765
0%,1967.6450967311541,120.0000000001762
0%,1969.0460306871248,120.00000000014253
0%,1970.4469646430953,120.00000000011522
0%,1971.847898599066,120.00000000009307
0%,1973.2488325550366,120.0000000000751
0%,1974.6497665110073,120.00000000006057
0%,1976.050700466978,120.0000000000488
0%,1977.4516344229487,120.0000000000393
0%,1978.8525683789192,120.00000000003162
0%,1980.2535023348898,120.00000000002541
0%,1981.6544362908605,120.0000000000204
0%,1983.0553702468312,120.00000000001639
0%,1984.456304202802,120.00000000001315
0%,1985.8572381587726,120.00000000001053
0%,1987.258172114743,120.00000000000843
0%,1988.6591060707137,120.00000000000675
0%,1990.0600400266844,120.0000000000054
0%,1991.460973982655,120.0000000000043
0%,1992.8619079386258,120.00000000000344
0%,1994.2628418945965,120.00000000000274
0%,1995.663775850567,120.00000000000219
0%,1997.0647098065376,120.00000000000175
0%,1998.4656437625083,120.00000000000138
0%,1999.866577718479,120.00000000000111
0%,2001.2675116744497,120.00000000000088
0%,2002.6684456304201,120.0000000000007
0%,2004.0693795863908,120.00000000000055
0%,2005.4703135423615,120.00000000000044
0%,2006.8712474983322,120.00000000000034
0%,2008.2721814543029,120.00000000000027
0%,2009.6731154102736,120.00000000000021
0%,2011.074049366244,120.00000000000017
0%,2012.4749833222147,120.00000000000014
0%,2013.8759172781854,120.0000000000001
0%,2015.276851234156,120.00000000000009
0%,2016.6777851901268,120.00000000000007
0%,2018.0787191460975,120.00000000000006
0%,2019.479653102068,120.00000000000004
0%,2020.8805870580386,120.00000000000003
0%,2022.2815210140093,120.00000000000003
0%,2023.68245496998,120.00000000000001
0%,2025.0833889259507,120.00000000000001
0%,2026.4843228819213,120.00000000000001
0%,2027.8852568378918,120.00000000000001
0%,2029.2861907938625,120.00000000000001
0%,2030.6871247498332,120.0
0%,2032.0880587058039,120.0
0%,2033.4889926617745,120.0
0%,2034.8899266177452,120.0
0%,2036.2908605737157,120.0
0%,2037.6917945296864,120.0
0%,2039.092728485657,120.0
0%,2040.4936624416277,120.0
0%,2041.8945963975984,120.0
0%,2043.2955303535691,120.0
0%,2044.6964643095396,120.0
0%,2046.0973982655103,120.0
0%,2047.498332221481,120.0
0%,2048.899266177452,120.0
0%,2050.3002001334225,120.0
0%,2051.7011340893932,120.0
0%,2053.1020680453635,120.0
0%,2054.503002001334,120.0
0%,2055.903935957305,120.0
0%,2057.3048699132755,120.0
0%,2058.705803869246,120.0
0%,2060.1067378252164,120.0
0%,2061.507671781187,120.0
0%,2062.908605737158,120.0
0%,2064.3095396931285,120.0
0%,2065.710473649099,120.0
0%,2067.11140760507,120.0
0%,2068.5123415610406,120.0
0%,2069.9132755170112,120.0
0%,2071.314209472982,120.0
0%,2072.7151434289526,120.0
0%,2074.1160773849233,120.0
0%,2075.517011340894,120.0
0%,2076.9179452968647,120.0
0%,2078.3188792528354,120.0
0%,2079.719813208806,120.0
0%,2081.1207471647767,120.0
0%,2082.5216811207474,120.0
0%,2083.922615076718,120.0
0%,2085.3235490326883,120.0
0%,2086.724482988659,120.0
0%,2088.1254169446297,120.0
0%,2089.5263509006004,120.0
0%,2090.927284856571,120.0
0%,2092.3282188125418,120.0
0%,2093.729152768512,120.0
0%,2095.1300867244827,120.0
0%,2096.5310206804534,120.0
0%,2097.931954636424,120.0
0%,2099.3328885923947,120.0
0%,2100.7338225483654,120.0
0%,2102.134756504336,120.0
0%,2103.535690460307,120.0
0%,2104.9366244162775,120.0
0%,2106.337558372248,120.0
0%,2107.738492328219,120.0
0%,2109.1394262841895,120.0
0%,2110.54036024016,120.0
0%,2111.941294196131,120.0
0%,2113.3422281521016,120.0
0%,2114.7431621080723,120.0
0%,2116.144096064043,120.0
0%,2117.545030020013,120.0
0%,2118.945963975984,120.0
0%,2120.3468979319546,120.0
0%,2121.7478318879253,120.0
0%,2123.148765843896,120.0
0%,2124.5496997998666,120.0
0%,2125.950633755837,120.0
0%,2127.3515677118075,120.0
0%,2128.7525016677782,120.0
0%,2130.153435623749,120.0
0%,2131.5543695797196,120.0
0%,2132.9553035356903,120.0
0%,2134.356237491661,120.0
0%,2135.7571714476317,120.0
0%,2137.1581054036023,120.0
0%,2138.559039359573,120.0
0%,2139.9599733155437,120.0
0%,2141.3609072715144,120.0
0%,2142.761841227485,120.0
0%,2144.162775183456,120.0
0%,2145.5637091394265,120.0
0%,2146.964643095397,120.0
0%,2148.365577051368,120.0
0%,2149.7665110073385,120.0
0%,2151.1674449633088,120.0
0%,2152.5683789192794,120.0
0%,2153.96931287525,120.0
0%,2155.370246831221,120.0
0%,2156.7711807871915,120.0
0%,2158.172114743162,120.0
0%,2159.5730486991324,120.0
0%,2160.973982655103,120.0
0%,2162.374916611074,120.0
0%,2163.7758505670445,120.0
0%,2165.176784523015,120.0
0%,2166.577718478986,120.0
0%,2167.9786524349565,120.0
0%,2169.379586390927,120.0
0%,2170.780520346898,120.0
0%,2172.1814543028686,120.0
0%,2173.5823882588393,120.0
0%,2174.98332221481,120.0
0%,2176.3842561707806,120.0
0%,2177.7851901267513,120.0
0%,2179.186124082722,120.0
0%,2180.5870580386927,120.0
0%,2181.9879919946634,120.0
0%,2183.3889259506336,120.0
0%,2184.7898599066043,120.0
0%,2186.190793862575,120.0
0%,2187.5917278185457,120.0
0%,2188.9926617745164,120.0
0%,2190.393595730487,120.0
0%,2191.7945296864573,120.0
0%,2193.195463642428,120.0
0%,2194.5963975983987,120.0
0%,2195.9973315543693,120.0
0%,2197.39826551034,120.0
0%,2198.7991994663107,120.0
0%,2200.2001334222814,120.0
0%,2201.601067378252,120.0
0%,2203.0020013342228,120.0
0%,2204.4029352901935,120.0
0%,2205.803869246164,120.0
0%,2207.204803202135,120.0
0%,2208.6057371581055,120.0
0%,2210.006671114076,120.0
0%,2211.407605070047,120.0
0%,2212.8085390260176,120.0
0%,2214.2094729819883,120.0
0%,2215.610406937959,120.0
0%,2217.011340893929,120.0
0%,2218.4122748499,120.0
0%,2219.8132088058705,120.0
0%,2221.2141427618412,120.0
0%,2222.615076717812,120.0
0%,2224.016010673782,120.0
0%,2225.416944629753,120.0
0%,2226.8178785857235,120.0
0%,2228.218812541694,120.0
0%,2229.619746497665,120.0
0%,2231.0206804536356,120.0
0%,2232.4216144096063,120.0
0%,2233.822548365577,120.0
0%,2235.2234823215476,120.0
0%,2236.6244162775183,120.0
0%,2238.025350233489,120.0
0%,2239.4262841894597,120.0
0%,2240.8272181454304,120.0
0%,2242.228152101401,120.0
0%,2243.6290860573718,120.0
0%,2245.0300200133424,120.0
0%,2246.430953969313,120.0
0%,2247.831887925284,120.0
0%,2249.232821881254,120.0
0%,2250.6337558372247,120.0
0%,2252.0346897931954,120.0
0%,2253.435623749166,120.0
0%,2254.836557705137,120.0
0%,2256.2374916611075,120.0
0%,2257.6384256170777,120.0
0%,2259.0393595730484,120.0
0%,2260.440293529019,120.0
0%,2261.8412274849898,120.0
0%,2263.2421614409604,120.0
0%,2264.643095396931,120.0
0%,2266.044029352902,120.0
0%,2267.4449633088725,120.0
0%,2268.845897264843,120.0
0%,2270.246831220814,120.0
0%,2271.6477651767846,120.0
0%,2273.0486991327552,120.0
0%,2274.449633088726,120.0
0%,2275.8505670446966,120.0
0%,2277.2515010006673,120.0
0%,2278.652434956638,120.0
0%,2280.0533689126087,120.0
0%,2281.454302868579,120.0
0%,2282.8552368245496,120.0
0%,2284.2561707805203,120.0
0%,2285.657104736491,120.0
0%,2287.0580386924617,120.0
0%,2288.4589726484323,120.0
0%,2289.8599066044026,120.0
0%,2291.2608405603733,120.0
0%,2292.661774516344,120.0
0%,2294.0627084723146,120.0
0%,2295.4636424282853,120.0
0%,2296.864576384256,120.0
0%,2298.2655103402267,120.0
0%,2299.6664442961974,120.0
0%,2301.067378252168,120.0
0%,2302.4683122081387,120.0
0%,2303.8692461641094,120.0
0%,2305.27018012008,120.0
0%,2306.671114076051,120.0
0%,2308.0720480320215,120.0
0%,2309.472981987992,120.0
0%,2310.873915943963,120.0
0%,2312.2748498999335,120.0
0%,2313.6757838559042,120.0
0%,2315.0767178118745,120.0
0%,2316.477651767845,120.0
0%,2317.878585723816,120.0
0%,2319.2795196797865,120.0
0%,2320.680453635757,120.0
0%,2322.081387591728,120.0
0%,2323.482321547698,120.0
0%,2324.883255503669,120.0
0%,2326.2841894596395,120.0
0%,2327.68512341561,120.0
0%,2329.086057371581,120.0
0%,2330.4869913275516,120.0
0%,2331.8879252835222,120.0
0%,2333.288859239493,120.0
0%,2334.6897931954636,120.0
0%,2336.0907271514343,120.0
0%,2337.491661107405,120.0
0%,2338.8925950633757,120.0
0%,2340.2935290193464,120.0
0%,2341.694462975317,120.0
0%,2343.0953969312877,120.0
0%,2344.4963308872584,120.0
0%,2345.897264843229,120.0
0%,2347.2981987991993,120.0
0%,2348.69913275517,120.0
0%,2350.1000667111407,120.0
0%,2351.5010006671114,120.0
0%,2352.901934623082,120.0
0%,2354.3028685790528,120.0
0%,2355.703802535023,120.0
0%,2357.1047364909937,120.0
0%,2358.5056704469644,120.0
0%,2359.906604402935,120.0
0%,2361.3075383589057,120.0
0%,2362.7084723148764,120.0
0%,2364.109406270847,120.0
0%,2365.510340226818,120.0
0%,2366.9112741827885,120.0
0%,2368.312208138759,120.0
0%,2369.71314209473,120.0
0%,2371.1140760507005,120.0
0%,2372.515010006671,120.0
0%,2373.915943962642,120.0
0%,2375.3168779186126,120.0
0%,2376.7178118745833,120.0
0%,2378.118745830554,120.0
0%,2379.5196797865246,120.0
0%,2380.920613742495,120.0
0%,2382.3215476984656,120.0
0%,2383.7224816544363,120.0
0%,2385.123415610407,120.0
0%,2386.5243495663776,120.0
0%,2387.925283522348,120.0
0%,2389.3262174783185,120.0
0%,2390.727151434289,120.0
0%,2392.12808539026,120.0
0%,2393.5290193462306,120.0
0%,2394.9299533022013,120.0
0%,2396.330887258172,120.0
0%,2397.7318212141427,120.0
0%,2399.1327551701133,120.0
0%,2400.533689126084,120.0
0%,2401.9346230820547,120.0
0%,2403.3355570380254,120.0
0%,2404.736490993996,120.0
0%,2406.1374249499668,120.0
0%,2407.5383589059375,120.0
0%,2408.939292861908,120.0
0%,2410.340226817879,120.0
0%,2411.7411607738495,120.0
0%,2413.1420947298197,120.0
0%,2414.5430286857904,120.0
0%,2415.943962641761,120.0
0%,2417.344896597732,120.0
0%,2418.7458305537025,120.0
0%,2420.146764509673,120.0
0%,2421.5476984656434,120.0
0%,2422.948632421614,120.0
0%,2424.349566377585,120.0
0%,2425.7505003335555,120.0
0%,2427.151434289526,120.0
0%,2428.552368245497,120.0
0%,2429.9533022014675,120.0
0%,2431.354236157438,120.0
0%,2432.755170113409,120.0
0%,2434.1561040693796,120.0
0%,2435.5570380253503,120.0
0%,2436.957971981321,120.0
0%,2438.3589059372916,120.0
0%,2439.7598398932623,120.0
0%,2441.160773849233,120.0
0%,2442.5617078052037,120.0
0%,2443.9626417611744,120.0
0%,2445.3635757171446,120.0
0%,2446.7645096731153,120.0
0%,2448.165443629086,120.0
0%,2449.5663775850567,120.0
0%,2450.9673115410274,120.0
0%,2452.368245496998,120.0
0%,2453.7691794529687,120.0
0%,2455.1701134089394,120.0
0%,2456.57104736491,120.0
0%,2457.9719813208803,120.0
0%,2459.372915276851,120.0
0%,2460.7738492328217,120.0
0%,2462.1747831887924,120.0
0%,2463.575717144763,120.0
0%,2464.9766511007338,120.0
0%,2466.3775850567044,120.0
0%,2467.778519012675,120.0
0%,2469.179452968646,120.0
0%,2470.5803869246165,120.0
0%,2471.981320880587,120.0
0%,2473.382254836558,120.0
0%,2474.783188792528,120.0
0%,2476.184122748499,120.0
0%,2477.5850567044695,120.0
0%,2478.98599066044,120.0
0%,2480.386924616411,120.0
0%,2481.7878585723815,120.0
0%,2483.188792528352,120.0
0%,2484.589726484323,120.0
0%,2485.9906604402936,120.0
0%,2487.3915943962643,120.0
0%,2488.792528352235,120.0
0%,2490.1934623082057,120.0
0%,2491.594396264176,120.0
0%,2492.9953302201466,120.0
0%,2494.3962641761173,120.0
0%,2495.797198132088,120.0
0%,2497.1981320880586,120.0
0%,2498.5990660440293,120.0
0%,2500.0,120.0
25%,400.0,380.0
25%,401.40093395597063,380.0
25%,402.8018679119413,380.0
25%,404.20280186791194,380.0
25%,405.6037358238826,380.0
25%,407.00466977985326,380.0
25%,408.4056037358239,380.0
25%,409.8065376917945,380.0
25%,411.2074716477652,380.0
25%,412.60840560373583,380.0
25%,414.00933955970646,380.0
25%,415.4102735156771,380.0
25%,416.8112074716478,380.0
25%,418.2121414276184,380.0
25%,419.61307538358903,380.0
25%,421.0140093395597,380.0
25%,422.41494329553035,380.0
25%,423.815877251501,380.0
25%,425.21681120747166,380.0
25%,426.6177451634423,380.0
25%,428.0186791194129,380.0
25%,429.4196130753836,380.0
25%,430.82054703135424,380.0
25%,432.22148098732487,380.0
25%,433.62241494329555,380.0
25%,435.0233488992662,380.0
25%,436.4242828552368,380.0
25%,437.8252168112075,380.0
25%,439.2261507671781,380.0
25%,440.62708472314876,380.0
25%,442.02801867911944,380.0
25%,443.42895263509007,380.0
25%,444.8298865910607,380.0
25%,446.2308205470314,380.0
25%,447.631754503002,380.0
25%,449.03268845897264,380.0
25%,450.4336224149433,380.0
25%,451.83455637091396,380.0
25%,453.2354903268846,380.0
25%,454.6364242828552,380.0
25%,456.0373582388259,380.0
25%,457.43829219479653,380.0
25%,458.83922615076716,380.0
25%,460.24016010673785,380.0
25%,461.6410940627085,380.0
25%,463.0420280186791,380.0
25%,464.44296197464973,380.0
25%,465.8438959306204,380.0
25%,467.24482988659105,380.0
25%,468.6457638425617,380.0
25%,470.04669779853236,380.0
25%,471.447631754503,380.0
25%,472.8485657104736,380.0
25%,474.2494996664443,380.0
25%,475.65043362241494,380.0
25%,477.05136757838557,380.0
25%,478.45230153435625,380.0
25%,479.8532354903269,380.0
25%,481.2541694462975,380.0
25%,482.6551034022682,380.0
25%,484.0560373582388,380.0
25%,485.45697131420945,380.0
25%,486.85790527018014,380.0
25%,488.25883922615077,380.0
25%,489.6597731821214,380.0
25%,491.0607071380921,380.0
25%,492.4616410940627,380.0
25%,493.86257505003334,380.0
25%,495.263509006004,380.0
25%,496.66444296197466,380.0
25%,498.0653769179453,380.0
25%,499.466310873916,380.0
25%,500.8672448298866,380.0
25%,502.26817878585723,380.0
25%,503.6691127418279,380.0
25%,505.07004669779855,380.0
25%,506.4709806537692,380.0
25%,507.8719146097398,380.0
25%,509.2728485657105,380.0
25%,510.6737825216811,380.0
25%,512.0747164776518,380.0
25%,513.4756504336224,380.0
25%,514.8765843895931,380.0
25%,516.2775183455637,380.0
25%,517.6784523015343,380.0
25%,519.079386257505,380.0
25%,520.4803202134757,380.0
25%,521.8812541694463,380.0
25%,523.282188125417,380.0
25%,524.6831220813876,380.0
25%,526.0840560373582,380.0
25%,527.4849899933289,380.0
25%,528.8859239492995,380.0
25%,530.2868579052702,380.0
25%,531.6877918612408,380.0
25%,533.0887258172115,380.0
25%,534.4896597731821,380.0
25%,535.8905937291528,380.0
25%,537.2915276851234,380.0
25%,538.692461641094,380.0
25%,540.0933955970647,380.0
25%,541.4943295530354,380.0
25%,542.895263509006,380.0
25%,544.2961974649767,380.0
25%,545.6971314209472,380.0
25%,547.0980653769179,380.0
25%,548.4989993328886,380.0
25%,549.8999332888593,380.0
25%,551.3008672448299,380.0
25%,552.7018012008006,380.0
25%,554.1027351567711,380.0
25%,555.5036691127418,380.0
25%,556.9046030687125,380.0
25%,558.3055370246832,380.0
25%,559.7064709806538,380.0
25%,561.1074049366244,380.0
25%,562.508338892595,380.0
25%,563.9092728485657,380.0
25%,565.3102068045364,380.0
25%,566.711140760507,380.0
25%,568.1120747164777,380.0
25%,569.5130086724483,380.0
25%,570.9139426284189,380.0
25%,572.3148765843896,380.0
25%,573.7158105403603,380.0
25%,575.1167444963309,380.0
25%,576.5176784523015,380.0
25%,577.9186124082721,380.0
25%,579.3195463642428,380.0
25%,580.7204803202135,380.0
25%,582.1214142761842,380.0
25%,583.5223482321547,380.0
25%,584.9232821881254,380.0
25%,586.324216144096,380.0
25%,587.7251501000667,380.0
25%,589.1260840560374,380.0
25%,590.527018012008,380.0
25%,591.9279519679786,380.0
25%,593.3288859239493,380.0
25%,594.7298198799199,380.0
25%,596.1307538358906,380.0
25%,597.5316877918613,380.0
25%,598.932621747832,380.0
25%,600.3335557038025,380.0
25%,601.7344896597732,380.0
25%,603.1354236157438,380.0
25%,604.5363575717145,380.0
25%,605.9372915276851,380.0
25%,607.3382254836558,380.0
25%,608.7391594396264,380.0
25%,610.1400933955971,380.0
25%,611.5410273515677,380.0
25%,612.9419613075383,380.0
25%,614.342895263509,380.0
25%,615.7438292194796,380.0
25%,617.1447631754503,380.0
25%,618.545697131421,380.0
25%,619.9466310873916,380.0
25%,621.3475650433622,380.0
25%,622.7484989993329,380.0
25%,624.1494329553035,380.0
25%,625.5503669112742,380.0
25%,626.9513008672449,380.0
25%,628.3522348232154,380.0
25%,629.7531687791861,380.0
25%,631.1541027351568,380.0
25%,632.5550366911274,380.0
25%,633.9559706470981,380.0
25%,635.3569046030686,380.0
25%,636.7578385590393,380.0
25%,638.15877251501,380.0
25%,639.5597064709807,380.0
25%,640.9606404269513,380.0
25%,642.361574382922,380.0
25%,643.7625083388925,380.0
25%,645.1634422948632,380.0
25%,646.5643762508339,380.0
25%,647.9653102068046,380.0
25%,649.3662441627752,380.0
25%,650.7671781187458,380.0
25%,652.1681120747164,380.0
25%,653.5690460306871,380.0
25%,654.9699799866578,380.0
25%,656.3709139426285,380.0
25%,657.771847898599,380.0
25%,659.1727818545697,380.0
25%,660.5737158105403,380.0
25%,661.974649766511,380.0
25%,663.3755837224817,380.0
25%,664.7765176784524,380.0
25%,666.1774516344229,380.0
25%,667.5783855903935,380.0
25%,668.9793195463642,380.0
25%,670.3802535023349,380.0
25%,671.7811874583056,380.0
25%,673.1821214142763,380.0
25%,674.5830553702468,380.0
25%,675.9839893262174,380.0
25%,677.3849232821881,380.0
25%,678.7858572381588,380.0
25%,680.1867911941295,380.0
25%,681.5877251501001,380.0
25%,682.9886591060707,380.0
25%,684.3895930620413,380.0
25%,685.790527018012,380.0
25%,687.1914609739827,380.0
25%,688.5923949299533,380.0
25%,689.9933288859239,380.0
25%,691.3942628418946,380.0
25%,692.7951967978652,380.0
25%,694.1961307538359,380.0
25%,695.5970647098065,380.0
25%,696.9979986657772,380.0
25%,698.3989326217478,380.0
25%,699.7998665777185,380.0
25%,701.2008005336891,380.0
25%,702.6017344896597,380.0
25%,704.0026684456304,380.0
25%,705.4036024016011,380.0
25%,706.8045363575717,380.0
25%,708.2054703135424,380.0
25%,709.606404269513,380.0
25%,711.0073382254836,380.0
25%,712.4082721814543,380.0
25%,713.809206137425,380.0
25%,715.2101400933956,380.0
25%,716.6110740493663,380.0
25%,718.0120080053368,380.0
25%,719.4129419613075,380.0
25%,720.8138759172782,380.0
25%,722.2148098732489,380.0
25%,723.6157438292195,380.0
25%,725.01667778519,380.0
25%,726.4176117411607,380.0
25%,727.8185456971314,380.0
25%,729.2194796531021,380.0
25%,730.6204136090728,380.0
25%,732.0213475650434,380.0
25%,733.4222815210139,380.0
25%,734.8232154769846,380.0
25%,736.2241494329553,380.0
25%,737.625083388926,380.0
25%,739.0260173448967,380.0
25%,740.4269513008672,380.0
25%,741.8278852568378,380.0
25%,743.2288192128085,380.0
25%,744.6297531687792,380.0
25%,746.0306871247499,380.0
25%,747.4316210807204,380.0
25%,748.8325550366911,380.0
25%,750.2334889926617,380.0
25%,751.6344229486324,380.0
25%,753.0353569046031,380.0
25%,754.4362908605738,380.0
25%,755.8372248165443,380.0
25%,757.238158772515,380.0
25%,758.6390927284856,380.0
25%,760.0400266844563,380.0
25%,761.440960640427,380.0
25%,762.8418945963977,380.0
25%,764.2428285523682,380.0
25%,765.6437625083389,380.0
25%,767.0446964643095,380.0
25%,768.4456304202802,380.0
25%,769.8465643762509,380.0
25%,771.2474983322215,380.0
25%,772.6484322881921,380.0
25%,774.0493662441627,380.0
25%,775.4503002001334,380.0
25%,776.851234156104,380.0
25%,778.2521681120747,380.0
25%,779.6531020680454,380.0
25%,781.054036024016,380.0
25%,782.4549699799866,380.0
25%,783.8559039359573,380.0
25%,785.256837891928,380.0
25%,786.6577718478986,380.0
25%,788.0587058038693,380.0
25%,789.4596397598399,380.0
25%,790.8605737158105,380.0
25%,792.2615076717811,380.0
25%,793.6624416277518,380.0
25%,795.0633755837225,380.0
25%,796.4643095396932,380.0
25%,797.8652434956638,380.0
25%,799.2661774516343,380.0
25%,800.667111407605,380.0
25%,802.0680453635757,380.0
25%,803.4689793195464,380.0
25%,804.869913275517,380.0
25%,806.2708472314877,380.0
25%,807.6717811874582,380.0
25%,809.0727151434289,380.0
25%,810.4736490993996,380.0
25%,811.8745830553703,380.0
25%,813.2755170113409,380.0
25%,814.6764509673116,380.0
25%,816.0773849232821,380.0
25%,817.4783188792528,380.0
25%,818.8792528352235,380.0
25%,820.2801867911942,380.0
25%,821.6811207471648,380.0
25%,823.0820547031354,380.0
25%,824.482988659106,380.0
25%,825.8839226150767,380.0
25%,827.2848565710474,380.0
25%,828.6857905270181,380.0
25%,830.0867244829886,380.0
25%,831.4876584389592,380.0
25%,832.8885923949299,380.0
25%,834.2895263509006,380.0
25%,835.6904603068713,380.0
25%,837.091394262842,380.0
25%,838.4923282188125,380.0
25%,839.8932621747831,380.0
25%,841.2941961307538,380.0
25%,842.6951300867245,380.0
25%,844.0960640426952,380.0
25%,845.4969979986658,380.0
25%,846.8979319546364,380.0
25%,848.298865910607,380.0
25%,849.6997998665777,380.0
25%,851.1007338225484,380.0
25%,852.501667778519,380.0
25%,853.9026017344897,380.0
25%,855.3035356904603,380.0
25%,856.7044696464309,380.0
25%,858.1054036024016,380.0
25%,859.5063375583723,380.0
25%,860.9072715143429,380.0
25%,862.3082054703135,380.0
25%,863.7091394262842,380.0
25%,865.1100733822548,380.0
25%,866.5110073382255,380.0
25%,867.9119412941961,380.0
25%,869.3128752501668,380.0
25%,870.7138092061374,380.0
25%,872.1147431621081,380.0
25%,873.5156771180787,380.0
25%,874.9166110740493,380.00000000000006
25%,876.31754503002,380.00000000000006
25%,877.7184789859907,380.00000000000006
25%,879.1194129419613,380.00000000000006
25%,880.520346897932,380.00000000000006
25%,881.9212808539025,380.0000000000001
25%,883.3222148098732,380.0000000000001
25%,884.7231487658439,380.0000000000001
25%,886.1240827218146,380.00000000000017
25%,887.5250166777852,380.0000000000002
25%,888.9259506337557,380.0000000000003
25%,890.3268845897264,380.00000000000034
25%,891.7278185456971,380.0000000000004
25%,893.1287525016678,380.0000000000005
25%,894.5296864576385,380.0000000000006
25%,895.9306204136091,380.0000000000008
25%,897.3315543695796,380.00000000000097
25%,898.7324883255503,380.0000000000012
25%,900.133422281521,380.0000000000015
25%,901.5343562374917,380.00000000000176
25%,902.9352901934624,380.0000000000022
25%,904.336224149433,380.00000000000273
25%,905.7371581054035,380.00000000000335
25%,907.1380920613742,380.0000000000041
25%,908.5390260173449,380.000000000005
25%,909.9399599733156,380.00000000000614
25%,911.3408939292862,380.00000000000756
25%,912.7418278852568,380.0000000000092
25%,914.1427618412275,380.0000000000113
25%,915.5436957971981,380.0000000000138
25%,916.9446297531688,380.0000000000169
25%,918.3455637091395,380.00000000002063
25%,919.74649766511,380.00000000002524
25%,921.1474316210807,380.00000000003075
25%,922.5483655770514,380.0000000000375
25%,923.949299533022,380.0000000000457
25%,925.3502334889927,380.00000000005565
25%,926.7511674449632,380.00000000006776
25%,928.1521014009339,380.00000000008237
25%,929.5530353569046,380.0000000001001
25%,930.9539693128752,380.0000000001216
25%,932.3549032688459,380.00000000014757
25%,933.7558372248166,380.000000000179
25%,935.1567711807871,380.000000000217
25%,936.5577051367578,380.0000000002629
25%,937.9586390927285,380.00000000031827
25%,939.3595730486991,380.00000000038506
25%,940.7605070046698,380.0000000004656
25%,942.1614409606404,380.0000000005626
25%,943.562374916611,380.0000000006793
25%,944.9633088725817,380.0000000008197
25%,946.3642428285524,380.0000000009885
25%,947.765176784523,380.0000000011913
25%,949.1661107404937,380.0000000014348
25%,950.5670446964643,380.0000000017269
25%,951.9679786524349,380.0000000020771
25%,953.3689126084056,380.00000000249673
25%,954.7698465643763,380.00000000299923
25%,956.1707805203469,380.00000000360046
25%,957.5717144763175,380.0000000043195
25%,958.9726484322882,380.00000000517866
25%,960.3735823882588,380.00000000620474
25%,961.7745163442295,380.0000000074293
25%,963.1754503002002,380.0000000088898
25%,964.5763842561707,380.0000000106305
25%,965.9773182121414,380.00000001270377
25%,967.3782521681121,380.00000001517157
25%,968.7791861240827,380.00000001810696
25%,970.1801200800534,380.00000002159635
25%,971.581054036024,380.00000002574143
25%,972.9819879919946,380.0000000306622
25%,974.3829219479653,380.0000000364999
25%,975.783855903936,380.00000004342087
25%,977.1847898599066,380.0000000516207
25%,978.5857238158773,380.00000006132916
25%,979.9866577718478,380.0000000728163
25%,981.3875917278185,380.000000086399
25%,982.7885256837892,380.0000001024487
25%,984.1894596397598,380.0000001214012
25%,985.5903935957305,380.00000014376644
25%,986.9913275517011,380.0000001701415
25%,988.3922615076717,380.0000002012247
25%,989.7931954636424,380.0000002378321
25%,991.1941294196131,380.000000280917
25%,992.5950633755837,380.0000003315917
25%,993.9959973315543,380.0000003911539
25%,995.396931287525,380.0000004611156
25%,996.7978652434956,380.00000054323806
25%,998.1987991994663,380.00000063957106
25%,999.599733155437,380.0000007524985
25%,1001.0006671114076,380.00000088479106
25%,1002.4016010673782,380.0000010396664
25%,1003.8025350233489,380.00000122085913
25%,1005.2034689793195,380.00000143270023
25%,1006.6044029352902,380.0000016802091
25%,1008.0053368912609,380.0000019691988
25%,1009.4062708472314,380.00000230639677
25%,1010.8072048032021,380.0000026995832
25%,1012.2081387591728,380.00000315774923
25%,1013.6090727151434,380.00000369127827
25%,1015.0100066711141,380.00000431215307
25%,1016.4109406270848,380.0000050341921
25%,1017.8118745830553,380.0000058733195
25%,1019.212808539026,380.000006847873
25%,1020.6137424949967,380.0000079789547
25%,1022.0146764509673,380.0000092908304
25%,1023.415610406938,380.00001081138413
25%,1024.8165443629086,380.00001257263455
25%,1026.2174783188793,380.0000146113222
25%,1027.61841227485,380.0000169695752
25%,1029.0193462308207,380.00001969566534
25%,1030.4202801867912,380.00002284486374
25%,1031.8212141427618,380.0000264804108
25%,1033.2221480987325,380.00003067461313
25%,1034.623082054703,380.00003551008405
25%,1036.0240160106737,380.00004108114473
25%,1037.4249499666444,380.00004749540597
25%,1038.825883922615,380.00005487555194
25%,1040.2268178785857,380.00006336135107
25%,1041.6277518345564,380.00007311191973
25%,1043.028685790527,380.0000843082696
25%,1044.4296197464978,380.0000971561719
25%,1045.8305537024683,380.00011188937384
25%,1047.231487658439,380.00012877321035
25%,1048.6324216144096,380.0001481086531
25%,1050.03335557038,380.00017023684916
25%,1051.4342895263508,380.00019554420174
25%,1052.8352234823215,380.000224468055
25%,1054.2361574382921,380.00025750304826
25%,1055.6370913942628,380.00029520821295
25%,1057.0380253502335,380.0003382148929
25%,1058.4389593062042,380.0003872355755
25%,1059.8398932621749,380.0004430737302
25%,1061.2408272181456,380.000506634761
25%,1062.641761174116,380.0005789381873
25%,1064.0426951300867,380.0006611311808
25%,1065.4436290860574,380.00075450359554
25%,1066.8445630420279,380.0008605046422
25%,1068.2454969979985,380.00098076137033
25%,1069.6464309539692,380.0011170991369
25%,1071.04736490994,380.00127156425543
25%,1072.4482988659106,380.0014464490355
25%,1073.8492328218813,380.0016443194416
25%,1075.250166777852,380.0018680456176
25%,1076.6511007338227,380.0021208355453
25%,1078.0520346897933,380.00240627212463
25%,1079.4529686457638,380.0027283539878
25%,1080.8539026017345,380.0030915403833
25%,1082.2548365577052,380.0035008004911
25%,1083.6557705136756,380.0039616675572
25%,1085.0567044696463,380.00448029826435
25%,1086.457638425617,380.005063537788
25%,1087.8585723815877,380.00571899101254
25%,1089.2595063375584,380.0064551004232
25%,1090.660440293529,380.007281231217
25%,1092.0613742494997,380.0082077642167
25%,1093.4623082054704,380.00924619720644
25%,1094.863242161441,380.0104092553482
25%,1096.2641761174116,380.01171101137754
25%,1097.6651100733823,380.0131670163195
25%,1099.0660440293527,380.01479444150675
25%,1100.4669779853234,380.0166122327271
25%,1101.867911941294,380.0186412773725
25%,1103.2688458972648,380.0209045855048
25%,1104.6697798532355,380.0234274858017
25%,1106.0707138092062,380.0262378373919
25%,1107.4716477651768,380.0293662586351
25%,1108.8725817211475,380.0328463739477
25%,1110.2735156771182,380.0367150798218
25%,1111.6744496330887,380.0410128312311
25%,1113.0753835890594,380.04578394965773
25%,1114.47631754503,380.0510769540201
25%,1115.8772515010005,380.0569449158199
25%,1117.2781854569712,380.0634458398631
25%,1118.6791194129419,380.07064307194776
25%,1120.0800533689126,380.078605734938
25%,1121.4809873248832,380.08740919467346
25%,1122.881921280854,380.0971355571845
25%,1124.2828552368246,380.1078741986984
25%,1125.6837891927953,380.1197223299335
25%,1127.084723148766,380.13278559617936
25%,1128.4856571047364,380.1471787146581
25%,1129.8865910607071,380.1630261506455
25%,1131.2875250166778,380.18046283381005
25%,1132.6884589726483,380.19963491619103
25%,1134.089392928619,380.22070057319524
25%,1135.4903268845896,380.2438308489303
25%,1136.8912608405603,380.26921054712386
25%,1138.292194796531,380.29703916879237
25%,1139.6931287525017,380.3275318977206
25%,1141.0940627084724,380.36092063469835
25%,1142.494996664443,380.39745508132364
25%,1143.8959306204138,380.4374038740315
25%,1145.2968645763842,380.48105576883245
25%,1146.697798532355,380.5287208770557
25%,1148.0987324883254,380.5807319521753
25%,1149.499666444296,380.6374457275655
25%,1150.9006004002667,380.6992443047711
25%,1152.3015343562374,380.7665365915994
25%,1153.702468312208,380.83975978903345
25%,1155.1034022681788,380.91938092563925
25%,1156.5043362241495,381.00589843778357
25%,1157.9052701801202,381.09984379360026
25%,1159.3062041360909,381.20178315824086
25%,1160.7071380920613,381.3123190975135
25%,1162.108072048032,381.432092316564
25%,1163.5090060040027,381.5617834297713
25%,1164.9099399599731,381.7021147575328
25%,1166.3108739159438,381.8538521450874
25%,1167.7118078719145,382.0178067979815
25%,1169.1127418278852,382.1948371282155
25%,1170.513675783856,382.38585060452726
25%,1171.9146097398266,382.5918055996648
25%,1173.3155436957973,382.8137132268893
25%,1174.716477651768,383.05263915732013
25%,1176.1174116077386,383.3097054090979
25%,1177.518345563709,383.5860920987004
25%,1178.9192795196798,383.88303914410074
25%,1180.3202134756505,384.20184790881234
25%,1181.721147431621,384.5438827752281
25%,1183.1220813875916,384.9105726350308
25%,1184.5230153435623,385.30341228383395
25%,1185.923949299533,385.7239637066194
25%,1187.3248832555037,386.1738572399604
25%,1188.7258172114744,386.65479259647856
25%,1190.126751167445,387.1685397364706
25%,1191.5276851234157,387.7169395711766
25%,1192.9286190793864,388.3019044817375
25%,1194.3295530353569,388.9254186375212
25%,1195.7304869913276,389.5895380971911
25%,1197.1314209472982,390.2963906756435
25%,1198.5323549032687,391.0481755597741
25%,1199.9332888592394,391.84716265594017
25%,1201.33422281521,392.69569165197714
25%,1202.7351567711808,393.5961707767185
25%,1204.1360907271514,394.5510752401453
25%,1205.5370246831221,395.5629453375826
25%,1206.9379586390928,396.6343842017563
25%,1208.3388925950635,397.7680551870332
25%,1209.739826551034,398.96667887080156
25%,1211.1407605070046,400.2330296577051
25%,1212.5416944629753,401.56993197332497
25%,1213.9426284189458,402.98025603492806
25%,1215.3435623749165,404.46691318804596
25%,1216.7444963308872,406.0328507989385
25%,1218.1454302868578,407.68104669442835
25%,1219.5463642428285,409.41450314215376
25%,1220.9472981987992,411.2362403659935
25%,1222.34823215477,413.1492895932612
25%,1223.7491661107406,415.1566856322409
25%,1225.1501000667113,417.2614589807456
25%,1226.5510340226817,419.4666274686135
25%,1227.9519679786524,421.7751874394172
25%,1229.352901934623,424.1901044791215
25%,1230.7538358905936,426.7143037020188
25%,1232.1547698465642,429.3506596069317
25%,1233.555703802535,432.10198551943523
25%,1234.9566377585056,434.97102263870084
25%,1236.3575717144763,437.9604287104472
25%,1237.758505670447,441.07276635044377
25%,1239.1594396264177,444.3104910459912
25%,1240.5603735823884,447.6759388658044
25%,1241.961307538359,451.17131391172796
25%,1243.3622414943295,454.7986755486956
25%,1244.7631754503002,458.5599254523024
25%,1246.1641094062709,462.45679451623874
25%,1247.5650433622413,466.4908296646746
25%,1248.965977318212,470.6633806173917
25%,1250.3669112741827,474.9755866580644
25%,1251.7678452301534,479.42836345857603
25%,1253.168779186124,484.02239001454495
25%,1254.5697131420948,488.7580957493721
25%,1255.9706470980655,493.63564784603983
25%,1257.3715810540361,498.6549388675933
25%,1258.7725150100066,503.8155747286835
25%,1260.1734489659773,509.11686308175365
25%,1261.574382921948,514.5578021823293
25%,1262.9753168779184,520.1370702985126
25%,1264.3762508338891,525.8530157300379
25%,1265.7771847898598,531.7036475021996
25%,1267.1781187458305,537.6866267995878
25%,1268.5790527018012,543.7992592037847
25%,1269.9799866577719,550.0384877980639
25%,1271.3809206137425,556.4008872006216
25%,1272.7818545697132,562.8826585859852
25%,1274.182788525684,569.4796257519573
25%,1275.5837224816544,576.1872322867932
25%,1276.984656437625,583.0005398882525
25%,1278.3855903935957,589.9142278827064
25%,1279.7865243495662,596.9225939886949
25%,1281.187458305537,604.0195563651093
25%,1282.5883922615076,611.1986569796316
25%,1283.9893262174783,618.4530663281946
25%,1285.390260173449,625.775589530986
25%,1286.7911941294196,633.1586738250122
25%,1288.1921280853903,640.5944174674357
25%,1289.593062041361,648.074580057837
25%,1290.9939959973317,655.5905942812673
25%,1292.3949299533022,663.1335790674709
25%,1293.7958639092728,670.6943541550127
25%,1295.1967978652435,678.2634560422338
25%,1296.597731821214,685.8311553001304
25%,1297.9986657771847,693.387475215271
25%,1299.3995997331554,700.9222117239234
25%,1300.800533689126,708.4249545916629
25%,1302.2014676450967,715.88510978583
25%,1303.6024016010674,723.2919229814745
25%,1305.003335557038,730.634504134802
25%,1306.4042695130088,737.901853051735
25%,1307.8052034689795,745.0828858730075
25%,1309.20613742495,752.1664623913184
25%,1310.6070713809206,759.1414141104797
25%,1312.008005336891,765.9965729512479
25%,1313.4089392928618,772.7208005037353
25%,1314.8098732488324,779.3030177218318
25%,1316.2108072048031,785.732234951194
25%,1317.6117411607738,791.9975821788678
25%,1319.0126751167445,798.0883393897263
25%,1320.4136090727152,803.9939669125318
25%,1321.8145430286859,809.7041356366491
25%,1323.2154769846566,815.2087569792496
25%,1324.616410940627,820.4980124822652
25%,1326.0173448965977,825.5623829184078
25%,1327.4182788525684,830.392676786231
25%,1328.8192128085389,834.9800580755576
25%,1330.2201467645095,839.3160731865273
25%,1331.6210807204802,843.3926768881139
25%,1333.022014676451,847.2022572051932
25%,1334.4229486324216,850.7376591270515
25%,1335.8238825883923,853.9922070346666
25%,1337.224816544363,856.9597257490965
25%,1338.6257505003337,859.6345601088681
25%,1340.0266844563043,862.0115929903485
25%,1341.4276184122748,864.0862616916604
25%,1342.8285523682455,865.854572607742
25%,1344.2294863242162,867.3131141316139
25%,1345.6304202801866,868.4590677247578
25%,1347.0313542361573,869.2902171076931
25%,1348.432288192128,869.804955530295
25%,1349.8332221480987,870.0022910901274
25%,1351.2341561040694,869.8818500759477
25%,1352.63509006004,869.4438783226014
25%,1354.0360240160107,868.6892405726505
25%,1355.4369579719814,867.6194178492492
25%,1356.8378919279521,866.2365028539394
25%,1358.2388258839226,864.5431934121178
25%,1359.6397598398933,862.5427839978838
25%,1361.040693795864,860.2391553787783
25%,1362.4416277518344,857.6367624294613
25%,1363.842561707805,854.7406201716905
25%,1365.2434956637758,851.556288105912
25%,1366.6444296197465,848.089852907386
25%,1368.0453635757171,844.3479095669579
25%,1369.4462975316878,840.3375410633411
25%,1370.8472314876585,836.0662966600298
25%,1372.2481654436292,831.5421689257201
25%,1373.6490993995997,826.7735695823014
25%,1375.0500333555703,821.7693042891183
25%,1376.450967311541,816.5385464762393
25%,1377.8519012675115,811.090810342868
25%,1379.2528352234822,805.4359231398415
25%,1380.6537691794529,799.583996857315
25%,1382.0547031354236,793.5453994402204
25%,1383.4556370913942,787.3307256549729
25%,1384.856571047365,780.9507677311019
25%,1386.2575050033356,774.416485901071
25%,1387.6584389593063,767.7389789604915
25%,1389.059372915277,760.9294549692783
25%,1390.4603068712474,753.9992022120243
25%,1391.8612408272181,746.9595605330167
25%,1393.2621747831888,739.8218931579461
25%,1394.6631087391593,732.5975591103804
25%,1396.06404269513,725.2978863266841
25%,1397.4649766511006,717.9341455681481
25%,1398.8659106070713,710.5175252237391
25%,1400.266844563042,703.0591070911565
25%,1401.6677785190127,695.5698432177743
25%,1403.0687124749834,688.0605338766044
25%,1404.469646430954,680.5418067457089
25%,1405.8705803869248,673.0240973525165
25%,1407.2715143428952,665.5176308373265
25%,1408.672448298866,658.0324050829391
25%,1410.0733822548366,650.5781752499046
25%,1411.474316210807,643.1644397492977
25%,1412.8752501667777,635.8004276773576
25%,1414.2761841227484,628.4950877287268
25%,1415.677118078719,621.2570785974212
25%,1417.0780520346898,614.0947608671929
25%,1418.4789859906605,607.0161903855158
25%,1419.8799199466312,600.0291131081739
25%,1421.2808539026018,593.1409613943193
25%,1422.6817878585723,586.3588517249717
25%,1424.082721814543,579.6895838112515
25%,1425.4836557705137,573.1396410522328
25%,1426.8845897264844,566.7151922961251
25%,1428.285523682455,560.4220948526862
25%,1429.6864576384255,554.2658986992234
25%,1431.0873915943962,548.2518518173583
25%,1432.4883255503669,542.384906592922
25%,1433.8892595063376,536.6697272068571
25%,1435.2901934623083,531.1106979409643
25%,1436.691127418279,525.7119323186328
25%,1438.0920613742494,520.4772829974256
25%,1439.49299533022,515.4103523275226
25%,1440.8939292861908,510.51450348759477
25%,1442.2948632421615,505.79287210763397
25%,1443.6957971981321,501.24837828668944
25%,1445.0967311541028,496.88373891228065
25%,1446.4976651100733,492.7014801875194
25%,1447.898599066044,488.70395027165534
25%,1449.2995330220147,484.8933319398907
25%,1450.7004669779853,481.2716551688254
25%,1452.101400933956,477.8408095548809
25%,1453.5023348899265,474.60255647441807
25%,1454.9032688458972,471.55854089606265
25%,1456.3042028018679,468.71030275796574
25%,1457.7051367578385,466.05928782531464
25%,1459.1060707138092,463.6068579464349
25%,1460.50700466978,461.3543006292017
25%,1461.9079386257504,459.30283786326004
25%,1463.308872581721,457.4536341176906
25%,1464.7098065376917,455.8078034482758
25%,1466.1107404936624,454.36641565336294
25%,1467.5116744496331,453.130501422531
25%,1468.9126084056038,452.1010564277822
25%,1470.3135423615743,451.27904431281667
25%,1471.714476317545,450.66539854207645
25%,1473.1154102735156,450.2610230776607
25%,1474.5163442294863,450.06679185887646
25%,1475.917278185457,450.08354706611175
25%,1477.3182121414277,450.31209615784087
25%,1478.7191460973982,450.75320767690476
25%,1480.1200800533688,451.4076058297067
25%,1481.5210140093395,452.27596384959975
25%,1482.9219479653102,453.3588961635065
25%,1484.322881921281,454.65694938863794
25%,1485.7238158772516,456.17059219407344
25%,1487.124749833222,457.9002040698544
25%,1488.5256837891927,459.84606305412785
25%,1489.9266177451634,462.0083324766749
25%,1491.327551701134,464.3870467848801
25%,1492.7284856571048,466.9820965257391
25%,1494.1294196130755,469.7932125648813
25%,1495.530353569046,472.8199496306997
25%,1496.9312875250166,476.0616692785299
25%,1498.3322214809873,479.51752237631723
25%,1499.733155436958,483.1864312193508
25%,1501.1340893929287,487.0670713873243
25%,1502.5350233488994,491.15785346220736
25%,1503.9359573048698,495.4569047300973
25%,1505.3368912608405,499.962050994338
25%,1506.7378252168112,504.670798630675
25%,1508.1387591727819,509.5803170180662
25%,1509.5396931287526,514.6874214808674
25%,1510.940627084723,519.9885568795027
25%,1512.3415610406937,525.4797819873257
25%,1513.7424949966644,531.1567547911426
25%,1515.143428952635,537.0147188518342
25%,1516.5443629086058,543.0484908595623
25%,1517.9452968645764,549.2524495152466
25%,1519.346230820547,555.6205258662837
25%,1520.7471647765176,562.1461952198739
25%,1522.1480987324883,568.8224707517734
25%,1523.549032688459,575.6418989219039
25%,1524.9499666444297,582.5965568009015
25%,1526.3509006004003,589.6780514035177
25%,1527.7518345563708,596.877521115751
25%,1529.1527685123415,604.185639292747
25%,1530.5537024683122,611.5926200938661
25%,1531.9546364242829,619.088226610014
25%,1533.3555703802535,626.6617813262772
25%,1534.7565043362242,634.3021789503064
25%,1536.1574382921947,641.9979016237146
25%,1537.5583722481654,649.7370365201348
25%,1538.959306204136,657.5072958195358
25%,1540.3602401601067,665.296039034115
25%,1541.7611741160774,673.0902976465048
25%,1543.162108072048,680.8768020064142
25%,1544.5630420280186,688.6420104171325
25%,1545.9639759839893,696.372140328758
25%,1547.36490993996,704.0532015405762
25%,1548.7658438959306,711.6710313009512
25%,1550.1667778519013,719.2113311793305
25%,1551.567711807872,726.6597055717787
25%,1552.9686457638425,734.0017016888318
25%,1554.3695797198131,741.2228508625707
25%,1555.7705136757838,748.3087109986861
25%,1557.1714476317545,755.2449099891433
25%,1558.5723815877252,762.0171898917962
25%,1559.9733155436957,768.611451675182
25%,1561.3742494996663,775.0138003197183
25%,1562.775183455637,781.2105900607271
25%,1564.1761174116077,787.1884695542342
25%,1565.5770513675784,792.9344267432791
25%,1566.977985323549,798.4358332006877
25%,1568.3789192795196,803.6804877238421
25%,1569.7798532354902,808.6566589580248
25%,1571.180787191461,813.3531268273426
25%,1572.5817211474316,817.7592225561839
25%,1573.9826551034023,821.8648670694402
25%,1575.383589059373,825.6606075664922
25%,1576.7845230153434,829.1376520720451
25%,1578.1854569713141,832.2879017763394
25%,1579.5863909272848,835.1039809879588
25%,1580.9873248832555,837.5792645343815
25%,1582.3882588392262,839.707902458447
25%,1583.7891927951969,841.4848418730119
25%,1585.1901267511673,842.9058458510995
25%,1586.591060707138,843.9675092447488
25%,1587.9919946631087,844.667271342392
25%,1589.3929286190794,845.0034252918613
25%,1590.79386257505,844.9751242338835
25%,1592.1947965310208,844.5823841090796
25%,1593.5957304869912,843.8260831198825
25%,1594.996664442962,842.7079578473214
25%,1596.3975983989326,841.2305960411404
25%,1597.7985323549033,839.3974261201005
25%,1599.199466310874,837.2127034374394
25%,1600.6004002668446,834.6814933841795
25%,1602.001334222815,831.8096514201839
25%,1603.4022681787858,828.603800139425
25%,1604.8032021347565,825.0713034917554
25%,1606.2041360907272,821.2202382984148
25%,1607.6050700466978,817.0593632125185
25%,1609.0060040026685,812.5980852887191
25%,1610.406937958639,807.8464243380433
25%,1611.8078719146097,802.8149752545182
25%,1613.2088058705804,797.5148685095451
25%,1614.609739826551,791.9577290179745
25%,1616.0106737825217,786.1556335865084
25%,1617.4116077384922,780.1210671602892
25%,1618.8125416944629,773.8668780873761
25%,1620.2134756504336,767.4062326232378
25%,1621.6144096064043,760.7525688983408
25%,1623.015343562375,753.9195505715401
25%,1624.4162775183456,746.9210203901448
25%,1625.817211474316,739.7709538743974
25%,1627.2181454302868,732.4834133396372
25%,1628.6190793862575,725.0725024637468
25%,1630.0200133422281,717.5523216005419
25%,1631.4209472981988,709.9369240318075
25%,1632.8218812541695,702.2402733416156
25%,1634.22281521014,694.4762020865714
25%,1635.6237491661107,686.6583719247751
25%,1637.0246831220813,678.8002353546808
25%,1638.425617078052,670.9149992027085
25%,1639.8265510340227,663.0155899856393
25%,1641.2274849899934,655.1146212604857
25%,1642.6284189459639,647.2243630608551
25%,1644.0293529019345,639.356713504879
25%,1645.4302868579052,631.5231726457286
25%,1646.831220813876,623.734818621557
25%,1648.2321547698466,616.0022861476807
25%,1649.6330887258173,608.3357473798477
25%,1651.0340226817877,600.7448951637707
25%,1652.4349566377584,593.2389286727251
25%,1653.8358905937291,585.8265414220976
25%,1655.2368245496998,578.5159116372605
25%,1656.6377585056705,571.314694939295
25%,1658.0386924616412,564.2300193017799
25%,1659.4396264176116,557.2684822212718
25%,1660.8405603735823,550.436150034227
25%,1662.241494329553,543.7385593040393
25%,1663.6424282855237,537.180720193536
25%,1665.0433622414944,530.7671217308568
25%,1666.444296197465,524.5017388700116
25%,1667.8452301534355,518.3880412416815
25%,1669.2461641094062,512.4290034849554
25%,1670.647098065377,506.62711704671347
25%,1672.0480320213476,500.9844033322016
25%,1673.4489659773183,495.5024280880847
25%,1674.8498999332887,490.18231689778656
25%,1676.2508338892594,485.02477166826384
25%,1677.65176784523,480.0300879874875
25%,1679.0527018012008,475.1981732327226
25%,1680.4536357571715,470.5285653112643
25%,1681.8545697131422,466.02045191746635
25%,1683.2555036691126,461.67269019270293
25%,1684.6564376250833,457.4838266782595
25%,1686.057371581054,453.4521174550279
25%,1687.4583055370247,449.57554836818247
25%,1688.8592394929954,445.8518552397629
25%,1690.260173448966,442.27854397715714
25%,1691.6611074049365,438.852910490854
25%,1693.0620413609072,435.5720603404586
25%,1694.4629753168779,432.43292803378415
25%,1695.8639092728486,429.4322959097778
25%,1697.2648432288192,426.5668125421089
25%,1698.66577718479,423.8330106063364
25%,1700.0667111407604,421.2273241596846
25%,1701.467645096731,418.7461052885139
25%,1702.8685790527018,416.38564008457485
25%,1704.2695130086724,414.1421639169891
25%,1705.6704469646431,412.01187597264277
25%,1707.0713809206138,409.99095304321565
25%,1708.4723148765843,408.0755625424148
25%,1709.873248832555,406.2618747420918
25%,1711.2741827885256,404.54607422079135
25%,1712.6751167444963,402.924370522862
25%,1714.076050700467,401.3930080305864
25%,1715.4769846564377,399.9482750557976
25%,1716.8779186124082,398.5865121611717
25%,1718.2788525683789,397.3041197247936
25%,1719.6797865243495,396.09756476469823
25%,1721.0807204803202,394.96338704287126
25%,1722.481654436291,393.89820447068485
25%,1723.8825883922616,392.8987178399126
25%,1725.283522348232,391.9617149053532
25%,1726.6844563042027,391.08407384667805
25%,1728.0853902601734,390.26276613843106
25%,1729.486324216144,389.4948588581458
25%,1730.8872581721148,388.7775164633322
25%,1732.2881921280853,388.10800206862353
25%,1733.689126084056,387.4836782546872
25%,1735.0900600400266,386.90200744060076
25%,1736.4909939959973,386.3605518512916
25%,1737.891927951968,385.85697311135726
25%,1739.2928619079387,385.38903149613117
25%,1740.6937958639091,384.9545848702571
25%,1742.0947298198798,384.5515873432976
25%,1743.4956637758505,384.17808767104896
25%,1744.8965977318212,383.8322274302678
25%,1746.297531687792,383.5122389934726
25%,1747.6984656437626,383.21644332935176
25%,1749.099399599733,382.9432476531276
25%,1750.5003335557037,382.69114294998957
25%,1751.9012675116744,382.4587013934403
25%,1753.302201467645,382.2445736791036
25%,1754.7031354236158,382.04748629323507
25%,1756.1040693795865,381.8662387338655
25%,1757.505003335557,381.6997007012002
25%,1758.9059372915276,381.54680927260705
25%,1760.3068712474983,381.4065660762548
25%,1761.707805203469,381.27803447622
25%,1763.1087391594397,381.1603367806762
25%,1764.5096731154104,381.05265148360513
25%,1765.9106070713808,380.95421054934957
25%,1767.3115410273515,380.86429674824234
25%,1768.7124749833222,380.7822410505248
25%,1770.1134089392929,380.7074200847858
25%,1771.5143428952636,380.63925366623283
25%,1772.9152768512342,380.57720239924066
25%,1774.3162108072047,380.52076535780805
25%,1775.7171447631754,380.4694778468018
25%,1777.118078719146,380.4229092461647
25%,1778.5190126751168,380.38066093962016
25%,1779.9199466310874,380.3423643288143
25%,1781.320880587058,380.30767893329926
25%,1782.7218145430286,380.276290576273
25%,1784.1227484989993,380.24790965555235
25%,1785.52368245497,380.2222694988653
25%,1786.9246164109406,380.19912480220296
25%,1788.3255503669113,380.178250149668
25%,1789.7264843228818,380.1594386129912
25%,1791.1274182788525,380.14250042866837
25%,1792.5283522348232,380.12726175047436
25%,1793.9292861907938,380.1135634749594
25%,1795.3302201467645,380.10126013740506
25%,1796.7311541027352,380.0902188756209
25%,1798.1320880587057,380.08031845889195
25%,1799.5330220146764,380.0714483793391
25%,1800.933955970647,380.063508002927
25%,1802.3348899266177,380.0564057773509
25%,1803.7358238825884,380.05005849403904
25%,1805.136757838559,380.0443906015366
25%,1806.5376917945296,380.03933356757364
25%,1807.9386257505003,380.03482528717205
25%,1809.339559706471,380.03080953420334
25%,1810.7404936624416,380.0272354538826
25%,1812.1414276184123,380.0240570937555
25%,1813.542361574383,380.0212329708201
25%,1814.9432955303535,380.01872567250854
25%,1816.3442294863241,380.01650148934596
25%,1817.7451634422948,380.0145300771941
25%,1819.1460973982655,380.0127841470805
25%,1820.5470313542362,380.01123918071096
25%,1821.9479653102069,380.009873169853
25%,1823.3488992661773,380.00866637787624
25%,1824.749833222148,380.0076011218255
25%,1826.1507671781187,380.00666157349264
25%,1827.5517011340894,380.00583357804663
25%,1828.95263509006,380.0051044888602
25%,1830.3535690460308,380.0044630172642
25%,1831.7545030020012,380.0038990960344
25%,1833.155436957972,380.00340375549746
25%,1834.5563709139426,380.0029690112165
25%,1835.9573048699133,380.002587762288
25%,1837.358238825884,380.00225369934986
25%,1838.7591727818544,380.00196122146576
25%,1840.1601067378251,380.0017053611116
25%,1841.5610406937958,380.00148171654826
25%,1842.9619746497665,380.0012863909198
25%,1844.3629086057372,380.0011159374675
25%,1845.7638425617079,380.0009673102979
25%,1847.1647765176783,380.0008378201902
25%,1848.565710473649,380.0007250949683
25%,1849.9666444296197,380.0006270440042
25%,1851.3675783855904,380.0005418264555
25%,1852.768512341561,380.0004678228731
25%,1854.1694462975317,380.00040360984946
25%,1855.5703802535022,380.00034793740394
25%,1856.971314209473,380.0002997088314
25%,1858.3722481654436,380.0002579627634
25%,1859.7731821214143,380.00022185721633
25%,1861.174116077385,380.00019065542045
25%,1862.5750500333556,380.0001637132437
25%,1863.975983989326,380.0001404680419
25%,1865.3769179452968,380.00012042878427
25%,1866.7778519012675,380.0001031673166
25%,1868.1787858572382,380.00008831063866
25%,1869.5797198132088,380.00007553408545
25%,1870.9806537691795,380.0000645553119
25%,1872.38158772515,380.0000551289919
25%,1873.7825216811207,380.00004704215155
25%,1875.1834556370914,380.00004011006456
25%,1876.584389593062,380.0000341726457
25%,1877.9853235490327,380.00002909128506
25%,1879.3862575050034,380.0000247460717
25%,1880.7871914609739,380.0000210333615
25%,1882.1881254169446,380.00001786364845
25%,1883.5890593729152,380.00001515970325
25%,1884.989993328886,380.00001285494716
25%,1886.3909272848566,380.00001089203306
25%,1887.7918612408273,380.00000922160814
25%,1889.1927951967978,380.00000780123634
25%,1890.5937291527684,380.0000065944604
25%,1891.9946631087391,380.0000055699866
25%,1893.3955970647098,380.0000047009767
25%,1894.7965310206805,380.00000396443323
25%,1896.197464976651,380.00000334066686
25%,1897.5983989326216,380.00000281283525
25%,1898.9993328885923,380.0000023665434
25%,1900.400266844563,380.00000198949897
25%,1901.8012008005337,380.0000016712138
25%,1903.2021347565044,380.0000014027471
25%,1904.6030687124749,380.00000117648335
25%,1906.0040026684455,380.00000098594177
25%,1907.4049366244162,380.0000008256116
25%,1908.805870580387,380.00000069081125
25%,1910.2068045363576,380.0000005775666
25%,1911.6077384923283,380.0000004825072
25%,1913.0086724482987,380.0000004027769
25%,1914.4096064042694,380.0000003359575
25%,1915.81054036024,380.00000028000335
25%,1917.2114743162108,380.0000002331853
25%,1918.6124082721815,380.0000001940431
25%,1920.0133422281522,380.00000016134453
25%,1921.4142761841226,380.00000013405077
25%,1922.8152101400933,380.0000001112868
25%,1924.216144096064,380.000000092316
25%,1925.6170780520347,380.000000076519
25%,1927.0180120080054,380.00000006337535
25%,1928.418945963976,380.00000005244823
25%,1929.8198799199465,380.0000000433711
25%,1931.2208138759172,380.00000003583676
25%,1932.621747831888,380.0000000295881
25%,1934.0226817878586,380.00000002440976
25%,1935.4236157438293,380.0000000201219
25%,1936.8245496998,380.00000001657423
25%,1938.2254836557704,380.00000001364134
25%,1939.626417611741,380.0000000112186
25%,1941.0273515677118,380.000000009219
25%,1942.4282855236825,380.0000000075698
25%,1943.8292194796531,380.0000000062107
25%,1945.2301534356236,380.0000000050917
25%,1946.6310873915943,380.000000004171
25%,1948.032021347565,380.00000000341413
25%,1949.4329553035357,380.0000000027924
25%,1950.8338892595063,380.0000000022821
25%,1952.234823215477,380.00000000186355
25%,1953.6357571714475,380.0000000015206
25%,1955.0366911274182,380.0000000012398
25%,1956.4376250833889,380.00000000101005
25%,1957.8385590393596,380.00000000082224
25%,1959.2394929953302,380.0000000006688
25%,1960.640426951301,380.0000000005436
25%,1962.0413609072714,380.00000000044145
25%,1963.442294863242,380.0000000003582
25%,1964.8432288192128,380.00000000029047
25%,1966.2441627751834,380.0000000002354
25%,1967.6450967311541,380.00000000019054
25%,1969.0460306871248,380.00000000015416
25%,1970.4469646430953,380.0000000001246
25%,1971.847898599066,380.0000000001006
25%,1973.2488325550366,380.00000000008123
25%,1974.6497665110073,380.0000000000655
25%,1976.050700466978,380.00000000005275
25%,1977.4516344229487,380.0000000000425
25%,1978.8525683789192,380.00000000003416
25%,1980.2535023348898,380.00000000002746
25%,1981.6544362908605,380.00000000002206
25%,1983.0553702468312,380.00000000001774
25%,1984.456304202802,380.0000000000142
25%,1985.8572381587726,380.00000000001137
25%,1987.258172114743,380.0000000000091
25%,1988.6591060707137,380.0000000000073
25%,1990.0600400266844,380.00000000000585
25%,1991.460973982655,380.00000000000466
25%,1992.8619079386258,380.0000000000037
25%,1994.2628418945965,380.00000000000296
25%,1995.663775850567,380.0000000000024
25%,1997.0647098065376,380.0000000000019
25%,1998.4656437625083,380.0000000000015
25%,1999.866577718479,380.0000000000012
25%,2001.2675116744497,380.00000000000097
25%,2002.6684456304201,380.00000000000074
25%,2004.0693795863908,380.00000000000057
25%,2005.4703135423615,380.00000000000045
25%,2006.8712474983322,380.0000000000004
25%,2008.2721814543029,380.0000000000003
25%,2009.6731154102736,380.0000000000002
25%,2011.074049366244,380.00000000000017
25%,2012.4749833222147,380.00000000000017
25%,2013.8759172781854,380.0000000000001
25%,2015.276851234156,380.0000000000001
25%,2016.6777851901268,380.00000000000006
25%,2018.0787191460975,380.00000000000006
25%,2019.479653102068,380.00000000000006
25%,2020.8805870580386,380.00000000000006
25%,2022.2815210140093,380.0
25%,2023.68245496998,380.0
25%,2025.0833889259507,380.0
25%,2026.4843228819213,380.0
25%,2027.8852568378918,380.0
25%,2029.2861907938625,380.0
25%,2030.6871247498332,380.0
25%,2032.0880587058039,380.0
25%,2033.4889926617745,380.0
25%,2034.8899266177452,380.0
25%,2036.2908605737157,380.0
25%,2037.6917945296864,380.0
25%,2039.092728485657,380.0
25%,2040.4936624416277,380.0
25%,2041.8945963975984,380.0
25%,2043.2955303535691,380.0
25%,2044.6964643095396,380.0
25%,2046.0973982655103,380.0
25%,2047.498332221481,380.0
25%,2048.899266177452,380.0
25%,2050.3002001334225,380.0
25%,2051.7011340893932,380.0
25%,2053.1020680453635,380.0
25%,2054.503002001334,380.0
25%,2055.903935957305,380.0
25%,2057.3048699132755,380.0
25%,2058.705803869246,380.0
25%,2060.1067378252164,380.0
25%,2061.507671781187,380.0
25%,2062.908605737158,380.0
25%,2064.3095396931285,380.0
25%,2065.710473649099,380.0
25%,2067.11140760507,380.0
25%,2068.5123415610406,380.0
25%,2069.9132755170112,380.0
25%,2071.314209472982,380.0
25%,2072.7151434289526,380.0
25%,2074.1160773849233,380.0
25%,2075.517011340894,380.0
25%,2076.9179452968647,380.0
25%,2078.3188792528354,380.0
25%,2079.719813208806,380.0
25%,2081.1207471647767,380.0
25%,2082.5216811207474,380.0
25%,2083.922615076718,380.0
25%,2085.3235490326883,380.0
25%,2086.724482988659,380.0
25%,2088.1254169446297,380.0
25%,2089.5263509006004,380.0
25%,2090.927284856571,380.0
25%,2092.3282188125418,380.0
25%,2093.729152768512,380.0
25%,2095.1300867244827,380.0
25%,2096.5310206804534,380.0
25%,2097.931954636424,380.0
25%,2099.3328885923947,380.0
25%,2100.7338225483654,380.0
25%,2102.134756504336,380.0
25%,2103.535690460307,380.0
25%,2104.9366244162775,380.0
25%,2106.337558372248,380.0
25%,2107.738492328219,380.0
25%,2109.1394262841895,380.0
25%,2110.54036024016,380.0
25%,2111.941294196131,380.0
25%,2113.3422281521016,380.0
25%,2114.7431621080723,380.0
25%,2116.144096064043,380.0
25%,2117.545030020013,380.0
25%,2118.945963975984,380.0
25%,2120.3468979319546,380.0
25%,2121.7478318879253,380.0
25%,2123.148765843896,380.0
25%,2124.5496997998666,380.0
25%,2125.950633755837,380.0
25%,2127.3515677118075,380.0
25%,2128.7525016677782,380.0
25%,2130.153435623749,380.0
25%,2131.5543695797196,380.0
25%,2132.9553035356903,380.0
25%,2134.356237491661,380.0
25%,2135.7571714476317,380.0
25%,2137.1581054036023,380.0
25%,2138.559039359573,380.0
25%,2139.9599733155437,380.0
25%,2141.3609072715144,380.0
25%,2142.761841227485,380.0
25%,2144.162775183456,380.0
25%,2145.5637091394265,380.0
25%,2146.964643095397,380.0
25%,2148.365577051368,380.0
25%,2149.7665110073385,380.0
25%,2151.1674449633088,380.0
25%,2152.5683789192794,380.0
25%,2153.96931287525,380.0
25%,2155.370246831221,380.0
25%,2156.7711807871915,380.0
25%,2158.172114743162,380.0
25%,2159.5730486991324,380.0
25%,2160.973982655103,380.0
25%,2162.374916611074,380.0
25%,2163.7758505670445,380.0
25%,2165.176784523015,380.0
25%,2166.577718478986,380.0
25%,2167.9786524349565,380.0
25%,2169.379586390927,380.0
25%,2170.780520346898,380.0
25%,2172.1814543028686,380.0
25%,2173.5823882588393,380.0
25%,2174.98332221481,380.0
25%,2176.3842561707806,380.0
25%,2177.7851901267513,380.0
25%,2179.186124082722,380.0
25%,2180.5870580386927,380.0
25%,2181.9879919946634,380.0
25%,2183.3889259506336,380.0
25%,2184.7898599066043,380.0
25%,2186.190793862575,380.0
25%,2187.5917278185457,380.0
25%,2188.9926617745164,380.0
25%,2190.393595730487,380.0
25%,2191.7945296864573,380.0
25%,2193.195463642428,380.0
25%,2194.5963975983987,380.0
25%,2195.9973315543693,380.0
25%,2197.39826551034,380.0
25%,2198.7991994663107,380.0
25%,2200.2001334222814,380.0
25%,2201.601067378252,380.0
25%,2203.0020013342228,380.0
25%,2204.4029352901935,380.0
25%,2205.803869246164,380.0
25%,2207.204803202135,380.0
25%,2208.6057371581055,380.0
25%,2210.006671114076,380.0
25%,2211.407605070047,380.0
25%,2212.8085390260176,380.0
25%,2214.2094729819883,380.0
25%,2215.610406937959,380.0
25%,2217.011340893929,380.0
25%,2218.4122748499,380.0
25%,2219.8132088058705,380.0
25%,2221.2141427618412,380.0
25%,2222.615076717812,380.0
25%,2224.016010673782,380.0
25%,2225.416944629753,380.0
25%,2226.8178785857235,380.0
25%,2228.218812541694,380.0
25%,2229.619746497665,380.0
25%,2231.0206804536356,380.0
25%,2232.4216144096063,380.0
25%,2233.822548365577,380.0
25%,2235.2234823215476,380.0
25%,2236.6244162775183,380.0
25%,2238.025350233489,380.0
25%,2239.4262841894597,380.0
25%,2240.8272181454304,380.0
25%,2242.228152101401,380.0
25%,2243.6290860573718,380.0
25%,2245.0300200133424,380.0
25%,2246.430953969313,380.0
25%,2247.831887925284,380.0
25%,2249.232821881254,380.0
25%,2250.6337558372247,380.0
25%,2252.0346897931954,380.0
25%,2253.435623749166,380.0
25%,2254.836557705137,380.0
25%,2256.2374916611075,380.0
25%,2257.6384256170777,380.0
25%,2259.0393595730484,380.0
25%,2260.440293529019,380.0
25%,2261.8412274849898,380.0
25%,2263.2421614409604,380.0
25%,2264.643095396931,380.0
25%,2266.044029352902,380.0
25%,2267.4449633088725,380.0
25%,2268.845897264843,380.0
25%,2270.246831220814,380.0
25%,2271.6477651767846,380.0
25%,2273.0486991327552,380.0
25%,2274.449633088726,380.0
25%,2275.8505670446966,380.0
25%,2277.2515010006673,380.0
25%,2278.652434956638,380.0
25%,2280.0533689126087,380.0
25%,2281.454302868579,380.0
25%,2282.8552368245496,380.0
25%,2284.2561707805203,380.0
25%,2285.657104736491,380.0
25%,2287.0580386924617,380.0
25%,2288.4589726484323,380.0
25%,2289.8599066044026,380.0
25%,2291.2608405603733,380.0
25%,2292.661774516344,380.0
25%,2294.0627084723146,380.0
25%,2295.4636424282853,380.0
25%,2296.864576384256,380.0
25%,2298.2655103402267,380.0
25%,2299.6664442961974,380.0
25%,2301.067378252168,380.0
25%,2302.4683122081387,380.0
25%,2303.8692461641094,380.0
25%,2305.27018012008,380.0
25%,2306.671114076051,380.0
25%,2308.0720480320215,380.0
25%,2309.472981987992,380.0
25%,2310.873915943963,380.0
25%,2312.2748498999335,380.0
25%,2313.6757838559042,380.0
25%,2315.0767178118745,380.0
25%,2316.477651767845,380.0
25%,2317.878585723816,380.0
25%,2319.2795196797865,380.0
25%,2320.680453635757,380.0
25%,2322.081387591728,380.0
25%,2323.482321547698,380.0
25%,2324.883255503669,380.0
25%,2326.2841894596395,380.0
25%,2327.68512341561,380.0
25%,2329.086057371581,380.0
25%,2330.4869913275516,380.0
25%,2331.8879252835222,380.0
25%,2333.288859239493,380.0
25%,2334.6897931954636,380.0
25%,2336.0907271514343,380.0
25%,2337.491661107405,380.0
25%,2338.8925950633757,380.0
25%,2340.2935290193464,380.0
25%,2341.694462975317,380.0
25%,2343.0953969312877,380.0
25%,2344.4963308872584,380.0
25%,2345.897264843229,380.0
25%,2347.2981987991993,380.0
25%,2348.69913275517,380.0
25%,2350.1000667111407,380.0
25%,2351.5010006671114,380.0
25%,2352.901934623082,380.0
25%,2354.3028685790528,380.0
25%,2355.703802535023,380.0
25%,2357.1047364909937,380.0
25%,2358.5056704469644,380.0
25%,2359.906604402935,380.0
25%,2361.3075383589057,380.0
25%,2362.7084723148764,380.0
25%,2364.109406270847,380.0
25%,2365.510340226818,380.0
25%,2366.9112741827885,380.0
25%,2368.312208138759,380.0
25%,2369.71314209473,380.0
25%,2371.1140760507005,380.0
25%,2372.515010006671,380.0
25%,2373.915943962642,380.0
25%,2375.3168779186126,380.0
25%,2376.7178118745833,380.0
25%,2378.118745830554,380.0
25%,2379.5196797865246,380.0
25%,2380.920613742495,380.0
25%,2382.3215476984656,380.0
25%,2383.7224816544363,380.0
25%,2385.123415610407,380.0
25%,2386.5243495663776,380.0
25%,2387.925283522348,380.0
25%,2389.3262174783185,380.0
25%,2390.727151434289,380.0
25%,2392.12808539026,380.0
25%,2393.5290193462306,380.0
25%,2394.9299533022013,380.0
25%,2396.330887258172,380.0
25%,2397.7318212141427,380.0
25%,2399.1327551701133,380.0
25%,2400.533689126084,380.0
25%,2401.9346230820547,380.0
25%,2403.3355570380254,380.0
25%,2404.736490993996,380.0
25%,2406.1374249499668,380.0
25%,2407.5383589059375,380.0
25%,2408.939292861908,380.0
25%,2410.340226817879,380.0
25%,2411.7411607738495,380.0
25%,2413.1420947298197,380.0
25%,2414.5430286857904,380.0
25%,2415.943962641761,380.0
25%,2417.344896597732,380.0
25%,2418.7458305537025,380.0
25%,2420.146764509673,380.0
25%,2421.5476984656434,380.0
25%,2422.948632421614,380.0
25%,2424.349566377585,380.0
25%,2425.7505003335555,380.0
25%,2427.151434289526,380.0
25%,2428.552368245497,380.0
25%,2429.9533022014675,380.0
25%,2431.354236157438,380.0
25%,2432.755170113409,380.0
25%,2434.1561040693796,380.0
25%,2435.5570380253503,380.0
25%,2436.957971981321,380.0
25%,2438.3589059372916,380.0
25%,2439.7598398932623,380.0
25%,2441.160773849233,380.0
25%,2442.5617078052037,380.0
25%,2443.9626417611744,380.0
25%,2445.3635757171446,380.0
25%,2446.7645096731153,380.0
25%,2448.165443629086,380.0
25%,2449.5663775850567,380.0
25%,2450.9673115410274,380.0
25%,2452.368245496998,380.0
25%,2453.7691794529687,380.0
25%,2455.1701134089394,380.0
25%,2456.57104736491,380.0
25%,2457.9719813208803,380.0
25%,2459.372915276851,380.0
25%,2460.7738492328217,380.0
25%,2462.1747831887924,380.0
25%,2463.575717144763,380.0
25%,2464.9766511007338,380.0
25%,2466.3775850567044,380.0
25%,2467.778519012675,380.0
25%,2469.179452968646,380.0
25%,2470.5803869246165,380.0
25%,2471.981320880587,380.0
25%,2473.382254836558,380.0
25%,2474.783188792528,380.0
25%,2476.184122748499,380.0
25%,2477.5850567044695,380.0
25%,2478.98599066044,380.0
25%,2480.386924616411,380.0
25%,2481.7878585723815,380.0
25%,2483.188792528352,380.0
25%,2484.589726484323,380.0
25%,2485.9906604402936,380.0
25%,2487.3915943962643,380.0
25%,2488.792528352235,380.0
25%,2490.1934623082057,380.0
25%,2491.594396264176,380.0
25%,2492.9953302201466,380.0
25%,2494.3962641761173,380.0
25%,2495.797198132088,380.0
25%,2497.1981320880586,380.0
25%,2498.5990660440293,380.0
25%,2500.0,380.0
50%,400.0,640.0
50%,401.40093395597063,640.0
50%,402.8018679119413,640.0
50%,404.20280186791194,640.0
50%,405.6037358238826,640.0
50%,407.00466977985326,640.0
50%,408.4056037358239,640.0
50%,409.8065376917945,640.0
50%,411.2074716477652,640.0
50%,412.60840560373583,640.0
50%,414.00933955970646,640.0
50%,415.4102735156771,640.0
50%,416.8112074716478,640.0
50%,418.2121414276184,640.0
50%,419.61307538358903,640.0
50%,421.0140093395597,640.0
50%,422.41494329553035,640.0
50%,423.815877251501,640.0
50%,425.21681120747166,640.0
50%,426.6177451634423,640.0
50%,428.0186791194129,640.0
50%,429.4196130753836,640.0
50%,430.82054703135424,640.0
50%,432.22148098732487,640.0
50%,433.62241494329555,640.0
50%,435.0233488992662,640.0
50%,436.4242828552368,640.0
50%,437.8252168112075,640.0
50%,439.2261507671781,640.0
50%,440.62708472314876,640.0
50%,442.02801867911944,640.0
50%,443.42895263509007,640.0
50%,444.8298865910607,640.0
50%,446.2308205470314,640.0
50%,447.631754503002,640.0
50%,449.03268845897264,640.0
50%,450.4336224149433,640.0
50%,451.83455637091396,640.0
50%,453.2354903268846,640.0
50%,454.6364242828552,640.0
50%,456.0373582388259,640.0
50%,457.43829219479653,640.0
50%,458.83922615076716,640.0
50%,460.24016010673785,640.0
50%,461.6410940627085,640.0
50%,463.0420280186791,640.0
50%,464.44296197464973,640.0
50%,465.8438959306204,640.0
50%,467.24482988659105,640.0
50%,468.6457638425617,640.0
50%,470.04669779853236,640.0
50%,471.447631754503,640.0
50%,472.8485657104736,640.0
50%,474.2494996664443,640.0
50%,475.65043362241494,640.0
50%,477.05136757838557,640.0
50%,478.45230153435625,640.0
50%,479.8532354903269,640.0
50%,481.2541694462975,640.0
50%,482.6551034022682,640.0
50%,484.0560373582388,640.0
50%,485.45697131420945,640.0
50%,486.85790527018014,640.0
50%,488.25883922615077,640.0
50%,489.6597731821214,640.0
50%,491.0607071380921,640.0
50%,492.4616410940627,640.0
50%,493.86257505003334,640.0
50%,495.263509006004,640.0
50%,496.66444296197466,640.0
50%,498.0653769179453,640.0
50%,499.466310873916,640.0
50%,500.8672448298866,640.0
50%,502.26817878585723,640.0
50%,503.6691127418279,640.0
50%,505.07004669779855,640.0
50%,506.4709806537692,640.0
50%,507.8719146097398,640.0
50%,509.2728485657105,640.0
50%,510.6737825216811,640.0
50%,512.0747164776518,640.0
50%,513.4756504336224,640.0
50%,514.8765843895931,640.0
50%,516.2775183455637,640.0
50%,517.6784523015343,640.0
50%,519.079386257505,640.0
50%,520.4803202134757,640.0
50%,521.8812541694463,640.0
50%,523.282188125417,640.0
50%,524.6831220813876,640.0
50%,526.0840560373582,640.0
50%,527.4849899933289,640.0
50%,528.8859239492995,640.0
50%,530.2868579052702,640.0
50%,531.6877918612408,640.0
50%,533.0887258172115,640.0
50%,534.4896597731821,640.0
50%,535.8905937291528,640.0
50%,537.2915276851234,640.0
50%,538.692461641094,640.0
50%,540.0933955970647,640.0
50%,541.4943295530354,640.0
50%,542.895263509006,640.0
50%,544.2961974649767,640.0
50%,545.6971314209472,640.0
50%,547.0980653769179,640.0
50%,548.4989993328886,640.0
50%,549.8999332888593,640.0
50%,551.3008672448299,640.0
50%,552.7018012008006,640.0
50%,554.1027351567711,640.0
50%,555.5036691127418,640.0
50%,556.9046030687125,640.0
50%,558.3055370246832,640.0
50%,559.7064709806538,640.0
50%,561.1074049366244,640.0
50%,562.508338892595,640.0
50%,563.9092728485657,640.0
50%,565.3102068045364,640.0
50%,566.711140760507,640.0
50%,568.1120747164777,640.0
50%,569.5130086724483,640.0
50%,570.9139426284189,640.0
50%,572.3148765843896,640.0
50%,573.7158105403603,640.0
50%,575.1167444963309,640.0
50%,576.5176784523015,640.0
50%,577.9186124082721,640.0
50%,579.3195463642428,640.0
50%,580.7204803202135,640.0
50%,582.1214142761842,640.0
50%,583.5223482321547,640.0
50%,584.9232821881254,640.0
50%,586.324216144096,640.0
50%,587.7251501000667,640.0
50%,589.1260840560374,640.0
50%,590.527018012008,640.0
50%,591.9279519679786,640.0
50%,593.3288859239493,640.0
50%,594.7298198799199,640.0
50%,596.1307538358906,640.0
50%,597.5316877918613,640.0
50%,598.932621747832,640.0
50%,600.3335557038025,640.0
50%,601.7344896597732,640.0
50%,603.1354236157438,640.0
50%,604.5363575717145,640.0
50%,605.9372915276851,640.0
50%,607.3382254836558,640.0
50%,608.7391594396264,640.0
50%,610.1400933955971,640.0
50%,611.5410273515677,640.0
50%,612.9419613075383,640.0
50%,614.342895263509,640.0
50%,615.7438292194796,640.0
50%,617.1447631754503,640.0
50%,618.545697131421,640.0
50%,619.9466310873916,640.0
50%,621.3475650433622,640.0
50%,622.7484989993329,640.0
50%,624.1494329553035,640.0
50%,625.5503669112742,640.0
50%,626.9513008672449,640.0
50%,628.3522348232154,640.0
50%,629.7531687791861,640.0
50%,631.1541027351568,640.0
50%,632.5550366911274,640.0
50%,633.9559706470981,640.0
50%,635.3569046030686,640.0
50%,636.7578385590393,640.0
50%,638.15877251501,640.0
50%,639.5597064709807,640.0
50%,640.9606404269513,640.0
50%,642.361574382922,640.0
50%,643.7625083388925,640.0
50%,645.1634422948632,640.0
50%,646.5643762508339,640.0
50%,647.9653102068046,640.0
50%,649.3662441627752,640.0
50%,650.7671781187458,640.0
50%,652.1681120747164,640.0
50%,653.5690460306871,640.0
50%,654.9699799866578,640.0
50%,656.3709139426285,640.0
50%,657.771847898599,640.0
50%,659.1727818545697,640.0
50%,660.5737158105403,640.0
50%,661.974649766511,640.0
50%,663.3755837224817,640.0
50%,664.7765176784524,640.0
50%,666.1774516344229,640.0
50%,667.5783855903935,640.0
50%,668.9793195463642,640.0
50%,670.3802535023349,640.0
50%,671.7811874583056,640.0
50%,673.1821214142763,640.0
50%,674.5830553702468,640.0
50%,675.9839893262174,640.0
50%,677.3849232821881,640.0
50%,678.7858572381588,640.0
50%,680.1867911941295,640.0
50%,681.5877251501001,640.0
50%,682.9886591060707,640.0
50%,684.3895930620413,640.0
50%,685.790527018012,640.0
50%,687.1914609739827,640.0
50%,688.5923949299533,640.0
50%,689.9933288859239,640.0
50%,691.3942628418946,640.0
50%,692.7951967978652,640.0
50%,694.1961307538359,640.0
50%,695.5970647098065,640.0
50%,696.9979986657772,640.0
50%,698.3989326217478,640.0
50%,699.7998665777185,640.0
50%,701.2008005336891,640.0
50%,702.6017344896597,640.0
50%,704.0026684456304,640.0
50%,705.4036024016011,640.0
50%,706.8045363575717,640.0
50%,708.2054703135424,640.0
50%,709.606404269513,640.0
50%,711.0073382254836,640.0
50%,712.4082721814543,640.0
50%,713.809206137425,640.0
50%,715.2101400933956,640.0
50%,716.6110740493663,640.0
50%,718.0120080053368,640.0
50%,719.4129419613075,640.0
50%,720.8138759172782,640.0
50%,722.2148098732489,640.0
50%,723.6157438292195,640.0
50%,725.01667778519,640.0
50%,726.4176117411607,640.0
50%,727.8185456971314,640.0
50%,729.2194796531021,640.0
50%,730.6204136090728,640.0
50%,732.0213475650434,640.0
50%,733.4222815210139,640.0
50%,734.8232154769846,640.0
50%,736.2241494329553,640.0
50%,737.625083388926,640.0
50%,739.0260173448967,640.0
50%,740.4269513008672,640.0
50%,741.8278852568378,640.0
50%,743.2288192128085,640.0
50%,744.6297531687792,640.0
50%,746.0306871247499,640.0
50%,747.4316210807204,640.0
50%,748.8325550366911,640.0
50%,750.2334889926617,640.0
50%,751.6344229486324,640.0
50%,753.0353569046031,640.0
50%,754.4362908605738,640.0
50%,755.8372248165443,640.0
50%,757.238158772515,640.0
50%,758.6390927284856,640.0
50%,760.0400266844563,640.0
50%,761.440960640427,640.0
50%,762.8418945963977,640.0
50%,764.2428285523682,640.0
50%,765.6437625083389,640.0
50%,767.0446964643095,640.0
50%,768.4456304202802,640.0
50%,769.8465643762509,640.0
50%,771.2474983322215,640.0
50%,772.6484322881921,640.0
50%,774.0493662441627,640.0
50%,775.4503002001334,640.0
50%,776.851234156104,640.0
50%,778.2521681120747,640.0
50%,779.6531020680454,640.0
50%,781.054036024016,640.0
50%,782.4549699799866,640.0
50%,783.8559039359573,640.0
50%,785.256837891928,640.0
50%,786.6577718478986,640.0
50%,788.0587058038693,640.0
50%,789.4596397598399,640.0
50%,790.8605737158105,640.0
50%,792.2615076717811,640.0
50%,793.6624416277518,640.0
50%,795.0633755837225,640.0
50%,796.4643095396932,640.0
50%,797.8652434956638,640.0
50%,799.2661774516343,640.0
50%,800.667111407605,640.0
50%,802.0680453635757,640.0
50%,803.4689793195464,640.0
50%,804.869913275517,640.0
50%,806.2708472314877,640.0
50%,807.6717811874582,640.0
50%,809.0727151434289,640.0
50%,810.4736490993996,640.0
50%,811.8745830553703,640.0
50%,813.2755170113409,640.0
50%,814.6764509673116,640.0
50%,816.0773849232821,640.0
50%,817.4783188792528,640.0
50%,818.8792528352235,640.0
50%,820.2801867911942,640.0
50%,821.6811207471648,640.0
50%,823.0820547031354,640.0
50%,824.482988659106,640.0
50%,825.8839226150767,640.0
50%,827.2848565710474,640.0
50%,828.6857905270181,640.0
50%,830.0867244829886,640.0
50%,831.4876584389592,640.0
50%,832.8885923949299,640.0
50%,834.2895263509006,640.0
50%,835.6904603068713,640.0
50%,837.091394262842,640.0
50%,838.4923282188125,640.0
50%,839.8932621747831,640.0
50%,841.2941961307538,640.0
50%,842.6951300867245,640.0
50%,844.0960640426952,640.0
50%,845.4969979986658,640.0
50%,846.8979319546364,640.0
50%,848.298865910607,640.0
50%,849.6997998665777,640.0
50%,851.1007338225484,640.0
50%,852.501667778519,640.0
50%,853.9026017344897,640.0
50%,855.3035356904603,640.0
50%,856.7044696464309,640.0
50%,858.1054036024016,640.0
50%,859.5063375583723,640.0
50%,860.9072715143429,640.0
50%,862.3082054703135,640.0
50%,863.7091394262842,640.0
50%,865.1100733822548,640.0
50%,866.5110073382255,640.0
50%,867.9119412941961,640.0
50%,869.3128752501668,640.0
50%,870.7138092061374,640.0
50%,872.1147431621081,640.0
50%,873.5156771180787,640.0
50%,874.9166110740493,640.0
50%,876.31754503002,640.0
50%,877.7184789859907,640.0
50%,879.1194129419613,640.0
50%,880.520346897932,640.0000000000001
50%,881.9212808539025,640.0000000000001
50%,883.3222148098732,640.0000000000001
50%,884.7231487658439,640.0000000000001
50%,886.1240827218146,640.0000000000001
50%,887.5250166777852,640.0000000000002
50%,888.9259506337557,640.0000000000002
50%,890.3268845897264,640.0000000000003
50%,891.7278185456971,640.0000000000003
50%,893.1287525016678,640.0000000000005
50%,894.5296864576385,640.0000000000006
50%,895.9306204136091,640.0000000000007
50%,897.3315543695796,640.0000000000009
50%,898.7324883255503,640.0000000000011
50%,900.133422281521,640.0000000000014
50%,901.5343562374917,640.0000000000017
50%,902.9352901934624,640.000000000002
50%,904.336224149433,640.0000000000025
50%,905.7371581054035,640.0000000000031
50%,907.1380920613742,640.0000000000039
50%,908.5390260173449,640.0000000000047
50%,909.9399599733156,640.0000000000058
50%,911.3408939292862,640.000000000007
50%,912.7418278852568,640.0000000000086
50%,914.1427618412275,640.0000000000106
50%,915.5436957971981,640.000000000013
50%,916.9446297531688,640.0000000000159
50%,918.3455637091395,640.0000000000194
50%,919.74649766511,640.0000000000236
50%,921.1474316210807,640.0000000000289
50%,922.5483655770514,640.0000000000352
50%,923.949299533022,640.0000000000429
50%,925.3502334889927,640.0000000000523
50%,926.7511674449632,640.0000000000636
50%,928.1521014009339,640.0000000000773
50%,929.5530353569046,640.000000000094
50%,930.9539693128752,640.0000000001141
50%,932.3549032688459,640.0000000001386
50%,933.7558372248166,640.000000000168
50%,935.1567711807871,640.0000000002037
50%,936.5577051367578,640.0000000002468
50%,937.9586390927285,640.0000000002988
50%,939.3595730486991,640.0000000003615
50%,940.7605070046698,640.0000000004371
50%,942.1614409606404,640.0000000005281
50%,943.562374916611,640.0000000006377
50%,944.9633088725817,640.0000000007695
50%,946.3642428285524,640.000000000928
50%,947.765176784523,640.0000000011183
50%,949.1661107404937,640.000000001347
50%,950.5670446964643,640.0000000016212
50%,951.9679786524349,640.00000000195
50%,953.3689126084056,640.0000000023439
50%,954.7698465643763,640.0000000028156
50%,956.1707805203469,640.00000000338
50%,957.5717144763175,640.000000004055
50%,958.9726484322882,640.0000000048616
50%,960.3735823882588,640.0000000058249
50%,961.7745163442295,640.0000000069745
50%,963.1754503002002,640.0000000083455
50%,964.5763842561707,640.0000000099797
50%,965.9773182121414,640.000000011926
50%,967.3782521681121,640.0000000142427
50%,968.7791861240827,640.0000000169983
50%,970.1801200800534,640.0000000202741
50%,971.581054036024,640.0000000241654
50%,972.9819879919946,640.0000000287849
50%,974.3829219479653,640.0000000342652
50%,975.783855903936,640.0000000407624
50%,977.1847898599066,640.0000000484603
50%,978.5857238158773,640.0000000575743
50%,979.9866577718478,640.0000000683582
50%,981.3875917278185,640.0000000811092
50%,982.7885256837892,640.0000000961763
50%,984.1894596397598,640.0000001139684
50%,985.5903935957305,640.0000001349645
50%,986.9913275517011,640.0000001597247
50%,988.3922615076717,640.0000001889048
50%,989.7931954636424,640.000000223271
50%,991.1941294196131,640.000000263718
50%,992.5950633755837,640.0000003112903
50%,993.9959973315543,640.0000003672056
50%,995.396931287525,640.000000432884
50%,996.7978652434956,640.0000005099786
50%,998.1987991994663,640.0000006004136
50%,999.599733155437,640.0000007064272
50%,1001.0006671114076,640.0000008306201
50%,1002.4016010673782,640.0000009760134
50%,1003.8025350233489,640.0000011461127
50%,1005.2034689793195,640.0000013449838
50%,1006.6044029352902,640.0000015773392
50%,1008.0053368912609,640.0000018486356
50%,1009.4062708472314,640.0000021651888
50%,1010.8072048032021,640.0000025343026
50%,1012.2081387591728,640.0000029644176
50%,1013.6090727151434,640.0000034652817
50%,1015.0100066711141,640.0000040481438
50%,1016.4109406270848,640.0000047259763
50%,1017.8118745830553,640.0000055137285
50%,1019.212808539026,640.0000064286155
50%,1020.6137424949967,640.0000074904473
50%,1022.0146764509673,640.000008722004
50%,1023.415610406938,640.0000101494627
50%,1024.8165443629086,640.0000118028814
50%,1026.2174783188793,640.0000137167514
50%,1027.61841227485,640.0000159306217
50%,1029.0193462308207,640.0000184898083
50%,1030.4202801867912,640.0000214461986
50%,1031.8212141427618,640.0000248591612
50%,1033.2221480987325,640.0000287965755
50%,1034.623082054703,640.0000333359973
50%,1036.0240160106737,640.0000385659727
50%,1037.4249499666444,640.0000445875239
50%,1038.825883922615,640.0000515158243
50%,1040.2268178785857,640.0000594820847
50%,1041.6277518345564,640.0000686356798
50%,1043.028685790527,640.0000791465388
50%,1044.4296197464978,640.0000912078348
50%,1045.8305537024683,640.000105039004
50%,1047.231487658439,640.0001208891363
50%,1048.6324216144096,640.0001390407764
50%,1050.03335557038,640.0001598141849
50%,1051.4342895263508,640.0001835721077
50%,1052.8352234823215,640.0002107251129
50%,1054.2361574382921,640.0002417375555
50%,1055.6370913942628,640.0002771342407
50%,1057.0380253502335,640.0003175078587
50%,1058.4389593062042,640.0003635272749
50%,1059.8398932621749,640.0004159467671
50%,1061.2408272181456,640.0004756163062
50%,1062.641761174116,640.0005434929922
50%,1064.0426951300867,640.0006206537615
50%,1065.4436290860574,640.0007083094979
50%,1066.8445630420279,640.0008078206845
50%,1068.2454969979985,640.0009207147558
50%,1069.6464309539692,640.0010487053122
50%,1071.04736490994,640.0011937133826
50%,1072.4482988659106,640.0013578909313
50%,1073.8492328218813,640.0015436468227
50%,1075.250166777852,640.0017536754777
50%,1076.6511007338227,640.0019909884711
50%,1078.0520346897933,640.0022589493415
50%,1079.4529686457638,640.0025613119069
50%,1080.8539026017345,640.0029022624007
50%,1082.2548365577052,640.0032864657671
50%,1083.6557705136756,640.0037191164822
50%,1085.0567044696463,640.004205994289
50%,1086.457638425617,640.0047535252703
50%,1087.8585723815877,640.0053688487056
50%,1089.2595063375584,640.0060598901932
50%,1090.660440293529,640.0068354415506
50%,1092.0613742494997,640.0077052480401
50%,1093.4623082054704,640.0086801035
50%,1094.863242161441,640.0097719540004
50%,1096.2641761174116,640.010994010681
50%,1097.6651100733823,640.0123608724632
50%,1099.0660440293527,640.0138886593736
50%,1100.4669779853234,640.015595157254
50%,1101.867911941294,640.0174999746763
50%,1103.2688458972648,640.0196247129229
50%,1104.6697798532355,640.0219931499363
50%,1106.0707138092062,640.0246314391842
50%,1107.4716477651768,640.027568324433
50%,1108.8725817211475,640.0308353714611
50%,1110.2735156771182,640.0344672177919
50%,1111.6744496330887,640.038501841564
50%,1113.0753835890594,640.0429808506991
50%,1114.47631754503,640.04794979357
50%,1115.8772515010005,640.0534584924023
50%,1117.2781854569712,640.0595614006878
50%,1118.6791194129419,640.0663179859101
50%,1120.0800533689126,640.0737931389214
50%,1121.4809873248832,640.082057611326
50%,1122.881921280854,640.0911884822548
50%,1124.2828552368246,640.101269655921
50%,1125.6837891927953,640.1123923913661
50%,1127.084723148766,640.1246558658011
50%,1128.4856571047364,640.1381677729444
50%,1129.8865910607071,640.1530449577489
50%,1131.2875250166778,640.169414088883
50%,1132.6884589726483,640.1874123703018
50%,1134.089392928619,640.2071882932037
50%,1135.4903268845896,640.2289024296081
50%,1136.8912608405603,640.2527282687286
50%,1138.292194796531,640.2788530972337
50%,1139.6931287525017,640.3074789243908
50%,1141.0940627084724,640.3388234529821
50%,1142.494996664443,640.3731210967528
50%,1143.8959306204138,640.4106240450092
50%,1145.2968645763842,640.4516033748223
50%,1146.697798532355,640.4963502111135
50%,1148.0987324883254,640.5451769346952
50%,1149.499666444296,640.5984184381227
50%,1150.9006004002667,640.6564334289689
50%,1152.3015343562374,640.7196057798689
50%,1153.702468312208,640.7883459243988
50%,1155.1034022681788,640.8630922975389
50%,1156.5043362241495,640.9443128191438
50%,1157.9052701801202,641.0325064184818
50%,1159.3062041360909,641.1282045975322
50%,1160.7071380920613,641.2319730303187
50%,1162.108072048032,641.3444131951418
50%,1163.5090060040027,641.4661640361119
50%,1164.9099399599731,641.5979036499288
50%,1166.3108739159438,641.7403509933473
50%,1167.7118078719145,641.8942676062683
50%,1169.1127418278852,642.0604593448554
50%,1170.513675783856,642.2397781185358
50%,1171.9146097398266,642.4331236241752
50%,1173.3155436957973,642.6414450701411
50%,1174.716477651768,642.8657428823823
50%,1176.1174116077386,643.1070703840512
50%,1177.518345563709,643.3665354395963
50%,1178.9192795196798,643.6453020536457
50%,1180.3202134756505,643.9445919143955
50%,1181.721147431621,644.2656858706225
50%,1183.1220813875916,644.6099253308455
50%,1184.5230153435623,644.9787135725792
50%,1185.923949299533,645.3735169490717
50%,1187.3248832555037,645.7958659803716
50%,1188.7258172114744,646.2473563150621
50%,1190.126751167445,646.7296495485242
50%,1191.5276851234157,647.2444738831464
50%,1192.9286190793864,647.79362461551
50%,1194.3295530353569,648.3789644352256
50%,1195.7304869913276,649.0024235198141
50%,1197.1314209472982,649.6659994097904
50%,1198.5323549032687,650.3717566479543
50%,1199.9332888592394,651.1218261668048
50%,1201.33422281521,651.9184044079834
50%,1202.7351567711808,652.7637521577418
50%,1204.1360907271514,653.6601930825927
50%,1205.5370246831221,654.6101119495765
50%,1206.9379586390928,655.6159525159459
50%,1208.3388925950635,656.6802150735555
50%,1209.739826551034,657.8054536338312
50%,1211.1407605070046,658.9942727399081
50%,1212.5416944629753,660.2493238933523
50%,1213.9426284189458,661.5733015838431
50%,1215.3435623749165,662.9689389112676
50%,1216.7444963308872,664.4390027908904
50%,1218.1454302868578,665.9862887336069
50%,1219.5463642428285,667.6136151947513
50%,1220.9472981987992,669.3238174865368
50%,1222.34823215477,671.119741250932
50%,1223.7491661107406,673.0042354916332
50%,1225.1501000667113,674.9801451657718
50%,1226.5510340226817,677.0503033380953
50%,1227.9519679786524,679.2175229025713
50%,1229.352901934623,681.484587878679
50%,1230.7538358905936,683.8542442920826
50%,1232.1547698465642,686.3291906518838
50%,1233.555703802535,688.9120680392381
50%,1234.9566377585056,691.6054498248001
50%,1236.3575717144763,694.4118310351678
50%,1237.758505670447,697.3336173912733
50%,1239.1594396264177,700.3731140444671
50%,1240.5603735823884,703.5325140388575
50%,1241.961307538359,706.8138865312883
50%,1243.3622414943295,710.2191648031379
50%,1244.7631754503002,713.7501341008982
50%,1246.1641094062709,717.4084193451937
50%,1247.5650433622413,721.1954727505724
50%,1248.965977318212,725.1125614009366
50%,1250.3669112741827,729.1607548279285
50%,1251.7678452301534,733.3409126419238
50%,1253.168779186124,737.6536722674233
50%,1254.5697131420948,742.0994368366506
50%,1255.9706470980655,746.6783632969564
50%,1257.3715810540361,751.3903507892312
50%,1258.7725150100066,756.2350293558871
50%,1260.1734489659773,761.211749038096
50%,1261.574382921948,766.3195694227999
50%,1262.9753168779184,771.5572497006071
50%,1264.3762508338891,776.9232392959304
50%,1265.7771847898598,782.4156691306783
50%,1267.1781187458305,788.0323435824625
50%,1268.5790527018012,793.7707331975439
50%,1269.9799866577719,799.6279682177002
50%,1271.3809206137425,805.6008329787796
50%,1272.7818545697132,811.6857612369312
50%,1274.182788525684,817.8788324763608
50%,1275.5837224816544,824.1757692499613
50%,1276.984656437625,830.5719356012959
50%,1278.3855903935957,837.0623366131681
50%,1279.7865243495662,843.6416191244525
50%,1281.187458305537,850.3040736529069
50%,1282.5883922615076,857.0436375574085
50%,1283.9893262174783,863.8538994685061
50%,1285.390260173449,870.7281050112394
50%,1286.7911941294196,877.6591638390232
50%,1288.1921280853903,884.6396579919376
50%,1289.593062041361,891.6618515870786
50%,1290.9939959973317,898.7177018427233
50%,1292.3949299533022,905.7988714319712
50%,1293.7958639092728,912.8967421552874
50%,1295.1967978652435,920.0024299149846
50%,1296.597731821214,927.1068009682583
50%,1297.9986657771847,934.200489428852
50%,1299.3995997331554,941.2739159808987
50%,1300.800533689126,948.3173077620166
50%,1302.2014676450967,955.3207193662498
50%,1303.6024016010674,962.2740549111306
50%,1305.003335557038,969.1670911069276
50%,1306.4042695130088,975.98950126012
50%,1307.8052034689795,982.7308801373438
50%,1309.20613742495,989.3807696105035
50%,1310.6070713809206,995.9286849985168
50%,1312.008005336891,1002.3641420162145
50%,1313.4089392928618,1008.6766842364358
50%,1314.8098732488324,1014.8559109671609
50%,1316.2108072048031,1020.8915054418854
50%,1317.6117411607738,1026.7732632181735
50%,1319.0126751167445,1032.4911206766092
50%,1320.4136090727152,1038.0351835101467
50%,1321.8145430286859,1043.3957550921941
50%,1323.2154769846566,1048.5633646106337
50%,1324.616410940627,1053.5287948544644
50%,1326.0173448965977,1058.2831095397846
50%,1327.4182788525684,1062.8176800624683
50%,1328.8192128085389,1067.124211566158
50%,1330.2201467645095,1071.194768215999
50%,1331.6210807204802,1075.021797570994
50%,1333.022014676451,1078.598153950888
50%,1334.4229486324216,1081.917120697067
50%,1335.8238825883923,1084.9724312311419
50%,1337.224816544363,1087.758288819577
50%,1338.6257505003337,1090.269384957952
50%,1340.0266844563043,1092.500916294164
50%,1341.4276184122748,1094.4486000160643
50%,1342.8285523682455,1096.1086876356287
50%,1344.2294863242162,1097.477977108781
50%,1345.6304202801866,1098.5538232373547
50%,1347.0313542361573,1099.3341463073593
50%,1348.432288192128,1099.8174389256792
50%,1349.8332221480987,1100.0027710255188
50%,1351.2341561040694,1099.8897930192713
50%,1352.63509006004,1099.4787370859951
50%,1354.0360240160107,1098.7704165892544
50%,1355.4369579719814,1097.7662236297172
50%,1356.8378919279521,1096.468124745486
50%,1358.2388258839226,1094.878654781692
50%,1359.6397598398933,1093.000908959296
50%,1361.040693795864,1090.838533181307
50%,1362.4416277518344,1088.3957126226708
50%,1363.842561707805,1085.6771586578786
50%,1365.2434956637758,1082.6880941878453
50%,1366.6444296197465,1079.434237434735
50%,1368.0453635757171,1075.9217842802054
50%,1369.4462975316878,1072.1573892288668
50%,1370.8472314876585,1068.148145084656
50%,1372.2481654436292,1063.90156143323
50%,1373.6490993995997,1059.4255420283791
50%,1375.0500333555703,1054.7283611848054
50%,1376.450967311541,1049.8186392834368
50%,1377.8519012675115,1044.7053174986215
50%,1379.2528352234822,1039.3976318592272
50%,1380.6537691794529,1033.905086757668
50%,1382.0547031354236,1028.2374280223157
50%,1383.4556370913942,1022.4046156695725
50%,1384.856571047365,1016.4167964520842
50%,1386.2575050033356,1010.2842763191888
50%,1387.6584389593063,1004.0174929047056
50%,1389.059372915277,997.6269881556024
50%,1390.4603068712474,991.1233812129555
50%,1391.8612408272181,984.5173416539213
50%,1393.2621747831888,977.8195632002672
50%,1394.6631087391593,971.0407379952604
50%,1396.06404269513,964.1915315465683
50%,1397.4649766511006,957.2825584281983
50%,1398.8659106070713,950.3243588294334
50%,1400.266844563042,943.3273760333389
50%,1401.6677785190127,936.3019349016209
50%,1403.0687124749834,929.2582214365468
50%,1404.469646430954,922.2062634842795
50%,1405.8705803869248,915.1559126373826
50%,1407.2715143428952,908.1168273874608
50%,1408.672448298866,901.0984575719349
50%,1410.0733822548366,894.1100301518873
50%,1411.474316210807,887.1605363507107
50%,1412.8752501667777,880.2587201761007
50%,1414.2761841227484,873.4130683406952
50%,1415.677118078719,866.6318015894224
50%,1417.0780520346898,859.9228674344968
50%,1418.4789859906605,853.2939342919059
50%,1419.8799199466312,846.7523870062927
50%,1421.2808539026018,840.3053237443356
50%,1422.6817878585723,833.9595542301064
50%,1424.082721814543,827.7215992894711
50%,1425.4836557705137,821.5976916644275
50%,1426.8845897264844,815.5937780523212
50%,1428.285523682455,809.7155223192526
50%,1429.6864576384255,803.968309831626
50%,1431.0873915943962,798.3572528447411
50%,1432.4883255503669,792.887196882645
50%,1433.8892595063376,787.5627280390646
50%,1435.2901934623083,782.3881811252703
50%,1436.691127418279,777.3676485870698
50%,1438.0920613742494,772.5049901098903
50%,1439.49299533022,767.8038428280378
50%,1440.8939292861908,763.2676320517752
50%,1442.2948632421615,758.8995824237771
50%,1443.6957971981321,754.7027294148905
50%,1445.0967311541028,750.679931067877
50%,1446.4976651100733,746.8338798969932
50%,1447.898599066044,743.1671148508534
50%,1449.2995330220147,739.6820332460387
50%,1450.7004669779853,736.3809025793279
50%,1452.101400933956,733.2658721272871
50%,1453.5023348899265,730.3389842432084
50%,1454.9032688458972,727.6021852630611
50%,1456.3042028018679,725.0573359342166
50%,1457.7051367578385,722.706221283186
50%,1459.1060707138092,720.5505598415239
50%,1460.50700466978,718.5920121523351
50%,1461.9079386257504,716.8321884835207
50%,1463.308872581721,715.2726556779646
50%,1464.7098065376917,713.9149430753241
50%,1466.1107404936624,712.7605474449006
50%,1467.5116744496331,711.8109368742527
50%,1468.9126084056038,711.0675535637449
50%,1470.3135423615743,710.531815483079
50%,1471.714476317545,710.2051168520495
50%,1473.1154102735156,710.0888274142495
50%,1474.5163442294863,710.1842904792238
50%,1475.917278185457,710.4928197156207
50%,1477.3182121414277,711.0156946851706
50%,1478.7191460973982,711.7541551148412
50%,1480.1200800533688,712.709393912218
50%,1481.5210140093395,713.8825489370408
50%,1482.9219479653102,715.2746935498346
50%,1484.322881921281,716.8868259666968
50%,1485.7238158772516,718.7198574574832
50%,1487.124749833222,720.7745994328598
50%,1488.5256837891927,723.0517494738995
50%,1489.9266177451634,725.5518763660552
50%,1491.327551701134,728.2754042074239
50%,1492.7284856571048,731.222595669126
50%,1494.1294196130755,734.3935344933791
50%,1495.530353569046,737.7881073223327
50%,1496.9312875250166,741.4059849579565
50%,1498.3322214809873,745.2466031601301
50%,1499.733155436958,749.3091430965836
50%,1501.1340893929287,753.5925115643497
50%,1502.5350233488994,758.0953211079378
50%,1503.9359573048698,762.8158701644164
50%,1505.3368912608405,767.7521233699795
50%,1506.7378252168112,772.9016921662817
50%,1508.1387591727819,778.2618158478846
50%,1509.5396931287526,783.8293431944085
50%,1510.940627084723,789.6007148324867
50%,1512.3415610406937,795.5719464732892
50%,1513.7424949966644,801.7386131711503
50%,1515.143428952635,808.0958347477718
50%,1516.5443629086058,814.6382625244198
50%,1517.9452968645764,821.3600675015762
50%,1519.346230820547,828.254930121581
50%,1520.7471647765176,835.3160317449097
50%,1522.1480987324883,842.5360479648432
50%,1523.549032688459,849.9071438784979
50%,1524.9499666444297,857.4209714243548
50%,1526.3509006004003,865.0686688877381
50%,1527.7518345563708,872.8408626660523
50%,1529.1527685123415,880.7276713751003
50%,1530.5537024683122,888.718712366452
50%,1531.9546364242829,896.803110713764
50%,1533.3555703802535,904.9695107130801
50%,1534.7565043362242,913.2060899286812
50%,1536.1574382921947,921.5005758019721
50%,1537.5583722481654,929.8402648263309
50%,1538.959306204136,938.2120442758187
50%,1540.3602401601067,946.6024164603847
50%,1541.7611741160774,954.9975254645897
50%,1543.162108072048,963.3831863112332
50%,1544.5630420280186,971.7449164755494
50%,1545.9639759839893,980.0679696600287
50%,1547.36490993996,988.3373717244817
50%,1548.7658438959306,996.5379586508936
50%,1550.1667778519013,1004.6544164078784
50%,1551.567711807872,1012.6713225654272
50%,1552.9686457638425,1020.5731894971157
50%,1554.3695797198131,1028.3445089942034
50%,1555.7705136757838,1035.969798104134
50%,1557.1714476317545,1043.4336459950623
50%,1558.5723815877252,1050.7207616381183
50%,1559.9733155436957,1057.8160220904185
50%,1561.3742494996663,1064.7045211543434
50%,1562.775183455637,1071.3716181823775
50%,1564.1761174116077,1077.8029867920445
50%,1565.5770513675784,1083.9846632520182
50%,1566.977985323549,1089.903094298607
50%,1568.3789192795196,1095.5451841413794
50%,1569.7798532354902,1100.8983404178248
50%,1571.180787191461,1105.950518859584
50%,1572.5817211474316,1110.6902664370289
50%,1573.9826551034023,1115.106762754664
50%,1575.383589059373,1119.1898594771053
50%,1576.7845230153434,1122.9301175740886
50%,1578.1854569713141,1126.3188421831296
50%,1579.5863909272848,1129.3481148999429
50%,1580.9873248832555,1132.0108233195665
50%,1582.3882588392262,1134.300687665143
50%,1583.7891927951969,1136.2122843564596
50%,1585.1901267511673,1137.741066386533
50%,1586.591060707138,1138.8833803915952
50%,1587.9919946631087,1139.6364803177285
50%,1589.3929286190794,1139.9985376059562
50%,1590.79386257505,1139.9686478366873
50%,1592.1947965310208,1139.5468337939353
50%,1593.5957304869912,1138.7340449295075
50%,1594.996664442962,1137.5321532272833
50%,1596.3975983989326,1135.943945487611
50%,1597.7985323549033,1133.9731120716099
50%,1599.199466310874,1131.6242321646466
50%,1600.6004002668446,1128.9027556373003
50%,1602.001334222815,1125.8149816006296
50%,1603.4022681787858,1122.3680337703556
50%,1604.8032021347565,1118.5698327715927
50%,1606.2041360907272,1114.4290655318118
50%,1607.6050700466978,1109.9551519247907
50%,1609.0060040026685,1105.158208842212
50%,1610.406937958639,1100.0490118822706
50%,1611.8078719146097,1094.6389548560478
50%,1613.2088058705804,1088.9400073224635
50%,1614.609739826551,1082.9646703711965
50%,1616.0106737825217,1076.7259308801408
50%,1617.4116077384922,1070.2372144795881
50%,1618.8125416944629,1063.5123374594446
50%,1620.2134756504336,1056.5654578584033
50%,1621.6144096064043,1049.4110259750119
50%,1623.015343562375,1042.063734540161
50%,1624.4162775183456,1034.538468788555
50%,1625.817211474316,1026.850256663342
50%,1627.2181454302868,1019.0142193832789
50%,1628.6190793862575,1011.045522595702
50%,1630.0200133422281,1002.9593283311096
50%,1631.4209472981988,994.7707479666069
50%,1632.8218812541695,986.494796395702
50%,1634.22281521014,978.1463475912126
50%,1635.6237491661107,969.7400917363468
50%,1637.0246831220813,961.2904940865549
50%,1638.425617078052,952.81175571148
50%,1639.8265510340227,944.3177762525561
50%,1641.2274849899934,935.822118817444
50%,1642.6284189459639,927.3379771178004
50%,1644.0293529019345,918.8781449418752
50%,1645.4302868579052,910.4549880383183
50%,1646.831220813876,902.0804184723359
50%,1648.2321547698466,893.7658715002387
50%,1649.6330887258173,885.5222849934228
50%,1651.0340226817877,877.3600814281065
50%,1652.4349566377584,869.2891524427805
50%,1653.8358905937291,861.3188459514215
50%,1655.2368245496998,853.4579557870792
50%,1656.6377585056705,845.7147138377013
50%,1658.0386924616412,838.096784623891
50%,1659.4396264176116,830.6112622569215
50%,1660.8405603735823,823.264669704693
50%,1662.241494329553,816.0629602835742
50%,1663.6424282855237,809.0115212850992
50%,1665.0433622414944,802.115179638521
50%,1666.444296197465,795.3782095030909
50%,1667.8452301534355,788.8043416777731
50%,1669.2461641094062,782.3967747108608
50%,1670.647098065377,776.1581875876822
50%,1672.0480320213476,770.0907538711772
50%,1673.4489659773183,764.1961571677009
50%,1674.8498999332887,758.4756077888151
50%,1676.2508338892594,752.9298604791228
50%,1677.65176784523,747.5592330803333
50%,1679.0527018012008,742.3636260026241
50%,1680.4536357571715,737.3425423760526
50%,1681.8545697131422,732.4951087571111
50%,1683.2555036691126,727.8200962685347
50%,1684.6564376250833,723.3159420540787
50%,1686.057371581054,718.9807709341546
50%,1687.4583055370247,714.8124171528361
50%,1688.8592394929954,710.8084461118583
50%,1690.260173448966,706.9661759926744
50%,1691.6611074049365,703.2826991734245
50%,1693.0620413609072,699.7549033537077
50%,1694.4629753168779,696.379492306317
50%,1695.8639092728486,693.1530061814796
50%,1697.2648432288192,690.0718412956783
50%,1698.66577718479,687.1322693436751
50%,1700.0667111407604,684.3304559789271
50%,1701.467645096731,681.6624787141052
50%,1702.8685790527018,679.1243440998704
50%,1704.2695130086724,676.7120041463686
50%,1705.6704469646431,674.421371958068
50%,1707.0713809206138,672.2483365585298
50%,1708.4723148765843,670.1887768874377
50%,1709.873248832555,668.2385749577194
50%,1711.2741827885256,666.3936281658166
50%,1712.6751167444963,664.6498607530998
50%,1714.076050700467,663.0032344210634
50%,1715.4769846564377,661.4497581072613
50%,1716.8779186124082,659.9854969329353
50%,1718.2788525683789,658.6065803369586
50%,1719.6797865243495,657.3092094140541
50%,1721.0807204803202,656.0896634782376
50%,1722.481654436291,654.9443058751154
50%,1723.8825883922616,653.8695890689986
50%,1725.283522348232,652.8620590328217
50%,1726.6844563042027,651.9183589705599
50%,1728.0853902601734,651.0352324032518
50%,1729.486324216144,650.2095256508464
50%,1730.8872581721148,649.438189742941
50%,1732.2881921280853,648.7182817920587
50%,1733.689126084056,648.0469658634462
50%,1735.0900600400266,647.421513375476
50%,1736.4909939959973,646.8393030646388
50%,1737.891927951968,646.2978205487881
50%,1739.2928619079387,645.7946575218376
50%,1740.6937958639091,645.3275106124418
50%,1742.0947298198798,644.8941799384141
50%,1743.4956637758505,644.4925673877115
50%,1744.8965977318212,644.1206746557743
50%,1746.297531687792,643.776601067894
50%,1747.6984656437626,643.4585412140605
50%,1749.099399599733,643.1647824224716
50%,1750.5003335557037,642.8937020965583
50%,1751.9012675116744,642.6437649390131
50%,1753.302201467645,642.4135200849166
50%,1754.7031354236158,642.201598164652
50%,1756.1040693795865,642.0067083158874
50%,1757.505003335557,641.8276351625005
50%,1758.9059372915276,641.6632357769304
50%,1760.3068712474983,641.5124366410793
50%,1761.707805203469,641.374230619546
50%,1763.1087391594397,641.2476739576787
50%,1764.5096731154104,641.1318833156735
50%,1765.9106070713808,641.0260328487375
50%,1767.3115410273515,640.929351342175
50%,1768.7124749833222,640.8411194091491
50%,1770.1134089392929,640.7606667578199
50%,1771.5143428952636,640.687369533572
50%,1772.9152768512342,640.6206477411093
50%,1774.3162108072047,640.5599627503233
50%,1775.7171447631754,640.5048148890277
50%,1777.118078719146,640.454741124903
50%,1778.5190126751168,640.4093128382968
50%,1779.9199466310874,640.3681336868934
50%,1781.320880587058,640.3308375626845
50%,1782.7218145430286,640.2970866411514
50%,1784.1227484989993,640.2665695220974
50%,1785.52368245497,640.2389994611439
50%,1786.9246164109406,640.2141126905395
50%,1788.3255503669113,640.1916668275989
50%,1789.7264843228818,640.1714393688068
50%,1791.1274182788525,640.1532262673845
50%,1792.5283522348232,640.1368405919072
50%,1793.9292861907938,640.1221112633967
50%,1795.3302201467645,640.108881868177
50%,1796.7311541027352,640.097009543678
50%,1798.1320880587057,640.0863639342923
50%,1799.5330220146764,640.0768262143429
50%,1800.933955970647,640.0682881751901
50%,1802.3348899266177,640.0606513734954
50%,1803.7358238825884,640.0538263376764
50%,1805.136757838559,640.0477318296091
50%,1806.5376917945296,640.0422941586812
50%,1807.9386257505003,640.0374465453463
50%,1809.339559706471,640.0331285314014
50%,1810.7404936624416,640.0292854342823
50%,1812.1414276184123,640.0258678427479
50%,1813.542361574383,640.0228311514195
50%,1814.9432955303535,640.0201351317296
50%,1816.3442294863241,640.0177435369311
50%,1817.7451634422948,640.0156237389184
50%,1819.1460973982655,640.0137463947102
50%,1820.5470313542362,640.0120851405495
50%,1821.9479653102069,640.0106163116698
50%,1823.3488992661773,640.0093186858884
50%,1824.749833222148,640.0081732492746
50%,1826.1507671781187,640.0071629822502
50%,1827.5517011340894,640.0062726645663
50%,1828.95263509006,640.0054886976991
50%,1830.3535690460308,640.0047989432949
50%,1831.7545030020012,640.0041925763811
50%,1833.155436957972,640.0036599521478
50%,1834.5563709139426,640.003192485179
50%,1835.9573048699133,640.0027825400946
50%,1837.358238825884,640.0024233326343
50%,1838.7591727818544,640.0021088402857
50%,1840.1601067378251,640.0018337216253
50%,1841.5610406937958,640.0015932436003
50%,1842.9619746497665,640.0013832160429
50%,1844.3629086057372,640.0011999327608
50%,1845.7638425617079,640.0010401185999
50%,1847.1647765176783,640.000900881925
50%,1848.565710473649,640.0007796720089
50%,1849.9666444296197,640.0006742408648
50%,1851.3675783855904,640.0005826090919
50%,1852.768512341561,640.0005030353474
50%,1854.1694462975317,640.0004339890854
50%,1855.5703802535022,640.0003741262408
50%,1856.971314209473,640.0003222675607
50%,1858.3722481654436,640.0002773793154
50%,1859.7731821214143,640.0002385561465
50%,1861.174116077385,640.0002050058284
50%,1862.5750500333556,640.0001760357459
50%,1863.975983989326,640.0001510409053
50%,1865.3769179452968,640.0001294933164
50%,1866.7778519012675,640.0001109325984
50%,1868.1787858572382,640.000094957676
50%,1869.5797198132088,640.0000812194468
50%,1870.9806537691795,640.0000694143139
50%,1872.38158772515,640.0000592784859
50%,1873.7825216811207,640.0000505829587
50%,1875.1834556370914,640.0000431291016
50%,1876.584389593062,640.0000367447803
50%,1877.9853235490327,640.0000312809517
50%,1879.3862575050034,640.0000266086793
50%,1880.7871914609739,640.0000226165178
50%,1882.1881254169446,640.0000192082242
50%,1883.5890593729152,640.0000163007562
50%,1884.989993328886,640.0000138225238
50%,1886.3909272848566,640.0000117118635
50%,1887.7918612408273,640.0000099157077
50%,1889.1927951967978,640.0000083884262
50%,1890.5937291527684,640.0000070908176
50%,1891.9946631087391,640.0000059892329
50%,1893.3955970647098,640.0000050548136
50%,1894.7965310206805,640.0000042628315
50%,1896.197464976651,640.0000035921149
50%,1897.5983989326216,640.0000030245541
50%,1898.9993328885923,640.0000025446703
50%,1900.400266844563,640.0000021392462
50%,1901.8012008005337,640.0000017970041
50%,1903.2021347565044,640.0000015083302
50%,1904.6030687124749,640.0000012650358
50%,1906.0040026684455,640.0000010601525
50%,1907.4049366244162,640.0000008877545
50%,1908.805870580387,640.0000007428077
50%,1910.2068045363576,640.0000006210394
50%,1911.6077384923283,640.0000005188249
50%,1913.0086724482987,640.0000004330934
50%,1914.4096064042694,640.0000003612446
50%,1915.81054036024,640.0000003010789
50%,1917.2114743162108,640.0000002507369
50%,1918.6124082721815,640.0000002086485
50%,1920.0133422281522,640.0000001734887
50%,1921.4142761841226,640.0000001441406
50%,1922.8152101400933,640.0000001196632
50%,1924.216144096064,640.0000000992645
50%,1925.6170780520347,640.0000000822785
50%,1927.0180120080054,640.0000000681456
50%,1928.418945963976,640.000000056396
50%,1929.8198799199465,640.0000000466356
50%,1931.2208138759172,640.0000000385342
50%,1932.621747831888,640.0000000318151
50%,1934.0226817878586,640.000000026247
50%,1935.4236157438293,640.0000000216364
50%,1936.8245496998,640.0000000178218
50%,1938.2254836557704,640.0000000146681
50%,1939.626417611741,640.0000000120631
50%,1941.0273515677118,640.0000000099129
50%,1942.4282855236825,640.0000000081395
50%,1943.8292194796531,640.0000000066782
50%,1945.2301534356236,640.0000000054749
50%,1946.6310873915943,640.000000004485
50%,1948.032021347565,640.0000000036711
50%,1949.4329553035357,640.0000000030026
50%,1950.8338892595063,640.0000000024538
50%,1952.234823215477,640.0000000020038
50%,1953.6357571714475,640.000000001635
50%,1955.0366911274182,640.0000000013331
50%,1956.4376250833889,640.000000001086
50%,1957.8385590393596,640.0000000008841
50%,1959.2394929953302,640.0000000007192
50%,1960.640426951301,640.0000000005845
50%,1962.0413609072714,640.0000000004746
50%,1963.442294863242,640.0000000003852
50%,1964.8432288192128,640.0000000003124
50%,1966.2441627751834,640.0000000002531
50%,1967.6450967311541,640.0000000002049
50%,1969.0460306871248,640.0000000001658
50%,1970.4469646430953,640.0000000001339
50%,1971.847898599066,640.0000000001082
50%,1973.2488325550366,640.0000000000873
50%,1974.6497665110073,640.0000000000704
50%,1976.050700466978,640.0000000000567
50%,1977.4516344229487,640.0000000000457
50%,1978.8525683789192,640.0000000000367
50%,1980.2535023348898,640.0000000000296
50%,1981.6544362908605,640.0000000000238
50%,1983.0553702468312,640.0000000000191
50%,1984.456304202802,640.0000000000152
50%,1985.8572381587726,640.0000000000123
50%,1987.258172114743,640.0000000000098
50%,1988.6591060707137,640.0000000000078
50%,1990.0600400266844,640.0000000000063
50%,1991.460973982655,640.000000000005
50%,1992.8619079386258,640.000000000004
50%,1994.2628418945965,640.0000000000032
50%,1995.663775850567,640.0000000000025
50%,1997.0647098065376,640.000000000002
50%,1998.4656437625083,640.0000000000016
50%,1999.866577718479,640.0000000000013
50%,2001.2675116744497,640.000000000001
50%,2002.6684456304201,640.0000000000008
50%,2004.0693795863908,640.0000000000007
50%,2005.4703135423615,640.0000000000005
50%,2006.8712474983322,640.0000000000005
50%,2008.2721814543029,640.0000000000003
50%,2009.6731154102736,640.0000000000002
50%,2011.074049366244,640.0000000000002
50%,2012.4749833222147,640.0000000000001
50%,2013.8759172781854,640.0000000000001
50%,2015.276851234156,640.0000000000001
50%,2016.6777851901268,640.0000000000001
50%,2018.0787191460975,640.0000000000001
50%,2019.479653102068,640.0
50%,2020.8805870580386,640.0
50%,2022.2815210140093,640.0
50%,2023.68245496998,640.0
50%,2025.0833889259507,640.0
50%,2026.4843228819213,640.0
50%,2027.8852568378918,640.0
50%,2029.2861907938625,640.0
50%,2030.6871247498332,640.0
50%,2032.0880587058039,640.0
50%,2033.4889926617745,640.0
50%,2034.8899266177452,640.0
50%,2036.2908605737157,640.0
50%,2037.6917945296864,640.0
50%,2039.092728485657,640.0
50%,2040.4936624416277,640.0
50%,2041.8945963975984,640.0
50%,2043.2955303535691,640.0
50%,2044.6964643095396,640.0
50%,2046.0973982655103,640.0
50%,2047.498332221481,640.0
50%,2048.899266177452,640.0
50%,2050.3002001334225,640.0
50%,2051.7011340893932,640.0
50%,2053.1020680453635,640.0
50%,2054.503002001334,640.0
50%,2055.903935957305,640.0
50%,2057.3048699132755,640.0
50%,2058.705803869246,640.0
50%,2060.1067378252164,640.0
50%,2061.507671781187,640.0
50%,2062.908605737158,640.0
50%,2064.3095396931285,640.0
50%,2065.710473649099,640.0
50%,2067.11140760507,640.0
50%,2068.5123415610406,640.0
50%,2069.9132755170112,640.0
50%,2071.314209472982,640.0
50%,2072.7151434289526,640.0
50%,2074.1160773849233,640.0
50%,2075.517011340894,640.0
50%,2076.9179452968647,640.0
50%,2078.3188792528354,640.0
50%,2079.719813208806,640.0
50%,2081.1207471647767,640.0
50%,2082.5216811207474,640.0
50%,2083.922615076718,640.0
50%,2085.3235490326883,640.0
50%,2086.724482988659,640.0
50%,2088.1254169446297,640.0
50%,2089.5263509006004,640.0
50%,2090.927284856571,640.0
50%,2092.3282188125418,640.0
50%,2093.729152768512,640.0
50%,2095.1300867244827,640.0
50%,2096.5310206804534,640.0
50%,2097.931954636424,640.0
50%,2099.3328885923947,640.0
50%,2100.7338225483654,640.0
50%,2102.134756504336,640.0
50%,2103.535690460307,640.0
50%,2104.9366244162775,640.0
50%,2106.337558372248,640.0
50%,2107.738492328219,640.0
50%,2109.1394262841895,640.0
50%,2110.54036024016,640.0
50%,2111.941294196131,640.0
50%,2113.3422281521016,640.0
50%,2114.7431621080723,640.0
50%,2116.144096064043,640.0
50%,2117.545030020013,640.0
50%,2118.945963975984,640.0
50%,2120.3468979319546,640.0
50%,2121.7478318879253,640.0
50%,2123.148765843896,640.0
50%,2124.5496997998666,640.0
50%,2125.950633755837,640.0
50%,2127.3515677118075,640.0
50%,2128.7525016677782,640.0
50%,2130.153435623749,640.0
50%,2131.5543695797196,640.0
50%,2132.9553035356903,640.0
50%,2134.356237491661,640.0
50%,2135.7571714476317,640.0
50%,2137.1581054036023,640.0
50%,2138.559039359573,640.0
50%,2139.9599733155437,640.0
50%,2141.3609072715144,640.0
50%,2142.761841227485,640.0
50%,2144.162775183456,640.0
50%,2145.5637091394265,640.0
50%,2146.964643095397,640.0
50%,2148.365577051368,640.0
50%,2149.7665110073385,640.0
50%,2151.1674449633088,640.0
50%,2152.5683789192794,640.0
50%,2153.96931287525,640.0
50%,2155.370246831221,640.0
50%,2156.7711807871915,640.0
50%,2158.172114743162,640.0
50%,2159.5730486991324,640.0
50%,2160.973982655103,640.0
50%,2162.374916611074,640.0
50%,2163.7758505670445,640.0
50%,2165.176784523015,640.0
50%,2166.577718478986,640.0
50%,2167.9786524349565,640.0
50%,2169.379586390927,640.0
50%,2170.780520346898,640.0
50%,2172.1814543028686,640.0
50%,2173.5823882588393,640.0
50%,2174.98332221481,640.0
50%,2176.3842561707806,640.0
50%,2177.7851901267513,640.0
50%,2179.186124082722,640.0
50%,2180.5870580386927,640.0
50%,2181.9879919946634,640.0
50%,2183.3889259506336,640.0
50%,2184.7898599066043,640.0
50%,2186.190793862575,640.0
50%,2187.5917278185457,640.0
50%,2188.9926617745164,640.0
50%,2190.393595730487,640.0
50%,2191.7945296864573,640.0
50%,2193.195463642428,640.0
50%,2194.5963975983987,640.0
50%,2195.9973315543693,640.0
50%,2197.39826551034,640.0
50%,2198.7991994663107,640.0
50%,2200.2001334222814,640.0
50%,2201.601067378252,640.0
50%,2203.0020013342228,640.0
50%,2204.4029352901935,640.0
50%,2205.803869246164,640.0
50%,2207.204803202135,640.0
50%,2208.6057371581055,640.0
50%,2210.006671114076,640.0
50%,2211.407605070047,640.0
50%,2212.8085390260176,640.0
50%,2214.2094729819883,640.0
50%,2215.610406937959,640.0
50%,2217.011340893929,640.0
50%,2218.4122748499,640.0
50%,2219.8132088058705,640.0
50%,2221.2141427618412,640.0
50%,2222.615076717812,640.0
50%,2224.016010673782,640.0
50%,2225.416944629753,640.0
50%,2226.8178785857235,640.0
50%,2228.218812541694,640.0
50%,2229.619746497665,640.0
50%,2231.0206804536356,640.0
50%,2232.4216144096063,640.0
50%,2233.822548365577,640.0
50%,2235.2234823215476,640.0
50%,2236.6244162775183,640.0
50%,2238.025350233489,640.0
50%,2239.4262841894597,640.0
50%,2240.8272181454304,640.0
50%,2242.228152101401,640.0
50%,2243.6290860573718,640.0
50%,2245.0300200133424,640.0
50%,2246.430953969313,640.0
50%,2247.831887925284,640.0
50%,2249.232821881254,640.0
50%,2250.6337558372247,640.0
50%,2252.0346897931954,640.0
50%,2253.435623749166,640.0
50%,2254.836557705137,640.0
50%,2256.2374916611075,640.0
50%,2257.6384256170777,640.0
50%,2259.0393595730484,640.0
50%,2260.440293529019,640.0
50%,2261.8412274849898,640.0
50%,2263.2421614409604,640.0
50%,2264.643095396931,640.0
50%,2266.044029352902,640.0
50%,2267.4449633088725,640.0
50%,2268.845897264843,640.0
50%,2270.246831220814,640.0
50%,2271.6477651767846,640.0
50%,2273.0486991327552,640.0
50%,2274.449633088726,640.0
50%,2275.8505670446966,640.0
50%,2277.2515010006673,640.0
50%,2278.652434956638,640.0
50%,2280.0533689126087,640.0
50%,2281.454302868579,640.0
50%,2282.8552368245496,640.0
50%,2284.2561707805203,640.0
50%,2285.657104736491,640.0
50%,2287.0580386924617,640.0
50%,2288.4589726484323,640.0
50%,2289.8599066044026,640.0
50%,2291.2608405603733,640.0
50%,2292.661774516344,640.0
50%,2294.0627084723146,640.0
50%,2295.4636424282853,640.0
50%,2296.864576384256,640.0
50%,2298.2655103402267,640.0
50%,2299.6664442961974,640.0
50%,2301.067378252168,640.0
50%,2302.4683122081387,640.0
50%,2303.8692461641094,640.0
50%,2305.27018012008,640.0
50%,2306.671114076051,640.0
50%,2308.0720480320215,640.0
50%,2309.472981987992,640.0
50%,2310.873915943963,640.0
50%,2312.2748498999335,640.0
50%,2313.6757838559042,640.0
50%,2315.0767178118745,640.0
50%,2316.477651767845,640.0
50%,2317.878585723816,640.0
50%,2319.2795196797865,640.0
50%,2320.680453635757,640.0
50%,2322.081387591728,640.0
50%,2323.482321547698,640.0
50%,2324.883255503669,640.0
50%,2326.2841894596395,640.0
50%,2327.68512341561,640.0
50%,2329.086057371581,640.0
50%,2330.4869913275516,640.0
50%,2331.8879252835222,640.0
50%,2333.288859239493,640.0
50%,2334.6897931954636,640.0
50%,2336.0907271514343,640.0
50%,2337.491661107405,640.0
50%,2338.8925950633757,640.0
50%,2340.2935290193464,640.0
50%,2341.694462975317,640.0
50%,2343.0953969312877,640.0
50%,2344.4963308872584,640.0
50%,2345.897264843229,640.0
50%,2347.2981987991993,640.0
50%,2348.69913275517,640.0
50%,2350.1000667111407,640.0
50%,2351.5010006671114,640.0
50%,2352.901934623082,640.0
50%,2354.3028685790528,640.0
50%,2355.703802535023,640.0
50%,2357.1047364909937,640.0
50%,2358.5056704469644,640.0
50%,2359.906604402935,640.0
50%,2361.3075383589057,640.0
50%,2362.7084723148764,640.0
50%,2364.109406270847,640.0
50%,2365.510340226818,640.0
50%,2366.9112741827885,640.0
50%,2368.312208138759,640.0
50%,2369.71314209473,640.0
50%,2371.1140760507005,640.0
50%,2372.515010006671,640.0
50%,2373.915943962642,640.0
50%,2375.3168779186126,640.0
50%,2376.7178118745833,640.0
50%,2378.118745830554,640.0
50%,2379.5196797865246,640.0
50%,2380.920613742495,640.0
50%,2382.3215476984656,640.0
50%,2383.7224816544363,640.0
50%,2385.123415610407,640.0
50%,2386.5243495663776,640.0
50%,2387.925283522348,640.0
50%,2389.3262174783185,640.0
50%,2390.727151434289,640.0
50%,2392.12808539026,640.0
50%,2393.5290193462306,640.0
50%,2394.9299533022013,640.0
50%,2396.330887258172,640.0
50%,2397.7318212141427,640.0
50%,2399.1327551701133,640.0
50%,2400.533689126084,640.0
50%,2401.9346230820547,640.0
50%,2403.3355570380254,640.0
50%,2404.736490993996,640.0
50%,2406.1374249499668,640.0
50%,2407.5383589059375,640.0
50%,2408.939292861908,640.0
50%,2410.340226817879,640.0
50%,2411.7411607738495,640.0
50%,2413.1420947298197,640.0
50%,2414.5430286857904,640.0
50%,2415.943962641761,640.0
50%,2417.344896597732,640.0
50%,2418.7458305537025,640.0
50%,2420.146764509673,640.0
50%,2421.5476984656434,640.0
50%,2422.948632421614,640.0
50%,2424.349566377585,640.0
50%,2425.7505003335555,640.0
50%,2427.151434289526,640.0
50%,2428.552368245497,640.0
50%,2429.9533022014675,640.0
50%,2431.354236157438,640.0
50%,2432.755170113409,640.0
50%,2434.1561040693796,640.0
50%,2435.5570380253503,640.0
50%,2436.957971981321,640.0
50%,2438.3589059372916,640.0
50%,2439.7598398932623,640.0
50%,2441.160773849233,640.0
50%,2442.5617078052037,640.0
50%,2443.9626417611744,640.0
50%,2445.3635757171446,640.0
50%,2446.7645096731153,640.0
50%,2448.165443629086,640.0
50%,2449.5663775850567,640.0
50%,2450.9673115410274,640.0
50%,2452.368245496998,640.0
50%,2453.7691794529687,640.0
50%,2455.1701134089394,640.0
50%,2456.57104736491,640.0
50%,2457.9719813208803,640.0
50%,2459.372915276851,640.0
50%,2460.7738492328217,640.0
50%,2462.1747831887924,640.0
50%,2463.575717144763,640.0
50%,2464.9766511007338,640.0
50%,2466.3775850567044,640.0
50%,2467.778519012675,640.0
50%,2469.179452968646,640.0
50%,2470.5803869246165,640.0
50%,2471.981320880587,640.0
50%,2473.382254836558,640.0
50%,2474.783188792528,640.0
50%,2476.184122748499,640.0
50%,2477.5850567044695,640.0
50%,2478.98599066044,640.0
50%,2480.386924616411,640.0
50%,2481.7878585723815,640.0
50%,2483.188792528352,640.0
50%,2484.589726484323,640.0
50%,2485.9906604402936,640.0
50%,2487.3915943962643,640.0
50%,2488.792528352235,640.0
50%,2490.1934623082057,640.0
50%,2491.594396264176,640.0
50%,2492.9953302201466,640.0
50%,2494.3962641761173,640.0
50%,2495.797198132088,640.0
50%,2497.1981320880586,640.0
50%,2498.5990660440293,640.0
50%,2500.0,640.0
75%,400.0,900.0
75%,401.40093395597063,900.0
75%,402.8018679119413,900.0
75%,404.20280186791194,900.0
75%,405.6037358238826,900.0
75%,407.00466977985326,900.0
75%,408.4056037358239,900.0
75%,409.8065376917945,900.0
75%,411.2074716477652,900.0
75%,412.60840560373583,900.0
75%,414.00933955970646,900.0
75%,415.4102735156771,900.0
75%,416.8112074716478,900.0
75%,418.2121414276184,900.0
75%,419.61307538358903,900.0
75%,421.0140093395597,900.0
75%,422.41494329553035,900.0
75%,423.815877251501,900.0
75%,425.21681120747166,900.0
75%,426.6177451634423,900.0
75%,428.0186791194129,900.0
75%,429.4196130753836,900.0
75%,430.82054703135424,900.0
75%,432.22148098732487,900.0
75%,433.62241494329555,900.0
75%,435.0233488992662,900.0
75%,436.4242828552368,900.0
75%,437.8252168112075,900.0
75%,439.2261507671781,900.0
75%,440.62708472314876,900.0
75%,442.02801867911944,900.0
75%,443.42895263509007,900.0
75%,444.8298865910607,900.0
75%,446.2308205470314,900.0
75%,447.631754503002,900.0
75%,449.03268845897264,900.0
75%,450.4336224149433,900.0
75%,451.83455637091396,900.0
75%,453.2354903268846,900.0
75%,454.6364242828552,900.0
75%,456.0373582388259,900.0
75%,457.43829219479653,900.0
75%,458.83922615076716,900.0
75%,460.24016010673785,900.0
75%,461.6410940627085,900.0
75%,463.0420280186791,900.0
75%,464.44296197464973,900.0
75%,465.8438959306204,900.0
75%,467.24482988659105,900.0
75%,468.6457638425617,900.0
75%,470.04669779853236,900.0
75%,471.447631754503,900.0
75%,472.8485657104736,900.0
75%,474.2494996664443,900.0
75%,475.65043362241494,900.0
75%,477.05136757838557,900.0
75%,478.45230153435625,900.0
75%,479.8532354903269,900.0
75%,481.2541694462975,900.0
75%,482.6551034022682,900.0
75%,484.0560373582388,900.0
75%,485.45697131420945,900.0
75%,486.85790527018014,900.0
75%,488.25883922615077,900.0
75%,489.6597731821214,900.0
75%,491.0607071380921,900.0
75%,492.4616410940627,900.0
75%,493.86257505003334,900.0
75%,495.263509006004,900.0
75%,496.66444296197466,900.0
75%,498.0653769179453,900.0
75%,499.466310873916,900.0
75%,500.8672448298866,900.0
75%,502.26817878585723,900.0
75%,503.6691127418279,900.0
75%,505.07004669779855,900.0
75%,506.4709806537692,900.0
75%,507.8719146097398,900.0
75%,509.2728485657105,900.0
75%,510.6737825216811,900.0
75%,512.0747164776518,900.0
75%,513.4756504336224,900.0
75%,514.8765843895931,900.0
75%,516.2775183455637,900.0
75%,517.6784523015343,900.0
75%,519.079386257505,900.0
75%,520.4803202134757,900.0
75%,521.8812541694463,900.0
75%,523.282188125417,900.0
75%,524.6831220813876,900.0
75%,526.0840560373582,900.0
75%,527.4849899933289,900.0
75%,528.8859239492995,900.0
75%,530.2868579052702,900.0
75%,531.6877918612408,900.0
75%,533.0887258172115,900.0
75%,534.4896597731821,900.0
75%,535.8905937291528,900.0
75%,537.2915276851234,900.0
75%,538.692461641094,900.0
75%,540.0933955970647,900.0
75%,541.4943295530354,900.0
75%,542.895263509006,900.0
75%,544.2961974649767,900.0
75%,545.6971314209472,900.0
75%,547.0980653769179,900.0
75%,548.4989993328886,900.0
75%,549.8999332888593,900.0
75%,551.3008672448299,900.0
75%,552.7018012008006,900.0
75%,554.1027351567711,900.0
75%,555.5036691127418,900.0
75%,556.9046030687125,900.0
75%,558.3055370246832,900.0
75%,559.7064709806538,900.0
75%,561.1074049366244,900.0
75%,562.508338892595,900.0
75%,563.9092728485657,900.0
75%,565.3102068045364,900.0
75%,566.711140760507,900.0
75%,568.1120747164777,900.0
75%,569.5130086724483,900.0
75%,570.9139426284189,900.0
75%,572.3148765843896,900.0
75%,573.7158105403603,900.0
75%,575.1167444963309,900.0
75%,576.5176784523015,900.0
75%,577.9186124082721,900.0
75%,579.3195463642428,900.0
75%,580.7204803202135,900.0
75%,582.1214142761842,900.0
75%,583.5223482321547,900.0
75%,584.9232821881254,900.0
75%,586.324216144096,900.0
75%,587.7251501000667,900.0
75%,589.1260840560374,900.0
75%,590.527018012008,900.0
75%,591.9279519679786,900.0
75%,593.3288859239493,900.0
75%,594.7298198799199,900.0
75%,596.1307538358906,900.0
75%,597.5316877918613,900.0
75%,598.932621747832,900.0
75%,600.3335557038025,900.0
75%,601.7344896597732,900.0
75%,603.1354236157438,900.0
75%,604.5363575717145,900.0
75%,605.9372915276851,900.0
75%,607.3382254836558,900.0
75%,608.7391594396264,900.0
75%,610.1400933955971,900.0
75%,611.5410273515677,900.0
75%,612.9419613075383,900.0
75%,614.342895263509,900.0
75%,615.7438292194796,900.0
75%,617.1447631754503,900.0
75%,618.545697131421,900.0
75%,619.9466310873916,900.0
75%,621.3475650433622,900.0
75%,622.7484989993329,900.0
75%,624.1494329553035,900.0
75%,625.5503669112742,900.0
75%,626.9513008672449,900.0
75%,628.3522348232154,900.0
75%,629.7531687791861,900.0
75%,631.1541027351568,900.0
75%,632.5550366911274,900.0
75%,633.9559706470981,900.0
75%,635.3569046030686,900.0
75%,636.7578385590393,900.0
75%,638.15877251501,900.0
75%,639.5597064709807,900.0
75%,640.9606404269513,900.0
75%,642.361574382922,900.0
75%,643.7625083388925,900.0
75%,645.1634422948632,900.0
75%,646.5643762508339,900.0
75%,647.9653102068046,900.0
75%,649.3662441627752,900.0
75%,650.7671781187458,900.0
75%,652.1681120747164,900.0
75%,653.5690460306871,900.0
75%,654.9699799866578,900.0
75%,656.3709139426285,900.0
75%,657.771847898599,900.0
75%,659.1727818545697,900.0
75%,660.5737158105403,900.0
75%,661.974649766511,900.0
75%,663.3755837224817,900.0
75%,664.7765176784524,900.0
75%,666.1774516344229,900.0
75%,667.5783855903935,900.0
75%,668.9793195463642,900.0
75%,670.3802535023349,900.0
75%,671.7811874583056,900.0
75%,673.1821214142763,900.0
75%,674.5830553702468,900.0
75%,675.9839893262174,900.0
75%,677.3849232821881,900.0
75%,678.7858572381588,900.0
75%,680.1867911941295,900.0
75%,681.5877251501001,900.0
75%,682.9886591060707,900.0
75%,684.3895930620413,900.0
75%,685.790527018012,900.0
75%,687.1914609739827,900.0
75%,688.5923949299533,900.0
75%,689.9933288859239,900.0
75%,691.3942628418946,900.0
75%,692.7951967978652,900.0
75%,694.1961307538359,900.0
75%,695.5970647098065,900.0
75%,696.9979986657772,900.0
75%,698.3989326217478,900.0
75%,699.7998665777185,900.0
75%,701.2008005336891,900.0
75%,702.6017344896597,900.0
75%,704.0026684456304,900.0
75%,705.4036024016011,900.0
75%,706.8045363575717,900.0
75%,708.2054703135424,900.0
75%,709.606404269513,900.0
75%,711.0073382254836,900.0
75%,712.4082721814543,900.0
75%,713.809206137425,900.0
75%,715.2101400933956,900.0
75%,716.6110740493663,900.0
75%,718.0120080053368,900.0
75%,719.4129419613075,900.0
75%,720.8138759172782,900.0
75%,722.2148098732489,900.0
75%,723.6157438292195,900.0
75%,725.01667778519,900.0
75%,726.4176117411607,900.0
75%,727.8185456971314,900.0
75%,729.2194796531021,900.0
75%,730.6204136090728,900.0
75%,732.0213475650434,900.0
75%,733.4222815210139,900.0
75%,734.8232154769846,900.0
75%,736.2241494329553,900.0
75%,737.625083388926,900.0
75%,739.0260173448967,900.0
75%,740.4269513008672,900.0
75%,741.8278852568378,900.0
75%,743.2288192128085,900.0
75%,744.6297531687792,900.0
75%,746.0306871247499,900.0
75%,747.4316210807204,900.0
75%,748.8325550366911,900.0
75%,750.2334889926617,900.0
75%,751.6344229486324,900.0
75%,753.0353569046031,900.0
75%,754.4362908605738,900.0
75%,755.8372248165443,900.0
75%,757.238158772515,900.0
75%,758.6390927284856,900.0
75%,760.0400266844563,900.0
75%,761.440960640427,900.0
75%,762.8418945963977,900.0
75%,764.2428285523682,900.0
75%,765.6437625083389,900.0
75%,767.0446964643095,900.0
75%,768.4456304202802,900.0
75%,769.8465643762509,900.0
75%,771.2474983322215,900.0
75%,772.6484322881921,900.0
75%,774.0493662441627,900.0
75%,775.4503002001334,900.0
75%,776.851234156104,900.0
75%,778.2521681120747,900.0
75%,779.6531020680454,900.0
75%,781.054036024016,900.0
75%,782.4549699799866,900.0
75%,783.8559039359573,900.0
75%,785.256837891928,900.0
75%,786.6577718478986,900.0
75%,788.0587058038693,900.0
75%,789.4596397598399,900.0
75%,790.8605737158105,900.0
75%,792.2615076717811,900.0
75%,793.6624416277518,900.0
75%,795.0633755837225,900.0
75%,796.4643095396932,900.0
75%,797.8652434956638,900.0
75%,799.2661774516343,900.0
75%,800.667111407605,900.0
75%,802.0680453635757,900.0
75%,803.4689793195464,900.0
75%,804.869913275517,900.0
75%,806.2708472314877,900.0
75%,807.6717811874582,900.0
75%,809.0727151434289,900.0
75%,810.4736490993996,900.0
75%,811.8745830553703,900.0
75%,813.2755170113409,900.0
75%,814.6764509673116,900.0
75%,816.0773849232821,900.0
75%,817.4783188792528,900.0
75%,818.8792528352235,900.0
75%,820.2801867911942,900.0
75%,821.6811207471648,900.0
75%,823.0820547031354,900.0
75%,824.482988659106,900.0
75%,825.8839226150767,900.0
75%,827.2848565710474,900.0
75%,828.6857905270181,900.0
75%,830.0867244829886,900.0
75%,831.4876584389592,900.0
75%,832.8885923949299,900.0
75%,834.2895263509006,900.0
75%,835.6904603068713,900.0
75%,837.091394262842,900.0
75%,838.4923282188125,900.0
75%,839.8932621747831,900.0
75%,841.2941961307538,900.0
75%,842.6951300867245,900.0
75%,844.0960640426952,900.0
75%,845.4969979986658,900.0
75%,846.8979319546364,900.0
75%,848.298865910607,900.0
75%,849.6997998665777,900.0
75%,851.1007338225484,900.0
75%,852.501667778519,900.0
75%,853.9026017344897,900.0
75%,855.3035356904603,900.0
75%,856.7044696464309,900.0
75%,858.1054036024016,900.0
75%,859.5063375583723,900.0
75%,860.9072715143429,900.0
75%,862.3082054703135,900.0
75%,863.7091394262842,900.0
75%,865.1100733822548,900.0
75%,866.5110073382255,900.0
75%,867.9119412941961,900.0
75%,869.3128752501668,900.0
75%,870.7138092061374,900.0
75%,872.1147431621081,900.0
75%,873.5156771180787,900.0
75%,874.9166110740493,900.0
75%,876.31754503002,900.0
75%,877.7184789859907,900.0
75%,879.1194129419613,900.0
75%,880.520346897932,900.0000000000001
75%,881.9212808539025,900.0000000000001
75%,883.3222148098732,900.0000000000001
75%,884.7231487658439,900.0000000000001
75%,886.1240827218146,900.0000000000001
75%,887.5250166777852,900.0000000000002
75%,888.9259506337557,900.0000000000002
75%,890.3268845897264,900.0000000000003
75%,891.7278185456971,900.0000000000003
75%,893.1287525016678,900.0000000000005
75%,894.5296864576385,900.0000000000006
75%,895.9306204136091,900.0000000000007
75%,897.3315543695796,900.0000000000008
75%,898.7324883255503,900.000000000001
75%,900.133422281521,900.0000000000013
75%,901.5343562374917,900.0000000000016
75%,902.9352901934624,900.0000000000019
75%,904.336224149433,900.0000000000024
75%,905.7371581054035,900.000000000003
75%,907.1380920613742,900.0000000000036
75%,908.5390260173449,900.0000000000044
75%,909.9399599733156,900.0000000000053
75%,911.3408939292862,900.0000000000066
75%,912.7418278852568,900.0000000000081
75%,914.1427618412275,900.0000000000099
75%,915.5436957971981,900.0000000000122
75%,916.9446297531688,900.0000000000148
75%,918.3455637091395,900.0000000000181
75%,919.74649766511,900.0000000000222
75%,921.1474316210807,900.000000000027
75%,922.5483655770514,900.000000000033
75%,923.949299533022,900.0000000000401
75%,925.3502334889927,900.0000000000489
75%,926.7511674449632,900.0000000000595
75%,928.1521014009339,900.0000000000723
75%,929.5530353569046,900.0000000000879
75%,930.9539693128752,900.0000000001068
75%,932.3549032688459,900.0000000001295
75%,933.7558372248166,900.0000000001571
75%,935.1567711807871,900.0000000001904
75%,936.5577051367578,900.0000000002307
75%,937.9586390927285,900.0000000002793
75%,939.3595730486991,900.0000000003379
75%,940.7605070046698,900.0000000004086
75%,942.1614409606404,900.0000000004936
75%,943.562374916611,900.0000000005961
75%,944.9633088725817,900.0000000007193
75%,946.3642428285524,900.0000000008674
75%,947.765176784523,900.0000000010455
75%,949.1661107404937,900.0000000012591
75%,950.5670446964643,900.0000000015154
75%,951.9679786524349,900.0000000018227
75%,953.3689126084056,900.000000002191
75%,954.7698465643763,900.000000002632
75%,956.1707805203469,900.0000000031596
75%,957.5717144763175,900.0000000037905
75%,958.9726484322882,900.0000000045445
75%,960.3735823882588,900.000000005445
75%,961.7745163442295,900.0000000065196
75%,963.1754503002002,900.0000000078013
75%,964.5763842561707,900.0000000093288
75%,965.9773182121414,900.0000000111482
75%,967.3782521681121,900.0000000133139
75%,968.7791861240827,900.0000000158898
75%,970.1801200800534,900.0000000189519
75%,971.581054036024,900.0000000225895
75%,972.9819879919946,900.0000000269076
75%,974.3829219479653,900.0000000320305
75%,975.783855903936,900.0000000381041
75%,977.1847898599066,900.0000000452998
75%,978.5857238158773,900.0000000538195
75%,979.9866577718478,900.0000000639001
75%,981.3875917278185,900.0000000758195
75%,982.7885256837892,900.000000089904
75%,984.1894596397598,900.0000001065357
75%,985.5903935957305,900.0000001261624
75%,986.9913275517011,900.0000001493079
75%,988.3922615076717,900.000000176585
75%,989.7931954636424,900.0000002087098
75%,991.1941294196131,900.000000246519
75%,992.5950633755837,900.0000002909886
75%,993.9959973315543,900.0000003432575
75%,995.396931287525,900.0000004046524
75%,996.7978652434956,900.000000476719
75%,998.1987991994663,900.0000005612562
75%,999.599733155437,900.0000006603558
75%,1001.0006671114076,900.0000007764493
75%,1002.4016010673782,900.0000009123603
75%,1003.8025350233489,900.0000010713662
75%,1005.2034689793195,900.0000012572675
75%,1006.6044029352902,900.0000014744692
75%,1008.0053368912609,900.0000017280724
75%,1009.4062708472314,900.0000020239809
75%,1010.8072048032021,900.000002369022
75%,1012.2081387591728,900.0000027710861
75%,1013.6090727151434,900.000003239285
75%,1015.0100066711141,900.0000037841344
75%,1016.4109406270848,900.0000044177604
75%,1017.8118745830553,900.0000051541375
75%,1019.212808539026,900.0000060093579
75%,1020.6137424949967,900.0000070019398
75%,1022.0146764509673,900.0000081531778
75%,1023.415610406938,900.0000094875412
75%,1024.8165443629086,900.0000110331283
75%,1026.2174783188793,900.0000128221807
75%,1027.61841227485,900.000014891668
75%,1029.0193462308207,900.0000172839513
75%,1030.4202801867912,900.0000200475334
75%,1031.8212141427618,900.0000232379115
75%,1033.2221480987325,900.0000269185381
75%,1034.623082054703,900.0000311619104
75%,1036.0240160106737,900.0000360508005
75%,1037.4249499666444,900.000041679642
75%,1038.825883922615,900.0000481560966
75%,1040.2268178785857,900.0000556028183
75%,1041.6277518345564,900.0000641594397
75%,1043.028685790527,900.0000739848081
75%,1044.4296197464978,900.0000852594977
75%,1045.8305537024683,900.0000981886342
75%,1047.231487658439,900.0001130050621
75%,1048.6324216144096,900.0001299728997
75%,1050.03335557038,900.0001493915207
75%,1051.4342895263508,900.0001716000138
75%,1052.8352234823215,900.0001969821707
75%,1054.2361574382921,900.0002259720627
75%,1055.6370913942628,900.0002590602685
75%,1057.0380253502335,900.0002968008243
75%,1058.4389593062042,900.0003398189743
75%,1059.8398932621749,900.000388819804
75%,1061.2408272181456,900.0004445978515
75%,1062.641761174116,900.000508047797
75%,1064.0426951300867,900.0005801763423
75%,1065.4436290860574,900.0006621154001
75%,1066.8445630420279,900.0007551367269
75%,1068.2454969979985,900.0008606681413
75%,1069.6464309539692,900.0009803114875
75%,1071.04736490994,900.0011158625099
75%,1072.4482988659106,900.0012693328271
75%,1073.8492328218813,900.0014429742039
75%,1075.250166777852,900.0016393053379
75%,1076.6511007338227,900.001861141397
75%,1078.0520346897933,900.0021116265583
75%,1079.4529686457638,900.002394269826
75%,1080.8539026017345,900.0027129844179
75%,1082.2548365577052,900.0030721310433
75%,1083.6557705136756,900.0034765654073
75%,1085.0567044696463,900.0039316903136
75%,1086.457638425617,900.0044435127527
75%,1087.8585723815877,900.0050187063988
75%,1089.2595063375584,900.0056646799632
75%,1090.660440293529,900.0063896518843
75%,1092.0613742494997,900.0072027318636
75%,1093.4623082054704,900.0081140097934
75%,1094.863242161441,900.0091346526525
75%,1096.2641761174116,900.0102770099844
75%,1097.6651100733823,900.0115547286069
75%,1099.0660440293527,900.0129828772406
75%,1100.4669779853234,900.0145780817809
75%,1101.867911941294,900.01635867198
75%,1103.2688458972648,900.018344840341
75%,1104.6697798532355,900.0205588140708
75%,1106.0707138092062,900.0230250409766
75%,1107.4716477651768,900.0257703902308
75%,1108.8725817211475,900.0288243689745
75%,1110.2735156771182,900.032219355762
75%,1111.6744496330887,900.0359908518967
75%,1113.0753835890594,900.0401777517404
75%,1114.47631754503,900.0448226331197
75%,1115.8772515010005,900.0499720689847
75%,1117.2781854569712,900.0556769615125
75%,1118.6791194129419,900.0619928998725
75%,1120.0800533689126,900.0689805429048
75%,1121.4809873248832,900.0767060279787
75%,1122.881921280854,900.0852414073252
75%,1124.2828552368246,900.0946651131435
75%,1125.6837891927953,900.1050624527987
75%,1127.084723148766,900.1165261354228
75%,1128.4856571047364,900.1291568312306
75%,1129.8865910607071,900.1430637648522
75%,1131.2875250166778,900.1583653439558
75%,1132.6884589726483,900.1751898244125
75%,1134.089392928619,900.1936760132122
75%,1135.4903268845896,900.2139740102857
75%,1136.8912608405603,900.2362459903331
75%,1138.292194796531,900.2606670256749
75%,1139.6931287525017,900.287425951061
75%,1141.0940627084724,900.3167262712659
75%,1142.494996664443,900.348787112182
75%,1143.8959306204138,900.3838442159869
75%,1145.2968645763842,900.4221509808121
75%,1146.697798532355,900.4639795451714
75%,1148.0987324883254,900.5096219172151
75%,1149.499666444296,900.5593911486799
75%,1150.9006004002667,900.6136225531665
75%,1152.3015343562374,900.6726749681383
75%,1153.702468312208,900.7369320597641
75%,1155.1034022681788,900.8068036694385
75%,1156.5043362241495,900.882727200504
75%,1157.9052701801202,900.9651690433635
75%,1159.3062041360909,901.0546260368236
75%,1160.7071380920613,901.151626963124
75%,1162.108072048032,901.2567340737195
75%,1163.5090060040027,901.3705446424524
75%,1164.9099399599731,901.4936925423247
75%,1166.3108739159438,901.6268498416073
75%,1167.7118078719145,901.7707284145553
75%,1169.1127418278852,901.9260815614953
75%,1170.513675783856,902.0937056325444
75%,1171.9146097398266,902.2744416486855
75%,1173.3155436957973,902.4691769133927
75%,1174.716477651768,902.6788466074444
75%,1176.1174116077386,902.9044353590044
75%,1177.518345563709,903.1469787804924
75%,1178.9192795196798,903.4075649631907
75%,1180.3202134756505,903.6873359199784
75%,1181.721147431621,903.9874889660169
75%,1183.1220813875916,904.3092780266602
75%,1184.5230153435623,904.6540148613244
75%,1185.923949299533,905.023070191524
75%,1187.3248832555037,905.4178747207827
75%,1188.7258172114744,905.8399200336459
75%,1190.126751167445,906.2907593605779
75%,1191.5276851234157,906.7720081951162
75%,1192.9286190793864,907.2853447492824
75%,1194.3295530353569,907.8325102329301
75%,1195.7304869913276,908.415308942437
75%,1197.1314209472982,909.0356081439371
75%,1198.5323549032687,909.6953377361345
75%,1199.9332888592394,910.3964896776695
75%,1201.33422281521,911.1411171639895
75%,1202.7351567711808,911.931333538765
75%,1204.1360907271514,912.7693109250403
75%,1205.5370246831221,913.6572785615705
75%,1206.9379586390928,914.5975208301355
75%,1208.3388925950635,915.5923749600778
75%,1209.739826551034,916.6442283968609
75%,1211.1407605070046,917.7555158221111
75%,1212.5416944629753,918.9287158133795
75%,1213.9426284189458,920.1663471327581
75%,1215.3435623749165,921.4709646344892
75%,1216.7444963308872,922.8451547828424
75%,1218.1454302868578,924.2915307727856
75%,1219.5463642428285,925.8127272473488
75%,1220.9472981987992,927.41139460708
75%,1222.34823215477,929.0901929086028
75%,1223.7491661107406,930.8517853510255
75%,1225.1501000667113,932.6988313507981
75%,1226.5510340226817,934.6339792075772
75%,1227.9519679786524,936.6598583657255
75%,1229.352901934623,938.7790712782364
75%,1230.7538358905936,940.9941848821466
75%,1232.1547698465642,943.3077216968361
75%,1233.555703802535,945.7221505590411
75%,1234.9566377585056,948.2398770108995
75%,1236.3575717144763,950.8632333598885
75%,1237.758505670447,953.5944684321028
75%,1239.1594396264177,956.4357370429432
75%,1240.5603735823884,959.3890892119107
75%,1241.961307538359,962.4564591508487
75%,1243.3622414943295,965.6396540575802
75%,1244.7631754503002,968.9403427494939
75%,1246.1641094062709,972.3600441741486
75%,1247.5650433622413,975.9001158364703
75%,1248.965977318212,979.5617421844813
75%,1250.3669112741827,983.3459229977925
75%,1251.7678452301534,987.2534618252713
75%,1253.168779186124,991.2849545203015
75%,1254.5697131420948,995.4407779239292
75%,1255.9706470980655,999.721078747873
75%,1257.3715810540361,1004.1257627108693
75%,1258.7725150100066,1008.6544839830906
75%,1260.1734489659773,1013.3066349944381
75%,1261.574382921948,1018.0813366632703
75%,1262.9753168779184,1022.9774291027016
75%,1264.3762508338891,1027.9934628618228
75%,1265.7771847898598,1033.1276907591568
75%,1267.1781187458305,1038.3780603653372
75%,1268.5790527018012,1043.742207191303
75%,1269.9799866577719,1049.2174486373365
75%,1271.3809206137425,1054.8007787569377
75%,1272.7818545697132,1060.4888638878772
75%,1274.182788525684,1066.2780392007644
75%,1275.5837224816544,1072.1643062131295
75%,1276.984656437625,1078.1433313143393
75%,1278.3855903935957,1084.2104453436298
75%,1279.7865243495662,1090.3606442602104
75%,1281.187458305537,1096.5885909407045
75%,1282.5883922615076,1102.8886181351854
75%,1283.9893262174783,1109.2547326088177
75%,1285.390260173449,1115.680620491493
75%,1286.7911941294196,1122.1596538530343
75%,1288.1921280853903,1128.6848985164395
75%,1289.593062041361,1135.2491231163199
75%,1290.9939959973317,1141.8448094041794
75%,1292.3949299533022,1148.4641637964714
75%,1293.7958639092728,1155.099130155562
75%,1295.1967978652435,1161.7414037877352
75%,1296.597731821214,1168.3824466363862
75%,1297.9986657771847,1175.0135036424329
75%,1299.3995997331554,1181.625620237874
75%,1300.800533689126,1188.2096609323708
75%,1302.2014676450967,1194.7563289466696
75%,1303.6024016010674,1201.2561868407868
75%,1305.003335557038,1207.6996780790532
75%,1306.4042695130088,1214.077149468505
75%,1307.8052034689795,1220.37887440168
75%,1309.20613742495,1226.5950768296887
75%,1310.6070713809206,1232.7159558865542
75%,1312.008005336891,1238.7317110811814
75%,1313.4089392928618,1244.6325679691363
75%,1314.8098732488324,1250.4088042124897
75%,1316.2108072048031,1256.050775932577
75%,1317.6117411607738,1261.5489442574797
75%,1319.0126751167445,1266.893901963492
75%,1320.4136090727152,1272.0764001077619
75%,1321.8145430286859,1277.087374547739
75%,1323.2154769846566,1281.9179722420176
75%,1324.616410940627,1286.559577226664
75%,1326.0173448965977,1291.0038361611612
75%,1327.4182788525684,1295.2426833387055
75%,1328.8192128085389,1299.2683650567583
75%,1330.2201467645095,1303.0734632454703
75%,1331.6210807204802,1306.6509182538746
75%,1333.022014676451,1309.9940506965831
75%,1334.4229486324216,1313.0965822670826
75%,1335.8238825883923,1315.9526554276172
75%,1337.224816544363,1318.5568518900577
75%,1338.6257505003337,1320.9042098070356
75%,1340.0266844563043,1322.9902395979796
75%,1341.4276184122748,1324.8109383404683
75%,1342.8285523682455,1326.3628026635154
75%,1344.2294863242162,1327.6428400859481
75%,1345.6304202801866,1328.6485787499514
75%,1347.0313542361573,1329.3780755070256
75%,1348.432288192128,1329.8299223210633
75%,1349.8332221480987,1330.00325096091
75%,1351.2341561040694,1329.8977359625953
75%,1352.63509006004,1329.5135958493888
75%,1354.0360240160107,1328.8515926058583
75%,1355.4369579719814,1327.9130294101853
75%,1356.8378919279521,1326.6997466370326
75%,1358.2388258839226,1325.2141161512661
75%,1359.6397598398933,1323.459033920708
75%,1361.040693795864,1321.437910983836
75%,1362.4416277518344,1319.1546628158803
75%,1363.842561707805,1316.6136971440671
75%,1365.2434956637758,1313.8199002697786
75%,1366.6444296197465,1310.778621962084
75%,1368.0453635757171,1307.495658993453
75%,1369.4462975316878,1303.9772373943931
75%,1370.8472314876585,1300.2299935092822
75%,1372.2481654436292,1296.2609539407401
75%,1373.6490993995997,1292.0775144744566
75%,1375.0500333555703,1287.687418080493
75%,1376.450967311541,1283.0987320906343
75%,1377.8519012675115,1278.3198246543752
75%,1379.2528352234822,1273.359340578613
75%,1380.6537691794529,1268.2261766580207
75%,1382.0547031354236,1262.9294566044111
75%,1383.4556370913942,1257.4785056841724
75%,1384.856571047365,1251.8828251730665
75%,1386.2575050033356,1246.1520667373065
75%,1387.6584389593063,1240.2960068489197
75%,1389.059372915277,1234.3245213419264
75%,1390.4603068712474,1228.2475602138866
75%,1391.8612408272181,1222.0751227748258
75%,1393.2621747831888,1215.8172332425884
75%,1394.6631087391593,1209.4839168801402
75%,1396.06404269513,1203.0851767664526
75%,1397.4649766511006,1196.6309712882485
75%,1398.8659106070713,1190.1311924351276
75%,1400.266844563042,1183.5956449755213
75%,1401.6677785190127,1177.0340265854672
75%,1403.0687124749834,1170.4559089964891
75%,1404.469646430954,1163.8707202228502
75%,1405.8705803869248,1157.2877279222485
75%,1407.2715143428952,1150.716023937595
75%,1408.672448298866,1144.1645100609308
75%,1410.0733822548366,1137.64188505387
75%,1411.474316210807,1131.1566329521238
75%,1412.8752501667777,1124.7170126748438
75%,1414.2761841227484,1118.3310489526634
75%,1415.677118078719,1112.0065245814235
75%,1417.0780520346898,1105.7509740018006
75%,1418.4789859906605,1099.5716781982958
75%,1419.8799199466312,1093.4756609044116
75%,1421.2808539026018,1087.4696860943518
75%,1422.6817878585723,1081.5602567352412
75%,1424.082721814543,1075.7536147676906
75%,1425.4836557705137,1070.0557422766224
75%,1426.8845897264844,1064.4723638085172
75%,1428.285523682455,1059.0089497858191
75%,1429.6864576384255,1053.6707209640288
75%,1431.0873915943962,1048.4626538721238
75%,1432.4883255503669,1043.3894871723678
75%,1433.8892595063376,1038.4557288712722
75%,1435.2901934623083,1033.6656643095762
75%,1436.691127418279,1029.0233648555068
75%,1438.0920613742494,1024.532697222355
75%,1439.49299533022,1020.197333328553
75%,1440.8939292861908,1016.0207606159556
75%,1442.2948632421615,1012.0062927399202
75%,1443.6957971981321,1008.1570805430916
75%,1445.0967311541028,1004.4761232234732
75%,1446.4976651100733,1000.9662796064669
75%,1447.898599066044,997.6302794300514
75%,1449.2995330220147,994.4707345521866
75%,1450.7004669779853,991.4901499898305
75%,1452.101400933956,988.6909346996935
75%,1453.5023348899265,986.0754120119989
75%,1454.9032688458972,983.6458296300596
75%,1456.3042028018679,981.4043691104673
75%,1457.7051367578385,979.3531547410574
75%,1459.1060707138092,977.494261736613
75%,1460.50700466978,975.8297236754685
75%,1461.9079386257504,974.3615391037814
75%,1463.308872581721,973.0916772382385
75%,1464.7098065376917,972.0220827023725
75%,1466.1107404936624,971.1546792364381
75%,1467.5116744496331,970.4913723259746
75%,1468.9126084056038,970.0340506997077
75%,1470.3135423615743,969.7845866533413
75%,1471.714476317545,969.7448351620228
75%,1473.1154102735156,969.9166317508383
75%,1474.5163442294863,970.3017890995711
75%,1475.917278185457,970.9020923651295
75%,1477.3182121414277,971.7192932125004
75%,1478.7191460973982,972.7551025527775
75%,1480.1200800533688,974.0111819947294
75%,1481.5210140093395,975.4891340244818
75%,1482.9219479653102,977.1904909361629
75%,1484.322881921281,979.1167025447558
75%,1485.7238158772516,981.2691227208929
75%,1487.124749833222,983.648994795865
75%,1488.5256837891927,986.257435893671
75%,1489.9266177451634,989.0954202554356
75%,1491.327551701134,992.1637616299677
75%,1492.7284856571048,995.463094812513
75%,1494.1294196130755,998.9938564218769
75%,1495.530353569046,1002.7562650139657
75%,1496.9312875250166,1006.750300637383
75%,1498.3322214809873,1010.9756839439431
75%,1499.733155436958,1015.4318549738165
75%,1501.1340893929287,1020.1179517413752
75%,1502.5350233488994,1025.0327887536682
75%,1503.9359573048698,1030.1748355987356
75%,1505.3368912608405,1035.542195745621
75%,1506.7378252168112,1041.1325857018883
75%,1508.1387591727819,1046.943314677703
75%,1509.5396931287526,1052.9712649079495
75%,1510.940627084723,1059.2128727854706
75%,1512.3415610406937,1065.6641109592529
75%,1513.7424949966644,1072.3204715511579
75%,1515.143428952635,1079.1769506437095
75%,1516.5443629086058,1086.2280341892774
75%,1517.9452968645764,1093.4676854879058
75%,1519.346230820547,1100.8893343768784
75%,1520.7471647765176,1108.4858682699455
75%,1522.1480987324883,1116.2496251779132
75%,1523.549032688459,1124.1723888350919
75%,1524.9499666444297,1132.245386047808
75%,1526.3509006004003,1140.4592863719586
75%,1527.7518345563708,1148.8042042163534
75%,1529.1527685123415,1157.2697034574533
75%,1530.5537024683122,1165.8448046390376
75%,1531.9546364242829,1174.5179948175141
75%,1533.3555703802535,1183.277240099883
75%,1534.7565043362242,1192.1100009070558
75%,1536.1574382921947,1201.0032499802296
75%,1537.5583722481654,1209.9434931325268
75%,1538.959306204136,1218.9167927321016
75%,1540.3602401601067,1227.9087938866546
75%,1541.7611741160774,1236.9047532826744
75%,1543.162108072048,1245.8895706160524
75%,1544.5630420280186,1254.8478225339663
75%,1545.9639759839893,1263.7637989912992
75%,1547.36490993996,1272.6215419083874
75%,1548.7658438959306,1281.404886000836
75%,1550.1667778519013,1290.0975016364264
75%,1551.567711807872,1298.6829395590757
75%,1552.9686457638425,1307.1446773053995
75%,1554.3695797198131,1315.466167125836
75%,1555.7705136757838,1323.6308852095817
75%,1557.1714476317545,1331.6223820009814
75%,1558.5723815877252,1339.4243333844402
75%,1559.9733155436957,1347.0205925056553
75%,1561.3742494996663,1354.3952419889683
75%,1562.775183455637,1361.532646304028
75%,1564.1761174116077,1368.417504029855
75%,1565.5770513675784,1375.034899760757
75%,1566.977985323549,1381.3703553965263
75%,1568.3789192795196,1387.409880558917
75%,1569.7798532354902,1393.1400218776248
75%,1571.180787191461,1398.5479108918255
75%,1572.5817211474316,1403.6213103178738
75%,1573.9826551034023,1408.3486584398881
75%,1575.383589059373,1412.7191113877184
75%,1576.7845230153434,1416.7225830761322
75%,1578.1854569713141,1420.3497825899199
75%,1579.5863909272848,1423.5922488119268
75%,1580.9873248832555,1426.4423821047517
75%,1582.3882588392262,1428.8934728718386
75%,1583.7891927951969,1430.939726839907
75%,1585.1901267511673,1432.5762869219664
75%,1586.591060707138,1433.7992515384412
75%,1587.9919946631087,1434.6056892930649
75%,1589.3929286190794,1434.9936499200512
75%,1590.79386257505,1434.9621714394912
75%,1592.1947965310208,1434.511283478791
75%,1593.5957304869912,1433.6420067391325
75%,1594.996664442962,1432.356348607245
75%,1596.3975983989326,1430.6572949340814
75%,1597.7985323549033,1428.5487980231192
75%,1599.199466310874,1426.0357608918537
75%,1600.6004002668446,1423.124017890421
75%,1602.001334222815,1419.8203117810751
75%,1603.4022681787858,1416.1322674012863
75%,1604.8032021347565,1412.06836205143
75%,1606.2041360907272,1407.6378927652088
75%,1607.6050700466978,1402.8509406370626
75%,1609.0060040026685,1397.718332395705
75%,1610.406937958639,1392.251599426498
75%,1611.8078719146097,1386.4629344575776
75%,1613.2088058705804,1380.365146135382
75%,1614.609739826551,1373.9716117244182
75%,1616.0106737825217,1367.296228173773
75%,1617.4116077384922,1360.3533617988871
75%,1618.8125416944629,1353.1577968315132
75%,1620.2134756504336,1345.724683093569
75%,1621.6144096064043,1338.069483051683
75%,1623.015343562375,1330.2079185087819
75%,1624.4162775183456,1322.155917186965
75%,1625.817211474316,1313.9295594522864
75%,1627.2181454302868,1305.5450254269206
75%,1628.6190793862575,1297.0185427276572
75%,1630.0200133422281,1288.3663350616775
75%,1631.4209472981988,1279.6045719014062
75%,1632.8218812541695,1270.7493194497883
75%,1634.22281521014,1261.8164930958537
75%,1635.6237491661107,1252.8218115479185
75%,1637.0246831220813,1243.780752818429
75%,1638.425617078052,1234.7085122202514
75%,1639.8265510340227,1225.6199625194727
75%,1641.2274849899934,1216.5296163744024
75%,1642.6284189459639,1207.4515911747458
75%,1644.0293529019345,1198.3995763788714
75%,1645.4302868579052,1189.386803430908
75%,1646.831220813876,1180.4260183231147
75%,1648.2321547698466,1171.529456852797
75%,1649.6330887258173,1162.7088226069977
75%,1651.0340226817877,1153.9752676924422
75%,1652.4349566377584,1145.339376212836
75%,1653.8358905937291,1136.8111504807453
75%,1655.2368245496998,1128.399999936898
75%,1656.6377585056705,1120.1147327361075
75%,1658.0386924616412,1111.963549946002
75%,1659.4396264176116,1103.954042292571
75%,1660.8405603735823,1096.0931893751588
75%,1662.241494329553,1088.387361263109
75%,1663.6424282855237,1080.8423223766624
75%,1665.0433622414944,1073.4632375461852
75%,1666.444296197465,1066.2546801361702
75%,1667.8452301534355,1059.2206421138649
75%,1669.2461641094062,1052.3645459367663
75%,1670.647098065377,1045.6892581286509
75%,1672.0480320213476,1039.1971044101529
75%,1673.4489659773183,1032.889886247317
75%,1674.8498999332887,1026.7688986798435
75%,1676.2508338892594,1020.8349492899818
75%,1677.65176784523,1015.0883781731791
75%,1679.0527018012008,1009.5290787725256
75%,1680.4536357571715,1004.156519440841
75%,1681.8545697131422,998.9697655967559
75%,1683.2555036691126,993.9675023443665
75%,1684.6564376250833,989.148057429898
75%,1686.057371581054,984.5094244132814
75%,1687.4583055370247,980.0492859374898
75%,1688.8592394929954,975.7650369839536
75%,1690.260173448966,971.6538080081915
75%,1691.6611074049365,967.7124878559948
75%,1693.0620413609072,963.9377463669568
75%,1694.4629753168779,960.32605657885
75%,1695.8639092728486,956.8737164531814
75%,1697.2648432288192,953.5768700492478
75%,1698.66577718479,950.4315280810139
75%,1700.0667111407604,947.4335877981698
75%,1701.467645096731,944.5788521396964
75%,1702.8685790527018,941.8630481151661
75%,1704.2695130086724,939.2818443757479
75%,1705.6704469646431,936.8308679434932
75%,1707.0713809206138,934.5057200738438
75%,1708.4723148765843,932.3019912324606
75%,1709.873248832555,930.2152751733469
75%,1711.2741827885256,928.241182110842
75%,1712.6751167444963,926.3753509833376
75%,1714.076050700467,924.6134608115403
75%,1715.4769846564377,922.951241158725
75%,1716.8779186124082,921.3844817046989
75%,1718.2788525683789,919.9090409491236
75%,1719.6797865243495,918.52085406341
75%,1721.0807204803202,917.2159399136038
75%,1722.481654436291,915.9904072795459
75%,1723.8825883922616,914.8404602980846
75%,1725.283522348232,913.76240316029
75%,1726.6844563042027,912.7526440944416
75%,1728.0853902601734,911.8076986680728
75%,1729.486324216144,910.9241924435471
75%,1730.8872581721148,910.0988630225497
75%,1732.2881921280853,909.3285615154941
75%,1733.689126084056,908.6102534722049
75%,1735.0900600400266,907.9410193103514
75%,1736.4909939959973,907.3180542779859
75%,1737.891927951968,906.738667986219
75%,1739.2928619079387,906.200283547544
75%,1740.6937958639091,905.7004363546263
75%,1742.0947298198798,905.2367725335305
75%,1743.4956637758505,904.807047104374
75%,1744.8965977318212,904.4091218812808
75%,1746.297531687792,904.0409631423156
75%,1747.6984656437626,903.7006390987692
75%,1749.099399599733,903.3863171918155
75%,1750.5003335557037,903.096261243127
75%,1751.9012675116744,902.828828484586
75%,1753.302201467645,902.5824664907295
75%,1754.7031354236158,902.3557100360687
75%,1756.1040693795865,902.1471778979094
75%,1757.505003335557,901.9555696238008
75%,1758.9059372915276,901.7796622812538
75%,1760.3068712474983,901.6183072059036
75%,1761.707805203469,901.470426762872
75%,1763.1087391594397,901.3350111346813
75%,1764.5096731154104,901.2111151477418
75%,1765.9106070713808,901.0978551481253
75%,1767.3115410273515,900.9944059361076
75%,1768.7124749833222,900.8999977677734
75%,1770.1134089392929,900.8139134308539
75%,1771.5143428952636,900.735485400911
75%,1772.9152768512342,900.664093082978
75%,1774.3162108072047,900.5991601428385
75%,1775.7171447631754,900.5401519312535
75%,1777.118078719146,900.4865730036412
75%,1778.5190126751168,900.4379647369735
75%,1779.9199466310874,900.3939030449727
75%,1781.320880587058,900.3539961920695
75%,1782.7218145430286,900.3178827060298
75%,1784.1227484989993,900.2852293886423
75%,1785.52368245497,900.2557294234224
75%,1786.9246164109406,900.2291005788761
75%,1788.3255503669113,900.2050835055298
75%,1789.7264843228818,900.1834401246225
75%,1791.1274182788525,900.1639521061009
75%,1792.5283522348232,900.1464194333403
75%,1793.9292861907938,900.1306590518341
75%,1795.3302201467645,900.1165035989492
75%,1796.7311541027352,900.1038002117352
75%,1798.1320880587057,900.0924094096924
75%,1799.5330220146764,900.0822040493467
75%,1800.933955970647,900.0730683474534
75%,1802.3348899266177,900.06489696964
75%,1803.7358238825884,900.0575941813134
75%,1805.136757838559,900.0510730576816
75%,1806.5376917945296,900.0452547497889
75%,1807.9386257505003,900.0400678035204
75%,1809.339559706471,900.0354475285995
75%,1810.7404936624416,900.0313354146821
75%,1812.1414276184123,900.0276785917401
75%,1813.542361574383,900.0244293320187
75%,1814.9432955303535,900.0215445909506
75%,1816.3442294863241,900.0189855845163
75%,1817.7451634422948,900.0167174006426
75%,1819.1460973982655,900.01470864234
75%,1820.5470313542362,900.0129311003878
75%,1821.9479653102069,900.0113594534866
75%,1823.3488992661773,900.0099709939005
75%,1824.749833222148,900.0087453767238
75%,1826.1507671781187,900.0076643910077
75%,1827.5517011340894,900.0067117510858
75%,1828.95263509006,900.0058729065381
75%,1830.3535690460308,900.0051348693255
75%,1831.7545030020012,900.0044860567277
75%,1833.155436957972,900.0039161487981
75%,1834.5563709139426,900.0034159591415
75%,1835.9573048699133,900.0029773179012
75%,1837.358238825884,900.0025929659187
75%,1838.7591727818544,900.0022564591058
75%,1840.1601067378251,900.0019620821391
75%,1841.5610406937958,900.0017047706523
75%,1842.9619746497665,900.0014800411658
75%,1844.3629086057372,900.001283928054
75%,1845.7638425617079,900.0011129269019
75%,1847.1647765176783,900.0009639436597
75%,1848.565710473649,900.0008342490495
75%,1849.9666444296197,900.0007214377252
75%,1851.3675783855904,900.0006233917284
75%,1852.768512341561,900.0005382478217
75%,1854.1694462975317,900.0004643683213
75%,1855.5703802535022,900.0004003150777
75%,1856.971314209473,900.00034482629
75%,1858.3722481654436,900.0002967958675
75%,1859.7731821214143,900.0002552550768
75%,1861.174116077385,900.0002193562365
75%,1862.5750500333556,900.0001883582481
75%,1863.975983989326,900.0001616137686
75%,1865.3769179452968,900.0001385578486
75%,1866.7778519012675,900.0001186978803
75%,1868.1787858572382,900.0001016047133
75%,1869.5797198132088,900.000086904808
75%,1870.9806537691795,900.0000742733158
75%,1872.38158772515,900.00006342798
75%,1873.7825216811207,900.0000541237657
75%,1875.1834556370914,900.0000461481388
75%,1876.584389593062,900.000039316915
75%,1877.9853235490327,900.0000334706183
75%,1879.3862575050034,900.0000284712868
75%,1880.7871914609739,900.0000241996739
75%,1882.1881254169446,900.0000205527998
75%,1883.5890593729152,900.0000174418092
75%,1884.989993328886,900.0000147901005
75%,1886.3909272848566,900.000012531694
75%,1887.7918612408273,900.0000106098072
75%,1889.1927951967978,900.000008975616
75%,1890.5937291527684,900.0000075871749
75%,1891.9946631087391,900.0000064084793
75%,1893.3955970647098,900.0000054086506
75%,1894.7965310206805,900.0000045612296
75%,1896.197464976651,900.0000038435629
75%,1897.5983989326216,900.0000032362728
75%,1898.9993328885923,900.0000027227973
75%,1900.400266844563,900.0000022889934
75%,1901.8012008005337,900.0000019227944
75%,1903.2021347565044,900.0000016139134
75%,1904.6030687124749,900.0000013535883
75%,1906.0040026684455,900.0000011343632
75%,1907.4049366244162,900.0000009498973
75%,1908.805870580387,900.0000007948044
75%,1910.2068045363576,900.0000006645121
75%,1911.6077384923283,900.0000005551426
75%,1913.0086724482987,900.00000046341
75%,1914.4096064042694,900.0000003865317
75%,1915.81054036024,900.0000003221544
75%,1917.2114743162108,900.0000002682884
75%,1918.6124082721815,900.0000002232539
75%,1920.0133422281522,900.000000185633
75%,1921.4142761841226,900.0000001542305
75%,1922.8152101400933,900.0000001280396
75%,1924.216144096064,900.000000106213
75%,1925.6170780520347,900.000000088038
75%,1927.0180120080054,900.0000000729158
75%,1928.418945963976,900.0000000603436
75%,1929.8198799199465,900.0000000499001
75%,1931.2208138759172,900.0000000412316
75%,1932.621747831888,900.0000000340422
75%,1934.0226817878586,900.0000000280843
75%,1935.4236157438293,900.000000023151
75%,1936.8245496998,900.0000000190693
75%,1938.2254836557704,900.0000000156949
75%,1939.626417611741,900.0000000129074
75%,1941.0273515677118,900.0000000106068
75%,1942.4282855236825,900.0000000087093
75%,1943.8292194796531,900.0000000071457
75%,1945.2301534356236,900.0000000058582
75%,1946.6310873915943,900.000000004799
75%,1948.032021347565,900.0000000039281
75%,1949.4329553035357,900.0000000032128
75%,1950.8338892595063,900.0000000026256
75%,1952.234823215477,900.0000000021441
75%,1953.6357571714475,900.0000000017495
75%,1955.0366911274182,900.0000000014264
75%,1956.4376250833889,900.0000000011621
75%,1957.8385590393596,900.000000000946
75%,1959.2394929953302,900.0000000007695
75%,1960.640426951301,900.0000000006254
75%,1962.0413609072714,900.000000000508
75%,1963.442294863242,900.0000000004122
75%,1964.8432288192128,900.0000000003342
75%,1966.2441627751834,900.0000000002708
75%,1967.6450967311541,900.0000000002192
75%,1969.0460306871248,900.0000000001774
75%,1970.4469646430953,900.0000000001434
75%,1971.847898599066,900.0000000001157
75%,1973.2488325550366,900.0000000000935
75%,1974.6497665110073,900.0000000000754
75%,1976.050700466978,900.0000000000607
75%,1977.4516344229487,900.0000000000489
75%,1978.8525683789192,900.0000000000393
75%,1980.2535023348898,900.0000000000316
75%,1981.6544362908605,900.0000000000254
75%,1983.0553702468312,900.0000000000203
75%,1984.456304202802,900.0000000000164
75%,1985.8572381587726,900.0000000000131
75%,1987.258172114743,900.0000000000105
75%,1988.6591060707137,900.0000000000084
75%,1990.0600400266844,900.0000000000067
75%,1991.460973982655,900.0000000000053
75%,1992.8619079386258,900.0000000000043
75%,1994.2628418945965,900.0000000000034
75%,1995.663775850567,900.0000000000027
75%,1997.0647098065376,900.0000000000022
75%,1998.4656437625083,900.0000000000017
75%,1999.866577718479,900.0000000000014
75%,2001.2675116744497,900.0000000000011
75%,2002.6684456304201,900.0000000000009
75%,2004.0693795863908,900.0000000000007
75%,2005.4703135423615,900.0000000000006
75%,2006.8712474983322,900.0000000000005
75%,2008.2721814543029,900.0000000000003
75%,2009.6731154102736,900.0000000000002
75%,2011.074049366244,900.0000000000002
75%,2012.4749833222147,900.0000000000001
75%,2013.8759172781854,900.0000000000001
75%,2015.276851234156,900.0000000000001
75%,2016.6777851901268,900.0000000000001
75%,2018.0787191460975,900.0000000000001
75%,2019.479653102068,900.0
75%,2020.8805870580386,900.0
75%,2022.2815210140093,900.0
75%,2023.68245496998,900.0
75%,2025.0833889259507,900.0
75%,2026.4843228819213,900.0
75%,2027.8852568378918,900.0
75%,2029.2861907938625,900.0
75%,2030.6871247498332,900.0
75%,2032.0880587058039,900.0
75%,2033.4889926617745,900.0
75%,2034.8899266177452,900.0
75%,2036.2908605737157,900.0
75%,2037.6917945296864,900.0
75%,2039.092728485657,900.0
75%,2040.4936624416277,900.0
75%,2041.8945963975984,900.0
75%,2043.2955303535691,900.0
75%,2044.6964643095396,900.0
75%,2046.0973982655103,900.0
75%,2047.498332221481,900.0
75%,2048.899266177452,900.0
75%,2050.3002001334225,900.0
75%,2051.7011340893932,900.0
75%,2053.1020680453635,900.0
75%,2054.503002001334,900.0
75%,2055.903935957305,900.0
75%,2057.3048699132755,900.0
75%,2058.705803869246,900.0
75%,2060.1067378252164,900.0
75%,2061.507671781187,900.0
75%,2062.908605737158,900.0
75%,2064.3095396931285,900.0
75%,2065.710473649099,900.0
75%,2067.11140760507,900.0
75%,2068.5123415610406,900.0
75%,2069.9132755170112,900.0
75%,2071.314209472982,900.0
75%,2072.7151434289526,900.0
75%,2074.1160773849233,900.0
75%,2075.517011340894,900.0
75%,2076.9179452968647,900.0
75%,2078.3188792528354,900.0
75%,2079.719813208806,900.0
75%,2081.1207471647767,900.0
75%,2082.5216811207474,900.0
75%,2083.922615076718,900.0
75%,2085.3235490326883,900.0
75%,2086.724482988659,900.0
75%,2088.1254169446297,900.0
75%,2089.5263509006004,900.0
75%,2090.927284856571,900.0
75%,2092.3282188125418,900.0
75%,2093.729152768512,900.0
75%,2095.1300867244827,900.0
75%,2096.5310206804534,900.0
75%,2097.931954636424,900.0
75%,2099.3328885923947,900.0
75%,2100.7338225483654,900.0
75%,2102.134756504336,900.0
75%,2103.535690460307,900.0
75%,2104.9366244162775,900.0
75%,2106.337558372248,900.0
75%,2107.738492328219,900.0
75%,2109.1394262841895,900.0
75%,2110.54036024016,900.0
75%,2111.941294196131,900.0
75%,2113.3422281521016,900.0
75%,2114.7431621080723,900.0
75%,2116.144096064043,900.0
75%,2117.545030020013,900.0
75%,2118.945963975984,900.0
75%,2120.3468979319546,900.0
75%,2121.7478318879253,900.0
75%,2123.148765843896,900.0
75%,2124.5496997998666,900.0
75%,2125.950633755837,900.0
75%,2127.3515677118075,900.0
75%,2128.7525016677782,900.0
75%,2130.153435623749,900.0
75%,2131.5543695797196,900.0
75%,2132.9553035356903,900.0
75%,2134.356237491661,900.0
75%,2135.7571714476317,900.0
75%,2137.1581054036023,900.0
75%,2138.559039359573,900.0
75%,2139.9599733155437,900.0
75%,2141.3609072715144,900.0
75%,2142.761841227485,900.0
75%,2144.162775183456,900.0
75%,2145.5637091394265,900.0
75%,2146.964643095397,900.0
75%,2148.365577051368,900.0
75%,2149.7665110073385,900.0
75%,2151.1674449633088,900.0
75%,2152.5683789192794,900.0
75%,2153.96931287525,900.0
75%,2155.370246831221,900.0
75%,2156.7711807871915,900.0
75%,2158.172114743162,900.0
75%,2159.5730486991324,900.0
75%,2160.973982655103,900.0
75%,2162.374916611074,900.0
75%,2163.7758505670445,900.0
75%,2165.176784523015,900.0
75%,2166.577718478986,900.0
75%,2167.9786524349565,900.0
75%,2169.379586390927,900.0
75%,2170.780520346898,900.0
75%,2172.1814543028686,900.0
75%,2173.5823882588393,900.0
75%,2174.98332221481,900.0
75%,2176.3842561707806,900.0
75%,2177.7851901267513,900.0
75%,2179.186124082722,900.0
75%,2180.5870580386927,900.0
75%,2181.9879919946634,900.0
75%,2183.3889259506336,900.0
75%,2184.7898599066043,900.0
75%,2186.190793862575,900.0
75%,2187.5917278185457,900.0
75%,2188.9926617745164,900.0
75%,2190.393595730487,900.0
75%,2191.7945296864573,900.0
75%,2193.195463642428,900.0
75%,2194.5963975983987,900.0
75%,2195.9973315543693,900.0
75%,2197.39826551034,900.0
75%,2198.7991994663107,900.0
75%,2200.2001334222814,900.0
75%,2201.601067378252,900.0
75%,2203.0020013342228,900.0
75%,2204.4029352901935,900.0
75%,2205.803869246164,900.0
75%,2207.204803202135,900.0
75%,2208.6057371581055,900.0
75%,2210.006671114076,900.0
75%,2211.407605070047,900.0
75%,2212.8085390260176,900.0
75%,2214.2094729819883,900.0
75%,2215.610406937959,900.0
75%,2217.011340893929,900.0
75%,2218.4122748499,900.0
75%,2219.8132088058705,900.0
75%,2221.2141427618412,900.0
75%,2222.615076717812,900.0
75%,2224.016010673782,900.0
75%,2225.416944629753,900.0
75%,2226.8178785857235,900.0
75%,2228.218812541694,900.0
75%,2229.619746497665,900.0
75%,2231.0206804536356,900.0
75%,2232.4216144096063,900.0
75%,2233.822548365577,900.0
75%,2235.2234823215476,900.0
75%,2236.6244162775183,900.0
75%,2238.025350233489,900.0
75%,2239.4262841894597,900.0
75%,2240.8272181454304,900.0
75%,2242.228152101401,900.0
75%,2243.6290860573718,900.0
75%,2245.0300200133424,900.0
75%,2246.430953969313,900.0
75%,2247.831887925284,900.0
75%,2249.232821881254,900.0
75%,2250.6337558372247,900.0
75%,2252.0346897931954,900.0
75%,2253.435623749166,900.0
75%,2254.836557705137,900.0
75%,2256.2374916611075,900.0
75%,2257.6384256170777,900.0
75%,2259.0393595730484,900.0
75%,2260.440293529019,900.0
75%,2261.8412274849898,900.0
75%,2263.2421614409604,900.0
75%,2264.643095396931,900.0
75%,2266.044029352902,900.0
75%,2267.4449633088725,900.0
75%,2268.845897264843,900.0
75%,2270.246831220814,900.0
75%,2271.6477651767846,900.0
75%,2273.0486991327552,900.0
75%,2274.449633088726,900.0
75%,2275.8505670446966,900.0
75%,2277.2515010006673,900.0
75%,2278.652434956638,900.0
75%,2280.0533689126087,900.0
75%,2281.454302868579,900.0
75%,2282.8552368245496,900.0
75%,2284.2561707805203,900.0
75%,2285.657104736491,900.0
75%,2287.0580386924617,900.0
75%,2288.4589726484323,900.0
75%,2289.8599066044026,900.0
75%,2291.2608405603733,900.0
75%,2292.661774516344,900.0
75%,2294.0627084723146,900.0
75%,2295.4636424282853,900.0
75%,2296.864576384256,900.0
75%,2298.2655103402267,900.0
75%,2299.6664442961974,900.0
75%,2301.067378252168,900.0
75%,2302.4683122081387,900.0
75%,2303.8692461641094,900.0
75%,2305.27018012008,900.0
75%,2306.671114076051,900.0
75%,2308.0720480320215,900.0
75%,2309.472981987992,900.0
75%,2310.873915943963,900.0
75%,2312.2748498999335,900.0
75%,2313.6757838559042,900.0
75%,2315.0767178118745,900.0
75%,2316.477651767845,900.0
75%,2317.878585723816,900.0
75%,2319.2795196797865,900.0
75%,2320.680453635757,900.0
75%,2322.081387591728,900.0
75%,2323.482321547698,900.0
75%,2324.883255503669,900.0
75%,2326.2841894596395,900.0
75%,2327.68512341561,900.0
75%,2329.086057371581,900.0
75%,2330.4869913275516,900.0
75%,2331.8879252835222,900.0
75%,2333.288859239493,900.0
75%,2334.6897931954636,900.0
75%,2336.0907271514343,900.0
75%,2337.491661107405,900.0
75%,2338.8925950633757,900.0
75%,2340.2935290193464,900.0
75%,2341.694462975317,900.0
75%,2343.0953969312877,900.0
75%,2344.4963308872584,900.0
75%,2345.897264843229,900.0
75%,2347.2981987991993,900.0
75%,2348.69913275517,900.0
75%,2350.1000667111407,900.0
75%,2351.5010006671114,900.0
75%,2352.901934623082,900.0
75%,2354.3028685790528,900.0
75%,2355.703802535023,900.0
75%,2357.1047364909937,900.0
75%,2358.5056704469644,900.0
75%,2359.906604402935,900.0
75%,2361.3075383589057,900.0
75%,2362.7084723148764,900.0
75%,2364.109406270847,900.0
75%,2365.510340226818,900.0
75%,2366.9112741827885,900.0
75%,2368.312208138759,900.0
75%,2369.71314209473,900.0
75%,2371.1140760507005,900.0
75%,2372.515010006671,900.0
75%,2373.915943962642,900.0
75%,2375.3168779186126,900.0
75%,2376.7178118745833,900.0
75%,2378.118745830554,900.0
75%,2379.5196797865246,900.0
75%,2380.920613742495,900.0
75%,2382.3215476984656,900.0
75%,2383.7224816544363,900.0
75%,2385.123415610407,900.0
75%,2386.5243495663776,900.0
75%,2387.925283522348,900.0
75%,2389.3262174783185,900.0
75%,2390.727151434289,900.0
75%,2392.12808539026,900.0
75%,2393.5290193462306,900.0
75%,2394.9299533022013,900.0
75%,2396.330887258172,900.0
75%,2397.7318212141427,900.0
75%,2399.1327551701133,900.0
75%,2400.533689126084,900.0
75%,2401.9346230820547,900.0
75%,2403.3355570380254,900.0
75%,2404.736490993996,900.0
75%,2406.1374249499668,900.0
75%,2407.5383589059375,900.0
75%,2408.939292861908,900.0
75%,2410.340226817879,900.0
75%,2411.7411607738495,900.0
75%,2413.1420947298197,900.0
75%,2414.5430286857904,900.0
75%,2415.943962641761,900.0
75%,2417.344896597732,900.0
75%,2418.7458305537025,900.0
75%,2420.146764509673,900.0
75%,2421.5476984656434,900.0
75%,2422.948632421614,900.0
75%,2424.349566377585,900.0
75%,2425.7505003335555,900.0
75%,2427.151434289526,900.0
75%,2428.552368245497,900.0
75%,2429.9533022014675,900.0
75%,2431.354236157438,900.0
75%,2432.755170113409,900.0
75%,2434.1561040693796,900.0
75%,2435.5570380253503,900.0
75%,2436.957971981321,900.0
75%,2438.3589059372916,900.0
75%,2439.7598398932623,900.0
75%,2441.160773849233,900.0
75%,2442.5617078052037,900.0
75%,2443.9626417611744,900.0
75%,2445.3635757171446,900.0
75%,2446.7645096731153,900.0
75%,2448.165443629086,900.0
75%,2449.5663775850567,900.0
75%,2450.9673115410274,900.0
75%,2452.368245496998,900.0
75%,2453.7691794529687,900.0
75%,2455.1701134089394,900.0
75%,2456.57104736491,900.0
75%,2457.9719813208803,900.0
75%,2459.372915276851,900.0
75%,2460.7738492328217,900.0
75%,2462.1747831887924,900.0
75%,2463.575717144763,900.0
75%,2464.9766511007338,900.0
75%,2466.3775850567044,900.0
75%,2467.778519012675,900.0
75%,2469.179452968646,900.0
75%,2470.5803869246165,900.0
75%,2471.981320880587,900.0
75%,2473.382254836558,900.0
75%,2474.783188792528,900.0
75%,2476.184122748499,900.0
75%,2477.5850567044695,900.0
75%,2478.98599066044,900.0
75%,2480.386924616411,900.0
75%,2481.7878585723815,900.0
75%,2483.188792528352,900.0
75%,2484.589726484323,900.0
75%,2485.9906604402936,900.0
75%,2487.3915943962643,900.0
75%,2488.792528352235,900.0
75%,2490.1934623082057,900.0
75%,2491.594396264176,900.0
75%,2492.9953302201466,900.0
75%,2494.3962641761173,900.0
75%,2495.797198132088,900.0
75%,2497.1981320880586,900.0
75%,2498.5990660440293,900.0
75%,2500.0,900.0
