series,raman_shift_cm-1,intensity_au
spot 0,400.0,100.0
spot 0,401.40093395597063,100.0
spot 0,402.8018679119413,100.0
spot 0,404.20280186791194,100.0
spot 0,405.6037358238826,100.0
spot 0,407.00466977985326,100.0
spot 0,408.4056037358239,100.0
spot 0,409.8065376917945,100.0
spot 0,411.2074716477652,100.0
spot 0,412.60840560373583,100.0
spot 0,414.00933955970646,100.0
spot 0,415.4102735156771,100.0
spot 0,416.8112074716478,100.0
spot 0,418.2121414276184,100.0
spot 0,419.61307538358903,100.0
spot 0,421.0140093395597,100.0
spot 0,422.41494329553035,100.0
spot 0,423.815877251501,100.0
spot 0,425.21681120747166,100.0
spot 0,426.6177451634423,100.0
spot 0,428.0186791194129,100.0
spot 0,429.4196130753836,100.0
spot 0,430.82054703135424,100.0
spot 0,432.22148098732487,100.0
spot 0,433.62241494329555,100.0
spot 0,435.0233488992662,100.0
spot 0,436.4242828552368,100.0
spot 0,437.8252168112075,100.0
spot 0,439.2261507671781,100.0
spot 0,440.62708472314876,100.0
spot 0,442.02801867911944,100.0
spot 0,443.42895263509007,100.0
spot 0,444.8298865910607,100.0
spot 0,446.2308205470314,100.0
spot 0,447.631754503002,100.0
spot 0,449.03268845897264,100.0
spot 0,450.4336224149433,100.0
spot 0,451.83455637091396,100.0
spot 0,453.2354903268846,100.0
spot 0,454.6364242828552,100.0
spot 0,456.0373582388259,100.0
spot 0,457.43829219479653,100.0
spot 0,458.83922615076716,100.0
spot 0,460.24016010673785,100.0
spot 0,461.6410940627085,100.0
spot 0,463.0420280186791,100.0
spot 0,464.44296197464973,100.0
spot 0,465.8438959306204,100.0
spot 0,467.24482988659105,100.0
spot 0,468.6457638425617,100.0
spot 0,470.04669779853236,100.0
spot 0,471.447631754503,100.0
spot 0,472.8485657104736,100.0
spot 0,474.2494996664443,100.0
spot 0,475.65043362241494,100.0
spot 0,477.05136757838557,100.0
spot 0,478.45230153435625,100.0
spot 0,479.8532354903269,100.0
spot 0,481.2541694462975,100.0
spot 0,482.6551034022682,100.0
spot 0,484.0560373582388,100.0
spot 0,485.45697131420945,100.0
spot 0,486.85790527018014,100.0
spot 0,488.25883922615077,100.0
spot 0,489.6597731821214,100.0
spot 0,491.0607071380921,100.0
spot 0,492.4616410940627,100.0
spot 0,493.86257505003334,100.0
spot 0,495.263509006004,100.0
spot 0,496.66444296197466,100.0
spot 0,498.0653769179453,100.0
spot 0,499.466310873916,100.0
spot 0,500.8672448298866,100.0
spot 0,502.26817878585723,100.0
spot 0,503.6691127418279,100.0
spot 0,505.07004669779855,100.0
spot 0,506.4709806537692,100.0
spot 0,507.8719146097398,100.0
spot 0,509.2728485657105,100.0
spot 0,510.6737825216811,100.0
spot 0,512.0747164776518,100.0
spot 0,513.4756504336224,100.0
spot 0,514.8765843895931,100.0
spot 0,516.2775183455637,100.0
spot 0,517.6784523015343,100.0
spot 0,519.079386257505,100.0
spot 0,520.4803202134757,100.0
spot 0,521.8812541694463,100.0
spot 0,523.282188125417,100.0
spot 0,524.6831220813876,100.0
spot 0,526.0840560373582,100.0
spot 0,527.4849899933289,100.0
spot 0,528.8859239492995,100.0
spot 0,530.2868579052702,100.0
spot 0,531.6877918612408,100.0
spot 0,533.0887258172115,100.0
spot 0,534.4896597731821,100.0
spot 0,535.8905937291528,100.0
spot 0,537.2915276851234,100.0
spot 0,538.692461641094,100.0
spot 0,540.0933955970647,100.0
spot 0,541.4943295530354,100.0
spot 0,542.895263509006,100.0
spot 0,544.2961974649767,100.0
spot 0,545.6971314209472,100.0
spot 0,547.0980653769179,100.0
spot 0,548.4989993328886,100.0
spot 0,549.8999332888593,100.0
spot 0,551.3008672448299,100.0
spot 0,552.7018012008006,100.0
spot 0,554.1027351567711,100.0
spot 0,555.5036691127418,100.0
spot 0,556.9046030687125,100.0
spot 0,558.3055370246832,100.0
spot 0,559.7064709806538,100.0
spot 0,561.1074049366244,100.0
spot 0,562.508338892595,100.0
spot 0,563.9092728485657,100.0
spot 0,565.3102068045364,100.0
spot 0,566.711140760507,100.0
spot 0,568.1120747164777,100.0
spot 0,569.5130086724483,100.0
spot 0,570.9139426284189,100.0
spot 0,572.3148765843896,100.0
spot 0,573.7158105403603,100.0
spot 0,575.1167444963309,100.0
spot 0,576.5176784523015,100.0
spot 0,577.9186124082721,100.0
spot 0,579.3195463642428,100.0
spot 0,580.7204803202135,100.0
spot 0,582.1214142761842,100.0
spot 0,583.5223482321547,100.0
spot 0,584.9232821881254,100.0
spot 0,586.324216144096,100.0
spot 0,587.7251501000667,100.0
spot 0,589.1260840560374,100.0
spot 0,590.527018012008,100.0
spot 0,591.9279519679786,100.0
spot 0,593.3288859239493,100.0
spot 0,594.7298198799199,100.0
spot 0,596.1307538358906,100.0
spot 0,597.5316877918613,100.0
spot 0,598.932621747832,100.0
spot 0,600.3335557038025,100.0
spot 0,601.7344896597732,100.0
spot 0,603.1354236157438,100.0
spot 0,604.5363575717145,100.0
spot 0,605.9372915276851,100.0
spot 0,607.3382254836558,100.0
spot 0,608.7391594396264,100.0
spot 0,610.1400933955971,100.0
spot 0,611.5410273515677,100.0
spot 0,612.9419613075383,100.0
spot 0,614.342895263509,100.0
spot 0,615.7438292194796,100.0
spot 0,617.1447631754503,100.0
spot 0,618.545697131421,100.0
spot 0,619.9466310873916,100.0
spot 0,621.3475650433622,100.0
spot 0,622.7484989993329,100.0
spot 0,624.1494329553035,100.0
spot 0,625.5503669112742,100.0
spot 0,626.9513008672449,100.0
spot 0,628.3522348232154,100.0
spot 0,629.7531687791861,100.0
spot 0,631.1541027351568,100.0
spot 0,632.5550366911274,100.0
spot 0,633.9559706470981,100.0
spot 0,635.3569046030686,100.0
spot 0,636.7578385590393,100.0
spot 0,638.15877251501,100.0
spot 0,639.5597064709807,100.0
spot 0,640.9606404269513,100.0
spot 0,642.361574382922,100.0
spot 0,643.7625083388925,100.0
spot 0,645.1634422948632,100.0
spot 0,646.5643762508339,100.0
spot 0,647.9653102068046,100.0
spot 0,649.3662441627752,100.0
spot 0,650.7671781187458,100.0
spot 0,652.1681120747164,100.0
spot 0,653.5690460306871,100.0
spot 0,654.9699799866578,100.0
spot 0,656.3709139426285,100.0
spot 0,657.771847898599,100.0
spot 0,659.1727818545697,100.0
spot 0,660.5737158105403,100.0
spot 0,661.974649766511,100.0
spot 0,663.3755837224817,100.0
spot 0,664.7765176784524,100.0
spot 0,666.1774516344229,100.0
spot 0,667.5783855903935,100.0
spot 0,668.9793195463642,100.0
spot 0,670.3802535023349,100.0
spot 0,671.7811874583056,100.0
spot 0,673.1821214142763,100.0
spot 0,674.5830553702468,100.0
spot 0,675.9839893262174,100.0
spot 0,677.3849232821881,100.0
spot 0,678.7858572381588,100.0
spot 0,680.1867911941295,100.0
spot 0,681.5877251501001,100.0
spot 0,682.9886591060707,100.0
spot 0,684.3895930620413,100.0
spot 0,685.790527018012,100.0
spot 0,687.1914609739827,100.0
spot 0,688.5923949299533,100.0
spot 0,689.9933288859239,100.0
spot 0,691.3942628418946,100.0
spot 0,692.7951967978652,100.0
spot 0,694.1961307538359,100.0
spot 0,695.5970647098065,100.0
spot 0,696.9979986657772,100.0
spot 0,698.3989326217478,100.0
spot 0,699.7998665777185,100.0
spot 0,701.2008005336891,100.0
spot 0,702.6017344896597,100.0
spot 0,704.0026684456304,100.0
spot 0,705.4036024016011,100.0
spot 0,706.8045363575717,100.0
spot 0,708.2054703135424,100.0
spot 0,709.606404269513,100.0
spot 0,711.0073382254836,100.0
spot 0,712.4082721814543,100.0
spot 0,713.809206137425,100.0
spot 0,715.2101400933956,100.0
spot 0,716.6110740493663,100.0
spot 0,718.0120080053368,100.0
spot 0,719.4129419613075,100.0
spot 0,720.8138759172782,100.0
spot 0,722.2148098732489,100.0
spot 0,723.6157438292195,100.0
spot 0,725.01667778519,100.0
spot 0,726.4176117411607,100.0
spot 0,727.8185456971314,100.0
spot 0,729.2194796531021,100.0
spot 0,730.6204136090728,100.0
spot 0,732.0213475650434,100.0
spot 0,733.4222815210139,100.0
spot 0,734.8232154769846,100.0
spot 0,736.2241494329553,100.0
spot 0,737.625083388926,100.0
spot 0,739.0260173448967,100.0
spot 0,740.4269513008672,100.0
spot 0,741.8278852568378,100.0
spot 0,743.2288192128085,100.0
spot 0,744.6297531687792,100.0
spot 0,746.0306871247499,100.0
spot 0,747.4316210807204,100.0
spot 0,748.8325550366911,100.0
spot 0,750.2334889926617,100.0
spot 0,751.6344229486324,100.0
spot 0,753.0353569046031,100.0
spot 0,754.4362908605738,100.0
spot 0,755.8372248165443,100.0
spot 0,757.238158772515,100.0
spot 0,758.6390927284856,100.0
spot 0,760.0400266844563,100.0
spot 0,761.440960640427,100.0
spot 0,762.8418945963977,100.0
spot 0,764.2428285523682,100.0
spot 0,765.6437625083389,100.0
spot 0,767.0446964643095,100.0
spot 0,768.4456304202802,100.0
spot 0,769.8465643762509,100.0
spot 0,771.2474983322215,100.0
spot 0,772.6484322881921,100.0
spot 0,774.0493662441627,100.0
spot 0,775.4503002001334,100.0
spot 0,776.851234156104,100.0
spot 0,778.2521681120747,100.0
spot 0,779.6531020680454,100.0
spot 0,781.054036024016,100.0
spot 0,782.4549699799866,100.0
spot 0,783.8559039359573,100.0
spot 0,785.256837891928,100.0
spot 0,786.6577718478986,100.0
spot 0,788.0587058038693,100.0
spot 0,789.4596397598399,100.0
spot 0,790.8605737158105,100.0
spot 0,792.2615076717811,100.0
spot 0,793.6624416277518,100.0
spot 0,795.0633755837225,100.0
spot 0,796.4643095396932,100.0
spot 0,797.8652434956638,100.0
spot 0,799.2661774516343,100.0
spot 0,800.667111407605,100.0
spot 0,802.0680453635757,100.0
spot 0,803.4689793195464,100.0
spot 0,804.869913275517,100.0
spot 0,806.2708472314877,100.0
spot 0,807.6717811874582,100.0
spot 0,809.0727151434289,100.0
spot 0,810.4736490993996,100.0
spot 0,811.8745830553703,100.0
spot 0,813.2755170113409,100.0
spot 0,814.6764509673116,100.0
spot 0,816.0773849232821,100.0
spot 0,817.4783188792528,100.0
spot 0,818.8792528352235,100.0
spot 0,820.2801867911942,100.0
spot 0,821.6811207471648,100.0
spot 0,823.0820547031354,100.0
spot 0,824.482988659106,100.0
spot 0,825.8839226150767,100.0
spot 0,827.2848565710474,100.0
spot 0,828.6857905270181,100.0
spot 0,830.0867244829886,100.0
spot 0,831.4876584389592,100.0
spot 0,832.8885923949299,100.0
spot 0,834.2895263509006,100.0
spot 0,835.6904603068713,100.0
spot 0,837.091394262842,100.0
spot 0,838.4923282188125,100.0
spot 0,839.8932621747831,100.0
spot 0,841.2941961307538,100.0
spot 0,842.6951300867245,100.0
spot 0,844.0960640426952,100.0
spot 0,845.4969979986658,100.0
spot 0,846.8979319546364,100.0
spot 0,848.298865910607,100.0
spot 0,849.6997998665777,100.0
spot 0,851.1007338225484,100.0
spot 0,852.501667778519,100.0
spot 0,853.9026017344897,100.0
spot 0,855.3035356904603,100.0
spot 0,856.7044696464309,100.0
spot 0,858.1054036024016,100.0
spot 0,859.5063375583723,100.0
spot 0,860.9072715143429,100.0
spot 0,862.3082054703135,100.0
spot 0,863.7091394262842,100.0
spot 0,865.1100733822548,100.0
spot 0,866.5110073382255,100.0
spot 0,867.9119412941961,100.00000000000001
spot 0,869.3128752501668,100.00000000000001
spot 0,870.7138092061374,100.00000000000001
spot 0,872.1147431621081,100.00000000000001
spot 0,873.5156771180787,100.00000000000001
spot 0,874.9166110740493,100.00000000000003
spot 0,876.31754503002,100.00000000000003
spot 0,877.7184789859907,100.00000000000003
spot 0,879.1194129419613,100.00000000000004
spot 0,880.520346897932,100.00000000000006
spot 0,881.9212808539025,100.00000000000007
spot 0,883.3222148098732,100.00000000000009
spot 0,884.7231487658439,100.0000000000001
spot 0,886.1240827218146,100.00000000000013
spot 0,887.5250166777852,100.00000000000016
spot 0,888.9259506337557,100.0000000000002
spot 0,890.3268845897264,100.00000000000024
spot 0,891.7278185456971,100.0000000000003
spot 0,893.1287525016678,100.00000000000037
spot 0,894.5296864576385,100.00000000000045
spot 0,895.9306204136091,100.00000000000057
spot 0,897.3315543695796,100.0000000000007
spot 0,898.7324883255503,100.00000000000087
spot 0,900.133422281521,100.00000000000107
spot 0,901.5343562374917,100.00000000000132
spot 0,902.9352901934624,100.00000000000162
spot 0,904.336224149433,100.00000000000199
spot 0,905.7371581054035,100.00000000000244
spot 0,907.1380920613742,100.000000000003
spot 0,908.5390260173449,100.00000000000368
spot 0,909.9399599733156,100.00000000000452
spot 0,911.3408939292862,100.00000000000554
spot 0,912.7418278852568,100.00000000000678
spot 0,914.1427618412275,100.0000000000083
spot 0,915.5436957971981,100.00000000001016
spot 0,916.9446297531688,100.00000000001242
spot 0,918.3455637091395,100.00000000001518
spot 0,919.74649766511,100.00000000001853
spot 0,921.1474316210807,100.0000000000226
spot 0,922.5483655770514,100.00000000002755
spot 0,923.949299533022,100.00000000003358
spot 0,925.3502334889927,100.0000000000409
spot 0,926.7511674449632,100.00000000004977
spot 0,928.1521014009339,100.00000000006052
spot 0,929.5530353569046,100.00000000007356
spot 0,930.9539693128752,100.00000000008933
spot 0,932.3549032688459,100.00000000010843
spot 0,933.7558372248166,100.00000000013154
spot 0,935.1567711807871,100.00000000015945
spot 0,936.5577051367578,100.00000000019315
spot 0,937.9586390927285,100.00000000023384
spot 0,939.3595730486991,100.00000000028291
spot 0,940.7605070046698,100.00000000034206
spot 0,942.1614409606404,100.00000000041331
spot 0,943.562374916611,100.00000000049907
spot 0,944.9633088725817,100.00000000060223
spot 0,946.3642428285524,100.00000000072625
spot 0,947.765176784523,100.00000000087525
spot 0,949.1661107404937,100.00000000105412
spot 0,950.5670446964643,100.00000000126873
spot 0,951.9679786524349,100.00000000152605
spot 0,953.3689126084056,100.00000000183435
spot 0,954.7698465643763,100.0000000022035
spot 0,956.1707805203469,100.00000000264525
spot 0,957.5717144763175,100.00000000317348
spot 0,958.9726484322882,100.00000000380474
spot 0,960.3735823882588,100.0000000045586
spot 0,961.7745163442295,100.00000000545828
spot 0,963.1754503002002,100.0000000065313
spot 0,964.5763842561707,100.00000000781016
spot 0,965.9773182121414,100.00000000933339
spot 0,967.3782521681121,100.00000001114645
spot 0,968.7791861240827,100.0000000133031
spot 0,970.1801200800534,100.0000000158667
spot 0,971.581054036024,100.00000001891206
spot 0,972.9819879919946,100.0000000225273
spot 0,974.3829219479653,100.00000002681625
spot 0,975.783855903936,100.00000003190105
spot 0,977.1847898599066,100.00000003792539
spot 0,978.5857238158773,100.00000004505817
spot 0,979.9866577718478,100.0000000534977
spot 0,981.3875917278185,100.00000006347679
spot 0,982.7885256837892,100.00000007526847
spot 0,984.1894596397598,100.00000008919271
spot 0,985.5903935957305,100.00000010562432
spot 0,986.9913275517011,100.00000012500193
spot 0,988.3922615076717,100.00000014783856
spot 0,989.7931954636424,100.00000017473381
spot 0,991.1941294196131,100.000000206388
spot 0,992.5950633755837,100.00000024361842
spot 0,993.9959973315543,100.00000028737834
spot 0,995.396931287525,100.00000033877878
spot 0,996.7978652434956,100.00000039911366
spot 0,998.1987991994663,100.00000046988892
spot 0,999.599733155437,100.00000055285604
spot 0,1001.0006671114076,100.00000065005055
spot 0,1002.4016010673782,100.00000076383657
spot 0,1003.8025350233489,100.00000089695774
spot 0,1005.2034689793195,100.00000105259609
spot 0,1006.6044029352902,100.00000123443934
spot 0,1008.0053368912609,100.0000014467583
spot 0,1009.4062708472314,100.0000016944956
spot 0,1010.8072048032021,100.00000198336724
spot 0,1012.2081387591728,100.00000231997902
spot 0,1013.6090727151434,100.00000271195955
spot 0,1015.0100066711141,100.00000316811246
spot 0,1016.4109406270848,100.00000369859009
spot 0,1017.8118745830553,100.00000431509186
spot 0,1019.212808539026,100.00000503109037
spot 0,1020.6137424949967,100.00000586208918
spot 0,1022.0146764509673,100.00000682591623
spot 0,1023.415610406938,100.00000794305772
spot 0,1024.8165443629086,100.00000923703762
spot 0,1026.2174783188793,100.00001073484893
spot 0,1027.61841227485,100.00001246744301
spot 0,1029.0193462308207,100.00001447028474
spot 0,1030.4202801867912,100.00001678398152
spot 0,1031.8212141427618,100.00001945499567
spot 0,1033.2221480987325,100.00002253645044
spot 0,1034.623082054703,100.00002608904134
spot 0,1036.0240160106737,100.00003018206553
spot 0,1037.4249499666444,100.00003489458398
spot 0,1038.825883922615,100.00004031673205
spot 0,1040.2268178785857,100.0000465511967
spot 0,1041.6277518345564,100.00005371487978
spot 0,1043.028685790527,100.00006194076951
spot 0,1044.4296197464978,100.00007138004464
spot 0,1045.8305537024683,100.00008220443793
spot 0,1047.231487658439,100.00009460888923
spot 0,1048.6324216144096,100.00010881452066
spot 0,1050.03335557038,100.00012507197081
spot 0,1051.4342895263508,100.00014366512782
spot 0,1052.8352234823215,100.00016491530573
spot 0,1054.2361574382921,100.00018918591299
spot 0,1055.6370913942628,100.00021688766664
spot 0,1057.0380253502335,100.0002484844111
spot 0,1058.4389593062042,100.00028449960647
spot 0,1059.8398932621749,100.00032552355688
spot 0,1061.2408272181456,100.00037222145704
spot 0,1062.641761174116,100.00042534234169
spot 0,1064.0426951300867,100.00048572903079
spot 0,1065.4436290860574,100.00055432917223
spot 0,1066.8445630420279,100.00063220749223
spot 0,1068.2454969979985,100.0007205593741
spot 0,1069.6464309539692,100.00082072589649
spot 0,1071.04736490994,100.00093421047336
spot 0,1072.4482988659106,100.00106269725057
spot 0,1073.8492328218813,100.00120807142646
spot 0,1075.250166777852,100.00137244167824
spot 0,1076.6511007338227,100.00155816489045
spot 0,1078.0520346897933,100.00176787339768
spot 0,1079.4529686457638,100.00200450497059
spot 0,1080.8539026017345,100.0022713357918
spot 0,1082.2548365577052,100.00257201668737
spot 0,1083.6557705136756,100.00291061289913
spot 0,1085.0567044696463,100.00329164770444
spot 0,1086.457638425617,100.00372015021158
spot 0,1087.8585723815877,100.00420170768268
spot 0,1089.2595063375584,100.00474252275988
spot 0,1090.660440293529,100.00534947599616
spot 0,1092.0613742494997,100.00603019411838
spot 0,1093.4623082054704,100.0067931244782
spot 0,1094.863242161441,100.00764761617417
spot 0,1096.2641761174116,100.00860400835901
spot 0,1097.6651100733823,100.00967372627558
spot 0,1099.0660440293527,100.01086938559678
spot 0,1100.4669779853234,100.01220490567705
spot 0,1101.867911941294,100.01369563235534
spot 0,1103.2688458972648,100.01535847098314
spot 0,1104.6697798532355,100.0172120303849
spot 0,1106.0707138092062,100.01927677849199
spot 0,1107.4716477651768,100.02157521042578
spot 0,1108.8725817211475,100.0241320298391
spot 0,1110.2735156771182,100.02697434435889
spot 0,1111.6744496330887,100.03013187600655
spot 0,1113.0753835890594,100.03363718750364
spot 0,1114.47631754503,100.03752592540255
spot 0,1115.8772515010005,100.04183708101051
spot 0,1117.2781854569712,100.04661327010349
spot 0,1118.6791194129419,100.05190103245143
spot 0,1120.0800533689126,100.05775115219933
spot 0,1121.4809873248832,100.06421900016824
spot 0,1122.881921280854,100.07136489915595
spot 0,1124.2828552368246,100.07925451332946
spot 0,1125.6837891927953,100.08795926280828
spot 0,1127.084723148766,100.09755676453993
spot 0,1128.4856571047364,100.10813130056512
spot 0,1129.8865910607071,100.11977431476
spot 0,1131.2875250166778,100.13258493912575
spot 0,1132.6884589726483,100.14667055067096
spot 0,1134.089392928619,100.16214735989855
spot 0,1135.4903268845896,100.17914103186715
spot 0,1136.8912608405603,100.19778734074407
spot 0,1138.292194796531,100.21823285870458
spot 0,1139.6931287525017,100.24063567995799
spot 0,1141.0940627084724,100.26516618059469
spot 0,1142.494996664443,100.29200781485002
spot 0,1143.8959306204138,100.32135794826803
spot 0,1145.2968645763842,100.35342872812181
spot 0,1146.697798532355,100.38844799130624
spot 0,1148.0987324883254,100.42666020976145
spot 0,1149.499666444296,100.46832747331344
spot 0,1150.9006004002667,100.51373050962778
spot 0,1152.3015343562374,100.56316974076692
spot 0,1153.702468312208,100.6169663756164
spot 0,1155.1034022681788,100.67546353720437
spot 0,1156.5043362241495,100.73902742367773
spot 0,1157.9052701801202,100.8080485014206
spot 0,1159.3062041360909,100.88294272850347
spot 0,1160.7071380920613,100.96415280633647
spot 0,1162.108072048032,101.05214945706744
spot 0,1163.5090060040027,101.14743272391362
spot 0,1164.9099399599731,101.25053329124857
spot 0,1166.3108739159438,101.36201382088053
spot 0,1167.7118078719145,101.48247030055782
spot 0,1169.1127418278852,101.61253340032161
spot 0,1170.513675783856,101.75286983189758
spot 0,1171.9146097398266,101.90418370587615
spot 0,1173.3155436957973,102.06721788097988
spot 0,1174.716477651768,102.24275529925559
spot 0,1176.1174116077386,102.4316203005617
spot 0,1177.518345563709,102.63467990924926
spot 0,1178.9192795196798,102.85284508546174
spot 0,1180.3202134756505,103.08707193300492
spot 0,1181.721147431621,103.3383628552696
spot 0,1183.1220813875916,103.60776765022666
spot 0,1184.5230153435623,103.89638453506163
spot 0,1185.923949299533,104.20536109057743
spot 0,1187.3248832555037,104.53589511507288
spot 0,1188.7258172114744,104.88923537700455
spot 0,1190.126751167445,105.26668225536599
spot 0,1191.5276851234157,105.66958825637448
spot 0,1192.9286190793864,106.0993583947457
spot 0,1194.3295530353569,106.55745042756634
spot 0,1195.7304869913276,107.04537492854824
spot 0,1197.1314209472982,107.56469519026827
spot 0,1198.5323549032687,108.11702694187429
spot 0,1199.9332888592394,108.70403786966959
spot 0,1201.33422281521,109.32744692798232
spot 0,1202.7351567711808,109.9890234277921
spot 0,1204.1360907271514,110.69058589071761
spot 0,1205.5370246831221,111.43400065618144
spot 0,1206.9379586390928,112.22118022985968
spot 0,1208.3388925950635,113.05408136189936
spot 0,1209.739826551034,113.93470284385103
spot 0,1211.1407605070046,114.8650830138202
spot 0,1212.5416944629753,115.84729695998897
spot 0,1213.9426284189458,116.88345341341048
spot 0,1215.3435623749165,117.97569132182223
spot 0,1216.7444963308872,119.12617609717007
spot 0,1218.1454302868578,120.33709553058908
spot 0,1219.5463642428285,121.61065536973166
spot 0,1220.9472981987992,122.9490745545903
spot 0,1222.34823215477,124.35458010931362
spot 0,1223.7491661107406,125.82940168896734
spot 0,1225.1501000667113,127.3757657817404
spot 0,1226.5510340226817,128.99588956873822
spot 0,1227.9519679786524,130.69197444523823
spot 0,1229.352901934623,132.46619920909185
spot 0,1230.7538358905936,134.32071292386044
spot 0,1232.1547698465642,136.25762746622945
spot 0,1233.555703802535,138.2790097692738
spot 0,1234.9566377585056,140.3868737752412
spot 0,1236.3575717144763,142.58317211363843
spot 0,1237.758505670447,144.86978752258062
spot 0,1239.1594396264177,147.24852403355268
spot 0,1240.5603735823884,149.72109794193557
spot 0,1241.961307538359,152.28912858785804
spot 0,1243.3622414943295,154.95412897412635
spot 0,1244.7631754503002,157.71749625015465
spot 0,1246.1641094062709,160.58050209293663
spot 0,1247.5650433622413,163.54428301818518
spot 0,1248.965977318212,166.60983065675592
spot 0,1250.3669112741827,169.77798203338344
spot 0,1251.7678452301534,173.04940988658774
spot 0,1253.168779186124,176.42461307028478
spot 0,1254.5697131420948,179.90390707920847
spot 0,1255.9706470980655,183.4874147416615
spot 0,1257.3715810540361,187.17505712435727
spot 0,1258.7725150100066,190.96654469518708
spot 0,1260.1734489659773,194.86136879062082
spot 0,1261.574382921948,198.8587934351038
spot 0,1262.9753168779184,202.95784756027635
spot 0,1264.3762508338891,207.1573176720343
spot 0,1265.7771847898598,211.4557410134136
spot 0,1267.1781187458305,215.85139927100766
spot 0,1268.5790527018012,220.34231287204918
spot 0,1269.9799866577719,224.92623591847297
spot 0,1271.3809206137425,229.60065180316673
spot 0,1272.7818545697132,234.3627695522275
spot 0,1274.182788525684,239.20952093536783
spot 0,1275.5837224816544,244.1375583846556
spot 0,1276.984656437625,249.14325375952845
spot 0,1278.3855903935957,254.22269799348118
spot 0,1279.7865243495662,259.3717016550422
spot 0,1281.187458305537,264.58579645255674
spot 0,1282.5883922615076,269.86023770895116
spot 0,1283.9893262174783,275.1900078290869
spot 0,1285.390260173449,280.5698207784482
spot 0,1286.7911941294196,285.99412758787497
spot 0,1288.1921280853903,291.45712289477956
spot 0,1289.593062041361,296.95275252683786
spot 0,1290.9939959973317,302.47472212952454
spot 0,1292.3949299533022,308.0165068340979
spot 0,1293.7958639092728,313.5713619577562
spot 0,1295.1967978652435,319.1323347226875
spot 0,1296.597731821214,324.6922769757108
spot 0,1297.9986657771847,330.24385888508647
spot 0,1299.3995997331554,335.77958358596516
spot 0,1300.800533689126,341.2918027408809
spot 0,1302.2014676450967,346.77273297661685
spot 0,1303.6024016010674,352.21447315383074
spot 0,1305.003335557038,357.60902242096245
spot 0,1306.4042695130088,362.94829899923604
spot 0,1307.8052034689795,368.2241596410274
spot 0,1309.20613742495,373.4284196995276
spot 0,1310.6070713809206,378.5528737435363
spot 0,1312.008005336891,383.5893166473558
spot 0,1313.4089392928618,388.5295650822395
spot 0,1314.8098732488324,393.3654793325673
spot 0,1316.2108072048031,398.0889853570715
spot 0,1317.6117411607738,402.69209701287724
spot 0,1319.0126751167445,407.1669383579939
spot 0,1320.4136090727152,411.50576594615944
spot 0,1321.8145430286859,415.70099102662385
spot 0,1323.2154769846566,419.74520156058617
spot 0,1324.616410940627,423.6311839655766
spot 0,1326.0173448965977,427.35194449911023
spot 0,1327.4182788525684,430.9007301934292
spot 0,1328.8192128085389,434.2710492541359
spot 0,1330.2201467645095,437.45669083694145
spot 0,1331.6210807204802,440.4517441186543
spot 0,1333.022014676451,443.2506165809127
spot 0,1334.4229486324216,445.8480514279604
spot 0,1335.8238825883923,448.2391440630254
spot 0,1337.224816544363,450.4193575515412
spot 0,1338.6257505003337,452.3845370035291
spot 0,1340.0266844563043,454.13092281193235
spot 0,1341.4276184122748,455.6551626885291
spot 0,1342.8285523682455,456.9543224442201
spot 0,1344.2294863242162,458.02589546596334
spot 0,1345.6304202801866,458.8678108484004
spot 0,1347.0313542361573,459.47844014421213
spot 0,1348.432288192128,459.8566027034711
spot 0,1349.8332221480987,460.0015695786539
spot 0,1351.2341561040694,459.9130659785169
spot 0,1352.63509006004,459.5912722606813
spot 0,1354.0360240160107,459.0368234594854
spot 0,1355.4369579719814,458.25080735239356
spot 0,1356.8378919279521,457.2347610749783
spot 0,1358.2388258839226,455.99066630116
spot 0,1359.6397598398933,454.5209430119723
spot 0,1361.040693795864,452.82844188257536
spot 0,1362.4416277518344,450.9164353235237
spot 0,1363.842561707805,448.7886072183845
spot 0,1365.2434956637758,446.4490414056592
spot 0,1366.6444296197465,443.9022089585304
spot 0,1368.0453635757171,441.1529543212555
spot 0,1369.4462975316878,438.2064803659702
spot 0,1370.8472314876585,435.06833243827333
spot 0,1372.2481654436292,431.7443814641767
spot 0,1373.6490993995997,428.24080619482766
spot 0,1375.0500333555703,424.5640746688021
spot 0,1376.450967311541,420.7209249747382
spot 0,1377.8519012675115,416.71834539957354
spot 0,1379.2528352234822,412.56355404970856
spot 0,1380.6537691794529,408.2639780340057
spot 0,1382.0547031354236,403.8272322986179
spot 0,1383.4556370913942,399.2610982042981
spot 0,1384.856571047365,394.57350193698375
spot 0,1386.2575050033356,389.7724928421487
spot 0,1387.6584389593063,384.86622177263786
spot 0,1389.059372915277,379.8629195384796
spot 0,1390.4603068712474,374.77087554550604
spot 0,1391.8612408272181,369.5984167075151
spot 0,1393.2621747831888,364.35388671423
spot 0,1394.6631087391593,359.04562573439694
spot 0,1396.06404269513,353.6819506301302
spot 0,1397.4649766511006,348.27113575501767
spot 0,1398.8659106070713,342.8213944045554
spot 0,1400.266844563042,337.34086098329846
spot 0,1401.6677785190127,331.8375739486172
spot 0,1403.0687124749834,326.31945958623555
spot 0,1404.469646430954,320.7943166678006
spot 0,1405.8705803869248,315.2698020356233
spot 0,1407.2715143428952,309.75341715447206
spot 0,1408.672448298866,304.25249566491493
spot 0,1410.0733822548366,298.7741919672525
spot 0,1411.474316210807,293.32547085952234
spot 0,1412.8752501667777,287.9130982475148
spot 0,1414.2761841227484,282.5436329391683
spot 0,1415.677118078719,277.2234195301471
spot 0,1417.0780520346898,271.958582381936
spot 0,1418.4789859906605,266.75502068834993
spot 0,1419.8799199466312,261.6184046210495
spot 0,1421.2808539026018,256.55417253945626
spot 0,1422.6817878585723,251.56752924542099
spot 0,1424.082721814543,246.6634452581128
spot 0,1425.4836557705137,241.84665707992698
spot 0,1426.8845897264844,237.12166841969446
spot 0,1428.285523682455,232.4927523352415
spot 0,1429.6864576384255,227.9639542533064
spot 0,1431.0873915943962,223.53909582104436
spot 0,1432.4883255503669,219.22177953984965
spot 0,1433.8892595063376,215.01539412896147
spot 0,1435.2901934623083,210.9231205633811
spot 0,1436.691127418279,206.94793872794688
spot 0,1438.0920613742494,203.09263462704268
spot 0,1439.49299533022,199.35980808734143
spot 0,1440.8939292861908,195.75188088923002
spot 0,1442.2948632421615,192.27110526108518
spot 0,1443.6957971981321,188.9195726694458
spot 0,1445.0967311541028,185.69922283728025
spot 0,1446.4976651100733,182.61185292203172
spot 0,1447.898599066044,179.6591267849137
spot 0,1449.2995330220147,176.84258428303843
spot 0,1450.7004669779853,174.16365051635717
spot 0,1452.101400933956,171.62364496212552
spot 0,1453.5023348899265,169.22379043062057
spot 0,1454.9032688458972,166.96522177715497
spot 0,1456.3042028018679,164.8489943070611
spot 0,1457.7051367578385,162.87609181220944
spot 0,1459.1060707138092,161.04743417983207
spot 0,1460.50700466978,159.36388451688677
spot 0,1461.9079386257504,157.82625573594422
spot 0,1463.308872581721,156.43531655159092
spot 0,1464.7098065376917,155.19179683961514
spot 0,1466.1107404936624,154.09639231475572
spot 0,1467.5116744496331,153.14976848656377
spot 0,1468.9126084056038,152.3525638569168
spot 0,1470.3135423615743,151.70539232694145
spot 0,1471.714476317545,151.2088447855265
spot 0,1473.1154102735156,150.86348985623178
spot 0,1474.5163442294863,150.66987378420387
spot 0,1475.917278185457,150.62851944968855
spot 0,1477.3182121414277,150.7399244998598
spot 0,1478.7191460973982,151.00455859595243
spot 0,1480.1200800533688,151.4228597780735
spot 0,1481.5210140093395,151.99522995554923
spot 0,1482.9219479653102,152.7220295362323
spot 0,1484.322881921281,153.60357121380764
spot 0,1485.7238158772516,154.64011293778833
spot 0,1487.124749833222,155.83185009654642
spot 0,1488.5256837891927,157.17890694936264
spot 0,1489.9266177451634,158.6813273490585
spot 0,1491.327551701134,160.33906480229268
spot 0,1492.7284856571048,162.1519719199943
spot 0,1494.1294196130755,164.1197893156718
spot 0,1495.530353569046,166.24213401441912
spot 0,1496.9312875250166,168.5184874403277
spot 0,1498.3322214809873,170.9481830546432
spot 0,1499.733155436958,173.53039372138795
spot 0,1501.1340893929287,176.26411888121385
spot 0,1502.5350233488994,179.14817161797436
spot 0,1503.9359573048698,182.18116570583823
spot 0,1505.3368912608405,185.3615027276993
spot 0,1506.7378252168112,188.68735935811029
spot 0,1508.1387591727819,192.15667490599756
spot 0,1509.5396931287526,195.76713921390132
spot 0,1510.940627084723,199.51618101147267
spot 0,1512.3415610406937,203.40095682137735
spot 0,1513.7424949966644,207.41834051558405
spot 0,1515.143428952635,211.56491361927408
spot 0,1516.5443629086058,215.83695645821427
spot 0,1517.9452968645764,220.2304402434395
spot 0,1519.346230820547,224.74102018444333
spot 0,1520.7471647765176,229.3640297187929
spot 0,1522.1480987324883,234.09447594213515
spot 0,1523.549032688459,238.9270363180146
spot 0,1524.9499666444297,243.85605674169136
spot 0,1526.3509006004003,248.87555102633735
spot 0,1527.7518345563708,253.97920187355888
spot 0,1529.1527685123415,259.160363383196
spot 0,1530.5537024683122,264.41206514978296
spot 0,1531.9546364242829,269.7270179850141
spot 0,1533.3555703802535,275.09762129699226
spot 0,1534.7565043362242,280.51597214807583
spot 0,1536.1574382921947,285.9738760037785
spot 0,1537.5583722481654,291.4628591754892
spot 0,1538.959306204136,296.9741829497989
spot 0,1540.3602401601067,302.49885938706905
spot 0,1541.7611741160774,308.02766876152015
spot 0,1543.162108072048,313.5511786047219
spot 0,1544.5630420280186,319.05976430393906
spot 0,1545.9639759839893,324.54363119642477
spot 0,1547.36490993996,329.9928380905049
spot 0,1548.7658438959306,335.3973221343
spot 0,1550.1667778519013,340.746924943158
spot 0,1551.567711807872,346.03141988749917
spot 0,1552.9686457638425,351.2405404338102
spot 0,1554.3695797198131,356.3640094230719
spot 0,1555.7705136757838,361.39156916300277
spot 0,1557.1714476317545,366.31301220327924
spot 0,1558.5723815877252,371.1182126563144
spot 0,1559.9733155436957,375.79715792040986
spot 0,1561.3742494996663,380.3399806571157
spot 0,1562.775183455637,384.7369908705129
spot 0,1564.1761174116077,388.9787079329501
spot 0,1565.5770513675784,393.0558923994845
spot 0,1566.977985323549,396.9595774520042
spot 0,1568.3789192795196,400.6810998137134
spot 0,1569.7798532354902,404.21212997539214
spot 0,1571.180787191461,407.5447015765734
spot 0,1572.5817211474316,410.6712397875666
spot 0,1573.9826551034023,413.58458854201365
spot 0,1575.383589059373,416.278036474456
spot 0,1576.7845230153434,418.74534142313075
spot 0,1578.1854569713141,420.9807533649174
spot 0,1579.5863909272848,422.9790356569378
spot 0,1580.9873248832555,424.73548446778227
spot 0,1582.3882588392262,426.2459462905753
spot 0,1583.7891927951969,427.5068334401002
spot 0,1585.1901267511673,428.51513744687355
spot 0,1586.591060707138,429.26844027234165
spot 0,1587.9919946631087,429.7649232811706
spot 0,1589.3929286190794,430.0033739188598
spot 0,1590.79386257505,429.98319005551116
spot 0,1592.1947965310208,429.70438196947305
spot 0,1593.5957304869912,429.16757195763637
spot 0,1594.996664442962,428.37399157231346
spot 0,1596.3975983989326,427.32547649777416
spot 0,1597.7985323549033,426.0244590925613
spot 0,1599.199466310874,424.4739586365693
spot 0,1600.6004002668446,422.67756933444525
spot 0,1602.001334222815,420.6394461390867
spot 0,1603.4022681787858,418.3642884707639
spot 0,1604.8032021347565,415.857321918631
spot 0,1606.2041360907272,413.1242780219926
spot 0,1607.6050700466978,410.17137223864046
spot 0,1609.0060040026685,407.00528021676104
spot 0,1610.406937958639,403.63311249530165
spot 0,1611.8078719146097,400.0623877652072
spot 0,1613.2088058705804,396.3010048305829
spot 0,1614.609739826551,392.35721341450363
spot 0,1616.0106737825217,388.2395839589304
spot 0,1617.4116077384922,383.9569765719132
spot 0,1618.8125416944629,379.5185092779799
spot 0,1620.2134756504336,374.9335257293378
spot 0,1621.6144096064043,370.21156253619426
spot 0,1623.015343562375,365.3623163742287
spot 0,1624.4162775183456,360.39561102595894
spot 0,1625.817211474316,355.3213645105131
spot 0,1627.2181454302868,350.14955645315365
spot 0,1628.6190793862575,344.8901958418701
spot 0,1630.0200133422281,339.55328931343905
spot 0,1631.4209472981988,334.1488101057014
spot 0,1632.8218812541695,328.6866678063684
spot 0,1634.22281521014,323.17667902158854
spot 0,1635.6237491661107,317.6285390797903
spot 0,1637.0246831220813,312.05179487809124
spot 0,1638.425617078052,306.4558189698053
spot 0,1639.8265510340227,300.84978498249063
spot 0,1641.2274849899934,295.24264444650373
spot 0,1642.6284189459639,289.6431051043296
spot 0,1644.0293529019345,284.0596107610579
spot 0,1645.4302868579052,278.50032272640294
spot 0,1646.831220813876,272.9731028886043
spot 0,1648.2321547698466,267.4854984505863
spot 0,1649.6330887258173,262.04472834884876
spot 0,1651.0340226817877,256.6576713658561
spot 0,1652.4349566377584,251.33085593720256
spot 0,1653.8358905937291,246.07045164566085
spot 0,1655.2368245496998,240.88226238535032
spot 0,1656.6377585056705,235.7717211708432
spot 0,1658.0386924616412,230.74388655800692
spot 0,1659.4396264176116,225.80344063586537
spot 0,1660.8405603735823,220.95468854175084
spot 0,1662.241494329553,216.20155944557996
spot 0,1663.6424282855237,211.547608943172
spot 0,1665.0433622414944,206.99602279326666
spot 0,1666.444296197465,202.54962192819002
spot 0,1667.8452301534355,198.21086866405506
spot 0,1669.2461641094062,193.98187403292073
spot 0,1670.647098065377,189.86440615651227
spot 0,1672.0480320213476,185.85989957885454
spot 0,1673.4489659773183,181.96946547357214
spot 0,1674.8498999332887,178.19390264055744
spot 0,1676.2508338892594,174.53370920623922
spot 0,1677.65176784523,170.98909494177644
spot 0,1679.0527018012008,167.5599941140778
spot 0,1680.4536357571715,164.2460787856641
spot 0,1681.8545697131422,161.04677248093304
spot 0,1683.2555036691126,157.96126413837862
spot 0,1684.6564376250833,154.98852227069673
spot 0,1686.057371581054,152.1273092574632
spot 0,1687.4583055370247,149.3761956981215
spot 0,1688.8592394929954,146.7335747563898
spot 0,1690.260173448966,144.19767643079058
spot 0,1691.6611074049365,141.76658168982522
spot 0,1693.0620413609072,139.43823641430222
spot 0,1694.4629753168779,137.2104650934632
spot 0,1695.8639092728486,135.08098422576526
spot 0,1697.2648432288192,133.04741537948885
spot 0,1698.66577718479,131.1072978726604
spot 0,1700.0667111407604,129.25810103611644
spot 0,1701.467645096731,127.49723602783575
spot 0,1702.8685790527018,125.82206717092438
spot 0,1704.2695130086724,124.22992279179394
spot 0,1705.6704469646431,122.71810553914916
spot 0,1707.0713809206138,121.28390216832996
spot 0,1708.4723148765843,119.92459277934734
spot 0,1709.873248832555,118.6374595005784
spot 0,1711.2741827885256,117.41979461354214
spot 0,1712.6751167444963,116.26890811742894
spot 0,1714.076050700467,115.18213473512782
spot 0,1715.4769846564377,114.15684036534088
spot 0,1716.8779186124082,113.19042798801642
spot 0,1718.2788525683789,112.28034303274976
spot 0,1719.6797865243495,111.42407822200587
spot 0,1721.0807204803202,110.61917790299087
spot 0,1722.481654436291,109.86324188376703
spot 0,1723.8825883922616,109.15392879074733
spot 0,1725.283522348232,108.48895896604105
spot 0,1726.6844563042027,107.86611692424852
spot 0,1728.0853902601734,107.28325338923534
spot 0,1729.486324216144,106.73828693215071
spot 0,1730.8872581721148,106.2292052325146
spot 0,1732.2881921280853,105.75406598458034
spot 0,1733.689126084056,105.31099747139986
spot 0,1735.0900600400266,104.89819882909092
spot 0,1736.4909939959973,104.51394002372933
spot 0,1737.891927951968,104.15656156309267
spot 0,1739.2928619079387,103.82447396515836
spot 0,1740.6937958639091,103.51615700483383
spot 0,1742.0947298198798,103.23015875987245
spot 0,1743.4956637758505,102.96509447632236
spot 0,1744.8965977318212,102.71964527317164
spot 0,1746.297531687792,102.4925567051103
spot 0,1747.6984656437626,102.28263720152972
spot 0,1749.099399599733,102.08875639903893
spot 0,1750.5003335557037,101.90984338390108
spot 0,1751.9012675116744,101.74488485989201
spot 0,1753.302201467645,101.59292325616389
spot 0,1754.7031354236158,101.45305478876891
spot 0,1756.1040693795865,101.32442748856745
spot 0,1757.505003335557,101.20623920731805
spot 0,1758.9059372915276,101.09773561283012
spot 0,1760.3068712474983,100.99820818315867
spot 0,1761.707805203469,100.90699220893868
spot 0,1763.1087391594397,100.82346481209964
spot 0,1764.5096731154104,100.74704298837065
spot 0,1765.9106070713808,100.67718168018827
spot 0,1767.3115410273515,100.61337188585327
spot 0,1768.7124749833222,100.55513881005305
spot 0,1770.1134089392929,100.50204006017316
spot 0,1771.5143428952636,100.4536638921674
spot 0,1772.9152768512342,100.40962750914032
spot 0,1774.3162108072047,100.36957541522005
spot 0,1775.7171447631754,100.33317782676374
spot 0,1777.118078719146,100.30012914244045
spot 0,1778.5190126751168,100.27014647327964
spot 0,1779.9199466310874,100.24296823335274
spot 0,1781.320880587058,100.21835279137423
spot 0,1782.7218145430286,100.19607718316196
spot 0,1784.1227484989993,100.1759358845859
spot 0,1785.52368245497,100.15773964435627
spot 0,1786.9246164109406,100.14131437575722
spot 0,1788.3255503669113,100.1265001062162
spot 0,1789.7264843228818,100.11314998341328
spot 0,1791.1274182788525,100.10112933647444
spot 0,1792.5283522348232,100.09031479065933
spot 0,1793.9292861907938,100.08059343384227
spot 0,1795.3302201467645,100.0718620329972
spot 0,1796.7311541027352,100.06402629882778
spot 0,1798.1320880587057,100.05700019663307
spot 0,1799.5330220146764,100.05070530146648
spot 0,1800.933955970647,100.04507019562563
spot 0,1802.3348899266177,100.04002990650712
spot 0,1803.7358238825884,100.03552538286645
spot 0,1805.136757838559,100.0315030075421
spot 0,1806.5376917945296,100.02791414472972
spot 0,1807.9386257505003,100.02471471992857
spot 0,1809.339559706471,100.02186483072497
spot 0,1810.7404936624416,100.01932838662637
spot 0,1812.1414276184123,100.01707277621361
spot 0,1813.542361574383,100.01506855993686
spot 0,1814.9432955303535,100.01328918694153
spot 0,1816.3442294863241,100.01171073437456
spot 0,1817.7451634422948,100.01031166768611
spot 0,1819.1460973982655,100.00907262050876
spot 0,1820.5470313542362,100.00797619276261
spot 0,1821.9479653102069,100.00700676570212
spot 0,1823.3488992661773,100.00615033268637
spot 0,1824.749833222148,100.00539434452128
spot 0,1826.1507671781187,100.00472756828513
spot 0,1827.5517011340894,100.00413995861373
spot 0,1828.95263509006,100.00362254048143
spot 0,1830.3535690460308,100.00316730257461
spot 0,1831.7545030020012,100.00276710041153
spot 0,1833.155436957972,100.00241556841756
spot 0,1834.5563709139426,100.00210704021816
spot 0,1835.9573048699133,100.00183647646244
spot 0,1837.358238825884,100.0015993995386
spot 0,1838.7591727818544,100.0013918345886
spot 0,1840.1601067378251,100.00121025627273
spot 0,1841.5610406937958,100.00105154077616
spot 0,1842.9619746497665,100.00091292258827
spot 0,1844.3629086057372,100.0007919556221
spot 0,1845.7638425617079,100.00068647827594
spot 0,1847.1647765176783,100.00059458207045
spot 0,1848.565710473649,100.00051458352587
spot 0,1849.9666444296197,100.00044499897075
spot 0,1851.3675783855904,100.00038452200066
spot 0,1852.768512341561,100.00033200332926
spot 0,1854.1694462975317,100.00028643279637
spot 0,1855.5703802535022,100.00024692331895
spot 0,1856.971314209473,100.00021269659004
spot 0,1858.3722481654436,100.0001830703482
spot 0,1859.7731821214143,100.00015744705674
spot 0,1861.174116077385,100.00013530384679
spot 0,1862.5750500333556,100.00011618359231
spot 0,1863.975983989326,100.00009968699746
spot 0,1865.3769179452968,100.00008546558882
spot 0,1866.7778519012675,100.00007321551499
spot 0,1868.1787858572382,100.00006267206614
spot 0,1869.5797198132088,100.00005360483485
spot 0,1870.9806537691795,100.00004581344714
spot 0,1872.38158772515,100.00003912380069
spot 0,1873.7825216811207,100.00003338475271
spot 0,1875.1834556370914,100.00002846520712
spot 0,1876.584389593062,100.00002425155505
spot 0,1877.9853235490327,100.00002064542812
spot 0,1879.3862575050034,100.0000175617283
spot 0,1880.7871914609739,100.00001492690171
spot 0,1882.1881254169446,100.00001267742795
spot 0,1883.5890593729152,100.0000107584991
spot 0,1884.989993328886,100.00000912286573
spot 0,1886.3909272848566,100.0000077298299
spot 0,1887.7918612408273,100.00000654436705
spot 0,1889.1927951967978,100.00000553636126
spot 0,1890.5937291527684,100.00000467993964
spot 0,1891.9946631087391,100.00000395289374
spot 0,1893.3955970647098,100.00000333617703
spot 0,1894.7965310206805,100.00000281346874
spot 0,1896.197464976651,100.00000237079585
spot 0,1897.5983989326216,100.00000199620565
spot 0,1898.9993328885923,100.00000167948242
spot 0,1900.400266844563,100.00000141190249
spot 0,1901.8012008005337,100.00000118602271
spot 0,1903.2021347565044,100.00000099549793
spot 0,1904.6030687124749,100.00000083492368
spot 0,1906.0040026684455,100.00000069970062
spot 0,1907.4049366244162,100.00000058591793
spot 0,1908.805870580387,100.00000049025314
spot 0,1910.2068045363576,100.00000040988596
spot 0,1911.6077384923283,100.00000034242443
spot 0,1913.0086724482987,100.00000028584165
spot 0,1914.4096064042694,100.00000023842146
spot 0,1915.81054036024,100.00000019871206
spot 0,1917.2114743162108,100.00000016548636
spot 0,1918.6124082721815,100.000000137708
spot 0,1920.0133422281522,100.00000011450257
spot 0,1921.4142761841226,100.00000009513282
spot 0,1922.8152101400933,100.0000000789777
spot 0,1924.216144096064,100.00000006551456
spot 0,1925.6170780520347,100.00000005430378
spot 0,1927.0180120080054,100.00000004497606
spot 0,1928.418945963976,100.00000003722133
spot 0,1929.8198799199465,100.00000003077949
spot 0,1931.2208138759172,100.00000002543254
spot 0,1932.621747831888,100.00000002099797
spot 0,1934.0226817878586,100.00000001732305
spot 0,1935.4236157438293,100.00000001428005
spot 0,1936.8245496998,100.00000001176237
spot 0,1938.2254836557704,100.00000000968096
spot 0,1939.626417611741,100.00000000796162
spot 0,1941.0273515677118,100.00000000654249
spot 0,1942.4282855236825,100.0000000053721
spot 0,1943.8292194796531,100.00000000440762
spot 0,1945.2301534356236,100.00000000361347
spot 0,1946.6310873915943,100.00000000296006
spot 0,1948.032021347565,100.00000000242292
spot 0,1949.4329553035357,100.00000000198169
spot 0,1950.8338892595063,100.00000000161954
spot 0,1952.234823215477,100.00000000132253
spot 0,1953.6357571714475,100.00000000107914
spot 0,1955.0366911274182,100.00000000087985
spot 0,1956.4376250833889,100.00000000071681
spot 0,1957.8385590393596,100.00000000058351
spot 0,1959.2394929953302,100.00000000047464
spot 0,1960.640426951301,100.00000000038577
spot 0,1962.0413609072714,100.00000000031329
spot 0,1963.442294863242,100.00000000025425
spot 0,1964.8432288192128,100.00000000020616
spot 0,1966.2441627751834,100.00000000016703
spot 0,1967.6450967311541,100.00000000013523
spot 0,1969.0460306871248,100.0000000001094
spot 0,1970.4469646430953,100.00000000008842
spot 0,1971.847898599066,100.00000000007142
spot 0,1973.2488325550366,100.00000000005764
spot 0,1974.6497665110073,100.00000000004648
spot 0,1976.050700466978,100.00000000003746
spot 0,1977.4516344229487,100.00000000003016
spot 0,1978.8525683789192,100.00000000002426
spot 0,1980.2535023348898,100.0000000000195
spot 0,1981.6544362908605,100.00000000001566
spot 0,1983.0553702468312,100.00000000001258
spot 0,1984.456304202802,100.00000000001009
spot 0,1985.8572381587726,100.00000000000809
spot 0,1987.258172114743,100.00000000000647
spot 0,1988.6591060707137,100.00000000000517
spot 0,1990.0600400266844,100.00000000000414
spot 0,1991.460973982655,100.00000000000331
spot 0,1992.8619079386258,100.00000000000264
spot 0,1994.2628418945965,100.0000000000021
spot 0,1995.663775850567,100.00000000000168
spot 0,1997.0647098065376,100.00000000000134
spot 0,1998.4656437625083,100.00000000000107
spot 0,1999.866577718479,100.00000000000084
spot 0,2001.2675116744497,100.00000000000067
spot 0,2002.6684456304201,100.00000000000054
spot 0,2004.0693795863908,100.00000000000043
spot 0,2005.4703135423615,100.00000000000034
spot 0,2006.8712474983322,100.00000000000027
spot 0,2008.2721814543029,100.00000000000021
spot 0,2009.6731154102736,100.00000000000017
spot 0,2011.074049366244,100.00000000000013
spot 0,2012.4749833222147,100.0000000000001
spot 0,2013.8759172781854,100.00000000000009
spot 0,2015.276851234156,100.00000000000007
spot 0,2016.6777851901268,100.00000000000006
spot 0,2018.0787191460975,100.00000000000004
spot 0,2019.479653102068,100.00000000000003
spot 0,2020.8805870580386,100.00000000000003
spot 0,2022.2815210140093,100.00000000000001
spot 0,2023.68245496998,100.00000000000001
spot 0,2025.0833889259507,100.00000000000001
spot 0,2026.4843228819213,100.00000000000001
spot 0,2027.8852568378918,100.00000000000001
spot 0,2029.2861907938625,100.0
spot 0,2030.6871247498332,100.0
spot 0,2032.0880587058039,100.0
spot 0,2033.4889926617745,100.0
spot 0,2034.8899266177452,100.0
spot 0,2036.2908605737157,100.0
spot 0,2037.6917945296864,100.0
spot 0,2039.092728485657,100.0
spot 0,2040.4936624416277,100.0
spot 0,2041.8945963975984,100.0
spot 0,2043.2955303535691,100.0
spot 0,2044.6964643095396,100.0
spot 0,2046.0973982655103,100.0
spot 0,2047.498332221481,100.0
spot 0,2048.899266177452,100.0
spot 0,2050.3002001334225,100.0
spot 0,2051.7011340893932,100.0
spot 0,2053.1020680453635,100.0
spot 0,2054.503002001334,100.0
spot 0,2055.903935957305,100.0
spot 0,2057.3048699132755,100.0
spot 0,2058.705803869246,100.0
spot 0,2060.1067378252164,100.0
spot 0,2061.507671781187,100.0
spot 0,2062.908605737158,100.0
spot 0,2064.3095396931285,100.0
spot 0,2065.710473649099,100.0
spot 0,2067.11140760507,100.0
spot 0,2068.5123415610406,100.0
spot 0,2069.9132755170112,100.0
spot 0,2071.314209472982,100.0
spot 0,2072.7151434289526,100.0
spot 0,2074.1160773849233,100.0
spot 0,2075.517011340894,100.0
spot 0,2076.9179452968647,100.0
spot 0,2078.3188792528354,100.0
spot 0,2079.719813208806,100.0
spot 0,2081.1207471647767,100.0
spot 0,2082.5216811207474,100.0
spot 0,2083.922615076718,100.0
spot 0,2085.3235490326883,100.0
spot 0,2086.724482988659,100.0
spot 0,2088.1254169446297,100.0
spot 0,2089.5263509006004,100.0
spot 0,2090.927284856571,100.0
spot 0,2092.3282188125418,100.0
spot 0,2093.729152768512,100.0
spot 0,2095.1300867244827,100.0
spot 0,2096.5310206804534,100.0
spot 0,2097.931954636424,100.0
spot 0,2099.3328885923947,100.0
spot 0,2100.7338225483654,100.0
spot 0,2102.134756504336,100.0
spot 0,2103.535690460307,100.0
spot 0,2104.9366244162775,100.0
spot 0,2106.337558372248,100.0
spot 0,2107.738492328219,100.0
spot 0,2109.1394262841895,100.0
spot 0,2110.54036024016,100.0
spot 0,2111.941294196131,100.0
spot 0,2113.3422281521016,100.0
spot 0,2114.7431621080723,100.0
spot 0,2116.144096064043,100.0
spot 0,2117.545030020013,100.0
spot 0,2118.945963975984,100.0
spot 0,2120.3468979319546,100.0
spot 0,2121.7478318879253,100.0
spot 0,2123.148765843896,100.0
spot 0,2124.5496997998666,100.0
spot 0,2125.950633755837,100.0
spot 0,2127.3515677118075,100.0
spot 0,2128.7525016677782,100.0
spot 0,2130.153435623749,100.0
spot 0,2131.5543695797196,100.0
spot 0,2132.9553035356903,100.0
spot 0,2134.356237491661,100.0
spot 0,2135.7571714476317,100.0
spot 0,2137.1581054036023,100.0
spot 0,2138.559039359573,100.0
spot 0,2139.9599733155437,100.0
spot 0,2141.3609072715144,100.0
spot 0,2142.761841227485,100.0
spot 0,2144.162775183456,100.0
spot 0,2145.5637091394265,100.0
spot 0,2146.964643095397,100.0
spot 0,2148.365577051368,100.0
spot 0,2149.7665110073385,100.0
spot 0,2151.1674449633088,100.0
spot 0,2152.5683789192794,100.0
spot 0,2153.96931287525,100.0
spot 0,2155.370246831221,100.0
spot 0,2156.7711807871915,100.0
spot 0,2158.172114743162,100.0
spot 0,2159.5730486991324,100.0
spot 0,2160.973982655103,100.0
spot 0,2162.374916611074,100.0
spot 0,2163.7758505670445,100.0
spot 0,2165.176784523015,100.0
spot 0,2166.577718478986,100.0
spot 0,2167.9786524349565,100.0
spot 0,2169.379586390927,100.0
spot 0,2170.780520346898,100.0
spot 0,2172.1814543028686,100.0
spot 0,2173.5823882588393,100.0
spot 0,2174.98332221481,100.0
spot 0,2176.3842561707806,100.0
spot 0,2177.7851901267513,100.0
spot 0,2179.186124082722,100.0
spot 0,2180.5870580386927,100.0
spot 0,2181.9879919946634,100.0
spot 0,2183.3889259506336,100.0
spot 0,2184.7898599066043,100.0
spot 0,2186.190793862575,100.0
spot 0,2187.5917278185457,100.0
spot 0,2188.9926617745164,100.0
spot 0,2190.393595730487,100.0
spot 0,2191.7945296864573,100.0
spot 0,2193.195463642428,100.0
spot 0,2194.5963975983987,100.0
spot 0,2195.9973315543693,100.0
spot 0,2197.39826551034,100.0
spot 0,2198.7991994663107,100.0
spot 0,2200.2001334222814,100.0
spot 0,2201.601067378252,100.0
spot 0,2203.0020013342228,100.0
spot 0,2204.4029352901935,100.0
spot 0,2205.803869246164,100.0
spot 0,2207.204803202135,100.0
spot 0,2208.6057371581055,100.0
spot 0,2210.006671114076,100.0
spot 0,2211.407605070047,100.0
spot 0,2212.8085390260176,100.0
spot 0,2214.2094729819883,100.0
spot 0,2215.610406937959,100.0
spot 0,2217.011340893929,100.0
spot 0,2218.4122748499,100.0
spot 0,2219.8132088058705,100.0
spot 0,2221.2141427618412,100.0
spot 0,2222.615076717812,100.0
spot 0,2224.016010673782,100.0
spot 0,2225.416944629753,100.0
spot 0,2226.8178785857235,100.0
spot 0,2228.218812541694,100.0
spot 0,2229.619746497665,100.0
spot 0,2231.0206804536356,100.0
spot 0,2232.4216144096063,100.0
spot 0,2233.822548365577,100.0
spot 0,2235.2234823215476,100.0
spot 0,2236.6244162775183,100.0
spot 0,2238.025350233489,100.0
spot 0,2239.4262841894597,100.0
spot 0,2240.8272181454304,100.0
spot 0,2242.228152101401,100.0
spot 0,2243.6290860573718,100.0
spot 0,2245.0300200133424,100.0
spot 0,2246.430953969313,100.0
spot 0,2247.831887925284,100.0
spot 0,2249.232821881254,100.0
spot 0,2250.6337558372247,100.0
spot 0,2252.0346897931954,100.0
spot 0,2253.435623749166,100.0
spot 0,2254.836557705137,100.0
spot 0,2256.2374916611075,100.0
spot 0,2257.6384256170777,100.0
spot 0,2259.0393595730484,100.0
spot 0,2260.440293529019,100.0
spot 0,2261.8412274849898,100.0
spot 0,2263.2421614409604,100.0
spot 0,2264.643095396931,100.0
spot 0,2266.044029352902,100.0
spot 0,2267.4449633088725,100.0
spot 0,2268.845897264843,100.0
spot 0,2270.246831220814,100.0
spot 0,2271.6477651767846,100.0
spot 0,2273.0486991327552,100.0
spot 0,2274.449633088726,100.0
spot 0,2275.8505670446966,100.0
spot 0,2277.2515010006673,100.0
spot 0,2278.652434956638,100.0
spot 0,2280.0533689126087,100.0
spot 0,2281.454302868579,100.0
spot 0,2282.8552368245496,100.0
spot 0,2284.2561707805203,100.0
spot 0,2285.657104736491,100.0
spot 0,2287.0580386924617,100.0
spot 0,2288.4589726484323,100.0
spot 0,2289.8599066044026,100.0
spot 0,2291.2608405603733,100.0
spot 0,2292.661774516344,100.0
spot 0,2294.0627084723146,100.0
spot 0,2295.4636424282853,100.0
spot 0,2296.864576384256,100.0
spot 0,2298.2655103402267,100.0
spot 0,2299.6664442961974,100.0
spot 0,2301.067378252168,100.0
spot 0,2302.4683122081387,100.0
spot 0,2303.8692461641094,100.0
spot 0,2305.27018012008,100.0
spot 0,2306.671114076051,100.0
spot 0,2308.0720480320215,100.0
spot 0,2309.472981987992,100.0
spot 0,2310.873915943963,100.0
spot 0,2312.2748498999335,100.0
spot 0,2313.6757838559042,100.0
spot 0,2315.0767178118745,100.0
spot 0,2316.477651767845,100.0
spot 0,2317.878585723816,100.0
spot 0,2319.2795196797865,100.0
spot 0,2320.680453635757,100.0
spot 0,2322.081387591728,100.0
spot 0,2323.482321547698,100.0
spot 0,2324.883255503669,100.0
spot 0,2326.2841894596395,100.0
spot 0,2327.68512341561,100.0
spot 0,2329.086057371581,100.0
spot 0,2330.4869913275516,100.0
spot 0,2331.8879252835222,100.0
spot 0,2333.288859239493,100.0
spot 0,2334.6897931954636,100.0
spot 0,2336.0907271514343,100.0
spot 0,2337.491661107405,100.0
spot 0,2338.8925950633757,100.0
spot 0,2340.2935290193464,100.0
spot 0,2341.694462975317,100.0
spot 0,2343.0953969312877,100.0
spot 0,2344.4963308872584,100.0
spot 0,2345.897264843229,100.0
spot 0,2347.2981987991993,100.0
spot 0,2348.69913275517,100.0
spot 0,2350.1000667111407,100.0
spot 0,2351.5010006671114,100.0
spot 0,2352.901934623082,100.0
spot 0,2354.3028685790528,100.0
spot 0,2355.703802535023,100.0
spot 0,2357.1047364909937,100.0
spot 0,2358.5056704469644,100.0
spot 0,2359.906604402935,100.0
spot 0,2361.3075383589057,100.0
spot 0,2362.7084723148764,100.0
spot 0,2364.109406270847,100.0
spot 0,2365.510340226818,100.0
spot 0,2366.9112741827885,100.0
spot 0,2368.312208138759,100.0
spot 0,2369.71314209473,100.0
spot 0,2371.1140760507005,100.0
spot 0,2372.515010006671,100.0
spot 0,2373.915943962642,100.0
spot 0,2375.3168779186126,100.0
spot 0,2376.7178118745833,100.0
spot 0,2378.118745830554,100.0
spot 0,2379.5196797865246,100.0
spot 0,2380.920613742495,100.0
spot 0,2382.3215476984656,100.0
spot 0,2383.7224816544363,100.0
spot 0,2385.123415610407,100.0
spot 0,2386.5243495663776,100.0
spot 0,2387.925283522348,100.0
spot 0,2389.3262174783185,100.0
spot 0,2390.727151434289,100.0
spot 0,2392.12808539026,100.0
spot 0,2393.5290193462306,100.0
spot 0,2394.9299533022013,100.0
spot 0,2396.330887258172,100.0
spot 0,2397.7318212141427,100.0
spot 0,2399.1327551701133,100.0
spot 0,2400.533689126084,100.0
spot 0,2401.9346230820547,100.0
spot 0,2403.3355570380254,100.0
spot 0,2404.736490993996,100.0
spot 0,2406.1374249499668,100.0
spot 0,2407.5383589059375,100.0
spot 0,2408.939292861908,100.0
spot 0,2410.340226817879,100.0
spot 0,2411.7411607738495,100.0
spot 0,2413.1420947298197,100.0
spot 0,2414.5430286857904,100.0
spot 0,2415.943962641761,100.0
spot 0,2417.344896597732,100.0
spot 0,2418.7458305537025,100.0
spot 0,2420.146764509673,100.0
spot 0,2421.5476984656434,100.0
spot 0,2422.948632421614,100.0
spot 0,2424.349566377585,100.0
spot 0,2425.7505003335555,100.0
spot 0,2427.151434289526,100.0
spot 0,2428.552368245497,100.0
spot 0,2429.9533022014675,100.0
spot 0,2431.354236157438,100.0
spot 0,2432.755170113409,100.0
spot 0,2434.1561040693796,100.0
spot 0,2435.5570380253503,100.0
spot 0,2436.957971981321,100.0
spot 0,2438.3589059372916,100.0
spot 0,2439.7598398932623,100.0
spot 0,2441.160773849233,100.0
spot 0,2442.5617078052037,100.0
spot 0,2443.9626417611744,100.0
spot 0,2445.3635757171446,100.0
spot 0,2446.7645096731153,100.0
spot 0,2448.165443629086,100.0
spot 0,2449.5663775850567,100.0
spot 0,2450.9673115410274,100.0
spot 0,2452.368245496998,100.0
spot 0,2453.7691794529687,100.0
spot 0,2455.1701134089394,100.0
spot 0,2456.57104736491,100.0
spot 0,2457.9719813208803,100.0
spot 0,2459.372915276851,100.0
spot 0,2460.7738492328217,100.0
spot 0,2462.1747831887924,100.0
spot 0,2463.575717144763,100.0
spot 0,2464.9766511007338,100.0
spot 0,2466.3775850567044,100.0
spot 0,2467.778519012675,100.0
spot 0,2469.179452968646,100.0
spot 0,2470.5803869246165,100.0
spot 0,2471.981320880587,100.0
spot 0,2473.382254836558,100.0
spot 0,2474.783188792528,100.0
spot 0,2476.184122748499,100.0
spot 0,2477.5850567044695,100.0
spot 0,2478.98599066044,100.0
spot 0,2480.386924616411,100.0
spot 0,2481.7878585723815,100.0
spot 0,2483.188792528352,100.0
spot 0,2484.589726484323,100.0
spot 0,2485.9906604402936,100.0
spot 0,2487.3915943962643,100.0
spot 0,2488.792528352235,100.0
spot 0,2490.1934623082057,100.0
spot 0,2491.594396264176,100.0
spot 0,2492.9953302201466,100.0
spot 0,2494.3962641761173,100.0
spot 0,2495.797198132088,100.0
spot 0,2497.1981320880586,100.0
spot 0,2498.5990660440293,100.0
spot 0,2500.0,100.0
spot 1,400.0,280.0
spot 1,401.40093395597063,280.0
spot 1,402.8018679119413,280.0
spot 1,404.20280186791194,280.0
spot 1,405.6037358238826,280.0
spot 1,407.00466977985326,280.0
spot 1,408.4056037358239,280.0
spot 1,409.8065376917945,280.0
spot 1,411.2074716477652,280.0
spot 1,412.60840560373583,280.0
spot 1,414.00933955970646,280.0
spot 1,415.4102735156771,280.0
spot 1,416.8112074716478,280.0
spot 1,418.2121414276184,280.0
spot 1,419.61307538358903,280.0
spot 1,421.0140093395597,280.0
spot 1,422.41494329553035,280.0
spot 1,423.815877251501,280.0
spot 1,425.21681120747166,280.0
spot 1,426.6177451634423,280.0
spot 1,428.0186791194129,280.0
spot 1,429.4196130753836,280.0
spot 1,430.82054703135424,280.0
spot 1,432.22148098732487,280.0
spot 1,433.62241494329555,280.0
spot 1,435.0233488992662,280.0
spot 1,436.4242828552368,280.0
spot 1,437.8252168112075,280.0
spot 1,439.2261507671781,280.0
spot 1,440.62708472314876,280.0
spot 1,442.02801867911944,280.0
spot 1,443.42895263509007,280.0
spot 1,444.8298865910607,280.0
spot 1,446.2308205470314,280.0
spot 1,447.631754503002,280.0
spot 1,449.03268845897264,280.0
spot 1,450.4336224149433,280.0
spot 1,451.83455637091396,280.0
spot 1,453.2354903268846,280.0
spot 1,454.6364242828552,280.0
spot 1,456.0373582388259,280.0
spot 1,457.43829219479653,280.0
spot 1,458.83922615076716,280.0
spot 1,460.24016010673785,280.0
spot 1,461.6410940627085,280.0
spot 1,463.0420280186791,280.0
spot 1,464.44296197464973,280.0
spot 1,465.8438959306204,280.0
spot 1,467.24482988659105,280.0
spot 1,468.6457638425617,280.0
spot 1,470.04669779853236,280.0
spot 1,471.447631754503,280.0
spot 1,472.8485657104736,280.0
spot 1,474.2494996664443,280.0
spot 1,475.65043362241494,280.0
spot 1,477.05136757838557,280.0
spot 1,478.45230153435625,280.0
spot 1,479.8532354903269,280.0
spot 1,481.2541694462975,280.0
spot 1,482.6551034022682,280.0
spot 1,484.0560373582388,280.0
spot 1,485.45697131420945,280.0
spot 1,486.85790527018014,280.0
spot 1,488.25883922615077,280.0
spot 1,489.6597731821214,280.0
spot 1,491.0607071380921,280.0
spot 1,492.4616410940627,280.0
spot 1,493.86257505003334,280.0
spot 1,495.263509006004,280.0
spot 1,496.66444296197466,280.0
spot 1,498.0653769179453,280.0
spot 1,499.466310873916,280.0
spot 1,500.8672448298866,280.0
spot 1,502.26817878585723,280.0
spot 1,503.6691127418279,280.0
spot 1,505.07004669779855,280.0
spot 1,506.4709806537692,280.0
spot 1,507.8719146097398,280.0
spot 1,509.2728485657105,280.0
spot 1,510.6737825216811,280.0
spot 1,512.0747164776518,280.0
spot 1,513.4756504336224,280.0
spot 1,514.8765843895931,280.0
spot 1,516.2775183455637,280.0
spot 1,517.6784523015343,280.0
spot 1,519.079386257505,280.0
spot 1,520.4803202134757,280.0
spot 1,521.8812541694463,280.0
spot 1,523.282188125417,280.0
spot 1,524.6831220813876,280.0
spot 1,526.0840560373582,280.0
spot 1,527.4849899933289,280.0
spot 1,528.8859239492995,280.0
spot 1,530.2868579052702,280.0
spot 1,531.6877918612408,280.0
spot 1,533.0887258172115,280.0
spot 1,534.4896597731821,280.0
spot 1,535.8905937291528,280.0
spot 1,537.2915276851234,280.0
spot 1,538.692461641094,280.0
spot 1,540.0933955970647,280.0
spot 1,541.4943295530354,280.0
spot 1,542.895263509006,280.0
spot 1,544.2961974649767,280.0
spot 1,545.6971314209472,280.0
spot 1,547.0980653769179,280.0
spot 1,548.4989993328886,280.0
spot 1,549.8999332888593,280.0
spot 1,551.3008672448299,280.0
spot 1,552.7018012008006,280.0
spot 1,554.1027351567711,280.0
spot 1,555.5036691127418,280.0
spot 1,556.9046030687125,280.0
spot 1,558.3055370246832,280.0
spot 1,559.7064709806538,280.0
spot 1,561.1074049366244,280.0
spot 1,562.508338892595,280.0
spot 1,563.9092728485657,280.0
spot 1,565.3102068045364,280.0
spot 1,566.711140760507,280.0
spot 1,568.1120747164777,280.0
spot 1,569.5130086724483,280.0
spot 1,570.9139426284189,280.0
spot 1,572.3148765843896,280.0
spot 1,573.7158105403603,280.0
spot 1,575.1167444963309,280.0
spot 1,576.5176784523015,280.0
spot 1,577.9186124082721,280.0
spot 1,579.3195463642428,280.0
spot 1,580.7204803202135,280.0
spot 1,582.1214142761842,280.0
spot 1,583.5223482321547,280.0
spot 1,584.9232821881254,280.0
spot 1,586.324216144096,280.0
spot 1,587.7251501000667,280.0
spot 1,589.1260840560374,280.0
spot 1,590.527018012008,280.0
spot 1,591.9279519679786,280.0
spot 1,593.3288859239493,280.0
spot 1,594.7298198799199,280.0
spot 1,596.1307538358906,280.0
spot 1,597.5316877918613,280.0
spot 1,598.932621747832,280.0
spot 1,600.3335557038025,280.0
spot 1,601.7344896597732,280.0
spot 1,603.1354236157438,280.0
spot 1,604.5363575717145,280.0
spot 1,605.9372915276851,280.0
spot 1,607.3382254836558,280.0
spot 1,608.7391594396264,280.0
spot 1,610.1400933955971,280.0
spot 1,611.5410273515677,280.0
spot 1,612.9419613075383,280.0
spot 1,614.342895263509,280.0
spot 1,615.7438292194796,280.0
spot 1,617.1447631754503,280.0
spot 1,618.545697131421,280.0
spot 1,619.9466310873916,280.0
spot 1,621.3475650433622,280.0
spot 1,622.7484989993329,280.0
spot 1,624.1494329553035,280.0
spot 1,625.5503669112742,280.0
spot 1,626.9513008672449,280.0
spot 1,628.3522348232154,280.0
spot 1,629.7531687791861,280.0
spot 1,631.1541027351568,280.0
spot 1,632.5550366911274,280.0
spot 1,633.9559706470981,280.0
spot 1,635.3569046030686,280.0
spot 1,636.7578385590393,280.0
spot 1,638.15877251501,280.0
spot 1,639.5597064709807,280.0
spot 1,640.9606404269513,280.0
spot 1,642.361574382922,280.0
spot 1,643.7625083388925,280.0
spot 1,645.1634422948632,280.0
spot 1,646.5643762508339,280.0
spot 1,647.9653102068046,280.0
spot 1,649.3662441627752,280.0
spot 1,650.7671781187458,280.0
spot 1,652.1681120747164,280.0
spot 1,653.5690460306871,280.0
spot 1,654.9699799866578,280.0
spot 1,656.3709139426285,280.0
spot 1,657.771847898599,280.0
spot 1,659.1727818545697,280.0
spot 1,660.5737158105403,280.0
spot 1,661.974649766511,280.0
spot 1,663.3755837224817,280.0
spot 1,664.7765176784524,280.0
spot 1,666.1774516344229,280.0
spot 1,667.5783855903935,280.0
spot 1,668.9793195463642,280.0
spot 1,670.3802535023349,280.0
spot 1,671.7811874583056,280.0
spot 1,673.1821214142763,280.0
spot 1,674.5830553702468,280.0
spot 1,675.9839893262174,280.0
spot 1,677.3849232821881,280.0
spot 1,678.7858572381588,280.0
spot 1,680.1867911941295,280.0
spot 1,681.5877251501001,280.0
spot 1,682.9886591060707,280.0
spot 1,684.3895930620413,280.0
spot 1,685.790527018012,280.0
spot 1,687.1914609739827,280.0
spot 1,688.5923949299533,280.0
spot 1,689.9933288859239,280.0
spot 1,691.3942628418946,280.0
spot 1,692.7951967978652,280.0
spot 1,694.1961307538359,280.0
spot 1,695.5970647098065,280.0
spot 1,696.9979986657772,280.0
spot 1,698.3989326217478,280.0
spot 1,699.7998665777185,280.0
spot 1,701.2008005336891,280.0
spot 1,702.6017344896597,280.0
spot 1,704.0026684456304,280.0
spot 1,705.4036024016011,280.0
spot 1,706.8045363575717,280.0
spot 1,708.2054703135424,280.0
spot 1,709.606404269513,280.0
spot 1,711.0073382254836,280.0
spot 1,712.4082721814543,280.0
spot 1,713.809206137425,280.0
spot 1,715.2101400933956,280.0
spot 1,716.6110740493663,280.0
spot 1,718.0120080053368,280.0
spot 1,719.4129419613075,280.0
spot 1,720.8138759172782,280.0
spot 1,722.2148098732489,280.0
spot 1,723.6157438292195,280.0
spot 1,725.01667778519,280.0
spot 1,726.4176117411607,280.0
spot 1,727.8185456971314,280.0
spot 1,729.2194796531021,280.0
spot 1,730.6204136090728,280.0
spot 1,732.0213475650434,280.0
spot 1,733.4222815210139,280.0
spot 1,734.8232154769846,280.0
spot 1,736.2241494329553,280.0
spot 1,737.625083388926,280.0
spot 1,739.0260173448967,280.0
spot 1,740.4269513008672,280.0
spot 1,741.8278852568378,280.0
spot 1,743.2288192128085,280.0
spot 1,744.6297531687792,280.0
spot 1,746.0306871247499,280.0
spot 1,747.4316210807204,280.0
spot 1,748.8325550366911,280.0
spot 1,750.2334889926617,280.0
spot 1,751.6344229486324,280.0
spot 1,753.0353569046031,280.0
spot 1,754.4362908605738,280.0
spot 1,755.8372248165443,280.0
spot 1,757.238158772515,280.0
spot 1,758.6390927284856,280.0
spot 1,760.0400266844563,280.0
spot 1,761.440960640427,280.0
spot 1,762.8418945963977,280.0
spot 1,764.2428285523682,280.0
spot 1,765.6437625083389,280.0
spot 1,767.0446964643095,280.0
spot 1,768.4456304202802,280.0
spot 1,769.8465643762509,280.0
spot 1,771.2474983322215,280.0
spot 1,772.6484322881921,280.0
spot 1,774.0493662441627,280.0
spot 1,775.4503002001334,280.0
spot 1,776.851234156104,280.0
spot 1,778.2521681120747,280.0
spot 1,779.6531020680454,280.0
spot 1,781.054036024016,280.0
spot 1,782.4549699799866,280.0
spot 1,783.8559039359573,280.0
spot 1,785.256837891928,280.0
spot 1,786.6577718478986,280.0
spot 1,788.0587058038693,280.0
spot 1,789.4596397598399,280.0
spot 1,790.8605737158105,280.0
spot 1,792.2615076717811,280.0
spot 1,793.6624416277518,280.0
spot 1,795.0633755837225,280.0
spot 1,796.4643095396932,280.0
spot 1,797.8652434956638,280.0
spot 1,799.2661774516343,280.0
spot 1,800.667111407605,280.0
spot 1,802.0680453635757,280.0
spot 1,803.4689793195464,280.0
spot 1,804.869913275517,280.0
spot 1,806.2708472314877,280.0
spot 1,807.6717811874582,280.0
spot 1,809.0727151434289,280.0
spot 1,810.4736490993996,280.0
spot 1,811.8745830553703,280.0
spot 1,813.2755170113409,280.0
spot 1,814.6764509673116,280.0
spot 1,816.0773849232821,280.0
spot 1,817.4783188792528,280.0
spot 1,818.8792528352235,280.0
spot 1,820.2801867911942,280.0
spot 1,821.6811207471648,280.0
spot 1,823.0820547031354,280.0
spot 1,824.482988659106,280.0
spot 1,825.8839226150767,280.0
spot 1,827.2848565710474,280.0
spot 1,828.6857905270181,280.0
spot 1,830.0867244829886,280.0
spot 1,831.4876584389592,280.0
spot 1,832.8885923949299,280.0
spot 1,834.2895263509006,280.0
spot 1,835.6904603068713,280.0
spot 1,837.091394262842,280.0
spot 1,838.4923282188125,280.0
spot 1,839.8932621747831,280.0
spot 1,841.2941961307538,280.0
spot 1,842.6951300867245,280.0
spot 1,844.0960640426952,280.0
spot 1,845.4969979986658,280.0
spot 1,846.8979319546364,280.0
spot 1,848.298865910607,280.0
spot 1,849.6997998665777,280.0
spot 1,851.1007338225484,280.0
spot 1,852.501667778519,280.0
spot 1,853.9026017344897,280.0
spot 1,855.3035356904603,280.0
spot 1,856.7044696464309,280.0
spot 1,858.1054036024016,280.0
spot 1,859.5063375583723,280.0
spot 1,860.9072715143429,280.0
spot 1,862.3082054703135,280.0
spot 1,863.7091394262842,280.0
spot 1,865.1100733822548,280.0
spot 1,866.5110073382255,280.0
spot 1,867.9119412941961,280.0
spot 1,869.3128752501668,280.0
spot 1,870.7138092061374,280.0
spot 1,872.1147431621081,280.0
spot 1,873.5156771180787,280.0
spot 1,874.9166110740493,280.0
spot 1,876.31754503002,280.0
spot 1,877.7184789859907,280.0
spot 1,879.1194129419613,280.00000000000006
spot 1,880.520346897932,280.00000000000006
spot 1,881.9212808539025,280.00000000000006
spot 1,883.3222148098732,280.00000000000006
spot 1,884.7231487658439,280.00000000000006
spot 1,886.1240827218146,280.0000000000001
spot 1,887.5250166777852,280.0000000000001
spot 1,888.9259506337557,280.00000000000017
spot 1,890.3268845897264,280.00000000000017
spot 1,891.7278185456971,280.0000000000002
spot 1,893.1287525016678,280.0000000000003
spot 1,894.5296864576385,280.00000000000034
spot 1,895.9306204136091,280.0000000000004
spot 1,897.3315543695796,280.0000000000005
spot 1,898.7324883255503,280.0000000000006
spot 1,900.133422281521,280.0000000000008
spot 1,901.5343562374917,280.00000000000097
spot 1,902.9352901934624,280.0000000000012
spot 1,904.336224149433,280.0000000000015
spot 1,905.7371581054035,280.0000000000018
spot 1,907.1380920613742,280.0000000000022
spot 1,908.5390260173449,280.00000000000273
spot 1,909.9399599733156,280.00000000000335
spot 1,911.3408939292862,280.00000000000415
spot 1,912.7418278852568,280.00000000000506
spot 1,914.1427618412275,280.0000000000062
spot 1,915.5436957971981,280.0000000000076
spot 1,916.9446297531688,280.0000000000093
spot 1,918.3455637091395,280.0000000000114
spot 1,919.74649766511,280.0000000000139
spot 1,921.1474316210807,280.000000000017
spot 1,922.5483655770514,280.00000000002075
spot 1,923.949299533022,280.0000000000253
spot 1,925.3502334889927,280.00000000003087
spot 1,926.7511674449632,280.0000000000376
spot 1,928.1521014009339,280.00000000004576
spot 1,929.5530353569046,280.00000000005565
spot 1,930.9539693128752,280.0000000000677
spot 1,932.3549032688459,280.0000000000822
spot 1,933.7558372248166,280.0000000000998
spot 1,935.1567711807871,280.00000000012113
spot 1,936.5577051367578,280.0000000001469
spot 1,937.9586390927285,280.000000000178
spot 1,939.3595730486991,280.0000000002155
spot 1,940.7605070046698,280.0000000002608
spot 1,942.1614409606404,280.0000000003154
spot 1,943.562374916611,280.0000000003812
spot 1,944.9633088725817,280.00000000046043
spot 1,946.3642428285524,280.00000000055576
spot 1,947.765176784523,280.0000000006704
spot 1,949.1661107404937,280.0000000008082
spot 1,950.5670446964643,280.0000000009736
spot 1,951.9679786524349,280.00000000117217
spot 1,953.3689126084056,280.0000000014103
spot 1,954.7698465643763,280.0000000016957
spot 1,956.1707805203469,280.0000000020375
spot 1,957.5717144763175,280.00000000244665
spot 1,958.9726484322882,280.000000002936
spot 1,960.3735823882588,280.000000003521
spot 1,961.7745163442295,280.0000000042198
spot 1,963.1754503002002,280.00000000505406
spot 1,964.5763842561707,280.0000000060493
spot 1,965.9773182121414,280.00000000723577
spot 1,967.3782521681121,280.00000000864935
spot 1,968.7791861240827,280.0000000103324
spot 1,970.1801200800534,280.000000012335
spot 1,971.581054036024,280.00000001471614
spot 1,972.9819879919946,280.0000000175455
spot 1,974.3829219479653,280.00000002090536
spot 1,975.783855903936,280.0000000248924
spot 1,977.1847898599066,280.0000000296206
spot 1,978.5857238158773,280.0000000352241
spot 1,979.9866577718478,280.0000000418604
spot 1,981.3875917278185,280.0000000497148
spot 1,982.7885256837892,280.0000000590046
spot 1,984.1894596397598,280.00000006998494
spot 1,985.5903935957305,280.0000000829548
spot 1,986.9913275517011,280.0000000982644
spot 1,988.3922615076717,280.0000001163241
spot 1,989.7931954636424,280.00000013761354
spot 1,991.1941294196131,280.00000016269377
spot 1,992.5950633755837,280.0000001922201
spot 1,993.9959973315543,280.00000022695775
spot 1,995.396931287525,280.0000002677993
spot 1,996.7978652434956,280.0000003157854
spot 1,998.1987991994663,280.00000037212857
spot 1,999.599733155437,280.0000004382401
spot 1,1001.0006671114076,280.0000005157621
spot 1,1002.4016010673782,280.00000060660363
spot 1,1003.8025350233489,280.0000007129824
spot 1,1005.2034689793195,280.000000837473
spot 1,1006.6044029352902,280.0000009830624
spot 1,1008.0053368912609,280.00000115321313
spot 1,1009.4062708472314,280.00000135193653
spot 1,1010.8072048032021,280.00000158387627
spot 1,1012.2081387591728,280.00000185440433
spot 1,1013.6090727151434,280.00000216973075
spot 1,1015.0100066711141,280.0000025370293
spot 1,1016.4109406270848,280.00000296458126
spot 1,1017.8118745830553,280.00000346193934
spot 1,1019.212808539026,280.0000040401156
spot 1,1020.6137424949967,280.00000471179465
spot 1,1022.0146764509673,280.00000549157784
spot 1,1023.415610406938,280.0000063962609
spot 1,1024.8165443629086,280.0000074451495
spot 1,1026.2174783188793,280.0000086604191
spot 1,1027.61841227485,280.0000100675228
spot 1,1029.0193462308207,280.0000116956555
spot 1,1030.4202801867912,280.00001357827944
spot 1,1031.8212141427618,280.00001575372096
spot 1,1033.2221480987325,280.00001826584565
spot 1,1034.623082054703,280.00002116482347
spot 1,1036.0240160106737,280.000024507993
spot 1,1037.4249499666444,280.00002836083894
spot 1,1038.825883922615,280.00003279809584
spot 1,1040.2268178785857,280.0000379049928
spot 1,1041.6277518345564,280.00004377865713
spot 1,1043.028685790527,280.00005052969584
spot 1,1044.4296197464978,280.0000582839749
spot 1,1045.8305537024683,280.000067184621
spot 1,1047.231487658439,280.0000773942704
spot 1,1048.6324216144096,280.00008909759475
spot 1,1050.03335557038,280.00010250413374
spot 1,1051.4342895263508,280.0001178514716
spot 1,1052.8352234823215,280.00013540879405
spot 1,1054.2361574382921,280.0001554808696
spot 1,1055.6370913942628,280.0001784125013
spot 1,1057.0380253502335,280.0002045935007
spot 1,1058.4389593062042,280.00023446424035
spot 1,1059.8398932621749,280.00026852184783
spot 1,1061.2408272181456,280.00030732710815
spot 1,1062.641761174116,280.00035151215087
spot 1,1064.0426951300867,280.0004017890022
spot 1,1065.4436290860574,280.00045895909267
spot 1,1066.8445630420279,280.0005239238176
spot 1,1068.2454969979985,280.00059769625665
spot 1,1069.6464309539692,280.0006814141695
spot 1,1071.04736490994,280.0007763543928
spot 1,1072.4482988659106,280.0008839487777
spot 1,1073.8492328218813,280.0010058018147
spot 1,1075.250166777852,280.0011437101107
spot 1,1076.6511007338227,280.00129968389155
spot 1,1078.0520346897933,280.0014759707211
spot 1,1079.4529686457638,280.0016750816418
spot 1,1080.8539026017345,280.0018998199584
spot 1,1082.2548365577052,280.00215331290394
spot 1,1083.6557705136756,280.0024390464455
spot 1,1085.0567044696463,280.00276090350593
spot 1,1086.457638425617,280.00312320589967
spot 1,1087.8585723815877,280.0035307603007
spot 1,1089.2595063375584,280.003988908585
spot 1,1090.660440293529,280.00450358291243
spot 1,1092.0613742494997,280.00508136593817
spot 1,1093.4623082054704,280.0057295565708
spot 1,1094.863242161441,280.0064562417193
spot 1,1096.2641761174116,280.0072703745016
spot 1,1097.6651100733823,280.0081818594143
spot 1,1099.0660440293527,280.00920164499547
spot 1,1100.4669779853234,280.0103418245409
spot 1,1101.867911941294,280.0116157454686
spot 1,1103.2688458972648,280.01303812795686
spot 1,1104.6697798532355,280.0146251935152
spot 1,1106.0707138092062,280.01639480418123
spot 1,1107.4716477651768,280.0183666130698
spot 1,1108.8725817211475,280.0205622270358
spot 1,1110.2735156771182,280.0230053822443
spot 1,1111.6744496330887,280.0257221334786
spot 1,1113.0753835890594,280.0287410580461
spot 1,1114.47631754503,280.032093475178
spot 1,1115.8772515010005,280.0358136818487
spot 1,1117.2781854569712,280.0399392059704
spot 1,1118.6791194129419,280.0445110779487
spot 1,1120.0800533689126,280.0495741216092
spot 1,1121.4809873248832,280.0551772655315
spot 1,1122.881921280854,280.06137387584516
spot 1,1124.2828552368246,280.06822211156265
spot 1,1125.6837891927953,280.07578530353504
spot 1,1127.084723148766,280.0841323581287
spot 1,1128.4856571047364,280.09333818672314
spot 1,1129.8865910607071,280.10348416212986
spot 1,1131.2875250166778,280.11465860302513
spot 1,1132.6884589726483,280.12695728747514
spot 1,1134.089392928619,280.14048399661027
spot 1,1135.4903268845896,280.15535108947586
spot 1,1136.8912608405603,280.1716801100487
spot 1,1138.292194796531,280.18960242735983
spot 1,1139.6931287525017,280.20925990960654
spot 1,1141.0940627084724,280.23080563306746
spot 1,1142.494996664443,280.2544046265527
spot 1,1143.8959306204138,280.28023465202926
spot 1,1145.2968645763842,280.3084870219545
spot 1,1146.697798532355,280.3393674537296
spot 1,1148.0987324883254,280.3730969615522
spot 1,1149.499666444296,280.4099127857939
spot 1,1150.9006004002667,280.45006935986675
spot 1,1152.3015343562374,280.49383931435665
spot 1,1153.702468312208,280.5415145180044
spot 1,1155.1034022681788,280.59340715489896
spot 1,1156.5043362241495,280.6498508370114
spot 1,1157.9052701801202,280.71120175094774
spot 1,1159.3062041360909,280.77783983752664
spot 1,1160.7071380920613,280.85017000249985
spot 1,1162.108072048032,280.9286233564265
spot 1,1163.5090060040027,281.01365848138505
spot 1,1164.9099399599731,281.1057627218653
spot 1,1166.3108739159438,281.205453496821
spot 1,1167.7118078719145,281.3132796294861
spot 1,1169.1127418278852,281.4298226911626
spot 1,1170.513675783856,281.55569835478144
spot 1,1171.9146097398266,281.69155775361094
spot 1,1173.3155436957973,281.83808884005373
spot 1,1174.716477651768,281.99601773902526
spot 1,1176.1174116077386,282.1661100899488
spot 1,1177.518345563709,282.3491723709376
spot 1,1178.9192795196798,282.5460531982667
spot 1,1180.3202134756505,282.75764459375887
spot 1,1181.721147431621,282.984883212242
spot 1,1183.1220813875916,283.22875152075704
spot 1,1184.5230153435623,283.49027892073565
spot 1,1185.923949299533,283.77054280390485
spot 1,1187.3248832555037,284.0706695322341
spot 1,1188.7258172114744,284.3918353318095
spot 1,1190.126751167445,284.73526709011054
spot 1,1191.5276851234157,285.10224304578145
spot 1,1192.9286190793864,285.4940933596273
spot 1,1194.3295530353569,285.9122005552465
spot 1,1195.7304869913276,286.35799981741843
spot 1,1197.1314209472982,286.8329791361208
spot 1,1198.5323549032687,287.3386792838521
spot 1,1199.9332888592394,287.8766936137869
spot 1,1201.33422281521,288.4486676661941
spot 1,1202.7351567711808,289.0562985705238
spot 1,1204.1360907271514,289.7013342305955
spot 1,1205.5370246831221,290.3855722804272
spot 1,1206.9379586390928,291.11085879842017
spot 1,1208.3388925950635,291.8790867678741
spot 1,1209.739826551034,292.6921942721419
spot 1,1211.1407605070046,293.55216241316487
spot 1,1212.5416944629753,294.46101294263997
spot 1,1213.9426284189458,295.42080559568353
spot 1,1215.3435623749165,296.43363511756087
spot 1,1216.7444963308872,297.5016279748527
spot 1,1218.1454302868578,298.6269387433363
spot 1,1219.5463642428285,299.81174616586287
spot 1,1220.9472981987992,301.0582488746188
spot 1,1222.34823215477,302.3686607733702
spot 1,1223.7491661107406,303.74520607659775
spot 1,1225.1501000667113,305.19011400384124
spot 1,1226.5510340226817,306.70561312907915
spot 1,1227.9519679786524,308.29392538657424
spot 1,1229.352901934623,309.957259736304
spot 1,1230.7538358905936,311.6978054938825
spot 1,1232.1547698465642,313.517725331735
spot 1,1233.555703802535,315.4191479602218
spot 1,1234.9566377585056,317.4041604994159
spot 1,1236.3575717144763,319.4748005542951
spot 1,1237.758505670447,321.6330480082228
spot 1,1239.1594396264177,323.8808165517462
spot 1,1240.5603735823884,326.2199449659207
spot 1,1241.961307538359,328.65218818157024
spot 1,1243.3622414943295,331.17920813810156
spot 1,1244.7631754503002,333.8025644676915
spot 1,1246.1641094062709,336.5237050328393
spot 1,1247.5650433622413,339.34395634743436
spot 1,1248.965977318212,342.2645139135783
spot 1,1250.3669112741827,345.2864325084286
spot 1,1251.7678452301534,348.4106164573001
spot 1,1253.168779186124,351.6378099311026
spot 1,1254.5697131420948,354.96858730795117
spot 1,1255.9706470980655,358.4033436404013
spot 1,1257.3715810540361,361.94228527124153
spot 1,1258.7725150100066,365.58542064209445
spot 1,1260.1734489659773,369.33255134023005
spot 1,1261.574382921948,373.183263429938
spot 1,1262.9753168779184,377.1369191155843
spot 1,1264.3762508338891,381.19264878400156
spot 1,1265.7771847898598,385.3493434741688
spot 1,1267.1781187458305,389.60564782222997
spot 1,1268.5790527018012,393.9599535296935
spot 1,1269.9799866577719,398.4103934022304
spot 1,1271.3809206137425,402.95483600577006
spot 1,1272.7818545697132,407.5908809856089
spot 1,1274.182788525684,412.3158550929809
spot 1,1275.5837224816544,417.12680896198094
spot 1,1276.984656437625,422.0205146779093
spot 1,1278.3855903935957,426.99346417595314
spot 1,1279.7865243495662,432.0418685067498
spot 1,1281.187458305537,437.16165800265964
spot 1,1282.5883922615076,442.3484833756168
spot 1,1283.9893262174783,447.5977177742148
spot 1,1285.390260173449,452.90445982417714
spot 1,1286.7911941294196,458.26353767264226
spot 1,1288.1921280853903,463.66951405273056
spot 1,1289.593062041361,469.11669238068225
spot 1,1290.9939959973317,474.59912389348517
spot 1,1292.3949299533022,480.1106158303573
spot 1,1293.7958639092728,485.64474065675466
spot 1,1295.1967978652435,491.1948463247124
spot 1,1296.597731821214,496.7540675584188
spot 1,1297.9986657771847,502.3153381488657
spot 1,1299.3995997331554,507.87140423634
spot 1,1300.800533689126,513.4148385544429
spot 1,1302.2014676450967,518.938055604187
spot 1,1303.6024016010674,524.4333277216779
spot 1,1305.003335557038,529.892801997879
spot 1,1306.4042695130088,535.308518004052
spot 1,1307.8052034689795,540.6724262716909
spot 1,1309.20613742495,545.976407471151
spot 1,1310.6070713809206,551.2122922287477
spot 1,1312.008005336891,556.3718815178804
spot 1,1313.4089392928618,561.44696755581
spot 1,1314.8098732488324,566.4293551339985
spot 1,1316.2108072048031,571.3108833065862
spot 1,1317.6117411607738,576.0834473585155
spot 1,1319.0126751167445,580.7390209721327
spot 1,1320.4136090727152,585.269678508798
spot 1,1321.8145430286859,589.6676173201179
spot 1,1323.2154769846566,593.9251800019247
spot 1,1324.616410940627,598.0348765030718
spot 1,1326.0173448965977,601.9894060004964
spot 1,1327.4182788525684,605.7816784518328
spot 1,1328.8192128085389,609.404835737186
spot 1,1330.2201467645095,612.8522723024206
spot 1,1331.6210807204802,616.117655217574
spot 1,1333.022014676451,619.1949435657124
spot 1,1334.4229486324216,622.0784070797087
spot 1,1335.8238825883923,624.7626439470581
spot 1,1337.224816544363,627.2425977059114
spot 1,1338.6257505003337,629.5135731590134
spot 1,1340.0266844563043,631.5712512361499
spot 1,1341.4276184122748,633.4117027400209
spot 1,1342.8285523682455,635.0314009151447
spot 1,1344.2294863242162,636.4272327844327
spot 1,1345.6304202801866,637.5965092034365
spot 1,1347.0313542361573,638.5369735879161
spot 1,1348.432288192128,639.2468092762908
spot 1,1349.8332221480987,639.7246454946771
spot 1,1351.2341561040694,639.9695618985498
spot 1,1352.63509006004,639.9810916715517
spot 1,1354.0360240160107,639.7592231685934
spot 1,1355.4369579719814,639.3044000970706
spot 1,1356.8378919279521,638.6175202367672
spot 1,1358.2388258839226,637.6999327057487
spot 1,1359.6397598398933,636.5534337862547
spot 1,1361.040693795864,635.1802613312335
spot 1,1362.4416277518344,633.5830877786738
spot 1,1363.842561707805,631.7650118072568
spot 1,1365.2434956637758,629.7295486730422
spot 1,1366.6444296197465,627.4806192728449
spot 1,1368.0453635757171,625.0225379856754
spot 1,1369.4462975316878,622.3599993490275
spot 1,1370.8472314876585,619.4980636318933
spot 1,1372.2481654436292,616.4421413711416
spot 1,1373.6490993995997,613.1979769422686
spot 1,1375.0500333555703,609.7716312395239
spot 1,1376.450967311541,606.1694635439829
spot 1,1377.8519012675115,602.3981126612706
spot 1,1379.2528352234822,598.4644774133338
spot 1,1380.6537691794529,594.3756965709018
spot 1,1382.0547031354236,590.1391283150127
spot 1,1383.4556370913942,585.762329317295
spot 1,1384.856571047365,581.2530335294897
spot 1,1386.2575050033356,576.6191307730323
spot 1,1387.6584389593063,571.8686452193741
spot 1,1389.059372915277,567.0097138511046
spot 1,1390.4603068712474,562.0505649928685
spot 1,1391.8612408272181,556.9994969995363
spot 1,1393.2621747831888,551.8648571871465
spot 1,1394.6631087391593,546.6550210897339
spot 1,1396.06404269513,541.378372122385
spot 1,1397.4649766511006,536.043281727715
spot 1,1398.8659106070713,530.6580900793973
spot 1,1400.266844563042,525.2310874125544
spot 1,1401.6677785190127,519.7704960466302
spot 1,1403.0687124749834,514.2844531619119
spot 1,1404.469646430954,508.7809943861647
spot 1,1405.8705803869248,503.2680382429054
spot 1,1407.2715143428952,497.7533715077073
spot 1,1408.672448298866,492.24463551362425
spot 1,1410.0733822548366,486.74931344140214
spot 1,1411.474316210807,481.2747186245726
spot 1,1412.8752501667777,475.8279838939277
spot 1,1414.2761841227484,470.41605198020596
spot 1,1415.677118078719,465.04566698811493
spot 1,1417.0780520346898,459.72336694917067
spot 1,1418.4789859906605,454.45547745518576
spot 1,1419.8799199466312,449.2481063686793
spot 1,1421.2808539026018,444.1071396010131
spot 1,1422.6817878585723,439.0382379437045
spot 1,1424.082721814543,434.0468349331577
spot 1,1425.4836557705137,429.1381357240271
spot 1,1426.8845897264844,424.317116941545
spot 1,1428.285523682455,419.58852747852774
spot 1,1429.6864576384255,414.9568901983366
spot 1,1431.0873915943962,410.4265045008935
spot 1,1432.4883255503669,406.00144970494796
spot 1,1433.8892595063376,401.6855891961193
spot 1,1435.2901934623083,397.4825752869081
spot 1,1436.691127418279,393.39585473179216
spot 1,1438.0920613742494,389.4286748377748
spot 1,1439.49299533022,385.58409010831366
spot 1,1440.8939292861908,381.86496935645647
spot 1,1442.2948632421615,378.274003221207
spot 1,1443.6957971981321,374.81371201971893
spot 1,1445.0967311541028,371.48645386679505
spot 1,1446.4976651100733,368.2944329924043
spot 1,1447.898599066044,365.239708187506
spot 1,1449.2995330220147,362.3242013083981
spot 1,1450.7004669779853,359.54970577005554
spot 1,1452.101400933956,356.9178949595457
spot 1,1453.5023348899265,354.430330501547
spot 1,1454.9032688458972,352.08847030927836
spot 1,1456.3042028018679,349.89367635577065
spot 1,1457.7051367578385,347.8472221023424
spot 1,1459.1060707138092,345.9502995234194
spot 1,1460.50700466978,344.2040256694118
spot 1,1461.9079386257504,342.6094487122537
spot 1,1463.308872581721,341.16755342139527
spot 1,1464.7098065376917,339.8792660215217
spot 1,1466.1107404936624,338.74545838702136
spot 1,1467.5116744496331,337.76695153226
spot 1,1468.9126084056038,336.9445183609928
spot 1,1470.3135423615743,336.27888564277174
spot 1,1471.714476317545,335.7707351889547
spot 1,1473.1154102735156,335.42070420588425
spot 1,1474.5163442294863,335.22938480795733
spot 1,1475.917278185457,335.1973226786392
spot 1,1477.3182121414277,335.3250148729576
spot 1,1478.7191460973982,335.6129067606337
spot 1,1480.1200800533688,336.0613881147354
spot 1,1481.5210140093395,336.67078835655514
spot 1,1482.9219479653102,337.4413709732933
spot 1,1484.322881921281,338.37332713104104
spot 1,1485.7238158772516,339.46676851147186
spot 1,1487.124749833222,340.72171940655255
spot 1,1488.5256837891927,342.13810811141786
spot 1,1489.9266177451634,343.7157576613095
spot 1,1491.327551701134,345.45437596411847
spot 1,1492.7284856571048,347.3535453855429
spot 1,1494.1294196130755,349.4127118491735
spot 1,1495.530353569046,351.6311735188805
spot 1,1496.9312875250166,354.0080691356931
spot 1,1498.3322214809873,356.5423660858656
spot 1,1499.733155436958,359.2328482810211
spot 1,1501.1340893929287,362.0781039350684
spot 1,1502.5350233488994,365.0765133260087
spot 1,1503.9359573048698,368.2262366337276
spot 1,1505.3368912608405,371.52520194738264
spot 1,1506.7378252168112,374.9710935379998
spot 1,1508.1387591727819,378.56134049339414
spot 1,1509.5396931287526,382.2931058134408
spot 1,1510.940627084723,386.1632760640836
spot 1,1512.3415610406937,390.16845168821294
spot 1,1513.7424949966644,394.3049380706605
spot 1,1515.143428952635,398.56873745307075
spot 1,1516.5443629086058,402.95554179222995
spot 1,1517.9452968645764,407.46072665263495
spot 1,1519.346230820547,412.0793462206118
spot 1,1520.7471647765176,416.8061295231736
spot 1,1522.1480987324883,421.6354779300165
spot 1,1523.549032688459,426.5614640116655
spot 1,1524.9499666444297,431.57783182071955
spot 1,1526.3509006004003,436.677998656519
spot 1,1527.7518345563708,441.85505836634366
spot 1,1529.1527685123415,447.1017862284922
spot 1,1530.5537024683122,452.4106454543139
spot 1,1531.9546364242829,457.7737953375596
spot 1,1533.3555703802535,463.1831010702357
spot 1,1534.7565043362242,468.630145234643
spot 1,1536.1574382921947,474.1062409714373
spot 1,1537.5583722481654,479.6024468134668
spot 1,1538.959306204136,485.10958316483993
spot 1,1540.3602401601067,490.6182503942964
spot 1,1541.7611741160774,496.11884850146396
spot 1,1543.162108072048,501.60159830414506
spot 1,1544.5630420280186,507.0565640844097
spot 1,1545.9639759839893,512.4736776210784
spot 1,1547.36490993996,517.8427635261927
spot 1,1548.7658438959306,523.1535657934514
spot 1,1550.1667778519013,528.3957754572966
spot 1,1551.567711807872,533.5590592525409
spot 1,1552.9686457638425,538.6330891561523
spot 1,1554.3695797198131,543.6075726851418
spot 1,1555.7705136757838,548.4722838174732
spot 1,1557.1714476317545,553.2170943966632
spot 1,1558.5723815877252,557.8320058752169
spot 1,1559.9733155436957,562.3071812473953
spot 1,1561.3742494996663,566.6329770180444
spot 1,1562.775183455637,570.7999750513434
spot 1,1564.1761174116077,574.7990141414698
spot 1,1565.5770513675784,578.621221146247
spot 1,1566.977985323549,582.2580415249579
spot 1,1568.3789192795196,585.7012691226247
spot 1,1569.7798532354902,588.9430750452055
spot 1,1571.180787191461,591.9760354733124
spot 1,1572.5817211474316,594.7931582662515
spot 1,1573.9826551034023,597.3879082133319
spot 1,1575.383589059373,599.7542307955365
spot 1,1576.7845230153434,601.8865743276922
spot 1,1578.1854569713141,603.7799103592378
spot 1,1579.5863909272848,605.4297522204513
spot 1,1580.9873248832555,606.832171610577
spot 1,1582.3882588392262,607.9838131345555
spot 1,1583.7891927951969,608.881906705997
spot 1,1585.1901267511673,609.5242777455296
spot 1,1586.591060707138,609.9093551156516
spot 1,1587.9919946631087,610.0361767456163
spot 1,1589.3929286190794,609.904392912611
spot 1,1590.79386257505,609.5142671584456
spot 1,1592.1947965310208,608.8666748340765
spot 1,1593.5957304869912,607.9630992774412
spot 1,1594.996664442962,606.8056256431887
spot 1,1596.3975983989326,605.3969324158714
spot 1,1597.7985323549033,603.7402806509017
spot 1,1599.199466310874,601.8395010000139
spot 1,1600.6004002668446,599.6989785899968
spot 1,1602.001334222815,597.3236358350007
spot 1,1603.4022681787858,594.7189132736952
spot 1,1604.8032021347565,591.890748532901
spot 1,1606.2041360907272,588.8455535289202
spot 1,1607.6050700466978,585.5901900266731
spot 1,1609.0060040026685,582.1319436847546
spot 1,1610.406937958639,578.478496721687
spot 1,1611.8078719146097,574.6378993448698
spot 1,1613.2088058705804,570.6185400890216
spot 1,1614.609739826551,566.4291152151856
spot 1,1616.0106737825217,562.078597324697
spot 1,1617.4116077384922,557.5762033447921
spot 1,1618.8125416944629,552.9313620438198
spot 1,1620.2134756504336,548.1536812343084
spot 1,1621.6144096064043,543.2529148214018
spot 1,1623.015343562375,538.2389298525167
spot 1,1624.4162775183456,533.1216737214219
spot 1,1625.817211474316,527.911141676412
spot 1,1627.2181454302868,522.6173447778265
spot 1,1628.6190793862575,517.2502784449562
spot 1,1630.0200133422281,511.81989172634684
spot 1,1631.4209472981988,506.3360574208333
spot 1,1632.8218812541695,500.80854316925627
spot 1,1634.22281521014,495.24698362888273
spot 1,1635.6237491661107,489.66085383408165
spot 1,1637.0246831220813,484.0594438379294
spot 1,1638.425617078052,478.4518347201097
spot 1,1639.8265510340227,472.84687603694204
spot 1,1641.2274849899934,467.25316477955516
spot 1,1642.6284189459639,461.6790258962946
spot 1,1644.0293529019345,456.13249442542633
spot 1,1645.4302868579052,450.62129927420233
spot 1,1646.831220813876,445.1528486703659
spot 1,1648.2321547698466,439.7342173023917
spot 1,1649.6330887258173,434.3721351551135
spot 1,1651.0340226817877,429.0729780380386
spot 1,1652.4349566377584,423.8427597945968
spot 1,1653.8358905937291,418.6871261719105
spot 1,1655.2368245496998,413.6113503223834
spot 1,1656.6377585056705,408.62032990063244
spot 1,1658.0386924616412,403.71858571196833
spot 1,1659.4396264176116,398.9102618618622
spot 1,1660.8405603735823,394.19912734961736
spot 1,1662.241494329553,389.5885790438481
spot 1,1663.6424282855237,385.08164597230643
spot 1,1665.0433622414944,380.6809948541986
spot 1,1666.444296197465,376.38893679931186
spot 1,1667.8452301534355,372.2074350950862
spot 1,1669.2461641094062,368.13811400018767
spot 1,1670.647098065377,364.18226846118785
spot 1,1672.0480320213476,360.3408746675593
spot 1,1673.4489659773183,356.61460135942883
spot 1,1674.8498999332887,353.00382180228564
spot 1,1676.2508338892594,349.5086263431469
spot 1,1677.65176784523,346.12883546350895
spot 1,1679.0527018012008,342.86401324568743
spot 1,1680.4536357571715,339.71348117091554
spot 1,1681.8545697131422,336.6763321697185
spot 1,1683.2555036691126,333.7514448476292
spot 1,1684.6564376250833,330.93749781219407
spot 1,1686.057371581054,328.23298403042327
spot 1,1687.4583055370247,325.63622514928903
spot 1,1688.8592394929954,323.1453857155936
spot 1,1690.260173448966,320.7584872354088
spot 1,1691.6611074049365,318.47342201735006
spot 1,1693.0620413609072,316.28796674811684
spot 1,1694.4629753168779,314.1997957530015
spot 1,1695.8639092728486,312.20649389837183
spot 1,1697.2648432288192,310.3055690974763
spot 1,1698.66577718479,308.49446438524217
spot 1,1700.0667111407604,306.7705695320208
spot 1,1701.467645096731,305.1312321704505
spot 1,1702.8685790527018,303.573768413741
spot 1,1704.2695130086724,302.0954729476829
spot 1,1705.6704469646431,300.693628582575
spot 1,1707.0713809206138,299.3655152549779
spot 1,1708.4723148765843,298.1084184727583
spot 1,1709.873248832555,296.9196372002598
spot 1,1711.2741827885256,295.7964911836149
spot 1,1712.6751167444963,294.73632771917835
spot 1,1714.076050700467,293.7365278708336
spot 1,1715.4769846564377,292.79451214445896
spot 1,1716.8779186124082,291.9077456301779
spot 1,1718.2788525683789,291.0737426251112
spot 1,1719.6797865243495,290.2900707512487
spot 1,1721.0807204803202,289.5543545847124
spot 1,1722.481654436291,288.86427881414954
spot 1,1723.8825883922616,288.21759094723
spot 1,1725.283522348232,287.61210358527103
spot 1,1726.6844563042027,287.0456962868539
spot 1,1728.0853902601734,286.51631704196166
spot 1,1729.486324216144,286.02198337864314
spot 1,1730.8872581721148,285.56078312452576
spot 1,1732.2881921280853,285.13087484565176
spot 1,1733.689126084056,284.73048798512195
spot 1,1735.0900600400266,284.357922723901
spot 1,1736.4909939959973,284.01154958588575
spot 1,1737.891927951968,283.6898088089705
spot 1,1739.2928619079387,283.391209503374
spot 1,1740.6937958639091,283.1143286179321
spot 1,1742.0947298198798,282.8578097344183
spot 1,1743.4956637758505,282.6203617092475
spot 1,1744.8965977318212,282.40075718114446
spot 1,1746.297531687792,282.1978309625447
spot 1,1747.6984656437626,282.01047833163506
spot 1,1749.099399599733,281.8376532410555
spot 1,1750.5003335557037,281.67836645837133
spot 1,1751.9012675116744,281.5316836525045
spot 1,1753.302201467645,281.39672343937895
spot 1,1754.7031354236158,281.2726553991092
spot 1,1756.1040693795865,281.15869807613444
spot 1,1757.505003335557,281.0541169727917
spot 1,1758.9059372915276,280.95822254592895
spot 1,1760.3068712474983,280.8703682152839
spot 1,1761.707805203469,280.78994839151255
spot 1,1763.1087391594397,280.71639653093087
spot 1,1764.5096731154104,280.6491832232517
spot 1,1765.9106070713808,280.58781431784473
spot 1,1767.3115410273515,280.5318290933371
spot 1,1768.7124749833222,280.48079847469256
spot 1,1770.1134089392929,280.4343233012708
spot 1,1771.5143428952636,280.39203264876977
spot 1,1772.9152768512342,280.35358220739477
spot 1,1774.3162108072047,280.31865271807993
spot 1,1775.7171447631754,280.28694846810515
spot 1,1777.118078719146,280.258195847014
spot 1,1778.5190126751168,280.23214196333174
spot 1,1779.9199466310874,280.208553322217
spot 1,1781.320880587058,280.1872145638506
spot 1,1782.7218145430286,280.16792726206694
spot 1,1784.1227484989993,280.1505087824712
spot 1,1785.52368245497,280.1347911990519
spot 1,1786.9246164109406,280.1206202680964
spot 1,1788.3255503669113,280.1078544580415
spot 1,1789.7264843228818,280.0963640337437
spot 1,1791.1274182788525,280.0860301935284
spot 1,1792.5283522348232,280.07674425727726
spot 1,1793.9292861907938,280.06840690373156
spot 1,1795.3302201467645,280.06092745512933
spot 1,1796.7311541027352,280.05422320725137
spot 1,1798.1320880587057,280.04821880292184
spot 1,1799.5330220146764,280.04284564699975
spot 1,1800.933955970647,280.0380413608953
spot 1,1802.3348899266177,280.033749274659
spot 1,1803.7358238825884,280.0299179547119
spot 1,1805.136757838559,280.0265007653191
spot 1,1806.5376917945296,280.0234554619439
spot 1,1807.9386257505003,280.0207438146703
spot 1,1809.339559706471,280.0183312599265
spot 1,1810.7404936624416,280.01618657880533
spot 1,1812.1414276184123,280.01428160032907
spot 1,1813.542361574383,280.0125909280745
spot 1,1814.9432955303535,280.01109168863496
spot 1,1816.3442294863241,280.0097633004636
spot 1,1817.7451634422948,280.00858726170776
spot 1,1819.1460973982655,280.00754695571175
spot 1,1820.5470313542362,280.0066274729329
spot 1,1821.9479653102069,280.00581544808
spot 1,1823.3488992661773,280.0050989113507
spot 1,1824.749833222148,280.00446715270675
spot 1,1826.1507671781187,280.0039105981895
spot 1,1827.5517011340894,280.0034206973377
spot 1,1828.95263509006,280.00298982082865
spot 1,1830.3535690460308,280.00261116752154
spot 1,1831.7545030020012,280.0022786801339
spot 1,1833.155436957972,280.00198696883587
spot 1,1834.5563709139426,280.0017312420966
spot 1,1835.9573048699133,280.001507244163
spot 1,1837.358238825884,280.0013111985982
spot 1,1838.7591727818544,280.0011397573474
spot 1,1840.1601067378251,280.00098995484046
spot 1,1841.5610406937958,280.0008591666784
spot 1,1842.9619746497665,280.000745072485
spot 1,1844.3629086057372,280.0006456225407
spot 1,1845.7638425617079,280.0005590078444
spot 1,1847.1647765176783,280.0004836332807
spot 1,1848.565710473649,280.0004180935944
spot 1,1849.9666444296197,280.00036115190295
spot 1,1851.3675783855904,280.00031172049705
spot 1,1852.768512341561,280.0002688437046
spot 1,1854.1694462975317,280.00023168261214
spot 1,1855.5703802535022,280.000199501456
spot 1,1856.971314209473,280.0001716555133
spot 1,1858.3722481654436,280.0001475803387
spot 1,1859.7731821214143,280.00012678220696
spot 1,1861.174116077385,280.00010882963454
spot 1,1862.5750500333556,280.0000933458668
spot 1,1863.975983989326,280.0000800022264
spot 1,1865.3769179452968,280.00006851223145
spot 1,1866.7778519012675,280.00005862639784
spot 1,1868.1787858572382,280.00005012765257
spot 1,1869.5797198132088,280.0000428272889
spot 1,1870.9806537691795,280.00003656140336
spot 1,1872.38158772515,280.00003118776044
spot 1,1873.7825216811207,280.0000265830361
spot 1,1875.1834556370914,280.00002264039665
spot 1,1876.584389593062,280.00001926737457
spot 1,1877.9853235490327,280.00001638400636
spot 1,1879.3862575050034,280.00001392120197
spot 1,1880.7871914609739,280.00001181931805
spot 1,1882.1881254169446,280.00001002691107
spot 1,1883.5890593729152,280.0000084996485
spot 1,1884.989993328886,280.00000719935895
spot 1,1886.3909272848566,280.0000060932044
spot 1,1887.7918612408273,280.00000515295943
spot 1,1889.1927951967978,280.0000043543844
spot 1,1890.5937291527684,280.0000036766802
spot 1,1891.9946631087391,280.00000310201585
spot 1,1893.3955970647098,280.0000026151176
spot 1,1894.7965310206805,280.0000022029138
spot 1,1896.197464976651,280.0000018542267
spot 1,1897.5983989326216,280.0000015595066
spot 1,1898.9993328885923,280.00000131060153
spot 1,1900.400266844563,280.0000011005586
spot 1,1901.8012008005337,280.0000009234529
spot 1,1903.2021347565044,280.00000077423954
spot 1,1904.6030687124749,280.000000648627
spot 1,1906.0040026684455,280.0000005429674
spot 1,1907.4049366244162,280.00000045416283
spot 1,1908.805870580387,280.0000003795845
spot 1,1910.2068045363576,280.0000003170037
spot 1,1911.6077384923283,280.0000002645327
spot 1,1913.0086724482987,280.0000002205735
spot 1,1914.4096064042694,280.000000183775
spot 1,1915.81054036024,280.0000001529955
spot 1,1917.2114743162108,280.0000001272711
spot 1,1918.6124082721815,280.0000001057889
spot 1,1920.0133422281522,280.00000008786367
spot 1,1921.4142761841226,280.0000000729185
spot 1,1922.8152101400933,280.0000000604679
spot 1,1924.216144096064,280.00000005010395
spot 1,1925.6170780520347,280.0000000414837
spot 1,1927.0180120080054,280.00000003431956
spot 1,1928.418945963976,280.00000002837044
spot 1,1929.8198799199465,280.0000000234341
spot 1,1931.2208138759172,280.0000000193415
spot 1,1932.621747831888,280.0000000159511
spot 1,1934.0226817878586,280.0000000131447
spot 1,1935.4236157438293,280.00000001082356
spot 1,1936.8245496998,280.00000000890526
spot 1,1938.2254836557704,280.00000000732126
spot 1,1939.626417611741,280.00000000601426
spot 1,1941.0273515677118,280.0000000049367
spot 1,1942.4282855236825,280.000000004049
spot 1,1943.8292194796531,280.00000000331835
spot 1,1945.2301534356236,280.0000000027174
spot 1,1946.6310873915943,280.00000000222354
spot 1,1948.032021347565,280.000000001818
spot 1,1949.4329553035357,280.00000000148526
spot 1,1950.8338892595063,280.00000000121247
spot 1,1952.234823215477,280.000000000989
spot 1,1953.6357571714475,280.0000000008061
spot 1,1955.0366911274182,280.0000000006565
spot 1,1956.4376250833889,280.00000000053427
spot 1,1957.8385590393596,280.0000000004344
spot 1,1959.2394929953302,280.00000000035294
spot 1,1960.640426951301,280.00000000028655
spot 1,1962.0413609072714,280.0000000002325
spot 1,1963.442294863242,280.00000000018844
spot 1,1964.8432288192128,280.0000000001526
spot 1,1966.2441627751834,280.0000000001235
spot 1,1967.6450967311541,280.0000000000999
spot 1,1969.0460306871248,280.0000000000807
spot 1,1970.4469646430953,280.00000000006514
spot 1,1971.847898599066,280.0000000000526
spot 1,1973.2488325550366,280.0000000000424
spot 1,1974.6497665110073,280.00000000003416
spot 1,1976.050700466978,280.00000000002746
spot 1,1977.4516344229487,280.0000000000221
spot 1,1978.8525683789192,280.00000000001774
spot 1,1980.2535023348898,280.00000000001427
spot 1,1981.6544362908605,280.0000000000114
spot 1,1983.0553702468312,280.00000000000915
spot 1,1984.456304202802,280.00000000000733
spot 1,1985.8572381587726,280.00000000000585
spot 1,1987.258172114743,280.0000000000047
spot 1,1988.6591060707137,280.00000000000375
spot 1,1990.0600400266844,280.000000000003
spot 1,1991.460973982655,280.0000000000024
spot 1,1992.8619079386258,280.00000000000193
spot 1,1994.2628418945965,280.00000000000153
spot 1,1995.663775850567,280.0000000000012
spot 1,1997.0647098065376,280.00000000000097
spot 1,1998.4656437625083,280.00000000000074
spot 1,1999.866577718479,280.0000000000006
spot 1,2001.2675116744497,280.00000000000045
spot 1,2002.6684456304201,280.0000000000004
spot 1,2004.0693795863908,280.0000000000003
spot 1,2005.4703135423615,280.0000000000002
spot 1,2006.8712474983322,280.00000000000017
spot 1,2008.2721814543029,280.00000000000017
spot 1,2009.6731154102736,280.0000000000001
spot 1,2011.074049366244,280.0000000000001
spot 1,2012.4749833222147,280.00000000000006
spot 1,2013.8759172781854,280.00000000000006
spot 1,2015.276851234156,280.00000000000006
spot 1,2016.6777851901268,280.00000000000006
spot 1,2018.0787191460975,280.0
spot 1,2019.479653102068,280.0
spot 1,2020.8805870580386,280.0
spot 1,2022.2815210140093,280.0
spot 1,2023.68245496998,280.0
spot 1,2025.0833889259507,280.0
spot 1,2026.4843228819213,280.0
spot 1,2027.8852568378918,280.0
spot 1,2029.2861907938625,280.0
spot 1,2030.6871247498332,280.0
spot 1,2032.0880587058039,280.0
spot 1,2033.4889926617745,280.0
spot 1,2034.8899266177452,280.0
spot 1,2036.2908605737157,280.0
spot 1,2037.6917945296864,280.0
spot 1,2039.092728485657,280.0
spot 1,2040.4936624416277,280.0
spot 1,2041.8945963975984,280.0
spot 1,2043.2955303535691,280.0
spot 1,2044.6964643095396,280.0
spot 1,2046.0973982655103,280.0
spot 1,2047.498332221481,280.0
spot 1,2048.899266177452,280.0
spot 1,2050.3002001334225,280.0
spot 1,2051.7011340893932,280.0
spot 1,2053.1020680453635,280.0
spot 1,2054.503002001334,280.0
spot 1,2055.903935957305,280.0
spot 1,2057.3048699132755,280.0
spot 1,2058.705803869246,280.0
spot 1,2060.1067378252164,280.0
spot 1,2061.507671781187,280.0
spot 1,2062.908605737158,280.0
spot 1,2064.3095396931285,280.0
spot 1,2065.710473649099,280.0
spot 1,2067.11140760507,280.0
spot 1,2068.5123415610406,280.0
spot 1,2069.9132755170112,280.0
spot 1,2071.314209472982,280.0
spot 1,2072.7151434289526,280.0
spot 1,2074.1160773849233,280.0
spot 1,2075.517011340894,280.0
spot 1,2076.9179452968647,280.0
spot 1,2078.3188792528354,280.0
spot 1,2079.719813208806,280.0
spot 1,2081.1207471647767,280.0
spot 1,2082.5216811207474,280.0
spot 1,2083.922615076718,280.0
spot 1,2085.3235490326883,280.0
spot 1,2086.724482988659,280.0
spot 1,2088.1254169446297,280.0
spot 1,2089.5263509006004,280.0
spot 1,2090.927284856571,280.0
spot 1,2092.3282188125418,280.0
spot 1,2093.729152768512,280.0
spot 1,2095.1300867244827,280.0
spot 1,2096.5310206804534,280.0
spot 1,2097.931954636424,280.0
spot 1,2099.3328885923947,280.0
spot 1,2100.7338225483654,280.0
spot 1,2102.134756504336,280.0
spot 1,2103.535690460307,280.0
spot 1,2104.9366244162775,280.0
spot 1,2106.337558372248,280.0
spot 1,2107.738492328219,280.0
spot 1,2109.1394262841895,280.0
spot 1,2110.54036024016,280.0
spot 1,2111.941294196131,280.0
spot 1,2113.3422281521016,280.0
spot 1,2114.7431621080723,280.0
spot 1,2116.144096064043,280.0
spot 1,2117.545030020013,280.0
spot 1,2118.945963975984,280.0
spot 1,2120.3468979319546,280.0
spot 1,2121.7478318879253,280.0
spot 1,2123.148765843896,280.0
spot 1,2124.5496997998666,280.0
spot 1,2125.950633755837,280.0
spot 1,2127.3515677118075,280.0
spot 1,2128.7525016677782,280.0
spot 1,2130.153435623749,280.0
spot 1,2131.5543695797196,280.0
spot 1,2132.9553035356903,280.0
spot 1,2134.356237491661,280.0
spot 1,2135.7571714476317,280.0
spot 1,2137.1581054036023,280.0
spot 1,2138.559039359573,280.0
spot 1,2139.9599733155437,280.0
spot 1,2141.3609072715144,280.0
spot 1,2142.761841227485,280.0
spot 1,2144.162775183456,280.0
spot 1,2145.5637091394265,280.0
spot 1,2146.964643095397,280.0
spot 1,2148.365577051368,280.0
spot 1,2149.7665110073385,280.0
spot 1,2151.1674449633088,280.0
spot 1,2152.5683789192794,280.0
spot 1,2153.96931287525,280.0
spot 1,2155.370246831221,280.0
spot 1,2156.7711807871915,280.0
spot 1,2158.172114743162,280.0
spot 1,2159.5730486991324,280.0
spot 1,2160.973982655103,280.0
spot 1,2162.374916611074,280.0
spot 1,2163.7758505670445,280.0
spot 1,2165.176784523015,280.0
spot 1,2166.577718478986,280.0
spot 1,2167.9786524349565,280.0
spot 1,2169.379586390927,280.0
spot 1,2170.780520346898,280.0
spot 1,2172.1814543028686,280.0
spot 1,2173.5823882588393,280.0
spot 1,2174.98332221481,280.0
spot 1,2176.3842561707806,280.0
spot 1,2177.7851901267513,280.0
spot 1,2179.186124082722,280.0
spot 1,2180.5870580386927,280.0
spot 1,2181.9879919946634,280.0
spot 1,2183.3889259506336,280.0
spot 1,2184.7898599066043,280.0
spot 1,2186.190793862575,280.0
spot 1,2187.5917278185457,280.0
spot 1,2188.9926617745164,280.0
spot 1,2190.393595730487,280.0
spot 1,2191.7945296864573,280.0
spot 1,2193.195463642428,280.0
spot 1,2194.5963975983987,280.0
spot 1,2195.9973315543693,280.0
spot 1,2197.39826551034,280.0
spot 1,2198.7991994663107,280.0
spot 1,2200.2001334222814,280.0
spot 1,2201.601067378252,280.0
spot 1,2203.0020013342228,280.0
spot 1,2204.4029352901935,280.0
spot 1,2205.803869246164,280.0
spot 1,2207.204803202135,280.0
spot 1,2208.6057371581055,280.0
spot 1,2210.006671114076,280.0
spot 1,2211.407605070047,280.0
spot 1,2212.8085390260176,280.0
spot 1,2214.2094729819883,280.0
spot 1,2215.610406937959,280.0
spot 1,2217.011340893929,280.0
spot 1,2218.4122748499,280.0
spot 1,2219.8132088058705,280.0
spot 1,2221.2141427618412,280.0
spot 1,2222.615076717812,280.0
spot 1,2224.016010673782,280.0
spot 1,2225.416944629753,280.0
spot 1,2226.8178785857235,280.0
spot 1,2228.218812541694,280.0
spot 1,2229.619746497665,280.0
spot 1,2231.0206804536356,280.0
spot 1,2232.4216144096063,280.0
spot 1,2233.822548365577,280.0
spot 1,2235.2234823215476,280.0
spot 1,2236.6244162775183,280.0
spot 1,2238.025350233489,280.0
spot 1,2239.4262841894597,280.0
spot 1,2240.8272181454304,280.0
spot 1,2242.228152101401,280.0
spot 1,2243.6290860573718,280.0
spot 1,2245.0300200133424,280.0
spot 1,2246.430953969313,280.0
spot 1,2247.831887925284,280.0
spot 1,2249.232821881254,280.0
spot 1,2250.6337558372247,280.0
spot 1,2252.0346897931954,280.0
spot 1,2253.435623749166,280.0
spot 1,2254.836557705137,280.0
spot 1,2256.2374916611075,280.0
spot 1,2257.6384256170777,280.0
spot 1,2259.0393595730484,280.0
spot 1,2260.440293529019,280.0
spot 1,2261.8412274849898,280.0
spot 1,2263.2421614409604,280.0
spot 1,2264.643095396931,280.0
spot 1,2266.044029352902,280.0
spot 1,2267.4449633088725,280.0
spot 1,2268.845897264843,280.0
spot 1,2270.246831220814,280.0
spot 1,2271.6477651767846,280.0
spot 1,2273.0486991327552,280.0
spot 1,2274.449633088726,280.0
spot 1,2275.8505670446966,280.0
spot 1,2277.2515010006673,280.0
spot 1,2278.652434956638,280.0
spot 1,2280.0533689126087,280.0
spot 1,2281.454302868579,280.0
spot 1,2282.8552368245496,280.0
spot 1,2284.2561707805203,280.0
spot 1,2285.657104736491,280.0
spot 1,2287.0580386924617,280.0
spot 1,2288.4589726484323,280.0
spot 1,2289.8599066044026,280.0
spot 1,2291.2608405603733,280.0
spot 1,2292.661774516344,280.0
spot 1,2294.0627084723146,280.0
spot 1,2295.4636424282853,280.0
spot 1,2296.864576384256,280.0
spot 1,2298.2655103402267,280.0
spot 1,2299.6664442961974,280.0
spot 1,2301.067378252168,280.0
spot 1,2302.4683122081387,280.0
spot 1,2303.8692461641094,280.0
spot 1,2305.27018012008,280.0
spot 1,2306.671114076051,280.0
spot 1,2308.0720480320215,280.0
spot 1,2309.472981987992,280.0
spot 1,2310.873915943963,280.0
spot 1,2312.2748498999335,280.0
spot 1,2313.6757838559042,280.0
spot 1,2315.0767178118745,280.0
spot 1,2316.477651767845,280.0
spot 1,2317.878585723816,280.0
spot 1,2319.2795196797865,280.0
spot 1,2320.680453635757,280.0
spot 1,2322.081387591728,280.0
spot 1,2323.482321547698,280.0
spot 1,2324.883255503669,280.0
spot 1,2326.2841894596395,280.0
spot 1,2327.68512341561,280.0
spot 1,2329.086057371581,280.0
spot 1,2330.4869913275516,280.0
spot 1,2331.8879252835222,280.0
spot 1,2333.288859239493,280.0
spot 1,2334.6897931954636,280.0
spot 1,2336.0907271514343,280.0
spot 1,2337.491661107405,280.0
spot 1,2338.8925950633757,280.0
spot 1,2340.2935290193464,280.0
spot 1,2341.694462975317,280.0
spot 1,2343.0953969312877,280.0
spot 1,2344.4963308872584,280.0
spot 1,2345.897264843229,280.0
spot 1,2347.2981987991993,280.0
spot 1,2348.69913275517,280.0
spot 1,2350.1000667111407,280.0
spot 1,2351.5010006671114,280.0
spot 1,2352.901934623082,280.0
spot 1,2354.3028685790528,280.0
spot 1,2355.703802535023,280.0
spot 1,2357.1047364909937,280.0
spot 1,2358.5056704469644,280.0
spot 1,2359.906604402935,280.0
spot 1,2361.3075383589057,280.0
spot 1,2362.7084723148764,280.0
spot 1,2364.109406270847,280.0
spot 1,2365.510340226818,280.0
spot 1,2366.9112741827885,280.0
spot 1,2368.312208138759,280.0
spot 1,2369.71314209473,280.0
spot 1,2371.1140760507005,280.0
spot 1,2372.515010006671,280.0
spot 1,2373.915943962642,280.0
spot 1,2375.3168779186126,280.0
spot 1,2376.7178118745833,280.0
spot 1,2378.118745830554,280.0
spot 1,2379.5196797865246,280.0
spot 1,2380.920613742495,280.0
spot 1,2382.3215476984656,280.0
spot 1,2383.7224816544363,280.0
spot 1,2385.123415610407,280.0
spot 1,2386.5243495663776,280.0
spot 1,2387.925283522348,280.0
spot 1,2389.3262174783185,280.0
spot 1,2390.727151434289,280.0
spot 1,2392.12808539026,280.0
spot 1,2393.5290193462306,280.0
spot 1,2394.9299533022013,280.0
spot 1,2396.330887258172,280.0
spot 1,2397.7318212141427,280.0
spot 1,2399.1327551701133,280.0
spot 1,2400.533689126084,280.0
spot 1,2401.9346230820547,280.0
spot 1,2403.3355570380254,280.0
spot 1,2404.736490993996,280.0
spot 1,2406.1374249499668,280.0
spot 1,2407.5383589059375,280.0
spot 1,2408.939292861908,280.0
spot 1,2410.340226817879,280.0
spot 1,2411.7411607738495,280.0
spot 1,2413.1420947298197,280.0
spot 1,2414.5430286857904,280.0
spot 1,2415.943962641761,280.0
spot 1,2417.344896597732,280.0
spot 1,2418.7458305537025,280.0
spot 1,2420.146764509673,280.0
spot 1,2421.5476984656434,280.0
spot 1,2422.948632421614,280.0
spot 1,2424.349566377585,280.0
spot 1,2425.7505003335555,280.0
spot 1,2427.151434289526,280.0
spot 1,2428.552368245497,280.0
spot 1,2429.9533022014675,280.0
spot 1,2431.354236157438,280.0
spot 1,2432.755170113409,280.0
spot 1,2434.1561040693796,280.0
spot 1,2435.5570380253503,280.0
spot 1,2436.957971981321,280.0
spot 1,2438.3589059372916,280.0
spot 1,2439.7598398932623,280.0
spot 1,2441.160773849233,280.0
spot 1,2442.5617078052037,280.0
spot 1,2443.9626417611744,280.0
spot 1,2445.3635757171446,280.0
spot 1,2446.7645096731153,280.0
spot 1,2448.165443629086,280.0
spot 1,2449.5663775850567,280.0
spot 1,2450.9673115410274,280.0
spot 1,2452.368245496998,280.0
spot 1,2453.7691794529687,280.0
spot 1,2455.1701134089394,280.0
spot 1,2456.57104736491,280.0
spot 1,2457.9719813208803,280.0
spot 1,2459.372915276851,280.0
spot 1,2460.7738492328217,280.0
spot 1,2462.1747831887924,280.0
spot 1,2463.575717144763,280.0
spot 1,2464.9766511007338,280.0
spot 1,2466.3775850567044,280.0
spot 1,2467.778519012675,280.0
spot 1,2469.179452968646,280.0
spot 1,2470.5803869246165,280.0
spot 1,2471.981320880587,280.0
spot 1,2473.382254836558,280.0
spot 1,2474.783188792528,280.0
spot 1,2476.184122748499,280.0
spot 1,2477.5850567044695,280.0
spot 1,2478.98599066044,280.0
spot 1,2480.386924616411,280.0
spot 1,2481.7878585723815,280.0
spot 1,2483.188792528352,280.0
spot 1,2484.589726484323,280.0
spot 1,2485.9906604402936,280.0
spot 1,2487.3915943962643,280.0
spot 1,2488.792528352235,280.0
spot 1,2490.1934623082057,280.0
spot 1,2491.594396264176,280.0
spot 1,2492.9953302201466,280.0
spot 1,2494.3962641761173,280.0
spot 1,2495.797198132088,280.0
spot 1,2497.1981320880586,280.0
spot 1,2498.5990660440293,280.0
spot 1,2500.0,280.0
spot 2,400.0,460.0
spot 2,401.40093395597063,460.0
spot 2,402.8018679119413,460.0
spot 2,404.20280186791194,460.0
spot 2,405.6037358238826,460.0
spot 2,407.00466977985326,460.0
spot 2,408.4056037358239,460.0
spot 2,409.8065376917945,460.0
spot 2,411.2074716477652,460.0
spot 2,412.60840560373583,460.0
spot 2,414.00933955970646,460.0
spot 2,415.4102735156771,460.0
spot 2,416.8112074716478,460.0
spot 2,418.2121414276184,460.0
spot 2,419.61307538358903,460.0
spot 2,421.0140093395597,460.0
spot 2,422.41494329553035,460.0
spot 2,423.815877251501,460.0
spot 2,425.21681120747166,460.0
spot 2,426.6177451634423,460.0
spot 2,428.0186791194129,460.0
spot 2,429.4196130753836,460.0
spot 2,430.82054703135424,460.0
spot 2,432.22148098732487,460.0
spot 2,433.62241494329555,460.0
spot 2,435.0233488992662,460.0
spot 2,436.4242828552368,460.0
spot 2,437.8252168112075,460.0
spot 2,439.2261507671781,460.0
spot 2,440.62708472314876,460.0
spot 2,442.02801867911944,460.0
spot 2,443.42895263509007,460.0
spot 2,444.8298865910607,460.0
spot 2,446.2308205470314,460.0
spot 2,447.631754503002,460.0
spot 2,449.03268845897264,460.0
spot 2,450.4336224149433,460.0
spot 2,451.83455637091396,460.0
spot 2,453.2354903268846,460.0
spot 2,454.6364242828552,460.0
spot 2,456.0373582388259,460.0
spot 2,457.43829219479653,460.0
spot 2,458.83922615076716,460.0
spot 2,460.24016010673785,460.0
spot 2,461.6410940627085,460.0
spot 2,463.0420280186791,460.0
spot 2,464.44296197464973,460.0
spot 2,465.8438959306204,460.0
spot 2,467.24482988659105,460.0
spot 2,468.6457638425617,460.0
spot 2,470.04669779853236,460.0
spot 2,471.447631754503,460.0
spot 2,472.8485657104736,460.0
spot 2,474.2494996664443,460.0
spot 2,475.65043362241494,460.0
spot 2,477.05136757838557,460.0
spot 2,478.45230153435625,460.0
spot 2,479.8532354903269,460.0
spot 2,481.2541694462975,460.0
spot 2,482.6551034022682,460.0
spot 2,484.0560373582388,460.0
spot 2,485.45697131420945,460.0
spot 2,486.85790527018014,460.0
spot 2,488.25883922615077,460.0
spot 2,489.6597731821214,460.0
spot 2,491.0607071380921,460.0
spot 2,492.4616410940627,460.0
spot 2,493.86257505003334,460.0
spot 2,495.263509006004,460.0
spot 2,496.66444296197466,460.0
spot 2,498.0653769179453,460.0
spot 2,499.466310873916,460.0
spot 2,500.8672448298866,460.0
spot 2,502.26817878585723,460.0
spot 2,503.6691127418279,460.0
spot 2,505.07004669779855,460.0
spot 2,506.4709806537692,460.0
spot 2,507.8719146097398,460.0
spot 2,509.2728485657105,460.0
spot 2,510.6737825216811,460.0
spot 2,512.0747164776518,460.0
spot 2,513.4756504336224,460.0
spot 2,514.8765843895931,460.0
spot 2,516.2775183455637,460.0
spot 2,517.6784523015343,460.0
spot 2,519.079386257505,460.0
spot 2,520.4803202134757,460.0
spot 2,521.8812541694463,460.0
spot 2,523.282188125417,460.0
spot 2,524.6831220813876,460.0
spot 2,526.0840560373582,460.0
spot 2,527.4849899933289,460.0
spot 2,528.8859239492995,460.0
spot 2,530.2868579052702,460.0
spot 2,531.6877918612408,460.0
spot 2,533.0887258172115,460.0
spot 2,534.4896597731821,460.0
spot 2,535.8905937291528,460.0
spot 2,537.2915276851234,460.0
spot 2,538.692461641094,460.0
spot 2,540.0933955970647,460.0
spot 2,541.4943295530354,460.0
spot 2,542.895263509006,460.0
spot 2,544.2961974649767,460.0
spot 2,545.6971314209472,460.0
spot 2,547.0980653769179,460.0
spot 2,548.4989993328886,460.0
spot 2,549.8999332888593,460.0
spot 2,551.3008672448299,460.0
spot 2,552.7018012008006,460.0
spot 2,554.1027351567711,460.0
spot 2,555.5036691127418,460.0
spot 2,556.9046030687125,460.0
spot 2,558.3055370246832,460.0
spot 2,559.7064709806538,460.0
spot 2,561.1074049366244,460.0
spot 2,562.508338892595,460.0
spot 2,563.9092728485657,460.0
spot 2,565.3102068045364,460.0
spot 2,566.711140760507,460.0
spot 2,568.1120747164777,460.0
spot 2,569.5130086724483,460.0
spot 2,570.9139426284189,460.0
spot 2,572.3148765843896,460.0
spot 2,573.7158105403603,460.0
spot 2,575.1167444963309,460.0
spot 2,576.5176784523015,460.0
spot 2,577.9186124082721,460.0
spot 2,579.3195463642428,460.0
spot 2,580.7204803202135,460.0
spot 2,582.1214142761842,460.0
spot 2,583.5223482321547,460.0
spot 2,584.9232821881254,460.0
spot 2,586.324216144096,460.0
spot 2,587.7251501000667,460.0
spot 2,589.1260840560374,460.0
spot 2,590.527018012008,460.0
spot 2,591.9279519679786,460.0
spot 2,593.3288859239493,460.0
spot 2,594.7298198799199,460.0
spot 2,596.1307538358906,460.0
spot 2,597.5316877918613,460.0
spot 2,598.932621747832,460.0
spot 2,600.3335557038025,460.0
spot 2,601.7344896597732,460.0
spot 2,603.1354236157438,460.0
spot 2,604.5363575717145,460.0
spot 2,605.9372915276851,460.0
spot 2,607.3382254836558,460.0
spot 2,608.7391594396264,460.0
spot 2,610.1400933955971,460.0
spot 2,611.5410273515677,460.0
spot 2,612.9419613075383,460.0
spot 2,614.342895263509,460.0
spot 2,615.7438292194796,460.0
spot 2,617.1447631754503,460.0
spot 2,618.545697131421,460.0
spot 2,619.9466310873916,460.0
spot 2,621.3475650433622,460.0
spot 2,622.7484989993329,460.0
spot 2,624.1494329553035,460.0
spot 2,625.5503669112742,460.0
spot 2,626.9513008672449,460.0
spot 2,628.3522348232154,460.0
spot 2,629.7531687791861,460.0
spot 2,631.1541027351568,460.0
spot 2,632.5550366911274,460.0
spot 2,633.9559706470981,460.0
spot 2,635.3569046030686,460.0
spot 2,636.7578385590393,460.0
spot 2,638.15877251501,460.0
spot 2,639.5597064709807,460.0
spot 2,640.9606404269513,460.0
spot 2,642.361574382922,460.0
spot 2,643.7625083388925,460.0
spot 2,645.1634422948632,460.0
spot 2,646.5643762508339,460.0
spot 2,647.9653102068046,460.0
spot 2,649.3662441627752,460.0
spot 2,650.7671781187458,460.0
spot 2,652.1681120747164,460.0
spot 2,653.5690460306871,460.0
spot 2,654.9699799866578,460.0
spot 2,656.3709139426285,460.0
spot 2,657.771847898599,460.0
spot 2,659.1727818545697,460.0
spot 2,660.5737158105403,460.0
spot 2,661.974649766511,460.0
spot 2,663.3755837224817,460.0
spot 2,664.7765176784524,460.0
spot 2,666.1774516344229,460.0
spot 2,667.5783855903935,460.0
spot 2,668.9793195463642,460.0
spot 2,670.3802535023349,460.0
spot 2,671.7811874583056,460.0
spot 2,673.1821214142763,460.0
spot 2,674.5830553702468,460.0
spot 2,675.9839893262174,460.0
spot 2,677.3849232821881,460.0
spot 2,678.7858572381588,460.0
spot 2,680.1867911941295,460.0
spot 2,681.5877251501001,460.0
spot 2,682.9886591060707,460.0
spot 2,684.3895930620413,460.0
spot 2,685.790527018012,460.0
spot 2,687.1914609739827,460.0
spot 2,688.5923949299533,460.0
spot 2,689.9933288859239,460.0
spot 2,691.3942628418946,460.0
spot 2,692.7951967978652,460.0
spot 2,694.1961307538359,460.0
spot 2,695.5970647098065,460.0
spot 2,696.9979986657772,460.0
spot 2,698.3989326217478,460.0
spot 2,699.7998665777185,460.0
spot 2,701.2008005336891,460.0
spot 2,702.6017344896597,460.0
spot 2,704.0026684456304,460.0
spot 2,705.4036024016011,460.0
spot 2,706.8045363575717,460.0
spot 2,708.2054703135424,460.0
spot 2,709.606404269513,460.0
spot 2,711.0073382254836,460.0
spot 2,712.4082721814543,460.0
spot 2,713.809206137425,460.0
spot 2,715.2101400933956,460.0
spot 2,716.6110740493663,460.0
spot 2,718.0120080053368,460.0
spot 2,719.4129419613075,460.0
spot 2,720.8138759172782,460.0
spot 2,722.2148098732489,460.0
spot 2,723.6157438292195,460.0
spot 2,725.01667778519,460.0
spot 2,726.4176117411607,460.0
spot 2,727.8185456971314,460.0
spot 2,729.2194796531021,460.0
spot 2,730.6204136090728,460.0
spot 2,732.0213475650434,460.0
spot 2,733.4222815210139,460.0
spot 2,734.8232154769846,460.0
spot 2,736.2241494329553,460.0
spot 2,737.625083388926,460.0
spot 2,739.0260173448967,460.0
spot 2,740.4269513008672,460.0
spot 2,741.8278852568378,460.0
spot 2,743.2288192128085,460.0
spot 2,744.6297531687792,460.0
spot 2,746.0306871247499,460.0
spot 2,747.4316210807204,460.0
spot 2,748.8325550366911,460.0
spot 2,750.2334889926617,460.0
spot 2,751.6344229486324,460.0
spot 2,753.0353569046031,460.0
spot 2,754.4362908605738,460.0
spot 2,755.8372248165443,460.0
spot 2,757.238158772515,460.0
spot 2,758.6390927284856,460.0
spot 2,760.0400266844563,460.0
spot 2,761.440960640427,460.0
spot 2,762.8418945963977,460.0
spot 2,764.2428285523682,460.0
spot 2,765.6437625083389,460.0
spot 2,767.0446964643095,460.0
spot 2,768.4456304202802,460.0
spot 2,769.8465643762509,460.0
spot 2,771.2474983322215,460.0
spot 2,772.6484322881921,460.0
spot 2,774.0493662441627,460.0
spot 2,775.4503002001334,460.0
spot 2,776.851234156104,460.0
spot 2,778.2521681120747,460.0
spot 2,779.6531020680454,460.0
spot 2,781.054036024016,460.0
spot 2,782.4549699799866,460.0
spot 2,783.8559039359573,460.0
spot 2,785.256837891928,460.0
spot 2,786.6577718478986,460.0
spot 2,788.0587058038693,460.0
spot 2,789.4596397598399,460.0
spot 2,790.8605737158105,460.0
spot 2,792.2615076717811,460.0
spot 2,793.6624416277518,460.0
spot 2,795.0633755837225,460.0
spot 2,796.4643095396932,460.0
spot 2,797.8652434956638,460.0
spot 2,799.2661774516343,460.0
spot 2,800.667111407605,460.0
spot 2,802.0680453635757,460.0
spot 2,803.4689793195464,460.0
spot 2,804.869913275517,460.0
spot 2,806.2708472314877,460.0
spot 2,807.6717811874582,460.0
spot 2,809.0727151434289,460.0
spot 2,810.4736490993996,460.0
spot 2,811.8745830553703,460.0
spot 2,813.2755170113409,460.0
spot 2,814.6764509673116,460.0
spot 2,816.0773849232821,460.0
spot 2,817.4783188792528,460.0
spot 2,818.8792528352235,460.0
spot 2,820.2801867911942,460.0
spot 2,821.6811207471648,460.0
spot 2,823.0820547031354,460.0
spot 2,824.482988659106,460.0
spot 2,825.8839226150767,460.0
spot 2,827.2848565710474,460.0
spot 2,828.6857905270181,460.0
spot 2,830.0867244829886,460.0
spot 2,831.4876584389592,460.0
spot 2,832.8885923949299,460.0
spot 2,834.2895263509006,460.0
spot 2,835.6904603068713,460.0
spot 2,837.091394262842,460.0
spot 2,838.4923282188125,460.0
spot 2,839.8932621747831,460.0
spot 2,841.2941961307538,460.0
spot 2,842.6951300867245,460.0
spot 2,844.0960640426952,460.0
spot 2,845.4969979986658,460.0
spot 2,846.8979319546364,460.0
spot 2,848.298865910607,460.0
spot 2,849.6997998665777,460.0
spot 2,851.1007338225484,460.0
spot 2,852.501667778519,460.0
spot 2,853.9026017344897,460.0
spot 2,855.3035356904603,460.0
spot 2,856.7044696464309,460.0
spot 2,858.1054036024016,460.0
spot 2,859.5063375583723,460.0
spot 2,860.9072715143429,460.0
spot 2,862.3082054703135,460.0
spot 2,863.7091394262842,460.0
spot 2,865.1100733822548,460.0
spot 2,866.5110073382255,460.0
spot 2,867.9119412941961,460.0
spot 2,869.3128752501668,460.0
spot 2,870.7138092061374,460.0
spot 2,872.1147431621081,460.0
spot 2,873.5156771180787,460.0
spot 2,874.9166110740493,460.0
spot 2,876.31754503002,460.0
spot 2,877.7184789859907,460.0
spot 2,879.1194129419613,460.0
spot 2,880.520346897932,460.00000000000006
spot 2,881.9212808539025,460.00000000000006
spot 2,883.3222148098732,460.00000000000006
spot 2,884.7231487658439,460.00000000000006
spot 2,886.1240827218146,460.00000000000006
spot 2,887.5250166777852,460.0000000000001
spot 2,888.9259506337557,460.0000000000001
spot 2,890.3268845897264,460.0000000000001
spot 2,891.7278185456971,460.00000000000017
spot 2,893.1287525016678,460.0000000000002
spot 2,894.5296864576385,460.0000000000002
spot 2,895.9306204136091,460.0000000000003
spot 2,897.3315543695796,460.0000000000004
spot 2,898.7324883255503,460.00000000000045
spot 2,900.133422281521,460.00000000000057
spot 2,901.5343562374917,460.00000000000074
spot 2,902.9352901934624,460.0000000000009
spot 2,904.336224149433,460.0000000000011
spot 2,905.7371581054035,460.00000000000136
spot 2,907.1380920613742,460.00000000000165
spot 2,908.5390260173449,460.00000000000205
spot 2,909.9399599733156,460.0000000000025
spot 2,911.3408939292862,460.00000000000307
spot 2,912.7418278852568,460.0000000000038
spot 2,914.1427618412275,460.00000000000466
spot 2,915.5436957971981,460.0000000000057
spot 2,916.9446297531688,460.000000000007
spot 2,918.3455637091395,460.0000000000085
spot 2,919.74649766511,460.00000000001046
spot 2,921.1474316210807,460.0000000000128
spot 2,922.5483655770514,460.00000000001563
spot 2,923.949299533022,460.00000000001904
spot 2,925.3502334889927,460.00000000002325
spot 2,926.7511674449632,460.00000000002836
spot 2,928.1521014009339,460.00000000003456
spot 2,929.5530353569046,460.00000000004206
spot 2,930.9539693128752,460.0000000000512
spot 2,932.3549032688459,460.00000000006224
spot 2,933.7558372248166,460.00000000007566
spot 2,935.1567711807871,460.00000000009186
spot 2,936.5577051367578,460.0000000001115
spot 2,937.9586390927285,460.00000000013523
spot 2,939.3595730486991,460.00000000016394
spot 2,940.7605070046698,460.00000000019855
spot 2,942.1614409606404,460.0000000002404
spot 2,943.562374916611,460.0000000002908
spot 2,944.9633088725817,460.0000000003516
spot 2,946.3642428285524,460.00000000042473
spot 2,947.765176784523,460.00000000051284
spot 2,949.1661107404937,460.0000000006188
spot 2,950.5670446964643,460.0000000007462
spot 2,951.9679786524349,460.00000000089915
spot 2,953.3689126084056,460.0000000010828
spot 2,954.7698465643763,460.00000000130314
spot 2,956.1707805203469,460.0000000015673
spot 2,957.5717144763175,460.0000000018838
spot 2,958.9726484322882,460.00000000226265
spot 2,960.3735823882588,460.000000002716
spot 2,961.7745163442295,460.00000000325804
spot 2,963.1754503002002,460.00000000390577
spot 2,964.5763842561707,460.00000000467924
spot 2,965.9773182121414,460.00000000560215
spot 2,967.3782521681121,460.00000000670286
spot 2,968.7791861240827,460.0000000080145
spot 2,970.1801200800534,460.00000000957675
spot 2,971.581054036024,460.000000011436
spot 2,972.9819879919946,460.00000001364737
spot 2,974.3829219479653,460.0000000162758
spot 2,975.783855903936,460.0000000193979
spot 2,977.1847898599066,460.00000002310384
spot 2,978.5857238158773,460.00000002749994
spot 2,979.9866577718478,460.0000000327113
spot 2,981.3875917278185,460.000000038885
spot 2,982.7885256837892,460.0000000461939
spot 2,984.1894596397598,460.000000054841
spot 2,985.5903935957305,460.00000006506457
spot 2,986.9913275517011,460.00000007714397
spot 2,988.3922615076717,460.00000009140655
spot 2,989.7931954636424,460.00000010823584
spot 2,991.1941294196131,460.0000001280805
spot 2,992.5950633755837,460.0000001514654
spot 2,993.9959973315543,460.0000001790036
spot 2,995.396931287525,460.0000002114114
spot 2,996.7978652434956,460.0000002495246
spot 2,998.1987991994663,460.0000002943178
spot 2,999.599733155437,460.0000003469268
spot 2,1001.0006671114076,460.0000004086744
spot 2,1002.4016010673782,460.0000004810999
spot 2,1003.8025350233489,460.0000005659934
spot 2,1005.2034689793195,460.000000665435
spot 2,1006.6044029352902,460.00000078184047
spot 2,1008.0053368912609,460.00000091801314
spot 2,1009.4062708472314,460.0000010772038
spot 2,1010.8072048032021,460.00000126317957
spot 2,1012.2081387591728,460.00000148030267
spot 2,1013.6090727151434,460.00000173362116
spot 2,1015.0100066711141,460.00000202897223
spot 2,1016.4109406270848,460.00000237310104
spot 2,1017.8118745830553,460.0000027737965
spot 2,1019.212808539026,460.0000032400461
spot 2,1020.6137424949967,460.00000378221324
spot 2,1022.0146764509673,460.0000044122393
spot 2,1023.415610406938,460.0000051438743
spot 2,1024.8165443629086,460.00000599293907
spot 2,1026.2174783188793,460.00000697762465
spot 2,1027.61841227485,460.00000811883245
spot 2,1029.0193462308207,460.0000094405606
spot 2,1030.4202801867912,460.0000109703433
spot 2,1031.8212141427618,460.00001273974937
spot 2,1033.2221480987325,460.00001478494727
spot 2,1034.623082054703,460.0000171473458
spot 2,1036.0240160106737,460.00001987431926
spot 2,1037.4249499666444,460.00002302002804
spot 2,1038.825883922615,460.00002664634616
spot 2,1040.2268178785857,460.0000308239089
spot 2,1041.6277518345564,460.00003563329557
spot 2,1043.028685790527,460.0000411663629
spot 2,1044.4296197464978,460.000047527748
spot 2,1045.8305537024683,460.00005483656025
spot 2,1047.231487658439,460.0000632282852
spot 2,1048.6324216144096,460.00007285692425
spot 2,1050.03335557038,460.00008389739816
spot 2,1051.4342895263508,460.0000965482447
spot 2,1052.8352234823215,460.0001110346435
spot 2,1054.2361574382921,460.00012761180545
spot 2,1055.6370913942628,460.0001465687668
spot 2,1057.0380253502335,460.0001682326341
spot 2,1058.4389593062042,460.0001929733279
spot 2,1059.8398932621749,460.00022120888065
spot 2,1061.2408272181456,460.0002534113487
spot 2,1062.641761174116,460.00029011340257
spot 2,1064.0426951300867,460.00033191566934
spot 2,1065.4436290860574,460.00037949490405
spot 2,1066.8445630420279,460.0004336130776
spot 2,1068.2454969979985,460.0004951274741
spot 2,1069.6464309539692,460.0005650019017
spot 2,1071.04736490994,460.00064431912716
spot 2,1072.4482988659106,460.0007342946578
spot 2,1073.8492328218813,460.0008362920024
spot 2,1075.250166777852,460.00095183955574
spot 2,1076.6511007338227,460.0010826492628
spot 2,1078.0520346897933,460.0012306372327
spot 2,1079.4529686457638,460.00139794648595
spot 2,1080.8539026017345,460.00158697203307
spot 2,1082.2548365577052,460.0018003885001
spot 2,1083.6557705136756,460.0020411805317
spot 2,1085.0567044696463,460.00231267622127
spot 2,1086.457638425617,460.00261858383715
spot 2,1087.8585723815877,460.002963032132
spot 2,1089.2595063375584,460.00335061454666
spot 2,1090.660440293529,460.0037864376383
spot 2,1092.0613742494997,460.00427617408934
spot 2,1093.4623082054704,460.00482612067617
spot 2,1094.863242161441,460.0054432616026
spot 2,1096.2641761174116,460.0061353376298
spot 2,1097.6651100733823,460.00691092146235
spot 2,1099.0660440293527,460.0077794998781
spot 2,1100.4669779853234,460.0087515631195
spot 2,1101.867911941294,460.0098387020958
spot 2,1103.2688458972648,460.0110537139742
spot 2,1104.6697798532355,460.01241071677396
spot 2,1106.0707138092062,460.0139252736068
spot 2,1107.4716477651768,460.01561452724314
spot 2,1108.8725817211475,460.0174973457158
spot 2,1110.2735156771182,460.01959447970694
spot 2,1111.6744496330887,460.0219287325
spot 2,1113.0753835890594,460.024525143309
spot 2,1114.47631754503,460.027411184835
spot 2,1115.8772515010005,460.0306169759284
spot 2,1117.2781854569712,460.03417551027206
spot 2,1118.6791194129419,460.0381229020266
spot 2,1120.0800533689126,460.04249864941255
spot 2,1121.4809873248832,460.04734591722803
spot 2,1122.881921280854,460.0527118393283
spot 2,1124.2828552368246,460.05864784211343
spot 2,1125.6837891927953,460.0652099900919
spot 2,1127.084723148766,460.07245935460065
spot 2,1128.4856571047364,460.08046240677646
spot 2,1129.8865910607071,460.089291435877
spot 2,1131.2875250166778,460.09902499405354
spot 2,1132.6884589726483,460.10974836867155
spot 2,1134.089392928619,460.1215540832646
spot 2,1135.4903268845896,460.13454242818864
spot 2,1136.8912608405603,460.14882202201755
spot 2,1138.292194796531,460.1645104046869
spot 2,1139.6931287525017,460.18173466334804
spot 2,1141.0940627084724,460.2006320918421
spot 2,1142.494996664443,460.2213508846376
spot 2,1143.8959306204138,460.2440508660014
spot 2,1145.2968645763842,460.26890425508304
spot 2,1146.697798532355,460.2960964674934
spot 2,1148.0987324883254,460.32582695384264
spot 2,1149.499666444296,460.35831007557556
spot 2,1150.9006004002667,460.39377601829744
spot 2,1152.3015343562374,460.4324717426254
spot 2,1153.702468312208,460.4746619724253
spot 2,1155.1034022681788,460.5206302201006
spot 2,1156.5043362241495,460.57067984839347
spot 2,1157.9052701801202,460.62513516792814
spot 2,1159.3062041360909,460.68434256948586
spot 2,1160.7071380920613,460.7486716897346
spot 2,1162.108072048032,460.8185166088573
spot 2,1163.5090060040027,460.8942970782236
spot 2,1164.9099399599731,460.97645977593
spot 2,1166.3108739159438,461.0654795877006
spot 2,1167.7118078719145,461.16186091028425
spot 2,1169.1127418278852,461.26613897411505
spot 2,1170.513675783856,461.37888118161607
spot 2,1171.9146097398266,461.5006884571215
spot 2,1173.3155436957973,461.6321966039779
spot 2,1174.716477651768,461.77407766395055
spot 2,1176.1174116077386,461.9270412736225
spot 2,1177.518345563709,462.09183601201653
spot 2,1178.9192795196798,462.2692507332117
spot 2,1180.3202134756505,462.46011587725616
spot 2,1181.721147431621,462.6653047522062
spot 2,1183.1220813875916,462.8857347796488
spot 2,1184.5230153435623,463.1223686955895
spot 2,1185.923949299533,463.3762156981219
spot 2,1187.3248832555037,463.6483325328317
spot 2,1188.7258172114744,463.9398245064382
spot 2,1190.126751167445,464.2518464187389
spot 2,1191.5276851234157,464.5856034025073
spot 2,1192.9286190793864,464.94235166059343
spot 2,1194.3295530353569,465.3233990891115
spot 2,1195.7304869913276,465.73010577525656
spot 2,1197.1314209472982,466.16388435798876
spot 2,1198.5323549032687,466.6262002395601
spot 2,1199.9332888592394,467.11857163563917
spot 2,1201.33422281521,467.6425694516139
spot 2,1202.7351567711808,468.1998169725423
spot 2,1204.1360907271514,468.7919893541571
spot 2,1205.5370246831221,469.4208129023359
spot 2,1206.9379586390928,470.08806412852414
spot 2,1208.3388925950635,470.7955685687405
spot 2,1209.739826551034,471.5451993540181
spot 2,1211.1407605070046,472.3388755204376
spot 2,1212.5416944629753,473.1785600472973
spot 2,1213.9426284189458,474.06625761244237
spot 2,1215.3435623749165,475.0040120543452
spot 2,1216.7444963308872,475.9939035311899
spot 2,1218.1454302868578,477.03804536798003
spot 2,1219.5463642428285,478.13858058354606
spot 2,1220.9472981987992,479.2976780902918
spot 2,1222.34823215477,480.5175285605836
spot 2,1223.7491661107406,481.80033995484916
spot 2,1225.1501000667113,483.14833270772294
spot 2,1226.5510340226817,484.5637345699412
spot 2,1227.9519679786524,486.04877510515627
spot 2,1229.352901934623,487.60567984240134
spot 2,1230.7538358905936,489.2366640865957
spot 2,1232.1547698465642,490.9439263912198
spot 2,1233.555703802535,492.729641699117
spot 2,1234.9566377585056,494.595954159287
spot 2,1236.3575717144763,496.544969629506
spot 2,1237.758505670447,498.5787478766482
spot 2,1239.1594396264177,500.69929448867475
spot 2,1240.5603735823884,502.908552514393
spot 2,1241.961307538359,505.2083938492594
spot 2,1243.3622414943295,507.6006103876926
spot 2,1244.7631754503002,510.0869049645738
spot 2,1246.1641094062709,512.6688821108066
spot 2,1247.5650433622413,515.3480386500112
spot 2,1248.965977318212,518.1257541655829
spot 2,1250.3669112741827,521.0032813694598
spot 2,1251.7678452301534,523.9817364060226
spot 2,1253.168779186124,527.06208912652
spot 2,1254.5697131420948,530.2451533713283
spot 2,1255.9706470980655,533.5315772991431
spot 2,1257.3715810540361,536.9218338038813
spot 2,1258.7725150100066,540.4162110616119
spot 2,1260.1734489659773,544.0148032512245
spot 2,1261.574382921948,547.7175014937629
spot 2,1262.9753168779184,551.5239850563994
spot 2,1264.3762508338891,555.4337128678674
spot 2,1265.7771847898598,559.4459153927927
spot 2,1267.1781187458305,563.5595869127969
spot 2,1268.5790527018012,567.7734782623984
spot 2,1269.9799866577719,572.0860900676768
spot 2,1271.3809206137425,576.4956665353374
spot 2,1272.7818545697132,581.0001898392094
spot 2,1274.182788525684,585.5973751503542
spot 2,1275.5837224816544,590.284666355805
spot 2,1276.984656437625,595.0592325095379
spot 2,1278.3855903935957,599.9179650575434
spot 2,1279.7865243495662,604.8574758768898
spot 2,1281.187458305537,609.874096166364
spot 2,1282.5883922615076,614.9638762237031
spot 2,1283.9893262174783,620.1225861416088
spot 2,1285.390260173449,625.3457174515922
spot 2,1286.7911941294196,630.6284857413332
spot 2,1288.1921280853903,635.965834267612
spot 2,1289.593062041361,641.3524385829995
spot 2,1290.9939959973317,646.7827121904137
spot 2,1292.3949299533022,652.2508132353505
spot 2,1293.7958639092728,657.7506522411384
spot 2,1295.1967978652435,663.2759008878916
spot 2,1296.597731821214,668.8200018310996
spot 2,1297.9986657771847,674.3761795508497
spot 2,1299.3995997331554,679.9374522176944
spot 2,1300.800533689126,685.4966445561374
spot 2,1302.2014676450967,691.0464016815826
spot 2,1303.6024016010674,696.5792038815068
spot 2,1305.003335557038,702.0873823065234
spot 2,1306.4042695130088,707.5631355319741
spot 2,1307.8052034689795,712.9985469457404
spot 2,1309.20613742495,718.3856029131249
spot 2,1310.6070713809206,723.71621166498
spot 2,1312.008005336891,728.9822228507207
spot 2,1313.4089392928618,734.1754476936038
spot 2,1314.8098732488324,739.2876796815289
spot 2,1316.2108072048031,744.3107157228764
spot 2,1317.6117411607738,749.2363776933523
spot 2,1319.0126751167445,754.0565342966432
spot 2,1320.4136090727152,758.7631231588457
spot 2,1321.8145430286859,763.3481730741654
spot 2,1323.2154769846566,767.8038263173005
spot 2,1324.616410940627,772.1223609362584
spot 2,1326.0173448965977,776.2962129381128
spot 2,1327.4182788525684,780.3179982793954
spot 2,1328.8192128085389,784.180534572483
spot 2,1330.2201467645095,787.8768624194364
spot 2,1331.6210807204802,791.4002662853173
spot 2,1333.022014676451,794.7442948240763
spot 2,1334.4229486324216,797.9027805715916
spot 2,1335.8238825883923,800.869858922436
spot 2,1337.224816544363,803.6399863093739
spot 2,1338.6257505003337,806.2079575074905
spot 2,1340.0266844563043,808.5689219881729
spot 2,1341.4276184122748,810.7183992519124
spot 2,1342.8285523682455,812.6522930730579
spot 2,1344.2294863242162,814.3669045941723
spot 2,1345.6304202801866,815.8589442125603
spot 2,1347.0313542361573,817.1255422067485
spot 2,1348.432288192128,818.1642580562437
spot 2,1349.8332221480987,818.9730884137089
spot 2,1351.2341561040694,819.5504736947422
spot 2,1352.63509006004,819.8953032567139
spot 2,1354.0360240160107,820.0069191445457
spot 2,1355.4369579719814,819.8851183878922
spot 2,1356.8378919279521,819.5301538408471
spot 2,1358.2388258839226,818.9427335620304
spot 2,1359.6397598398933,818.124018739656
spot 2,1361.040693795864,817.0756201729088
spot 2,1362.4416277518344,815.7995933276354
spot 2,1363.842561707805,814.2984319909181
spot 2,1365.2434956637758,812.575060555547
spot 2,1366.6444296197465,810.6328249716715
spot 2,1368.0453635757171,808.4754824089624
spot 2,1369.4462975316878,806.1071896784422
spot 2,1370.8472314876585,803.5324904686722
spot 2,1372.2481654436292,800.7563014562179
spot 2,1373.6490993995997,797.7838973552155
spot 2,1375.0500333555703,794.620894975384
spot 2,1376.450967311541,791.2732363619901
spot 2,1377.8519012675115,787.7471710949872
spot 2,1379.2528352234822,784.049237827875
spot 2,1380.6537691794529,780.1862451496887
spot 2,1382.0547031354236,776.1652518559124
spot 2,1383.4556370913942,771.9935467160742
spot 2,1384.856571047365,767.6786278272224
spot 2,1386.2575050033356,763.2281816434635
spot 2,1387.6584389593063,758.6500617722483
spot 2,1389.059372915277,753.9522676280953
spot 2,1390.4603068712474,749.142923033992
spot 2,1391.8612408272181,744.2302548597684
spot 2,1393.2621747831888,739.2225717853711
spot 2,1394.6631087391593,734.1282432750957
spot 2,1396.06404269513,728.9556788465887
spot 2,1397.4649766511006,723.7133077157479
spot 2,1398.8659106070713,718.4095588955378
spot 2,1400.266844563042,713.0528418233203
spot 2,1401.6677785190127,707.6515275874667
spot 2,1403.0687124749834,702.2139308198982
spot 2,1404.469646430954,696.7482923167652
spot 2,1405.8705803869248,691.2627624447771
spot 2,1407.2715143428952,685.7653853857445
spot 2,1408.672448298866,680.264084266735
spot 2,1410.0733822548366,674.7666472179205
spot 2,1411.474316210807,669.2807143946656
spot 2,1412.8752501667777,663.8137659948219
spot 2,1414.2761841227484,658.3731112964894
spot 2,1415.677118078719,652.9658787357109
spot 2,1417.0780520346898,647.5990070378122
spot 2,1418.4789859906605,642.2792374102879
spot 2,1419.8799199466312,637.0131067993838
spot 2,1421.2808539026018,631.8069422068269
spot 2,1422.6817878585723,626.6668560575501
spot 2,1424.082721814543,621.598742603759
spot 2,1425.4836557705137,616.6082753453535
spot 2,1426.8845897264844,611.7009054415112
spot 2,1428.285523682455,606.8818610832687
spot 2,1429.6864576384255,602.1561477921463
spot 2,1431.0873915943962,597.5285496053082
spot 2,1432.4883255503669,593.0036311034825
spot 2,1433.8892595063376,588.5857402338055
spot 2,1435.2901934623083,584.2790118760546
spot 2,1436.691127418279,580.0873720972842
spot 2,1438.0920613742494,576.0145430367676
spot 2,1439.49299533022,572.06404836036
spot 2,1440.8939292861908,568.2392192209621
spot 2,1442.2948632421615,564.5432006596453
spot 2,1443.6957971981321,560.9789583802769
spot 2,1445.0967311541028,557.5492858290991
spot 2,1446.4976651100733,554.2568115097032
spot 2,1447.898599066044,551.104006463206
spot 2,1449.2995330220147,548.0931918431795
spot 2,1450.7004669779853,545.2265465149836
spot 2,1452.101400933956,542.5061146096557
spot 2,1453.5023348899265,539.9338129633699
spot 2,1454.9032688458972,537.5114383747108
spot 2,1456.3042028018679,535.2406746136232
spot 2,1457.7051367578385,533.1230991178516
spot 2,1459.1060707138092,531.1601893150192
spot 2,1460.50700466978,529.3533285111707
spot 2,1461.9079386257504,527.7038112896095
spot 2,1463.308872581721,526.212848367212
spot 2,1464.7098065376917,524.8815708590697
spot 2,1466.1107404936624,523.7110339062666
spot 2,1467.5116744496331,522.7022196258796
spot 2,1468.9126084056038,521.8560393468175
spot 2,1470.3135423615743,521.1733350999201
spot 2,1471.714476317545,520.6548803357778
spot 2,1473.1154102735156,520.3013798489974
spot 2,1474.5163442294863,520.1134688931024
spot 2,1475.917278185457,520.0917114758996
spot 2,1477.3182121414277,520.2365978309379
spot 2,1478.7191460973982,520.5485410666098
spot 2,1480.1200800533688,521.0278730004717
spot 2,1481.5210140093395,521.6748391924498
spot 2,1482.9219479653102,522.4895931967459
spot 2,1484.322881921281,523.4721900583971
spot 2,1485.7238158772516,524.6225790865763
spot 2,1487.124749833222,525.9405959427895
spot 2,1488.5256837891927,527.4259540881071
spot 2,1489.9266177451634,529.0782356394163
spot 2,1491.327551701134,530.8968816903805
spot 2,1492.7284856571048,532.881182158274
spot 2,1494.1294196130755,535.0302652231188
spot 2,1495.530353569046,537.343086430524
spot 2,1496.9312875250166,539.8184175342976
spot 2,1498.3322214809873,542.4548351592056
spot 2,1499.733155436958,545.2507093681945
spot 2,1501.1340893929287,548.2041922218825
spot 2,1502.5350233488994,551.3132064211798
spot 2,1503.9359573048698,554.5754341264529
spot 2,1505.3368912608405,557.9883060486806
spot 2,1506.7378252168112,561.5489909095243
spot 2,1508.1387591727819,565.2543853681566
spot 2,1509.5396931287526,569.1011045129716
spot 2,1510.940627084723,573.0854730159933
spot 2,1512.3415610406937,577.2035170468334
spot 2,1513.7424949966644,581.4509570414211
spot 2,1515.143428952635,585.8232014184656
spot 2,1516.5443629086058,590.3153413336427
spot 2,1517.9452968645764,594.9221465578808
spot 2,1519.346230820547,599.638062561833
spot 2,1520.7471647765176,604.4572088836725
spot 2,1522.1480987324883,609.3733788517433
spot 2,1523.549032688459,614.3800407273977
spot 2,1524.9499666444297,619.4703403265065
spot 2,1526.3509006004003,624.6371051707392
spot 2,1527.7518345563708,629.8728502117718
spot 2,1529.1527685123415,635.1697851631409
spot 2,1530.5537024683122,640.5198234655534
spot 2,1531.9546364242829,645.9145929021824
spot 2,1533.3555703802535,651.3454478707923
spot 2,1534.7565043362242,656.8034833095967
spot 2,1536.1574382921947,662.2795502635545
spot 2,1537.5583722481654,667.7642730674529
spot 2,1538.959306204136,673.2480681116408
spot 2,1540.3602401601067,678.7211641458147
spot 2,1541.7611741160774,684.1736240657647
spot 2,1543.162108072048,689.5953681176713
spot 2,1544.5630420280186,694.9761984443833
spot 2,1545.9639759839893,700.3058248882298
spot 2,1547.36490993996,705.5738919553613
spot 2,1548.7658438959306,710.7700068375116
spot 2,1550.1667778519013,715.8837683784143
spot 2,1551.567711807872,720.9047968640405
spot 2,1552.9686457638425,725.8227645083703
spot 2,1554.3695797198131,730.6274264996647
spot 2,1555.7705136757838,735.3086524661735
spot 2,1557.1714476317545,739.8564582150582
spot 2,1558.5723815877252,744.2610375939337
spot 2,1559.9733155436957,748.5127943210225
spot 2,1561.3742494996663,752.6023736274151
spot 2,1562.775183455637,756.5206935534018
spot 2,1564.1761174116077,760.2589757403441
spot 2,1565.5770513675784,763.8087755600156
spot 2,1566.977985323549,767.162011424884
spot 2,1568.3789192795196,770.3109931253322
spot 2,1569.7798532354902,773.2484490433919
spot 2,1571.180787191461,775.9675520971099
spot 2,1572.5817211474316,778.4619442752365
spot 2,1573.9826551034023,780.7257596284097
spot 2,1575.383589059373,782.7536455904255
spot 2,1576.7845230153434,784.5407825114673
spot 2,1578.1854569713141,786.0829012942643
spot 2,1579.5863909272848,787.376299033989
spot 2,1580.9873248832555,788.4178525732666
spot 2,1582.3882588392262,789.2050298948047
spot 2,1583.7891927951969,789.735899285871
spot 2,1585.1901267511673,790.0091362209989
spot 2,1586.591060707138,790.0240279218448
spot 2,1587.9919946631087,789.7804755659402
spot 2,1589.3929286190794,789.2789941291066
spot 2,1590.79386257505,788.5207098594276
spot 2,1592.1947965310208,787.5073553938048
spot 2,1593.5957304869912,786.2412625411891
spot 2,1594.996664442962,784.7253527694484
spot 2,1596.3975983989326,782.9631254454623
spot 2,1597.7985323549033,780.9586438902868
spot 2,1599.199466310874,778.7165193230633
spot 2,1600.6004002668446,776.2418927786518
spot 2,1602.001334222815,773.5404150946692
spot 2,1603.4022681787858,770.6182250736576
spot 2,1604.8032021347565,767.4819259354132
spot 2,1606.2041360907272,764.1385601830028
spot 2,1607.6050700466978,760.5955830136668
spot 2,1609.0060040026685,756.8608344125619
spot 2,1610.406937958639,752.9425100731348
spot 2,1611.8078719146097,748.8491312927739
spot 2,1613.2088058705804,744.5895139962796
spot 2,1614.609739826551,740.1727370425472
spot 2,1616.0106737825217,735.60810997174
spot 2,1617.4116077384922,730.9051403510755
spot 2,1618.8125416944629,726.0735008771976
spot 2,1620.2134756504336,721.1229963919936
spot 2,1621.6144096064043,716.0635309665979
spot 2,1623.015343562375,710.905075205324
spot 2,1624.4162775183456,705.6576339173436
spot 2,1625.817211474316,700.3312142991657
spot 2,1627.2181454302868,694.9357947654061
spot 2,1628.6190793862575,689.4812945590443
spot 2,1630.0200133422281,683.977544265344
spot 2,1631.4209472981988,678.4342573460304
spot 2,1632.8218812541695,672.8610028021284
spot 2,1634.22281521014,667.2671790652212
spot 2,1635.6237491661107,661.6619892078177
spot 2,1637.0246831220813,656.0544175541252
spot 2,1638.425617078052,650.4532077628265
spot 2,1639.8265510340227,644.8668424436273
spot 2,1641.2274849899934,639.3035243593426
spot 2,1642.6284189459639,633.7711592552739
spot 2,1644.0293529019345,628.2773403476276
spot 2,1645.4302868579052,622.8293344928384
spot 2,1646.831220813876,617.4340700498951
spot 2,1648.2321547698466,612.0981264382784
spot 2,1649.6330887258173,606.8277253848734
spot 2,1651.0340226817877,601.6287238443308
spot 2,1652.4349566377584,596.5066085688453
spot 2,1653.8358905937291,591.4664922952618
spot 2,1655.2368245496998,586.5131115098085
spot 2,1656.6377585056705,581.6508257436983
spot 2,1658.0386924616412,576.8836183462944
spot 2,1659.4396264176116,572.2150986765671
spot 2,1660.8405603735823,567.6485056481952
spot 2,1662.241494329553,563.1867125588974
spot 2,1663.6424282855237,558.8322331304008
spot 2,1665.0433622414944,554.58722868193
spot 2,1666.444296197465,550.4535163571674
spot 2,1667.8452301534355,546.4325783223212
spot 2,1669.2461641094062,542.5255718512293
spot 2,1670.647098065377,538.7333402123176
spot 2,1672.0480320213476,535.0564242716596
spot 2,1673.4489659773183,531.4950747264102
spot 2,1674.8498999332887,528.0492648833971
spot 2,1676.2508338892594,524.7187038986813
spot 2,1677.65176784523,521.5028503953984
spot 2,1679.0527018012008,518.4009263791031
spot 2,1680.4536357571715,515.4119313721866
spot 2,1681.8545697131422,512.5346566916178
spot 2,1683.2555036691126,509.76769979729227
spot 2,1684.6564376250833,507.1094786415812
spot 2,1686.057371581054,504.5582459542551
spot 2,1687.4583055370247,502.1121034007271
spot 2,1688.8592394929954,499.76901555554485
spot 2,1690.260173448966,497.5268236371594
spot 2,1691.6611074049365,495.3832589542189
spot 2,1693.0620413609072,493.3359560179223
spot 2,1694.4629753168779,491.38246527929954
spot 2,1695.8639092728486,489.52026545461035
spot 2,1697.2648432288192,487.746775406374
spot 2,1698.66577718479,486.0593655517945
spot 2,1700.0667111407604,484.45536877453236
spot 2,1701.467645096731,482.93209081984855
spot 2,1702.8685790527018,481.48682015711154
spot 2,1704.2695130086724,480.1168372974593
spot 2,1705.6704469646431,478.8194235580737
spot 2,1707.0713809206138,477.59186926799265
spot 2,1708.4723148765843,476.4314814136807
spot 2,1709.873248832555,475.33559072566396
spot 2,1711.2741827885256,474.30155821042473
spot 2,1712.6751167444963,473.32678113441267
spot 2,1714.076050700467,472.4086984694904
spot 2,1715.4769846564377,471.54479581135627
spot 2,1716.8779186124082,470.73260978450395
spot 2,1718.2788525683789,469.96973194906747
spot 2,1719.6797865243495,469.2538122264801
spot 2,1721.0807204803202,468.5825618622354
spot 2,1722.481654436291,467.9537559452006
spot 2,1723.8825883922616,467.36523550388677
spot 2,1725.283522348232,466.81490920084764
spot 2,1726.6844563042027,466.30075464696057
spot 2,1728.0853902601734,465.820819357752
spot 2,1729.486324216144,465.37322137417067
spot 2,1730.8872581721148,464.9561495703078
spot 2,1732.2881921280853,464.56786367050654
spot 2,1733.689126084056,464.20669399812226
spot 2,1735.0900600400266,463.87104097789097
spot 2,1736.4909939959973,463.5593744134515
spot 2,1737.891927951968,463.2702325610556
spot 2,1739.2928619079387,463.00222101990624
spot 2,1740.6937958639091,462.75401145889083
spot 2,1742.0947298198798,462.5243401987406
spot 2,1743.4956637758505,462.31200666785566
spot 2,1744.8965977318212,462.1158717491988
spot 2,1746.297531687792,461.93485603479087
spot 2,1747.6984656437626,461.76793800344
spot 2,1749.099399599733,461.6141521364227
spot 2,1750.5003335557037,461.47258698490606
spot 2,1751.9012675116744,461.3423832019696
spot 2,1753.302201467645,461.2227315511585
spot 2,1754.7031354236158,461.11287090258077
spot 2,1756.1040693795865,461.01208622665627
spot 2,1757.505003335557,460.9197065947432
spot 2,1758.9059372915276,460.8351031950027
spot 2,1760.3068712474983,460.7576873710324
spot 2,1761.707805203469,460.68690868999334
spot 2,1763.1087391594397,460.6222530461858
spot 2,1764.5096731154104,460.56324080529333
spot 2,1765.9106070713808,460.50942499381785
spot 2,1767.3115410273515,460.46038953756545
spot 2,1768.7124749833222,460.4157475524262
spot 2,1770.1134089392929,460.3751396901037
spot 2,1771.5143428952636,460.33823254091436
spot 2,1772.9152768512342,460.30471709526927
spot 2,1774.3162108072047,460.2743072649908
spot 2,1775.7171447631754,460.24673846519084
spot 2,1777.118078719146,460.22176625704896
spot 2,1778.5190126751168,460.19916505147813
spot 2,1779.9199466310874,460.1787268733517
spot 2,1781.320880587058,460.1602601856785
spot 2,1782.7218145430286,460.14358877286736
spot 2,1784.1227484989993,460.1285506820004
spot 2,1785.52368245497,460.11499722084415
spot 2,1786.9246164109406,460.10279201116407
spot 2,1788.3255503669113,460.0918100957712
spot 2,1789.7264843228818,460.0819370976149
spot 2,1791.1274182788525,460.0730684291423
spot 2,1792.5283522348232,460.06510855007593
spot 2,1793.9292861907938,460.0579702717065
spot 2,1795.3302201467645,460.05157410576015
spot 2,1796.7311541027352,460.045847655883
spot 2,1798.1320880587057,460.0407250497736
spot 2,1799.5330220146764,460.0361464100043
spot 2,1800.933955970647,460.03205736158577
spot 2,1802.3348899266177,460.028408574357
spot 2,1803.7358238825884,460.0251553383163
spot 2,1805.136757838559,460.02225717005325
spot 2,1806.5376917945296,460.019677448485
spot 2,1807.9386257505003,460.0173830781599
spot 2,1809.339559706471,460.01534417844186
spot 2,1810.7404936624416,460.01353379695547
spot 2,1812.1414276184123,460.0119276457311
spot 2,1813.542361574383,460.0105038585572
spot 2,1814.9432955303535,460.00924276811014
spot 2,1816.3442294863241,460.0081267015021
spot 2,1817.7451634422948,460.0071397929525
spot 2,1819.1460973982655,460.0062678123549
spot 2,1820.5470313542362,460.00549800857857
spot 2,1821.9479653102069,460.00481896640684
spot 2,1823.3488992661773,460.00422047608015
spot 2,1824.749833222148,460.0036934144697
spot 2,1826.1507671781187,460.0032296369716
spot 2,1827.5517011340894,460.0028218792658
spot 2,1828.95263509006,460.00246366814207
spot 2,1830.3535690460308,460.00214924064704
spot 2,1831.7545030020012,460.001873470858
spot 2,1833.155436957972,460.0016318036387
spot 2,1834.5563709139426,460.0014201947769
spot 2,1835.9573048699133,460.0012350569494
spot 2,1837.358238825884,460.001073210999
spot 2,1838.7591727818544,460.0009318420512
spot 2,1840.1601067378251,460.0008084600304
spot 2,1841.5610406937958,460.0007008641743
spot 2,1842.9619746497665,460.00060711117504
spot 2,1844.3629086057372,460.000525486607
spot 2,1845.7638425617079,460.00045447932905
spot 2,1847.1647765176783,460.0003927585764
spot 2,1848.565710473649,460.0003391534803
spot 2,1849.9666444296197,460.00029263477745
spot 2,1851.3675783855904,460.00025229849257
spot 2,1852.768512341561,460.0002173513953
spot 2,1854.1694462975317,460.000187098053
spot 2,1855.5703802535022,460.00016092931486
spot 2,1856.971314209473,460.0001383120809
spot 2,1858.3722481654436,460.0001187802204
spot 2,1859.7731821214143,460.00010192652013
spot 2,1861.174116077385,460.00008739555125
spot 2,1862.5750500333556,460.00007487735826
spot 2,1863.975983989326,460.00006410187905
spot 2,1865.3769179452968,460.00005483401736
spot 2,1866.7778519012675,460.0000468692959
spot 2,1868.1787858572382,460.0000400300241
spot 2,1869.5797198132088,460.0000341619248
spot 2,1870.9806537691795,460.0000291311663
spot 2,1872.38158772515,460.0000248217542
spot 2,1873.7825216811207,460.0000211332421
spot 2,1875.1834556370914,460.0000179787231
spot 2,1876.584389593062,460.0000152830706
spot 2,1877.9853235490327,460.0000129813976
spot 2,1879.3862575050034,460.00001101771016
spot 2,1880.7871914609739,460.0000093437303
spot 2,1882.1881254169446,460.00000791786886
spot 2,1883.5890593729152,460.00000670432985
spot 2,1884.989993328886,460.00000567233013
spot 2,1886.3909272848566,460.00000479542035
spot 2,1887.7918612408273,460.00000405089446
spot 2,1889.1927951967978,460.0000034192766
spot 2,1890.5937291527684,460.00000288387605
spot 2,1891.9946631087391,460.0000024304014
spot 2,1893.3955970647098,460.00000204662604
spot 2,1894.7965310206805,460.00000172209866
spot 2,1896.197464976651,460.0000014478935
spot 2,1897.5983989326216,460.000001216394
spot 2,1898.9993328885923,460.0000010211064
spot 2,1900.400266844563,460.0000008564988
spot 2,1901.8012008005337,460.00000071786303
spot 2,1903.2021347565044,460.00000060119515
spot 2,1904.6030687124749,460.0000005030932
spot 2,1906.0040026684455,460.0000004206689
spot 2,1907.4049366244162,460.00000035147264
spot 2,1908.805870580387,460.00000029342806
spot 2,1910.2068045363576,460.00000024477714
spot 2,1911.6077384923283,460.00000020403235
spot 2,1913.0086724482987,460.00000016993636
spot 2,1914.4096064042694,460.0000001414271
spot 2,1915.81054036024,460.00000011760835
spot 2,1917.2114743162108,460.0000000977243
spot 2,1918.6124082721815,460.00000008113835
spot 2,1920.0133422281522,460.00000006731455
spot 2,1921.4142761841226,460.0000000558021
spot 2,1922.8152101400933,460.0000000462222
spot 2,1924.216144096064,460.000000038257
spot 2,1925.6170780520347,460.0000000316395
spot 2,1927.0180120080054,460.00000002614615
spot 2,1928.418945963976,460.0000000215896
spot 2,1929.8198799199465,460.00000001781314
spot 2,1931.2208138759172,460.0000000146857
spot 2,1932.621747831888,460.00000001209787
spot 2,1934.0226817878586,460.0000000099582
spot 2,1935.4236157438293,460.00000000819057
spot 2,1936.8245496998,460.0000000067314
spot 2,1938.2254836557704,460.00000000552785
spot 2,1939.626417611741,460.00000000453593
spot 2,1941.0273515677118,460.0000000037191
spot 2,1942.4282855236825,460.0000000030469
spot 2,1943.8292194796531,460.0000000024943
spot 2,1945.2301534356236,460.0000000020403
spot 2,1946.6310873915943,460.0000000016676
spot 2,1948.032021347565,460.00000000136197
spot 2,1949.4329553035357,460.00000000111146
spot 2,1950.8338892595063,460.0000000009063
spot 2,1952.234823215477,460.00000000073845
spot 2,1953.6357571714475,460.0000000006012
spot 2,1955.0366911274182,460.0000000004891
spot 2,1956.4376250833889,460.00000000039756
spot 2,1957.8385590393596,460.00000000032287
spot 2,1959.2394929953302,460.00000000026205
spot 2,1960.640426951301,460.00000000021254
spot 2,1962.0413609072714,460.0000000001722
spot 2,1963.442294863242,460.00000000013944
spot 2,1964.8432288192128,460.00000000011283
spot 2,1966.2441627751834,460.0000000000912
spot 2,1967.6450967311541,460.00000000007367
spot 2,1969.0460306871248,460.00000000005946
spot 2,1970.4469646430953,460.000000000048
spot 2,1971.847898599066,460.00000000003865
spot 2,1973.2488325550366,460.0000000000311
spot 2,1974.6497665110073,460.000000000025
spot 2,1976.050700466978,460.0000000000201
spot 2,1977.4516344229487,460.00000000001614
spot 2,1978.8525683789192,460.00000000001296
spot 2,1980.2535023348898,460.0000000000104
spot 2,1981.6544362908605,460.00000000000836
spot 2,1983.0553702468312,460.0000000000067
spot 2,1984.456304202802,460.00000000000534
spot 2,1985.8572381587726,460.00000000000426
spot 2,1987.258172114743,460.0000000000034
spot 2,1988.6591060707137,460.00000000000273
spot 2,1990.0600400266844,460.00000000000216
spot 2,1991.460973982655,460.00000000000176
spot 2,1992.8619079386258,460.00000000000136
spot 2,1994.2628418945965,460.0000000000011
spot 2,1995.663775850567,460.00000000000085
spot 2,1997.0647098065376,460.0000000000007
spot 2,1998.4656437625083,460.00000000000057
spot 2,1999.866577718479,460.00000000000045
spot 2,2001.2675116744497,460.00000000000034
spot 2,2002.6684456304201,460.0000000000003
spot 2,2004.0693795863908,460.0000000000002
spot 2,2005.4703135423615,460.00000000000017
spot 2,2006.8712474983322,460.0000000000001
spot 2,2008.2721814543029,460.0000000000001
spot 2,2009.6731154102736,460.00000000000006
spot 2,2011.074049366244,460.00000000000006
spot 2,2012.4749833222147,460.00000000000006
spot 2,2013.8759172781854,460.00000000000006
spot 2,2015.276851234156,460.00000000000006
spot 2,2016.6777851901268,460.0
spot 2,2018.0787191460975,460.0
spot 2,2019.479653102068,460.0
spot 2,2020.8805870580386,460.0
spot 2,2022.2815210140093,460.0
spot 2,2023.68245496998,460.0
spot 2,2025.0833889259507,460.0
spot 2,2026.4843228819213,460.0
spot 2,2027.8852568378918,460.0
spot 2,2029.2861907938625,460.0
spot 2,2030.6871247498332,460.0
spot 2,2032.0880587058039,460.0
spot 2,2033.4889926617745,460.0
spot 2,2034.8899266177452,460.0
spot 2,2036.2908605737157,460.0
spot 2,2037.6917945296864,460.0
spot 2,2039.092728485657,460.0
spot 2,2040.4936624416277,460.0
spot 2,2041.8945963975984,460.0
spot 2,2043.2955303535691,460.0
spot 2,2044.6964643095396,460.0
spot 2,2046.0973982655103,460.0
spot 2,2047.498332221481,460.0
spot 2,2048.899266177452,460.0
spot 2,2050.3002001334225,460.0
spot 2,2051.7011340893932,460.0
spot 2,2053.1020680453635,460.0
spot 2,2054.503002001334,460.0
spot 2,2055.903935957305,460.0
spot 2,2057.3048699132755,460.0
spot 2,2058.705803869246,460.0
spot 2,2060.1067378252164,460.0
spot 2,2061.507671781187,460.0
spot 2,2062.908605737158,460.0
spot 2,2064.3095396931285,460.0
spot 2,2065.710473649099,460.0
spot 2,2067.11140760507,460.0
spot 2,2068.5123415610406,460.0
spot 2,2069.9132755170112,460.0
spot 2,2071.314209472982,460.0
spot 2,2072.7151434289526,460.0
spot 2,2074.1160773849233,460.0
spot 2,2075.517011340894,460.0
spot 2,2076.9179452968647,460.0
spot 2,2078.3188792528354,460.0
spot 2,2079.719813208806,460.0
spot 2,2081.1207471647767,460.0
spot 2,2082.5216811207474,460.0
spot 2,2083.922615076718,460.0
spot 2,2085.3235490326883,460.0
spot 2,2086.724482988659,460.0
spot 2,2088.1254169446297,460.0
spot 2,2089.5263509006004,460.0
spot 2,2090.927284856571,460.0
spot 2,2092.3282188125418,460.0
spot 2,2093.729152768512,460.0
spot 2,2095.1300867244827,460.0
spot 2,2096.5310206804534,460.0
spot 2,2097.931954636424,460.0
spot 2,2099.3328885923947,460.0
spot 2,2100.7338225483654,460.0
spot 2,2102.134756504336,460.0
spot 2,2103.535690460307,460.0
spot 2,2104.9366244162775,460.0
spot 2,2106.337558372248,460.0
spot 2,2107.738492328219,460.0
spot 2,2109.1394262841895,460.0
spot 2,2110.54036024016,460.0
spot 2,2111.941294196131,460.0
spot 2,2113.3422281521016,460.0
spot 2,2114.7431621080723,460.0
spot 2,2116.144096064043,460.0
spot 2,2117.545030020013,460.0
spot 2,2118.945963975984,460.0
spot 2,2120.3468979319546,460.0
spot 2,2121.7478318879253,460.0
spot 2,2123.148765843896,460.0
spot 2,2124.5496997998666,460.0
spot 2,2125.950633755837,460.0
spot 2,2127.3515677118075,460.0
spot 2,2128.7525016677782,460.0
spot 2,2130.153435623749,460.0
spot 2,2131.5543695797196,460.0
spot 2,2132.9553035356903,460.0
spot 2,2134.356237491661,460.0
spot 2,2135.7571714476317,460.0
spot 2,2137.1581054036023,460.0
spot 2,2138.559039359573,460.0
spot 2,2139.9599733155437,460.0
spot 2,2141.3609072715144,460.0
spot 2,2142.761841227485,460.0
spot 2,2144.162775183456,460.0
spot 2,2145.5637091394265,460.0
spot 2,2146.964643095397,460.0
spot 2,2148.365577051368,460.0
spot 2,2149.7665110073385,460.0
spot 2,2151.1674449633088,460.0
spot 2,2152.5683789192794,460.0
spot 2,2153.96931287525,460.0
spot 2,2155.370246831221,460.0
spot 2,2156.7711807871915,460.0
spot 2,2158.172114743162,460.0
spot 2,2159.5730486991324,460.0
spot 2,2160.973982655103,460.0
spot 2,2162.374916611074,460.0
spot 2,2163.7758505670445,460.0
spot 2,2165.176784523015,460.0
spot 2,2166.577718478986,460.0
spot 2,2167.9786524349565,460.0
spot 2,2169.379586390927,460.0
spot 2,2170.780520346898,460.0
spot 2,2172.1814543028686,460.0
spot 2,2173.5823882588393,460.0
spot 2,2174.98332221481,460.0
spot 2,2176.3842561707806,460.0
spot 2,2177.7851901267513,460.0
spot 2,2179.186124082722,460.0
spot 2,2180.5870580386927,460.0
spot 2,2181.9879919946634,460.0
spot 2,2183.3889259506336,460.0
spot 2,2184.7898599066043,460.0
spot 2,2186.190793862575,460.0
spot 2,2187.5917278185457,460.0
spot 2,2188.9926617745164,460.0
spot 2,2190.393595730487,460.0
spot 2,2191.7945296864573,460.0
spot 2,2193.195463642428,460.0
spot 2,2194.5963975983987,460.0
spot 2,2195.9973315543693,460.0
spot 2,2197.39826551034,460.0
spot 2,2198.7991994663107,460.0
spot 2,2200.2001334222814,460.0
spot 2,2201.601067378252,460.0
spot 2,2203.0020013342228,460.0
spot 2,2204.4029352901935,460.0
spot 2,2205.803869246164,460.0
spot 2,2207.204803202135,460.0
spot 2,2208.6057371581055,460.0
spot 2,2210.006671114076,460.0
spot 2,2211.407605070047,460.0
spot 2,2212.8085390260176,460.0
spot 2,2214.2094729819883,460.0
spot 2,2215.610406937959,460.0
spot 2,2217.011340893929,460.0
spot 2,2218.4122748499,460.0
spot 2,2219.8132088058705,460.0
spot 2,2221.2141427618412,460.0
spot 2,2222.615076717812,460.0
spot 2,2224.016010673782,460.0
spot 2,2225.416944629753,460.0
spot 2,2226.8178785857235,460.0
spot 2,2228.218812541694,460.0
spot 2,2229.619746497665,460.0
spot 2,2231.0206804536356,460.0
spot 2,2232.4216144096063,460.0
spot 2,2233.822548365577,460.0
spot 2,2235.2234823215476,460.0
spot 2,2236.6244162775183,460.0
spot 2,2238.025350233489,460.0
spot 2,2239.4262841894597,460.0
spot 2,2240.8272181454304,460.0
spot 2,2242.228152101401,460.0
spot 2,2243.6290860573718,460.0
spot 2,2245.0300200133424,460.0
spot 2,2246.430953969313,460.0
spot 2,2247.831887925284,460.0
spot 2,2249.232821881254,460.0
spot 2,2250.6337558372247,460.0
spot 2,2252.0346897931954,460.0
spot 2,2253.435623749166,460.0
spot 2,2254.836557705137,460.0
spot 2,2256.2374916611075,460.0
spot 2,2257.6384256170777,460.0
spot 2,2259.0393595730484,460.0
spot 2,2260.440293529019,460.0
spot 2,2261.8412274849898,460.0
spot 2,2263.2421614409604,460.0
spot 2,2264.643095396931,460.0
spot 2,2266.044029352902,460.0
spot 2,2267.4449633088725,460.0
spot 2,2268.845897264843,460.0
spot 2,2270.246831220814,460.0
spot 2,2271.6477651767846,460.0
spot 2,2273.0486991327552,460.0
spot 2,2274.449633088726,460.0
spot 2,2275.8505670446966,460.0
spot 2,2277.2515010006673,460.0
spot 2,2278.652434956638,460.0
spot 2,2280.0533689126087,460.0
spot 2,2281.454302868579,460.0
spot 2,2282.8552368245496,460.0
spot 2,2284.2561707805203,460.0
spot 2,2285.657104736491,460.0
spot 2,2287.0580386924617,460.0
spot 2,2288.4589726484323,460.0
spot 2,2289.8599066044026,460.0
spot 2,2291.2608405603733,460.0
spot 2,2292.661774516344,460.0
spot 2,2294.0627084723146,460.0
spot 2,2295.4636424282853,460.0
spot 2,2296.864576384256,460.0
spot 2,2298.2655103402267,460.0
spot 2,2299.6664442961974,460.0
spot 2,2301.067378252168,460.0
spot 2,2302.4683122081387,460.0
spot 2,2303.8692461641094,460.0
spot 2,2305.27018012008,460.0
spot 2,2306.671114076051,460.0
spot 2,2308.0720480320215,460.0
spot 2,2309.472981987992,460.0
spot 2,2310.873915943963,460.0
spot 2,2312.2748498999335,460.0
spot 2,2313.6757838559042,460.0
spot 2,2315.0767178118745,460.0
spot 2,2316.477651767845,460.0
spot 2,2317.878585723816,460.0
spot 2,2319.2795196797865,460.0
spot 2,2320.680453635757,460.0
spot 2,2322.081387591728,460.0
spot 2,2323.482321547698,460.0
spot 2,2324.883255503669,460.0
spot 2,2326.2841894596395,460.0
spot 2,2327.68512341561,460.0
spot 2,2329.086057371581,460.0
spot 2,2330.4869913275516,460.0
spot 2,2331.8879252835222,460.0
spot 2,2333.288859239493,460.0
spot 2,2334.6897931954636,460.0
spot 2,2336.0907271514343,460.0
spot 2,2337.491661107405,460.0
spot 2,2338.8925950633757,460.0
spot 2,2340.2935290193464,460.0
spot 2,2341.694462975317,460.0
spot 2,2343.0953969312877,460.0
spot 2,2344.4963308872584,460.0
spot 2,2345.897264843229,460.0
spot 2,2347.2981987991993,460.0
spot 2,2348.69913275517,460.0
spot 2,2350.1000667111407,460.0
spot 2,2351.5010006671114,460.0
spot 2,2352.901934623082,460.0
spot 2,2354.3028685790528,460.0
spot 2,2355.703802535023,460.0
spot 2,2357.1047364909937,460.0
spot 2,2358.5056704469644,460.0
spot 2,2359.906604402935,460.0
spot 2,2361.3075383589057,460.0
spot 2,2362.7084723148764,460.0
spot 2,2364.109406270847,460.0
spot 2,2365.510340226818,460.0
spot 2,2366.9112741827885,460.0
spot 2,2368.312208138759,460.0
spot 2,2369.71314209473,460.0
spot 2,2371.1140760507005,460.0
spot 2,2372.515010006671,460.0
spot 2,2373.915943962642,460.0
spot 2,2375.3168779186126,460.0
spot 2,2376.7178118745833,460.0
spot 2,2378.118745830554,460.0
spot 2,2379.5196797865246,460.0
spot 2,2380.920613742495,460.0
spot 2,2382.3215476984656,460.0
spot 2,2383.7224816544363,460.0
spot 2,2385.123415610407,460.0
spot 2,2386.5243495663776,460.0
spot 2,2387.925283522348,460.0
spot 2,2389.3262174783185,460.0
spot 2,2390.727151434289,460.0
spot 2,2392.12808539026,460.0
spot 2,2393.5290193462306,460.0
spot 2,2394.9299533022013,460.0
spot 2,2396.330887258172,460.0
spot 2,2397.7318212141427,460.0
spot 2,2399.1327551701133,460.0
spot 2,2400.533689126084,460.0
spot 2,2401.9346230820547,460.0
spot 2,2403.3355570380254,460.0
spot 2,2404.736490993996,460.0
spot 2,2406.1374249499668,460.0
spot 2,2407.5383589059375,460.0
spot 2,2408.939292861908,460.0
spot 2,2410.340226817879,460.0
spot 2,2411.7411607738495,460.0
spot 2,2413.1420947298197,460.0
spot 2,2414.5430286857904,460.0
spot 2,2415.943962641761,460.0
spot 2,2417.344896597732,460.0
spot 2,2418.7458305537025,460.0
spot 2,2420.146764509673,460.0
spot 2,2421.5476984656434,460.0
spot 2,2422.948632421614,460.0
spot 2,2424.349566377585,460.0
spot 2,2425.7505003335555,460.0
spot 2,2427.151434289526,460.0
spot 2,2428.552368245497,460.0
spot 2,2429.9533022014675,460.0
spot 2,2431.354236157438,460.0
spot 2,2432.755170113409,460.0
spot 2,2434.1561040693796,460.0
spot 2,2435.5570380253503,460.0
spot 2,2436.957971981321,460.0
spot 2,2438.3589059372916,460.0
spot 2,2439.7598398932623,460.0
spot 2,2441.160773849233,460.0
spot 2,2442.5617078052037,460.0
spot 2,2443.9626417611744,460.0
spot 2,2445.3635757171446,460.0
spot 2,2446.7645096731153,460.0
spot 2,2448.165443629086,460.0
spot 2,2449.5663775850567,460.0
spot 2,2450.9673115410274,460.0
spot 2,2452.368245496998,460.0
spot 2,2453.7691794529687,460.0
spot 2,2455.1701134089394,460.0
spot 2,2456.57104736491,460.0
spot 2,2457.9719813208803,460.0
spot 2,2459.372915276851,460.0
spot 2,2460.7738492328217,460.0
spot 2,2462.1747831887924,460.0
spot 2,2463.575717144763,460.0
spot 2,2464.9766511007338,460.0
spot 2,2466.3775850567044,460.0
spot 2,2467.778519012675,460.0
spot 2,2469.179452968646,460.0
spot 2,2470.5803869246165,460.0
spot 2,2471.981320880587,460.0
spot 2,2473.382254836558,460.0
spot 2,2474.783188792528,460.0
spot 2,2476.184122748499,460.0
spot 2,2477.5850567044695,460.0
spot 2,2478.98599066044,460.0
spot 2,2480.386924616411,460.0
spot 2,2481.7878585723815,460.0
spot 2,2483.188792528352,460.0
spot 2,2484.589726484323,460.0
spot 2,2485.9906604402936,460.0
spot 2,2487.3915943962643,460.0
spot 2,2488.792528352235,460.0
spot 2,2490.1934623082057,460.0
spot 2,2491.594396264176,460.0
spot 2,2492.9953302201466,460.0
spot 2,2494.3962641761173,460.0
spot 2,2495.797198132088,460.0
spot 2,2497.1981320880586,460.0
spot 2,2498.5990660440293,460.0
spot 2,2500.0,460.0
spot 3,400.0,640.0
spot 3,401.40093395597063,640.0
spot 3,402.8018679119413,640.0
spot 3,404.20280186791194,640.0
spot 3,405.6037358238826,640.0
spot 3,407.00466977985326,640.0
spot 3,408.4056037358239,640.0
spot 3,409.8065376917945,640.0
spot 3,411.2074716477652,640.0
spot 3,412.60840560373583,640.0
spot 3,414.00933955970646,640.0
spot 3,415.4102735156771,640.0
spot 3,416.8112074716478,640.0
spot 3,418.2121414276184,640.0
spot 3,419.61307538358903,640.0
spot 3,421.0140093395597,640.0
spot 3,422.41494329553035,640.0
spot 3,423.815877251501,640.0
spot 3,425.21681120747166,640.0
spot 3,426.6177451634423,640.0
spot 3,428.0186791194129,640.0
spot 3,429.4196130753836,640.0
spot 3,430.82054703135424,640.0
spot 3,432.22148098732487,640.0
spot 3,433.62241494329555,640.0
spot 3,435.0233488992662,640.0
spot 3,436.4242828552368,640.0
spot 3,437.8252168112075,640.0
spot 3,439.2261507671781,640.0
spot 3,440.62708472314876,640.0
spot 3,442.02801867911944,640.0
spot 3,443.42895263509007,640.0
spot 3,444.8298865910607,640.0
spot 3,446.2308205470314,640.0
spot 3,447.631754503002,640.0
spot 3,449.03268845897264,640.0
spot 3,450.4336224149433,640.0
spot 3,451.83455637091396,640.0
spot 3,453.2354903268846,640.0
spot 3,454.6364242828552,640.0
spot 3,456.0373582388259,640.0
spot 3,457.43829219479653,640.0
spot 3,458.83922615076716,640.0
spot 3,460.24016010673785,640.0
spot 3,461.6410940627085,640.0
spot 3,463.0420280186791,640.0
spot 3,464.44296197464973,640.0
spot 3,465.8438959306204,640.0
spot 3,467.24482988659105,640.0
spot 3,468.6457638425617,640.0
spot 3,470.04669779853236,640.0
spot 3,471.447631754503,640.0
spot 3,472.8485657104736,640.0
spot 3,474.2494996664443,640.0
spot 3,475.65043362241494,640.0
spot 3,477.05136757838557,640.0
spot 3,478.45230153435625,640.0
spot 3,479.8532354903269,640.0
spot 3,481.2541694462975,640.0
spot 3,482.6551034022682,640.0
spot 3,484.0560373582388,640.0
spot 3,485.45697131420945,640.0
spot 3,486.85790527018014,640.0
spot 3,488.25883922615077,640.0
spot 3,489.6597731821214,640.0
spot 3,491.0607071380921,640.0
spot 3,492.4616410940627,640.0
spot 3,493.86257505003334,640.0
spot 3,495.263509006004,640.0
spot 3,496.66444296197466,640.0
spot 3,498.0653769179453,640.0
spot 3,499.466310873916,640.0
spot 3,500.8672448298866,640.0
spot 3,502.26817878585723,640.0
spot 3,503.6691127418279,640.0
spot 3,505.07004669779855,640.0
spot 3,506.4709806537692,640.0
spot 3,507.8719146097398,640.0
spot 3,509.2728485657105,640.0
spot 3,510.6737825216811,640.0
spot 3,512.0747164776518,640.0
spot 3,513.4756504336224,640.0
spot 3,514.8765843895931,640.0
spot 3,516.2775183455637,640.0
spot 3,517.6784523015343,640.0
spot 3,519.079386257505,640.0
spot 3,520.4803202134757,640.0
spot 3,521.8812541694463,640.0
spot 3,523.282188125417,640.0
spot 3,524.6831220813876,640.0
spot 3,526.0840560373582,640.0
spot 3,527.4849899933289,640.0
spot 3,528.8859239492995,640.0
spot 3,530.2868579052702,640.0
spot 3,531.6877918612408,640.0
spot 3,533.0887258172115,640.0
spot 3,534.4896597731821,640.0
spot 3,535.8905937291528,640.0
spot 3,537.2915276851234,640.0
spot 3,538.692461641094,640.0
spot 3,540.0933955970647,640.0
spot 3,541.4943295530354,640.0
spot 3,542.895263509006,640.0
spot 3,544.2961974649767,640.0
spot 3,545.6971314209472,640.0
spot 3,547.0980653769179,640.0
spot 3,548.4989993328886,640.0
spot 3,549.8999332888593,640.0
spot 3,551.3008672448299,640.0
spot 3,552.7018012008006,640.0
spot 3,554.1027351567711,640.0
spot 3,555.5036691127418,640.0
spot 3,556.9046030687125,640.0
spot 3,558.3055370246832,640.0
spot 3,559.7064709806538,640.0
spot 3,561.1074049366244,640.0
spot 3,562.508338892595,640.0
spot 3,563.9092728485657,640.0
spot 3,565.3102068045364,640.0
spot 3,566.711140760507,640.0
spot 3,568.1120747164777,640.0
spot 3,569.5130086724483,640.0
spot 3,570.9139426284189,640.0
spot 3,572.3148765843896,640.0
spot 3,573.7158105403603,640.0
spot 3,575.1167444963309,640.0
spot 3,576.5176784523015,640.0
spot 3,577.9186124082721,640.0
spot 3,579.3195463642428,640.0
spot 3,580.7204803202135,640.0
spot 3,582.1214142761842,640.0
spot 3,583.5223482321547,640.0
spot 3,584.9232821881254,640.0
spot 3,586.324216144096,640.0
spot 3,587.7251501000667,640.0
spot 3,589.1260840560374,640.0
spot 3,590.527018012008,640.0
spot 3,591.9279519679786,640.0
spot 3,593.3288859239493,640.0
spot 3,594.7298198799199,640.0
spot 3,596.1307538358906,640.0
spot 3,597.5316877918613,640.0
spot 3,598.932621747832,640.0
spot 3,600.3335557038025,640.0
spot 3,601.7344896597732,640.0
spot 3,603.1354236157438,640.0
spot 3,604.5363575717145,640.0
spot 3,605.9372915276851,640.0
spot 3,607.3382254836558,640.0
spot 3,608.7391594396264,640.0
spot 3,610.1400933955971,640.0
spot 3,611.5410273515677,640.0
spot 3,612.9419613075383,640.0
spot 3,614.342895263509,640.0
spot 3,615.7438292194796,640.0
spot 3,617.1447631754503,640.0
spot 3,618.545697131421,640.0
spot 3,619.9466310873916,640.0
spot 3,621.3475650433622,640.0
spot 3,622.7484989993329,640.0
spot 3,624.1494329553035,640.0
spot 3,625.5503669112742,640.0
spot 3,626.9513008672449,640.0
spot 3,628.3522348232154,640.0
spot 3,629.7531687791861,640.0
spot 3,631.1541027351568,640.0
spot 3,632.5550366911274,640.0
spot 3,633.9559706470981,640.0
spot 3,635.3569046030686,640.0
spot 3,636.7578385590393,640.0
spot 3,638.15877251501,640.0
spot 3,639.5597064709807,640.0
spot 3,640.9606404269513,640.0
spot 3,642.361574382922,640.0
spot 3,643.7625083388925,640.0
spot 3,645.1634422948632,640.0
spot 3,646.5643762508339,640.0
spot 3,647.9653102068046,640.0
spot 3,649.3662441627752,640.0
spot 3,650.7671781187458,640.0
spot 3,652.1681120747164,640.0
spot 3,653.5690460306871,640.0
spot 3,654.9699799866578,640.0
spot 3,656.3709139426285,640.0
spot 3,657.771847898599,640.0
spot 3,659.1727818545697,640.0
spot 3,660.5737158105403,640.0
spot 3,661.974649766511,640.0
spot 3,663.3755837224817,640.0
spot 3,664.7765176784524,640.0
spot 3,666.1774516344229,640.0
spot 3,667.5783855903935,640.0
spot 3,668.9793195463642,640.0
spot 3,670.3802535023349,640.0
spot 3,671.7811874583056,640.0
spot 3,673.1821214142763,640.0
spot 3,674.5830553702468,640.0
spot 3,675.9839893262174,640.0
spot 3,677.3849232821881,640.0
spot 3,678.7858572381588,640.0
spot 3,680.1867911941295,640.0
spot 3,681.5877251501001,640.0
spot 3,682.9886591060707,640.0
spot 3,684.3895930620413,640.0
spot 3,685.790527018012,640.0
spot 3,687.1914609739827,640.0
spot 3,688.5923949299533,640.0
spot 3,689.9933288859239,640.0
spot 3,691.3942628418946,640.0
spot 3,692.7951967978652,640.0
spot 3,694.1961307538359,640.0
spot 3,695.5970647098065,640.0
spot 3,696.9979986657772,640.0
spot 3,698.3989326217478,640.0
spot 3,699.7998665777185,640.0
spot 3,701.2008005336891,640.0
spot 3,702.6017344896597,640.0
spot 3,704.0026684456304,640.0
spot 3,705.4036024016011,640.0
spot 3,706.8045363575717,640.0
spot 3,708.2054703135424,640.0
spot 3,709.606404269513,640.0
spot 3,711.0073382254836,640.0
spot 3,712.4082721814543,640.0
spot 3,713.809206137425,640.0
spot 3,715.2101400933956,640.0
spot 3,716.6110740493663,640.0
spot 3,718.0120080053368,640.0
spot 3,719.4129419613075,640.0
spot 3,720.8138759172782,640.0
spot 3,722.2148098732489,640.0
spot 3,723.6157438292195,640.0
spot 3,725.01667778519,640.0
spot 3,726.4176117411607,640.0
spot 3,727.8185456971314,640.0
spot 3,729.2194796531021,640.0
spot 3,730.6204136090728,640.0
spot 3,732.0213475650434,640.0
spot 3,733.4222815210139,640.0
spot 3,734.8232154769846,640.0
spot 3,736.2241494329553,640.0
spot 3,737.625083388926,640.0
spot 3,739.0260173448967,640.0
spot 3,740.4269513008672,640.0
spot 3,741.8278852568378,640.0
spot 3,743.2288192128085,640.0
spot 3,744.6297531687792,640.0
spot 3,746.0306871247499,640.0
spot 3,747.4316210807204,640.0
spot 3,748.8325550366911,640.0
spot 3,750.2334889926617,640.0
spot 3,751.6344229486324,640.0
spot 3,753.0353569046031,640.0
spot 3,754.4362908605738,640.0
spot 3,755.8372248165443,640.0
spot 3,757.238158772515,640.0
spot 3,758.6390927284856,640.0
spot 3,760.0400266844563,640.0
spot 3,761.440960640427,640.0
spot 3,762.8418945963977,640.0
spot 3,764.2428285523682,640.0
spot 3,765.6437625083389,640.0
spot 3,767.0446964643095,640.0
spot 3,768.4456304202802,640.0
spot 3,769.8465643762509,640.0
spot 3,771.2474983322215,640.0
spot 3,772.6484322881921,640.0
spot 3,774.0493662441627,640.0
spot 3,775.4503002001334,640.0
spot 3,776.851234156104,640.0
spot 3,778.2521681120747,640.0
spot 3,779.6531020680454,640.0
spot 3,781.054036024016,640.0
spot 3,782.4549699799866,640.0
spot 3,783.8559039359573,640.0
spot 3,785.256837891928,640.0
spot 3,786.6577718478986,640.0
spot 3,788.0587058038693,640.0
spot 3,789.4596397598399,640.0
spot 3,790.8605737158105,640.0
spot 3,792.2615076717811,640.0
spot 3,793.6624416277518,640.0
spot 3,795.0633755837225,640.0
spot 3,796.4643095396932,640.0
spot 3,797.8652434956638,640.0
spot 3,799.2661774516343,640.0
spot 3,800.667111407605,640.0
spot 3,802.0680453635757,640.0
spot 3,803.4689793195464,640.0
spot 3,804.869913275517,640.0
spot 3,806.2708472314877,640.0
spot 3,807.6717811874582,640.0
spot 3,809.0727151434289,640.0
spot 3,810.4736490993996,640.0
spot 3,811.8745830553703,640.0
spot 3,813.2755170113409,640.0
spot 3,814.6764509673116,640.0
spot 3,816.0773849232821,640.0
spot 3,817.4783188792528,640.0
spot 3,818.8792528352235,640.0
spot 3,820.2801867911942,640.0
spot 3,821.6811207471648,640.0
spot 3,823.0820547031354,640.0
spot 3,824.482988659106,640.0
spot 3,825.8839226150767,640.0
spot 3,827.2848565710474,640.0
spot 3,828.6857905270181,640.0
spot 3,830.0867244829886,640.0
spot 3,831.4876584389592,640.0
spot 3,832.8885923949299,640.0
spot 3,834.2895263509006,640.0
spot 3,835.6904603068713,640.0
spot 3,837.091394262842,640.0
spot 3,838.4923282188125,640.0
spot 3,839.8932621747831,640.0
spot 3,841.2941961307538,640.0
spot 3,842.6951300867245,640.0
spot 3,844.0960640426952,640.0
spot 3,845.4969979986658,640.0
spot 3,846.8979319546364,640.0
spot 3,848.298865910607,640.0
spot 3,849.6997998665777,640.0
spot 3,851.1007338225484,640.0
spot 3,852.501667778519,640.0
spot 3,853.9026017344897,640.0
spot 3,855.3035356904603,640.0
spot 3,856.7044696464309,640.0
spot 3,858.1054036024016,640.0
spot 3,859.5063375583723,640.0
spot 3,860.9072715143429,640.0
spot 3,862.3082054703135,640.0
spot 3,863.7091394262842,640.0
spot 3,865.1100733822548,640.0
spot 3,866.5110073382255,640.0
spot 3,867.9119412941961,640.0
spot 3,869.3128752501668,640.0
spot 3,870.7138092061374,640.0
spot 3,872.1147431621081,640.0
spot 3,873.5156771180787,640.0
spot 3,874.9166110740493,640.0
spot 3,876.31754503002,640.0
spot 3,877.7184789859907,640.0
spot 3,879.1194129419613,640.0
spot 3,880.520346897932,640.0
spot 3,881.9212808539025,640.0
spot 3,883.3222148098732,640.0
spot 3,884.7231487658439,640.0
spot 3,886.1240827218146,640.0
spot 3,887.5250166777852,640.0000000000001
spot 3,888.9259506337557,640.0000000000001
spot 3,890.3268845897264,640.0000000000001
spot 3,891.7278185456971,640.0000000000001
spot 3,893.1287525016678,640.0000000000001
spot 3,894.5296864576385,640.0000000000002
spot 3,895.9306204136091,640.0000000000002
spot 3,897.3315543695796,640.0000000000003
spot 3,898.7324883255503,640.0000000000003
spot 3,900.133422281521,640.0000000000005
spot 3,901.5343562374917,640.0000000000006
spot 3,902.9352901934624,640.0000000000007
spot 3,904.336224149433,640.0000000000008
spot 3,905.7371581054035,640.000000000001
spot 3,907.1380920613742,640.0000000000013
spot 3,908.5390260173449,640.0000000000015
spot 3,909.9399599733156,640.0000000000019
spot 3,911.3408939292862,640.0000000000023
spot 3,912.7418278852568,640.0000000000028
spot 3,914.1427618412275,640.0000000000035
spot 3,915.5436957971981,640.0000000000043
spot 3,916.9446297531688,640.0000000000052
spot 3,918.3455637091395,640.0000000000064
spot 3,919.74649766511,640.0000000000078
spot 3,921.1474316210807,640.0000000000095
spot 3,922.5483655770514,640.0000000000117
spot 3,923.949299533022,640.0000000000143
spot 3,925.3502334889927,640.0000000000175
spot 3,926.7511674449632,640.0000000000214
spot 3,928.1521014009339,640.000000000026
spot 3,929.5530353569046,640.0000000000317
spot 3,930.9539693128752,640.0000000000387
spot 3,932.3549032688459,640.0000000000471
spot 3,933.7558372248166,640.0000000000573
spot 3,935.1567711807871,640.0000000000696
spot 3,936.5577051367578,640.0000000000846
spot 3,937.9586390927285,640.0000000001027
spot 3,939.3595730486991,640.0000000001246
spot 3,940.7605070046698,640.000000000151
spot 3,942.1614409606404,640.0000000001829
spot 3,943.562374916611,640.0000000002216
spot 3,944.9633088725817,640.0000000002681
spot 3,946.3642428285524,640.0000000003242
spot 3,947.765176784523,640.0000000003918
spot 3,949.1661107404937,640.0000000004732
spot 3,950.5670446964643,640.000000000571
spot 3,951.9679786524349,640.0000000006888
spot 3,953.3689126084056,640.0000000008303
spot 3,954.7698465643763,640.0000000010002
spot 3,956.1707805203469,640.0000000012041
spot 3,957.5717144763175,640.0000000014485
spot 3,958.9726484322882,640.0000000017415
spot 3,960.3735823882588,640.0000000020923
spot 3,961.7745163442295,640.0000000025121
spot 3,963.1754503002002,640.0000000030144
spot 3,964.5763842561707,640.0000000036147
spot 3,965.9773182121414,640.0000000043317
spot 3,967.3782521681121,640.0000000051875
spot 3,968.7791861240827,640.0000000062084
spot 3,970.1801200800534,640.0000000074255
spot 3,971.581054036024,640.0000000088753
spot 3,972.9819879919946,640.0000000106013
spot 3,974.3829219479653,640.0000000126547
spot 3,975.783855903936,640.0000000150961
spot 3,977.1847898599066,640.000000017997
spot 3,978.5857238158773,640.0000000214412
spot 3,979.9866577718478,640.000000025528
spot 3,981.3875917278185,640.0000000303742
spot 3,982.7885256837892,640.0000000361168
spot 3,984.1894596397598,640.0000000429172
spot 3,985.5903935957305,640.0000000509651
spot 3,986.9913275517011,640.000000060483
spot 3,988.3922615076717,640.0000000717316
spot 3,989.7931954636424,640.0000000850172
spot 3,991.1941294196131,640.000000100698
spot 3,992.5950633755837,640.0000001191937
spot 3,993.9959973315543,640.0000001409952
spot 3,995.396931287525,640.000000166676
spot 3,996.7978652434956,640.0000001969066
spot 3,998.1987991994663,640.0000002324693
spot 3,999.599733155437,640.000000274277
spot 3,1001.0006671114076,640.0000003233935
spot 3,1002.4016010673782,640.0000003810582
spot 3,1003.8025350233489,640.000000448714
spot 3,1005.2034689793195,640.0000005280392
spot 3,1006.6044029352902,640.0000006209848
spot 3,1008.0053368912609,640.000000729817
spot 3,1009.4062708472314,640.0000008571665
spot 3,1010.8072048032021,640.000001006085
spot 3,1012.2081387591728,640.0000011801096
spot 3,1013.6090727151434,640.0000013833379
spot 3,1015.0100066711141,640.0000016205128
spot 3,1016.4109406270848,640.0000018971201
spot 3,1017.8118745830553,640.0000022195015
spot 3,1019.212808539026,640.0000025949818
spot 3,1020.6137424949967,640.0000030320153
spot 3,1022.0146764509673,640.0000035403541
spot 3,1023.415610406938,640.0000041312384
spot 3,1024.8165443629086,640.0000048176142
spot 3,1026.2174783188793,640.0000056143829
spot 3,1027.61841227485,640.0000065386827
spot 3,1029.0193462308207,640.0000076102115
spot 3,1030.4202801867912,640.0000088515927
spot 3,1031.8212141427618,640.000010288791
spot 3,1033.2221480987325,640.000011951585
spot 3,1034.623082054703,640.0000138741021
spot 3,1036.0240160106737,640.000016095427
spot 3,1037.4249499666444,640.0000186602883
spot 3,1038.825883922615,640.0000216198375
spot 3,1040.2268178785857,640.0000250325293
spot 3,1041.6277518345564,640.0000289651159
spot 3,1043.028685790527,640.0000334937704
spot 3,1044.4296197464978,640.0000387053533
spot 3,1045.8305537024683,640.0000446988413
spot 3,1047.231487658439,640.0000515869348
spot 3,1048.6324216144096,640.0000594978692
spot 3,1050.03335557038,640.00006857745
spot 3,1051.4342895263508,640.00007899134
spot 3,1052.8352234823215,640.0000909276279
spot 3,1054.2361574382921,640.0001045997078
spot 3,1055.6370913942628,640.0001202495091
spot 3,1057.0380253502335,640.0001381511113
spot 3,1058.4389593062042,640.0001586147913
spot 3,1059.8398932621749,640.0001819915466
spot 3,1061.2408272181456,640.0002086781498
spot 3,1062.641761174116,640.0002391227902
spot 3,1064.0426951300867,640.0002738313656
spot 3,1065.4436290860574,640.0003133744934
spot 3,1066.8445630420279,640.0003583953185
spot 3,1068.2454969979985,640.000409618197
spot 3,1069.6464309539692,640.0004678583505
spot 3,1071.04736490994,640.0005340325878
spot 3,1072.4482988659106,640.0006091712014
spot 3,1073.8492328218813,640.0006944311579
spot 3,1075.250166777852,640.0007911107094
spot 3,1076.6511007338227,640.0009006655656
spot 3,1078.0520346897933,640.0010247267768
spot 3,1079.4529686457638,640.0011651204924
spot 3,1080.8539026017345,640.0013238897726
spot 3,1082.2548365577052,640.001503318645
spot 3,1083.6557705136756,640.0017059586129
spot 3,1085.0567044696463,640.0019346578423
spot 3,1086.457638425617,640.0021925932652
spot 3,1087.8585723815877,640.0024833058623
spot 3,1089.2595063375584,640.0028107394035
spot 3,1090.660440293529,640.0031792829474
spot 3,1092.0613742494997,640.0035938174208
spot 3,1093.4623082054704,640.0040597666238
spot 3,1094.863242161441,640.0045831530294
spot 3,1096.2641761174116,640.0051706587723
spot 3,1097.6651100733823,640.0058296922443
spot 3,1099.0660440293527,640.0065684607488
spot 3,1100.4669779853234,640.0073960496834
spot 3,1101.867911941294,640.0083225087623
spot 3,1103.2688458972648,640.0093589458086
spot 3,1104.6697798532355,640.0105176286852
spot 3,1106.0707138092062,640.0118120959622
spot 3,1107.4716477651768,640.0132572769513
spot 3,1108.8725817211475,640.0148696217713
spot 3,1110.2735156771182,640.0166672421423
spot 3,1111.6744496330887,640.0186700636411
spot 3,1113.0753835890594,640.020899990182
spot 3,1114.47631754503,640.0233810815237
spot 3,1115.8772515010005,640.0261397446365
spot 3,1117.2781854569712,640.0292049397947
spot 3,1118.6791194129419,640.0326084022958
spot 3,1120.0800533689126,640.0363848807344
spot 3,1121.4809873248832,640.0405723927942
spot 3,1122.881921280854,640.0452124995433
spot 3,1124.2828552368246,640.0503505992516
spot 3,1125.6837891927953,640.0560362417654
spot 3,1127.084723148766,640.062323464499
spot 3,1128.4856571047364,640.0692711511194
spot 3,1129.8865910607071,640.0769434140136
spot 3,1131.2875250166778,640.0854100016339
spot 3,1132.6884589726483,640.0947467318256
spot 3,1134.089392928619,640.1050359522333
spot 3,1135.4903268845896,640.1163670288796
spot 3,1136.8912608405603,640.128836863989
spot 3,1138.292194796531,640.1425504441131
spot 3,1139.6931287525017,640.1576214195773
spot 3,1141.0940627084724,640.174172716233
spot 3,1142.494996664443,640.1923371804476
spot 3,1143.8959306204138,640.2122582582057
spot 3,1145.2968645763842,640.2340907091256
spot 3,1146.697798532355,640.2580013561086
spot 3,1148.0987324883254,640.2841698712483
spot 3,1149.499666444296,640.312789598515
spot 3,1150.9006004002667,640.3440684136092
spot 3,1152.3015343562374,640.3782296212422
spot 3,1153.702468312208,640.4155128899476
spot 3,1155.1034022681788,640.4561752243603
spot 3,1156.5043362241495,640.5004919747147
spot 3,1157.9052701801202,640.5487578831132
spot 3,1159.3062041360909,640.6012881658952
spot 3,1160.7071380920613,640.6584196311991
spot 3,1162.108072048032,640.7205118305613
spot 3,1163.5090060040027,640.7879482431127
spot 3,1164.9099399599731,640.8611374906503
spot 3,1166.3108739159438,640.9405145815474
spot 3,1167.7118078719145,641.0265421811391
spot 3,1169.1127418278852,641.1197119058735
spot 3,1170.513675783856,641.2205456381547
spot 3,1171.9146097398266,641.329596858426
spot 3,1173.3155436957973,641.4474519906429
spot 3,1174.716477651768,641.5747317568741
spot 3,1176.1174116077386,641.7120925363482
spot 3,1177.518345563709,641.8602277238169
spot 3,1178.9192795196798,642.0198690816655
spot 3,1180.3202134756505,642.1917880797391
spot 3,1181.721147431621,642.3767972163855
spot 3,1183.1220813875916,642.5757513137492
spot 3,1184.5230153435623,642.7895487798751
spot 3,1185.923949299533,643.0191328297067
spot 3,1187.3248832555037,643.2654926565926
spot 3,1188.7258172114744,643.5296645454539
spot 3,1190.126751167445,643.8127329183017
spot 3,1191.5276851234157,644.1158313023612
spot 3,1192.9286190793864,644.4401432106229
spot 3,1194.3295530353569,644.7869029242404
spot 3,1195.7304869913276,645.1573961658137
spot 3,1197.1314209472982,645.5529606522376
spot 3,1198.5323549032687,645.9749865154855
spot 3,1199.9332888592394,646.4249165794046
spot 3,1201.33422281521,646.9042464803696
spot 3,1202.7351567711808,647.4145246194446
spot 3,1204.1360907271514,647.9573519335597
spot 3,1205.5370246831221,648.5343814731315
spot 3,1206.9379586390928,649.1473177735262
spot 3,1208.3388925950635,649.7979160078144
spot 3,1209.739826551034,650.4879809083732
spot 3,1211.1407605070046,651.2193654450887
spot 3,1212.5416944629753,651.9939692481693
spot 3,1213.9426284189458,652.8137367639446
spot 3,1215.3435623749165,653.6806551324514
spot 3,1216.7444963308872,654.596751776146
spot 3,1218.1454302868578,655.5640916897013
spot 3,1219.5463642428285,656.5847744215695
spot 3,1220.9472981987992,657.6609307388043
spot 3,1222.34823215477,658.7947189675608
spot 3,1223.7491661107406,659.9883210027092
spot 3,1225.1501000667113,661.2439379811171
spot 3,1226.5510340226817,662.5637856143844
spot 3,1227.9519679786524,663.9500891781356
spot 3,1229.352901934623,665.4050781564005
spot 3,1230.7538358905936,666.9309805411365
spot 3,1232.1547698465642,668.5300167885609
spot 3,1233.555703802535,670.2043934356675
spot 3,1234.9566377585056,671.9562963820941
spot 3,1236.3575717144763,673.7878838443828
spot 3,1237.758505670447,675.7012789916134
spot 3,1239.1594396264177,677.6985622734079
spot 3,1240.5603735823884,679.781763453372
spot 3,1241.961307538359,681.9528533631571
spot 3,1243.3622414943295,684.2137353944837
spot 3,1244.7631754503002,686.5662367486564
spot 3,1246.1641094062709,689.0120994652951
spot 3,1247.5650433622413,691.552971254224
spot 3,1248.965977318212,694.1903961566524
spot 3,1250.3669112741827,696.925805063953
spot 3,1251.7678452301534,699.7605061244968
spot 3,1253.168779186124,702.6956750710764
spot 3,1254.5697131420948,705.7323455034833
spot 3,1255.9706470980655,708.8713991627418
spot 3,1257.3715810540361,712.1135562353413
spot 3,1258.7725150100066,715.4593657275487
spot 3,1260.1734489659773,718.909195951476
spot 3,1261.574382921948,722.4632251660307
spot 3,1262.9753168779184,726.1214324171906
spot 3,1264.3762508338891,729.883588623145
spot 3,1265.7771847898598,733.7492479507796
spot 3,1267.1781187458305,737.7177395307223
spot 3,1268.5790527018012,741.7881595586517
spot 3,1269.9799866577719,745.9593638308672
spot 3,1271.3809206137425,750.2299607621394
spot 3,1272.7818545697132,754.5983049336534
spot 3,1274.182788525684,759.0624912183695
spot 3,1275.5837224816544,763.620349530378
spot 3,1276.984656437625,768.269440243803
spot 3,1278.3855903935957,773.0070503254881
spot 3,1279.7865243495662,777.8301902241241
spot 3,1281.187458305537,782.7355915565873
spot 3,1282.5883922615076,787.7197056300823
spot 3,1283.9893262174783,792.7787028362641
spot 3,1285.390260173449,797.9084729507542
spot 3,1286.7911941294196,803.1046263684844
spot 3,1288.1921280853903,808.3624963020244
spot 3,1289.593062041361,813.6771419665363
spot 3,1290.9939959973317,819.0433527712257
spot 3,1292.3949299533022,824.4556535331725
spot 3,1293.7958639092728,829.9083107252236
spot 3,1295.1967978652435,835.3953397652098
spot 3,1296.597731821214,840.9105133492113
spot 3,1297.9986657771847,846.4473708268439
spot 3,1299.3995997331554,851.9992286116822
spot 3,1300.800533689126,857.5591916150111
spot 3,1302.2014676450967,863.1201656860227
spot 3,1303.6024016010674,868.6748710365202
spot 3,1305.003335557038,874.2158566230705
spot 3,1306.4042695130088,879.7355154544589
spot 3,1307.8052034689795,885.2261007872388
spot 3,1309.20613742495,890.6797431671845
spot 3,1310.6070713809206,896.0884682695719
spot 3,1312.008005336891,901.444215486447
spot 3,1313.4089392928618,906.7388572044824
spot 3,1314.8098732488324,911.9642187125869
spot 3,1316.2108072048031,917.1120986743074
spot 3,1317.6117411607738,922.1742900961158
spot 3,1319.0126751167445,927.142601719059
spot 3,1320.4136090727152,932.0088797579253
spot 3,1321.8145430286859,936.7650299090907
spot 3,1323.2154769846566,941.403039545592
spot 3,1324.616410940627,945.915000015719
spot 3,1326.0173448965977,950.2931289595862
spot 3,1327.4182788525684,954.5297925567074
spot 3,1328.8192128085389,958.6175276166272
spot 3,1330.2201467645095,962.5490634241063
spot 3,1331.6210807204802,966.3173432502751
spot 3,1333.022014676451,969.9155454415627
spot 3,1334.4229486324216,973.3371039990411
spot 3,1335.8238825883923,976.5757285621497
spot 3,1337.224816544363,979.625423712556
spot 3,1338.6257505003337,982.4805075161424
spot 3,1340.0266844563043,985.1356292238296
spot 3,1341.4276184122748,987.5857860550776
spot 3,1342.8285523682455,989.8263389914974
spot 3,1344.2294863242162,991.853027511977
spot 3,1345.6304202801866,993.6619832051293
spot 3,1347.0313542361573,995.2497421996065
spot 3,1348.432288192128,996.6132563579215
spot 3,1349.8332221480987,997.7499031848525
spot 3,1351.2341561040694,998.6574944071881
spot 3,1352.63509006004,999.3342831875433
spot 3,1354.0360240160107,999.7789699411612
spot 3,1355.4369579719814,999.9907067309798
spot 3,1356.8378919279521,999.9691002227713
spot 3,1358.2388258839226,999.714213188797
spot 3,1359.6397598398933,999.2265645551289
spot 3,1361.040693795864,998.5071279945433
spot 3,1362.4416277518344,997.5573290736281
spot 3,1363.842561707805,996.3790409694541
spot 3,1365.2434956637758,994.9745787777788
spot 3,1366.6444296197465,993.3466924412505
spot 3,1368.0453635757171,991.4985583324227
spot 3,1369.4462975316878,989.433769532537
spot 3,1370.8472314876585,987.1563248529504
spot 3,1372.2481654436292,984.6706166517343
spot 3,1373.6490993995997,981.9814175033285
spot 3,1375.0500333555703,979.0938657841646
spot 3,1376.450967311541,976.0134502418522
spot 3,1377.8519012675115,972.7459936198084
spot 3,1379.2528352234822,969.2976354131057
spot 3,1380.6537691794529,965.6748138347928
spot 3,1382.0547031354236,961.8842470749444
spot 3,1383.4556370913942,957.9329139372923
spot 3,1384.856571047365,953.8280339403702
spot 3,1386.2575050033356,949.5770469717421
spot 3,1387.6584389593063,945.187592585011
spot 3,1389.059372915277,940.6674890299697
spot 3,1390.4603068712474,936.0247121064134
spot 3,1391.8612408272181,931.2673739318132
spot 3,1393.2621747831888,926.4037017122722
spot 3,1394.6631087391593,921.4420166048932
spot 3,1396.06404269513,916.3907127579832
spot 3,1397.4649766511006,911.2582366133582
spot 3,1398.8659106070713,906.0530665523899
spot 3,1400.266844563042,900.783692964464
spot 3,1401.6677785190127,895.4585988131075
spot 3,1403.0687124749834,890.0862407712923
spot 3,1404.469646430954,884.6750309933274
spot 3,1405.8705803869248,879.233319586336
spot 3,1407.2715143428952,873.7693778396201
spot 3,1408.672448298866,868.2913822652497
spot 3,1410.0733822548366,862.8073994980563
spot 3,1411.474316210807,857.32537209779
spot 3,1412.8752501667777,851.8531052906894
spot 3,1414.2761841227484,846.3982546820265
spot 3,1415.677118078719,840.9683149653893
spot 3,1417.0780520346898,835.5706096486424
spot 3,1418.4789859906605,830.2122818106022
spot 3,1419.8799199466312,824.9002858965754
spot 3,1421.2808539026018,819.6413805550459
spot 3,1422.6817878585723,814.4421225119826
spot 3,1424.082721814543,809.3088614735134
spot 3,1425.4836557705137,804.2477360421212
spot 3,1426.8845897264844,799.2646706260233
spot 3,1428.285523682455,794.3653733161319
spot 3,1429.6864576384255,789.555334699881
spot 3,1431.0873915943962,784.8398275763279
spot 3,1432.4883255503669,780.2239075323224
spot 3,1433.8892595063376,775.7124143351442
spot 3,1435.2901934623083,771.3099740929571
spot 3,1436.691127418279,767.0210021306343
spot 3,1438.0920613742494,762.8497065250707
spot 3,1439.49299533022,758.8000922409694
spot 3,1440.8939292861908,754.8759658053506
spot 3,1442.2948632421615,751.0809404566011
spot 3,1443.6957971981321,747.418441701895
spot 3,1445.0967311541028,743.8917132151546
spot 3,1446.4976651100733,740.5038230064895
spot 3,1447.898599066044,737.2576697931971
spot 3,1449.2995330220147,734.1559895019773
spot 3,1450.7004669779853,731.2013618319604
spot 3,1452.101400933956,728.3962168085363
spot 3,1453.5023348899265,725.7428412587334
spot 3,1454.9032688458972,723.2433851400912
spot 3,1456.3042028018679,720.8998676565484
spot 3,1457.7051367578385,718.7141830968442
spot 3,1459.1060707138092,716.6881063333068
spot 3,1460.50700466978,714.823297921649
spot 3,1461.9079386257504,713.1213087455119
spot 3,1463.308872581721,711.5835841529739
spot 3,1464.7098065376917,710.2114675360783
spot 3,1466.1107404936624,709.0062033085698
spot 3,1467.5116744496331,707.9689392415212
spot 3,1468.9126084056038,707.1007281212783
spot 3,1470.3135423615743,706.4025286992012
spot 3,1471.714476317545,705.8752059079688
spot 3,1473.1154102735156,705.5195303247399
spot 3,1474.5163442294863,705.3361768671846
spot 3,1475.917278185457,705.3257227143137
spot 3,1477.3182121414277,705.4886444500789
spot 3,1478.7191460973982,705.8253144338969
spot 3,1480.1200800533688,706.3359964085029
spot 3,1481.5210140093395,707.0208403618637
spot 3,1482.9219479653102,707.8798766662043
spot 3,1484.322881921281,708.9130095235278
spot 3,1485.7238158772516,710.1200097532751
spot 3,1487.124749833222,711.5005069639408
spot 3,1488.5256837891927,713.0539811565163
spot 3,1489.9266177451634,714.7797538135054
spot 3,1491.327551701134,716.6769785329323
spot 3,1492.7284856571048,718.7446312721845
spot 3,1494.1294196130755,720.9815002716713
spot 3,1495.530353569046,723.386175733084
spot 3,1496.9312875250166,725.9570393314967
spot 3,1498.3322214809873,728.6922536445715
spot 3,1499.733155436958,731.5897515857471
spot 3,1501.1340893929287,734.6472259313961
spot 3,1502.5350233488994,737.8621190345542
spot 3,1503.9359573048698,741.2316128198887
spot 3,1505.3368912608405,744.7526191560725
spot 3,1506.7378252168112,748.4217707026144
spot 3,1508.1387591727819,752.2354123284907
spot 3,1509.5396931287526,756.1895931995327
spot 3,1510.940627084723,760.2800596305058
spot 3,1512.3415610406937,764.5022487961223
spot 3,1513.7424949966644,768.8512833928269
spot 3,1515.143428952635,773.3219673401577
spot 3,1516.5443629086058,777.9087826067121
spot 3,1517.9452968645764,782.6058872413319
spot 3,1519.346230820547,787.4071146850225
spot 3,1520.7471647765176,792.3059744333847
spot 3,1522.1480987324883,797.2956541129377
spot 3,1523.549032688459,802.3690230277663
spot 3,1524.9499666444297,807.5186372253376
spot 3,1526.3509006004003,812.7367461222623
spot 3,1527.7518345563708,818.0153007221874
spot 3,1529.1527685123415,823.3459634489765
spot 3,1530.5537024683122,828.7201196088928
spot 3,1531.9546364242829,834.1288904857603
spot 3,1533.3555703802535,839.5631480629971
spot 3,1534.7565043362242,845.0135313561698
spot 3,1536.1574382921947,850.4704643292918
spot 3,1537.5583722481654,855.9241753576032
spot 3,1538.959306204136,861.364718189041
spot 3,1540.3602401601067,866.7819943462079
spot 3,1541.7611741160774,872.1657769003175
spot 3,1543.162108072048,877.5057355385345
spot 3,1544.5630420280186,882.7914628363384
spot 3,1545.9639759839893,888.0125016371318
spot 3,1547.36490993996,893.1583734323274
spot 3,1548.7658438959306,898.2186076267237
spot 3,1550.1667778519013,903.1827715660887
spot 3,1551.567711807872,908.0405011966702
spot 3,1552.9686457638425,912.7815322198611
spot 3,1554.3695797198131,917.3957315995281
spot 3,1555.7705136757838,921.8731292746161
spot 3,1557.1714476317545,926.2039499256541
spot 3,1558.5723815877252,930.3786446406765
spot 3,1559.9733155436957,934.3879223239577
spot 3,1561.3742494996663,938.22278068981
spot 3,1562.775183455637,941.8745366835427
spot 3,1564.1761174116077,945.334856172587
spot 3,1565.5770513675784,948.5957827526746
spot 3,1566.977985323549,951.6497655169071
spot 3,1568.3789192795196,954.4896856394982
spot 3,1569.7798532354902,957.1088816309216
spot 3,1571.180787191461,959.5011731271047
spot 3,1572.5817211474316,961.6608830821881
spot 3,1573.9826551034023,963.5828582421011
spot 3,1575.383589059373,965.2624877848215
spot 3,1576.7845230153434,966.6957200225762
spot 3,1578.1854569713141,967.8790770713711
spot 3,1579.5863909272848,968.8096674040128
spot 3,1580.9873248832555,969.4851962141822
spot 3,1582.3882588392262,969.9039735309818
spot 3,1583.7891927951969,970.0649200357077
spot 3,1585.1901267511673,969.9675705452407
spot 3,1586.591060707138,969.6120751393586
spot 3,1587.9919946631087,968.9991979223262
spot 3,1589.3929286190794,968.1303134222555
spot 3,1590.79386257505,967.0074006448264
spot 3,1592.1947965310208,965.6330348109352
spot 3,1593.5957304869912,964.0103768206174
spot 3,1594.996664442962,962.1431604980489
spot 3,1596.3975983989326,960.0356776845179
spot 3,1597.7985323549033,957.6927612578572
spot 3,1599.199466310874,955.1197661678895
spot 3,1600.6004002668446,952.3225485878554
spot 3,1602.001334222815,949.3074432915301
spot 3,1603.4022681787858,946.0812393746959
spot 3,1604.8032021347565,942.6511544477944
spot 3,1606.2041360907272,939.0248074338535
spot 3,1607.6050700466978,935.2101901121621
spot 3,1609.0060040026685,931.2156375535828
spot 3,1610.406937958639,927.0497975978408
spot 3,1611.8078719146097,922.721599526571
spot 3,1613.2088058705804,918.2402220883733
spot 3,1614.609739826551,913.6150610335233
spot 3,1616.0106737825217,908.855696316447
spot 3,1617.4116077384922,903.9718591234866
spot 3,1618.8125416944629,898.9733988819321
spot 3,1620.2134756504336,893.8702504038322
spot 3,1621.6144096064043,888.6724013146535
spot 3,1623.015343562375,883.3898599126101
spot 3,1624.4162775183456,878.0326235993595
spot 3,1625.817211474316,872.6106480168805
spot 3,1627.2181454302868,867.1338170187406
spot 3,1628.6190793862575,861.6119135967109
spot 3,1630.0200133422281,856.0545918758066
spot 3,1631.4209472981988,850.4713502824729
spot 3,1632.8218812541695,844.8715059817862
spot 3,1634.22281521014,839.2641706703325
spot 3,1635.6237491661107,833.658227801885
spot 3,1637.0246831220813,828.0623113132708
spot 3,1638.425617078052,822.4847859078625
spot 3,1639.8265510340227,816.9337289441573
spot 3,1641.2274849899934,811.4169139668728
spot 3,1642.6284189459639,805.9417959080292
spot 3,1644.0293529019345,800.5154979756476
spot 3,1645.4302868579052,795.14480023806
spot 3,1646.831220813876,789.836129902399
spot 3,1648.2321547698466,784.5955532767749
spot 3,1649.6330887258173,779.4287693968976
spot 3,1651.0340226817877,774.3411052895876
spot 3,1652.4349566377584,769.3375128377484
spot 3,1653.8358905937291,764.4225672040122
spot 3,1655.2368245496998,759.6004667633949
spot 3,1656.6377585056705,754.8750344890325
spot 3,1658.0386924616412,750.2497207293356
spot 3,1659.4396264176116,745.7276073097892
spot 3,1660.8405603735823,741.3114128881007
spot 3,1662.241494329553,737.0034994875293
spot 3,1663.6424282855237,732.8058801299176
spot 3,1665.0433622414944,728.7202274873144
spot 3,1666.444296197465,724.7478834690148
spot 3,1667.8452301534355,720.8898696593849
spot 3,1669.2461641094062,717.1468985209707
spot 3,1670.647098065377,713.5193852770866
spot 3,1672.0480320213476,710.0074603882897
spot 3,1673.4489659773183,706.6109825379122
spot 3,1674.8498999332887,703.3295520430356
spot 3,1676.2508338892594,700.1625246089839
spot 3,1677.65176784523,697.1090253475124
spot 3,1679.0527018012008,694.1679629813564
spot 3,1680.4536357571715,691.3380441606505
spot 3,1681.8545697131422,688.6177878198811
spot 3,1683.2555036691126,686.0055395074611
spot 3,1684.6564376250833,683.4994856236872
spot 3,1686.057371581054,681.0976675067138
spot 3,1687.4583055370247,678.7979953101975
spot 3,1688.8592394929954,676.5982616204376
spot 3,1690.260173448966,674.4961547650876
spot 3,1691.6611074049365,672.4892717698145
spot 3,1693.0620413609072,670.575130923627
spot 3,1694.4629753168779,668.7511839179142
spot 3,1695.8639092728486,667.0148275285313
spot 3,1697.2648432288192,665.363414814497
spot 3,1698.66577718479,663.794265811011
spot 3,1700.0667111407604,662.3046776985267
spot 3,1701.467645096731,660.891934433512
spot 3,1702.8685790527018,659.5533158302829
spot 3,1704.2695130086724,658.2861060868656
spot 3,1705.6704469646431,657.0876017512476
spot 3,1707.0713809206138,655.9551191275846
spot 3,1708.4723148765843,654.8860011249254
spot 3,1709.873248832555,653.8776235538179
spot 3,1711.2741827885256,652.9274008787309
spot 3,1712.6751167444963,652.0327914365872
spot 3,1714.076050700467,651.1913021338415
spot 3,1715.4769846564377,650.400492636451
spot 3,1716.8779186124082,649.6579790687936
spot 3,1718.2788525683789,648.9614372390643
spot 3,1719.6797865243495,648.3086054099641
spot 3,1721.0807204803202,647.6972866345604
spot 3,1722.481654436291,647.1253506780758
spot 3,1723.8825883922616,646.5907355470475
spot 3,1725.283522348232,646.0914486478066
spot 3,1726.6844563042027,645.6255675965602
spot 3,1728.0853902601734,645.1912407035435
spot 3,1729.486324216144,644.786687153726
spot 3,1730.8872581721148,644.4101969064601
spot 3,1732.2881921280853,644.0601303362117
spot 3,1733.689126084056,643.7349176361698
spot 3,1735.0900600400266,643.4330580060716
spot 3,1736.4909939959973,643.1531186450353
spot 3,1737.891927951968,642.8937335695582
spot 3,1739.2928619079387,642.6536022761437
spot 3,1740.6937958639091,642.4314882672519
spot 3,1742.0947298198798,642.2262174584629
spot 3,1743.4956637758505,642.0366764838884
spot 3,1744.8965977318212,641.861810915979
spot 3,1746.297531687792,641.7006234149734
spot 3,1747.6984656437626,641.5521718223087
spot 3,1749.099399599733,641.4155672113857
spot 3,1750.5003335557037,641.2899719081485
spot 3,1751.9012675116744,641.1745974930154
spot 3,1753.302201467645,641.0687027947881
spot 3,1754.7031354236158,640.9715918862623
spot 3,1756.1040693795865,640.8826120903966
spot 3,1757.505003335557,640.8011520050392
spot 3,1758.9059372915276,640.7266395533961
spot 3,1760.3068712474983,640.6585400666315
spot 3,1761.707805203469,640.5963544042364
spot 3,1763.1087391594397,640.5396171170835
spot 3,1764.5096731154104,640.4878946574014
spot 3,1765.9106070713808,640.4407836392609
spot 3,1767.3115410273515,640.397909152559
spot 3,1768.7124749833222,640.3589231329239
spot 3,1770.1134089392929,640.3235027894378
spot 3,1771.5143428952636,640.2913490915909
spot 3,1772.9152768512342,640.2621853164285
spot 3,1774.3162108072047,640.2357556564519
spot 3,1775.7171447631754,640.2118238884541
spot 3,1777.118078719146,640.1901721031389
spot 3,1778.5190126751168,640.1705994950738
spot 3,1779.9199466310874,640.1529212122513
spot 3,1781.320880587058,640.1369672643032
spot 3,1782.7218145430286,640.1225814882013
spot 3,1784.1227484989993,640.1096205701016
spot 3,1785.52368245497,640.0979531218358
spot 3,1786.9246164109406,640.0874588104248
spot 3,1788.3255503669113,640.0780275388901
spot 3,1789.7264843228818,640.0695586765465
spot 3,1791.1274182788525,640.0619603369065
spot 3,1792.5283522348232,640.0551487012727
spot 3,1793.9292861907938,640.0490473860697
spot 3,1795.3302201467645,640.0435868519502
spot 3,1796.7311541027352,640.0387038527124
spot 3,1798.1320880587057,640.0343409220686
spot 3,1799.5330220146764,640.0304458963358
spot 3,1800.933955970647,640.0269714711392
spot 3,1802.3348899266177,640.0238747902662
spot 3,1803.7358238825884,640.021117064845
spot 3,1805.136757838559,640.01866322108
spot 3,1806.5376917945296,640.0164815748245
spot 3,1807.9386257505003,640.0145435313339
spot 3,1809.339559706471,640.0128233086056
spot 3,1810.7404936624416,640.0112976827717
spot 3,1812.1414276184123,640.0099457540787
spot 3,1813.542361574383,640.0087487320566
spot 3,1814.9432955303535,640.0076897385435
spot 3,1816.3442294863241,640.0067536273002
spot 3,1817.7451634422948,640.0059268190167
spot 3,1819.1460973982655,640.0051971505754
spot 3,1820.5470313542362,640.0045537375029
spot 3,1821.9479653102069,640.0039868486006
spot 3,1823.3488992661773,640.0034877918125
spot 3,1824.749833222148,640.0030488104379
spot 3,1826.1507671781187,640.0026629888623
spot 3,1827.5517011340894,640.0023241670305
spot 3,1828.95263509006,640.0020268629357
spot 3,1830.3535690460308,640.0017662024569
spot 3,1831.7545030020012,640.0015378559127
spot 3,1833.155436957972,640.0013379807579
spot 3,1834.5563709139426,640.0011631698787
spot 3,1835.9573048699133,640.0010104049974
spot 3,1837.358238825884,640.0008770147195
spot 3,1838.7591727818544,640.0007606368091
spot 3,1840.1601067378251,640.0006591842961
spot 3,1841.5610406937958,640.0005708150637
spot 3,1842.9619746497665,640.0004939045843
spot 3,1844.3629086057372,640.0004270215059
spot 3,1845.7638425617079,640.0003689058115
spot 3,1847.1647765176783,640.0003184493044
spot 3,1848.565710473649,640.0002746781863
spot 3,1849.9666444296197,640.0002367375214
spot 3,1851.3675783855904,640.000203877397
spot 3,1852.768512341561,640.0001754406076
spot 3,1854.1694462975317,640.0001508517053
spot 3,1855.5703802535022,640.0001296072762
spot 3,1856.971314209473,640.0001112673135
spot 3,1858.3722481654436,640.0000954475707
spot 3,1859.7731821214143,640.0000818127924
spot 3,1861.174116077385,640.0000700707249
spot 3,1862.5750500333556,640.0000599668261
spot 3,1863.975983989326,640.0000512795938
spot 3,1865.3769179452968,640.0000438164458
spot 3,1866.7778519012675,640.000037410092
spot 3,1868.1787858572382,640.0000319153392
spot 3,1869.5797198132088,640.000027206283
spot 3,1870.9806537691795,640.0000231738406
spot 3,1872.38158772515,640.0000197235861
spot 3,1873.7825216811207,640.0000167738518
spot 3,1875.1834556370914,640.0000142540666
spot 3,1876.584389593062,640.0000121033007
spot 3,1877.9853235490327,640.0000102689946
spot 3,1879.3862575050034,640.000008705848
spot 3,1880.7871914609739,640.0000073748519
spot 3,1882.1881254169446,640.0000062424429
spot 3,1883.5890593729152,640.0000052797689
spot 3,1884.989993328886,640.0000044620487
spot 3,1886.3909272848566,640.0000037680161
spot 3,1887.7918612408273,640.0000031794373
spot 3,1889.1927951967978,640.0000026806914
spot 3,1890.5937291527684,640.0000022584082
spot 3,1891.9946631087391,640.0000019011533
spot 3,1893.3955970647098,640.0000015991562
spot 3,1894.7965310206805,640.0000013440756
spot 3,1896.197464976651,640.0000011287963
spot 3,1897.5983989326216,640.0000009472541
spot 3,1898.9993328885923,640.0000007942851
spot 3,1900.400266844563,640.000000665496
spot 3,1901.8012008005337,640.0000005571519
spot 3,1903.2021347565044,640.0000004660803
spot 3,1904.6030687124749,640.0000003895892
spot 3,1906.0040026684455,640.0000003253961
spot 3,1907.4049366244162,640.0000002715667
spot 3,1908.805870580387,640.0000002264644
spot 3,1910.2068045363576,640.0000001887046
spot 3,1911.6077384923283,640.0000001571173
spot 3,1913.0086724482987,640.0000001307147
spot 3,1914.4096064042694,640.0000001086636
spot 3,1915.81054036024,640.0000000902616
spot 3,1917.2114743162108,640.000000074917
spot 3,1918.6124082721815,640.0000000621322
spot 3,1920.0133422281522,640.0000000514889
spot 3,1921.4142761841226,640.0000000426352
spot 3,1922.8152101400933,640.0000000352762
spot 3,1924.216144096064,640.0000000291645
spot 3,1925.6170780520347,640.0000000240927
spot 3,1927.0180120080054,640.0000000198875
spot 3,1928.418945963976,640.0000000164032
spot 3,1929.8198799199465,640.0000000135188
spot 3,1931.2208138759172,640.0000000111329
spot 3,1932.621747831888,640.0000000091608
spot 3,1934.0226817878586,640.0000000075322
spot 3,1935.4236157438293,640.0000000061882
spot 3,1936.8245496998,640.0000000050801
spot 3,1938.2254836557704,640.0000000041671
spot 3,1939.626417611741,640.0000000034155
spot 3,1941.0273515677118,640.0000000027973
spot 3,1942.4282855236825,640.0000000022892
spot 3,1943.8292194796531,640.0000000018719
spot 3,1945.2301534356236,640.0000000015294
spot 3,1946.6310873915943,640.0000000012487
spot 3,1948.032021347565,640.0000000010186
spot 3,1949.4329553035357,640.0000000008304
spot 3,1950.8338892595063,640.0000000006763
spot 3,1952.234823215477,640.0000000005505
spot 3,1953.6357571714475,640.0000000004477
spot 3,1955.0366911274182,640.0000000003638
spot 3,1956.4376250833889,640.0000000002954
spot 3,1957.8385590393596,640.0000000002397
spot 3,1959.2394929953302,640.0000000001943
spot 3,1960.640426951301,640.0000000001573
spot 3,1962.0413609072714,640.0000000001273
spot 3,1963.442294863242,640.000000000103
spot 3,1964.8432288192128,640.0000000000832
spot 3,1966.2441627751834,640.0000000000672
spot 3,1967.6450967311541,640.0000000000542
spot 3,1969.0460306871248,640.0000000000438
spot 3,1970.4469646430953,640.0000000000352
spot 3,1971.847898599066,640.0000000000283
spot 3,1973.2488325550366,640.0000000000229
spot 3,1974.6497665110073,640.0000000000183
spot 3,1976.050700466978,640.0000000000147
spot 3,1977.4516344229487,640.0000000000118
spot 3,1978.8525683789192,640.0000000000094
spot 3,1980.2535023348898,640.0000000000076
spot 3,1981.6544362908605,640.000000000006
spot 3,1983.0553702468312,640.0000000000049
spot 3,1984.456304202802,640.0000000000039
spot 3,1985.8572381587726,640.0000000000031
spot 3,1987.258172114743,640.0000000000025
spot 3,1988.6591060707137,640.0000000000019
spot 3,1990.0600400266844,640.0000000000016
spot 3,1991.460973982655,640.0000000000013
spot 3,1992.8619079386258,640.000000000001
spot 3,1994.2628418945965,640.0000000000008
spot 3,1995.663775850567,640.0000000000007
spot 3,1997.0647098065376,640.0000000000005
spot 3,1998.4656437625083,640.0000000000003
spot 3,1999.866577718479,640.0000000000003
spot 3,2001.2675116744497,640.0000000000002
spot 3,2002.6684456304201,640.0000000000002
spot 3,2004.0693795863908,640.0000000000001
spot 3,2005.4703135423615,640.0000000000001
spot 3,2006.8712474983322,640.0000000000001
spot 3,2008.2721814543029,640.0000000000001
spot 3,2009.6731154102736,640.0000000000001
spot 3,2011.074049366244,640.0
spot 3,2012.4749833222147,640.0
spot 3,2013.8759172781854,640.0
spot 3,2015.276851234156,640.0
spot 3,2016.6777851901268,640.0
spot 3,2018.0787191460975,640.0
spot 3,2019.479653102068,640.0
spot 3,2020.8805870580386,640.0
spot 3,2022.2815210140093,640.0
spot 3,2023.68245496998,640.0
spot 3,2025.0833889259507,640.0
spot 3,2026.4843228819213,640.0
spot 3,2027.8852568378918,640.0
spot 3,2029.2861907938625,640.0
spot 3,2030.6871247498332,640.0
spot 3,2032.0880587058039,640.0
spot 3,2033.4889926617745,640.0
spot 3,2034.8899266177452,640.0
spot 3,2036.2908605737157,640.0
spot 3,2037.6917945296864,640.0
spot 3,2039.092728485657,640.0
spot 3,2040.4936624416277,640.0
spot 3,2041.8945963975984,640.0
spot 3,2043.2955303535691,640.0
spot 3,2044.6964643095396,640.0
spot 3,2046.0973982655103,640.0
spot 3,2047.498332221481,640.0
spot 3,2048.899266177452,640.0
spot 3,2050.3002001334225,640.0
spot 3,2051.7011340893932,640.0
spot 3,2053.1020680453635,640.0
spot 3,2054.503002001334,640.0
spot 3,2055.903935957305,640.0
spot 3,2057.3048699132755,640.0
spot 3,2058.705803869246,640.0
spot 3,2060.1067378252164,640.0
spot 3,2061.507671781187,640.0
spot 3,2062.908605737158,640.0
spot 3,2064.3095396931285,640.0
spot 3,2065.710473649099,640.0
spot 3,2067.11140760507,640.0
spot 3,2068.5123415610406,640.0
spot 3,2069.9132755170112,640.0
spot 3,2071.314209472982,640.0
spot 3,2072.7151434289526,640.0
spot 3,2074.1160773849233,640.0
spot 3,2075.517011340894,640.0
spot 3,2076.9179452968647,640.0
spot 3,2078.3188792528354,640.0
spot 3,2079.719813208806,640.0
spot 3,2081.1207471647767,640.0
spot 3,2082.5216811207474,640.0
spot 3,2083.922615076718,640.0
spot 3,2085.3235490326883,640.0
spot 3,2086.724482988659,640.0
spot 3,2088.1254169446297,640.0
spot 3,2089.5263509006004,640.0
spot 3,2090.927284856571,640.0
spot 3,2092.3282188125418,640.0
spot 3,2093.729152768512,640.0
spot 3,2095.1300867244827,640.0
spot 3,2096.5310206804534,640.0
spot 3,2097.931954636424,640.0
spot 3,2099.3328885923947,640.0
spot 3,2100.7338225483654,640.0
spot 3,2102.134756504336,640.0
spot 3,2103.535690460307,640.0
spot 3,2104.9366244162775,640.0
spot 3,2106.337558372248,640.0
spot 3,2107.738492328219,640.0
spot 3,2109.1394262841895,640.0
spot 3,2110.54036024016,640.0
spot 3,2111.941294196131,640.0
spot 3,2113.3422281521016,640.0
spot 3,2114.7431621080723,640.0
spot 3,2116.144096064043,640.0
spot 3,2117.545030020013,640.0
spot 3,2118.945963975984,640.0
spot 3,2120.3468979319546,640.0
spot 3,2121.7478318879253,640.0
spot 3,2123.148765843896,640.0
spot 3,2124.5496997998666,640.0
spot 3,2125.950633755837,640.0
spot 3,2127.3515677118075,640.0
spot 3,2128.7525016677782,640.0
spot 3,2130.153435623749,640.0
spot 3,2131.5543695797196,640.0
spot 3,2132.9553035356903,640.0
spot 3,2134.356237491661,640.0
spot 3,2135.7571714476317,640.0
spot 3,2137.1581054036023,640.0
spot 3,2138.559039359573,640.0
spot 3,2139.9599733155437,640.0
spot 3,2141.3609072715144,640.0
spot 3,2142.761841227485,640.0
spot 3,2144.162775183456,640.0
spot 3,2145.5637091394265,640.0
spot 3,2146.964643095397,640.0
spot 3,2148.365577051368,640.0
spot 3,2149.7665110073385,640.0
spot 3,2151.1674449633088,640.0
spot 3,2152.5683789192794,640.0
spot 3,2153.96931287525,640.0
spot 3,2155.370246831221,640.0
spot 3,2156.7711807871915,640.0
spot 3,2158.172114743162,640.0
spot 3,2159.5730486991324,640.0
spot 3,2160.973982655103,640.0
spot 3,2162.374916611074,640.0
spot 3,2163.7758505670445,640.0
spot 3,2165.176784523015,640.0
spot 3,2166.577718478986,640.0
spot 3,2167.9786524349565,640.0
spot 3,2169.379586390927,640.0
spot 3,2170.780520346898,640.0
spot 3,2172.1814543028686,640.0
spot 3,2173.5823882588393,640.0
spot 3,2174.98332221481,640.0
spot 3,2176.3842561707806,640.0
spot 3,2177.7851901267513,640.0
spot 3,2179.186124082722,640.0
spot 3,2180.5870580386927,640.0
spot 3,2181.9879919946634,640.0
spot 3,2183.3889259506336,640.0
spot 3,2184.7898599066043,640.0
spot 3,2186.190793862575,640.0
spot 3,2187.5917278185457,640.0
spot 3,2188.9926617745164,640.0
spot 3,2190.393595730487,640.0
spot 3,2191.7945296864573,640.0
spot 3,2193.195463642428,640.0
spot 3,2194.5963975983987,640.0
spot 3,2195.9973315543693,640.0
spot 3,2197.39826551034,640.0
spot 3,2198.7991994663107,640.0
spot 3,2200.2001334222814,640.0
spot 3,2201.601067378252,640.0
spot 3,2203.0020013342228,640.0
spot 3,2204.4029352901935,640.0
spot 3,2205.803869246164,640.0
spot 3,2207.204803202135,640.0
spot 3,2208.6057371581055,640.0
spot 3,2210.006671114076,640.0
spot 3,2211.407605070047,640.0
spot 3,2212.8085390260176,640.0
spot 3,2214.2094729819883,640.0
spot 3,2215.610406937959,640.0
spot 3,2217.011340893929,640.0
spot 3,2218.4122748499,640.0
spot 3,2219.8132088058705,640.0
spot 3,2221.2141427618412,640.0
spot 3,2222.615076717812,640.0
spot 3,2224.016010673782,640.0
spot 3,2225.416944629753,640.0
spot 3,2226.8178785857235,640.0
spot 3,2228.218812541694,640.0
spot 3,2229.619746497665,640.0
spot 3,2231.0206804536356,640.0
spot 3,2232.4216144096063,640.0
spot 3,2233.822548365577,640.0
spot 3,2235.2234823215476,640.0
spot 3,2236.6244162775183,640.0
spot 3,2238.025350233489,640.0
spot 3,2239.4262841894597,640.0
spot 3,2240.8272181454304,640.0
spot 3,2242.228152101401,640.0
spot 3,2243.6290860573718,640.0
spot 3,2245.0300200133424,640.0
spot 3,2246.430953969313,640.0
spot 3,2247.831887925284,640.0
spot 3,2249.232821881254,640.0
spot 3,2250.6337558372247,640.0
spot 3,2252.0346897931954,640.0
spot 3,2253.435623749166,640.0
spot 3,2254.836557705137,640.0
spot 3,2256.2374916611075,640.0
spot 3,2257.6384256170777,640.0
spot 3,2259.0393595730484,640.0
spot 3,2260.440293529019,640.0
spot 3,2261.8412274849898,640.0
spot 3,2263.2421614409604,640.0
spot 3,2264.643095396931,640.0
spot 3,2266.044029352902,640.0
spot 3,2267.4449633088725,640.0
spot 3,2268.845897264843,640.0
spot 3,2270.246831220814,640.0
spot 3,2271.6477651767846,640.0
spot 3,2273.0486991327552,640.0
spot 3,2274.449633088726,640.0
spot 3,2275.8505670446966,640.0
spot 3,2277.2515010006673,640.0
spot 3,2278.652434956638,640.0
spot 3,2280.0533689126087,640.0
spot 3,2281.454302868579,640.0
spot 3,2282.8552368245496,640.0
spot 3,2284.2561707805203,640.0
spot 3,2285.657104736491,640.0
spot 3,2287.0580386924617,640.0
spot 3,2288.4589726484323,640.0
spot 3,2289.8599066044026,640.0
spot 3,2291.2608405603733,640.0
spot 3,2292.661774516344,640.0
spot 3,2294.0627084723146,640.0
spot 3,2295.4636424282853,640.0
spot 3,2296.864576384256,640.0
spot 3,2298.2655103402267,640.0
spot 3,2299.6664442961974,640.0
spot 3,2301.067378252168,640.0
spot 3,2302.4683122081387,640.0
spot 3,2303.8692461641094,640.0
spot 3,2305.27018012008,640.0
spot 3,2306.671114076051,640.0
spot 3,2308.0720480320215,640.0
spot 3,2309.472981987992,640.0
spot 3,2310.873915943963,640.0
spot 3,2312.2748498999335,640.0
spot 3,2313.6757838559042,640.0
spot 3,2315.0767178118745,640.0
spot 3,2316.477651767845,640.0
spot 3,2317.878585723816,640.0
spot 3,2319.2795196797865,640.0
spot 3,2320.680453635757,640.0
spot 3,2322.081387591728,640.0
spot 3,2323.482321547698,640.0
spot 3,2324.883255503669,640.0
spot 3,2326.2841894596395,640.0
spot 3,2327.68512341561,640.0
spot 3,2329.086057371581,640.0
spot 3,2330.4869913275516,640.0
spot 3,2331.8879252835222,640.0
spot 3,2333.288859239493,640.0
spot 3,2334.6897931954636,640.0
spot 3,2336.0907271514343,640.0
spot 3,2337.491661107405,640.0
spot 3,2338.8925950633757,640.0
spot 3,2340.2935290193464,640.0
spot 3,2341.694462975317,640.0
spot 3,2343.0953969312877,640.0
spot 3,2344.4963308872584,640.0
spot 3,2345.897264843229,640.0
spot 3,2347.2981987991993,640.0
spot 3,2348.69913275517,640.0
spot 3,2350.1000667111407,640.0
spot 3,2351.5010006671114,640.0
spot 3,2352.901934623082,640.0
spot 3,2354.3028685790528,640.0
spot 3,2355.703802535023,640.0
spot 3,2357.1047364909937,640.0
spot 3,2358.5056704469644,640.0
spot 3,2359.906604402935,640.0
spot 3,2361.3075383589057,640.0
spot 3,2362.7084723148764,640.0
spot 3,2364.109406270847,640.0
spot 3,2365.510340226818,640.0
spot 3,2366.9112741827885,640.0
spot 3,2368.312208138759,640.0
spot 3,2369.71314209473,640.0
spot 3,2371.1140760507005,640.0
spot 3,2372.515010006671,640.0
spot 3,2373.915943962642,640.0
spot 3,2375.3168779186126,640.0
spot 3,2376.7178118745833,640.0
spot 3,2378.118745830554,640.0
spot 3,2379.5196797865246,640.0
spot 3,2380.920613742495,640.0
spot 3,2382.3215476984656,640.0
spot 3,2383.7224816544363,640.0
spot 3,2385.123415610407,640.0
spot 3,2386.5243495663776,640.0
spot 3,2387.925283522348,640.0
spot 3,2389.3262174783185,640.0
spot 3,2390.727151434289,640.0
spot 3,2392.12808539026,640.0
spot 3,2393.5290193462306,640.0
spot 3,2394.9299533022013,640.0
spot 3,2396.330887258172,640.0
spot 3,2397.7318212141427,640.0
spot 3,2399.1327551701133,640.0
spot 3,2400.533689126084,640.0
spot 3,2401.9346230820547,640.0
spot 3,2403.3355570380254,640.0
spot 3,2404.736490993996,640.0
spot 3,2406.1374249499668,640.0
spot 3,2407.5383589059375,640.0
spot 3,2408.939292861908,640.0
spot 3,2410.340226817879,640.0
spot 3,2411.7411607738495,640.0
spot 3,2413.1420947298197,640.0
spot 3,2414.5430286857904,640.0
spot 3,2415.943962641761,640.0
spot 3,2417.344896597732,640.0
spot 3,2418.7458305537025,640.0
spot 3,2420.146764509673,640.0
spot 3,2421.5476984656434,640.0
spot 3,2422.948632421614,640.0
spot 3,2424.349566377585,640.0
spot 3,2425.7505003335555,640.0
spot 3,2427.151434289526,640.0
spot 3,2428.552368245497,640.0
spot 3,2429.9533022014675,640.0
spot 3,2431.354236157438,640.0
spot 3,2432.755170113409,640.0
spot 3,2434.1561040693796,640.0
spot 3,2435.5570380253503,640.0
spot 3,2436.957971981321,640.0
spot 3,2438.3589059372916,640.0
spot 3,2439.7598398932623,640.0
spot 3,2441.160773849233,640.0
spot 3,2442.5617078052037,640.0
spot 3,2443.9626417611744,640.0
spot 3,2445.3635757171446,640.0
spot 3,2446.7645096731153,640.0
spot 3,2448.165443629086,640.0
spot 3,2449.5663775850567,640.0
spot 3,2450.9673115410274,640.0
spot 3,2452.368245496998,640.0
spot 3,2453.7691794529687,640.0
spot 3,2455.1701134089394,640.0
spot 3,2456.57104736491,640.0
spot 3,2457.9719813208803,640.0
spot 3,2459.372915276851,640.0
spot 3,2460.7738492328217,640.0
spot 3,2462.1747831887924,640.0
spot 3,2463.575717144763,640.0
spot 3,2464.9766511007338,640.0
spot 3,2466.3775850567044,640.0
spot 3,2467.778519012675,640.0
spot 3,2469.179452968646,640.0
spot 3,2470.5803869246165,640.0
spot 3,2471.981320880587,640.0
spot 3,2473.382254836558,640.0
spot 3,2474.783188792528,640.0
spot 3,2476.184122748499,640.0
spot 3,2477.5850567044695,640.0
spot 3,2478.98599066044,640.0
spot 3,2480.386924616411,640.0
spot 3,2481.7878585723815,640.0
spot 3,2483.188792528352,640.0
spot 3,2484.589726484323,640.0
spot 3,2485.9906604402936,640.0
spot 3,2487.3915943962643,640.0
spot 3,2488.792528352235,640.0
spot 3,2490.1934623082057,640.0
spot 3,2491.594396264176,640.0
spot 3,2492.9953302201466,640.0
spot 3,2494.3962641761173,640.0
spot 3,2495.797198132088,640.0
spot 3,2497.1981320880586,640.0
spot 3,2498.5990660440293,640.0
spot 3,2500.0,640.0
spot 4,400.0,820.0
spot 4,401.40093395597063,820.0
spot 4,402.8018679119413,820.0
spot 4,404.20280186791194,820.0
spot 4,405.6037358238826,820.0
spot 4,407.00466977985326,820.0
spot 4,408.4056037358239,820.0
spot 4,409.8065376917945,820.0
spot 4,411.2074716477652,820.0
spot 4,412.60840560373583,820.0
spot 4,414.00933955970646,820.0
spot 4,415.4102735156771,820.0
spot 4,416.8112074716478,820.0
spot 4,418.2121414276184,820.0
spot 4,419.61307538358903,820.0
spot 4,421.0140093395597,820.0
spot 4,422.41494329553035,820.0
spot 4,423.815877251501,820.0
spot 4,425.21681120747166,820.0
spot 4,426.6177451634423,820.0
spot 4,428.0186791194129,820.0
spot 4,429.4196130753836,820.0
spot 4,430.82054703135424,820.0
spot 4,432.22148098732487,820.0
spot 4,433.62241494329555,820.0
spot 4,435.0233488992662,820.0
spot 4,436.4242828552368,820.0
spot 4,437.8252168112075,820.0
spot 4,439.2261507671781,820.0
spot 4,440.62708472314876,820.0
spot 4,442.02801867911944,820.0
spot 4,443.42895263509007,820.0
spot 4,444.8298865910607,820.0
spot 4,446.2308205470314,820.0
spot 4,447.631754503002,820.0
spot 4,449.03268845897264,820.0
spot 4,450.4336224149433,820.0
spot 4,451.83455637091396,820.0
spot 4,453.2354903268846,820.0
spot 4,454.6364242828552,820.0
spot 4,456.0373582388259,820.0
spot 4,457.43829219479653,820.0
spot 4,458.83922615076716,820.0
spot 4,460.24016010673785,820.0
spot 4,461.6410940627085,820.0
spot 4,463.0420280186791,820.0
spot 4,464.44296197464973,820.0
spot 4,465.8438959306204,820.0
spot 4,467.24482988659105,820.0
spot 4,468.6457638425617,820.0
spot 4,470.04669779853236,820.0
spot 4,471.447631754503,820.0
spot 4,472.8485657104736,820.0
spot 4,474.2494996664443,820.0
spot 4,475.65043362241494,820.0
spot 4,477.05136757838557,820.0
spot 4,478.45230153435625,820.0
spot 4,479.8532354903269,820.0
spot 4,481.2541694462975,820.0
spot 4,482.6551034022682,820.0
spot 4,484.0560373582388,820.0
spot 4,485.45697131420945,820.0
spot 4,486.85790527018014,820.0
spot 4,488.25883922615077,820.0
spot 4,489.6597731821214,820.0
spot 4,491.0607071380921,820.0
spot 4,492.4616410940627,820.0
spot 4,493.86257505003334,820.0
spot 4,495.263509006004,820.0
spot 4,496.66444296197466,820.0
spot 4,498.0653769179453,820.0
spot 4,499.466310873916,820.0
spot 4,500.8672448298866,820.0
spot 4,502.26817878585723,820.0
spot 4,503.6691127418279,820.0
spot 4,505.07004669779855,820.0
spot 4,506.4709806537692,820.0
spot 4,507.8719146097398,820.0
spot 4,509.2728485657105,820.0
spot 4,510.6737825216811,820.0
spot 4,512.0747164776518,820.0
spot 4,513.4756504336224,820.0
spot 4,514.8765843895931,820.0
spot 4,516.2775183455637,820.0
spot 4,517.6784523015343,820.0
spot 4,519.079386257505,820.0
spot 4,520.4803202134757,820.0
spot 4,521.8812541694463,820.0
spot 4,523.282188125417,820.0
spot 4,524.6831220813876,820.0
spot 4,526.0840560373582,820.0
spot 4,527.4849899933289,820.0
spot 4,528.8859239492995,820.0
spot 4,530.2868579052702,820.0
spot 4,531.6877918612408,820.0
spot 4,533.0887258172115,820.0
spot 4,534.4896597731821,820.0
spot 4,535.8905937291528,820.0
spot 4,537.2915276851234,820.0
spot 4,538.692461641094,820.0
spot 4,540.0933955970647,820.0
spot 4,541.4943295530354,820.0
spot 4,542.895263509006,820.0
spot 4,544.2961974649767,820.0
spot 4,545.6971314209472,820.0
spot 4,547.0980653769179,820.0
spot 4,548.4989993328886,820.0
spot 4,549.8999332888593,820.0
spot 4,551.3008672448299,820.0
spot 4,552.7018012008006,820.0
spot 4,554.1027351567711,820.0
spot 4,555.5036691127418,820.0
spot 4,556.9046030687125,820.0
spot 4,558.3055370246832,820.0
spot 4,559.7064709806538,820.0
spot 4,561.1074049366244,820.0
spot 4,562.508338892595,820.0
spot 4,563.9092728485657,820.0
spot 4,565.3102068045364,820.0
spot 4,566.711140760507,820.0
spot 4,568.1120747164777,820.0
spot 4,569.5130086724483,820.0
spot 4,570.9139426284189,820.0
spot 4,572.3148765843896,820.0
spot 4,573.7158105403603,820.0
spot 4,575.1167444963309,820.0
spot 4,576.5176784523015,820.0
spot 4,577.9186124082721,820.0
spot 4,579.3195463642428,820.0
spot 4,580.7204803202135,820.0
spot 4,582.1214142761842,820.0
spot 4,583.5223482321547,820.0
spot 4,584.9232821881254,820.0
spot 4,586.324216144096,820.0
spot 4,587.7251501000667,820.0
spot 4,589.1260840560374,820.0
spot 4,590.527018012008,820.0
spot 4,591.9279519679786,820.0
spot 4,593.3288859239493,820.0
spot 4,594.7298198799199,820.0
spot 4,596.1307538358906,820.0
spot 4,597.5316877918613,820.0
spot 4,598.932621747832,820.0
spot 4,600.3335557038025,820.0
spot 4,601.7344896597732,820.0
spot 4,603.1354236157438,820.0
spot 4,604.5363575717145,820.0
spot 4,605.9372915276851,820.0
spot 4,607.3382254836558,820.0
spot 4,608.7391594396264,820.0
spot 4,610.1400933955971,820.0
spot 4,611.5410273515677,820.0
spot 4,612.9419613075383,820.0
spot 4,614.342895263509,820.0
spot 4,615.7438292194796,820.0
spot 4,617.1447631754503,820.0
spot 4,618.545697131421,820.0
spot 4,619.9466310873916,820.0
spot 4,621.3475650433622,820.0
spot 4,622.7484989993329,820.0
spot 4,624.1494329553035,820.0
spot 4,625.5503669112742,820.0
spot 4,626.9513008672449,820.0
spot 4,628.3522348232154,820.0
spot 4,629.7531687791861,820.0
spot 4,631.1541027351568,820.0
spot 4,632.5550366911274,820.0
spot 4,633.9559706470981,820.0
spot 4,635.3569046030686,820.0
spot 4,636.7578385590393,820.0
spot 4,638.15877251501,820.0
spot 4,639.5597064709807,820.0
spot 4,640.9606404269513,820.0
spot 4,642.361574382922,820.0
spot 4,643.7625083388925,820.0
spot 4,645.1634422948632,820.0
spot 4,646.5643762508339,820.0
spot 4,647.9653102068046,820.0
spot 4,649.3662441627752,820.0
spot 4,650.7671781187458,820.0
spot 4,652.1681120747164,820.0
spot 4,653.5690460306871,820.0
spot 4,654.9699799866578,820.0
spot 4,656.3709139426285,820.0
spot 4,657.771847898599,820.0
spot 4,659.1727818545697,820.0
spot 4,660.5737158105403,820.0
spot 4,661.974649766511,820.0
spot 4,663.3755837224817,820.0
spot 4,664.7765176784524,820.0
spot 4,666.1774516344229,820.0
spot 4,667.5783855903935,820.0
spot 4,668.9793195463642,820.0
spot 4,670.3802535023349,820.0
spot 4,671.7811874583056,820.0
spot 4,673.1821214142763,820.0
spot 4,674.5830553702468,820.0
spot 4,675.9839893262174,820.0
spot 4,677.3849232821881,820.0
spot 4,678.7858572381588,820.0
spot 4,680.1867911941295,820.0
spot 4,681.5877251501001,820.0
spot 4,682.9886591060707,820.0
spot 4,684.3895930620413,820.0
spot 4,685.790527018012,820.0
spot 4,687.1914609739827,820.0
spot 4,688.5923949299533,820.0
spot 4,689.9933288859239,820.0
spot 4,691.3942628418946,820.0
spot 4,692.7951967978652,820.0
spot 4,694.1961307538359,820.0
spot 4,695.5970647098065,820.0
spot 4,696.9979986657772,820.0
spot 4,698.3989326217478,820.0
spot 4,699.7998665777185,820.0
spot 4,701.2008005336891,820.0
spot 4,702.6017344896597,820.0
spot 4,704.0026684456304,820.0
spot 4,705.4036024016011,820.0
spot 4,706.8045363575717,820.0
spot 4,708.2054703135424,820.0
spot 4,709.606404269513,820.0
spot 4,711.0073382254836,820.0
spot 4,712.4082721814543,820.0
spot 4,713.809206137425,820.0
spot 4,715.2101400933956,820.0
spot 4,716.6110740493663,820.0
spot 4,718.0120080053368,820.0
spot 4,719.4129419613075,820.0
spot 4,720.8138759172782,820.0
spot 4,722.2148098732489,820.0
spot 4,723.6157438292195,820.0
spot 4,725.01667778519,820.0
spot 4,726.4176117411607,820.0
spot 4,727.8185456971314,820.0
spot 4,729.2194796531021,820.0
spot 4,730.6204136090728,820.0
spot 4,732.0213475650434,820.0
spot 4,733.4222815210139,820.0
spot 4,734.8232154769846,820.0
spot 4,736.2241494329553,820.0
spot 4,737.625083388926,820.0
spot 4,739.0260173448967,820.0
spot 4,740.4269513008672,820.0
spot 4,741.8278852568378,820.0
spot 4,743.2288192128085,820.0
spot 4,744.6297531687792,820.0
spot 4,746.0306871247499,820.0
spot 4,747.4316210807204,820.0
spot 4,748.8325550366911,820.0
spot 4,750.2334889926617,820.0
spot 4,751.6344229486324,820.0
spot 4,753.0353569046031,820.0
spot 4,754.4362908605738,820.0
spot 4,755.8372248165443,820.0
spot 4,757.238158772515,820.0
spot 4,758.6390927284856,820.0
spot 4,760.0400266844563,820.0
spot 4,761.440960640427,820.0
spot 4,762.8418945963977,820.0
spot 4,764.2428285523682,820.0
spot 4,765.6437625083389,820.0
spot 4,767.0446964643095,820.0
spot 4,768.4456304202802,820.0
spot 4,769.8465643762509,820.0
spot 4,771.2474983322215,820.0
spot 4,772.6484322881921,820.0
spot 4,774.0493662441627,820.0
spot 4,775.4503002001334,820.0
spot 4,776.851234156104,820.0
spot 4,778.2521681120747,820.0
spot 4,779.6531020680454,820.0
spot 4,781.054036024016,820.0
spot 4,782.4549699799866,820.0
spot 4,783.8559039359573,820.0
spot 4,785.256837891928,820.0
spot 4,786.6577718478986,820.0
spot 4,788.0587058038693,820.0
spot 4,789.4596397598399,820.0
spot 4,790.8605737158105,820.0
spot 4,792.2615076717811,820.0
spot 4,793.6624416277518,820.0
spot 4,795.0633755837225,820.0
spot 4,796.4643095396932,820.0
spot 4,797.8652434956638,820.0
spot 4,799.2661774516343,820.0
spot 4,800.667111407605,820.0
spot 4,802.0680453635757,820.0
spot 4,803.4689793195464,820.0
spot 4,804.869913275517,820.0
spot 4,806.2708472314877,820.0
spot 4,807.6717811874582,820.0
spot 4,809.0727151434289,820.0
spot 4,810.4736490993996,820.0
spot 4,811.8745830553703,820.0
spot 4,813.2755170113409,820.0
spot 4,814.6764509673116,820.0
spot 4,816.0773849232821,820.0
spot 4,817.4783188792528,820.0
spot 4,818.8792528352235,820.0
spot 4,820.2801867911942,820.0
spot 4,821.6811207471648,820.0
spot 4,823.0820547031354,820.0
spot 4,824.482988659106,820.0
spot 4,825.8839226150767,820.0
spot 4,827.2848565710474,820.0
spot 4,828.6857905270181,820.0
spot 4,830.0867244829886,820.0
spot 4,831.4876584389592,820.0
spot 4,832.8885923949299,820.0
spot 4,834.2895263509006,820.0
spot 4,835.6904603068713,820.0
spot 4,837.091394262842,820.0
spot 4,838.4923282188125,820.0
spot 4,839.8932621747831,820.0
spot 4,841.2941961307538,820.0
spot 4,842.6951300867245,820.0
spot 4,844.0960640426952,820.0
spot 4,845.4969979986658,820.0
spot 4,846.8979319546364,820.0
spot 4,848.298865910607,820.0
spot 4,849.6997998665777,820.0
spot 4,851.1007338225484,820.0
spot 4,852.501667778519,820.0
spot 4,853.9026017344897,820.0
spot 4,855.3035356904603,820.0
spot 4,856.7044696464309,820.0
spot 4,858.1054036024016,820.0
spot 4,859.5063375583723,820.0
spot 4,860.9072715143429,820.0
spot 4,862.3082054703135,820.0
spot 4,863.7091394262842,820.0
spot 4,865.1100733822548,820.0
spot 4,866.5110073382255,820.0
spot 4,867.9119412941961,820.0
spot 4,869.3128752501668,820.0
spot 4,870.7138092061374,820.0
spot 4,872.1147431621081,820.0
spot 4,873.5156771180787,820.0
spot 4,874.9166110740493,820.0
spot 4,876.31754503002,820.0
spot 4,877.7184789859907,820.0
spot 4,879.1194129419613,820.0
spot 4,880.520346897932,820.0
spot 4,881.9212808539025,820.0
spot 4,883.3222148098732,820.0
spot 4,884.7231487658439,820.0
spot 4,886.1240827218146,820.0
spot 4,887.5250166777852,820.0
spot 4,888.9259506337557,820.0000000000001
spot 4,890.3268845897264,820.0000000000001
spot 4,891.7278185456971,820.0000000000001
spot 4,893.1287525016678,820.0000000000001
spot 4,894.5296864576385,820.0000000000001
spot 4,895.9306204136091,820.0000000000001
spot 4,897.3315543695796,820.0000000000002
spot 4,898.7324883255503,820.0000000000002
spot 4,900.133422281521,820.0000000000003
spot 4,901.5343562374917,820.0000000000003
spot 4,902.9352901934624,820.0000000000005
spot 4,904.336224149433,820.0000000000006
spot 4,905.7371581054035,820.0000000000008
spot 4,907.1380920613742,820.0000000000009
spot 4,908.5390260173449,820.0000000000011
spot 4,909.9399599733156,820.0000000000014
spot 4,911.3408939292862,820.0000000000017
spot 4,912.7418278852568,820.0000000000022
spot 4,914.1427618412275,820.0000000000026
spot 4,915.5436957971981,820.0000000000032
spot 4,916.9446297531688,820.0000000000039
spot 4,918.3455637091395,820.0000000000048
spot 4,919.74649766511,820.0000000000059
spot 4,921.1474316210807,820.0000000000072
spot 4,922.5483655770514,820.0000000000088
spot 4,923.949299533022,820.0000000000108
spot 4,925.3502334889927,820.0000000000132
spot 4,926.7511674449632,820.000000000016
spot 4,928.1521014009339,820.0000000000197
spot 4,929.5530353569046,820.000000000024
spot 4,930.9539693128752,820.0000000000292
spot 4,932.3549032688459,820.0000000000356
spot 4,933.7558372248166,820.0000000000433
spot 4,935.1567711807871,820.0000000000526
spot 4,936.5577051367578,820.000000000064
spot 4,937.9586390927285,820.0000000000778
spot 4,939.3595730486991,820.0000000000945
spot 4,940.7605070046698,820.0000000001147
spot 4,942.1614409606404,820.000000000139
spot 4,943.562374916611,820.0000000001686
spot 4,944.9633088725817,820.0000000002042
spot 4,946.3642428285524,820.0000000002472
spot 4,947.765176784523,820.0000000002989
spot 4,949.1661107404937,820.0000000003613
spot 4,950.5670446964643,820.0000000004366
spot 4,951.9679786524349,820.000000000527
spot 4,953.3689126084056,820.0000000006359
spot 4,954.7698465643763,820.0000000007666
spot 4,956.1707805203469,820.0000000009237
spot 4,957.5717144763175,820.0000000011123
spot 4,958.9726484322882,820.0000000013385
spot 4,960.3735823882588,820.0000000016097
spot 4,961.7745163442295,820.0000000019345
spot 4,963.1754503002002,820.0000000023234
spot 4,964.5763842561707,820.0000000027886
spot 4,965.9773182121414,820.0000000033449
spot 4,967.3782521681121,820.0000000040094
spot 4,968.7791861240827,820.0000000048029
spot 4,970.1801200800534,820.0000000057498
spot 4,971.581054036024,820.0000000068788
spot 4,972.9819879919946,820.0000000082242
spot 4,974.3829219479653,820.0000000098263
spot 4,975.783855903936,820.0000000117329
spot 4,977.1847898599066,820.0000000140004
spot 4,978.5857238158773,820.0000000166953
spot 4,979.9866577718478,820.0000000198959
spot 4,981.3875917278185,820.0000000236947
spot 4,982.7885256837892,820.0000000282007
spot 4,984.1894596397598,820.0000000335416
spot 4,985.5903935957305,820.0000000398684
spot 4,986.9913275517011,820.0000000473576
spot 4,988.3922615076717,820.0000000562173
spot 4,989.7931954636424,820.0000000666912
spot 4,991.1941294196131,820.0000000790651
spot 4,992.5950633755837,820.0000000936741
spot 4,993.9959973315543,820.0000001109104
spot 4,995.396931287525,820.0000001312332
spot 4,996.7978652434956,820.000000155179
spot 4,998.1987991994663,820.0000001833753
spot 4,999.599733155437,820.0000002165542
spot 4,1001.0006671114076,820.0000002555705
spot 4,1002.4016010673782,820.0000003014206
spot 4,1003.8025350233489,820.0000003552659
spot 4,1005.2034689793195,820.0000004184585
spot 4,1006.6044029352902,820.0000004925716
spot 4,1008.0053368912609,820.000000579435
spot 4,1009.4062708472314,820.0000006811742
spot 4,1010.8072048032021,820.0000008002579
spot 4,1012.2081387591728,820.00000093955
spot 4,1013.6090727151434,820.0000011023718
spot 4,1015.0100066711141,820.0000012925714
spot 4,1016.4109406270848,820.0000015146043
spot 4,1017.8118745830553,820.000001773626
spot 4,1019.212808539026,820.0000020755976
spot 4,1020.6137424949967,820.0000024274065
spot 4,1022.0146764509673,820.0000028370049
spot 4,1023.415610406938,820.000003313568
spot 4,1024.8165443629086,820.0000038676744
spot 4,1026.2174783188793,820.0000045115127
spot 4,1027.61841227485,820.000005259115
spot 4,1029.0193462308207,820.0000061266263
spot 4,1030.4202801867912,820.000007132608
spot 4,1031.8212141427618,820.0000082983842
spot 4,1033.2221480987325,820.0000096484366
spot 4,1034.623082054703,820.0000112108514
spot 4,1036.0240160106737,820.0000130178263
spot 4,1037.4249499666444,820.0000151062469
spot 4,1038.825883922615,820.0000175183385
spot 4,1040.2268178785857,820.0000203024047
spot 4,1041.6277518345564,820.0000235136623
spot 4,1043.028685790527,820.0000272151859
spot 4,1044.4296197464978,820.0000314789736
spot 4,1045.8305537024683,820.0000363871508
spot 4,1047.231487658439,820.0000420333273
spot 4,1048.6324216144096,820.0000485241255
spot 4,1050.03335557038,820.0000559809026
spot 4,1051.4342895263508,820.000064541686
spot 4,1052.8352234823215,820.00007436335
spot 4,1054.2361574382921,820.0000856240599
spot 4,1055.6370913942628,820.0000985260148
spot 4,1057.0380253502335,820.0001132985227
spot 4,1058.4389593062042,820.0001302014462
spot 4,1059.8398932621749,820.0001495290587
spot 4,1061.2408272181456,820.0001716143584
spot 4,1062.641761174116,820.0001968338888
spot 4,1064.0426951300867,820.000225613122
spot 4,1065.4436290860574,820.0002584324636
spot 4,1066.8445630420279,820.0002958339488
spot 4,1068.2454969979985,820.0003384286986
spot 4,1069.6464309539692,820.0003869052184
spot 4,1071.04736490994,820.0004420386269
spot 4,1072.4482988659106,820.0005047009073
spot 4,1073.8492328218813,820.0005758722879
spot 4,1075.250166777852,820.0006566538649
spot 4,1076.6511007338227,820.0007482815892
spot 4,1078.0520346897933,820.0008521417533
spot 4,1079.4529686457638,820.0009697881234
spot 4,1080.8539026017345,820.0011029608754
spot 4,1082.2548365577052,820.0012536075058
spot 4,1083.6557705136756,820.001423905903
spot 4,1085.0567044696463,820.0016162897826
spot 4,1086.457638425617,820.0018334766987
spot 4,1087.8585723815877,820.0020784988698
spot 4,1089.2595063375584,820.0023547370694
spot 4,1090.660440293529,820.0026659578522
spot 4,1092.0613742494997,820.0030163544077
spot 4,1093.4623082054704,820.0034105913542
spot 4,1094.863242161441,820.0038538538081
spot 4,1096.2641761174116,820.0043519010861
spot 4,1097.6651100733823,820.0049111254256
spot 4,1099.0660440293527,820.0055386161288
spot 4,1100.4669779853234,820.0062422295704
spot 4,1101.867911941294,820.007030665528
spot 4,1103.2688458972648,820.0079135503311
spot 4,1104.6697798532355,820.0089015273478
spot 4,1106.0707138092062,820.0100063553656
spot 4,1107.4716477651768,820.0112410154463
spot 4,1108.8725817211475,820.0126198268763
spot 4,1110.2735156771182,820.014158572859
spot 4,1111.6744496330887,820.0158746366336
spot 4,1113.0753835890594,820.0177871487383
spot 4,1114.47631754503,820.0199171461661
spot 4,1115.8772515010005,820.0222877442028
spot 4,1117.2781854569712,820.0249243217622
spot 4,1118.6791194129419,820.0278547210745
spot 4,1120.0800533689126,820.0311094626098
spot 4,1121.4809873248832,820.0347219761583
spot 4,1122.881921280854,820.0387288490108
spot 4,1124.2828552368246,820.0431700922196
spot 4,1125.6837891927953,820.0480894259423
spot 4,1127.084723148766,820.0535345848964
spot 4,1128.4856571047364,820.0595576449771
spot 4,1129.8865910607071,820.0662153721049
spot 4,1131.2875250166778,820.0735695943895
spot 4,1132.6884589726483,820.0816875987018
spot 4,1134.089392928619,820.0906425527563
spot 4,1135.4903268845896,820.1005139538042
spot 4,1136.8912608405603,820.111388105032
spot 4,1138.292194796531,820.1233586207493
spot 4,1139.6931287525017,820.1365269614296
spot 4,1141.0940627084724,820.1510029996402
spot 4,1142.494996664443,820.1669056178634
spot 4,1143.8959306204138,820.1843633391619
spot 4,1145.2968645763842,820.2035149915912
spot 4,1146.697798532355,820.2245104071925
spot 4,1148.0987324883254,820.2475111563223
spot 4,1149.499666444296,820.2726913179865
spot 4,1150.9006004002667,820.3002382867434
spot 4,1152.3015343562374,820.3303536166227
spot 4,1153.702468312208,820.3632539023806
spot 4,1155.1034022681788,820.3991716982591
spot 4,1156.5043362241495,820.4383564742626
spot 4,1157.9052701801202,820.4810756097833
spot 4,1159.3062041360909,820.5276154242152
spot 4,1160.7071380920613,820.578282243982
spot 4,1162.108072048032,820.6334035051767
spot 4,1163.5090060040027,820.6933288907657
spot 4,1164.9099399599731,820.7584315010381
spot 4,1166.3108739159438,820.8291090557071
spot 4,1167.7118078719145,820.9057851257564
spot 4,1169.1127418278852,820.9889103928167
spot 4,1170.513675783856,821.0789639335077
spot 4,1171.9146097398266,821.1764545258335
spot 4,1173.3155436957973,821.2819219743416
spot 4,1174.716477651768,821.3959384503661
spot 4,1176.1174116077386,821.5191098432753
spot 4,1177.518345563709,821.6520771182173
spot 4,1178.9192795196798,821.7955176754322
spot 4,1180.3202134756505,821.9501467057466
spot 4,1181.721147431621,822.1167185364217
spot 4,1183.1220813875916,822.2960279610525
spot 4,1184.5230153435623,822.4889115467561
spot 4,1185.923949299533,822.6962489114095
spot 4,1187.3248832555037,822.9189639632234
spot 4,1188.7258172114744,823.1580260944693
spot 4,1190.126751167445,823.4144513207057
spot 4,1191.5276851234157,823.6893033563921
spot 4,1192.9286190793864,823.983694617329
spot 4,1194.3295530353569,824.2987871399281
spot 4,1195.7304869913276,824.6357934069032
spot 4,1197.1314209472982,824.9959770685772
spot 4,1198.5323549032687,825.3806535486377
spot 4,1199.9332888592394,825.7911905228366
spot 4,1201.33422281521,826.2290082588323
spot 4,1202.7351567711808,826.6955798051148
spot 4,1204.1360907271514,827.1924310167383
spot 4,1205.5370246831221,827.7211404054267
spot 4,1206.9379586390928,828.2833388015042
spot 4,1208.3388925950635,828.8807088150552
spot 4,1209.739826551034,829.5149840837344
spot 4,1211.1407605070046,830.1879482947263
spot 4,1212.5416944629753,830.9014339685134
spot 4,1213.9426284189458,831.6573209923454
spot 4,1215.3435623749165,832.4575348916161
spot 4,1216.7444963308872,833.304044827756
spot 4,1218.1454302868578,834.1988613117401
spot 4,1219.5463642428285,835.144033622892
spot 4,1220.9472981987992,836.1416469233441
spot 4,1222.34823215477,837.1938190592872
spot 4,1223.7491661107406,838.3026970410237
spot 4,1225.1501000667113,839.4704531948072
spot 4,1226.5510340226817,840.6992809805369
spot 4,1227.9519679786524,841.9913904705514
spot 4,1229.352901934623,843.3490034860484
spot 4,1230.7538358905936,844.7743483890406
spot 4,1232.1547698465642,846.2696545292401
spot 4,1233.555703802535,847.8371463468326
spot 4,1234.9566377585056,849.47903713378
spot 4,1236.3575717144763,851.1975224580426
spot 4,1237.758505670447,852.9947732569444
spot 4,1239.1594396264177,854.8729286078325
spot 4,1240.5603735823884,856.8340881861533
spot 4,1241.961307538359,858.8803044231229
spot 4,1243.3622414943295,861.0135743772621
spot 4,1244.7631754503002,863.2358313362145
spot 4,1246.1641094062709,865.5489361674316
spot 4,1247.5650433622413,867.9546684385192
spot 4,1248.965977318212,870.4547173302337
spot 4,1250.3669112741827,873.0506723673236
spot 4,1251.7678452301534,875.7440139946049
spot 4,1253.168779186124,878.5361040278094
spot 4,1254.5697131420948,881.4281760108581
spot 4,1255.9706470980655,884.421325513267
spot 4,1257.3715810540361,887.5165004033698
spot 4,1258.7725150100066,890.7144911349261
spot 4,1260.1734489659773,894.0159210864696
spot 4,1261.574382921948,897.4212369943998
spot 4,1262.9753168779184,900.9306995223553
spot 4,1264.3762508338891,904.544374010761
spot 4,1265.7771847898598,908.2621214516387
spot 4,1267.1781187458305,912.0835897347966
spot 4,1268.5790527018012,916.0082052123165
spot 4,1269.9799866577719,920.0351646288586
spot 4,1271.3809206137425,924.1634274656941
spot 4,1272.7818545697132,928.391708746499
spot 4,1274.182788525684,932.7184723528491
spot 4,1275.5837224816544,937.1419248969753
spot 4,1276.984656437625,941.660010198722
spot 4,1278.3855903935957,946.2704044127182
spot 4,1279.7865243495662,950.9705118506153
spot 4,1281.187458305537,955.7574615417528
spot 4,1282.5883922615076,960.6281045738556
spot 4,1283.9893262174783,965.5790122533441
spot 4,1285.390260173449,970.6064751224905
spot 4,1286.7911941294196,975.7065028680535
spot 4,1288.1921280853903,980.8748251531407
spot 4,1289.593062041361,986.1068934008892
spot 4,1290.9939959973317,991.3978835551442
spot 4,1292.3949299533022,996.7426998396517
spot 4,1293.7958639092728,1002.1359795333931
spot 4,1295.1967978652435,1007.5720987755515
spot 4,1296.597731821214,1013.0451794093157
spot 4,1297.9986657771847,1018.549096869201
spot 4,1299.3995997331554,1024.0774891119067
spot 4,1300.800533689126,1029.623766585951
spot 4,1302.2014676450967,1035.1811232303792
spot 4,1303.6024016010674,1040.7425484878634
spot 4,1305.003335557038,1046.3008403124277
spot 4,1306.4042695130088,1051.8486191469478
spot 4,1307.8052034689795,1057.3783428404677
spot 4,1309.20613742495,1062.8823224702946
spot 4,1310.6070713809206,1068.3527390288305
spot 4,1312.008005336891,1073.7816609301387
spot 4,1313.4089392928618,1079.1610622864828
spot 4,1314.8098732488324,1084.482841900347
spot 4,1316.2108072048031,1089.7388429130397
spot 4,1317.6117411607738,1094.9208730466626
spot 4,1319.0126751167445,1100.0207253722288
spot 4,1320.4136090727152,1105.0301995329614
spot 4,1321.8145430286859,1109.941123348335
spot 4,1323.2154769846566,1114.7453747213144
spot 4,1324.616410940627,1119.4349037684474
spot 4,1326.0173448965977,1124.001755090079
spot 4,1327.4182788525684,1128.438090095925
spot 4,1328.8192128085389,1132.7362092996584
spot 4,1330.2201467645095,1136.8885744949894
spot 4,1331.6210807204802,1140.8878307249709
spot 4,1333.022014676451,1144.726827956018
spot 4,1334.4229486324216,1148.3986423682916
spot 4,1335.8238825883923,1151.896597174755
spot 4,1337.224816544363,1155.2142828823485
spot 4,1338.6257505003337,1158.3455769102964
spot 4,1340.0266844563043,1161.2846624826448
spot 4,1341.4276184122748,1164.026046714619
spot 4,1342.8285523682455,1166.5645778153785
spot 4,1344.2294863242162,1168.8954613331243
spot 4,1345.6304202801866,1171.0142753723642
spot 4,1347.0313542361573,1172.916984717335
spot 4,1348.432288192128,1174.5999538002065
spot 4,1349.8332221480987,1176.059958457645
spot 4,1351.2341561040694,1177.2941964245977
spot 4,1352.63509006004,1178.3002965197643
spot 4,1354.0360240160107,1179.0763264830698
spot 4,1355.4369579719814,1179.620799431555
spot 4,1356.8378919279521,1179.932678906408
spot 4,1358.2388258839226,1180.0113824903144
spot 4,1359.6397598398933,1179.8567839809093
spot 4,1361.040693795864,1179.4692141127982
spot 4,1362.4416277518344,1178.84945982735
spot 4,1363.842561707805,1177.998762096217
spot 4,1365.2434956637758,1176.9188123112629
spot 4,1366.6444296197465,1175.6117472602336
spot 4,1368.0453635757171,1174.0801427140589
spot 4,1369.4462975316878,1172.3270056580761
spot 4,1370.8472314876585,1170.355765205705
spot 4,1372.2481654436292,1168.1702622390922
spot 4,1373.6490993995997,1165.7747378270199
spot 4,1375.0500333555703,1163.1738204758249
spot 4,1376.450967311541,1160.3725122742464
spot 4,1377.8519012675115,1157.3761739979068
spot 4,1379.2528352234822,1154.190509243582
spot 4,1380.6537691794529,1150.8215476674457
spot 4,1382.0547031354236,1147.2756274050867
spot 4,1383.4556370913942,1143.5593767542825
spot 4,1384.856571047365,1139.6796952042332
spot 4,1386.2575050033356,1135.6437338972116
spot 4,1387.6584389593063,1131.4588756103692
spot 4,1389.059372915277,1127.132714346717
spot 4,1390.4603068712474,1122.6730346251122
spot 4,1391.8612408272181,1118.0877905593707
spot 4,1393.2621747831888,1113.3850848164705
spot 4,1394.6631087391593,1108.5731475431096
spot 4,1396.06404269513,1103.660315348754
spot 4,1397.4649766511006,1098.655010431704
spot 4,1398.8659106070713,1093.5657199326124
spot 4,1400.266844563042,1088.4009755973982
spot 4,1401.6677785190127,1083.169333828569
spot 4,1403.0687124749834,1077.8793562006213
spot 4,1404.469646430954,1072.5395905114897
spot 4,1405.8705803869248,1067.1585524379495
spot 4,1407.2715143428952,1061.7447078584833
spot 4,1408.672448298866,1056.30645590243
spot 4,1410.0733822548366,1050.8521127792858
spot 4,1411.474316210807,1045.389896436801
spot 4,1412.8752501667777,1039.927912091121
spot 4,1414.2761841227484,1034.4741386666433
spot 4,1415.677118078719,1029.0364161774953
spot 4,1417.0780520346898,1023.6224340767317
spot 4,1418.4789859906605,1018.239720593412
spot 4,1419.8799199466312,1012.8956330717597
spot 4,1421.2808539026018,1007.5973493206319
spot 4,1422.6817878585723,1002.3518599755787
spot 4,1424.082721814543,997.1659618698706
spot 4,1425.4836557705137,992.0462524050791
spot 4,1426.8845897264844,986.9991249060845
spot 4,1428.285523682455,982.03076493986
spot 4,1429.6864576384255,977.1471475720153
spot 4,1431.0873915943962,972.3540355299157
spot 4,1432.4883255503669,967.6569782362849
spot 4,1433.8892595063376,963.0613116725073
spot 4,1435.2901934623083,958.5721590264852
spot 4,1436.691127418279,954.1944320758068
spot 4,1438.0920613742494,949.9328332532319
spot 4,1439.49299533022,945.7918583380829
spot 4,1440.8939292861908,941.7757997140914
spot 4,1442.2948632421615,937.8887501315519
spot 4,1443.6957971981321,934.1346069093759
spot 4,1445.0967311541028,930.5170765107431
spot 4,1446.4976651100733,927.0396794245883
spot 4,1447.898599066044,923.7057552841067
spot 4,1449.2995330220147,920.518468152862
spot 4,1450.7004669779853,917.4808119088734
spot 4,1452.101400933956,914.5956156573251
spot 4,1453.5023348899265,911.8655491032262
spot 4,1454.9032688458972,909.2931278164592
spot 4,1456.3042028018679,906.8807183232236
spot 4,1457.7051367578385,904.6305429598397
spot 4,1459.1060707138092,902.5446844272906
spot 4,1460.50700466978,900.6250899876729
spot 4,1461.9079386257504,898.8735752469375
spot 4,1463.308872581721,897.291827471878
spot 4,1464.7098065376917,895.8814083932941
spot 4,1466.1107404936624,894.6437564515463
spot 4,1467.5116744496331,893.5801884453709
spot 4,1468.9126084056038,892.6919005497627
spot 4,1470.3135423615743,891.9799686739756
spot 4,1471.714476317545,891.4453481361782
spot 4,1473.1154102735156,891.0888726370441
spot 4,1474.5163442294863,890.9112525204811
spot 4,1475.917278185457,890.9130723158183
spot 4,1477.3182121414277,891.0947875620225
spot 4,1478.7191460973982,891.4567209208683
spot 4,1480.1200800533688,891.9990575924185
spot 4,1481.5210140093395,892.7218400526342
spot 4,1482.9219479653102,893.6249621393895
spot 4,1484.322881921281,894.7081625195838
spot 4,1485.7238158772516,895.9710175763691
spot 4,1487.124749833222,897.4129337617163
spot 4,1488.5256837891927,899.0331394655748
spot 4,1489.9266177451634,900.8306764587082
spot 4,1491.327551701134,902.804390971858
spot 4,1492.7284856571048,904.9529244791609
spot 4,1494.1294196130755,907.2747042586924
spot 4,1495.530353569046,909.7679338075618
spot 4,1496.9312875250166,912.43058319314
spot 4,1498.3322214809873,915.2603794256768
spot 4,1499.733155436958,918.2547969407764
spot 4,1501.1340893929287,921.4110482828548
spot 4,1502.5350233488994,924.7260750828195
spot 4,1503.9359573048698,928.1965394247267
spot 4,1505.3368912608405,931.818815697079
spot 4,1506.7378252168112,935.5889830246772
spot 4,1508.1387591727819,939.5028183765587
spot 4,1509.5396931287526,943.555790444468
spot 4,1510.940627084723,947.7430543845464
spot 4,1512.3415610406937,952.0594475124838
spot 4,1513.7424949966644,956.4994860391968
spot 4,1515.143428952635,961.0573629302869
spot 4,1516.5443629086058,965.7269469679611
spot 4,1517.9452968645764,970.5017830889109
spot 4,1519.346230820547,975.3750940657701
spot 4,1520.7471647765176,980.3397835932769
spot 4,1522.1480987324883,985.388440833147
spot 4,1523.549032688459,990.513346464015
spot 4,1524.9499666444297,995.7064802745637
spot 4,1526.3509006004003,1000.9595303292876
spot 4,1527.7518345563708,1006.2639037271896
spot 4,1529.1527685123415,1011.6107389642029
spot 4,1530.5537024683122,1016.9909199002653
spot 4,1531.9546364242829,1022.3950913218914
spot 4,1533.3555703802535,1027.8136760807488
spot 4,1534.7565043362242,1033.236893778327
spot 4,1536.1574382921947,1038.6547809562783
spot 4,1537.5583722481654,1044.0572127415342
spot 4,1538.959306204136,1049.433925884897
spot 4,1540.3602401601067,1054.7745431216044
spot 4,1541.7611741160774,1060.0685987723577
spot 4,1543.162108072048,1065.3055654936657
spot 4,1544.5630420280186,1070.474882077078
spot 4,1545.9639759839893,1075.5659821881072
spot 4,1547.36490993996,1080.5683239273662
spot 4,1548.7658438959306,1085.4714200888413
spot 4,1550.1667778519013,1090.264868983243
spot 4,1551.567711807872,1094.938385688167
spot 4,1552.9686457638425,1099.4818335813834
spot 4,1554.3695797198131,1103.8852560090086
spot 4,1555.7705136757838,1108.1389079366222
spot 4,1557.1714476317545,1112.2332874286926
spot 4,1558.5723815877252,1116.1591667998698
spot 4,1559.9733155436957,1119.9076232809653
spot 4,1561.3742494996663,1123.4700690426662
spot 4,1562.775183455637,1126.8382804213043
spot 4,1564.1761174116077,1130.004426193303
spot 4,1565.5770513675784,1132.9610947482415
spot 4,1566.977985323549,1135.7013200148078
spot 4,1568.3789192795196,1138.2186059992337
spot 4,1569.7798532354902,1140.506949802088
spot 4,1571.180787191461,1142.5608629865017
spot 4,1572.5817211474316,1144.375391178989
spot 4,1573.9826551034023,1145.9461317929367
spot 4,1575.383589059373,1147.2692497745072
spot 4,1576.7845230153434,1148.3414912810917
spot 4,1578.1854569713141,1149.1601952134652
spot 4,1579.5863909272848,1149.7233025343571
spot 4,1580.9873248832555,1150.0293633182223
spot 4,1582.3882588392262,1150.0775414894176
spot 4,1583.7891927951969,1149.867617218751
spot 4,1585.1901267511673,1149.399986961319
spot 4,1586.591060707138,1148.6756611316393
spot 4,1587.9919946631087,1147.6962594251863
spot 4,1589.3929286190794,1146.464003808488
spot 4,1590.79386257505,1144.981709212825
spot 4,1592.1947965310208,1143.2527719792158
spot 4,1593.5957304869912,1141.2811561146673
spot 4,1594.996664442962,1139.0713774315504
spot 4,1596.3975983989326,1136.62848565333
spot 4,1597.7985323549033,1133.958044580663
spot 4,1599.199466310874,1131.0661104220108
spot 4,1600.6004002668446,1127.9592084023143
spot 4,1602.001334222815,1124.6443077719066
spot 4,1603.4022681787858,1121.1287953456042
spot 4,1604.8032021347565,1117.4204477088335
spot 4,1606.2041360907272,1113.52740223359
spot 4,1607.6050700466978,1109.4581270520537
spot 4,1609.0060040026685,1105.2213901396967
spot 4,1610.406937958639,1100.8262276627465
spot 4,1611.8078719146097,1096.2819117468725
spot 4,1613.2088058705804,1091.5979178249847
spot 4,1614.609739826551,1086.7838917220151
spot 4,1616.0106737825217,1081.8496166335767
spot 4,1617.4116077384922,1076.8049801534537
spot 4,1618.8125416944629,1071.6599415019714
spot 4,1620.2134756504336,1066.4244991035398
spot 4,1621.6144096064043,1061.1086586569963
spot 4,1623.015343562375,1055.7224018369554
spot 4,1624.4162775183456,1050.275655758162
spot 4,1625.817211474316,1044.778263327958
spot 4,1627.2181454302868,1039.239954604445
spot 4,1628.6190793862575,1033.670319269858
spot 4,1630.0200133422281,1028.0787803200535
spot 4,1631.4209472981988,1022.4745690620382
spot 4,1632.8218812541695,1016.8667015020976
spot 4,1634.22281521014,1011.2639561974507
spot 4,1635.6237491661107,1005.6748536345256
spot 4,1637.0246831220813,1000.1076371870022
spot 4,1638.425617078052,994.5702556967241
spot 4,1639.8265510340227,989.0703477106109
spot 4,1641.2274849899934,983.6152273967712
spot 4,1642.6284189459639,978.2118721532618
spot 4,1644.0293529019345,972.8669119133809
spot 4,1645.4302868579052,967.5866201421363
spot 4,1646.831220813876,962.3769065095499
spot 4,1648.2321547698466,957.2433112179403
spot 4,1649.6330887258173,952.1910009521702
spot 4,1651.0340226817877,947.2247664141955
spot 4,1652.4349566377584,942.3490213960977
spot 4,1653.8358905937291,937.5678033391775
spot 4,1655.2368245496998,932.8847753206232
spot 4,1656.6377585056705,928.3032294038217
spot 4,1658.0386924616412,923.826091283514
spot 4,1659.4396264176116,919.4559261527518
spot 4,1660.8405603735823,915.1949457149738
spot 4,1662.241494329553,911.0450162615273
spot 4,1663.6424282855237,907.0076677325392
spot 4,1665.0433622414944,903.0841036772614
spot 4,1666.444296197465,899.2752120288113
spot 4,1667.8452301534355,895.5815766075943
spot 4,1669.2461641094062,892.0034892676201
spot 4,1670.647098065377,888.5409626003873
spot 4,1672.0480320213476,885.1937431119513
spot 4,1673.4489659773183,881.9613247902284
spot 4,1674.8498999332887,878.842962981456
spot 4,1676.2508338892594,875.8376884969957
spot 4,1677.65176784523,872.9443218743235
spot 4,1679.0527018012008,870.1614877190132
spot 4,1680.4536357571715,867.4876290578155
spot 4,1681.8545697131422,864.9210216364571
spot 4,1683.2555036691126,862.4597880995509
spot 4,1684.6564376250833,860.1019119939488
spot 4,1686.057371581054,857.8452515409643
spot 4,1687.4583055370247,855.6875531270898
spot 4,1688.8592394929954,853.6264644671165
spot 4,1690.260173448966,851.6595473978937
spot 4,1691.6611074049365,849.7842902652912
spot 4,1693.0620413609072,847.9981198712487
spot 4,1694.4629753168779,846.2984129520688
spot 4,1695.8639092728486,844.6825071632959
spot 4,1697.2648432288192,843.1477115506264
spot 4,1698.66577718479,841.6913164902721
spot 4,1700.0667111407604,840.3106030860275
spot 4,1701.467645096731,839.0028520139756
spot 4,1702.8685790527018,837.7653518092679
spot 4,1704.2695130086724,836.5954065927314
spot 4,1705.6704469646431,835.4903432381736
spot 4,1707.0713809206138,834.4475179841769
spot 4,1708.4723148765843,833.4643224968643
spot 4,1709.873248832555,832.5381893926112
spot 4,1711.2741827885256,831.6665972319405
spot 4,1712.6751167444963,830.8470749978759
spot 4,1714.076050700467,830.0772060738615
spot 4,1715.4769846564377,829.3546317379562
spot 4,1716.8779186124082,828.677054191411
spot 4,1718.2788525683789,828.0422391409182
spot 4,1719.6797865243495,827.448017954817
spot 4,1721.0807204803202,826.8922894143215
spot 4,1722.481654436291,826.3730210814556
spot 4,1723.8825883922616,825.8882503058048
spot 4,1725.283522348232,825.4360848924672
spot 4,1726.6844563042027,825.0147034536916
spot 4,1728.0853902601734,824.6223554666697
spot 4,1729.486324216144,824.2573610597691
spot 4,1730.8872581721148,823.918110549223
spot 4,1732.2881921280853,823.6030637478816
spot 4,1733.689126084056,823.3107490671442
spot 4,1735.0900600400266,823.0397624325998
spot 4,1736.4909939959973,822.7887660332457
spot 4,1737.891927951968,822.5564869234256
spot 4,1739.2928619079387,822.3417154958441
spot 4,1740.6937958639091,822.1433038431842
spot 4,1742.0947298198798,821.9601640249867
spot 4,1743.4956637758505,821.7912662555601
spot 4,1744.8965977318212,821.6356370277667
spot 4,1746.297531687792,821.492357186612
spot 4,1747.6984656437626,821.3605599656304
spot 4,1749.099399599733,821.239428998132
spot 4,1750.5003335557037,821.1281963144552
spot 4,1751.9012675116744,821.0261403354638
spot 4,1753.302201467645,820.9325838716402
spot 4,1754.7031354236158,820.8468921362576
spot 4,1756.1040693795865,820.7684707802833
spot 4,1757.505003335557,820.6967639558482
spot 4,1758.9059372915276,820.6312524143517
spot 4,1760.3068712474983,820.5714516445221
spot 4,1761.707805203469,820.5169100550551
spot 4,1763.1087391594397,820.4672072057843
spot 4,1764.5096731154104,820.4219520907131
spot 4,1765.9106070713808,820.3807814756453
spot 4,1767.3115410273515,820.3433582926125
spot 4,1768.7124749833222,820.3093700927777
spot 4,1770.1134089392929,820.2785275590372
spot 4,1771.5143428952636,820.2505630791003
spot 4,1772.9152768512342,820.2252293794458
spot 4,1774.3162108072047,820.2022982201855
spot 4,1775.7171447631754,820.1815591505565
spot 4,1777.118078719146,820.1628183244654
spot 4,1778.5190126751168,820.1458973752611
spot 4,1779.9199466310874,820.1306323486848
spot 4,1781.320880587058,820.1168726927531
spot 4,1782.7218145430286,820.1044803031609
spot 4,1784.1227484989993,820.0933286226518
spot 4,1785.52368245497,820.0833017926846
spot 4,1786.9246164109406,820.0742938556282
spot 4,1788.3255503669113,820.0662080056485
spot 4,1789.7264843228818,820.0589558863857
spot 4,1791.1274182788525,820.0524569334901
spot 4,1792.5283522348232,820.0466377600593
spot 4,1793.9292861907938,820.0414315830077
spot 4,1795.3302201467645,820.0367776884083
spot 4,1796.7311541027352,820.0326209338574
spot 4,1798.1320880587057,820.0289112859409
spot 4,1799.5330220146764,820.0256033909121
spot 4,1800.933955970647,820.0226561767327
spot 4,1802.3348899266177,820.0200324846771
spot 4,1803.7358238825884,820.0176987287501
spot 4,1805.136757838559,820.0156245812271
spot 4,1806.5376917945296,820.013782682685
spot 4,1807.9386257505003,820.0121483749555
spot 4,1809.339559706471,820.0106994554968
spot 4,1810.7404936624416,820.0094159517466
spot 4,1812.1414276184123,820.0082799140861
spot 4,1813.542361574383,820.0072752261087
spot 4,1814.9432955303535,820.0063874309608
spot 4,1816.3442294863241,820.0056035725786
spot 4,1817.7451634422948,820.0049120507184
spot 4,1819.1460973982655,820.0043024887367
spot 4,1820.5470313542362,820.0037656131374
spot 4,1821.9479653102069,820.0032931439691
spot 4,1823.3488992661773,820.002877695206
spot 4,1824.749833222148,820.0025126843093
spot 4,1826.1507671781187,820.0021922502128
spot 4,1827.5517011340894,820.0019111790351
spot 4,1828.95263509006,820.001664836862
spot 4,1830.3535690460308,820.0014491089958
spot 4,1831.7545030020012,820.001260345109
spot 4,1833.155436957972,820.0010953097836
spot 4,1834.5563709139426,820.0009511379545
spot 4,1835.9573048699133,820.0008252948143
spot 4,1837.358238825884,820.0007155397731
spot 4,1838.7591727818544,820.0006198940962
spot 4,1840.1601067378251,820.0005366118763
spot 4,1841.5610406937958,820.000464154023
spot 4,1842.9619746497665,820.0004011649822
spot 4,1844.3629086057372,820.00034645192
spot 4,1845.7638425617079,820.0002989661283
spot 4,1847.1647765176783,820.0002577864351
spot 4,1848.565710473649,820.0002221044157
spot 4,1849.9666444296197,820.000191211225
spot 4,1851.3675783855904,820.000164485884
spot 4,1852.768512341561,820.0001413848715
spot 4,1854.1694462975317,820.0001214328837
spot 4,1855.5703802535022,820.0001042146404
spot 4,1856.971314209473,820.0000893676254
spot 4,1858.3722481654436,820.0000765756622
spot 4,1859.7731821214143,820.0000655632333
spot 4,1861.174116077385,820.0000560904629
spot 4,1862.5750500333556,820.0000479486896
spot 4,1863.975983989326,820.0000409565645
spot 4,1865.3769179452968,820.0000349566138
spot 4,1866.7778519012675,820.0000298122155
spot 4,1868.1787858572382,820.0000254049419
spot 4,1869.5797198132088,820.0000216322263
spot 4,1870.9806537691795,820.0000184053165
spot 4,1872.38158772515,820.0000156474805
spot 4,1873.7825216811207,820.000013292437
spot 4,1875.1834556370914,820.000011282981
spot 4,1876.584389593062,820.0000095697845
spot 4,1877.9853235490327,820.0000081103486
spot 4,1879.3862575050034,820.0000068680896
spot 4,1880.7871914609739,820.0000058115427
spot 4,1882.1881254169446,820.0000049136698
spot 4,1883.5890593729152,820.0000041512566
spot 4,1884.989993328886,820.0000035043884
spot 4,1886.3909272848566,820.0000029559967
spot 4,1887.7918612408273,820.0000024914646
spot 4,1889.1927951967978,820.0000020982853
spot 4,1890.5937291527684,820.0000017657673
spot 4,1891.9946631087391,820.0000014847776
spot 4,1893.3955970647098,820.0000012475226
spot 4,1894.7965310206805,820.0000010473564
spot 4,1896.197464976651,820.000000878617
spot 4,1897.5983989326216,820.0000007364848
spot 4,1898.9993328885923,820.0000006168606
spot 4,1900.400266844563,820.000000516261
spot 4,1901.8012008005337,820.0000004317285
spot 4,1903.2021347565044,820.000000360754
spot 4,1904.6030687124749,820.0000003012109
spot 4,1906.0040026684455,820.000000251298
spot 4,1907.4049366244162,820.0000002094916
spot 4,1908.805870580387,820.0000001745032
spot 4,1910.2068045363576,820.0000001452443
spot 4,1911.6077384923283,820.0000001207964
spot 4,1913.0086724482987,820.0000001003848
spot 4,1914.4096064042694,820.0000000833567
spot 4,1915.81054036024,820.0000000691628
spot 4,1917.2114743162108,820.0000000573408
spot 4,1918.6124082721815,820.0000000475022
spot 4,1920.0133422281522,820.0000000393209
spot 4,1921.4142761841226,820.0000000325231
spot 4,1922.8152101400933,820.0000000268793
spot 4,1924.216144096064,820.0000000221975
spot 4,1925.6170780520347,820.0000000183168
spot 4,1927.0180120080054,820.0000000151027
spot 4,1928.418945963976,820.0000000124428
spot 4,1929.8198799199465,820.0000000102433
spot 4,1931.2208138759172,820.000000008426
spot 4,1932.621747831888,820.0000000069257
spot 4,1934.0226817878586,820.000000005688
spot 4,1935.4236157438293,820.0000000046679
spot 4,1936.8245496998,820.0000000038277
spot 4,1938.2254836557704,820.0000000031363
spot 4,1939.626417611741,820.0000000025677
spot 4,1941.0273515677118,820.0000000021006
spot 4,1942.4282855236825,820.0000000017171
spot 4,1943.8292194796531,820.0000000014026
spot 4,1945.2301534356236,820.0000000011447
spot 4,1946.6310873915943,820.0000000009335
spot 4,1948.032021347565,820.0000000007607
spot 4,1949.4329553035357,820.0000000006194
spot 4,1950.8338892595063,820.000000000504
spot 4,1952.234823215477,820.0000000004096
spot 4,1953.6357571714475,820.0000000003328
spot 4,1955.0366911274182,820.0000000002701
spot 4,1956.4376250833889,820.0000000002191
spot 4,1957.8385590393596,820.0000000001776
spot 4,1959.2394929953302,820.0000000001438
spot 4,1960.640426951301,820.0000000001163
spot 4,1962.0413609072714,820.000000000094
spot 4,1963.442294863242,820.0000000000759
spot 4,1964.8432288192128,820.0000000000613
spot 4,1966.2441627751834,820.0000000000495
spot 4,1967.6450967311541,820.0000000000399
spot 4,1969.0460306871248,820.0000000000321
spot 4,1970.4469646430953,820.0000000000258
spot 4,1971.847898599066,820.0000000000208
spot 4,1973.2488325550366,820.0000000000167
spot 4,1974.6497665110073,820.0000000000134
spot 4,1976.050700466978,820.0000000000108
spot 4,1977.4516344229487,820.0000000000086
spot 4,1978.8525683789192,820.0000000000069
spot 4,1980.2535023348898,820.0000000000056
spot 4,1981.6544362908605,820.0000000000044
spot 4,1983.0553702468312,820.0000000000035
spot 4,1984.456304202802,820.0000000000028
spot 4,1985.8572381587726,820.0000000000023
spot 4,1987.258172114743,820.0000000000018
spot 4,1988.6591060707137,820.0000000000015
spot 4,1990.0600400266844,820.0000000000011
spot 4,1991.460973982655,820.0000000000009
spot 4,1992.8619079386258,820.0000000000007
spot 4,1994.2628418945965,820.0000000000006
spot 4,1995.663775850567,820.0000000000005
spot 4,1997.0647098065376,820.0000000000003
spot 4,1998.4656437625083,820.0000000000002
spot 4,1999.866577718479,820.0000000000002
spot 4,2001.2675116744497,820.0000000000002
spot 4,2002.6684456304201,820.0000000000001
spot 4,2004.0693795863908,820.0000000000001
spot 4,2005.4703135423615,820.0000000000001
spot 4,2006.8712474983322,820.0000000000001
spot 4,2008.2721814543029,820.0
spot 4,2009.6731154102736,820.0
spot 4,2011.074049366244,820.0
spot 4,2012.4749833222147,820.0
spot 4,2013.8759172781854,820.0
spot 4,2015.276851234156,820.0
spot 4,2016.6777851901268,820.0
spot 4,2018.0787191460975,820.0
spot 4,2019.479653102068,820.0
spot 4,2020.8805870580386,820.0
spot 4,2022.2815210140093,820.0
spot 4,2023.68245496998,820.0
spot 4,2025.0833889259507,820.0
spot 4,2026.4843228819213,820.0
spot 4,2027.8852568378918,820.0
spot 4,2029.2861907938625,820.0
spot 4,2030.6871247498332,820.0
spot 4,2032.0880587058039,820.0
spot 4,2033.4889926617745,820.0
spot 4,2034.8899266177452,820.0
spot 4,2036.2908605737157,820.0
spot 4,2037.6917945296864,820.0
spot 4,2039.092728485657,820.0
spot 4,2040.4936624416277,820.0
spot 4,2041.8945963975984,820.0
spot 4,2043.2955303535691,820.0
spot 4,2044.6964643095396,820.0
spot 4,2046.0973982655103,820.0
spot 4,2047.498332221481,820.0
spot 4,2048.899266177452,820.0
spot 4,2050.3002001334225,820.0
spot 4,2051.7011340893932,820.0
spot 4,2053.1020680453635,820.0
spot 4,2054.503002001334,820.0
spot 4,2055.903935957305,820.0
spot 4,2057.3048699132755,820.0
spot 4,2058.705803869246,820.0
spot 4,2060.1067378252164,820.0
spot 4,2061.507671781187,820.0
spot 4,2062.908605737158,820.0
spot 4,2064.3095396931285,820.0
spot 4,2065.710473649099,820.0
spot 4,2067.11140760507,820.0
spot 4,2068.5123415610406,820.0
spot 4,2069.9132755170112,820.0
spot 4,2071.314209472982,820.0
spot 4,2072.7151434289526,820.0
spot 4,2074.1160773849233,820.0
spot 4,2075.517011340894,820.0
spot 4,2076.9179452968647,820.0
spot 4,2078.3188792528354,820.0
spot 4,2079.719813208806,820.0
spot 4,2081.1207471647767,820.0
spot 4,2082.5216811207474,820.0
spot 4,2083.922615076718,820.0
spot 4,2085.3235490326883,820.0
spot 4,2086.724482988659,820.0
spot 4,2088.1254169446297,820.0
spot 4,2089.5263509006004,820.0
spot 4,2090.927284856571,820.0
spot 4,2092.3282188125418,820.0
spot 4,2093.729152768512,820.0
spot 4,2095.1300867244827,820.0
spot 4,2096.5310206804534,820.0
spot 4,2097.931954636424,820.0
spot 4,2099.3328885923947,820.0
spot 4,2100.7338225483654,820.0
spot 4,2102.134756504336,820.0
spot 4,2103.535690460307,820.0
spot 4,2104.9366244162775,820.0
spot 4,2106.337558372248,820.0
spot 4,2107.738492328219,820.0
spot 4,2109.1394262841895,820.0
spot 4,2110.54036024016,820.0
spot 4,2111.941294196131,820.0
spot 4,2113.3422281521016,820.0
spot 4,2114.7431621080723,820.0
spot 4,2116.144096064043,820.0
spot 4,2117.545030020013,820.0
spot 4,2118.945963975984,820.0
spot 4,2120.3468979319546,820.0
spot 4,2121.7478318879253,820.0
spot 4,2123.148765843896,820.0
spot 4,2124.5496997998666,820.0
spot 4,2125.950633755837,820.0
spot 4,2127.3515677118075,820.0
spot 4,2128.7525016677782,820.0
spot 4,2130.153435623749,820.0
spot 4,2131.5543695797196,820.0
spot 4,2132.9553035356903,820.0
spot 4,2134.356237491661,820.0
spot 4,2135.7571714476317,820.0
spot 4,2137.1581054036023,820.0
spot 4,2138.559039359573,820.0
spot 4,2139.9599733155437,820.0
spot 4,2141.3609072715144,820.0
spot 4,2142.761841227485,820.0
spot 4,2144.162775183456,820.0
spot 4,2145.5637091394265,820.0
spot 4,2146.964643095397,820.0
spot 4,2148.365577051368,820.0
spot 4,2149.7665110073385,820.0
spot 4,2151.1674449633088,820.0
spot 4,2152.5683789192794,820.0
spot 4,2153.96931287525,820.0
spot 4,2155.370246831221,820.0
spot 4,2156.7711807871915,820.0
spot 4,2158.172114743162,820.0
spot 4,2159.5730486991324,820.0
spot 4,2160.973982655103,820.0
spot 4,2162.374916611074,820.0
spot 4,2163.7758505670445,820.0
spot 4,2165.176784523015,820.0
spot 4,2166.577718478986,820.0
spot 4,2167.9786524349565,820.0
spot 4,2169.379586390927,820.0
spot 4,2170.780520346898,820.0
spot 4,2172.1814543028686,820.0
spot 4,2173.5823882588393,820.0
spot 4,2174.98332221481,820.0
spot 4,2176.3842561707806,820.0
spot 4,2177.7851901267513,820.0
spot 4,2179.186124082722,820.0
spot 4,2180.5870580386927,820.0
spot 4,2181.9879919946634,820.0
spot 4,2183.3889259506336,820.0
spot 4,2184.7898599066043,820.0
spot 4,2186.190793862575,820.0
spot 4,2187.5917278185457,820.0
spot 4,2188.9926617745164,820.0
spot 4,2190.393595730487,820.0
spot 4,2191.7945296864573,820.0
spot 4,2193.195463642428,820.0
spot 4,2194.5963975983987,820.0
spot 4,2195.9973315543693,820.0
spot 4,2197.39826551034,820.0
spot 4,2198.7991994663107,820.0
spot 4,2200.2001334222814,820.0
spot 4,2201.601067378252,820.0
spot 4,2203.0020013342228,820.0
spot 4,2204.4029352901935,820.0
spot 4,2205.803869246164,820.0
spot 4,2207.204803202135,820.0
spot 4,2208.6057371581055,820.0
spot 4,2210.006671114076,820.0
spot 4,2211.407605070047,820.0
spot 4,2212.8085390260176,820.0
spot 4,2214.2094729819883,820.0
spot 4,2215.610406937959,820.0
spot 4,2217.011340893929,820.0
spot 4,2218.4122748499,820.0
spot 4,2219.8132088058705,820.0
spot 4,2221.2141427618412,820.0
spot 4,2222.615076717812,820.0
spot 4,2224.016010673782,820.0
spot 4,2225.416944629753,820.0
spot 4,2226.8178785857235,820.0
spot 4,2228.218812541694,820.0
spot 4,2229.619746497665,820.0
spot 4,2231.0206804536356,820.0
spot 4,2232.4216144096063,820.0
spot 4,2233.822548365577,820.0
spot 4,2235.2234823215476,820.0
spot 4,2236.6244162775183,820.0
spot 4,2238.025350233489,820.0
spot 4,2239.4262841894597,820.0
spot 4,2240.8272181454304,820.0
spot 4,2242.228152101401,820.0
spot 4,2243.6290860573718,820.0
spot 4,2245.0300200133424,820.0
spot 4,2246.430953969313,820.0
spot 4,2247.831887925284,820.0
spot 4,2249.232821881254,820.0
spot 4,2250.6337558372247,820.0
spot 4,2252.0346897931954,820.0
spot 4,2253.435623749166,820.0
spot 4,2254.836557705137,820.0
spot 4,2256.2374916611075,820.0
spot 4,2257.6384256170777,820.0
spot 4,2259.0393595730484,820.0
spot 4,2260.440293529019,820.0
spot 4,2261.8412274849898,820.0
spot 4,2263.2421614409604,820.0
spot 4,2264.643095396931,820.0
spot 4,2266.044029352902,820.0
spot 4,2267.4449633088725,820.0
spot 4,2268.845897264843,820.0
spot 4,2270.246831220814,820.0
spot 4,2271.6477651767846,820.0
spot 4,2273.0486991327552,820.0
spot 4,2274.449633088726,820.0
spot 4,2275.8505670446966,820.0
spot 4,2277.2515010006673,820.0
spot 4,2278.652434956638,820.0
spot 4,2280.0533689126087,820.0
spot 4,2281.454302868579,820.0
spot 4,2282.8552368245496,820.0
spot 4,2284.2561707805203,820.0
spot 4,2285.657104736491,820.0
spot 4,2287.0580386924617,820.0
spot 4,2288.4589726484323,820.0
spot 4,2289.8599066044026,820.0
spot 4,2291.2608405603733,820.0
spot 4,2292.661774516344,820.0
spot 4,2294.0627084723146,820.0
spot 4,2295.4636424282853,820.0
spot 4,2296.864576384256,820.0
spot 4,2298.2655103402267,820.0
spot 4,2299.6664442961974,820.0
spot 4,2301.067378252168,820.0
spot 4,2302.4683122081387,820.0
spot 4,2303.8692461641094,820.0
spot 4,2305.27018012008,820.0
spot 4,2306.671114076051,820.0
spot 4,2308.0720480320215,820.0
spot 4,2309.472981987992,820.0
spot 4,2310.873915943963,820.0
spot 4,2312.2748498999335,820.0
spot 4,2313.6757838559042,820.0
spot 4,2315.0767178118745,820.0
spot 4,2316.477651767845,820.0
spot 4,2317.878585723816,820.0
spot 4,2319.2795196797865,820.0
spot 4,2320.680453635757,820.0
spot 4,2322.081387591728,820.0
spot 4,2323.482321547698,820.0
spot 4,2324.883255503669,820.0
spot 4,2326.2841894596395,820.0
spot 4,2327.68512341561,820.0
spot 4,2329.086057371581,820.0
spot 4,2330.4869913275516,820.0
spot 4,2331.8879252835222,820.0
spot 4,2333.288859239493,820.0
spot 4,2334.6897931954636,820.0
spot 4,2336.0907271514343,820.0
spot 4,2337.491661107405,820.0
spot 4,2338.8925950633757,820.0
spot 4,2340.2935290193464,820.0
spot 4,2341.694462975317,820.0
spot 4,2343.0953969312877,820.0
spot 4,2344.4963308872584,820.0
spot 4,2345.897264843229,820.0
spot 4,2347.2981987991993,820.0
spot 4,2348.69913275517,820.0
spot 4,2350.1000667111407,820.0
spot 4,2351.5010006671114,820.0
spot 4,2352.901934623082,820.0
spot 4,2354.3028685790528,820.0
spot 4,2355.703802535023,820.0
spot 4,2357.1047364909937,820.0
spot 4,2358.5056704469644,820.0
spot 4,2359.906604402935,820.0
spot 4,2361.3075383589057,820.0
spot 4,2362.7084723148764,820.0
spot 4,2364.109406270847,820.0
spot 4,2365.510340226818,820.0
spot 4,2366.9112741827885,820.0
spot 4,2368.312208138759,820.0
spot 4,2369.71314209473,820.0
spot 4,2371.1140760507005,820.0
spot 4,2372.515010006671,820.0
spot 4,2373.915943962642,820.0
spot 4,2375.3168779186126,820.0
spot 4,2376.7178118745833,820.0
spot 4,2378.118745830554,820.0
spot 4,2379.5196797865246,820.0
spot 4,2380.920613742495,820.0
spot 4,2382.3215476984656,820.0
spot 4,2383.7224816544363,820.0
spot 4,2385.123415610407,820.0
spot 4,2386.5243495663776,820.0
spot 4,2387.925283522348,820.0
spot 4,2389.3262174783185,820.0
spot 4,2390.727151434289,820.0
spot 4,2392.12808539026,820.0
spot 4,2393.5290193462306,820.0
spot 4,2394.9299533022013,820.0
spot 4,2396.330887258172,820.0
spot 4,2397.7318212141427,820.0
spot 4,2399.1327551701133,820.0
spot 4,2400.533689126084,820.0
spot 4,2401.9346230820547,820.0
spot 4,2403.3355570380254,820.0
spot 4,2404.736490993996,820.0
spot 4,2406.1374249499668,820.0
spot 4,2407.5383589059375,820.0
spot 4,2408.939292861908,820.0
spot 4,2410.340226817879,820.0
spot 4,2411.7411607738495,820.0
spot 4,2413.1420947298197,820.0
spot 4,2414.5430286857904,820.0
spot 4,2415.943962641761,820.0
spot 4,2417.344896597732,820.0
spot 4,2418.7458305537025,820.0
spot 4,2420.146764509673,820.0
spot 4,2421.5476984656434,820.0
spot 4,2422.948632421614,820.0
spot 4,2424.349566377585,820.0
spot 4,2425.7505003335555,820.0
spot 4,2427.151434289526,820.0
spot 4,2428.552368245497,820.0
spot 4,2429.9533022014675,820.0
spot 4,2431.354236157438,820.0
spot 4,2432.755170113409,820.0
spot 4,2434.1561040693796,820.0
spot 4,2435.5570380253503,820.0
spot 4,2436.957971981321,820.0
spot 4,2438.3589059372916,820.0
spot 4,2439.7598398932623,820.0
spot 4,2441.160773849233,820.0
spot 4,2442.5617078052037,820.0
spot 4,2443.9626417611744,820.0
spot 4,2445.3635757171446,820.0
spot 4,2446.7645096731153,820.0
spot 4,2448.165443629086,820.0
spot 4,2449.5663775850567,820.0
spot 4,2450.9673115410274,820.0
spot 4,2452.368245496998,820.0
spot 4,2453.7691794529687,820.0
spot 4,2455.1701134089394,820.0
spot 4,2456.57104736491,820.0
spot 4,2457.9719813208803,820.0
spot 4,2459.372915276851,820.0
spot 4,2460.7738492328217,820.0
spot 4,2462.1747831887924,820.0
spot 4,2463.575717144763,820.0
spot 4,2464.9766511007338,820.0
spot 4,2466.3775850567044,820.0
spot 4,2467.778519012675,820.0
spot 4,2469.179452968646,820.0
spot 4,2470.5803869246165,820.0
spot 4,2471.981320880587,820.0
spot 4,2473.382254836558,820.0
spot 4,2474.783188792528,820.0
spot 4,2476.184122748499,820.0
spot 4,2477.5850567044695,820.0
spot 4,2478.98599066044,820.0
spot 4,2480.386924616411,820.0
spot 4,2481.7878585723815,820.0
spot 4,2483.188792528352,820.0
spot 4,2484.589726484323,820.0
spot 4,2485.9906604402936,820.0
spot 4,2487.3915943962643,820.0
spot 4,2488.792528352235,820.0
spot 4,2490.1934623082057,820.0
spot 4,2491.594396264176,820.0
spot 4,2492.9953302201466,820.0
spot 4,2494.3962641761173,820.0
spot 4,2495.797198132088,820.0
spot 4,2497.1981320880586,820.0
spot 4,2498.5990660440293,820.0
spot 4,2500.0,820.0
