series,raman_shift_cm-1,intensity_au
before anneal,400.0,120.0
before anneal,401.40093395597063,120.0
before anneal,402.8018679119413,120.0
before anneal,404.20280186791194,120.0
before anneal,405.6037358238826,120.0
before anneal,407.00466977985326,120.0
before anneal,408.4056037358239,120.0
before anneal,409.8065376917945,120.0
before anneal,411.2074716477652,120.0
before anneal,412.60840560373583,120.0
before anneal,414.00933955970646,120.0
before anneal,415.4102735156771,120.0
before anneal,416.8112074716478,120.0
before anneal,418.2121414276184,120.0
before anneal,419.61307538358903,120.0
before anneal,421.0140093395597,120.0
before anneal,422.41494329553035,120.0
before anneal,423.815877251501,120.0
before anneal,425.21681120747166,120.0
before anneal,426.6177451634423,120.0
before anneal,428.0186791194129,120.0
before anneal,429.4196130753836,120.0
before anneal,430.82054703135424,120.0
before anneal,432.22148098732487,120.0
before anneal,433.62241494329555,120.0
before anneal,435.0233488992662,120.0
before anneal,436.4242828552368,120.0
before anneal,437.8252168112075,120.0
before anneal,439.2261507671781,120.0
before anneal,440.62708472314876,120.0
before anneal,442.02801867911944,120.0
before anneal,443.42895263509007,120.0
before anneal,444.8298865910607,120.0
before anneal,446.2308205470314,120.0
before anneal,447.631754503002,120.0
before anneal,449.03268845897264,120.0
before anneal,450.4336224149433,120.0
before anneal,451.83455637091396,120.0
before anneal,453.2354903268846,120.0
before anneal,454.6364242828552,120.0
before anneal,456.0373582388259,120.0
before anneal,457.43829219479653,120.0
before anneal,458.83922615076716,120.0
before anneal,460.24016010673785,120.0
before anneal,461.6410940627085,120.0
before anneal,463.0420280186791,120.0
before anneal,464.44296197464973,120.0
before anneal,465.8438959306204,120.0
before anneal,467.24482988659105,120.0
before anneal,468.6457638425617,120.0
before anneal,470.04669779853236,120.0
before anneal,471.447631754503,120.0
before anneal,472.8485657104736,120.0
before anneal,474.2494996664443,120.0
before anneal,475.65043362241494,120.0
before anneal,477.05136757838557,120.0
before anneal,478.45230153435625,120.0
before anneal,479.8532354903269,120.0
before anneal,481.2541694462975,120.0
before anneal,482.6551034022682,120.0
before anneal,484.0560373582388,120.0
before anneal,485.45697131420945,120.0
before anneal,486.85790527018014,120.0
before anneal,488.25883922615077,120.0
before anneal,489.6597731821214,120.0
before anneal,491.0607071380921,120.0
before anneal,492.4616410940627,120.0
before anneal,493.86257505003334,120.0
before anneal,495.263509006004,120.0
before anneal,496.66444296197466,120.0
before anneal,498.0653769179453,120.0
before anneal,499.466310873916,120.0
before anneal,500.8672448298866,120.0
before anneal,502.26817878585723,120.0
before anneal,503.6691127418279,120.0
before anneal,505.07004669779855,120.0
before anneal,506.4709806537692,120.0
before anneal,507.8719146097398,120.0
before anneal,509.2728485657105,120.0
before anneal,510.6737825216811,120.0
before anneal,512.0747164776518,120.0
before anneal,513.4756504336224,120.0
before anneal,514.8765843895931,120.0
before anneal,516.2775183455637,120.0
before anneal,517.6784523015343,120.0
before anneal,519.079386257505,120.0
before anneal,520.4803202134757,120.0
before anneal,521.8812541694463,120.0
before anneal,523.282188125417,120.0
before anneal,524.6831220813876,120.0
before anneal,526.0840560373582,120.0
before anneal,527.4849899933289,120.0
before anneal,528.8859239492995,120.0
before anneal,530.2868579052702,120.0
before anneal,531.6877918612408,120.0
before anneal,533.0887258172115,120.0
before anneal,534.4896597731821,120.0
before anneal,535.8905937291528,120.0
before anneal,537.2915276851234,120.0
before anneal,538.692461641094,120.0
before anneal,540.0933955970647,120.0
before anneal,541.4943295530354,120.0
before anneal,542.895263509006,120.0
before anneal,544.2961974649767,120.0
before anneal,545.6971314209472,120.0
before anneal,547.0980653769179,120.0
before anneal,548.4989993328886,120.0
before anneal,549.8999332888593,120.0
before anneal,551.3008672448299,120.0
before anneal,552.7018012008006,120.0
before anneal,554.1027351567711,120.0
before anneal,555.5036691127418,120.0
before anneal,556.9046030687125,120.0
before anneal,558.3055370246832,120.0
before anneal,559.7064709806538,120.0
before anneal,561.1074049366244,120.0
before anneal,562.508338892595,120.0
before anneal,563.9092728485657,120.0
before anneal,565.3102068045364,120.0
before anneal,566.711140760507,120.0
before anneal,568.1120747164777,120.0
before anneal,569.5130086724483,120.0
before anneal,570.9139426284189,120.0
before anneal,572.3148765843896,120.0
before anneal,573.7158105403603,120.0
before anneal,575.1167444963309,120.0
before anneal,576.5176784523015,120.0
before anneal,577.9186124082721,120.0
before anneal,579.3195463642428,120.0
before anneal,580.7204803202135,120.0
before anneal,582.1214142761842,120.0
before anneal,583.5223482321547,120.0
before anneal,584.9232821881254,120.0
before anneal,586.324216144096,120.0
before anneal,587.7251501000667,120.0
before anneal,589.1260840560374,120.0
before anneal,590.527018012008,120.0
before anneal,591.9279519679786,120.0
before anneal,593.3288859239493,120.0
before anneal,594.7298198799199,120.0
before anneal,596.1307538358906,120.0
before anneal,597.5316877918613,120.0
before anneal,598.932621747832,120.0
before anneal,600.3335557038025,120.0
before anneal,601.7344896597732,120.0
before anneal,603.1354236157438,120.0
before anneal,604.5363575717145,120.0
before anneal,605.9372915276851,120.0
before anneal,607.3382254836558,120.0
before anneal,608.7391594396264,120.0
before anneal,610.1400933955971,120.0
before anneal,611.5410273515677,120.0
before anneal,612.9419613075383,120.0
before anneal,614.342895263509,120.0
before anneal,615.7438292194796,120.0
before anneal,617.1447631754503,120.0
before anneal,618.545697131421,120.0
before anneal,619.9466310873916,120.0
before anneal,621.3475650433622,120.0
before anneal,622.7484989993329,120.0
before anneal,624.1494329553035,120.0
before anneal,625.5503669112742,120.0
before anneal,626.9513008672449,120.0
before anneal,628.3522348232154,120.0
before anneal,629.7531687791861,120.0
before anneal,631.1541027351568,120.0
before anneal,632.5550366911274,120.0
before anneal,633.9559706470981,120.0
before anneal,635.3569046030686,120.0
before anneal,636.7578385590393,120.0
before anneal,638.15877251501,120.0
before anneal,639.5597064709807,120.0
before anneal,640.9606404269513,120.0
before anneal,642.361574382922,120.0
before anneal,643.7625083388925,120.0
before anneal,645.1634422948632,120.0
before anneal,646.5643762508339,120.0
before anneal,647.9653102068046,120.0
before anneal,649.3662441627752,120.0
before anneal,650.7671781187458,120.0
before anneal,652.1681120747164,120.0
before anneal,653.5690460306871,120.0
before anneal,654.9699799866578,120.0
before anneal,656.3709139426285,120.0
before anneal,657.771847898599,120.0
before anneal,659.1727818545697,120.0
before anneal,660.5737158105403,120.0
before anneal,661.974649766511,120.0
before anneal,663.3755837224817,120.0
before anneal,664.7765176784524,120.0
before anneal,666.1774516344229,120.0
before anneal,667.5783855903935,120.0
before anneal,668.9793195463642,120.0
before anneal,670.3802535023349,120.0
before anneal,671.7811874583056,120.0
before anneal,673.1821214142763,120.0
before anneal,674.5830553702468,120.0
before anneal,675.9839893262174,120.0
before anneal,677.3849232821881,120.0
before anneal,678.7858572381588,120.0
before anneal,680.1867911941295,120.0
before anneal,681.5877251501001,120.0
before anneal,682.9886591060707,120.0
before anneal,684.3895930620413,120.0
before anneal,685.790527018012,120.0
before anneal,687.1914609739827,120.0
before anneal,688.5923949299533,120.0
before anneal,689.9933288859239,120.0
before anneal,691.3942628418946,120.0
before anneal,692.7951967978652,120.0
before anneal,694.1961307538359,120.0
before anneal,695.5970647098065,120.0
before anneal,696.9979986657772,120.0
before anneal,698.3989326217478,120.0
before anneal,699.7998665777185,120.0
before anneal,701.2008005336891,120.0
before anneal,702.6017344896597,120.0
before anneal,704.0026684456304,120.0
before anneal,705.4036024016011,120.0
before anneal,706.8045363575717,120.0
before anneal,708.2054703135424,120.0
before anneal,709.606404269513,120.0
before anneal,711.0073382254836,120.0
before anneal,712.4082721814543,120.0
before anneal,713.809206137425,120.0
before anneal,715.2101400933956,120.0
before anneal,716.6110740493663,120.0
before anneal,718.0120080053368,120.0
before anneal,719.4129419613075,120.0
before anneal,720.8138759172782,120.0
before anneal,722.2148098732489,120.0
before anneal,723.6157438292195,120.0
before anneal,725.01667778519,120.0
before anneal,726.4176117411607,120.0
before anneal,727.8185456971314,120.0
before anneal,729.2194796531021,120.0
before anneal,730.6204136090728,120.0
before anneal,732.0213475650434,120.0
before anneal,733.4222815210139,120.0
before anneal,734.8232154769846,120.0
before anneal,736.2241494329553,120.0
before anneal,737.625083388926,120.0
before anneal,739.0260173448967,120.0
before anneal,740.4269513008672,120.0
before anneal,741.8278852568378,120.0
before anneal,743.2288192128085,120.0
before anneal,744.6297531687792,120.0
before anneal,746.0306871247499,120.0
before anneal,747.4316210807204,120.0
before anneal,748.8325550366911,120.0
before anneal,750.2334889926617,120.0
before anneal,751.6344229486324,120.0
before anneal,753.0353569046031,120.0
before anneal,754.4362908605738,120.0
before anneal,755.8372248165443,120.0
before anneal,757.238158772515,120.0
before anneal,758.6390927284856,120.0
before anneal,760.0400266844563,120.0
before anneal,761.440960640427,120.0
before anneal,762.8418945963977,120.0
before anneal,764.2428285523682,120.0
before anneal,765.6437625083389,120.0
before anneal,767.0446964643095,120.0
before anneal,768.4456304202802,120.0
before anneal,769.8465643762509,120.0
before anneal,771.2474983322215,120.0
before anneal,772.6484322881921,120.0
before anneal,774.0493662441627,120.0
before anneal,775.4503002001334,120.0
before anneal,776.851234156104,120.0
before anneal,778.2521681120747,120.0
before anneal,779.6531020680454,120.0
before anneal,781.054036024016,120.0
before anneal,782.4549699799866,120.0
before anneal,783.8559039359573,120.0
before anneal,785.256837891928,120.0
before anneal,786.6577718478986,120.0
before anneal,788.0587058038693,120.0
before anneal,789.4596397598399,120.0
before anneal,790.8605737158105,120.0
before anneal,792.2615076717811,120.0
before anneal,793.6624416277518,120.0
before anneal,795.0633755837225,120.0
before anneal,796.4643095396932,120.0
before anneal,797.8652434956638,120.0
before anneal,799.2661774516343,120.0
before anneal,800.667111407605,120.0
before anneal,802.0680453635757,120.0
before anneal,803.4689793195464,120.0
before anneal,804.869913275517,120.0
before anneal,806.2708472314877,120.0
before anneal,807.6717811874582,120.0
before anneal,809.0727151434289,120.0
before anneal,810.4736490993996,120.0
before anneal,811.8745830553703,120.0
before anneal,813.2755170113409,120.0
before anneal,814.6764509673116,120.0
before anneal,816.0773849232821,120.0
before anneal,817.4783188792528,120.0
before anneal,818.8792528352235,120.0
before anneal,820.2801867911942,120.0
before anneal,821.6811207471648,120.00000000000001
before anneal,823.0820547031354,120.00000000000001
before anneal,824.482988659106,120.00000000000001
before anneal,825.8839226150767,120.00000000000001
before anneal,827.2848565710474,120.00000000000001
before anneal,828.6857905270181,120.00000000000001
before anneal,830.0867244829886,120.00000000000003
before anneal,831.4876584389592,120.00000000000003
before anneal,832.8885923949299,120.00000000000004
before anneal,834.2895263509006,120.00000000000004
before anneal,835.6904603068713,120.00000000000006
before anneal,837.091394262842,120.00000000000007
before anneal,838.4923282188125,120.00000000000009
before anneal,839.8932621747831,120.0000000000001
before anneal,841.2941961307538,120.00000000000013
before anneal,842.6951300867245,120.00000000000016
before anneal,844.0960640426952,120.00000000000018
before anneal,845.4969979986658,120.00000000000023
before anneal,846.8979319546364,120.00000000000028
before anneal,848.298865910607,120.00000000000034
before anneal,849.6997998665777,120.00000000000041
before anneal,851.1007338225484,120.0000000000005
before anneal,852.501667778519,120.00000000000061
before anneal,853.9026017344897,120.00000000000074
before anneal,855.3035356904603,120.0000000000009
before anneal,856.7044696464309,120.0000000000011
before anneal,858.1054036024016,120.00000000000132
before anneal,859.5063375583723,120.0000000000016
before anneal,860.9072715143429,120.00000000000193
before anneal,862.3082054703135,120.00000000000234
before anneal,863.7091394262842,120.00000000000283
before anneal,865.1100733822548,120.00000000000342
before anneal,866.5110073382255,120.00000000000414
before anneal,867.9119412941961,120.00000000000499
before anneal,869.3128752501668,120.00000000000601
before anneal,870.7138092061374,120.00000000000725
before anneal,872.1147431621081,120.00000000000873
before anneal,873.5156771180787,120.0000000000105
before anneal,874.9166110740493,120.00000000001265
before anneal,876.31754503002,120.0000000000152
before anneal,877.7184789859907,120.00000000001828
before anneal,879.1194129419613,120.00000000002196
before anneal,880.520346897932,120.00000000002638
before anneal,881.9212808539025,120.00000000003165
before anneal,883.3222148098732,120.00000000003796
before anneal,884.7231487658439,120.0000000000455
before anneal,886.1240827218146,120.00000000005453
before anneal,887.5250166777852,120.00000000006528
before anneal,888.9259506337557,120.00000000007815
before anneal,890.3268845897264,120.00000000009348
before anneal,891.7278185456971,120.00000000011175
before anneal,893.1287525016678,120.00000000013354
before anneal,894.5296864576385,120.00000000015947
before anneal,895.9306204136091,120.00000000019035
before anneal,897.3315543695796,120.00000000022708
before anneal,898.7324883255503,120.00000000027075
before anneal,900.133422281521,120.00000000032264
before anneal,901.5343562374917,120.00000000038426
before anneal,902.9352901934624,120.0000000004574
before anneal,904.336224149433,120.00000000054418
before anneal,905.7371581054035,120.00000000064705
before anneal,907.1380920613742,120.00000000076896
before anneal,908.5390260173449,120.00000000091333
before anneal,909.9399599733156,120.00000000108423
before anneal,911.3408939292862,120.0000000012864
before anneal,912.7418278852568,120.00000000152542
before anneal,914.1427618412275,120.00000000180789
before anneal,915.5436957971981,120.00000000214149
before anneal,916.9446297531688,120.00000000253526
before anneal,918.3455637091395,120.0000000029998
before anneal,919.74649766511,120.00000000354753
before anneal,921.1474316210807,120.00000000419297
before anneal,922.5483655770514,120.00000000495315
before anneal,923.949299533022,120.00000000584797
before anneal,925.3502334889927,120.00000000690068
before anneal,926.7511674449632,120.00000000813844
before anneal,928.1521014009339,120.00000000959298
before anneal,929.5530353569046,120.00000001130134
before anneal,930.9539693128752,120.00000001330666
before anneal,932.3549032688459,120.00000001565927
before anneal,933.7558372248166,120.00000001841778
before anneal,935.1567711807871,120.00000002165041
before anneal,936.5577051367578,120.00000002543656
before anneal,937.9586390927285,120.00000002986853
before anneal,939.3595730486991,120.00000003505359
before anneal,940.7605070046698,120.00000004111634
before anneal,942.1614409606404,120.00000004820139
before anneal,943.562374916611,120.00000005647651
before anneal,944.9633088725817,120.00000006613622
before anneal,946.3642428285524,120.00000007740594
before anneal,947.765176784523,120.00000009054664
before anneal,949.1661107404937,120.00000010586042
before anneal,950.5670446964643,120.00000012369672
before anneal,951.9679786524349,120.00000014445945
before anneal,953.3689126084056,120.00000016861529
before anneal,954.7698465643763,120.0000001967031
before anneal,956.1707805203469,120.00000022934468
before anneal,957.5717144763175,120.00000026725718
before anneal,958.9726484322882,120.00000031126717
before anneal,960.3735823882588,120.00000036232684
before anneal,961.7745163442295,120.00000042153236
before anneal,963.1754503002002,120.00000049014501
before anneal,964.5763842561707,120.00000056961507
before anneal,965.9773182121414,120.00000066160929
before anneal,967.3782521681121,120.00000076804197
before anneal,968.7791861240827,120.00000089111047
before anneal,970.1801200800534,120.00000103333556
before anneal,971.581054036024,120.00000119760732
before anneal,972.9819879919946,120.00000138723725
before anneal,974.3829219479653,120.0000016060175
before anneal,975.783855903936,120.0000018582881
before anneal,977.1847898599066,120.00000214901304
before anneal,978.5857238158773,120.00000248386674
before anneal,979.9866577718478,120.00000286933178
before anneal,981.3875917278185,120.00000331280962
before anneal,982.7885256837892,120.00000382274584
before anneal,984.1894596397598,120.00000440877166
before anneal,985.5903935957305,120.0000050818638
before anneal,986.9913275517011,120.00000585452513
before anneal,988.3922615076717,120.0000067409881
before anneal,989.7931954636424,120.0000077574446
before anneal,991.1941294196131,120.00000892230449
before anneal,992.5950633755837,120.00001025648696
before anneal,993.9959973315543,120.00001178374838
before anneal,995.396931287525,120.00001353105075
before anneal,996.7978652434956,120.00001552897608
before anneal,998.1987991994663,120.00001781219144
before anneal,999.599733155437,120.00002041997108
before anneal,1001.0006671114076,120.00002339678188
before anneal,1002.4016010673782,120.00002679293961
before anneal,1003.8025350233489,120.00003066534389
before anneal,1005.2034689793195,120.00003507830085
before anneal,1006.6044029352902,120.00004010444339
before anneal,1008.0053368912609,120.00004582575963
before anneal,1009.4062708472314,120.00005233474201
before anneal,1010.8072048032021,120.0000597356698
before anneal,1012.2081387591728,120.00006814603985
before anneal,1013.6090727151434,120.00007769816165
before anneal,1015.0100066711141,120.00008854093403
before anneal,1016.4109406270848,120.00010084182341
before anneal,1017.8118745830553,120.00011478906437
before anneal,1019.212808539026,120.00013059410617
before anneal,1020.6137424949967,120.00014849433087
before anneal,1022.0146764509673,120.00016875607096
before anneal,1023.415610406938,120.00019167795722
before anneal,1024.8165443629086,120.00021759463057
before anneal,1026.2174783188793,120.00024688085436
before anneal,1027.61841227485,120.00027995606732
before anneal,1029.0193462308207,120.00031728942072
before anneal,1030.4202801867912,120.00035940534758
before anneal,1031.8212141427618,120.00040688971545
before anneal,1033.2221480987325,120.00046039661942
before anneal,1034.623082054703,120.00052065587651
before anneal,1036.0240160106737,120.00058848128815
before anneal,1037.4249499666444,120.00066477974273
before anneal,1038.825883922615,120.00075056123667
before anneal,1040.2268178785857,120.00084694989879
before anneal,1041.6277518345564,120.00095519610957
before anneal,1043.028685790527,120.00107668981448
before anneal,1044.4296197464978,120.00121297513847
before anneal,1045.8305537024683,120.00136576641705
before anneal,1047.231487658439,120.00153696576834
before anneal,1048.6324216144096,120.00172868234027
before anneal,1050.03335557038,120.00194325337692
before anneal,1051.4342895263508,120.00218326725889
before anneal,1052.8352234823215,120.00245158868394
before anneal,1054.2361574382921,120.00275138616631
before anneal,1055.6370913942628,120.00308616204532
before anneal,1057.0380253502335,120.00345978520795
before anneal,1058.4389593062042,120.00387652674358
before anneal,1059.8398932621749,120.00434109876396
before anneal,1061.2408272181456,120.00485869663733
before anneal,1062.641761174116,120.00543504490142
before anneal,1064.0426951300867,120.00607644713703
before anneal,1065.4436290860574,120.00678984010209
before anneal,1066.8445630420279,120.00758285244382
before anneal,1068.2454969979985,120.00846386832619
before anneal,1069.6464309539692,120.0094420963297
before anneal,1071.04736490994,120.01052764400072
before anneal,1072.4482988659106,120.01173159844912
before anneal,1073.8492328218813,120.01306611341471
before anneal,1075.250166777852,120.014544503245
before anneal,1076.6511007338227,120.01618134425034
before anneal,1078.0520346897933,120.01799258392515
before anneal,1079.4529686457638,120.0199956585486
before anneal,1080.8539026017345,120.02220961970134
before anneal,1082.2548365577052,120.02465527026003
before anneal,1083.6557705136756,120.02735531045532
before anneal,1085.0567044696463,120.03033449460412
before anneal,1086.457638425617,120.03361979915076
before anneal,1087.8585723815877,120.03724060267662
before anneal,1089.2595063375584,120.041228878561
before anneal,1090.660440293529,120.04561940100005
before anneal,1092.0613742494997,120.05044996511245
before anneal,1093.4623082054704,120.05576162188291
before anneal,1094.863242161441,120.06159892871482
before anneal,1096.2641761174116,120.06801021638255
before anneal,1097.6651100733823,120.07504787319198
before anneal,1099.0660440293527,120.08276864717305
before anneal,1100.4669779853234,120.09123396714253
before anneal,1101.867911941294,120.10051028348575
before anneal,1103.2688458972648,120.11066942951537
before anneal,1104.6697798532355,120.12178900427004
before anneal,1106.0707138092062,120.13395277761846
before anneal,1107.4716477651768,120.1472511185326
before anneal,1108.8725817211475,120.16178144738795
before anneal,1110.2735156771182,120.17764871313874
before anneal,1111.6744496330887,120.19496589620057
before anneal,1113.0753835890594,120.21385453785304
before anneal,1114.47631754503,120.23444529694791
before anneal,1115.8772515010005,120.25687853467733
before anneal,1117.2781854569712,120.2813049281162
before anneal,1118.6791194129419,120.30788611320826
before anneal,1120.0800533689126,120.33679535781106
before anneal,1121.4809873248832,120.36821826535423
before anneal,1122.881921280854,120.40235350959566
before anneal,1124.2828552368246,120.43941360088128
before anneal,1125.6837891927953,120.47962568422753
before anneal,1127.084723148766,120.52323236944682
before anneal,1128.4856571047364,120.57049259343042
before anneal,1129.8865910607071,120.62168251458434
before anneal,1131.2875250166778,120.67709643928588
before anneal,1132.6884589726483,120.73704778008884
before anneal,1134.089392928619,120.80187004525429
before anneal,1135.4903268845896,120.87191785902161
before anneal,1136.8912608405603,120.94756801185945
before anneal,1138.292194796531,121.02922053975107
before anneal,1139.6931287525017,121.11729983136877
before anneal,1141.0940627084724,121.2122557617826
before anneal,1142.494996664443,121.31456485112545
before anneal,1143.8959306204138,121.42473144640203
before anneal,1145.2968645763842,121.54328892438265
before anneal,1146.697798532355,121.67080091326508
before anneal,1148.0987324883254,121.80786253051761
before anneal,1149.499666444296,121.95510163403723
before anneal,1150.9006004002667,122.11318008346558
before anneal,1152.3015343562374,122.28279500820547
before anneal,1153.702468312208,122.46468007837208
before anneal,1155.1034022681788,122.65960677459503
before anneal,1156.5043362241495,122.8683856522638
before anneal,1157.9052701801202,123.09186759547846
before anneal,1159.3062041360909,123.3309450556324
before anneal,1160.7071380920613,123.58655326921512
before anneal,1162.108072048032,123.85967144908236
before anneal,1163.5090060040027,124.15132394309931
before anneal,1164.9099399599731,124.46258135372292
before anneal,1166.3108739159438,124.7945616117521
before anneal,1167.7118078719145,125.14843099714159
before anneal,1169.1127418278852,125.52540509945199
before anneal,1170.513675783856,125.92674971019079
before anneal,1171.9146097398266,126.35378163899537
before anneal,1173.3155436957973,126.80786944531889
before anneal,1174.716477651768,127.29043407700516
before anneal,1176.1174116077386,127.80294940688388
before anneal,1177.518345563709,128.34694265828367
before anneal,1178.9192795196798,128.92399471015236
before anneal,1180.3202134756505,129.53574027228936
before anneal,1181.721147431621,130.18386792104704
before anneal,1183.1220813875916,130.87011998573578
before anneal,1184.5230153435623,131.59629227588403
before anneal,1185.923949299533,132.3642336394638
before anneal,1187.3248832555037,133.17584534218418
before anneal,1188.7258172114744,134.03308025800007
before anneal,1190.126751167445,134.93794186107058
before anneal,1191.5276851234157,135.89248300953983
before anneal,1192.9286190793864,136.89880451170333
before anneal,1194.3295530353569,137.95905346536944
before anneal,1195.7304869913276,139.07542136152728
before anneal,1197.1314209472982,140.25014194379304
before anneal,1198.5323549032687,141.4854888155341
before anneal,1199.9332888592394,142.78377278705187
before anneal,1201.33422281521,144.14733895575512
before anneal,1202.7351567711808,145.57856351287657
before anneal,1204.1360907271514,147.07985027096228
before anneal,1205.5370246831221,148.65362690711555
before anneal,1206.9379586390928,150.30234091779616
before anneal,1208.3388925950635,152.028455281856
before anneal,1209.739826551034,153.8344438294473
before anneal,1211.1407605070046,155.72278631545603
before anneal,1212.5416944629753,157.69596319718883
before anneal,1213.9426284189458,159.75645011719848
before anneal,1215.3435623749165,161.90671209332538
before anneal,1216.7444963308872,164.14919741930032
before anneal,1218.1454302868578,166.4863312805756
before anneal,1219.5463642428285,168.92050909141258
before anneal,1220.9472981987992,171.4540895606751
before anneal,1222.34823215477,174.08938749523398
before anneal,1223.7491661107406,176.8286663513838
before anneal,1225.1501000667113,179.67413054620096
before anneal,1226.5510340226817,182.62791754232364
before anneal,1227.9519679786524,185.6920897212106
before anneal,1229.352901934623,188.86862606151024
before anneal,1230.7538358905936,192.15941364077648
before anneal,1232.1547698465642,195.5662389803441
before anneal,1233.555703802535,199.0907792547473
before anneal,1234.9566377585056,202.73459338864177
before anneal,1236.3575717144763,206.49911306569774
before anneal,1237.758505670447,210.38563367543634
before anneal,1239.1594396264177,214.3953052254228
before anneal,1240.5603735823884,218.52912324762005
before anneal,1241.961307538359,222.78791972903292
before anneal,1243.3622414943295,227.17235409801904
before anneal,1244.7631754503002,231.6829042988182
before anneal,1246.1641094062709,236.3198579879032
before anneal,1247.5650433622413,241.08330388675353
before anneal,1248.965977318212,245.97312332648502
before anneal,1250.3669112741827,250.98898202050458
before anneal,1251.7678452301534,256.13032210198435
before anneal,1253.168779186124,261.39635446338787
before anneal,1254.5697131420948,266.78605143561515
before anneal,1255.9706470980655,272.29813984449487
before anneal,1257.3715810540361,277.93109448235055
before anneal,1258.7725150100066,283.6831320322082
before anneal,1260.1734489659773,289.55220548187685
before anneal,1261.574382921948,295.53599906460073
before anneal,1262.9753168779184,301.63192376231643
before anneal,1264.3762508338891,307.8371134066385
before anneal,1265.7771847898598,314.14842141162717
before anneal,1267.1781187458305,320.56241817115983
before anneal,1268.5790527018012,327.0753891522488
before anneal,1269.9799866577719,333.6833337140298
before anneal,1271.3809206137425,340.38196468031686
before anneal,1272.7818545697132,347.1667086916159
before anneal,1274.182788525684,354.0327073602998
before anneal,1275.5837224816544,360.97481925028876
before anneal,1276.984656437625,367.9876227000565
before anneal,1278.3855903935957,375.0654195050715
before anneal,1279.7865243495662,382.2022394729762
before anneal,1281.187458305537,389.39184586179164
before anneal,1282.5883922615076,396.62774170831625
before anneal,1283.9893262174783,403.9031770506823
before anneal,1285.390260173449,411.21115704564966
before anneal,1286.7911941294196,418.5444509777966
before anneal,1288.1921280853903,425.89560215424683
before anneal,1289.593062041361,433.25693867498137
before anneal,1290.9939959973317,440.62058506515893
before anneal,1292.3949299533022,447.97847475220004
before anneal,1293.7958639092728,455.32236336672366
before anneal,1295.1967978652435,462.643842842728
before anneal,1296.597731821214,469.9343562887957
before anneal,1297.9986657771847,477.18521359846324
before anneal,1299.3995997331554,484.38760776434566
before anneal,1300.800533689126,491.53263185717043
before anneal,1302.2014676450967,498.6112966274619
before anneal,1303.6024016010674,505.61454868438943
before anneal,1305.003335557038,512.5332892031622
before anneal,1306.4042695130088,519.3583931093902
before anneal,1307.8052034689795,526.0807286860351
before anneal,1309.20613742495,532.6911775459666
before anneal,1310.6070713809206,539.1806549107478
before anneal,1312.008005336891,545.5401301340631
before anneal,1313.4089392928618,551.7606474063061
before anneal,1314.8098732488324,557.8333465750811
before anneal,1316.2108072048031,563.7494840149985
before anneal,1317.6117411607738,569.5004534789326
before anneal,1319.0126751167445,575.0778068620468
before anneal,1320.4136090727152,580.473274809301
before anneal,1321.8145430286859,585.6787870968478
before anneal,1323.2154769846566,590.6864927177453
before anneal,1324.616410940627,595.4887796027172
before anneal,1326.0173448965977,600.0782939073289
before anneal,1327.4182788525684,604.4479587978602
before anneal,1328.8192128085389,608.5909926694236
before anneal,1330.2201467645095,612.5009267314103
before anneal,1331.6210807204802,616.1716218971872
before anneal,1333.022014676451,619.5972849171393
before anneal,1334.4229486324216,622.7724836965609
before anneal,1335.8238825883923,625.6921617426185
before anneal,1337.224816544363,628.3516516875846
before anneal,1338.6257505003337,630.7466878387769
before anneal,1340.0266844563043,632.8734177090997
before anneal,1341.4276184122748,634.7284124857888
before anneal,1342.8285523682455,636.3086763988641
before anneal,1344.2294863242162,637.6116549548793
before anneal,1345.6304202801866,638.6352420058357
before anneal,1347.0313542361573,639.3777856275282
before anneal,1348.432288192128,639.8380927861419
before anneal,1349.8332221480987,640.0154327765689
before anneal,1351.2341561040694,639.9095394206429
before anneal,1352.63509006004,639.5206120182938
before anneal,1354.0360240160107,638.8493150494533
before anneal,1355.4369579719814,637.8967766293924
before anneal,1356.8378919279521,636.6645857250146
before anneal,1358.2388258839226,635.154788144425
before anneal,1359.6397598398933,633.3698813168544
before anneal,1361.040693795864,631.31280788468
before anneal,1362.4416277518344,628.9869481338475
before anneal,1363.842561707805,626.3961112934402
before anneal,1365.2434956637758,623.5445257394376
before anneal,1366.6444296197465,620.4368281418164
before anneal,1368.0453635757171,617.0780515980961
before anneal,1369.4462975316878,613.4736128001502
before anneal,1370.8472314876585,609.6292982846151
before anneal,1372.2481654436292,605.5512498204849
before anneal,1373.6490993995997,601.2459489904986
before anneal,1375.0500333555703,596.7202010256466
before anneal,1376.450967311541,591.9811179546093
before anneal,1377.8519012675115,587.0361011320697
before anneal,1379.2528352234822,581.8928232117316
before anneal,1380.6537691794529,576.55920963143
before anneal,1382.0547031354236,571.0434196789412
before anneal,1383.4556370913942,565.3538272080469
before anneal,1384.856571047365,559.499001075002
before anneal,1386.2575050033356,553.4876853658325
before anneal,1387.6584389593063,547.3287794848688
before anneal,1389.059372915277,541.0313181745523
before anneal,1390.4603068712474,534.6044515358972
before anneal,1391.8612408272181,528.0574251180111
before anneal,1393.2621747831888,521.3995601438268
before anneal,1394.6631087391593,514.6402339376009
before anneal,1396.06404269513,507.78886061793185
before anneal,1397.4649766511006,500.8548721179323
before anneal,1398.8659106070713,493.84769959180727
before anneal,1400.266844563042,486.7767552645162
before anneal,1401.6677785190127,479.6514147783479
before anneal,1403.0687124749834,472.4810000872034
before anneal,1404.469646430954,465.2747629461487
before anneal,1405.8705803869248,458.04186904039074
before anneal,1407.2715143428952,450.7913827942658
before anneal,1408.672448298866,443.5322528971161
before anneal,1410.0733822548366,436.27329857913253
before anneal,1411.474316210807,429.0231966662794
before anneal,1412.8752501667777,421.79046943944525
before anneal,1414.2761841227484,414.5834733189021
before anneal,1415.677118078719,407.41038839102026
before anneal,1417.0780520346898,400.2792087901009
before anneal,1418.4789859906605,393.1977339440428
before anneal,1419.8799199466312,386.17356068846004
before anneal,1421.2808539026018,379.21407624980174
before anneal,1422.6817878585723,372.32645209401454
before anneal,1424.082721814543,365.5176386333434
before anneal,1425.4836557705137,358.7943607800481
before anneal,1426.8845897264844,352.1631143320356
before anneal,1428.285523682455,345.63016317183906
before anneal,1429.6864576384255,339.20153725688124
before anneal,1431.0873915943962,332.88303137564407
before anneal,1432.4883255503669,326.6802046412412
before anneal,1433.8892595063376,320.59838069088715
before anneal,1435.2901934623083,314.64264855702146
before anneal,1436.691127418279,308.81786417325225
before anneal,1438.0920613742494,303.12865247594135
before anneal,1439.49299533022,297.57941006010634
before anneal,1440.8939292861908,292.17430834643784
before anneal,1442.2948632421615,286.91729721452737
before anneal,1443.6957971981321,281.8121090560124
before anneal,1445.0967311541028,276.86226320015203
before anneal,1446.4976651100733,272.07107066342525
before anneal,1447.898599066044,267.4416391740721
before anneal,1449.2995330220147,262.9768784220937
before anneal,1450.7004669779853,258.67950548504297
before anneal,1452.101400933956,254.55205038006184
before anneal,1453.5023348899265,250.59686169295074
before anneal,1454.9032688458972,246.8161122356614
before anneal,1456.3042028018679,243.21180468446298
before anneal,1457.7051367578385,239.78577715210275
before anneal,1459.1060707138092,236.53970864863405
before anneal,1460.50700466978,233.4751243871333
before anneal,1461.9079386257504,230.59340089231924
before anneal,1463.308872581721,227.89577087208733
before anneal,1464.7098065376917,225.3833278141916
before anneal,1466.1107404936624,223.05703027269982
before anneal,1467.5116744496331,220.9177058114591
before anneal,1468.9126084056038,218.96605457457096
before anneal,1470.3135423615743,217.20265245681387
before anneal,1471.714476317545,215.6279538500339
before anneal,1473.1154102735156,214.24229394475347
before anneal,1474.5163442294863,213.0458905695836
before anneal,1475.917278185457,212.0388455544874
before anneal,1477.3182121414277,211.2211456074826
before anneal,1478.7191460973982,210.59266269799318
before anneal,1480.1200800533688,210.1531539437396
before anneal,1481.5210140093395,209.90226100178074
before anneal,1482.9219479653102,209.83950896806283
before anneal,1484.322881921281,209.96430479358787
before anneal,1485.7238158772516,210.27593522904803
before anneal,1487.124749833222,210.77356431348642
before anneal,1488.5256837891927,211.45623042619906
before anneal,1489.9266177451634,212.32284292468387
before anneal,1491.327551701134,213.3721783949457
before anneal,1492.7284856571048,214.6028765438568
before anneal,1494.1294196130755,216.01343576654324
before anneal,1495.530353569046,217.6022084248887
before anneal,1496.9312875250166,219.36739587620787
before anneal,1498.3322214809873,221.30704329391435
before anneal,1499.733155436958,223.41903432459372
before anneal,1501.1340893929287,225.70108562824504
before anneal,1502.5350233488994,228.15074135058785
before anneal,1503.9359573048698,230.76536757820713
before anneal,1505.3368912608405,233.5421468289299
before anneal,1506.7378252168112,236.47807263115493
before anneal,1508.1387591727819,239.56994424692155
before anneal,1509.5396931287526,242.81436159423535
before anneal,1510.940627084723,246.2077204246143
before anneal,1512.3415610406937,249.7462078119338
before anneal,1513.7424949966644,253.4257980084286
before anneal,1515.143428952635,257.24224872318473
before anneal,1516.5443629086058,261.1910978775544
before anneal,1517.9452968645764,265.2676608907206
before anneal,1519.346230820547,269.4670285470769
before anneal,1520.7471647765176,273.78406549519696
before anneal,1522.1480987324883,278.2134094259303
before anneal,1523.549032688459,282.74947097462695
before anneal,1524.9499666444297,287.3864343895973
before anneal,1526.3509006004003,292.1182590057441
before anneal,1527.7518345563708,296.9386815588146
before anneal,1529.1527685123415,301.84121937196323
before anneal,1530.5537024683122,306.8191744422629
before anneal,1531.9546364242829,311.8656384505481
before anneal,1533.3555703802535,316.97349871342993
before anneal,1534.7565043362242,322.13544509161756
before anneal,1536.1574382921947,327.3439778637648
before anneal,1537.5583722481654,332.59141657000123
before anneal,1538.959306204136,337.86990982408315
before anneal,1540.3602401601067,343.1714460878266
before anneal,1541.7611741160774,348.4878653960667
before anneal,1543.162108072048,353.8108720149771
before anneal,1544.5630420280186,359.13204801113113
before anneal,1545.9639759839893,364.44286770326414
before anneal,1547.36490993996,369.73471296329996
before anneal,1548.7658438959306,374.99888932793795
before anneal,1550.1667778519013,380.2266428768852
before anneal,1551.567711807872,385.4091778288025
before anneal,1552.9686457638425,390.5376748011713
before anneal,1554.3695797198131,395.6033096756562
before anneal,1555.7705136757838,400.59727300611706
before anneal,1557.1714476317545,405.5107899023327
before anneal,1558.5723815877252,410.3351403186408
before anneal,1559.9733155436957,415.06167967322216
before anneal,1561.3742494996663,419.68185972061644
before anneal,1562.775183455637,424.18724959727626
before anneal,1564.1761174116077,428.56955695763475
before anneal,1565.5770513675784,432.82064911618687
before anneal,1566.977985323549,436.93257410959586
before anneal,1568.3789192795196,440.8975815917731
before anneal,1569.7798532354902,444.7081434742877
before anneal,1571.180787191461,448.3569742243267
before anneal,1572.5817211474316,451.8370507327981
before anneal,1573.9826551034023,455.14163166598115
before anneal,1575.383589059373,458.26427621544804
before anneal,1576.7845230153434,461.1988621627657
before anneal,1578.1854569713141,463.9396031777434
before anneal,1579.5863909272848,466.4810652716957
before anneal,1580.9873248832555,468.8181823303713
before anneal,1582.3882588392262,470.9462706547728
before anneal,1583.7891927951969,472.8610424421072
before anneal,1585.1901267511673,474.5586181435048
before anneal,1586.591060707138,476.0355376399075
before anneal,1587.9919946631087,477.2887701826308
before anneal,1589.3929286190794,478.31572305053237
before anneal,1590.79386257505,479.11424888140925
before anneal,1592.1947965310208,479.6826516412012
before anneal,1593.5957304869912,480.019691200742
before anneal,1594.996664442962,480.1245864961366
before anneal,1596.3975983989326,479.99701725532884
before anneal,1597.7985323549033,479.63712428000895
before anneal,1599.199466310874,479.04550827865495
before anneal,1600.6004002668446,478.22322725318253
before anneal,1602.001334222815,477.1717924483286
before anneal,1603.4022681787858,475.8931628795037
before anneal,1604.8032021347565,474.3897384613608
before anneal,1606.2041360907272,472.6643517657019
before anneal,1607.6050700466978,470.7202584435649
before anneal,1609.0060040026685,468.56112635233626
before anneal,1610.406937958639,466.19102343450754
before anneal,1611.8078719146097,463.61440440018924
before anneal,1613.2088058705804,460.836096270701
before anneal,1614.609739826551,457.86128284541036
before anneal,1616.0106737825217,454.69548815851476
before anneal,1617.4116077384922,451.34455899658303
before anneal,1618.8125416944629,447.8146465513986
before anneal,1620.2134756504336,444.11218728596566
before anneal,1621.6144096064043,440.2438830943909
before anneal,1623.015343562375,436.2166808387972
before anneal,1624.4162775183456,432.03775134837844
before anneal,1625.817211474316,427.7144679672148
before anneal,1627.2181454302868,423.2543847384941
before anneal,1628.6190793862575,418.6652143133684
before anneal,1630.0200133422281,413.9548056727559
before anneal,1631.4209472981988,409.13112175006256
before anneal,1632.8218812541695,404.20221704198036
before anneal,1634.22281521014,399.1762152932802
before anneal,1635.6237491661107,394.0612873398368
before anneal,1637.0246831220813,388.8656291920689
before anneal,1638.425617078052,383.5974404384751
before anneal,1639.8265510340227,378.2649030461429
before anneal,1641.2274849899934,372.8761606319102
before anneal,1642.6284189459639,367.4392982743609
before anneal,1644.0293529019345,361.9623229330379
before anneal,1645.4302868579052,356.45314453721295
before anneal,1646.831220813876,350.9195578022229
before anneal,1648.2321547698466,345.3692248269113
before anneal,1649.6330887258173,339.80965852100906
before anneal,1651.0340226817877,334.24820690647465
before anneal,1652.4349566377584,328.69203833186117
before anneal,1653.8358905937291,323.1481276337733
before anneal,1655.2368245496998,317.6232432743745
before anneal,1656.6377585056705,312.1239354788316
before anneal,1658.0386924616412,306.65652539148493
before anneal,1659.4396264176116,301.22709526448244
before anneal,1660.8405603735823,295.84147968762863
before anneal,1662.241494329553,290.50525786332423
before anneal,1663.6424282855237,285.2237469256695
before anneal,1665.0433622414944,280.00199629820366
before anneal,1666.444296197465,274.8447830802689
before anneal,1667.8452301534355,269.7566084477153
before anneal,1669.2461641094062,264.7416950495802
before anneal,1670.647098065377,259.8039853785412
before anneal,1672.0480320213476,254.94714108929386
before anneal,1673.4489659773183,250.1745432356709
before anneal,1674.8498999332887,245.48929339419522
before anneal,1676.2508338892594,240.89421563892427
before anneal,1677.65176784523,236.39185932990154
before anneal,1679.0527018012008,231.9845026752254
before anneal,1680.4536357571715,227.67415702478309
before anneal,1681.8545697131422,223.46257185197436
before anneal,1683.2555036691126,219.35124037833742
before anneal,1684.6564376250833,215.34140579484446
before anneal,1686.057371581054,211.43406803279254
before anneal,1687.4583055370247,207.62999103660366
before anneal,1688.8592394929954,203.92971049055222
before anneal,1690.260173448966,200.33354195135888
before anneal,1691.6611074049365,196.84158933877796
before anneal,1693.0620413609072,193.45375373671834
before anneal,1694.4629753168779,190.1697424580904
before anneal,1695.8639092728486,186.98907832740184
before anneal,1697.2648432288192,183.911109136193
before anneal,1698.66577718479,180.93501722761658
before anneal,1700.0667111407604,178.05982916786746
before anneal,1701.467645096731,175.28442546370937
before anneal,1702.8685790527018,172.6075502870353
before anneal,1704.2695130086724,170.02782116918425
before anneal,1705.6704469646431,167.5437386296552
before anneal,1707.0713809206138,165.15369570584394
before anneal,1708.4723148765843,162.85598735249386
before anneal,1709.873248832555,160.64881968167234
before anneal,1711.2741827885256,158.5303190162548
before anneal,1712.6751167444963,156.4985407320765
before anneal,1714.076050700467,154.55147786613213
before anneal,1715.4769846564377,152.68706947040025
before anneal,1716.8779186124082,150.90320869306709
before anneal,1718.2788525683789,149.19775057109317
before anneal,1719.6797865243495,147.56851952020685
before anneal,1721.0807204803202,146.01331651049074
before anneal,1722.481654436291,144.5299259177726
before anneal,1723.8825883922616,143.11612204300056
before anneal,1725.283522348232,141.76967529368622
before anneal,1726.6844563042027,140.48835802332377
before anneal,1728.0853902601734,139.2699500264389
before anneal,1729.486324216144,138.11224368856702
before anneal,1730.8872581721148,137.01304879202863
before anneal,1732.2881921280853,135.9701969798291
before anneal,1733.689126084056,134.98154588137643
before anneal,1735.0900600400266,134.04498290497864
before anneal,1736.4909939959973,133.15842870323965
before anneal,1737.891927951968,132.31984031853986
before anneal,1739.2928619079387,131.52721401674364
before anneal,1740.6937958639091,130.77858781813518
before anneal,1742.0947298198798,130.07204373534358
before anneal,1743.4956637758505,129.4057097286809
before anneal,1744.8965977318212,128.77776138988114
before anneal,1746.297531687792,128.18642336570656
before anneal,1747.6984656437626,127.62997053327196
before anneal,1749.099399599733,127.10672893923989
before anneal,1750.5003335557037,126.61507651525946
before anneal,1751.9012675116744,126.15344358216737
before anneal,1753.302201467645,125.72031315553714
before anneal,1754.7031354236158,125.31422106516962
before anneal,1756.1040693795865,124.93375590105582
before anneal,1757.505003335557,124.57755879822518
before anneal,1758.9059372915276,124.24432307272014
before anneal,1760.3068712474983,123.93279372071741
before anneal,1761.707805203469,123.64176679254949
before anneal,1763.1087391594397,123.37008865307642
before anneal,1764.5096731154104,123.11665513951716
before anneal,1765.9106070713808,122.88041062747942
before anneal,1767.3115410273515,122.66034701553004
before anneal,1768.7124749833222,122.45550263823016
before anneal,1770.1134089392929,122.26496111712095
before anneal,1771.5143428952636,122.08785015869657
before anneal,1772.9152768512342,121.9233403079381
before anneal,1774.3162108072047,121.77064366551434
before anneal,1775.7171447631754,121.62901257628167
before anneal,1777.118078719146,121.49773829624246
before anneal,1778.5190126751168,121.37614964464812
before anneal,1779.9199466310874,121.26361164746584
before anneal,1781.320880587058,121.15952417796606
before anneal,1782.7218145430286,121.0633205997351
before anneal,1784.1227484989993,120.97446641697438
before anneal,1785.52368245497,120.89245793651746
before anneal,1786.9246164109406,120.81682094557881
before anneal,1788.3255503669113,120.74710940884593
before anneal,1789.7264843228818,120.68290418813925
before anneal,1791.1274182788525,120.62381178749432
before anneal,1792.5283522348232,120.56946312616807
before anneal,1793.9292861907938,120.51951234173428
before anneal,1795.3302201467645,120.47363562511778
before anneal,1796.7311541027352,120.43153008911686
before anneal,1798.1320880587057,120.39291267168255
before anneal,1799.5330220146764,120.35751907496214
before anneal,1800.933955970647,120.32510274086914
before anneal,1802.3348899266177,120.2954338637158
before anneal,1803.7358238825884,120.2682984402364
before anneal,1805.136757838559,120.2434973571372
before anneal,1806.5376917945296,120.22084551613406
before anneal,1807.9386257505003,120.20017099628123
before anneal,1809.339559706471,120.18131425325008
before anneal,1810.7404936624416,120.16412735508962
before anneal,1812.1414276184123,120.14847325388595
before anneal,1813.542361574383,120.13422509263758
before anneal,1814.9432955303535,120.12126554657607
before anneal,1816.3442294863241,120.10948619808556
before anneal,1817.7451634422948,120.09878694431113
before anneal,1819.1460973982655,120.08907543649194
before anneal,1820.5470313542362,120.08026655001206
before anneal,1821.9479653102069,120.0722818841269
before anneal,1823.3488992661773,120.06504929029782
before anneal,1824.749833222148,120.05850242804927
before anneal,1826.1507671781187,120.05258034725138
before anneal,1827.5517011340894,120.04722709572754
before anneal,1828.95263509006,120.04239135108652
before anneal,1830.3535690460308,120.03802607568672
before anneal,1831.7545030020012,120.03408819365038
before anneal,1833.155436957972,120.03053828886193
before anneal,1834.5563709139426,120.02734032290363
before anneal,1835.9573048699133,120.02446137190327
before anneal,1837.358238825884,120.02187138129548
before anneal,1838.7591727818544,120.01954293752343
before anneal,1840.1601067378251,120.01745105573869
before anneal,1841.5610406937958,120.0155729825873
before anneal,1842.9619746497665,120.01388801320164
before anneal,1844.3629086057372,120.01237732155114
before anneal,1845.7638425617079,120.01102380333886
before anneal,1847.1647765176783,120.00981193066363
before anneal,1848.565710473649,120.00872761770302
before anneal,1849.9666444296197,120.00775809670529
before anneal,1851.3675783855904,120.00689180361293
before anneal,1852.768512341561,120.00611827267367
before anneal,1854.1694462975317,120.00542803942741
before anneal,1855.5703802535022,120.00481255149025
before anneal,1856.971314209473,120.00426408658768
before anneal,1858.3722481654436,120.00377567732025
before anneal,1859.7731821214143,120.00334104217374
before anneal,1861.174116077385,120.00295452231575
before anneal,1862.5750500333556,120.00261102374732
before anneal,1863.975983989326,120.00230596440518
before anneal,1865.3769179452968,120.00203522583575
before anneal,1866.7778519012675,120.00179510908634
before anneal,1868.1787858572382,120.00158229448239
before anneal,1869.5797198132088,120.00139380498173
before anneal,1870.9806537691795,120.00122697281783
before anneal,1872.38158772515,120.00107940916432
before anneal,1873.7825216811207,120.00094897657169
before anneal,1875.1834556370914,120.00083376394511
before anneal,1876.584389593062,120.00073206384941
before anneal,1877.9853235490327,120.00064235194263
before anneal,1879.3862575050034,120.00056326835512
before anneal,1880.7871914609739,120.00049360084472
before anneal,1882.1881254169446,120.00043226957186
before anneal,1883.5890593729152,120.00037831335078
before anneal,1884.989993328886,120.00033087724442
before anneal,1886.3909272848566,120.00028920138126
before anneal,1887.7918612408273,120.00025261088237
before anneal,1889.1927951967978,120.0002205067961
before anneal,1890.5937291527684,120.00019235794676
before anneal,1891.9946631087391,120.00016769361102
before anneal,1893.3955970647098,120.00014609694377
before anneal,1894.7965310206805,120.00012719908156
before anneal,1896.197464976651,120.00011067385826
before anneal,1897.5983989326216,120.0000962330733
before anneal,1898.9993328885923,120.00008362225815
before anneal,1900.400266844563,120.00007261689197
before anneal,1901.8012008005337,120.00006301902116
before anneal,1903.2021347565044,120.00005465424253
before anneal,1904.6030687124749,120.00004736901309
before anneal,1906.0040026684455,120.00004102825288
before anneal,1907.4049366244162,120.00003551321095
before anneal,1908.805870580387,120.00003071956692
before anneal,1910.2068045363576,120.00002655574362
before anneal,1911.6077384923283,120.00002294140836
before anneal,1913.0086724482987,120.00001980614317
before anneal,1914.4096064042694,120.00001708826551
before anneal,1915.81054036024,120.00001473378346
before anneal,1917.2114743162108,120.00001269547084
before anneal,1918.6124082721815,120.00001093204907
before anneal,1920.0133422281522,120.00000940746395
before anneal,1921.4142761841226,120.00000809024705
before anneal,1922.8152101400933,120.00000695295205
before anneal,1924.216144096064,120.00000597165784
before anneal,1925.6170780520347,120.00000512553056
before anneal,1927.0180120080054,120.00000439643817
before anneal,1928.418945963976,120.00000376861126
before anneal,1929.8198799199465,120.00000322834504
before anneal,1931.2208138759172,120.00000276373741
before anneal,1932.621747831888,120.00000236445929
before anneal,1934.0226817878586,120.00000202155302
before anneal,1935.4236157438293,120.00000172725579
before anneal,1936.8245496998,120.0000014748451
before anneal,1938.2254836557704,120.00000125850342
before anneal,1939.626417611741,120.00000107319987
before anneal,1941.0273515677118,120.00000091458706
before anneal,1942.4282855236825,120.00000077891082
before anneal,1943.8292194796531,120.00000066293147
before anneal,1945.2301534356236,120.00000056385544
before anneal,1946.6310873915943,120.0000004792754
before anneal,1948.032021347565,120.0000004071184
before anneal,1949.4329553035357,120.00000034560067
before anneal,1950.8338892595063,120.0000002931883
before anneal,1952.234823215477,120.00000024856324
before anneal,1953.6357571714475,120.00000021059373
before anneal,1955.0366911274182,120.00000017830855
before anneal,1956.4376250833889,120.00000015087495
before anneal,1957.8385590393596,120.00000012757934
before anneal,1959.2394929953302,120.00000010781068
before anneal,1960.640426951301,120.00000009104613
before anneal,1962.0413609072714,120.00000007683859
before anneal,1963.442294863242,120.00000006480604
before anneal,1964.8432288192128,120.00000005462229
before anneal,1966.2441627751834,120.00000004600896
before anneal,1967.6450967311541,120.00000003872873
before anneal,1969.0460306871248,120.00000003257934
before anneal,1970.4469646430953,120.00000002738858
before anneal,1971.847898599066,120.00000002300992
before anneal,1973.2488325550366,120.00000001931875
before anneal,1974.6497665110073,120.00000001620917
before anneal,1976.050700466978,120.0000000135913
before anneal,1977.4516344229487,120.00000001138883
before anneal,1978.8525683789192,120.00000000953709
before anneal,1980.2535023348898,120.00000000798126
before anneal,1981.6544362908605,120.0000000066749
before anneal,1983.0553702468312,120.00000000557873
before anneal,1984.456304202802,120.00000000465957
before anneal,1985.8572381587726,120.00000000388931
before anneal,1987.258172114743,120.00000000324428
before anneal,1988.6591060707137,120.00000000270448
before anneal,1990.0600400266844,120.00000000225302
before anneal,1991.460973982655,120.00000000187572
before anneal,1992.8619079386258,120.00000000156058
before anneal,1994.2628418945965,120.00000000129755
before anneal,1995.663775850567,120.00000000107815
before anneal,1997.0647098065376,120.00000000089527
before anneal,1998.4656437625083,120.00000000074293
before anneal,1999.866577718479,120.0000000006161
before anneal,2001.2675116744497,120.0000000005106
before anneal,2002.6684456304201,120.00000000042289
before anneal,2004.0693795863908,120.00000000035003
before anneal,2005.4703135423615,120.00000000028952
before anneal,2006.8712474983322,120.00000000023933
before anneal,2008.2721814543029,120.0000000001977
before anneal,2009.6731154102736,120.00000000016321
before anneal,2011.074049366244,120.00000000013465
before anneal,2012.4749833222147,120.00000000011102
before anneal,2013.8759172781854,120.00000000009146
before anneal,2015.276851234156,120.00000000007532
before anneal,2016.6777851901268,120.00000000006197
before anneal,2018.0787191460975,120.00000000005096
before anneal,2019.479653102068,120.00000000004188
before anneal,2020.8805870580386,120.00000000003439
before anneal,2022.2815210140093,120.00000000002822
before anneal,2023.68245496998,120.00000000002315
before anneal,2025.0833889259507,120.00000000001897
before anneal,2026.4843228819213,120.00000000001555
before anneal,2027.8852568378918,120.00000000001272
before anneal,2029.2861907938625,120.00000000001042
before anneal,2030.6871247498332,120.00000000000851
before anneal,2032.0880587058039,120.00000000000695
before anneal,2033.4889926617745,120.00000000000568
before anneal,2034.8899266177452,120.00000000000463
before anneal,2036.2908605737157,120.00000000000378
before anneal,2037.6917945296864,120.00000000000308
before anneal,2039.092728485657,120.0000000000025
before anneal,2040.4936624416277,120.00000000000205
before anneal,2041.8945963975984,120.00000000000166
before anneal,2043.2955303535691,120.00000000000135
before anneal,2044.6964643095396,120.0000000000011
before anneal,2046.0973982655103,120.0000000000009
before anneal,2047.498332221481,120.00000000000072
before anneal,2048.899266177452,120.00000000000058
before anneal,2050.3002001334225,120.00000000000047
before anneal,2051.7011340893932,120.00000000000038
before anneal,2053.1020680453635,120.00000000000031
before anneal,2054.503002001334,120.00000000000026
before anneal,2055.903935957305,120.0000000000002
before anneal,2057.3048699132755,120.00000000000017
before anneal,2058.705803869246,120.00000000000013
before anneal,2060.1067378252164,120.0000000000001
before anneal,2061.507671781187,120.00000000000009
before anneal,2062.908605737158,120.00000000000007
before anneal,2064.3095396931285,120.00000000000006
before anneal,2065.710473649099,120.00000000000004
before anneal,2067.11140760507,120.00000000000004
before anneal,2068.5123415610406,120.00000000000003
before anneal,2069.9132755170112,120.00000000000003
before anneal,2071.314209472982,120.00000000000001
before anneal,2072.7151434289526,120.00000000000001
before anneal,2074.1160773849233,120.00000000000001
before anneal,2075.517011340894,120.00000000000001
before anneal,2076.9179452968647,120.00000000000001
before anneal,2078.3188792528354,120.0
before anneal,2079.719813208806,120.0
before anneal,2081.1207471647767,120.0
before anneal,2082.5216811207474,120.0
before anneal,2083.922615076718,120.0
before anneal,2085.3235490326883,120.0
before anneal,2086.724482988659,120.0
before anneal,2088.1254169446297,120.0
before anneal,2089.5263509006004,120.0
before anneal,2090.927284856571,120.0
before anneal,2092.3282188125418,120.0
before anneal,2093.729152768512,120.0
before anneal,2095.1300867244827,120.0
before anneal,2096.5310206804534,120.0
before anneal,2097.931954636424,120.0
before anneal,2099.3328885923947,120.0
before anneal,2100.7338225483654,120.0
before anneal,2102.134756504336,120.0
before anneal,2103.535690460307,120.0
before anneal,2104.9366244162775,120.0
before anneal,2106.337558372248,120.0
before anneal,2107.738492328219,120.0
before anneal,2109.1394262841895,120.0
before anneal,2110.54036024016,120.0
before anneal,2111.941294196131,120.0
before anneal,2113.3422281521016,120.0
before anneal,2114.7431621080723,120.0
before anneal,2116.144096064043,120.0
before anneal,2117.545030020013,120.0
before anneal,2118.945963975984,120.0
before anneal,2120.3468979319546,120.0
before anneal,2121.7478318879253,120.0
before anneal,2123.148765843896,120.0
before anneal,2124.5496997998666,120.0
before anneal,2125.950633755837,120.0
before anneal,2127.3515677118075,120.0
before anneal,2128.7525016677782,120.0
before anneal,2130.153435623749,120.0
before anneal,2131.5543695797196,120.0
before anneal,2132.9553035356903,120.0
before anneal,2134.356237491661,120.0
before anneal,2135.7571714476317,120.0
before anneal,2137.1581054036023,120.0
before anneal,2138.559039359573,120.0
before anneal,2139.9599733155437,120.0
before anneal,2141.3609072715144,120.0
before anneal,2142.761841227485,120.0
before anneal,2144.162775183456,120.0
before anneal,2145.5637091394265,120.0
before anneal,2146.964643095397,120.0
before anneal,2148.365577051368,120.0
before anneal,2149.7665110073385,120.0
before anneal,2151.1674449633088,120.0
before anneal,2152.5683789192794,120.0
before anneal,2153.96931287525,120.0
before anneal,2155.370246831221,120.0
before anneal,2156.7711807871915,120.0
before anneal,2158.172114743162,120.0
before anneal,2159.5730486991324,120.0
before anneal,2160.973982655103,120.0
before anneal,2162.374916611074,120.0
before anneal,2163.7758505670445,120.0
before anneal,2165.176784523015,120.0
before anneal,2166.577718478986,120.0
before anneal,2167.9786524349565,120.0
before anneal,2169.379586390927,120.0
before anneal,2170.780520346898,120.0
before anneal,2172.1814543028686,120.0
before anneal,2173.5823882588393,120.0
before anneal,2174.98332221481,120.0
before anneal,2176.3842561707806,120.0
before anneal,2177.7851901267513,120.0
before anneal,2179.186124082722,120.0
before anneal,2180.5870580386927,120.0
before anneal,2181.9879919946634,120.0
before anneal,2183.3889259506336,120.0
before anneal,2184.7898599066043,120.0
before anneal,2186.190793862575,120.0
before anneal,2187.5917278185457,120.0
before anneal,2188.9926617745164,120.0
before anneal,2190.393595730487,120.0
before anneal,2191.7945296864573,120.0
before anneal,2193.195463642428,120.0
before anneal,2194.5963975983987,120.0
before anneal,2195.9973315543693,120.0
before anneal,2197.39826551034,120.0
before anneal,2198.7991994663107,120.0
before anneal,2200.2001334222814,120.0
before anneal,2201.601067378252,120.0
before anneal,2203.0020013342228,120.0
before anneal,2204.4029352901935,120.0
before anneal,2205.803869246164,120.0
before anneal,2207.204803202135,120.0
before anneal,2208.6057371581055,120.0
before anneal,2210.006671114076,120.0
before anneal,2211.407605070047,120.0
before anneal,2212.8085390260176,120.0
before anneal,2214.2094729819883,120.0
before anneal,2215.610406937959,120.0
before anneal,2217.011340893929,120.0
before anneal,2218.4122748499,120.0
before anneal,2219.8132088058705,120.0
before anneal,2221.2141427618412,120.0
before anneal,2222.615076717812,120.0
before anneal,2224.016010673782,120.0
before anneal,2225.416944629753,120.0
before anneal,2226.8178785857235,120.0
before anneal,2228.218812541694,120.0
before anneal,2229.619746497665,120.0
before anneal,2231.0206804536356,120.0
before anneal,2232.4216144096063,120.0
before anneal,2233.822548365577,120.0
before anneal,2235.2234823215476,120.0
before anneal,2236.6244162775183,120.0
before anneal,2238.025350233489,120.0
before anneal,2239.4262841894597,120.0
before anneal,2240.8272181454304,120.0
before anneal,2242.228152101401,120.0
before anneal,2243.6290860573718,120.0
before anneal,2245.0300200133424,120.0
before anneal,2246.430953969313,120.0
before anneal,2247.831887925284,120.0
before anneal,2249.232821881254,120.0
before anneal,2250.6337558372247,120.0
before anneal,2252.0346897931954,120.0
before anneal,2253.435623749166,120.0
before anneal,2254.836557705137,120.0
before anneal,2256.2374916611075,120.0
before anneal,2257.6384256170777,120.0
before anneal,2259.0393595730484,120.0
before anneal,2260.440293529019,120.0
before anneal,2261.8412274849898,120.0
before anneal,2263.2421614409604,120.0
before anneal,2264.643095396931,120.0
before anneal,2266.044029352902,120.0
before anneal,2267.4449633088725,120.0
before anneal,2268.845897264843,120.0
before anneal,2270.246831220814,120.0
before anneal,2271.6477651767846,120.0
before anneal,2273.0486991327552,120.0
before anneal,2274.449633088726,120.0
before anneal,2275.8505670446966,120.0
before anneal,2277.2515010006673,120.0
before anneal,2278.652434956638,120.0
before anneal,2280.0533689126087,120.0
before anneal,2281.454302868579,120.0
before anneal,2282.8552368245496,120.0
before anneal,2284.2561707805203,120.0
before anneal,2285.657104736491,120.0
before anneal,2287.0580386924617,120.0
before anneal,2288.4589726484323,120.0
before anneal,2289.8599066044026,120.0
before anneal,2291.2608405603733,120.0
before anneal,2292.661774516344,120.0
before anneal,2294.0627084723146,120.0
before anneal,2295.4636424282853,120.0
before anneal,2296.864576384256,120.0
before anneal,2298.2655103402267,120.0
before anneal,2299.6664442961974,120.0
before anneal,2301.067378252168,120.0
before anneal,2302.4683122081387,120.0
before anneal,2303.8692461641094,120.0
before anneal,2305.27018012008,120.0
before anneal,2306.671114076051,120.0
before anneal,2308.0720480320215,120.0
before anneal,2309.472981987992,120.0
before anneal,2310.873915943963,120.0
before anneal,2312.2748498999335,120.0
before anneal,2313.6757838559042,120.0
before anneal,2315.0767178118745,120.0
before anneal,2316.477651767845,120.0
before anneal,2317.878585723816,120.0
before anneal,2319.2795196797865,120.0
before anneal,2320.680453635757,120.0
before anneal,2322.081387591728,120.0
before anneal,2323.482321547698,120.0
before anneal,2324.883255503669,120.0
before anneal,2326.2841894596395,120.0
before anneal,2327.68512341561,120.0
before anneal,2329.086057371581,120.0
before anneal,2330.4869913275516,120.0
before anneal,2331.8879252835222,120.0
before anneal,2333.288859239493,120.0
before anneal,2334.6897931954636,120.0
before anneal,2336.0907271514343,120.0
before anneal,2337.491661107405,120.0
before anneal,2338.8925950633757,120.0
before anneal,2340.2935290193464,120.0
before anneal,2341.694462975317,120.0
before anneal,2343.0953969312877,120.0
before anneal,2344.4963308872584,120.0
before anneal,2345.897264843229,120.0
before anneal,2347.2981987991993,120.0
before anneal,2348.69913275517,120.0
before anneal,2350.1000667111407,120.0
before anneal,2351.5010006671114,120.0
before anneal,2352.901934623082,120.0
before anneal,2354.3028685790528,120.0
before anneal,2355.703802535023,120.0
before anneal,2357.1047364909937,120.0
before anneal,2358.5056704469644,120.0
before anneal,2359.906604402935,120.0
before anneal,2361.3075383589057,120.0
before anneal,2362.7084723148764,120.0
before anneal,2364.109406270847,120.0
before anneal,2365.510340226818,120.0
before anneal,2366.9112741827885,120.0
before anneal,2368.312208138759,120.0
before anneal,2369.71314209473,120.0
before anneal,2371.1140760507005,120.0
before anneal,2372.515010006671,120.0
before anneal,2373.915943962642,120.0
before anneal,2375.3168779186126,120.0
before anneal,2376.7178118745833,120.0
before anneal,2378.118745830554,120.0
before anneal,2379.5196797865246,120.0
before anneal,2380.920613742495,120.0
before anneal,2382.3215476984656,120.0
before anneal,2383.7224816544363,120.0
before anneal,2385.123415610407,120.0
before anneal,2386.5243495663776,120.0
before anneal,2387.925283522348,120.0
before anneal,2389.3262174783185,120.0
before anneal,2390.727151434289,120.0
before anneal,2392.12808539026,120.0
before anneal,2393.5290193462306,120.0
before anneal,2394.9299533022013,120.0
before anneal,2396.330887258172,120.0
before anneal,2397.7318212141427,120.0
before anneal,2399.1327551701133,120.0
before anneal,2400.533689126084,120.0
before anneal,2401.9346230820547,120.0
before anneal,2403.3355570380254,120.0
before anneal,2404.736490993996,120.0
before anneal,2406.1374249499668,120.0
before anneal,2407.5383589059375,120.0
before anneal,2408.939292861908,120.0
before anneal,2410.340226817879,120.0
before anneal,2411.7411607738495,120.0
before anneal,2413.1420947298197,120.0
before anneal,2414.5430286857904,120.0
before anneal,2415.943962641761,120.0
before anneal,2417.344896597732,120.0
before anneal,2418.7458305537025,120.0
before anneal,2420.146764509673,120.0
before anneal,2421.5476984656434,120.0
before anneal,2422.948632421614,120.0
before anneal,2424.349566377585,120.0
before anneal,2425.7505003335555,120.0
before anneal,2427.151434289526,120.0
before anneal,2428.552368245497,120.0
before anneal,2429.9533022014675,120.0
before anneal,2431.354236157438,120.0
before anneal,2432.755170113409,120.0
before anneal,2434.1561040693796,120.0
before anneal,2435.5570380253503,120.0
before anneal,2436.957971981321,120.0
before anneal,2438.3589059372916,120.0
before anneal,2439.7598398932623,120.0
before anneal,2441.160773849233,120.0
before anneal,2442.5617078052037,120.0
before anneal,2443.9626417611744,120.0
before anneal,2445.3635757171446,120.0
before anneal,2446.7645096731153,120.0
before anneal,2448.165443629086,120.0
before anneal,2449.5663775850567,120.0
before anneal,2450.9673115410274,120.0
before anneal,2452.368245496998,120.0
before anneal,2453.7691794529687,120.0
before anneal,2455.1701134089394,120.0
before anneal,2456.57104736491,120.0
before anneal,2457.9719813208803,120.0
before anneal,2459.372915276851,120.0
before anneal,2460.7738492328217,120.0
before anneal,2462.1747831887924,120.0
before anneal,2463.575717144763,120.0
before anneal,2464.9766511007338,120.0
before anneal,2466.3775850567044,120.0
before anneal,2467.778519012675,120.0
before anneal,2469.179452968646,120.0
before anneal,2470.5803869246165,120.0
before anneal,2471.981320880587,120.0
before anneal,2473.382254836558,120.0
before anneal,2474.783188792528,120.0
before anneal,2476.184122748499,120.0
before anneal,2477.5850567044695,120.0
before anneal,2478.98599066044,120.0
before anneal,2480.386924616411,120.0
before anneal,2481.7878585723815,120.0
before anneal,2483.188792528352,120.0
before anneal,2484.589726484323,120.0
before anneal,2485.9906604402936,120.0
before anneal,2487.3915943962643,120.0
before anneal,2488.792528352235,120.0
before anneal,2490.1934623082057,120.0
before anneal,2491.594396264176,120.0
before anneal,2492.9953302201466,120.0
before anneal,2494.3962641761173,120.0
before anneal,2495.797198132088,120.0
before anneal,2497.1981320880586,120.0
before anneal,2498.5990660440293,120.0
before anneal,2500.0,120.0
after anneal,400.0,760.0
after anneal,401.40093395597063,760.0
after anneal,402.8018679119413,760.0
after anneal,404.20280186791194,760.0
after anneal,405.6037358238826,760.0
after anneal,407.00466977985326,760.0
after anneal,408.4056037358239,760.0
after anneal,409.8065376917945,760.0
after anneal,411.2074716477652,760.0
after anneal,412.60840560373583,760.0
after anneal,414.00933955970646,760.0
after anneal,415.4102735156771,760.0
after anneal,416.8112074716478,760.0
after anneal,418.2121414276184,760.0
after anneal,419.61307538358903,760.0
after anneal,421.0140093395597,760.0
after anneal,422.41494329553035,760.0
after anneal,423.815877251501,760.0
after anneal,425.21681120747166,760.0
after anneal,426.6177451634423,760.0
after anneal,428.0186791194129,760.0
after anneal,429.4196130753836,760.0
after anneal,430.82054703135424,760.0
after anneal,432.22148098732487,760.0
after anneal,433.62241494329555,760.0
after anneal,435.0233488992662,760.0
after anneal,436.4242828552368,760.0
after anneal,437.8252168112075,760.0
after anneal,439.2261507671781,760.0
after anneal,440.62708472314876,760.0
after anneal,442.02801867911944,760.0
after anneal,443.42895263509007,760.0
after anneal,444.8298865910607,760.0
after anneal,446.2308205470314,760.0
after anneal,447.631754503002,760.0
after anneal,449.03268845897264,760.0
after anneal,450.4336224149433,760.0
after anneal,451.83455637091396,760.0
after anneal,453.2354903268846,760.0
after anneal,454.6364242828552,760.0
after anneal,456.0373582388259,760.0
after anneal,457.43829219479653,760.0
after anneal,458.83922615076716,760.0
after anneal,460.24016010673785,760.0
after anneal,461.6410940627085,760.0
after anneal,463.0420280186791,760.0
after anneal,464.44296197464973,760.0
after anneal,465.8438959306204,760.0
after anneal,467.24482988659105,760.0
after anneal,468.6457638425617,760.0
after anneal,470.04669779853236,760.0
after anneal,471.447631754503,760.0
after anneal,472.8485657104736,760.0
after anneal,474.2494996664443,760.0
after anneal,475.65043362241494,760.0
after anneal,477.05136757838557,760.0
after anneal,478.45230153435625,760.0
after anneal,479.8532354903269,760.0
after anneal,481.2541694462975,760.0
after anneal,482.6551034022682,760.0
after anneal,484.0560373582388,760.0
after anneal,485.45697131420945,760.0
after anneal,486.85790527018014,760.0
after anneal,488.25883922615077,760.0
after anneal,489.6597731821214,760.0
after anneal,491.0607071380921,760.0
after anneal,492.4616410940627,760.0
after anneal,493.86257505003334,760.0
after anneal,495.263509006004,760.0
after anneal,496.66444296197466,760.0
after anneal,498.0653769179453,760.0
after anneal,499.466310873916,760.0
after anneal,500.8672448298866,760.0
after anneal,502.26817878585723,760.0
after anneal,503.6691127418279,760.0
after anneal,505.07004669779855,760.0
after anneal,506.4709806537692,760.0
after anneal,507.8719146097398,760.0
after anneal,509.2728485657105,760.0
after anneal,510.6737825216811,760.0
after anneal,512.0747164776518,760.0
after anneal,513.4756504336224,760.0
after anneal,514.8765843895931,760.0
after anneal,516.2775183455637,760.0
after anneal,517.6784523015343,760.0
after anneal,519.079386257505,760.0
after anneal,520.4803202134757,760.0
after anneal,521.8812541694463,760.0
after anneal,523.282188125417,760.0
after anneal,524.6831220813876,760.0
after anneal,526.0840560373582,760.0
after anneal,527.4849899933289,760.0
after anneal,528.8859239492995,760.0
after anneal,530.2868579052702,760.0
after anneal,531.6877918612408,760.0
after anneal,533.0887258172115,760.0
after anneal,534.4896597731821,760.0
after anneal,535.8905937291528,760.0
after anneal,537.2915276851234,760.0
after anneal,538.692461641094,760.0
after anneal,540.0933955970647,760.0
after anneal,541.4943295530354,760.0
after anneal,542.895263509006,760.0
after anneal,544.2961974649767,760.0
after anneal,545.6971314209472,760.0
after anneal,547.0980653769179,760.0
after anneal,548.4989993328886,760.0
after anneal,549.8999332888593,760.0
after anneal,551.3008672448299,760.0
after anneal,552.7018012008006,760.0
after anneal,554.1027351567711,760.0
after anneal,555.5036691127418,760.0
after anneal,556.9046030687125,760.0
after anneal,558.3055370246832,760.0
after anneal,559.7064709806538,760.0
after anneal,561.1074049366244,760.0
after anneal,562.508338892595,760.0
after anneal,563.9092728485657,760.0
after anneal,565.3102068045364,760.0
after anneal,566.711140760507,760.0
after anneal,568.1120747164777,760.0
after anneal,569.5130086724483,760.0
after anneal,570.9139426284189,760.0
after anneal,572.3148765843896,760.0
after anneal,573.7158105403603,760.0
after anneal,575.1167444963309,760.0
after anneal,576.5176784523015,760.0
after anneal,577.9186124082721,760.0
after anneal,579.3195463642428,760.0
after anneal,580.7204803202135,760.0
after anneal,582.1214142761842,760.0
after anneal,583.5223482321547,760.0
after anneal,584.9232821881254,760.0
after anneal,586.324216144096,760.0
after anneal,587.7251501000667,760.0
after anneal,589.1260840560374,760.0
after anneal,590.527018012008,760.0
after anneal,591.9279519679786,760.0
after anneal,593.3288859239493,760.0
after anneal,594.7298198799199,760.0
after anneal,596.1307538358906,760.0
after anneal,597.5316877918613,760.0
after anneal,598.932621747832,760.0
after anneal,600.3335557038025,760.0
after anneal,601.7344896597732,760.0
after anneal,603.1354236157438,760.0
after anneal,604.5363575717145,760.0
after anneal,605.9372915276851,760.0
after anneal,607.3382254836558,760.0
after anneal,608.7391594396264,760.0
after anneal,610.1400933955971,760.0
after anneal,611.5410273515677,760.0
after anneal,612.9419613075383,760.0
after anneal,614.342895263509,760.0
after anneal,615.7438292194796,760.0
after anneal,617.1447631754503,760.0
after anneal,618.545697131421,760.0
after anneal,619.9466310873916,760.0
after anneal,621.3475650433622,760.0
after anneal,622.7484989993329,760.0
after anneal,624.1494329553035,760.0
after anneal,625.5503669112742,760.0
after anneal,626.9513008672449,760.0
after anneal,628.3522348232154,760.0
after anneal,629.7531687791861,760.0
after anneal,631.1541027351568,760.0
after anneal,632.5550366911274,760.0
after anneal,633.9559706470981,760.0
after anneal,635.3569046030686,760.0
after anneal,636.7578385590393,760.0
after anneal,638.15877251501,760.0
after anneal,639.5597064709807,760.0
after anneal,640.9606404269513,760.0
after anneal,642.361574382922,760.0
after anneal,643.7625083388925,760.0
after anneal,645.1634422948632,760.0
after anneal,646.5643762508339,760.0
after anneal,647.9653102068046,760.0
after anneal,649.3662441627752,760.0
after anneal,650.7671781187458,760.0
after anneal,652.1681120747164,760.0
after anneal,653.5690460306871,760.0
after anneal,654.9699799866578,760.0
after anneal,656.3709139426285,760.0
after anneal,657.771847898599,760.0
after anneal,659.1727818545697,760.0
after anneal,660.5737158105403,760.0
after anneal,661.974649766511,760.0
after anneal,663.3755837224817,760.0
after anneal,664.7765176784524,760.0
after anneal,666.1774516344229,760.0
after anneal,667.5783855903935,760.0
after anneal,668.9793195463642,760.0
after anneal,670.3802535023349,760.0
after anneal,671.7811874583056,760.0
after anneal,673.1821214142763,760.0
after anneal,674.5830553702468,760.0
after anneal,675.9839893262174,760.0
after anneal,677.3849232821881,760.0
after anneal,678.7858572381588,760.0
after anneal,680.1867911941295,760.0
after anneal,681.5877251501001,760.0
after anneal,682.9886591060707,760.0
after anneal,684.3895930620413,760.0
after anneal,685.790527018012,760.0
after anneal,687.1914609739827,760.0
after anneal,688.5923949299533,760.0
after anneal,689.9933288859239,760.0
after anneal,691.3942628418946,760.0
after anneal,692.7951967978652,760.0
after anneal,694.1961307538359,760.0
after anneal,695.5970647098065,760.0
after anneal,696.9979986657772,760.0
after anneal,698.3989326217478,760.0
after anneal,699.7998665777185,760.0
after anneal,701.2008005336891,760.0
after anneal,702.6017344896597,760.0
after anneal,704.0026684456304,760.0
after anneal,705.4036024016011,760.0
after anneal,706.8045363575717,760.0
after anneal,708.2054703135424,760.0
after anneal,709.606404269513,760.0
after anneal,711.0073382254836,760.0
after anneal,712.4082721814543,760.0
after anneal,713.809206137425,760.0
after anneal,715.2101400933956,760.0
after anneal,716.6110740493663,760.0
after anneal,718.0120080053368,760.0
after anneal,719.4129419613075,760.0
after anneal,720.8138759172782,760.0
after anneal,722.2148098732489,760.0
after anneal,723.6157438292195,760.0
after anneal,725.01667778519,760.0
after anneal,726.4176117411607,760.0
after anneal,727.8185456971314,760.0
after anneal,729.2194796531021,760.0
after anneal,730.6204136090728,760.0
after anneal,732.0213475650434,760.0
after anneal,733.4222815210139,760.0
after anneal,734.8232154769846,760.0
after anneal,736.2241494329553,760.0
after anneal,737.625083388926,760.0
after anneal,739.0260173448967,760.0
after anneal,740.4269513008672,760.0
after anneal,741.8278852568378,760.0
after anneal,743.2288192128085,760.0
after anneal,744.6297531687792,760.0
after anneal,746.0306871247499,760.0
after anneal,747.4316210807204,760.0
after anneal,748.8325550366911,760.0
after anneal,750.2334889926617,760.0
after anneal,751.6344229486324,760.0
after anneal,753.0353569046031,760.0
after anneal,754.4362908605738,760.0
after anneal,755.8372248165443,760.0
after anneal,757.238158772515,760.0
after anneal,758.6390927284856,760.0
after anneal,760.0400266844563,760.0
after anneal,761.440960640427,760.0
after anneal,762.8418945963977,760.0
after anneal,764.2428285523682,760.0
after anneal,765.6437625083389,760.0
after anneal,767.0446964643095,760.0
after anneal,768.4456304202802,760.0
after anneal,769.8465643762509,760.0
after anneal,771.2474983322215,760.0
after anneal,772.6484322881921,760.0
after anneal,774.0493662441627,760.0
after anneal,775.4503002001334,760.0
after anneal,776.851234156104,760.0
after anneal,778.2521681120747,760.0
after anneal,779.6531020680454,760.0
after anneal,781.054036024016,760.0
after anneal,782.4549699799866,760.0
after anneal,783.8559039359573,760.0
after anneal,785.256837891928,760.0
after anneal,786.6577718478986,760.0
after anneal,788.0587058038693,760.0
after anneal,789.4596397598399,760.0
after anneal,790.8605737158105,760.0
after anneal,792.2615076717811,760.0
after anneal,793.6624416277518,760.0
after anneal,795.0633755837225,760.0
after anneal,796.4643095396932,760.0
after anneal,797.8652434956638,760.0
after anneal,799.2661774516343,760.0
after anneal,800.667111407605,760.0
after anneal,802.0680453635757,760.0
after anneal,803.4689793195464,760.0
after anneal,804.869913275517,760.0
after anneal,806.2708472314877,760.0
after anneal,807.6717811874582,760.0
after anneal,809.0727151434289,760.0
after anneal,810.4736490993996,760.0
after anneal,811.8745830553703,760.0
after anneal,813.2755170113409,760.0
after anneal,814.6764509673116,760.0
after anneal,816.0773849232821,760.0
after anneal,817.4783188792528,760.0
after anneal,818.8792528352235,760.0
after anneal,820.2801867911942,760.0
after anneal,821.6811207471648,760.0
after anneal,823.0820547031354,760.0
after anneal,824.482988659106,760.0
after anneal,825.8839226150767,760.0
after anneal,827.2848565710474,760.0
after anneal,828.6857905270181,760.0
after anneal,830.0867244829886,760.0
after anneal,831.4876584389592,760.0
after anneal,832.8885923949299,760.0
after anneal,834.2895263509006,760.0
after anneal,835.6904603068713,760.0
after anneal,837.091394262842,760.0
after anneal,838.4923282188125,760.0
after anneal,839.8932621747831,760.0
after anneal,841.2941961307538,760.0
after anneal,842.6951300867245,760.0
after anneal,844.0960640426952,760.0
after anneal,845.4969979986658,760.0
after anneal,846.8979319546364,760.0
after anneal,848.298865910607,760.0
after anneal,849.6997998665777,760.0
after anneal,851.1007338225484,760.0
after anneal,852.501667778519,760.0
after anneal,853.9026017344897,760.0
after anneal,855.3035356904603,760.0
after anneal,856.7044696464309,760.0
after anneal,858.1054036024016,760.0
after anneal,859.5063375583723,760.0
after anneal,860.9072715143429,760.0
after anneal,862.3082054703135,760.0
after anneal,863.7091394262842,760.0
after anneal,865.1100733822548,760.0
after anneal,866.5110073382255,760.0
after anneal,867.9119412941961,760.0
after anneal,869.3128752501668,760.0
after anneal,870.7138092061374,760.0
after anneal,872.1147431621081,760.0
after anneal,873.5156771180787,760.0
after anneal,874.9166110740493,760.0
after anneal,876.31754503002,760.0
after anneal,877.7184789859907,760.0
after anneal,879.1194129419613,760.0
after anneal,880.520346897932,760.0
after anneal,881.9212808539025,760.0
after anneal,883.3222148098732,760.0
after anneal,884.7231487658439,760.0
after anneal,886.1240827218146,760.0
after anneal,887.5250166777852,760.0
after anneal,888.9259506337557,760.0
after anneal,890.3268845897264,760.0
after anneal,891.7278185456971,760.0
after anneal,893.1287525016678,760.0
after anneal,894.5296864576385,760.0
after anneal,895.9306204136091,760.0
after anneal,897.3315543695796,760.0
after anneal,898.7324883255503,760.0
after anneal,900.133422281521,760.0
after anneal,901.5343562374917,760.0
after anneal,902.9352901934624,760.0
after anneal,904.336224149433,760.0
after anneal,905.7371581054035,760.0
after anneal,907.1380920613742,760.0
after anneal,908.5390260173449,760.0
after anneal,909.9399599733156,760.0
after anneal,911.3408939292862,760.0
after anneal,912.7418278852568,760.0
after anneal,914.1427618412275,760.0
after anneal,915.5436957971981,760.0
after anneal,916.9446297531688,760.0
after anneal,918.3455637091395,760.0
after anneal,919.74649766511,760.0
after anneal,921.1474316210807,760.0
after anneal,922.5483655770514,760.0
after anneal,923.949299533022,760.0
after anneal,925.3502334889927,760.0
after anneal,926.7511674449632,760.0
after anneal,928.1521014009339,760.0
after anneal,929.5530353569046,760.0
after anneal,930.9539693128752,760.0
after anneal,932.3549032688459,760.0
after anneal,933.7558372248166,760.0
after anneal,935.1567711807871,760.0
after anneal,936.5577051367578,760.0
after anneal,937.9586390927285,760.0
after anneal,939.3595730486991,760.0
after anneal,940.7605070046698,760.0
after anneal,942.1614409606404,760.0000000000001
after anneal,943.562374916611,760.0000000000001
after anneal,944.9633088725817,760.0000000000001
after anneal,946.3642428285524,760.0000000000001
after anneal,947.765176784523,760.0000000000002
after anneal,949.1661107404937,760.0000000000002
after anneal,950.5670446964643,760.0000000000003
after anneal,951.9679786524349,760.0000000000005
after anneal,953.3689126084056,760.0000000000005
after anneal,954.7698465643763,760.0000000000007
after anneal,956.1707805203469,760.0000000000008
after anneal,957.5717144763175,760.000000000001
after anneal,958.9726484322882,760.0000000000014
after anneal,960.3735823882588,760.0000000000017
after anneal,961.7745163442295,760.0000000000022
after anneal,963.1754503002002,760.0000000000027
after anneal,964.5763842561707,760.0000000000034
after anneal,965.9773182121414,760.0000000000043
after anneal,967.3782521681121,760.0000000000055
after anneal,968.7791861240827,760.0000000000068
after anneal,970.1801200800534,760.0000000000086
after anneal,971.581054036024,760.0000000000108
after anneal,972.9819879919946,760.0000000000136
after anneal,974.3829219479653,760.0000000000172
after anneal,975.783855903936,760.0000000000215
after anneal,977.1847898599066,760.0000000000271
after anneal,978.5857238158773,760.0000000000339
after anneal,979.9866577718478,760.0000000000425
after anneal,981.3875917278185,760.0000000000532
after anneal,982.7885256837892,760.0000000000665
after anneal,984.1894596397598,760.0000000000831
after anneal,985.5903935957305,760.0000000001037
after anneal,986.9913275517011,760.0000000001294
after anneal,988.3922615076717,760.0000000001613
after anneal,989.7931954636424,760.0000000002009
after anneal,991.1941294196131,760.00000000025
after anneal,992.5950633755837,760.0000000003107
after anneal,993.9959973315543,760.000000000386
after anneal,995.396931287525,760.0000000004791
after anneal,996.7978652434956,760.0000000005941
after anneal,998.1987991994663,760.0000000007361
after anneal,999.599733155437,760.0000000009113
after anneal,1001.0006671114076,760.0000000011273
after anneal,1002.4016010673782,760.0000000013931
after anneal,1003.8025350233489,760.0000000017203
after anneal,1005.2034689793195,760.0000000021225
after anneal,1006.6044029352902,760.0000000026165
after anneal,1008.0053368912609,760.0000000032226
after anneal,1009.4062708472314,760.0000000039659
after anneal,1010.8072048032021,760.0000000048763
after anneal,1012.2081387591728,760.0000000059906
after anneal,1013.6090727151434,760.0000000073535
after anneal,1015.0100066711141,760.0000000090185
after anneal,1016.4109406270848,760.0000000110513
after anneal,1017.8118745830553,760.0000000135307
after anneal,1019.212808539026,760.0000000165521
after anneal,1020.6137424949967,760.0000000202311
after anneal,1022.0146764509673,760.0000000247068
after anneal,1023.415610406938,760.0000000301469
after anneal,1024.8165443629086,760.0000000367535
after anneal,1026.2174783188793,760.0000000447698
after anneal,1027.61841227485,760.000000054488
after anneal,1029.0193462308207,760.0000000662595
after anneal,1030.4202801867912,760.0000000805053
after anneal,1031.8212141427618,760.0000000977307
after anneal,1033.2221480987325,760.0000001185407
after anneal,1034.623082054703,760.0000001436595
after anneal,1036.0240160106737,760.0000001739526
after anneal,1037.4249499666444,760.0000002104542
after anneal,1038.825883922615,760.0000002543985
after anneal,1040.2268178785857,760.0000003072568
after anneal,1041.6277518345564,760.0000003707817
after anneal,1043.028685790527,760.0000004470594
after anneal,1044.4296197464978,760.0000005385701
after anneal,1045.8305537024683,760.0000006482602
after anneal,1047.231487658439,760.0000007796264
after anneal,1048.6324216144096,760.0000009368147
after anneal,1050.03335557038,760.0000011247369
after anneal,1051.4342895263508,760.0000013492058
after anneal,1052.8352234823215,760.0000016170952
after anneal,1054.2361574382921,760.0000019365244
after anneal,1055.6370913942628,760.0000023170769
after anneal,1057.0380253502335,760.0000027700523
after anneal,1058.4389593062042,760.0000033087621
after anneal,1059.8398932621749,760.0000039488731
after anneal,1061.2408272181456,760.0000047088066
after anneal,1062.641761174116,760.0000056102032
after anneal,1064.0426951300867,760.0000066784609
after anneal,1065.4436290860574,760.0000079433598
after anneal,1066.8445630420279,760.0000094397858
after anneal,1068.2454969979985,760.0000112085671
after anneal,1069.6464309539692,760.0000132974421
after anneal,1071.04736490994,760.0000157621762
after anneal,1072.4482988659106,760.00001866785
after anneal,1073.8492328218813,760.000022090344
after anneal,1075.250166777852,760.0000261180478
after anneal,1076.6511007338227,760.0000308538242
after anneal,1078.0520346897933,760.0000364172665
after anneal,1079.4529686457638,760.0000429472879
after anneal,1080.8539026017345,760.0000506050893
after anneal,1082.2548365577052,760.0000595775589
after anneal,1083.6557705136756,760.0000700811577
after anneal,1085.0567044696463,760.0000823663623
after anneal,1086.457638425617,760.0000967227329
after anneal,1087.8585723815877,760.0001134846931
after anneal,1089.2595063375584,760.0001330381114
after anneal,1090.660440293529,760.0001558277892
after anneal,1092.0613742494997,760.0001823659705
after anneal,1093.4623082054704,760.0002132420018
after anneal,1094.863242161441,760.0002491332847
after anneal,1096.2641761174116,760.0002908176846
after anneal,1097.6651100733823,760.0003391875678
after anneal,1099.0660440293527,760.000395265668
after anneal,1100.4669779853234,760.0004602229981
after anneal,1101.867911941294,760.0005353990492
after anneal,1103.2688458972648,760.0006223245431
after anneal,1104.6697798532355,760.0007227470326
after anneal,1106.0707138092062,760.0008386596733
after anneal,1107.4716477651768,760.0009723335224
after anneal,1108.8725817211475,760.0011263537575
after anneal,1110.2735156771182,760.0013036602408
after anneal,1111.6744496330887,760.0015075929014
after anneal,1113.0753835890594,760.0017419424478
after anneal,1114.47631754503,760.0020110069686
after anneal,1115.8772515010005,760.002319655034
after anneal,1117.2781854569712,760.0026733959587
after anneal,1118.6791194129419,760.0030784579485
after anneal,1120.0800533689126,760.0035418749094
after anneal,1121.4809873248832,760.0040715827639
after anneal,1122.881921280854,760.0046765261866
after anneal,1124.2828552368246,760.0053667767407
after anneal,1125.6837891927953,760.0061536634738
after anneal,1127.084723148766,760.0070499171071
after anneal,1128.4856571047364,760.0080698290342
after anneal,1129.8865910607071,760.0092294264299
after anneal,1131.2875250166778,760.0105466648582
after anneal,1132.6884589726483,760.0120416398531
after anneal,1134.089392928619,760.0137368190454
after anneal,1135.4903268845896,760.0156572964953
after anneal,1136.8912608405603,760.0178310709903
after anneal,1138.292194796531,760.0202893501604
after anneal,1139.6931287525017,760.023066882361
after anneal,1141.0940627084724,760.026202318365
after anneal,1142.494996664443,760.0297386050017
after anneal,1143.8959306204138,760.0337234129703
after anneal,1145.2968645763842,760.0382096011391
after anneal,1146.697798532355,760.0432557197261
after anneal,1148.0987324883254,760.0489265548318
after anneal,1149.499666444296,760.0552937168591
after anneal,1150.9006004002667,760.0624362754157
after anneal,1152.3015343562374,760.0704414433415
after anneal,1153.702468312208,760.0794053125317
after anneal,1155.1034022681788,760.0894336442544
after anneal,1156.5043362241495,760.1006427166509
after anneal,1157.9052701801202,760.1131602321001
after anneal,1159.3062041360909,760.1271262870804
after anneal,1160.7071380920613,760.1426944071052
after anneal,1162.108072048032,760.1600326492124
after anneal,1163.5090060040027,760.1793247743732
after anneal,1164.9099399599731,760.2007714920326
after anneal,1166.3108739159438,760.2245917788076
after anneal,1167.7118078719145,760.2510242731488
after anneal,1169.1127418278852,760.2803287475056
after anneal,1170.513675783856,760.3127876592325
after anneal,1171.9146097398266,760.3487077811226
after anneal,1173.3155436957973,760.3884219120571
after anneal,1174.716477651768,760.4322906678116
after anneal,1176.1174116077386,760.4807043515613
after anneal,1177.518345563709,760.5340849030712
after anneal,1178.9192795196798,760.5928879249508
after anneal,1180.3202134756505,760.6576047836843
after anneal,1181.721147431621,760.7287647824212
after anneal,1183.1220813875916,760.8069374017322
after anneal,1184.5230153435623,760.8927346036895
after anneal,1185.923949299533,760.9868131937293
after anneal,1187.3248832555037,761.0898772337974
after anneal,1188.7258172114744,761.2026804992619
after anneal,1190.126751167445,761.3260289710064
after anneal,1191.5276851234157,761.4607833530007
after anneal,1192.9286190793864,761.607861604472
after anneal,1194.3295530353569,761.7682414745937
after anneal,1195.7304869913276,761.9429630263577
after anneal,1197.1314209472982,762.133131135015
after anneal,1198.5323549032687,762.3399179451661
after anneal,1199.9332888592394,762.5645652692609
after anneal,1201.33422281521,762.8083869089376
after anneal,1202.7351567711808,763.0727708793075
after anneal,1204.1360907271514,763.3591815149761
after anneal,1205.5370246831221,763.6691614353024
after anneal,1206.9379586390928,764.0043333451571
after anneal,1208.3388925950635,764.366401646228
after anneal,1209.739826551034,764.7571538328044
after anneal,1211.1407605070046,765.1784616449066
after anneal,1212.5416944629753,765.6322819506859
after anneal,1213.9426284189458,766.1206573291674
after anneal,1215.3435623749165,766.6457163237098
after anneal,1216.7444963308872,767.2096733359804
after anneal,1218.1454302868578,767.8148281298603
after anneal,1219.5463642428285,768.463564914467
after anneal,1220.9472981987992,769.1583509754767
after anneal,1222.34823215477,769.9017348241221
after anneal,1223.7491661107406,770.6963438336877
after anneal,1225.1501000667113,771.5448813340042
after anneal,1226.5510340226817,772.4501231353959
after anneal,1227.9519679786524,773.4149134547711
after anneal,1229.352901934623,774.4421602180621
after anneal,1230.7538358905936,775.5348297150538
after anneal,1232.1547698465642,776.6959405847734
after anneal,1233.555703802535,777.928557112076
after anneal,1234.9566377585056,779.2357818188419
after anneal,1236.3575717144763,780.620747336318
after anneal,1237.758505670447,782.0866075485643
after anneal,1239.1594396264177,783.6365280007407
after anneal,1240.5603735823884,785.273675570045
after anneal,1241.961307538359,787.0012074015034
after anneal,1243.3622414943295,788.8222591155039
after anneal,1244.7631754503002,790.7399322989332
after anneal,1246.1641094062709,792.7572812969946
after anneal,1247.5650433622413,794.877299328265
after anneal,1248.965977318212,797.1029039512118
after anneal,1250.3669112741827,799.4369219162434
after anneal,1251.7678452301534,801.8820734433757
after anneal,1253.168779186124,804.4409559716893
after anneal,1254.5697131420948,807.1160274329262
after anneal,1255.9706470980655,809.9095891077677
after anneal,1257.3715810540361,812.8237681294901
after anneal,1258.7725150100066,815.8604997057885
after anneal,1260.1734489659773,819.0215091355086
after anneal,1261.574382921948,822.3082937027958
after anneal,1262.9753168779184,825.7221045367077
after anneal,1264.3762508338891,829.2639285295585
after anneal,1265.7771847898598,832.9344704121396
after anneal,1267.1781187458305,836.734135088424
after anneal,1268.5790527018012,840.6630103363416
after anneal,1269.9799866577719,844.720849984672
after anneal,1271.3809206137425,848.9070576789669
after anneal,1272.7818545697132,853.220671351649
after anneal,1274.182788525684,857.6603485129739
after anneal,1275.5837224816544,862.224352480343
after anneal,1276.984656437625,866.91053966349
after anneal,1278.3855903935957,871.7163480222506
after anneal,1279.7865243495662,876.638786812011
after anneal,1281.187458305537,881.6744277293848
after anneal,1282.5883922615076,886.8193975672464
after anneal,1283.9893262174783,892.0693724839399
after anneal,1285.390260173449,897.419573986198
after anneal,1286.7911941294196,902.8647667191519
after anneal,1288.1921280853903,908.399258149725
after anneal,1289.593062041361,914.0169002217264
after anneal,1290.9939959973317,919.7110930521236
after anneal,1292.3949299533022,925.474790728295
after anneal,1293.7958639092728,931.3005092556058
after anneal,1295.1967978652435,937.1803366934348
after anneal,1296.597731821214,943.1059455059257
after anneal,1297.9986657771847,949.0686071412267
after anneal,1299.3995997331554,955.0592088399508
after anneal,1300.800533689126,961.0682726601456
after anneal,1302.2014676450967,967.0859766921868
after anneal,1303.6024016010674,973.1021784229241
after anneal,1305.003335557038,979.106440194132
after anneal,1306.4042695130088,985.0880566859878
after anneal,1307.8052034689795,991.0360843420194
after anneal,1309.20613742495,996.939372637846
after anneal,1310.6070713809206,1002.7865970821978
after anneal,1312.008005336891,1008.5662938252367
after anneal,1313.4089392928618,1014.2668957362895
after anneal,1314.8098732488324,1019.8767698007337
after anneal,1316.2108072048031,1025.3842556742366
after anneal,1317.6117411607738,1030.7777052217584
after anneal,1319.0126751167445,1036.0455228589333
after anneal,1320.4136090727152,1041.176206504674
after anneal,1321.8145430286859,1046.158388946198
after anneal,1323.2154769846566,1050.98087941124
after anneal,1324.616410940627,1055.63270513708
after anneal,1326.0173448965977,1060.1031527222176
after anneal,1327.4182788525684,1064.3818090441202
after anneal,1328.8192128085389,1068.458601525556
after anneal,1330.2201467645095,1072.3238375325304
after anneal,1331.6210807204802,1075.9682426888837
after anneal,1333.022014676451,1079.3829978961523
after anneal,1334.4229486324216,1082.5597748523066
after anneal,1335.8238825883923,1085.490769869505
after anneal,1337.224816544363,1088.1687357989424
after anneal,1338.6257505003337,1090.5870118802393
after anneal,1340.0266844563043,1092.739551343501
after anneal,1341.4276184122748,1094.6209466041594
after anneal,1342.8285523682455,1096.2264519038706
after anneal,1344.2294863242162,1097.5520032650008
after anneal,1345.6304202801866,1098.5942356415133
after anneal,1347.0313542361573,1099.35049716521
after anneal,1348.432288192128,1099.8188604032182
after anneal,1349.8332221480987,1099.99813056017
after anneal,1351.2341561040694,1099.8878505766131
after anneal,1352.63509006004,1099.488303093645
after anneal,1354.0360240160107,1098.8005092724436
after anneal,1355.4369579719814,1097.8262244761688
after anneal,1356.8378919279521,1096.5679308404187
after anneal,1358.2388258839226,1095.0288267769827
after anneal,1359.6397598398933,1093.2128134738211
after anneal,1361.040693795864,1091.1244784719484
after anneal,1362.4416277518344,1088.7690764170036
after anneal,1363.842561707805,1086.1525070997063
after anneal,1365.2434956637758,1083.2812909149202
after anneal,1366.6444296197465,1080.1625418836265
after anneal,1368.0453635757171,1076.803938395614
after anneal,1369.4462975316878,1073.2136918430313
after anneal,1370.8472314876585,1069.4005133260382
after anneal,1372.2481654436292,1065.373578621572
after anneal,1373.6490993995997,1061.1424916146343
after anneal,1375.0500333555703,1056.7172463984734
after anneal,1376.450967311541,1052.1081882555598
after anneal,1377.8519012675115,1047.3259737352464
after anneal,1379.2528352234822,1042.3815300465649
after anneal,1380.6537691794529,1037.2860139856427
after anneal,1382.0547031354236,1032.0507706167843
after anneal,1383.4556370913942,1026.6872919243965
after anneal,1384.856571047365,1021.2071756496495
after anneal,1386.2575050033356,1015.622084521132
after anneal,1387.6584389593063,1009.9437060828271
after anneal,1389.059372915277,1004.183713315586
after anneal,1390.4603068712474,998.3537262399855
after anneal,1391.8612408272181,992.4652746791035
after anneal,1393.2621747831888,986.5297623494557
after anneal,1394.6631087391593,980.5584324371414
after anneal,1396.06404269513,974.562334804356
after anneal,1397.4649766511006,968.5522949588542
after anneal,1398.8659106070713,962.5388849058274
after anneal,1400.266844563042,956.5323959881663
after anneal,1401.6677785190127,950.5428138072209
after anneal,1403.0687124749834,944.5797953021544
after anneal,1404.469646430954,938.6526480518542
after anneal,1405.8705803869248,932.7703118492672
after anneal,1407.2715143428952,926.9413425840416
after anneal,1408.672448298866,921.1738984555814
after anneal,1410.0733822548366,915.4757285251862
after anneal,1411.474316210807,909.8541636028598
after anneal,1412.8752501667777,904.3161094518023
after anneal,1414.2761841227484,898.8680422815715
after anneal,1415.677118078719,893.5160064894358
after anneal,1417.0780520346898,888.2656145987058
after anneal,1418.4789859906605,883.1220493327644
after anneal,1419.8799199466312,878.0900677542045
after anneal,1421.2808539026018,873.1740073899573
after anneal,1422.6817878585723,868.3777942555663
after anneal,1424.082721814543,863.7049526848234
after anneal,1425.4836557705137,859.1586168648989
after anneal,1426.8845897264844,854.7415439717589
after anneal,1428.285523682455,850.456128796187
after anneal,1429.6864576384255,846.3044197469766
after anneal,1431.0873915943962,842.2881361148802
after anneal,1432.4883255503669,838.4086864786499
after anneal,1433.8892595063376,834.6671881328938
after anneal,1435.2901934623083,831.0644874165562
after anneal,1436.691127418279,827.6011808204572
after anneal,1438.0920613742494,824.2776367525299
after anneal,1439.49299533022,821.094017840071
after anneal,1440.8939292861908,818.0503036494595
after anneal,1442.2948632421615,815.1463137052912
after anneal,1443.6957971981321,812.3817306927501
after anneal,1445.0967311541028,809.7561237291451
after anneal,1446.4976651100733,807.2689715929171
after anneal,1447.898599066044,804.9196858009599
after anneal,1449.2995330220147,802.7076334277842
after anneal,1450.7004669779853,800.6321595628287
after anneal,1452.101400933956,798.6926093050632
after anneal,1453.5023348899265,796.8883491968958
after anneal,1454.9032688458972,795.2187880022477
after anneal,1456.3042028018679,793.6833967365133
after anneal,1457.7051367578385,792.2817278589033
after anneal,1459.1060707138092,791.013433540437
after anneal,1460.50700466978,789.878282923525
after anneal,1461.9079386257504,788.8761782917459
after anneal,1463.308872581721,788.0071700709982
after anneal,1464.7098065376917,787.2714705858024
after anneal,1466.1107404936624,786.6694664970681
after anneal,1467.5116744496331,786.2017298502356
after anneal,1468.9126084056038,785.8690276653192
after anneal,1470.3135423615743,785.6723300030972
after anneal,1471.714476317545,785.6128164445215
after anneal,1473.1154102735156,785.691880923429
after anneal,1474.5163442294863,785.9111348558472
after anneal,1475.917278185457,786.2724085126656
after anneal,1477.3182121414277,786.7777505862355
after anneal,1478.7191460973982,787.4294259056019
after anneal,1480.1200800533688,788.2299112596413
after anneal,1481.5210140093395,789.1818892923858
after anneal,1482.9219479653102,790.2882404403407
after anneal,1484.322881921281,791.5520328876645
after anneal,1485.7238158772516,792.9765105217259
after anneal,1487.124749833222,794.5650788788147
after anneal,1488.5256837891927,796.3212890776798
after anneal,1489.9266177451634,798.2488197471239
after anneal,1491.327551701134,800.35145696311
after anneal,1492.7284856571048,802.6330722207194
after anneal,1494.1294196130755,805.0975984768564
after anneal,1495.530353569046,807.7490043107749
after anneal,1496.9312875250166,810.5912662613092
after anneal,1498.3322214809873,813.6283394120435
after anneal,1499.733155436958,816.8641263085468
after anneal,1501.1340893929287,820.3024443051174
after anneal,1502.5350233488994,823.9469914521876
after anneal,1503.9359573048698,827.801311049518
after anneal,1505.3368912608405,831.8687550044893
after anneal,1506.7378252168112,836.1524461490235
after anneal,1508.1387591727819,840.6552396828795
after anneal,1509.5396931287526,845.3796839250704
after anneal,1510.940627084723,850.327980568846
after anneal,1512.3415610406937,855.5019446489321
after anneal,1513.7424949966644,860.9029644423078
after anneal,1515.143428952635,866.5319615356806
after anneal,1516.5443629086058,872.389351303698
after anneal,1517.9452968645764,878.4750040517696
after anneal,1519.346230820547,884.7882070859202
after anneal,1520.7471647765176,891.3276279792581
after anneal,1522.1480987324883,898.091279310192
after anneal,1523.549032688459,905.0764851514357
after anneal,1524.9499666444297,912.2798495908102
after anneal,1526.3509006004003,919.6972275649119
after anneal,1527.7518345563708,927.3236982846362
after anneal,1529.1527685123415,935.1535415272976
after anneal,1530.5537024683122,943.1802170635248
after anneal,1531.9546364242829,951.3963474782647
after anneal,1533.3555703802535,959.793704633922
after anneal,1534.7565043362242,968.3632000100012
after anneal,1536.1574382921947,977.0948791375207
after anneal,1537.5583722481654,985.9779203280045
after anneal,1538.959306204136,995.0006378760169
after anneal,1540.3602401601067,1004.1504898911868
after anneal,1541.7611741160774,1013.414090890396
after anneal,1543.162108072048,1022.7772292535725
after anneal,1544.5630420280186,1032.2248896174
after anneal,1545.9639759839893,1041.7412802504268
after anneal,1547.36490993996,1051.3098654207083
after anneal,1548.7658438959306,1060.9134027335822
after anneal,1550.1667778519013,1070.5339853825071
after anneal,1551.567711807872,1080.1530892205567
after anneal,1552.9686457638425,1089.751624524316
after anneal,1554.3695797198131,1099.3099922859262
after anneal,1555.7705136757838,1108.8081448331106
after anneal,1557.1714476317545,1118.225650541655
after anneal,1558.5723815877252,1127.5417623701246
after anneal,1559.9733155436957,1136.7354899130899
after anneal,1561.3742494996663,1145.7856746370544
after anneal,1562.775183455637,1154.6710679328878
after anneal,1564.1761174116077,1163.370411590367
after anneal,1565.5770513675784,1171.862520274457
after anneal,1566.977985323549,1180.1263655597672
after anneal,1568.3789192795196,1188.1411610592668
after anneal,1569.7798532354902,1195.8864481662115
after anneal,1571.180787191461,1203.3421819144316
after anneal,1572.5817211474316,1210.4888164519875
after anneal,1573.9826551034023,1217.307389616695
after anneal,1575.383589059373,1223.7796060994654
after anneal,1576.7845230153434,1229.8879186827505
after anneal,1578.1854569713141,1235.6156070467696
after anneal,1579.5863909272848,1240.946853645561
after anneal,1580.9873248832555,1245.8668161683468
after anneal,1582.3882588392262,1250.3616961189791
after anneal,1583.7891927951969,1254.4188030674575
after anneal,1585.1901267511673,1258.0266141523425
after anneal,1586.591060707138,1261.174828441307
after anneal,1587.9919946631087,1263.8544157887422
after anneal,1589.3929286190794,1266.05765986411
after anneal,1590.79386257505,1267.7781950622557
after anneal,1592.1947965310208,1269.0110370469017
after anneal,1593.5957304869912,1269.75260672069
after anneal,1594.996664442962,1270.0007474590566
after anneal,1596.3975983989326,1269.7547354905455
after anneal,1597.7985323549033,1269.0152833525094
after anneal,1599.199466310874,1267.7845363980919
after anneal,1600.6004002668446,1266.0660623775307
after anneal,1602.001334222815,1263.8648341637754
after anneal,1603.4022681787858,1261.187205738735
after anneal,1604.8032021347565,1258.0408816017866
after anneal,1606.2041360907272,1254.4348798060812
after anneal,1607.6050700466978,1250.3794888703023
after anneal,1609.0060040026685,1245.886218853522
after anneal,1610.406937958639,1240.9677469182989
after anneal,1611.8078719146097,1235.6378577418893
after anneal,1613.2088058705804,1229.911379167118
after anneal,1614.609739826551,1223.8041135127746
after anneal,1616.0106737825217,1217.3327649882694
after anneal,1617.4116077384922,1210.5148636783772
after anneal,1618.8125416944629,1203.368686581193
after anneal,1620.2134756504336,1195.9131761957842
after anneal,1621.6144096064043,1188.167857165317
after anneal,1623.015343562375,1180.1527514867914
after anneal,1624.4162775183456,1171.8882927997888
after anneal,1625.817211474316,1163.395240263984
after anneal,1627.2181454302868,1154.6945925286468
after anneal,1628.6190793862575,1145.8075022871092
after anneal,1630.0200133422281,1136.7551918952993
after anneal,1631.4209472981988,1127.5588705162509
after anneal,1632.8218812541695,1118.2396532320759
after anneal,1634.22281521014,1108.8184825415833
after anneal,1635.6237491661107,1099.31605263574
after anneal,1637.0246831220813,1089.7527368148676
after anneal,1638.425617078052,1080.148518381006
after anneal,1639.8265510340227,1070.5229253067946
after anneal,1641.2274849899934,1060.8949689485853
after anneal,1642.6284189459639,1051.2830870368655
after anneal,1644.0293529019345,1041.7050911415934
after anneal,1645.4302868579052,1032.178118774203
after anneal,1646.831220813876,1022.7185902519686
after anneal,1648.2321547698466,1013.3421704146599
after anneal,1649.6330887258173,1004.0637352480611
after anneal,1651.0340226817877,994.8973434343902
after anneal,1652.4349566377584,985.85621281615
after anneal,1653.8358905937291,976.9527017277676
after anneal,1655.2368245496998,968.1982951186518
after anneal,1656.6377585056705,959.6035953624042
after anneal,1658.0386924616412,951.1783176198617
after anneal,1659.4396264176116,942.9312895986869
after anneal,1660.8405603735823,934.8704555294619
after anneal,1662.241494329553,927.0028841577936
after anneal,1663.6424282855237,919.334780533833
after anneal,1665.0433622414944,911.8715013650019
after anneal,1666.444296197465,904.6175736845189
after anneal,1667.8452301534355,897.5767165776138
after anneal,1669.2461641094062,890.7518656990331
after anneal,1670.647098065377,884.1452003096017
after anneal,1672.0480320213476,877.7581725560261
after anneal,1673.4489659773183,871.5915387168917
after anneal,1674.8498999332887,865.6453921386601
after anneal,1676.2508338892594,859.919197588391
after anneal,1677.65176784523,854.411826754759
after anneal,1679.0527018012008,849.1215946355048
after anneal,1680.4536357571715,844.0462965577121
after anneal,1681.8545697131422,839.1832455869662
after anneal,1683.2555036691126,834.52931009245
after anneal,1684.6564376250833,830.0809512471484
after anneal,1686.057371581054,825.834260255446
after anneal,1687.4583055370247,821.7849951142794
after anneal,1688.8592394929954,817.9286167285659
after anneal,1690.260173448966,814.2603242166415
after anneal,1691.6611074049365,810.7750892567827
after anneal,1693.0620413609072,807.4676893414049
after anneal,1694.4629753168779,804.3327398210856
after anneal,1695.8639092728486,801.3647246359948
after anneal,1697.2648432288192,798.5580256475557
after anneal,1698.66577718479,795.9069504980347
after anneal,1700.0667111407604,793.4057589402063
after anneal,1701.467645096731,791.0486875931504
after anneal,1702.8685790527018,788.8299730935396
after anneal,1704.2695130086724,786.7438736243744
after anneal,1705.6704469646431,784.7846888150069
after anneal,1707.0713809206138,782.9467780173601
after anneal,1708.4723148765843,781.2245769735068
after anneal,1709.873248832555,779.6126128991604
after anneal,1711.2741827885256,778.1055180161667
after anneal,1712.6751167444963,776.6980415747149
after anneal,1714.076050700467,775.3850604127715
after anneal,1715.4769846564377,774.1615881061331
after anneal,1716.8779186124082,773.0227827675504
after anneal,1718.2788525683789,771.9639535575942
after anneal,1719.6797865243495,770.9805659733696
after anneal,1721.0807204803202,770.0682459838371
after anneal,1722.481654436291,769.2227830824439
after anneal,1723.8825883922616,768.4401323290243
after anneal,1725.283522348232,767.7164154535424
after anneal,1726.6844563042027,767.0479210942827
after anneal,1728.0853902601734,766.4311042425838
after anneal,1729.486324216144,765.8625849652024
after anneal,1730.8872581721148,765.3391464739567
after anneal,1732.2881921280853,764.8577326104647
after anneal,1733.689126084056,764.4154448116113
after anneal,1735.0900600400266,764.0095386189196
after anneal,1736.4909939959973,763.6374197922776
after anneal,1737.891927951968,763.2966400855612
after anneal,1739.2928619079387,762.9848927386114
after anneal,1740.6937958639091,762.7000077368347
after anneal,1742.0947298198798,762.4399468864124
after anneal,1743.4956637758505,762.2027987497811
after anneal,1744.8965977318212,761.9867734827099
after anneal,1746.297531687792,761.790197610969
after anneal,1747.6984656437626,761.6115087813039
after anneal,1749.099399599733,761.4492505182052
after anneal,1750.5003335557037,761.3020670148255
after anneal,1751.9012675116744,761.1686979833636
after anneal,1753.302201467645,761.0479735873085
after anneal,1754.7031354236158,760.9388094751586
after anneal,1756.1040693795865,760.8402019325654
after anneal,1757.505003335557,760.751223167361
after anneal,1758.9059372915276,760.6710167395693
after anneal,1760.3068712474983,760.5987931463061
after anneal,1761.707805203469,760.5338255694411
after anneal,1763.1087391594397,760.4754457920067
after anneal,1764.5096731154104,760.4230402876244
after anneal,1765.9106070713808,760.3760464856458
after anneal,1767.3115410273515,760.3339492132866
after anneal,1768.7124749833222,760.296277314762
after anneal,1770.1134089392929,760.2626004462991
after anneal,1771.5143428952636,760.232526044899
after anneal,1772.9152768512342,760.2056964678575
after anneal,1774.3162108072047,760.1817862992928
after anneal,1775.7171447631754,760.1604998192998
after anneal,1777.118078719146,760.1415686308093
after anneal,1778.5190126751168,760.1247494387966
after anneal,1779.9199466310874,760.1098219761404
after anneal,1781.320880587058,760.0965870701651
after anneal,1782.7218145430286,760.0848648437087
after anneal,1784.1227484989993,760.074493044442
after anneal,1785.52368245497,760.065325496095
after anneal,1786.9246164109406,760.0572306652432
after anneal,1788.3255503669113,760.0500903373421
after anneal,1789.7264843228818,760.0437983957802
after anneal,1791.1274182788525,760.0382596978328
after anneal,1792.5283522348232,760.0333890415469
after anneal,1793.9292861907938,760.0291102177562
after anneal,1795.3302201467645,760.0253551416162
after anneal,1796.7311541027352,760.0220630582586
after anneal,1798.1320880587057,760.019179817382
after anneal,1799.5330220146764,760.0166572118256
after anneal,1800.933955970647,760.0144523754126
after anneal,1802.3348899266177,760.0125272355808
after anneal,1803.7358238825884,760.0108480165686
after anneal,1805.136757838559,760.0093847891538
after anneal,1806.5376917945296,760.0081110631872
after anneal,1807.9386257505003,760.0070034193909
after anneal,1809.339559706471,760.0060411771176
after anneal,1810.7404936624416,760.0052060949901
after anneal,1812.1414276184123,760.0044821015496
after anneal,1813.542361574383,760.0038550532452
after anneal,1814.9432955303535,760.003312517295
after anneal,1816.3442294863241,760.0028435771313
after anneal,1817.7451634422948,760.0024386583226
after anneal,1819.1460973982655,760.0020893730285
after anneal,1820.5470313542362,760.001788381205
after anneal,1821.9479653102069,760.0015292669211
after anneal,1823.3488992661773,760.0013064282924
after anneal,1824.749833222148,760.0011149796586
after anneal,1826.1507671781187,760.000950664762
after anneal,1827.5517011340894,760.000809779789
after anneal,1828.95263509006,760.000689105244
after anneal,1830.3535690460308,760.0005858457198
after anneal,1831.7545030020012,760.0004975767196
after anneal,1833.155436957972,760.0004221977637
after anneal,1834.5563709139426,760.0003578910926
after anneal,1835.9573048699133,760.0003030853433
after anneal,1837.358238825884,760.0002564236428
after anneal,1838.7591727818544,760.0002167356142
after anneal,1840.1601067378251,760.0001830128487
after anneal,1841.5610406937958,760.0001543874399
after anneal,1842.9619746497665,760.0001301132232
after anneal,1844.3629086057372,760.0001095493966
after anneal,1845.7638425617079,760.0000921462422
after anneal,1847.1647765176783,760.0000774326911
after anneal,1848.565710473649,760.0000650055089
after anneal,1849.9666444296197,760.0000545199007
after anneal,1851.3675783855904,760.0000456813609
after anneal,1852.768512341561,760.00003823861
after anneal,1854.1694462975317,760.0000319774807
after anneal,1855.5703802535022,760.0000267156336
after anneal,1856.971314209473,760.0000222979941
after anneal,1858.3722481654436,760.0000185928171
after anneal,1859.7731821214143,760.0000154882977
after anneal,1861.174116077385,760.0000128896539
after anneal,1862.5750500333556,760.0000107166221
after anneal,1863.975983989326,760.0000089013045
after anneal,1865.3769179452968,760.0000073863262
after anneal,1866.7778519012675,760.0000061232557
after anneal,1868.1787858572382,760.0000050712543
after anneal,1869.5797198132088,760.0000041959227
after anneal,1870.9806537691795,760.0000034683159
after anneal,1872.38158772515,760.0000028641047
after anneal,1873.7825216811207,760.0000023628612
after anneal,1875.1834556370914,760.0000019474514
after anneal,1876.584389593062,760.0000016035192
after anneal,1877.9853235490327,760.0000013190485
after anneal,1879.3862575050034,760.0000010839929
after anneal,1880.7871914609739,760.0000008899614
after anneal,1882.1881254169446,760.0000007299532
after anneal,1883.5890593729152,760.0000005981333
after anneal,1884.989993328886,760.0000004896434
after anneal,1886.3909272848566,760.0000004004434
after anneal,1887.7918612408273,760.0000003271758
after anneal,1889.1927951967978,760.0000002670549
after anneal,1890.5937291527684,760.0000002177704
after anneal,1891.9946631087391,760.0000001774092
after anneal,1893.3955970647098,760.0000001443885
after anneal,1894.7965310206805,760.0000001174001
after anneal,1896.197464976651,760.0000000953637
after anneal,1897.5983989326216,760.0000000773886
after anneal,1898.9993328885923,760.0000000627408
after anneal,1900.400266844563,760.0000000508162
after anneal,1901.8012008005337,760.000000041118
after anneal,1903.2021347565044,760.0000000332386
after anneal,1904.6030687124749,760.000000026843
after anneal,1906.0040026684455,760.0000000216571
after anneal,1907.4049366244162,760.0000000174562
after anneal,1908.805870580387,760.0000000140564
after anneal,1910.2068045363576,760.0000000113079
after anneal,1911.6077384923283,760.0000000090879
after anneal,1913.0086724482987,760.0000000072968
after anneal,1914.4096064042694,760.0000000058529
after anneal,1915.81054036024,760.0000000046903
after anneal,1917.2114743162108,760.0000000037548
after anneal,1918.6124082721815,760.0000000030032
after anneal,1920.0133422281522,760.0000000023996
after anneal,1921.4142761841226,760.0000000019154
after anneal,1922.8152101400933,760.0000000015275
after anneal,1924.216144096064,760.000000001217
after anneal,1925.6170780520347,760.0000000009686
after anneal,1927.0180120080054,760.0000000007702
after anneal,1928.418945963976,760.0000000006119
after anneal,1929.8198799199465,760.0000000004856
after anneal,1931.2208138759172,760.000000000385
after anneal,1932.621747831888,760.0000000003049
after anneal,1934.0226817878586,760.0000000002414
after anneal,1935.4236157438293,760.0000000001908
after anneal,1936.8245496998,760.0000000001506
after anneal,1938.2254836557704,760.0000000001189
after anneal,1939.626417611741,760.0000000000937
after anneal,1941.0273515677118,760.0000000000738
after anneal,1942.4282855236825,760.0000000000581
after anneal,1943.8292194796531,760.0000000000456
after anneal,1945.2301534356236,760.0000000000358
after anneal,1946.6310873915943,760.0000000000281
after anneal,1948.032021347565,760.000000000022
after anneal,1949.4329553035357,760.0000000000173
after anneal,1950.8338892595063,760.0000000000135
after anneal,1952.234823215477,760.0000000000106
after anneal,1953.6357571714475,760.0000000000082
after anneal,1955.0366911274182,760.0000000000064
after anneal,1956.4376250833889,760.000000000005
after anneal,1957.8385590393596,760.0000000000039
after anneal,1959.2394929953302,760.0000000000031
after anneal,1960.640426951301,760.0000000000024
after anneal,1962.0413609072714,760.0000000000018
after anneal,1963.442294863242,760.0000000000014
after anneal,1964.8432288192128,760.0000000000011
after anneal,1966.2441627751834,760.0000000000008
after anneal,1967.6450967311541,760.0000000000007
after anneal,1969.0460306871248,760.0000000000005
after anneal,1970.4469646430953,760.0000000000003
after anneal,1971.847898599066,760.0000000000003
after anneal,1973.2488325550366,760.0000000000002
after anneal,1974.6497665110073,760.0000000000002
after anneal,1976.050700466978,760.0000000000001
after anneal,1977.4516344229487,760.0000000000001
after anneal,1978.8525683789192,760.0000000000001
after anneal,1980.2535023348898,760.0000000000001
after anneal,1981.6544362908605,760.0
after anneal,1983.0553702468312,760.0
after anneal,1984.456304202802,760.0
after anneal,1985.8572381587726,760.0
after anneal,1987.258172114743,760.0
after anneal,1988.6591060707137,760.0
after anneal,1990.0600400266844,760.0
after anneal,1991.460973982655,760.0
after anneal,1992.8619079386258,760.0
after anneal,1994.2628418945965,760.0
after anneal,1995.663775850567,760.0
after anneal,1997.0647098065376,760.0
after anneal,1998.4656437625083,760.0
after anneal,1999.866577718479,760.0
after anneal,2001.2675116744497,760.0
after anneal,2002.6684456304201,760.0
after anneal,2004.0693795863908,760.0
after anneal,2005.4703135423615,760.0
after anneal,2006.8712474983322,760.0
after anneal,2008.2721814543029,760.0
after anneal,2009.6731154102736,760.0
after anneal,2011.074049366244,760.0
after anneal,2012.4749833222147,760.0
after anneal,2013.8759172781854,760.0
after anneal,2015.276851234156,760.0
after anneal,2016.6777851901268,760.0
after anneal,2018.0787191460975,760.0
after anneal,2019.479653102068,760.0
after anneal,2020.8805870580386,760.0
after anneal,2022.2815210140093,760.0
after anneal,2023.68245496998,760.0
after anneal,2025.0833889259507,760.0
after anneal,2026.4843228819213,760.0
after anneal,2027.8852568378918,760.0
after anneal,2029.2861907938625,760.0
after anneal,2030.6871247498332,760.0
after anneal,2032.0880587058039,760.0
after anneal,2033.4889926617745,760.0
after anneal,2034.8899266177452,760.0
after anneal,2036.2908605737157,760.0
after anneal,2037.6917945296864,760.0
after anneal,2039.092728485657,760.0
after anneal,2040.4936624416277,760.0
after anneal,2041.8945963975984,760.0
after anneal,2043.2955303535691,760.0
after anneal,2044.6964643095396,760.0
after anneal,2046.0973982655103,760.0
after anneal,2047.498332221481,760.0
after anneal,2048.899266177452,760.0
after anneal,2050.3002001334225,760.0
after anneal,2051.7011340893932,760.0
after anneal,2053.1020680453635,760.0
after anneal,2054.503002001334,760.0
after anneal,2055.903935957305,760.0
after anneal,2057.3048699132755,760.0
after anneal,2058.705803869246,760.0
after anneal,2060.1067378252164,760.0
after anneal,2061.507671781187,760.0
after anneal,2062.908605737158,760.0
after anneal,2064.3095396931285,760.0
after anneal,2065.710473649099,760.0
after anneal,2067.11140760507,760.0
after anneal,2068.5123415610406,760.0
after anneal,2069.9132755170112,760.0
after anneal,2071.314209472982,760.0
after anneal,2072.7151434289526,760.0
after anneal,2074.1160773849233,760.0
after anneal,2075.517011340894,760.0
after anneal,2076.9179452968647,760.0
after anneal,2078.3188792528354,760.0
after anneal,2079.719813208806,760.0
after anneal,2081.1207471647767,760.0
after anneal,2082.5216811207474,760.0
after anneal,2083.922615076718,760.0
after anneal,2085.3235490326883,760.0
after anneal,2086.724482988659,760.0
after anneal,2088.1254169446297,760.0
after anneal,2089.5263509006004,760.0
after anneal,2090.927284856571,760.0
after anneal,2092.3282188125418,760.0
after anneal,2093.729152768512,760.0
after anneal,2095.1300867244827,760.0
after anneal,2096.5310206804534,760.0
after anneal,2097.931954636424,760.0
after anneal,2099.3328885923947,760.0
after anneal,2100.7338225483654,760.0
after anneal,2102.134756504336,760.0
after anneal,2103.535690460307,760.0
after anneal,2104.9366244162775,760.0
after anneal,2106.337558372248,760.0
after anneal,2107.738492328219,760.0
after anneal,2109.1394262841895,760.0
after anneal,2110.54036024016,760.0
after anneal,2111.941294196131,760.0
after anneal,2113.3422281521016,760.0
after anneal,2114.7431621080723,760.0
after anneal,2116.144096064043,760.0
after anneal,2117.545030020013,760.0
after anneal,2118.945963975984,760.0
after anneal,2120.3468979319546,760.0
after anneal,2121.7478318879253,760.0
after anneal,2123.148765843896,760.0
after anneal,2124.5496997998666,760.0
after anneal,2125.950633755837,760.0
after anneal,2127.3515677118075,760.0
after anneal,2128.7525016677782,760.0
after anneal,2130.153435623749,760.0
after anneal,2131.5543695797196,760.0
after anneal,2132.9553035356903,760.0
after anneal,2134.356237491661,760.0
after anneal,2135.7571714476317,760.0
after anneal,2137.1581054036023,760.0
after anneal,2138.559039359573,760.0
after anneal,2139.9599733155437,760.0
after anneal,2141.3609072715144,760.0
after anneal,2142.761841227485,760.0
after anneal,2144.162775183456,760.0
after anneal,2145.5637091394265,760.0
after anneal,2146.964643095397,760.0
after anneal,2148.365577051368,760.0
after anneal,2149.7665110073385,760.0
after anneal,2151.1674449633088,760.0
after anneal,2152.5683789192794,760.0
after anneal,2153.96931287525,760.0
after anneal,2155.370246831221,760.0
after anneal,2156.7711807871915,760.0
after anneal,2158.172114743162,760.0
after anneal,2159.5730486991324,760.0
after anneal,2160.973982655103,760.0
after anneal,2162.374916611074,760.0
after anneal,2163.7758505670445,760.0
after anneal,2165.176784523015,760.0
after anneal,2166.577718478986,760.0
after anneal,2167.9786524349565,760.0
after anneal,2169.379586390927,760.0
after anneal,2170.780520346898,760.0
after anneal,2172.1814543028686,760.0
after anneal,2173.5823882588393,760.0
after anneal,2174.98332221481,760.0
after anneal,2176.3842561707806,760.0
after anneal,2177.7851901267513,760.0
after anneal,2179.186124082722,760.0
after anneal,2180.5870580386927,760.0
after anneal,2181.9879919946634,760.0
after anneal,2183.3889259506336,760.0
after anneal,2184.7898599066043,760.0
after anneal,2186.190793862575,760.0
after anneal,2187.5917278185457,760.0
after anneal,2188.9926617745164,760.0
after anneal,2190.393595730487,760.0
after anneal,2191.7945296864573,760.0
after anneal,2193.195463642428,760.0
after anneal,2194.5963975983987,760.0
after anneal,2195.9973315543693,760.0
after anneal,2197.39826551034,760.0
after anneal,2198.7991994663107,760.0
after anneal,2200.2001334222814,760.0
after anneal,2201.601067378252,760.0
after anneal,2203.0020013342228,760.0
after anneal,2204.4029352901935,760.0
after anneal,2205.803869246164,760.0
after anneal,2207.204803202135,760.0
after anneal,2208.6057371581055,760.0
after anneal,2210.006671114076,760.0
after anneal,2211.407605070047,760.0
after anneal,2212.8085390260176,760.0
after anneal,2214.2094729819883,760.0
after anneal,2215.610406937959,760.0
after anneal,2217.011340893929,760.0
after anneal,2218.4122748499,760.0
after anneal,2219.8132088058705,760.0
after anneal,2221.2141427618412,760.0
after anneal,2222.615076717812,760.0
after anneal,2224.016010673782,760.0
after anneal,2225.416944629753,760.0
after anneal,2226.8178785857235,760.0
after anneal,2228.218812541694,760.0
after anneal,2229.619746497665,760.0
after anneal,2231.0206804536356,760.0
after anneal,2232.4216144096063,760.0
after anneal,2233.822548365577,760.0
after anneal,2235.2234823215476,760.0
after anneal,2236.6244162775183,760.0
after anneal,2238.025350233489,760.0
after anneal,2239.4262841894597,760.0
after anneal,2240.8272181454304,760.0
after anneal,2242.228152101401,760.0
after anneal,2243.6290860573718,760.0
after anneal,2245.0300200133424,760.0
after anneal,2246.430953969313,760.0
after anneal,2247.831887925284,760.0
after anneal,2249.232821881254,760.0
after anneal,2250.6337558372247,760.0
after anneal,2252.0346897931954,760.0
after anneal,2253.435623749166,760.0
after anneal,2254.836557705137,760.0
after anneal,2256.2374916611075,760.0
after anneal,2257.6384256170777,760.0
after anneal,2259.0393595730484,760.0
after anneal,2260.440293529019,760.0
after anneal,2261.8412274849898,760.0
after anneal,2263.2421614409604,760.0
after anneal,2264.643095396931,760.0
after anneal,2266.044029352902,760.0
after anneal,2267.4449633088725,760.0
after anneal,2268.845897264843,760.0
after anneal,2270.246831220814,760.0
after anneal,2271.6477651767846,760.0
after anneal,2273.0486991327552,760.0
after anneal,2274.449633088726,760.0
after anneal,2275.8505670446966,760.0
after anneal,2277.2515010006673,760.0
after anneal,2278.652434956638,760.0
after anneal,2280.0533689126087,760.0
after anneal,2281.454302868579,760.0
after anneal,2282.8552368245496,760.0
after anneal,2284.2561707805203,760.0
after anneal,2285.657104736491,760.0
after anneal,2287.0580386924617,760.0
after anneal,2288.4589726484323,760.0
after anneal,2289.8599066044026,760.0
after anneal,2291.2608405603733,760.0
after anneal,2292.661774516344,760.0
after anneal,2294.0627084723146,760.0
after anneal,2295.4636424282853,760.0
after anneal,2296.864576384256,760.0
after anneal,2298.2655103402267,760.0
after anneal,2299.6664442961974,760.0
after anneal,2301.067378252168,760.0
after anneal,2302.4683122081387,760.0
after anneal,2303.8692461641094,760.0
after anneal,2305.27018012008,760.0
after anneal,2306.671114076051,760.0
after anneal,2308.0720480320215,760.0
after anneal,2309.472981987992,760.0
after anneal,2310.873915943963,760.0
after anneal,2312.2748498999335,760.0
after anneal,2313.6757838559042,760.0
after anneal,2315.0767178118745,760.0
after anneal,2316.477651767845,760.0
after anneal,2317.878585723816,760.0
after anneal,2319.2795196797865,760.0
after anneal,2320.680453635757,760.0
after anneal,2322.081387591728,760.0
after anneal,2323.482321547698,760.0
after anneal,2324.883255503669,760.0
after anneal,2326.2841894596395,760.0
after anneal,2327.68512341561,760.0
after anneal,2329.086057371581,760.0
after anneal,2330.4869913275516,760.0
after anneal,2331.8879252835222,760.0
after anneal,2333.288859239493,760.0
after anneal,2334.6897931954636,760.0
after anneal,2336.0907271514343,760.0
after anneal,2337.491661107405,760.0
after anneal,2338.8925950633757,760.0
after anneal,2340.2935290193464,760.0
after anneal,2341.694462975317,760.0
after anneal,2343.0953969312877,760.0
after anneal,2344.4963308872584,760.0
after anneal,2345.897264843229,760.0
after anneal,2347.2981987991993,760.0
after anneal,2348.69913275517,760.0
after anneal,2350.1000667111407,760.0
after anneal,2351.5010006671114,760.0
after anneal,2352.901934623082,760.0
after anneal,2354.3028685790528,760.0
after anneal,2355.703802535023,760.0
after anneal,2357.1047364909937,760.0
after anneal,2358.5056704469644,760.0
after anneal,2359.906604402935,760.0
after anneal,2361.3075383589057,760.0
after anneal,2362.7084723148764,760.0
after anneal,2364.109406270847,760.0
after anneal,2365.510340226818,760.0
after anneal,2366.9112741827885,760.0
after anneal,2368.312208138759,760.0
after anneal,2369.71314209473,760.0
after anneal,2371.1140760507005,760.0
after anneal,2372.515010006671,760.0
after anneal,2373.915943962642,760.0
after anneal,2375.3168779186126,760.0
after anneal,2376.7178118745833,760.0
after anneal,2378.118745830554,760.0
after anneal,2379.5196797865246,760.0
after anneal,2380.920613742495,760.0
after anneal,2382.3215476984656,760.0
after anneal,2383.7224816544363,760.0
after anneal,2385.123415610407,760.0
after anneal,2386.5243495663776,760.0
after anneal,2387.925283522348,760.0
after anneal,2389.3262174783185,760.0
after anneal,2390.727151434289,760.0
after anneal,2392.12808539026,760.0
after anneal,2393.5290193462306,760.0
after anneal,2394.9299533022013,760.0
after anneal,2396.330887258172,760.0
after anneal,2397.7318212141427,760.0
after anneal,2399.1327551701133,760.0
after anneal,2400.533689126084,760.0
after anneal,2401.9346230820547,760.0
after anneal,2403.3355570380254,760.0
after anneal,2404.736490993996,760.0
after anneal,2406.1374249499668,760.0
after anneal,2407.5383589059375,760.0
after anneal,2408.939292861908,760.0
after anneal,2410.340226817879,760.0
after anneal,2411.7411607738495,760.0
after anneal,2413.1420947298197,760.0
after anneal,2414.5430286857904,760.0
after anneal,2415.943962641761,760.0
after anneal,2417.344896597732,760.0
after anneal,2418.7458305537025,760.0
after anneal,2420.146764509673,760.0
after anneal,2421.5476984656434,760.0
after anneal,2422.948632421614,760.0
after anneal,2424.349566377585,760.0
after anneal,2425.7505003335555,760.0
after anneal,2427.151434289526,760.0
after anneal,2428.552368245497,760.0
after anneal,2429.9533022014675,760.0
after anneal,2431.354236157438,760.0
after anneal,2432.755170113409,760.0
after anneal,2434.1561040693796,760.0
after anneal,2435.5570380253503,760.0
after anneal,2436.957971981321,760.0
after anneal,2438.3589059372916,760.0
after anneal,2439.7598398932623,760.0
after anneal,2441.160773849233,760.0
after anneal,2442.5617078052037,760.0
after anneal,2443.9626417611744,760.0
after anneal,2445.3635757171446,760.0
after anneal,2446.7645096731153,760.0
after anneal,2448.165443629086,760.0
after anneal,2449.5663775850567,760.0
after anneal,2450.9673115410274,760.0
after anneal,2452.368245496998,760.0
after anneal,2453.7691794529687,760.0
after anneal,2455.1701134089394,760.0
after anneal,2456.57104736491,760.0
after anneal,2457.9719813208803,760.0
after anneal,2459.372915276851,760.0
after anneal,2460.7738492328217,760.0
after anneal,2462.1747831887924,760.0
after anneal,2463.575717144763,760.0
after anneal,2464.9766511007338,760.0
after anneal,2466.3775850567044,760.0
after anneal,2467.778519012675,760.0
after anneal,2469.179452968646,760.0
after anneal,2470.5803869246165,760.0
after anneal,2471.981320880587,760.0
after anneal,2473.382254836558,760.0
after anneal,2474.783188792528,760.0
after anneal,2476.184122748499,760.0
after anneal,2477.5850567044695,760.0
after anneal,2478.98599066044,760.0
after anneal,2480.386924616411,760.0
after anneal,2481.7878585723815,760.0
after anneal,2483.188792528352,760.0
after anneal,2484.589726484323,760.0
after anneal,2485.9906604402936,760.0
after anneal,2487.3915943962643,760.0
after anneal,2488.792528352235,760.0
after anneal,2490.1934623082057,760.0
after anneal,2491.594396264176,760.0
after anneal,2492.9953302201466,760.0
after anneal,2494.3962641761173,760.0
after anneal,2495.797198132088,760.0
after anneal,2497.1981320880586,760.0
after anneal,2498.5990660440293,760.0
after anneal,2500.0,760.0
