series,raman_shift_cm-1,intensity_au
data,400.0,110.0
data,401.40093395597063,110.0
data,402.8018679119413,110.0
data,404.20280186791194,110.0
data,405.6037358238826,110.0
data,407.00466977985326,110.0
data,408.4056037358239,110.0
data,409.8065376917945,110.0
data,411.2074716477652,110.0
data,412.60840560373583,110.0
data,414.00933955970646,110.0
data,415.4102735156771,110.0
data,416.8112074716478,110.0
data,418.2121414276184,110.0
data,419.61307538358903,110.0
data,421.0140093395597,110.0
data,422.41494329553035,110.0
data,423.815877251501,110.0
data,425.21681120747166,110.0
data,426.6177451634423,110.0
data,428.0186791194129,110.0
data,429.4196130753836,110.0
data,430.82054703135424,110.0
data,432.22148098732487,110.0
data,433.62241494329555,110.0
data,435.0233488992662,110.0
data,436.4242828552368,110.0
data,437.8252168112075,110.0
data,439.2261507671781,110.0
data,440.62708472314876,110.0
data,442.02801867911944,110.0
data,443.42895263509007,110.0
data,444.8298865910607,110.0
data,446.2308205470314,110.0
data,447.631754503002,110.0
data,449.03268845897264,110.0
data,450.4336224149433,110.0
data,451.83455637091396,110.0
data,453.2354903268846,110.0
data,454.6364242828552,110.0
data,456.0373582388259,110.0
data,457.43829219479653,110.0
data,458.83922615076716,110.0
data,460.24016010673785,110.0
data,461.6410940627085,110.0
data,463.0420280186791,110.0
data,464.44296197464973,110.0
data,465.8438959306204,110.0
data,467.24482988659105,110.0
data,468.6457638425617,110.0
data,470.04669779853236,110.0
data,471.447631754503,110.0
data,472.8485657104736,110.0
data,474.2494996664443,110.0
data,475.65043362241494,110.0
data,477.05136757838557,110.0
data,478.45230153435625,110.0
data,479.8532354903269,110.0
data,481.2541694462975,110.0
data,482.6551034022682,110.0
data,484.0560373582388,110.0
data,485.45697131420945,110.0
data,486.85790527018014,110.0
data,488.25883922615077,110.0
data,489.6597731821214,110.0
data,491.0607071380921,110.0
data,492.4616410940627,110.0
data,493.86257505003334,110.0
data,495.263509006004,110.0
data,496.66444296197466,110.0
data,498.0653769179453,110.0
data,499.466310873916,110.0
data,500.8672448298866,110.0
data,502.26817878585723,110.0
data,503.6691127418279,110.0
data,505.07004669779855,110.0
data,506.4709806537692,110.0
data,507.8719146097398,110.0
data,509.2728485657105,110.0
data,510.6737825216811,110.0
data,512.0747164776518,110.0
data,513.4756504336224,110.0
data,514.8765843895931,110.0
data,516.2775183455637,110.0
data,517.6784523015343,110.0
data,519.079386257505,110.0
data,520.4803202134757,110.0
data,521.8812541694463,110.0
data,523.282188125417,110.0
data,524.6831220813876,110.0
data,526.0840560373582,110.0
data,527.4849899933289,110.0
data,528.8859239492995,110.0
data,530.2868579052702,110.0
data,531.6877918612408,110.0
data,533.0887258172115,110.0
data,534.4896597731821,110.0
data,535.8905937291528,110.0
data,537.2915276851234,110.0
data,538.692461641094,110.0
data,540.0933955970647,110.0
data,541.4943295530354,110.0
data,542.895263509006,110.0
data,544.2961974649767,110.0
data,545.6971314209472,110.0
data,547.0980653769179,110.0
data,548.4989993328886,110.0
data,549.8999332888593,110.0
data,551.3008672448299,110.0
data,552.7018012008006,110.0
data,554.1027351567711,110.0
data,555.5036691127418,110.0
data,556.9046030687125,110.0
data,558.3055370246832,110.0
data,559.7064709806538,110.0
data,561.1074049366244,110.0
data,562.508338892595,110.0
data,563.9092728485657,110.0
data,565.3102068045364,110.0
data,566.711140760507,110.0
data,568.1120747164777,110.0
data,569.5130086724483,110.0
data,570.9139426284189,110.0
data,572.3148765843896,110.0
data,573.7158105403603,110.0
data,575.1167444963309,110.0
data,576.5176784523015,110.0
data,577.9186124082721,110.0
data,579.3195463642428,110.0
data,580.7204803202135,110.0
data,582.1214142761842,110.0
data,583.5223482321547,110.0
data,584.9232821881254,110.0
data,586.324216144096,110.0
data,587.7251501000667,110.0
data,589.1260840560374,110.0
data,590.527018012008,110.0
data,591.9279519679786,110.0
data,593.3288859239493,110.0
data,594.7298198799199,110.0
data,596.1307538358906,110.0
data,597.5316877918613,110.0
data,598.932621747832,110.0
data,600.3335557038025,110.0
data,601.7344896597732,110.0
data,603.1354236157438,110.0
data,604.5363575717145,110.0
data,605.9372915276851,110.0
data,607.3382254836558,110.0
data,608.7391594396264,110.0
data,610.1400933955971,110.0
data,611.5410273515677,110.0
data,612.9419613075383,110.0
data,614.342895263509,110.0
data,615.7438292194796,110.0
data,617.1447631754503,110.0
data,618.545697131421,110.0
data,619.9466310873916,110.0
data,621.3475650433622,110.0
data,622.7484989993329,110.0
data,624.1494329553035,110.0
data,625.5503669112742,110.0
data,626.9513008672449,110.0
data,628.3522348232154,110.0
data,629.7531687791861,110.0
data,631.1541027351568,110.0
data,632.5550366911274,110.0
data,633.9559706470981,110.0
data,635.3569046030686,110.0
data,636.7578385590393,110.0
data,638.15877251501,110.0
data,639.5597064709807,110.0
data,640.9606404269513,110.0
data,642.361574382922,110.0
data,643.7625083388925,110.0
data,645.1634422948632,110.0
data,646.5643762508339,110.0
data,647.9653102068046,110.0
data,649.3662441627752,110.0
data,650.7671781187458,110.0
data,652.1681120747164,110.0
data,653.5690460306871,110.0
data,654.9699799866578,110.0
data,656.3709139426285,110.0
data,657.771847898599,110.0
data,659.1727818545697,110.0
data,660.5737158105403,110.0
data,661.974649766511,110.0
data,663.3755837224817,110.0
data,664.7765176784524,110.0
data,666.1774516344229,110.0
data,667.5783855903935,110.0
data,668.9793195463642,110.0
data,670.3802535023349,110.0
data,671.7811874583056,110.0
data,673.1821214142763,110.0
data,674.5830553702468,110.0
data,675.9839893262174,110.0
data,677.3849232821881,110.0
data,678.7858572381588,110.0
data,680.1867911941295,110.0
data,681.5877251501001,110.0
data,682.9886591060707,110.0
data,684.3895930620413,110.0
data,685.790527018012,110.0
data,687.1914609739827,110.0
data,688.5923949299533,110.0
data,689.9933288859239,110.0
data,691.3942628418946,110.0
data,692.7951967978652,110.0
data,694.1961307538359,110.0
data,695.5970647098065,110.0
data,696.9979986657772,110.0
data,698.3989326217478,110.0
data,699.7998665777185,110.0
data,701.2008005336891,110.0
data,702.6017344896597,110.0
data,704.0026684456304,110.0
data,705.4036024016011,110.0
data,706.8045363575717,110.0
data,708.2054703135424,110.0
data,709.606404269513,110.0
data,711.0073382254836,110.0
data,712.4082721814543,110.0
data,713.809206137425,110.0
data,715.2101400933956,110.0
data,716.6110740493663,110.0
data,718.0120080053368,110.0
data,719.4129419613075,110.0
data,720.8138759172782,110.0
data,722.2148098732489,110.0
data,723.6157438292195,110.0
data,725.01667778519,110.0
data,726.4176117411607,110.0
data,727.8185456971314,110.0
data,729.2194796531021,110.0
data,730.6204136090728,110.0
data,732.0213475650434,110.0
data,733.4222815210139,110.0
data,734.8232154769846,110.0
data,736.2241494329553,110.0
data,737.625083388926,110.0
data,739.0260173448967,110.0
data,740.4269513008672,110.0
data,741.8278852568378,110.0
data,743.2288192128085,110.0
data,744.6297531687792,110.0
data,746.0306871247499,110.0
data,747.4316210807204,110.0
data,748.8325550366911,110.0
data,750.2334889926617,110.0
data,751.6344229486324,110.0
data,753.0353569046031,110.0
data,754.4362908605738,110.0
data,755.8372248165443,110.0
data,757.238158772515,110.0
data,758.6390927284856,110.0
data,760.0400266844563,110.0
data,761.440960640427,110.0
data,762.8418945963977,110.0
data,764.2428285523682,110.0
data,765.6437625083389,110.0
data,767.0446964643095,110.0
data,768.4456304202802,110.0
data,769.8465643762509,110.0
data,771.2474983322215,110.0
data,772.6484322881921,110.0
data,774.0493662441627,110.0
data,775.4503002001334,110.0
data,776.851234156104,110.0
data,778.2521681120747,110.0
data,779.6531020680454,110.0
data,781.054036024016,110.0
data,782.4549699799866,110.0
data,783.8559039359573,110.0
data,785.256837891928,110.0
data,786.6577718478986,110.0
data,788.0587058038693,110.0
data,789.4596397598399,110.0
data,790.8605737158105,110.0
data,792.2615076717811,110.0
data,793.6624416277518,110.0
data,795.0633755837225,110.0
data,796.4643095396932,110.0
data,797.8652434956638,110.0
data,799.2661774516343,110.0
data,800.667111407605,110.0
data,802.0680453635757,110.0
data,803.4689793195464,110.0
data,804.869913275517,110.0
data,806.2708472314877,110.0
data,807.6717811874582,110.0
data,809.0727151434289,110.0
data,810.4736490993996,110.0
data,811.8745830553703,110.0
data,813.2755170113409,110.0
data,814.6764509673116,110.0
data,816.0773849232821,110.0
data,817.4783188792528,110.0
data,818.8792528352235,110.0
data,820.2801867911942,110.0
data,821.6811207471648,110.0
data,823.0820547031354,110.0
data,824.482988659106,110.0
data,825.8839226150767,110.0
data,827.2848565710474,110.0
data,828.6857905270181,110.0
data,830.0867244829886,110.0
data,831.4876584389592,110.0
data,832.8885923949299,110.0
data,834.2895263509006,110.0
data,835.6904603068713,110.0
data,837.091394262842,110.0
data,838.4923282188125,110.0
data,839.8932621747831,110.0
data,841.2941961307538,110.0
data,842.6951300867245,110.0
data,844.0960640426952,110.0
data,845.4969979986658,110.0
data,846.8979319546364,110.0
data,848.298865910607,110.0
data,849.6997998665777,110.0
data,851.1007338225484,110.0
data,852.501667778519,110.0
data,853.9026017344897,110.0
data,855.3035356904603,110.0
data,856.7044696464309,110.0
data,858.1054036024016,110.0
data,859.5063375583723,110.0
data,860.9072715143429,110.0
data,862.3082054703135,110.0
data,863.7091394262842,110.0
data,865.1100733822548,110.0
data,866.5110073382255,110.0
data,867.9119412941961,110.0
data,869.3128752501668,110.0
data,870.7138092061374,110.0
data,872.1147431621081,110.0
data,873.5156771180787,110.00000000000001
data,874.9166110740493,110.00000000000001
data,876.31754503002,110.00000000000001
data,877.7184789859907,110.00000000000001
data,879.1194129419613,110.00000000000003
data,880.520346897932,110.00000000000003
data,881.9212808539025,110.00000000000003
data,883.3222148098732,110.00000000000004
data,884.7231487658439,110.00000000000006
data,886.1240827218146,110.00000000000007
data,887.5250166777852,110.00000000000009
data,888.9259506337557,110.0000000000001
data,890.3268845897264,110.00000000000013
data,891.7278185456971,110.00000000000016
data,893.1287525016678,110.0000000000002
data,894.5296864576385,110.00000000000024
data,895.9306204136091,110.00000000000031
data,897.3315543695796,110.00000000000038
data,898.7324883255503,110.00000000000047
data,900.133422281521,110.00000000000058
data,901.5343562374917,110.00000000000072
data,902.9352901934624,110.00000000000091
data,904.336224149433,110.00000000000112
data,905.7371581054035,110.00000000000139
data,907.1380920613742,110.00000000000172
data,908.5390260173449,110.00000000000212
data,909.9399599733156,110.00000000000261
data,911.3408939292862,110.00000000000323
data,912.7418278852568,110.00000000000398
data,914.1427618412275,110.0000000000049
data,915.5436957971981,110.00000000000604
data,916.9446297531688,110.00000000000743
data,918.3455637091395,110.00000000000914
data,919.74649766511,110.00000000001123
data,921.1474316210807,110.00000000001378
data,922.5483655770514,110.00000000001691
data,923.949299533022,110.00000000002075
data,925.3502334889927,110.00000000002542
data,926.7511674449632,110.00000000003114
data,928.1521014009339,110.00000000003811
data,929.5530353569046,110.00000000004661
data,930.9539693128752,110.00000000005697
data,932.3549032688459,110.00000000006958
data,933.7558372248166,110.00000000008494
data,935.1567711807871,110.0000000001036
data,936.5577051367578,110.00000000012629
data,937.9586390927285,110.00000000015383
data,939.3595730486991,110.00000000018727
data,940.7605070046698,110.00000000022781
data,942.1614409606404,110.00000000027696
data,943.562374916611,110.00000000033646
data,944.9633088725817,110.00000000040849
data,946.3642428285524,110.00000000049559
data,947.765176784523,110.00000000060086
data,949.1661107404937,110.00000000072801
data,950.5670446964643,110.00000000088147
data,951.9679786524349,110.00000000106657
data,953.3689126084056,110.00000000128965
data,954.7698465643763,110.00000000155835
data,956.1707805203469,110.00000000188176
data,957.5717144763175,110.00000000227077
data,958.9726484322882,110.00000000273835
data,960.3735823882588,110.00000000329999
data,961.7745163442295,110.00000000397414
data,963.1754503002002,110.0000000047828
data,964.5763842561707,110.00000000575214
data,965.9773182121414,110.00000000691327
data,967.3782521681121,110.0000000083032
data,968.7791861240827,110.00000000996589
data,970.1801200800534,110.00000001195345
data,971.581054036024,110.00000001432777
data,972.9819879919946,110.00000001716214
data,974.3829219479653,110.0000000205434
data,975.783855903936,110.00000002457426
data,977.1847898599066,110.00000002937625
data,978.5857238158773,110.00000003509298
data,979.9866577718478,110.00000004189398
data,981.3875917278185,110.00000004997938
data,982.7885256837892,110.00000005958509
data,984.1894596397598,110.00000007098919
data,985.5903935957305,110.00000008451902
data,986.9913275517011,110.00000010055979
data,988.3922615076717,110.00000011956442
data,989.7931954636424,110.00000014206506
data,991.1941294196131,110.0000001686865
data,992.5950633755837,110.00000020016172
data,993.9959973315543,110.00000023735011
data,995.396931287525,110.00000028125844
data,996.7978652434956,110.00000033306529
data,998.1987991994663,110.00000039414941
data,999.599733155437,110.00000046612251
data,1001.0006671114076,110.0000005508673
data,1002.4016010673782,110.00000065058133
data,1003.8025350233489,110.00000076782791
data,1005.2034689793195,110.00000090559475
data,1006.6044029352902,110.00000106736165
data,1008.0053368912609,110.00000125717862
data,1009.4062708472314,110.00000147975591
data,1010.8072048032021,110.00000174056751
data,1012.2081387591728,110.00000204597046
data,1013.6090727151434,110.00000240334182
data,1015.0100066711141,110.00000282123608
data,1016.4109406270848,110.00000330956573
data,1017.8118745830553,110.00000387980849
data,1019.212808539026,110.00000454524468
data,1020.6137424949967,110.0000053212289
data,1022.0146764509673,110.0000062255011
data,1023.415610406938,110.00000727854186
data,1024.8165443629086,110.00000850397848
data,1026.2174783188793,110.00000992904818
data,1027.61841227485,110.00001158512654
data,1029.0193462308207,110.00001350832943
data,1030.4202801867912,110.0000157401984
data,1031.8212141427618,110.0000183284804
data,1033.2221480987325,110.00002132801384
data,1034.623082054703,110.00002480173521
data,1036.0240160106737,110.00002882182102
data,1037.4249499666444,110.00003347098283
data,1038.825883922615,110.00003884393429
data,1040.2268178785857,110.00004504905182
data,1041.6277518345564,110.00005221025278
data,1043.028685790527,110.00006046911814
data,1044.4296197464978,110.00006998728914
data,1045.8305537024683,110.00008094917123
data,1047.231487658439,110.00009356498221
data,1048.6324216144096,110.00010807418512
data,1050.03335557038,110.00012474935181
data,1051.4342895263508,110.00014390050684
data,1052.8352234823215,110.00016588000786
data,1054.2361574382921,110.00019108802364
data,1055.6370913942628,110.00021997867807
data,1057.0380253502335,110.00025306693482
data,1058.4389593062042,110.00029093630555
data,1059.8398932621749,110.00033424747271
data,1061.2408272181456,110.00038374792706
data,1062.641761174116,110.00044028272994
data,1064.0426951300867,110.0005048065211
data,1065.4436290860574,110.0005783969047
data,1066.8445630420279,110.00066226935816
data,1068.2454969979985,110.00075779382286
data,1069.6464309539692,110.00086651314992
data,1071.04736490994,110.0009901635901
data,1072.4482988659106,110.00113069753438
data,1073.8492328218813,110.0012903087295
data,1075.250166777852,110.00147146021277
data,1076.6511007338227,110.00167691523156
data,1078.0520346897933,110.00190977143482
data,1079.4529686457638,110.00217349864907
data,1080.8539026017345,110.00247198057562
data,1082.2548365577052,110.00280956077408
data,1083.6557705136756,110.00319109332567
data,1085.0567044696463,110.00362199860055
data,1086.457638425617,110.0041083245858
data,1087.8585723815877,110.00465681426512
data,1089.2595063375584,110.00527497957722
data,1090.660440293529,110.00597118251784
data,1092.0613742494997,110.00675472399008
data,1093.4623082054704,110.00763594104949
data,1094.863242161441,110.00862631323353
data,1096.2641761174116,110.00973857871071
data,1097.6651100733823,110.01098686103094
data,1099.0660440293527,110.01238680730795
data,1100.4669779853234,110.01395573871432
data,1101.867911941294,110.01571281422133
data,1103.2688458972648,110.01767920856885
data,1104.6697798532355,110.01987830550394
data,1106.0707138092062,110.02233590738244
data,1107.4716477651768,110.02508046228247
data,1108.8725817211475,110.02814330983533
data,1110.2735156771182,110.03155894703458
data,1111.6744496330887,110.03536531534044
data,1113.0753835890594,110.03960411045085
data,1114.47631754503,110.04432111616507
data,1115.8772515010005,110.04956656381748
data,1117.2781854569712,110.05539551880968
data,1118.6791194129419,110.06186829581618
data,1120.0800533689126,110.06905090428363
data,1121.4809873248832,110.07701552588274
data,1122.881921280854,110.08584102560863
data,1124.2828552368246,110.09561349825412
data,1125.6837891927953,110.10642685200496
data,1127.084723148766,110.11838343092168
data,1128.4856571047364,110.13159467808131
data,1129.8865910607071,110.14618184115123
data,1131.2875250166778,110.16227672215597
data,1132.6884589726483,110.1800224731759
data,1134.089392928619,110.19957443968181
data,1135.4903268845896,110.22110105316094
data,1136.8912608405603,110.2447847746272
data,1138.292194796531,110.27082309053014
data,1139.6931287525017,110.29942956247977
data,1141.0940627084724,110.33083493209169
data,1142.494996664443,110.36528828212168
data,1143.8959306204138,110.40305825490482
data,1145.2968645763842,110.44443432893682
data,1146.697798532355,110.4897281542355
data,1148.0987324883254,110.53927494689496
data,1149.499666444296,110.59343494299577
data,1150.9006004002667,110.65259491175644
data,1152.3015343562374,110.71716972750828
data,1153.702468312208,110.78760399974216
data,1155.1034022681788,110.86437376011388
data,1156.5043362241495,110.94798820490335
data,1157.9052701801202,111.03899149100069
data,1159.3062041360909,111.13796458303929
data,1160.7071380920613,111.24552714881386
data,1162.108072048032,111.36233949960604
data,1163.5090060040027,111.48910457149744
data,1164.9099399599731,111.62656994317523
data,1166.3108739159438,111.77552988513352
data,1167.7118078719145,111.9368274345418
data,1169.1127418278852,112.11135648939647
data,1170.513675783856,112.30006391488843
data,1171.9146097398266,112.50395165421581
data,1173.3155436957973,112.72407883534655
data,1174.716477651768,112.96156386449252
data,1176.1174116077386,113.21758649630125
data,1177.518345563709,113.493389870003
data,1178.9192795196798,113.79028249997666
data,1180.3202134756505,114.10964020842015
data,1181.721147431621,114.45290798703658
data,1183.1220813875916,114.82160177387753
data,1184.5230153435623,115.2173101307292
data,1185.923949299533,115.64169580568986
data,1187.3248832555037,116.09649716487237
data,1188.7258172114744,116.58352947648348
data,1190.126751167445,117.10468602988652
data,1191.5276851234157,117.66193907165403
data,1192.9286190793864,118.25734054006892
data,1194.3295530353569,118.89302257904517
data,1195.7304869913276,119.57119781201918
data,1197.1314209472982,120.29415935601696
data,1198.5323549032687,121.06428055584456
data,1199.9332888592394,121.88401441817844
data,1201.33422281521,122.75589272526317
data,1202.7351567711808,123.68252480796669
data,1204.1360907271514,124.66659595809493
data,1205.5370246831221,125.71086546014871
data,1206.9379586390928,126.81816422311508
data,1208.3388925950635,127.99139199343301
data,1209.739826551034,129.23351413096546
data,1211.1407605070046,130.54755793065345
data,1212.5416944629753,131.93660847352268
data,1213.9426284189458,133.40380399187833
data,1215.3435623749165,134.95233073484147
data,1216.7444963308872,136.58541732187112
data,1218.1454302868578,138.306328573582
data,1219.5463642428285,140.1183588109902
data,1220.9472981987992,142.02482461632636
data,1222.34823215477,144.0290570507213
data,1223.7491661107406,146.13439332640738
data,1225.1501000667113,148.34416793357752
data,1226.5510340226817,150.6617032246973
data,1227.9519679786524,153.09029946187817
data,1229.352901934623,155.63322433585765
data,1230.7538358905936,158.29370196822947
data,1232.1547698465642,161.0749014117586
data,1233.555703802535,163.97992466692952
data,1234.9566377585056,167.01179423629347
data,1236.3575717144763,170.17344024165578
data,1237.758505670447,173.46768713270038
data,1239.1594396264177,176.89724001923892
data,1240.5603735823884,180.46467066288895
data,1241.961307538359,184.1724031676043
data,1243.3622414943295,188.0226994120803
data,1244.7631754503002,192.01764427061502
data,1246.1641094062709,196.1591306724855
data,1247.5650433622413,200.4488445533118
data,1248.965977318212,204.88824975514396
data,1250.3669112741827,209.47857293513547
data,1251.7678452301534,214.22078854564583
data,1253.168779186124,219.11560395135285
data,1254.5697131420948,224.1634447515034
data,1255.9706470980655,229.3644403777072
data,1257.3715810540361,234.7184100396839
data,1258.7725150100066,240.22484909306786
data,1260.1734489659773,245.8829159047536
data,1261.574382921948,251.69141929225836
data,1262.9753168779184,257.6488066142532
data,1264.3762508338891,263.7531525896314
data,1265.7771847898598,270.00214892231406
data,1267.1781187458305,276.3930948084196
data,1268.5790527018012,282.92288840134364
data,1269.9799866577719,289.5880193088104
data,1271.3809206137425,296.384562193981
data,1272.7818545697132,303.30817155025477
data,1274.182788525684,310.35407771647857
data,1275.5837224816544,317.51708419587277
data,1276.984656437625,324.79156633811544
data,1278.3855903935957,332.1714714396507
data,1279.7865243495662,339.6503203125223
data,1281.187458305537,347.22121036674275
data,1282.5883922615076,354.87682024552583
data,1283.9893262174783,362.60941604664583
data,1285.390260173449,370.4108591566636
data,1286.7911941294196,378.27261571794486
data,1288.1921280853903,386.1857677412121
data,1289.593062041361,394.1410258689083
data,1290.9939959973317,402.1287437869205
data,1292.3949299533022,410.13893427426694
data,1293.7958639092728,418.161286872233
data,1295.1967978652435,426.18518714615954
data,1296.597731821214,434.1997375047869
data,1297.9986657771847,442.19377953364545
data,1299.3995997331554,450.1559177906135
data,1300.800533689126,458.07454500350156
data,1302.2014676450967,465.9378686012952
data,1303.6024016010674,473.7339385027011
data,1305.003335557038,481.4506760778483
data,1306.4042695130088,489.07590419148136
data,1307.8052034689795,496.5973782288068
data,1309.20613742495,504.0028179983476
data,1310.6070713809206,511.27994039980246
data,1312.008005336891,518.4164927389872
data,1313.4089392928618,525.4002865666199
data,1314.8098732488324,532.2192319128458
data,1316.2108072048031,538.861371785273
data,1317.6117411607738,545.3149167946929
data,1319.0126751167445,551.5682797698154
data,1320.4136090727152,557.6101102201777
data,1321.8145430286859,563.4293285049545
data,1323.2154769846566,569.0151595647142
data,1324.616410940627,574.3571660732548
data,1326.0173448965977,579.445280867513
data,1327.4182788525684,584.2698385151759
data,1328.8192128085389,588.8216058820734
data,1330.2201467645095,593.0918115646094
data,1331.6210807204802,597.0721740564684
data,1333.022014676451,600.7549285235639
data,1334.4229486324216,604.1328520666325
data,1335.8238825883923,607.19928735704
data,1337.224816544363,609.9481645381916
data,1338.6257505003337,612.3740212924
data,1340.0266844563043,614.4720209811326
data,1341.4276184122748,616.2379687751595
data,1342.8285523682455,617.6683257002566
data,1344.2294863242162,618.7602205336617
data,1345.6304202801866,619.5114594964709
data,1347.0313542361573,619.9205336974331
data,1348.432288192128,619.9866242941954
data,1349.8332221480987,619.7096053488284
data,1351.2341561040694,619.0900443654003
data,1352.63509006004,618.1292005083858
data,1354.0360240160107,616.8290205117308
data,1355.4369579719814,615.1921322993801
data,1356.8378919279521,613.2218363489449
data,1358.2388258839226,610.9220948408771
data,1359.6397598398933,608.2975186459583
data,1361.040693795864,605.3533522140584
data,1362.4416277518344,602.0954564368798
data,1363.842561707805,598.5302895667585
data,1365.2434956637758,594.6648862824719
data,1366.6444296197465,590.5068350013278
data,1368.0453635757171,586.064253544598
data,1369.4462975316878,581.345763270501
data,1370.8472314876585,576.3604617954354
data,1372.2481654436292,571.1178944299752
data,1373.6490993995997,565.6280244612203
data,1375.0500333555703,559.9012024174436
data,1376.450967311541,553.948134454568
data,1377.8519012675115,547.7798500067939
data,1379.2528352234822,541.4076688457408
data,1380.6537691794529,534.8431676937078
data,1382.0547031354236,528.0981465370824
data,1383.4556370913942,521.184594785631
data,1384.856571047365,514.1146574222909
data,1386.2575050033356,506.9006012862439
data,1387.6584389593063,499.5547816294782
data,1389.059372915277,492.0896090837583
data,1390.4603068712474,484.51751717097426
data,1391.8612408272181,476.8509304852275
data,1393.2621747831888,469.1022336698331
data,1394.6631087391593,461.2837413065993
data,1396.06404269513,453.407668828482
data,1397.4649766511006,445.4861045599267
data,1398.8659106070713,437.53098298196227
data,1400.266844563042,429.5540593115458
data,1401.6677785190127,421.56688547669046
data,1403.0687124749834,413.5807875606838
data,1404.469646430954,405.6068447802361
data,1405.8705803869248,397.6558700537368
data,1407.2715143428952,389.738392207004
data,1408.672448298866,381.8646398550208
data,1410.0733822548366,374.0445269892507
data,1411.474316210807,366.28764029116746
data,1412.8752501667777,358.60322818380376
data,1414.2761841227484,351.0001916243559
data,1415.677118078719,343.48707663221904
data,1417.0780520346898,336.072068538418
data,1418.4789859906605,328.76298793414026
data,1419.8799199466312,321.56728828810174
data,1421.2808539026018,314.4920551947761
data,1422.6817878585723,307.5440072081321
data,1424.082721814543,300.729498208468
data,1425.4836557705137,294.054521243276
data,1426.8845897264844,287.52471377672873
data,1428.285523682455,281.1453642765328
data,1429.6864576384255,274.92142006139494
data,1431.0873915943962,268.8574963273154
data,1432.4883255503669,262.95788626634896
data,1433.8892595063376,257.2265721873063
data,1435.2901934623083,251.6672375442242
data,1436.691127418279,246.2832797752127
data,1438.0920613742494,241.0778238515475
data,1439.49299533022,236.05373643461013
data,1440.8939292861908,231.21364053649222
data,1442.2948632421615,226.55993057872757
data,1443.6957971981321,222.09478774277912
data,1445.0967311541028,217.82019550549296
data,1446.4976651100733,213.73795525279237
data,1447.898599066044,209.84970186539184
data,1449.2995330220147,206.15691917127535
data,1450.7004669779853,202.66095516105926
data,1452.101400933956,199.36303686420598
data,1453.5023348899265,196.26428478629398
data,1454.9032688458972,193.3657268102215
data,1456.3042028018679,190.6683114673068
data,1457.7051367578385,188.17292048771395
data,1459.1060707138092,185.88038054352202
data,1460.50700466978,183.7914741020057
data,1461.9079386257504,181.90694931133254
data,1463.308872581721,180.2275288458815
data,1464.7098065376917,178.7539176437519
data,1466.1107404936624,177.48680947472545
data,1467.5116744496331,176.42689228299514
data,1468.9126084056038,175.57485225533003
data,1470.3135423615743,174.93137657202067
data,1471.714476317545,174.49715480491437
data,1473.1154102735156,174.2728789341007
data,1474.5163442294863,174.25924196230955
data,1475.917278185457,174.45693511383988
data,1477.3182121414277,174.86664361280543
data,1478.7191460973982,175.48904104365317
data,1480.1200800533688,176.32478230525004
data,1481.5210140093395,177.3744951783171
data,1482.9219479653102,178.63877053458916
data,1484.322881921281,180.1181512247504
data,1485.7238158772516,181.81311969092135
data,1487.124749833222,183.72408435819497
data,1488.5256837891927,185.8513648684136
data,1489.9266177451634,188.19517622798287
data,1491.327551701134,190.75561195001484
data,1492.7284856571048,193.53262627939375
data,1494.1294196130755,196.52601559745153
data,1495.530353569046,199.73539911074766
data,1496.9312875250166,203.1601989359313
data,1498.3322214809873,206.79961969974437
data,1499.733155436958,210.65262777989344
data,1501.1340893929287,214.7179303186483
data,1502.5350233488994,218.99395414662888
data,1503.9359573048698,223.47882475921762
data,1505.3368912608405,228.17034549234899
data,1506.7378252168112,233.065977047999
data,1508.1387591727819,238.16281752253417
data,1509.5396931287526,243.45758309303847
data,1510.940627084723,248.94658951786698
data,1512.3415610406937,254.62573460787365
data,1513.7424949966644,260.4904818239926
data,1515.143428952635,266.5358451551461
data,1516.5443629086058,272.7563754276719
data,1517.9452968645764,279.1461481936989
data,1519.346230820547,285.6987533410627
data,1520.7471647765176,292.40728656147485
data,1522.1480987324883,299.26434280669815
data,1523.549032688459,306.2620118545295
data,1524.9499666444297,313.39187609733983
data,1526.3509006004003,320.6450106559229
data,1527.7518345563708,328.0119859104031
data,1529.1527685123415,335.4828725280471
data,1530.5537024683122,343.04724905500325
data,1531.9546364242829,350.6942121254267
data,1533.3555703802535,358.41238932705227
data,1534.7565043362242,366.1899547472796
data,1536.1574382921947,374.0146472082188
data,1537.5583722481654,381.87379118306114
data,1538.959306204136,389.7543203696249
data,1540.3602401601067,397.64280388020643
data,1541.7611741160774,405.5254749898757
data,1543.162108072048,413.38826236839213
data,1544.5630420280186,421.2168237039754
data,1545.9639759839893,428.99658161043527
data,1547.36490993996,436.7127616927155
data,1548.7658438959306,444.350432629968
data,1550.1667778519013,451.894548119815
data,1551.567711807872,459.32999051276255
data,1552.9686457638425,466.64161595181633
data,1554.3695797198131,473.8143008193867
data,1555.7705136757838,480.83298928162833
data,1557.1714476317545,487.68274170963707
data,1558.5723815877252,494.34878374737997
data,1559.9733155436957,500.81655578810756
data,1561.3742494996663,507.07176261427946
data,1562.775183455637,513.100422950807
data,1564.1761174116077,518.8889186778221
data,1565.5770513675784,524.4240434471317
data,1566.977985323549,529.6930504462025
data,1568.3789192795196,534.6836990548481
data,1569.7798532354902,539.3843001428564
data,1571.180787191461,543.7837597615189
data,1572.5817211474316,547.8716209885014
data,1573.9826551034023,551.6381036935542
data,1575.383589059373,555.0741420023036
data,1576.7845230153434,558.1714192466284
data,1578.1854569713141,560.9224002029034
data,1579.5863909272848,563.3203604335622
data,1580.9873248832555,565.3594125629401
data,1582.3882588392262,567.0345293350547
data,1583.7891927951969,568.3415633187908
data,1585.1901267511673,569.2772631447275
data,1586.591060707138,569.8392861774541
data,1587.9919946631087,570.0262075475238
data,1589.3929286190794,569.8375254880463
data,1590.79386257505,569.2736629421654
data,1592.1947965310208,568.3359654291479
data,1593.5957304869912,567.0266951783823
data,1594.996664442962,565.3490215620648
data,1596.3975983989326,563.3070078786152
data,1597.7985323549033,560.9055945597146
data,1599.199466310874,558.1505788941846
data,1600.6004002668446,555.0485913815571
data,1602.001334222815,551.6070688469802
data,1603.4022681787858,547.8342244669376
data,1604.8032021347565,543.7390148720185
data,1606.2041360907272,539.3311045084915
data,1607.6050700466978,534.6208274546916
data,1609.0060040026685,529.6191469010415
data,1610.406937958639,524.337612513883
data,1611.8078719146097,518.7883159130769
data,1613.2088058705804,512.9838445015359
data,1614.609739826551,506.9372338913626
data,1616.0106737825217,500.66191917615754
data,1617.4116077384922,494.171685302219
data,1618.8125416944629,487.4806167928392
data,1620.2134756504336,480.60304707973364
data,1621.6144096064043,473.5535076937666
data,1623.015343562375,466.34667756372994
data,1624.4162775183456,458.9973326669099
data,1625.817211474316,451.5202962687011
data,1627.2181454302868,443.9303899806109
data,1628.6190793862575,436.2423858567945
data,1630.0200133422281,428.47095973874787
data,1631.4209472981988,420.6306460462298
data,1632.8218812541695,412.7357941998332
data,1634.22281521014,404.8005268471022
data,1635.6237491661107,396.8387000497589
data,1637.0246831220813,388.8638655746414
data,1638.425617078052,380.8892354153816
data,1639.8265510340227,372.9276486559516
data,1641.2274849899934,364.9915407709522
data,1642.6284189459639,357.0929154411342
data,1644.0293529019345,349.243318946205
data,1645.4302868579052,341.4538171806502
data,1646.831220813876,333.73497532210706
data,1648.2321547698466,326.0968401660309
data,1649.6330887258173,318.54892512494115
data,1651.0340226817877,311.10019787562817
data,1652.4349566377584,303.7590706233841
data,1653.8358905937291,296.5333929387174
data,1655.2368245496998,289.4304471091055
data,1656.6377585056705,282.4569459363456
data,1658.0386924616412,275.6190328988836
data,1659.4396264176116,268.92228458828964
data,1660.8405603735823,262.3717153197899
data,1662.241494329553,255.9717838085341
data,1663.6424282855237,249.72640179601115
data,1665.0433622414944,243.63894450486254
data,1666.444296197465,237.7122627951564
data,1667.8452301534355,231.94869689105315
data,1669.2461641094062,226.35009154366745
data,1670.647098065377,220.91781249381594
data,1672.0480320213476,215.65276409714716
data,1673.4489659773183,210.5554079739432
data,1674.8498999332887,205.6257825465213
data,1676.2508338892594,200.8635233286607
data,1677.65176784523,196.26788383378738
data,1679.0527018012008,191.83775697165035
data,1680.4536357571715,187.57169680696398
data,1681.8545697131422,183.46794055780373
data,1683.2555036691126,179.52443071644106
data,1684.6564376250833,175.73883718068384
data,1686.057371581054,172.10857928961929
data,1687.4583055370247,168.63084766381775
data,1688.8592394929954,165.30262575656718
data,1690.260173448966,162.12071102942073
data,1691.6611074049365,159.08173567225293
data,1693.0620413609072,156.1821867950439
data,1694.4629753168779,153.41842602570998
data,1695.8639092728486,150.78670845538159
data,1697.2648432288192,148.28320087960395
data,1698.66577718479,145.90399929089082
data,1700.0667111407604,143.6451455848997
data,1701.467645096731,141.50264344914854
data,1702.8685790527018,139.47247340964955
data,1704.2695130086724,137.55060701702234
data,1705.6704469646431,135.73302015958913
data,1707.0713809206138,134.01570549657743
data,1708.4723148765843,132.39468400986732
data,1709.873248832555,130.8660156776932
data,1711.2741827885256,129.42580927833902
data,1712.6751167444963,128.07023133612228
data,1714.076050700467,126.7955142258726
data,1715.4769846564377,125.59796345563348
data,1716.8779186124082,124.47396415048576
data,1718.2788525683789,123.41998676318464
data,1719.6797865243495,122.43259203974819
data,1721.0807204803202,121.50843527021607
data,1722.481654436291,120.64426985655163
data,1723.8825883922616,119.83695023107708
data,1725.283522348232,119.08343415993674
data,1726.6844563042027,118.38078446689006
data,1728.0853902601734,117.72617021326101
data,1729.486324216144,117.11686737012698
data,1730.8872581721148,116.55025901884589
data,1732.2881921280853,116.02383511580429
data,1733.689126084056,115.53519185684526
data,1735.0900600400266,115.0820306762254
data,1736.4909939959973,114.66215691416483
data,1737.891927951968,114.27347818612478
data,1739.2928619079387,113.91400248588143
data,1740.6937958639091,113.58183605328654
data,1742.0947298198798,113.27518103633184
data,1743.4956637758505,112.99233297578093
data,1744.8965977318212,112.73167813921528
data,1746.297531687792,112.49169072987864
data,1747.6984656437626,112.2709299942053
data,1749.099399599733,112.06803725040191
data,1750.5003335557037,111.88173285892647
data,1751.9012675116744,111.71081315418877
data,1753.302201467645,111.55414735528798
data,1754.7031354236158,111.41067447212131
data,1756.1040693795865,111.27940022174496
data,1757.505003335557,111.15939396845698
data,1758.9059372915276,111.0497856997036
data,1760.3068712474983,110.94976304859534
data,1761.707805203469,110.8585683725569
data,1763.1087391594397,110.775495896434
data,1764.5096731154104,110.69988892723954
data,1765.9106070713808,110.63113714664507
data,1767.3115410273515,110.5686739863129
data,1768.7124749833222,110.51197409021943
data,1770.1134089392929,110.46055086724154
data,1771.5143428952636,110.41395413646524
data,1772.9152768512342,110.37176786692896
data,1774.3162108072047,110.33360801282943
data,1775.7171447631754,110.29912044459745
data,1777.118078719146,110.26797897568967
data,1778.5190126751168,110.23988348443926
data,1779.9199466310874,110.21455812986163
data,1781.320880587058,110.19174965991678
data,1782.7218145430286,110.17122581038596
data,1784.1227484989993,110.15277379222417
data,1785.52368245497,110.13619886499745
data,1786.9246164109406,110.1213229938042
data,1788.3255503669113,110.10798358690704
data,1789.7264843228818,110.09603231116657
data,1791.1274182788525,110.08533398226365
data,1792.5283522348232,110.07576552662425
data,1793.9292861907938,110.06721501191385
data,1795.3302201467645,110.0595807429463
data,1796.7311541027352,110.05277041985238
data,1798.1320880587057,110.04670035537194
data,1799.5330220146764,110.04129474817034
data,1800.933955970647,110.03648500913125
data,1802.3348899266177,110.03220913764194
data,1803.7358238825884,110.02841114496235
data,1805.136757838559,110.02504052185401
data,1806.5376917945296,110.02205174773621
data,1807.9386257505003,110.01940383873522
data,1809.339559706471,110.01705993209461
data,1810.7404936624416,110.01498690452075
data,1812.1414276184123,110.01315502214594
data,1813.542361574383,110.01153761990042
data,1814.9432955303535,110.01011080819518
data,1816.3442294863241,110.00885320492571
data,1817.7451634422948,110.00774569091568
data,1819.1460973982655,110.00677118702565
data,1820.5470313542362,110.00591445125566
data,1821.9479653102069,110.0051618942725
data,1823.3488992661773,110.00450141188988
data,1824.749833222148,110.00392223312555
data,1826.1507671781187,110.00341478255004
data,1827.5517011340894,110.00297055572929
data,1828.95263509006,110.00258200664756
data,1830.3535690460308,110.00224244607624
data,1831.7545030020012,110.00194594993
data,1833.155436957972,110.0016872767235
data,1834.5563709139426,110.00146179330962
data,1835.9573048699133,110.00126540814374
data,1837.358238825884,110.00109451137908
data,1838.7591727818544,110.00094592115373
data,1840.1601067378251,110.00081683548316
data,1841.5610406937958,110.0007047892208
data,1842.9619746497665,110.00060761559529
data,1844.3629086057372,110.00052341187512
data,1845.7638425617079,110.0004505087515
data,1847.1647765176783,110.00038744306609
data,1848.565710473649,110.00033293354466
data,1849.9666444296197,110.00028585922836
data,1851.3675783855904,110.00024524032341
data,1852.768512341561,110.00021022121608
data,1854.1694462975317,110.000180055424
data,1855.5703802535022,110.00015409227743
data,1856.971314209473,110.00013176514368
data,1858.3722481654436,110.00011258102714
data,1859.7731821214143,110.00009611139352
data,1861.174116077385,110.00008198408278
data,1862.5750500333556,110.00006987618904
data,1863.975983989326,110.00005950779808
data,1865.3769179452968,110.00005063648501
data,1866.7778519012675,110.0000430524848
data,1868.1787858572382,110.00003657445757
data,1869.5797198132088,110.00003104577934
data,1870.9806537691795,110.00002633129627
data,1872.38158772515,110.00002231448732
data,1873.7825216811207,110.0000188949866
data,1875.1834556370914,110.00001598642164
data,1876.584389593062,110.00001351452977
data,1877.9853235490327,110.00001141551782
data,1879.3862575050034,110.0000096346356
data,1880.7871914609739,110.00000812493643
data,1882.1881254169446,110.00000684620109
data,1883.5890593729152,110.00000576400475
data,1884.989993328886,110.00000484890874
data,1886.3909272848566,110.00000407576084
data,1887.7918612408273,110.00000342309045
data,1889.1927951967978,110.00000287258611
data,1890.5937291527684,110.00000240864469
data,1891.9946631087391,110.00000201798262
data,1893.3955970647098,110.00000168930127
data,1894.7965310206805,110.0000014129988
data,1896.197464976651,110.00000118092272
data,1897.5983989326216,110.00000098615723
data,1898.9993328885923,110.00000082284087
data,1900.400266844563,110.00000068601015
data,1901.8012008005337,110.00000057146578
data,1903.2021347565044,110.00000047565813
data,1904.6030687124749,110.00000039558937
data,1906.0040026684455,110.00000032872997
data,1907.4049366244162,110.00000027294742
data,1908.805870580387,110.0000002264455
data,1910.2068045363576,110.00000018771259
data,1911.6077384923283,110.0000001554777
data,1913.0086724482987,110.00000012867311
data,1914.4096064042694,110.00000010640265
data,1915.81054036024,110.00000008791483
data,1917.2114743162108,110.00000007257998
data,1918.6124082721815,110.000000059871
data,1920.0133422281522,110.00000004934705
data,1921.4142761841226,110.00000004063975
data,1922.8152101400933,110.0000000334415
data,1924.216144096064,110.00000002749573
data,1925.6170780520347,110.00000002258864
data,1927.0180120080054,110.00000001854214
data,1928.418945963976,110.00000001520809
data,1929.8198799199465,110.00000001246333
data,1931.2208138759172,110.00000001020561
data,1932.621747831888,110.00000000835004
data,1934.0226817878586,110.00000000682627
data,1935.4236157438293,110.000000005576
data,1936.8245496998,110.00000000455101
data,1938.2254836557704,110.00000000371139
data,1939.626417611741,110.00000000302421
data,1941.0273515677118,110.00000000246224
data,1942.4282855236825,110.00000000200308
data,1943.8292194796531,110.0000000016282
data,1945.2301534356236,110.00000000132239
data,1946.6310873915943,110.00000000107315
data,1948.032021347565,110.00000000087017
data,1949.4329553035357,110.00000000070501
data,1950.8338892595063,110.00000000057072
data,1952.234823215477,110.00000000046164
data,1953.6357571714475,110.0000000003731
data,1955.0366911274182,110.0000000003013
data,1956.4376250833889,110.00000000024312
data,1957.8385590393596,110.00000000019601
data,1959.2394929953302,110.0000000001579
data,1960.640426951301,110.0000000001271
data,1962.0413609072714,110.00000000010222
data,1963.442294863242,110.00000000008214
data,1964.8432288192128,110.00000000006595
data,1966.2441627751834,110.00000000005292
data,1967.6450967311541,110.00000000004242
data,1969.0460306871248,110.00000000003398
data,1970.4469646430953,110.00000000002719
data,1971.847898599066,110.00000000002174
data,1973.2488325550366,110.00000000001738
data,1974.6497665110073,110.00000000001387
data,1976.050700466978,110.00000000001107
data,1977.4516344229487,110.00000000000882
data,1978.8525683789192,110.00000000000702
data,1980.2535023348898,110.00000000000558
data,1981.6544362908605,110.00000000000445
data,1983.0553702468312,110.00000000000352
data,1984.456304202802,110.0000000000028
data,1985.8572381587726,110.00000000000222
data,1987.258172114743,110.00000000000176
data,1988.6591060707137,110.00000000000139
data,1990.0600400266844,110.00000000000111
data,1991.460973982655,110.00000000000087
data,1992.8619079386258,110.0000000000007
data,1994.2628418945965,110.00000000000054
data,1995.663775850567,110.00000000000043
data,1997.0647098065376,110.00000000000034
data,1998.4656437625083,110.00000000000027
data,1999.866577718479,110.00000000000021
data,2001.2675116744497,110.00000000000017
data,2002.6684456304201,110.00000000000013
data,2004.0693795863908,110.0000000000001
data,2005.4703135423615,110.00000000000009
data,2006.8712474983322,110.00000000000006
data,2008.2721814543029,110.00000000000004
data,2009.6731154102736,110.00000000000004
data,2011.074049366244,110.00000000000003
data,2012.4749833222147,110.00000000000003
data,2013.8759172781854,110.00000000000001
data,2015.276851234156,110.00000000000001
data,2016.6777851901268,110.00000000000001
data,2018.0787191460975,110.00000000000001
data,2019.479653102068,110.0
data,2020.8805870580386,110.0
data,2022.2815210140093,110.0
data,2023.68245496998,110.0
data,2025.0833889259507,110.0
data,2026.4843228819213,110.0
data,2027.8852568378918,110.0
data,2029.2861907938625,110.0
data,2030.6871247498332,110.0
data,2032.0880587058039,110.0
data,2033.4889926617745,110.0
data,2034.8899266177452,110.0
data,2036.2908605737157,110.0
data,2037.6917945296864,110.0
data,2039.092728485657,110.0
data,2040.4936624416277,110.0
data,2041.8945963975984,110.0
data,2043.2955303535691,110.0
data,2044.6964643095396,110.0
data,2046.0973982655103,110.0
data,2047.498332221481,110.0
data,2048.899266177452,110.0
data,2050.3002001334225,110.0
data,2051.7011340893932,110.0
data,2053.1020680453635,110.0
data,2054.503002001334,110.0
data,2055.903935957305,110.0
data,2057.3048699132755,110.0
data,2058.705803869246,110.0
data,2060.1067378252164,110.0
data,2061.507671781187,110.0
data,2062.908605737158,110.0
data,2064.3095396931285,110.0
data,2065.710473649099,110.0
data,2067.11140760507,110.0
data,2068.5123415610406,110.0
data,2069.9132755170112,110.0
data,2071.314209472982,110.0
data,2072.7151434289526,110.0
data,2074.1160773849233,110.0
data,2075.517011340894,110.0
data,2076.9179452968647,110.0
data,2078.3188792528354,110.0
data,2079.719813208806,110.0
data,2081.1207471647767,110.0
data,2082.5216811207474,110.0
data,2083.922615076718,110.0
data,2085.3235490326883,110.0
data,2086.724482988659,110.0
data,2088.1254169446297,110.0
data,2089.5263509006004,110.0
data,2090.927284856571,110.0
data,2092.3282188125418,110.0
data,2093.729152768512,110.0
data,2095.1300867244827,110.0
data,2096.5310206804534,110.0
data,2097.931954636424,110.0
data,2099.3328885923947,110.0
data,2100.7338225483654,110.0
data,2102.134756504336,110.0
data,2103.535690460307,110.0
data,2104.9366244162775,110.0
data,2106.337558372248,110.0
data,2107.738492328219,110.0
data,2109.1394262841895,110.0
data,2110.54036024016,110.0
data,2111.941294196131,110.0
data,2113.3422281521016,110.0
data,2114.7431621080723,110.0
data,2116.144096064043,110.0
data,2117.545030020013,110.0
data,2118.945963975984,110.0
data,2120.3468979319546,110.0
data,2121.7478318879253,110.0
data,2123.148765843896,110.0
data,2124.5496997998666,110.0
data,2125.950633755837,110.0
data,2127.3515677118075,110.0
data,2128.7525016677782,110.0
data,2130.153435623749,110.0
data,2131.5543695797196,110.0
data,2132.9553035356903,110.0
data,2134.356237491661,110.0
data,2135.7571714476317,110.0
data,2137.1581054036023,110.0
data,2138.559039359573,110.0
data,2139.9599733155437,110.0
data,2141.3609072715144,110.0
data,2142.761841227485,110.0
data,2144.162775183456,110.0
data,2145.5637091394265,110.0
data,2146.964643095397,110.0
data,2148.365577051368,110.0
data,2149.7665110073385,110.0
data,2151.1674449633088,110.0
data,2152.5683789192794,110.0
data,2153.96931287525,110.0
data,2155.370246831221,110.0
data,2156.7711807871915,110.0
data,2158.172114743162,110.0
data,2159.5730486991324,110.0
data,2160.973982655103,110.0
data,2162.374916611074,110.0
data,2163.7758505670445,110.0
data,2165.176784523015,110.0
data,2166.577718478986,110.0
data,2167.9786524349565,110.0
data,2169.379586390927,110.0
data,2170.780520346898,110.0
data,2172.1814543028686,110.0
data,2173.5823882588393,110.0
data,2174.98332221481,110.0
data,2176.3842561707806,110.0
data,2177.7851901267513,110.0
data,2179.186124082722,110.0
data,2180.5870580386927,110.0
data,2181.9879919946634,110.0
data,2183.3889259506336,110.0
data,2184.7898599066043,110.0
data,2186.190793862575,110.0
data,2187.5917278185457,110.0
data,2188.9926617745164,110.0
data,2190.393595730487,110.0
data,2191.7945296864573,110.0
data,2193.195463642428,110.0
data,2194.5963975983987,110.0
data,2195.9973315543693,110.0
data,2197.39826551034,110.0
data,2198.7991994663107,110.0
data,2200.2001334222814,110.0
data,2201.601067378252,110.0
data,2203.0020013342228,110.0
data,2204.4029352901935,110.0
data,2205.803869246164,110.0
data,2207.204803202135,110.0
data,2208.6057371581055,110.0
data,2210.006671114076,110.0
data,2211.407605070047,110.0
data,2212.8085390260176,110.0
data,2214.2094729819883,110.0
data,2215.610406937959,110.0
data,2217.011340893929,110.0
data,2218.4122748499,110.0
data,2219.8132088058705,110.0
data,2221.2141427618412,110.0
data,2222.615076717812,110.0
data,2224.016010673782,110.0
data,2225.416944629753,110.0
data,2226.8178785857235,110.0
data,2228.218812541694,110.0
data,2229.619746497665,110.0
data,2231.0206804536356,110.0
data,2232.4216144096063,110.0
data,2233.822548365577,110.0
data,2235.2234823215476,110.0
data,2236.6244162775183,110.0
data,2238.025350233489,110.0
data,2239.4262841894597,110.0
data,2240.8272181454304,110.0
data,2242.228152101401,110.0
data,2243.6290860573718,110.0
data,2245.0300200133424,110.0
data,2246.430953969313,110.0
data,2247.831887925284,110.0
data,2249.232821881254,110.0
data,2250.6337558372247,110.0
data,2252.0346897931954,110.0
data,2253.435623749166,110.0
data,2254.836557705137,110.0
data,2256.2374916611075,110.0
data,2257.6384256170777,110.0
data,2259.0393595730484,110.0
data,2260.440293529019,110.0
data,2261.8412274849898,110.0
data,2263.2421614409604,110.0
data,2264.643095396931,110.0
data,2266.044029352902,110.0
data,2267.4449633088725,110.0
data,2268.845897264843,110.0
data,2270.246831220814,110.0
data,2271.6477651767846,110.0
data,2273.0486991327552,110.0
data,2274.449633088726,110.0
data,2275.8505670446966,110.0
data,2277.2515010006673,110.0
data,2278.652434956638,110.0
data,2280.0533689126087,110.0
data,2281.454302868579,110.0
data,2282.8552368245496,110.0
data,2284.2561707805203,110.0
data,2285.657104736491,110.0
data,2287.0580386924617,110.0
data,2288.4589726484323,110.0
data,2289.8599066044026,110.0
data,2291.2608405603733,110.0
data,2292.661774516344,110.0
data,2294.0627084723146,110.0
data,2295.4636424282853,110.0
data,2296.864576384256,110.0
data,2298.2655103402267,110.0
data,2299.6664442961974,110.0
data,2301.067378252168,110.0
data,2302.4683122081387,110.0
data,2303.8692461641094,110.0
data,2305.27018012008,110.0
data,2306.671114076051,110.0
data,2308.0720480320215,110.0
data,2309.472981987992,110.0
data,2310.873915943963,110.0
data,2312.2748498999335,110.0
data,2313.6757838559042,110.0
data,2315.0767178118745,110.0
data,2316.477651767845,110.0
data,2317.878585723816,110.0
data,2319.2795196797865,110.0
data,2320.680453635757,110.0
data,2322.081387591728,110.0
data,2323.482321547698,110.0
data,2324.883255503669,110.0
data,2326.2841894596395,110.0
data,2327.68512341561,110.0
data,2329.086057371581,110.0
data,2330.4869913275516,110.0
data,2331.8879252835222,110.0
data,2333.288859239493,110.0
data,2334.6897931954636,110.0
data,2336.0907271514343,110.0
data,2337.491661107405,110.0
data,2338.8925950633757,110.0
data,2340.2935290193464,110.0
data,2341.694462975317,110.0
data,2343.0953969312877,110.0
data,2344.4963308872584,110.0
data,2345.897264843229,110.0
data,2347.2981987991993,110.0
data,2348.69913275517,110.0
data,2350.1000667111407,110.0
data,2351.5010006671114,110.0
data,2352.901934623082,110.0
data,2354.3028685790528,110.0
data,2355.703802535023,110.0
data,2357.1047364909937,110.0
data,2358.5056704469644,110.0
data,2359.906604402935,110.0
data,2361.3075383589057,110.0
data,2362.7084723148764,110.0
data,2364.109406270847,110.0
data,2365.510340226818,110.0
data,2366.9112741827885,110.0
data,2368.312208138759,110.0
data,2369.71314209473,110.0
data,2371.1140760507005,110.0
data,2372.515010006671,110.0
data,2373.915943962642,110.0
data,2375.3168779186126,110.0
data,2376.7178118745833,110.0
data,2378.118745830554,110.0
data,2379.5196797865246,110.0
data,2380.920613742495,110.0
data,2382.3215476984656,110.0
data,2383.7224816544363,110.0
data,2385.123415610407,110.0
data,2386.5243495663776,110.0
data,2387.925283522348,110.0
data,2389.3262174783185,110.0
data,2390.727151434289,110.0
data,2392.12808539026,110.0
data,2393.5290193462306,110.0
data,2394.9299533022013,110.0
data,2396.330887258172,110.0
data,2397.7318212141427,110.0
data,2399.1327551701133,110.0
data,2400.533689126084,110.0
data,2401.9346230820547,110.0
data,2403.3355570380254,110.0
data,2404.736490993996,110.0
data,2406.1374249499668,110.0
data,2407.5383589059375,110.0
data,2408.939292861908,110.0
data,2410.340226817879,110.0
data,2411.7411607738495,110.0
data,2413.1420947298197,110.0
data,2414.5430286857904,110.0
data,2415.943962641761,110.0
data,2417.344896597732,110.0
data,2418.7458305537025,110.0
data,2420.146764509673,110.0
data,2421.5476984656434,110.0
data,2422.948632421614,110.0
data,2424.349566377585,110.0
data,2425.7505003335555,110.0
data,2427.151434289526,110.0
data,2428.552368245497,110.0
data,2429.9533022014675,110.0
data,2431.354236157438,110.0
data,2432.755170113409,110.0
data,2434.1561040693796,110.0
data,2435.5570380253503,110.0
data,2436.957971981321,110.0
data,2438.3589059372916,110.0
data,2439.7598398932623,110.0
data,2441.160773849233,110.0
data,2442.5617078052037,110.0
data,2443.9626417611744,110.0
data,2445.3635757171446,110.0
data,2446.7645096731153,110.0
data,2448.165443629086,110.0
data,2449.5663775850567,110.0
data,2450.9673115410274,110.0
data,2452.368245496998,110.0
data,2453.7691794529687,110.0
data,2455.1701134089394,110.0
data,2456.57104736491,110.0
data,2457.9719813208803,110.0
data,2459.372915276851,110.0
data,2460.7738492328217,110.0
data,2462.1747831887924,110.0
data,2463.575717144763,110.0
data,2464.9766511007338,110.0
data,2466.3775850567044,110.0
data,2467.778519012675,110.0
data,2469.179452968646,110.0
data,2470.5803869246165,110.0
data,2471.981320880587,110.0
data,2473.382254836558,110.0
data,2474.783188792528,110.0
data,2476.184122748499,110.0
data,2477.5850567044695,110.0
data,2478.98599066044,110.0
data,2480.386924616411,110.0
data,2481.7878585723815,110.0
data,2483.188792528352,110.0
data,2484.589726484323,110.0
data,2485.9906604402936,110.0
data,2487.3915943962643,110.0
data,2488.792528352235,110.0
data,2490.1934623082057,110.0
data,2491.594396264176,110.0
data,2492.9953302201466,110.0
data,2494.3962641761173,110.0
data,2495.797198132088,110.0
data,2497.1981320880586,110.0
data,2498.5990660440293,110.0
data,2500.0,110.0
fit,400.0,110.0
fit,401.40093395597063,110.0
fit,402.8018679119413,110.0
fit,404.20280186791194,110.0
fit,405.6037358238826,110.0
fit,407.00466977985326,110.0
fit,408.4056037358239,110.0
fit,409.8065376917945,110.0
fit,411.2074716477652,110.0
fit,412.60840560373583,110.0
fit,414.00933955970646,110.0
fit,415.4102735156771,110.0
fit,416.8112074716478,110.0
fit,418.2121414276184,110.0
fit,419.61307538358903,110.0
fit,421.0140093395597,110.0
fit,422.41494329553035,110.0
fit,423.815877251501,110.0
fit,425.21681120747166,110.0
fit,426.6177451634423,110.0
fit,428.0186791194129,110.0
fit,429.4196130753836,110.0
fit,430.82054703135424,110.0
fit,432.22148098732487,110.0
fit,433.62241494329555,110.0
fit,435.0233488992662,110.0
fit,436.4242828552368,110.0
fit,437.8252168112075,110.0
fit,439.2261507671781,110.0
fit,440.62708472314876,110.0
fit,442.02801867911944,110.0
fit,443.42895263509007,110.0
fit,444.8298865910607,110.0
fit,446.2308205470314,110.0
fit,447.631754503002,110.0
fit,449.03268845897264,110.0
fit,450.4336224149433,110.0
fit,451.83455637091396,110.0
fit,453.2354903268846,110.0
fit,454.6364242828552,110.0
fit,456.0373582388259,110.0
fit,457.43829219479653,110.0
fit,458.83922615076716,110.0
fit,460.24016010673785,110.0
fit,461.6410940627085,110.0
fit,463.0420280186791,110.0
fit,464.44296197464973,110.0
fit,465.8438959306204,110.0
fit,467.24482988659105,110.0
fit,468.6457638425617,110.0
fit,470.04669779853236,110.0
fit,471.447631754503,110.0
fit,472.8485657104736,110.0
fit,474.2494996664443,110.0
fit,475.65043362241494,110.0
fit,477.05136757838557,110.0
fit,478.45230153435625,110.0
fit,479.8532354903269,110.0
fit,481.2541694462975,110.0
fit,482.6551034022682,110.0
fit,484.0560373582388,110.0
fit,485.45697131420945,110.0
fit,486.85790527018014,110.0
fit,488.25883922615077,110.0
fit,489.6597731821214,110.0
fit,491.0607071380921,110.0
fit,492.4616410940627,110.0
fit,493.86257505003334,110.0
fit,495.263509006004,110.0
fit,496.66444296197466,110.0
fit,498.0653769179453,110.0
fit,499.466310873916,110.0
fit,500.8672448298866,110.0
fit,502.26817878585723,110.0
fit,503.6691127418279,110.0
fit,505.07004669779855,110.0
fit,506.4709806537692,110.0
fit,507.8719146097398,110.0
fit,509.2728485657105,110.0
fit,510.6737825216811,110.0
fit,512.0747164776518,110.0
fit,513.4756504336224,110.0
fit,514.8765843895931,110.0
fit,516.2775183455637,110.0
fit,517.6784523015343,110.0
fit,519.079386257505,110.0
fit,520.4803202134757,110.0
fit,521.8812541694463,110.0
fit,523.282188125417,110.0
fit,524.6831220813876,110.0
fit,526.0840560373582,110.0
fit,527.4849899933289,110.0
fit,528.8859239492995,110.0
fit,530.2868579052702,110.0
fit,531.6877918612408,110.0
fit,533.0887258172115,110.0
fit,534.4896597731821,110.0
fit,535.8905937291528,110.0
fit,537.2915276851234,110.0
fit,538.692461641094,110.0
fit,540.0933955970647,110.0
fit,541.4943295530354,110.0
fit,542.895263509006,110.0
fit,544.2961974649767,110.0
fit,545.6971314209472,110.0
fit,547.0980653769179,110.0
fit,548.4989993328886,110.0
fit,549.8999332888593,110.0
fit,551.3008672448299,110.0
fit,552.7018012008006,110.0
fit,554.1027351567711,110.0
fit,555.5036691127418,110.0
fit,556.9046030687125,110.0
fit,558.3055370246832,110.0
fit,559.7064709806538,110.0
fit,561.1074049366244,110.0
fit,562.508338892595,110.0
fit,563.9092728485657,110.0
fit,565.3102068045364,110.0
fit,566.711140760507,110.0
fit,568.1120747164777,110.0
fit,569.5130086724483,110.0
fit,570.9139426284189,110.0
fit,572.3148765843896,110.0
fit,573.7158105403603,110.0
fit,575.1167444963309,110.0
fit,576.5176784523015,110.0
fit,577.9186124082721,110.0
fit,579.3195463642428,110.0
fit,580.7204803202135,110.0
fit,582.1214142761842,110.0
fit,583.5223482321547,110.0
fit,584.9232821881254,110.0
fit,586.324216144096,110.0
fit,587.7251501000667,110.0
fit,589.1260840560374,110.0
fit,590.527018012008,110.0
fit,591.9279519679786,110.0
fit,593.3288859239493,110.0
fit,594.7298198799199,110.0
fit,596.1307538358906,110.0
fit,597.5316877918613,110.0
fit,598.932621747832,110.0
fit,600.3335557038025,110.0
fit,601.7344896597732,110.0
fit,603.1354236157438,110.0
fit,604.5363575717145,110.0
fit,605.9372915276851,110.0
fit,607.3382254836558,110.0
fit,608.7391594396264,110.0
fit,610.1400933955971,110.0
fit,611.5410273515677,110.0
fit,612.9419613075383,110.0
fit,614.342895263509,110.0
fit,615.7438292194796,110.0
fit,617.1447631754503,110.0
fit,618.545697131421,110.0
fit,619.9466310873916,110.0
fit,621.3475650433622,110.0
fit,622.7484989993329,110.0
fit,624.1494329553035,110.0
fit,625.5503669112742,110.0
fit,626.9513008672449,110.0
fit,628.3522348232154,110.0
fit,629.7531687791861,110.0
fit,631.1541027351568,110.0
fit,632.5550366911274,110.0
fit,633.9559706470981,110.0
fit,635.3569046030686,110.0
fit,636.7578385590393,110.0
fit,638.15877251501,110.0
fit,639.5597064709807,110.0
fit,640.9606404269513,110.0
fit,642.361574382922,110.0
fit,643.7625083388925,110.0
fit,645.1634422948632,110.0
fit,646.5643762508339,110.0
fit,647.9653102068046,110.0
fit,649.3662441627752,110.0
fit,650.7671781187458,110.0
fit,652.1681120747164,110.0
fit,653.5690460306871,110.0
fit,654.9699799866578,110.0
fit,656.3709139426285,110.0
fit,657.771847898599,110.0
fit,659.1727818545697,110.0
fit,660.5737158105403,110.0
fit,661.974649766511,110.0
fit,663.3755837224817,110.0
fit,664.7765176784524,110.0
fit,666.1774516344229,110.0
fit,667.5783855903935,110.0
fit,668.9793195463642,110.0
fit,670.3802535023349,110.0
fit,671.7811874583056,110.0
fit,673.1821214142763,110.0
fit,674.5830553702468,110.0
fit,675.9839893262174,110.0
fit,677.3849232821881,110.0
fit,678.7858572381588,110.0
fit,680.1867911941295,110.0
fit,681.5877251501001,110.0
fit,682.9886591060707,110.0
fit,684.3895930620413,110.0
fit,685.790527018012,110.0
fit,687.1914609739827,110.0
fit,688.5923949299533,110.0
fit,689.9933288859239,110.0
fit,691.3942628418946,110.0
fit,692.7951967978652,110.0
fit,694.1961307538359,110.0
fit,695.5970647098065,110.0
fit,696.9979986657772,110.0
fit,698.3989326217478,110.0
fit,699.7998665777185,110.0
fit,701.2008005336891,110.0
fit,702.6017344896597,110.0
fit,704.0026684456304,110.0
fit,705.4036024016011,110.0
fit,706.8045363575717,110.0
fit,708.2054703135424,110.0
fit,709.606404269513,110.0
fit,711.0073382254836,110.0
fit,712.4082721814543,110.0
fit,713.809206137425,110.0
fit,715.2101400933956,110.0
fit,716.6110740493663,110.0
fit,718.0120080053368,110.0
fit,719.4129419613075,110.0
fit,720.8138759172782,110.0
fit,722.2148098732489,110.0
fit,723.6157438292195,110.0
fit,725.01667778519,110.0
fit,726.4176117411607,110.0
fit,727.8185456971314,110.0
fit,729.2194796531021,110.0
fit,730.6204136090728,110.0
fit,732.0213475650434,110.0
fit,733.4222815210139,110.0
fit,734.8232154769846,110.0
fit,736.2241494329553,110.0
fit,737.625083388926,110.0
fit,739.0260173448967,110.0
fit,740.4269513008672,110.0
fit,741.8278852568378,110.0
fit,743.2288192128085,110.0
fit,744.6297531687792,110.0
fit,746.0306871247499,110.0
fit,747.4316210807204,110.0
fit,748.8325550366911,110.0
fit,750.2334889926617,110.0
fit,751.6344229486324,110.0
fit,753.0353569046031,110.0
fit,754.4362908605738,110.0
fit,755.8372248165443,110.0
fit,757.238158772515,110.0
fit,758.6390927284856,110.0
fit,760.0400266844563,110.0
fit,761.440960640427,110.0
fit,762.8418945963977,110.0
fit,764.2428285523682,110.0
fit,765.6437625083389,110.0
fit,767.0446964643095,110.0
fit,768.4456304202802,110.0
fit,769.8465643762509,110.0
fit,771.2474983322215,110.0
fit,772.6484322881921,110.0
fit,774.0493662441627,110.0
fit,775.4503002001334,110.0
fit,776.851234156104,110.0
fit,778.2521681120747,110.0
fit,779.6531020680454,110.0
fit,781.054036024016,110.0
fit,782.4549699799866,110.0
fit,783.8559039359573,110.0
fit,785.256837891928,110.0
fit,786.6577718478986,110.0
fit,788.0587058038693,110.0
fit,789.4596397598399,110.0
fit,790.8605737158105,110.0
fit,792.2615076717811,110.0
fit,793.6624416277518,110.0
fit,795.0633755837225,110.0
fit,796.4643095396932,110.0
fit,797.8652434956638,110.0
fit,799.2661774516343,110.0
fit,800.667111407605,110.0
fit,802.0680453635757,110.0
fit,803.4689793195464,110.0
fit,804.869913275517,110.0
fit,806.2708472314877,110.0
fit,807.6717811874582,110.0
fit,809.0727151434289,110.0
fit,810.4736490993996,110.0
fit,811.8745830553703,110.0
fit,813.2755170113409,110.0
fit,814.6764509673116,110.0
fit,816.0773849232821,110.0
fit,817.4783188792528,110.0
fit,818.8792528352235,110.0
fit,820.2801867911942,110.0
fit,821.6811207471648,110.0
fit,823.0820547031354,110.0
fit,824.482988659106,110.0
fit,825.8839226150767,110.0
fit,827.2848565710474,110.0
fit,828.6857905270181,110.0
fit,830.0867244829886,110.0
fit,831.4876584389592,110.0
fit,832.8885923949299,110.0
fit,834.2895263509006,110.0
fit,835.6904603068713,110.0
fit,837.091394262842,110.0
fit,838.4923282188125,110.0
fit,839.8932621747831,110.0
fit,841.2941961307538,110.0
fit,842.6951300867245,110.0
fit,844.0960640426952,110.0
fit,845.4969979986658,110.0
fit,846.8979319546364,110.0
fit,848.298865910607,110.0
fit,849.6997998665777,110.0
fit,851.1007338225484,110.0
fit,852.501667778519,110.0
fit,853.9026017344897,110.0
fit,855.3035356904603,110.0
fit,856.7044696464309,110.0
fit,858.1054036024016,110.0
fit,859.5063375583723,110.0
fit,860.9072715143429,110.0
fit,862.3082054703135,110.0
fit,863.7091394262842,110.0
fit,865.1100733822548,110.0
fit,866.5110073382255,110.0
fit,867.9119412941961,110.0
fit,869.3128752501668,110.0
fit,870.7138092061374,110.0
fit,872.1147431621081,110.0
fit,873.5156771180787,110.00000000000001
fit,874.9166110740493,110.00000000000001
fit,876.31754503002,110.00000000000001
fit,877.7184789859907,110.00000000000001
fit,879.1194129419613,110.00000000000001
fit,880.520346897932,110.00000000000003
fit,881.9212808539025,110.00000000000003
fit,883.3222148098732,110.00000000000004
fit,884.7231487658439,110.00000000000006
fit,886.1240827218146,110.00000000000007
fit,887.5250166777852,110.00000000000009
fit,888.9259506337557,110.0000000000001
fit,890.3268845897264,110.00000000000013
fit,891.7278185456971,110.00000000000016
fit,893.1287525016678,110.0000000000002
fit,894.5296864576385,110.00000000000024
fit,895.9306204136091,110.0000000000003
fit,897.3315543695796,110.00000000000037
fit,898.7324883255503,110.00000000000047
fit,900.133422281521,110.00000000000058
fit,901.5343562374917,110.00000000000071
fit,902.9352901934624,110.00000000000088
fit,904.336224149433,110.0000000000011
fit,905.7371581054035,110.00000000000136
fit,907.1380920613742,110.00000000000168
fit,908.5390260173449,110.00000000000207
fit,909.9399599733156,110.00000000000256
fit,911.3408939292862,110.00000000000317
fit,912.7418278852568,110.0000000000039
fit,914.1427618412275,110.0000000000048
fit,915.5436957971981,110.00000000000591
fit,916.9446297531688,110.00000000000728
fit,918.3455637091395,110.00000000000895
fit,919.74649766511,110.000000000011
fit,921.1474316210807,110.00000000001351
fit,922.5483655770514,110.00000000001658
fit,923.949299533022,110.00000000002034
fit,925.3502334889927,110.00000000002493
fit,926.7511674449632,110.00000000003052
fit,928.1521014009339,110.00000000003736
fit,929.5530353569046,110.0000000000457
fit,930.9539693128752,110.00000000005585
fit,932.3549032688459,110.00000000006821
fit,933.7558372248166,110.00000000008326
fit,935.1567711807871,110.00000000010156
fit,936.5577051367578,110.0000000001238
fit,937.9586390927285,110.00000000015082
fit,939.3595730486991,110.00000000018359
fit,940.7605070046698,110.00000000022335
fit,942.1614409606404,110.00000000027153
fit,943.562374916611,110.00000000032986
fit,944.9633088725817,110.00000000040048
fit,946.3642428285524,110.00000000048587
fit,947.765176784523,110.00000000058908
fit,949.1661107404937,110.00000000071374
fit,950.5670446964643,110.00000000086419
fit,951.9679786524349,110.00000000104565
fit,953.3689126084056,110.00000000126435
fit,954.7698465643763,110.0000000015278
fit,956.1707805203469,110.00000000184487
fit,957.5717144763175,110.00000000222624
fit,958.9726484322882,110.00000000268466
fit,960.3735823882588,110.00000000323529
fit,961.7745163442295,110.00000000389622
fit,963.1754503002002,110.00000000468903
fit,964.5763842561707,110.00000000563935
fit,965.9773182121414,110.00000000677773
fit,967.3782521681121,110.0000000081404
fit,968.7791861240827,110.00000000977047
fit,970.1801200800534,110.00000001171907
fit,971.581054036024,110.00000001404683
fit,972.9819879919946,110.00000001682562
fit,974.3829219479653,110.00000002014058
fit,975.783855903936,110.00000002409242
fit,977.1847898599066,110.00000002880026
fit,978.5857238158773,110.00000003440488
fit,979.9866577718478,110.00000004107254
fit,981.3875917278185,110.00000004899938
fit,982.7885256837892,110.00000005841676
fit,984.1894596397598,110.00000006959723
fit,985.5903935957305,110.00000008286177
fit,986.9913275517011,110.00000009858802
fit,988.3922615076717,110.00000011722003
fit,989.7931954636424,110.00000013927948
fit,991.1941294196131,110.0000001653789
fit,992.5950633755837,110.00000019623698
fit,993.9959973315543,110.0000002326962
fit,995.396931287525,110.00000027574356
fit,996.7978652434956,110.00000032653459
fit,998.1987991994663,110.000000386421
fit,999.599733155437,110.00000045698286
fit,1001.0006671114076,110.00000054006598
fit,1002.4016010673782,110.00000063782484
fit,1003.8025350233489,110.00000075277246
fit,1005.2034689793195,110.000000887838
fit,1006.6044029352902,110.00000104643298
fit,1008.0053368912609,110.00000123252806
fit,1009.4062708472314,110.00000145074108
fit,1010.8072048032021,110.00000170643874
fit,1012.2081387591728,110.00000200585339
fit,1013.6090727151434,110.00000235621748
fit,1015.0100066711141,110.00000276591773
fit,1016.4109406270848,110.00000324467229
fit,1017.8118745830553,110.00000380373382
fit,1019.212808539026,110.00000445612223
fit,1020.6137424949967,110.00000521689108
fit,1022.0146764509673,110.00000610343244
fit,1023.415610406938,110.00000713582536
fit,1024.8165443629086,110.0000083372338
fit,1026.2174783188793,110.00000973436096
fit,1027.61841227485,110.0000113579672
fit,1029.0193462308207,110.00001324346022
fit,1030.4202801867912,110.00001543156706
fit,1031.8212141427618,110.00001796909842
fit,1033.2221480987325,110.0000209098175
fit,1034.623082054703,110.00002431542667
fit,1036.0240160106737,110.00002825668727
fit,1037.4249499666444,110.00003281468905
fit,1038.825883922615,110.00003808228853
fit,1040.2268178785857,110.00004416573708
fit,1041.6277518345564,110.00005118652233
fit,1043.028685790527,110.00005928344916
fit,1044.4296197464978,110.00006861498935
fit,1045.8305537024683,110.00007936193259
fit,1047.231487658439,110.0000917303747
fit,1048.6324216144096,110.00010595508346
fit,1050.03335557038,110.00012230328609
fit,1051.4342895263508,110.00014107892828
fit,1052.8352234823215,110.00016262745868
fit,1054.2361574382921,110.00018734119965
fit,1055.6370913942628,110.00021566537066
fit,1057.0380253502335,110.00024810483805
fit,1058.4389593062042,110.00028523167211
fit,1059.8398932621749,110.0003276936007
fit,1061.2408272181456,110.0003762234579
fit,1062.641761174116,110.00043164973523
fit,1064.0426951300867,110.00049490835401
fit,1065.4436290860574,110.00056705578892
fit,1066.8445630420279,110.00064928368447
fit,1068.2454969979985,110.00074293512046
fit,1069.6464309539692,110.000849522696
fit,1071.04736490994,110.00097074861775
fit,1072.4482988659106,110.00110852699449
fit,1073.8492328218813,110.00126500855832
fit,1075.250166777852,110.00144260805175
fit,1076.6511007338227,110.00164403454073
fit,1078.0520346897933,110.0018723249361
fit,1079.4529686457638,110.0021308810285
fit,1080.8539026017345,110.00242351036826
fit,1082.2548365577052,110.00275447134713
fit,1083.6557705136756,110.00312852286831
fit,1085.0567044696463,110.00355097902015
fit,1086.457638425617,110.00402776920177
fit,1087.8585723815877,110.00456550418149
fit,1089.2595063375584,110.00517154860512
fit,1090.660440293529,110.00585410050769
fit,1092.0613742494997,110.00662227842166
fit,1093.4623082054704,110.00748621671518
fit,1094.863242161441,110.0084571698368
fit,1096.2641761174116,110.00954762618697
fit,1097.6651100733823,110.01077143238328
fit,1099.0660440293527,110.01214392873328
fit,1100.4669779853234,110.01368209677874
fit,1101.867911941294,110.01540471982484
fit,1103.2688458972648,110.01733255742045
fit,1104.6697798532355,110.01948853480778
fit,1106.0707138092062,110.02189794841415
fit,1107.4716477651768,110.02458868851224
fit,1108.8725817211475,110.02759148023071
fit,1110.2735156771182,110.03094014415156
fit,1111.6744496330887,110.03467187778475
fit,1113.0753835890594,110.03882755926554
fit,1114.47631754503,110.04345207467163
fit,1115.8772515010005,110.0485946704093
fit,1117.2781854569712,110.05430933216634
fit,1118.6791194129419,110.06065519197665
fit,1120.0800533689126,110.06769696498395
fit,1121.4809873248832,110.0755054175321
fit,1122.881921280854,110.08415786824375
fit,1124.2828552368246,110.09373872377854
fit,1125.6837891927953,110.10434005098526
fit,1127.084723148766,110.11606218717812
fit,1128.4856571047364,110.1290143902758
fit,1129.8865910607071,110.14331553054043
fit,1131.2875250166778,110.1590948256431
fit,1132.6884589726483,110.17649262076068
fit,1134.089392928619,110.19566121537433
fit,1135.4903268845896,110.21676573839306
fit,1136.8912608405603,110.23998507316392
fit,1138.292194796531,110.26551283385308
fit,1139.6931287525017,110.293558394588
fit,1141.0940627084724,110.3243479726389
fit,1142.494996664443,110.35812576678596
fit,1143.8959306204138,110.39515515186747
fit,1145.2968645763842,110.43571993033022
fit,1146.697798532355,110.48012564140735
fit,1148.0987324883254,110.5287009283284
fit,1149.499666444296,110.58179896372134
fit,1150.9006004002667,110.63979893309454
fit,1152.3015343562374,110.70310757598851
fit,1153.702468312208,110.77216078406094
fit,1155.1034022681788,110.8474252550136
fit,1156.5043362241495,110.92940020088565
fit,1157.9052701801202,111.0186191088242
fit,1159.3062041360909,111.1156515519993
fit,1160.7071380920613,111.22110504785672
fit,1162.108072048032,111.33562696039809
fit,1163.5090060040027,111.45990644264454
fit,1164.9099399599731,111.59467641487767
fit,1166.3108739159438,111.74071557366032
fit,1167.7118078719145,111.89885042602137
fit,1169.1127418278852,112.06995734254556
fit,1170.513675783856,112.25496462243964
fit,1171.9146097398266,112.45485456295668
fit,1173.3155436957973,112.67066552484955
fit,1174.716477651768,112.90349398479657
fit,1176.1174116077386,113.15449656500122
fit,1177.518345563709,113.42489202941469
fit,1178.9192795196798,113.71596323527122
fit,1180.3202134756505,114.0290590278629
fit,1181.721147431621,114.36559606572214
fit,1183.1220813875916,114.72706056262504
fit,1184.5230153435623,115.11500993208747
fit,1185.923949299533,115.53107431930381
fit,1187.3248832555037,115.97695800477685
fit,1188.7258172114744,116.4544406632191
fit,1190.126751167445,116.96537846067308
fit,1191.5276851234157,117.51170497220987
fit,1192.9286190793864,118.0954319020284
fit,1194.3295530353569,118.71864958729923
fit,1195.7304869913276,119.38352726668552
fit,1197.1314209472982,120.09231309413434
fit,1198.5323549032687,120.84733387827906
fit,1199.9332888592394,121.65099452762601
fit,1201.33422281521,122.50577718163066
fit,1202.7351567711808,123.41424000781063
fit,1204.1360907271514,124.3790156451913
fit,1205.5370246831221,125.40280927465582
fit,1206.9379586390928,126.48839629717193
fit,1208.3388925950635,127.6386196014053
fit,1209.739826551034,128.85638640290776
fit,1211.1407605070046,130.1446646378961
fit,1212.5416944629753,131.5064788956112
fit,1213.9426284189458,132.9449058743914
fit,1215.3435623749165,134.46306934788487
fit,1216.7444963308872,136.0641346292868
fit,1218.1454302868578,137.7513025231213
fit,1219.5463642428285,139.52780275587486
fit,1220.9472981987992,141.39688687875395
fit,1222.34823215477,143.36182063796528
fit,1223.7491661107406,145.42587581020734
fit,1225.1501000667113,147.59232150351232
fit,1226.5510340226817,149.86441492617996
fit,1227.9519679786524,152.24539162929992
fit,1229.352901934623,154.73845523124234
fit,1230.7538358905936,157.3467666355306
fit,1232.1547698465642,160.07343275664027
fit,1233.555703802535,162.921494771517
fit,1234.9566377585056,165.89391591795624
fit,1236.3575717144763,168.99356886439477
fit,1237.758505670447,172.22322267915033
fit,1239.1594396264177,175.5855294306661
fit,1240.5603735823884,179.0830104538613
fit,1241.961307538359,182.7180423212402
fit,1243.3622414943295,186.4928425609358
fit,1244.7631754503002,190.4094551673586
fit,1246.1641094062709,194.4697359535258
fit,1247.5650433622413,198.67533779749706
fit,1248.965977318212,203.0276958385381
fit,1250.3669112741827,207.5280126817023
fit,1251.7678452301534,212.17724367244153
fit,1253.168779186124,216.97608230553945
fit,1254.5697131420948,221.9249458351616
fit,1255.9706470980655,227.02396115504519
fit,1257.3715810540361,232.27295101981997
fit,1258.7725150100066,237.67142068011114
fit,1260.1734489659773,243.2185450054269
fit,1261.574382921948,248.9131561698085
fit,1262.9753168779184,254.75373197588004
fit,1264.3762508338891,260.7383848931512
fit,1265.7771847898598,266.8648518862584
fit,1267.1781187458305,273.1304851082683
fit,1268.5790527018012,279.5322435331091
fit,1269.9799866577719,286.0666855997394
fit,1271.3809206137425,292.72996293872507
fit,1272.7818545697132,299.5178152494955
fit,1274.182788525684,306.42556639368763
fit,1275.5837224816544,313.4481217666417
fit,1276.984656437625,320.57996700532766
fit,1278.3855903935957,327.8151680866886
fit,1279.7865243495662,335.14737286571204
fit,1281.187458305537,342.56981409736386
fit,1282.5883922615076,350.07531398093334
fit,1283.9893262174783,357.6562902594077
fit,1285.390260173449,365.3047639000869
fit,1286.7911941294196,373.0123683759774
fit,1288.1921280853903,380.7703605604523
fit,1289.593062041361,388.56963324035644
fit,1290.9939959973317,396.4007292451505
fit,1292.3949299533022,404.25385718190256
fit,1293.7958639092728,412.11890875797445
fit,1295.1967978652435,419.98547766513354
fit,1296.597731821214,427.84287999068056
fit,1297.9986657771847,435.68017611293715
fit,1299.3995997331554,443.4861940302328
fit,1300.800533689126,451.249554064428
fit,1302.2014676450967,458.9586948719474
fit,1303.6024016010674,466.601900687465
fit,1305.003335557038,474.1673297177429
fit,1306.4042695130088,481.6430435957594
fit,1307.8052034689795,489.0170377982235
fit,1309.20613742495,496.27727292290547
fit,1310.6070713809206,503.41170671597416
fit,1312.008005336891,510.40832673373296
fit,1313.4089392928618,517.2551835179315
fit,1314.8098732488324,523.9404241590622
fit,1316.2108072048031,530.4523261180067
fit,1317.6117411607738,536.7793311728675
fit,1319.0126751167445,542.9100793550385
fit,1320.4136090727152,548.833442736432
fit,1321.8145430286859,554.5385589283826
fit,1323.2154769846566,560.0148641520781
fit,1324.616410940627,565.2521257404479
fit,1326.0173448965977,570.2404739322958
fit,1327.4182788525684,574.9704328210543
fit,1328.8192128085389,579.4329503229483
fit,1330.2201467645095,583.6194270324679
fit,1331.6210807204802,587.5217438369535
fit,1333.022014676451,591.1322881667334
fit,1334.4229486324216,594.4439787625848
fit,1335.8238825883923,597.4502888483314
fit,1337.224816544363,600.1452676030798
fit,1338.6257505003337,602.5235598349208
fit,1340.0266844563043,604.5804237658199
fit,1341.4276184122748,606.3117468458652
fit,1342.8285523682455,607.7140595239819
fit,1344.2294863242162,608.7845469115961
fit,1345.6304202801866,609.5210582855044
fit,1347.0313542361573,609.9221143862964
fit,1348.432288192128,609.9869124790451
fit,1349.8332221480987,609.7153291535647
fit,1351.2341561040694,609.1079208522408
fit,1352.63509006004,608.165922124262
fit,1354.0360240160107,606.8912416158801
fit,1355.4369579719814,605.2864558171132
fit,1356.8378919279521,603.3548005959547
fit,1358.2388258839226,601.1001605616347
fit,1359.6397598398933,598.5270563087187
fit,1361.040693795864,595.6406296037756
fit,1362.4416277518344,592.4466265859164
fit,1363.842561707805,588.9513790616841
fit,1365.2434956637758,585.1617839834684
fit,1366.6444296197465,581.0852812087963
fit,1368.0453635757171,576.7298296454748
fit,1369.4462975316878,572.1038818945678
fit,1370.8472314876585,567.2163575095641
fit,1372.2481654436292,562.0766149957822
fit,1373.6490993995997,556.6944226790482
fit,1375.0500333555703,551.079928576942
fit,1376.450967311541,545.2436294094334
fit,1377.8519012675115,539.1963388884571
fit,1379.2528352234822,532.9491554279895
fit,1380.6537691794529,526.5134294173952
fit,1382.0547031354236,519.9007302012395
fit,1383.4556370913942,513.1228129084673
fit,1384.856571047365,506.19158527275704
fit,1386.2575050033356,499.11907458406233
fit,1387.6584389593063,491.91739490882003
fit,1389.059372915277,484.5987147130924
fit,1390.4603068712474,477.17522501903227
fit,1391.8612408272181,469.65910822053934
fit,1393.2621747831888,462.06250767890054
fit,1394.6631087391593,454.39749821349864
fit,1396.06404269513,446.6760575965344
fit,1397.4649766511006,438.91003915405514
fit,1398.8659106070713,431.111145568471
fit,1400.266844563042,423.2909039703262
fit,1401.6677785190127,415.4606423992766
fit,1403.0687124749834,407.63146770616
fit,1404.469646430954,399.8142449597394
fit,1405.8705803869248,392.0195784132076
fit,1407.2715143428952,384.2577940769122
fit,1408.672448298866,376.5389239350438
fit,1410.0733822548366,368.8726918352939
fit,1411.474316210807,361.2685010717063
fit,1412.8752501667777,353.7354236722774
fit,1414.2761841227484,346.28219139426517
fit,1415.677118078719,338.91718842165915
fit,1417.0780520346898,331.6484457510189
fit,1418.4789859906605,324.4836372437786
fit,1419.8799199466312,317.430077315288
fit,1421.2808539026018,310.4947202233042
fit,1422.6817878585723,303.6841609113942
fit,1424.082721814543,297.00463735578217
fit,1425.4836557705137,290.4620343576377
fit,1426.8845897264844,284.06188871657577
fit,1428.285523682455,277.8093957153906
fit,1429.6864576384255,271.70941684064655
fit,1431.0873915943962,265.7664886587997
fit,1432.4883255503669,259.9848327630297
fit,1433.8892595063376,254.3683667018594
fit,1435.2901934623083,248.9207157970575
fit,1436.691127418279,243.6452257551445
fit,1438.0920613742494,238.54497597412634
fit,1439.49299533022,233.62279344484367
fit,1440.8939292861908,228.88126714456195
fit,1442.2948632421615,224.32276281908835
fit,1443.6957971981321,219.94943804886978
fit,1445.0967311541028,215.76325749410773
fit,1446.4976651100733,211.76600821397656
fit,1447.898599066044,207.9593149555169
fit,1449.2995330220147,204.34465530871674
fit,1450.7004669779853,200.92337462563074
fit,1452.101400933956,197.6967006031968
fit,1453.5023348899265,194.66575743159748
fit,1454.9032688458972,191.8315794126325
fit,1456.3042028018679,189.19512395559465
fit,1457.7051367578385,186.75728386154012
fit,1459.1060707138092,184.5188988106624
fit,1460.50700466978,182.48076597165252
fit,1461.9079386257504,180.64364965648483
fit,1463.308872581721,179.0082899489798
fit,1464.7098065376917,177.57541024077196
fit,1466.1107404936624,176.3457236139092
fit,1467.5116744496331,175.31993801526497
fit,1468.9126084056038,174.49876017419905
fit,1470.3135423615743,173.88289822147493
fit,1471.714476317545,173.47306297430163
fit,1473.1154102735156,173.26996785950936
fit,1474.5163442294863,173.2743274542616
fit,1475.917278185457,173.48685463135004
fit,1477.3182121414277,173.90825630397356
fit,1478.7191460973982,174.5392277729588
fit,1480.1200800533688,175.38044568760557
fit,1481.5210140093395,176.43255963970773
fit,1482.9219479653102,177.6961824187868
fit,1484.322881921281,179.17187896513263
fit,1485.7238158772516,180.86015406585858
fit,1487.124749833222,182.76143884778784
fit,1488.5256837891927,184.876076129575
fit,1489.9266177451634,187.20430470396093
fit,1491.327551701134,189.74624262945275
fit,1492.7284856571048,192.50186961892058
fit,1494.1294196130755,195.47100862059875
fit,1495.530353569046,198.65330669469392
fit,1496.9312875250166,202.04821529619875
fit,1498.3322214809873,205.654970081508
fit,1499.733155436958,209.47257036302497
fit,1501.1340893929287,213.4997583420099
fit,1502.5350233488994,217.73499825546003
fit,1503.9359573048698,222.1764555777337
fit,1505.3368912608405,226.8219764218969
fit,1506.7378252168112,231.66906728930707
fit,1508.1387591727819,236.71487531875266
fit,1509.5396931287526,241.956169188412
fit,1510.940627084723,247.38932082501216
fit,1512.3415610406937,253.01028807477215
fit,1513.7424949966644,258.81459848995826
fit,1515.143428952635,264.79733438319704
fit,1516.5443629086058,270.9531192989463
fit,1517.9452968645764,277.2761060478084
fit,1519.346230820547,283.7599664445914
fit,1520.7471647765176,290.39788288521333
fit,1522.1480987324883,297.18254189067136
fit,1523.549032688459,304.1061297384338
fit,1524.9499666444297,311.1603302926701
fit,1526.3509006004003,318.33632513484883
fit,1527.7518345563708,325.62479608536285
fit,1529.1527685123415,333.015930195065
fit,1530.5537024683122,340.4994272729293
fit,1531.9546364242829,348.06451000263655
fit,1533.3555703802535,355.6999366866518
fit,1534.7565043362242,363.3940166415325
fit,1536.1574382921947,371.13462825276554
fit,1537.5583722481654,378.90923968152924
fit,1538.959306204136,386.7049321994449
fit,1540.3602401601067,394.50842611085227
fit,1541.7611741160774,402.30610920534014
fit,1543.162108072048,410.08406766649074
fit,1544.5630420280186,417.8281193460417
fit,1545.9639759839893,425.523849296129
fit,1547.36490993996,433.15664743600354
fit,1548.7658438959306,440.71174821385523
fit,1550.1667778519013,448.17427210909096
fit,1551.567711807872,455.52926880588086
fit,1552.9686457638425,462.7617618550291
fit,1554.3695797198131,469.85679462840557
fit,1555.7705136757838,476.7994773583663
fit,1557.1714476317545,483.57503504398363
fit,1558.5723815877252,490.1688559964701
fit,1559.9733155436957,496.56654078814074
fit,1561.3742494996663,502.7539513626161
fit,1562.775183455637,508.71726005879833
fit,1564.1761174116077,514.4429982975996
fit,1565.5770513675784,519.9181046783762
fit,1566.977985323549,525.1299722317066
fit,1568.3789192795196,530.0664945764746
fit,1569.7798532354902,534.7161107322413
fit,1571.180787191461,539.0678483425704
fit,1572.5817211474316,543.1113650713736
fit,1573.9826551034023,546.836987942322
fit,1575.383589059373,550.2357504009939
fit,1576.7845230153434,553.2994268905843
fit,1578.1854569713141,556.0205647446319
fit,1579.5863909272848,558.3925132142319
fit,1580.9873248832555,560.4094494625572
fit,1582.3882588392262,562.0664013760077
fit,1583.7891927951969,563.3592670589366
fit,1585.1901267511673,564.284830897462
fit,1586.591060707138,564.8407760972708
fit,1587.9919946631087,565.0256936203989
fit,1589.3929286190794,564.8390874666054
fit,1590.79386257505,564.281376265959
fit,1592.1947965310208,563.353891170515
fit,1593.5957304869912,562.058870054288
fit,1594.996664442962,560.3994480519775
fit,1596.3975983989326,558.3796444879302
fit,1597.7985323549033,556.0043462674518
fit,1599.199466310874,553.2792878226851
fit,1600.6004002668446,550.211027724683
fit,1602.001334222815,546.8069220919019
fit,1603.4022681787858,543.0750949429763
fit,1604.8032021347565,539.0244056582125
fit,1606.2041360907272,534.6644137295862
fit,1607.6050700466978,530.0053409931294
fit,1609.0060040026685,525.0580315502666
fit,1610.406937958639,519.8339095958861
fit,1611.8078719146097,514.3449353806132
fit,1613.2088058705804,508.603559542865
fit,1614.609739826551,502.62267605270665
fit,1616.0106737825217,496.4155740143632
fit,1617.4116077384922,489.9958885773687
fit,1618.8125416944629,483.37755120779667
fit,1620.2134756504336,476.5747395708516
fit,1621.6144096064043,469.6018272742479
fit,1623.015343562375,462.4733337184313
fit,1624.4162775183456,455.20387429473305
fit,1625.817211474316,447.80811116613796
fit,1627.2181454302868,440.3007048575214
fit,1628.6190793862575,432.6962668731026
fit,1630.0200133422281,425.0093135484682
fit,1631.4209472981988,417.25422133308285
fit,1632.8218812541695,409.4451836866965
fit,1634.22281521014,401.59616975967623
fit,1635.6237491661107,393.7208850131164
fit,1637.0246831220813,385.83273391977946
fit,1638.425617078052,377.9447848715176
fit,1639.8265510340227,370.0697374030954
fit,1641.2274849899934,362.21989182625936
fit,1642.6284189459639,354.40712135169014
fit,1644.0293529019345,346.6428467602193
fit,1645.4302868579052,338.93801366854115
fit,1646.831220813876,331.3030724186386
fit,1648.2321547698466,323.7479606045141
fit,1649.6330887258173,316.28208823453144
fit,1651.0340226817877,308.91432551293235
fit,1652.4349566377584,301.6529932099261
fit,1653.8358905937291,294.5058555762969
fit,1655.2368245496998,287.48011574570916
fit,1656.6377585056705,280.58241355602485
fit,1658.0386924616412,273.81882570988984
fit,1659.4396264176116,267.19486818474553
fit,1660.8405603735823,260.71550079326323
fit,1662.241494329553,254.3851337870588
fit,1663.6424282855237,248.20763638935648
fit,1665.0433622414944,242.18634713617485
fit,1666.444296197465,236.32408590047766
fit,1667.8452301534355,230.62316746964623
fit,1669.2461641094062,225.0854165435356
fit,1670.647098065377,219.7121840182865
fit,1672.0480320213476,214.5043644198841
fit,1673.4489659773183,209.4624143512501
fit,1674.8498999332887,204.5863718172858
fit,1676.2508338892594,199.87587629376628
fit,1677.65176784523,195.33018940826577
fit,1679.0527018012008,190.94821610426482
fit,1680.4536357571715,186.7285261632884
fit,1681.8545697131422,182.66937596419103
fit,1683.2555036691126,178.76873036355033
fit,1684.6564376250833,175.024284586451
fit,1686.057371581054,171.4334860227105
fit,1687.4583055370247,167.993555829691
fit,1688.8592394929954,164.7015102492823
fit,1690.260173448966,161.5541815532817
fit,1691.6611074049365,158.54823853823297
fit,1693.0620413609072,155.68020649773564
fit,1694.4629753168779,152.94648660725642
fit,1695.8639092728486,150.34337466348063
fit,1697.2648432288192,147.86707912723972
fit,1698.66577718479,145.51373842592884
fit,1700.0667111407604,143.27943747809374
fit,1701.467645096731,141.1602234094443
fit,1702.8685790527018,139.1521204359384
fit,1704.2695130086724,137.25114389569816
fit,1705.6704469646431,135.45331341739814
fit,1707.0713809206138,133.75466521832453
fit,1708.4723148765843,132.1512635305602
fit,1709.873248832555,130.639211158668
fit,1711.2741827885256,129.21465917682426
fit,1712.6751167444963,127.87381577756415
fit,1714.076050700467,126.61295428816769
fit,1715.4769846564377,125.42842037420229
fit,1716.8779186124082,124.31663845286968
fit,1718.2788525683789,123.27411734157087
fit,1719.6797865243495,122.29745516952099
fit,1721.0807204803202,121.38334358230405
fit,1722.481654436291,120.52857127099367
fit,1723.8825883922616,119.73002685886597
fit,1725.283522348232,118.98470117982546
fit,1726.6844563042027,118.28968898346093
fit,1728.0853902601734,117.6421901021695
fit,1729.486324216144,117.03951011603905
fit,1730.8872581721148,116.4790605511958
fit,1732.2881921280853,115.95835864710938
fit,1733.689126084056,115.47502672792922
fit,1735.0900600400266,115.02679121232242
fit,1736.4909939959973,114.61148129550689
fit,1737.891927951968,114.22702733625427
fit,1739.2928619079387,113.87145898058243
fit,1740.6937958639091,113.54290305269271
fit,1742.0947298198798,113.23958124244655
fit,1743.4956637758505,112.9598076173385
fit,1744.8965977318212,112.70198598551987
fit,1746.297531687792,112.4646071349818
fit,1747.6984656437626,112.24624597252351
fit,1749.099399599733,112.045558584632
fit,1750.5003335557037,111.86127924089081
fit,1751.9012675116744,111.69221735903137
fit,1753.302201467645,111.53725444924963
fit,1754.7031354236158,111.39534105394394
fit,1756.1040693795865,111.2654936975938
fit,1757.505003335557,111.14679186010274
fit,1758.9059372915276,111.0383749855752
fit,1760.3068712474983,110.93943953719659
fit,1761.707805203469,110.849236107637
fit,1763.1087391594397,110.76706659321124
fit,1764.5096731154104,110.69228143889944
fit,1765.9106070713808,110.62427696026806
fit,1767.3115410273515,110.56249274733088
fit,1768.7124749833222,110.50640915445588
fit,1770.1134089392929,110.4555448795539
fit,1771.5143428952636,110.40945463498173
fit,1772.9152768512342,110.3677269118535
fit,1774.3162108072047,110.3299818387768
fit,1775.7171447631754,110.29586913541694
fit,1777.118078719146,110.26506616073644
fit,1778.5190126751168,110.2372760552605
fit,1779.9199466310874,110.21222597627612
fit,1781.320880587058,110.18966542448285
fit,1782.7218145430286,110.16936466027303
fit,1784.1227484989993,110.15111320752605
fit,1785.52368245497,110.13471844255182
fit,1786.9246164109406,110.12000426561063
fit,1788.3255503669113,110.10680985226672
fit,1789.7264843228818,110.09498848169734
fit,1791.1274182788525,110.08440643897816
fit,1792.5283522348232,110.07494198829137
fit,1793.9292861907938,110.06648441395825
fit,1795.3302201467645,110.05893312617513
fit,1796.7311541027352,110.05219682833226
fit,1798.1320880587057,110.04619274281356
fit,1799.5330220146764,110.04084589221196
fit,1800.933955970647,110.03608843294505
fit,1802.3348899266177,110.03185903831975
fit,1803.7358238825884,110.02810232816928
fit,1805.136757838559,110.02476834226864
fit,1806.5376917945296,110.02181205482604
fit,1807.9386257505003,110.01919292744462
fit,1809.339559706471,110.0168744980501
fit,1810.7404936624416,110.01482400338466
fit,1812.1414276184123,110.01301203277478
fit,1813.542361574383,110.01141221098847
fit,1814.9432955303535,110.01000090810611
fit,1816.3442294863241,110.00875697443739
fit,1817.7451634422948,110.00766149862312
fit,1819.1460973982655,110.00669758716667
fit,1820.5470313542362,110.00585016374202
fit,1821.9479653102069,110.00510578672606
fit,1823.3488992661773,110.00445248349976
fit,1824.749833222148,110.0038796001568
fit,1826.1507671781187,110.00337766534841
fit,1827.5517011340894,110.00293826708005
fit,1828.95263509006,110.00255394135792
fit,1830.3535690460308,110.00221807166237
fit,1831.7545030020012,110.00192479830032
fit,1833.155436957972,110.00166893675912
fit,1834.5563709139426,110.00144590425191
fit,1835.9573048699133,110.0012516537074
fit,1837.358238825884,110.00108261451626
fit,1838.7591727818544,110.00093563940206
fit,1840.1601067378251,110.00080795683661
fit,1841.5610406937958,110.0006971284684
fit,1842.9619746497665,110.00060101107795
fit,1844.3629086057372,110.00051772261561
fit,1845.7638425617079,110.00044561191724
fit,1847.1647765176783,110.00038323172842
fit,1848.565710473649,110.00032931470177
fit,1849.9666444296197,110.00028275206283
fit,1851.3675783855904,110.00024257466772
fit,1852.768512341561,110.00020793620286
fit,1854.1694462975317,110.00017809829983
fit,1855.5703802535022,110.00015241736136
fit,1856.971314209473,110.00013033291386
fit,1858.3722481654436,110.00011135732032
fit,1859.7731821214143,110.00009506670445
fit,1861.174116077385,110.00008109295145
fit,1862.5750500333556,110.00006911666526
fit,1863.975983989326,110.00005886097419
fit,1865.3769179452968,110.00005008608844
fit,1866.7778519012675,110.00004258452302
fit,1868.1787858572382,110.00003617690912
fit,1869.5797198132088,110.00003070832521
fit,1870.9806537691795,110.00002604508651
fit,1872.38158772515,110.00002207193855
fit,1873.7825216811207,110.0000186896063
fit,1875.1834556370914,110.00001581265619
fit,1876.584389593062,110.00001336763272
fit,1877.9853235490327,110.0000112914361
fit,1879.3862575050034,110.00000952991131
fit,1880.7871914609739,110.0000080366219
fit,1882.1881254169446,110.00000677178585
fit,1883.5890593729152,110.00000570135253
fit,1884.989993328886,110.00000479620321
fit,1886.3909272848566,110.00000403145908
fit,1887.7918612408273,110.00000338588293
fit,1889.1927951967978,110.00000284136235
fit,1890.5937291527684,110.00000238246376
fit,1891.9946631087391,110.00000199604804
fit,1893.3955970647098,110.0000016709393
fit,1894.7965310206805,110.00000139764012
fit,1896.197464976651,110.00000116808661
fit,1897.5983989326216,110.00000097543814
fit,1898.9993328885923,110.00000081389695
fit,1900.400266844563,110.00000067855352
fit,1901.8012008005337,110.0000005652542
fit,1903.2021347565044,110.00000047048793
fit,1904.6030687124749,110.00000039128949
fit,1906.0040026684455,110.00000032515682
fit,1907.4049366244162,110.0000002699806
fit,1908.805870580387,110.00000022398413
fit,1910.2068045363576,110.00000018567222
fit,1911.6077384923283,110.00000015378771
fit,1913.0086724482987,110.00000012727448
fit,1914.4096064042694,110.0000001052461
fit,1915.81054036024,110.00000008695923
fit,1917.2114743162108,110.00000007179106
fit,1918.6124082721815,110.00000005922024
fit,1920.0133422281522,110.00000004881068
fit,1921.4142761841226,110.000000040198
fit,1922.8152101400933,110.000000033078
fit,1924.216144096064,110.00000002719688
fit,1925.6170780520347,110.00000002234312
fit,1927.0180120080054,110.00000001834059
fit,1928.418945963976,110.00000001504277
fit,1929.8198799199465,110.00000001232786
fit,1931.2208138759172,110.00000001009468
fit,1932.621747831888,110.00000000825928
fit,1934.0226817878586,110.00000000675207
fit,1935.4236157438293,110.00000000551539
fit,1936.8245496998,110.00000000450154
fit,1938.2254836557704,110.00000000367106
fit,1939.626417611741,110.00000000299134
fit,1941.0273515677118,110.00000000243548
fit,1942.4282855236825,110.0000000019813
fit,1943.8292194796531,110.0000000016105
fit,1945.2301534356236,110.00000000130802
fit,1946.6310873915943,110.00000000106148
fit,1948.032021347565,110.00000000086071
fit,1949.4329553035357,110.00000000069734
fit,1950.8338892595063,110.00000000056453
fit,1952.234823215477,110.00000000045662
fit,1953.6357571714475,110.00000000036906
fit,1955.0366911274182,110.00000000029803
fit,1956.4376250833889,110.00000000024048
fit,1957.8385590393596,110.00000000019388
fit,1959.2394929953302,110.00000000015618
fit,1960.640426951301,110.00000000012571
fit,1962.0413609072714,110.00000000010111
fit,1963.442294863242,110.00000000008124
fit,1964.8432288192128,110.00000000006524
fit,1966.2441627751834,110.00000000005234
fit,1967.6450967311541,110.00000000004195
fit,1969.0460306871248,110.00000000003361
fit,1970.4469646430953,110.0000000000269
fit,1971.847898599066,110.00000000002152
fit,1973.2488325550366,110.00000000001718
fit,1974.6497665110073,110.00000000001371
fit,1976.050700466978,110.00000000001094
fit,1977.4516344229487,110.00000000000873
fit,1978.8525683789192,110.00000000000695
fit,1980.2535023348898,110.00000000000553
fit,1981.6544362908605,110.00000000000439
fit,1983.0553702468312,110.0000000000035
fit,1984.456304202802,110.00000000000277
fit,1985.8572381587726,110.0000000000022
fit,1987.258172114743,110.00000000000175
fit,1988.6591060707137,110.00000000000138
fit,1990.0600400266844,110.0000000000011
fit,1991.460973982655,110.00000000000087
fit,1992.8619079386258,110.00000000000068
fit,1994.2628418945965,110.00000000000054
fit,1995.663775850567,110.00000000000043
fit,1997.0647098065376,110.00000000000034
fit,1998.4656437625083,110.00000000000027
fit,1999.866577718479,110.00000000000021
fit,2001.2675116744497,110.00000000000016
fit,2002.6684456304201,110.00000000000013
fit,2004.0693795863908,110.0000000000001
fit,2005.4703135423615,110.00000000000009
fit,2006.8712474983322,110.00000000000006
fit,2008.2721814543029,110.00000000000004
fit,2009.6731154102736,110.00000000000004
fit,2011.074049366244,110.00000000000003
fit,2012.4749833222147,110.00000000000003
fit,2013.8759172781854,110.00000000000001
fit,2015.276851234156,110.00000000000001
fit,2016.6777851901268,110.00000000000001
fit,2018.0787191460975,110.00000000000001
fit,2019.479653102068,110.0
fit,2020.8805870580386,110.0
fit,2022.2815210140093,110.0
fit,2023.68245496998,110.0
fit,2025.0833889259507,110.0
fit,2026.4843228819213,110.0
fit,2027.8852568378918,110.0
fit,2029.2861907938625,110.0
fit,2030.6871247498332,110.0
fit,2032.0880587058039,110.0
fit,2033.4889926617745,110.0
fit,2034.8899266177452,110.0
fit,2036.2908605737157,110.0
fit,2037.6917945296864,110.0
fit,2039.092728485657,110.0
fit,2040.4936624416277,110.0
fit,2041.8945963975984,110.0
fit,2043.2955303535691,110.0
fit,2044.6964643095396,110.0
fit,2046.0973982655103,110.0
fit,2047.498332221481,110.0
fit,2048.899266177452,110.0
fit,2050.3002001334225,110.0
fit,2051.7011340893932,110.0
fit,2053.1020680453635,110.0
fit,2054.503002001334,110.0
fit,2055.903935957305,110.0
fit,2057.3048699132755,110.0
fit,2058.705803869246,110.0
fit,2060.1067378252164,110.0
fit,2061.507671781187,110.0
fit,2062.908605737158,110.0
fit,2064.3095396931285,110.0
fit,2065.710473649099,110.0
fit,2067.11140760507,110.0
fit,2068.5123415610406,110.0
fit,2069.9132755170112,110.0
fit,2071.314209472982,110.0
fit,2072.7151434289526,110.0
fit,2074.1160773849233,110.0
fit,2075.517011340894,110.0
fit,2076.9179452968647,110.0
fit,2078.3188792528354,110.0
fit,2079.719813208806,110.0
fit,2081.1207471647767,110.0
fit,2082.5216811207474,110.0
fit,2083.922615076718,110.0
fit,2085.3235490326883,110.0
fit,2086.724482988659,110.0
fit,2088.1254169446297,110.0
fit,2089.5263509006004,110.0
fit,2090.927284856571,110.0
fit,2092.3282188125418,110.0
fit,2093.729152768512,110.0
fit,2095.1300867244827,110.0
fit,2096.5310206804534,110.0
fit,2097.931954636424,110.0
fit,2099.3328885923947,110.0
fit,2100.7338225483654,110.0
fit,2102.134756504336,110.0
fit,2103.535690460307,110.0
fit,2104.9366244162775,110.0
fit,2106.337558372248,110.0
fit,2107.738492328219,110.0
fit,2109.1394262841895,110.0
fit,2110.54036024016,110.0
fit,2111.941294196131,110.0
fit,2113.3422281521016,110.0
fit,2114.7431621080723,110.0
fit,2116.144096064043,110.0
fit,2117.545030020013,110.0
fit,2118.945963975984,110.0
fit,2120.3468979319546,110.0
fit,2121.7478318879253,110.0
fit,2123.148765843896,110.0
fit,2124.5496997998666,110.0
fit,2125.950633755837,110.0
fit,2127.3515677118075,110.0
fit,2128.7525016677782,110.0
fit,2130.153435623749,110.0
fit,2131.5543695797196,110.0
fit,2132.9553035356903,110.0
fit,2134.356237491661,110.0
fit,2135.7571714476317,110.0
fit,2137.1581054036023,110.0
fit,2138.559039359573,110.0
fit,2139.9599733155437,110.0
fit,2141.3609072715144,110.0
fit,2142.761841227485,110.0
fit,2144.162775183456,110.0
fit,2145.5637091394265,110.0
fit,2146.964643095397,110.0
fit,2148.365577051368,110.0
fit,2149.7665110073385,110.0
fit,2151.1674449633088,110.0
fit,2152.5683789192794,110.0
fit,2153.96931287525,110.0
fit,2155.370246831221,110.0
fit,2156.7711807871915,110.0
fit,2158.172114743162,110.0
fit,2159.5730486991324,110.0
fit,2160.973982655103,110.0
fit,2162.374916611074,110.0
fit,2163.7758505670445,110.0
fit,2165.176784523015,110.0
fit,2166.577718478986,110.0
fit,2167.9786524349565,110.0
fit,2169.379586390927,110.0
fit,2170.780520346898,110.0
fit,2172.1814543028686,110.0
fit,2173.5823882588393,110.0
fit,2174.98332221481,110.0
fit,2176.3842561707806,110.0
fit,2177.7851901267513,110.0
fit,2179.186124082722,110.0
fit,2180.5870580386927,110.0
fit,2181.9879919946634,110.0
fit,2183.3889259506336,110.0
fit,2184.7898599066043,110.0
fit,2186.190793862575,110.0
fit,2187.5917278185457,110.0
fit,2188.9926617745164,110.0
fit,2190.393595730487,110.0
fit,2191.7945296864573,110.0
fit,2193.195463642428,110.0
fit,2194.5963975983987,110.0
fit,2195.9973315543693,110.0
fit,2197.39826551034,110.0
fit,2198.7991994663107,110.0
fit,2200.2001334222814,110.0
fit,2201.601067378252,110.0
fit,2203.0020013342228,110.0
fit,2204.4029352901935,110.0
fit,2205.803869246164,110.0
fit,2207.204803202135,110.0
fit,2208.6057371581055,110.0
fit,2210.006671114076,110.0
fit,2211.407605070047,110.0
fit,2212.8085390260176,110.0
fit,2214.2094729819883,110.0
fit,2215.610406937959,110.0
fit,2217.011340893929,110.0
fit,2218.4122748499,110.0
fit,2219.8132088058705,110.0
fit,2221.2141427618412,110.0
fit,2222.615076717812,110.0
fit,2224.016010673782,110.0
fit,2225.416944629753,110.0
fit,2226.8178785857235,110.0
fit,2228.218812541694,110.0
fit,2229.619746497665,110.0
fit,2231.0206804536356,110.0
fit,2232.4216144096063,110.0
fit,2233.822548365577,110.0
fit,2235.2234823215476,110.0
fit,2236.6244162775183,110.0
fit,2238.025350233489,110.0
fit,2239.4262841894597,110.0
fit,2240.8272181454304,110.0
fit,2242.228152101401,110.0
fit,2243.6290860573718,110.0
fit,2245.0300200133424,110.0
fit,2246.430953969313,110.0
fit,2247.831887925284,110.0
fit,2249.232821881254,110.0
fit,2250.6337558372247,110.0
fit,2252.0346897931954,110.0
fit,2253.435623749166,110.0
fit,2254.836557705137,110.0
fit,2256.2374916611075,110.0
fit,2257.6384256170777,110.0
fit,2259.0393595730484,110.0
fit,2260.440293529019,110.0
fit,2261.8412274849898,110.0
fit,2263.2421614409604,110.0
fit,2264.643095396931,110.0
fit,2266.044029352902,110.0
fit,2267.4449633088725,110.0
fit,2268.845897264843,110.0
fit,2270.246831220814,110.0
fit,2271.6477651767846,110.0
fit,2273.0486991327552,110.0
fit,2274.449633088726,110.0
fit,2275.8505670446966,110.0
fit,2277.2515010006673,110.0
fit,2278.652434956638,110.0
fit,2280.0533689126087,110.0
fit,2281.454302868579,110.0
fit,2282.8552368245496,110.0
fit,2284.2561707805203,110.0
fit,2285.657104736491,110.0
fit,2287.0580386924617,110.0
fit,2288.4589726484323,110.0
fit,2289.8599066044026,110.0
fit,2291.2608405603733,110.0
fit,2292.661774516344,110.0
fit,2294.0627084723146,110.0
fit,2295.4636424282853,110.0
fit,2296.864576384256,110.0
fit,2298.2655103402267,110.0
fit,2299.6664442961974,110.0
fit,2301.067378252168,110.0
fit,2302.4683122081387,110.0
fit,2303.8692461641094,110.0
fit,2305.27018012008,110.0
fit,2306.671114076051,110.0
fit,2308.0720480320215,110.0
fit,2309.472981987992,110.0
fit,2310.873915943963,110.0
fit,2312.2748498999335,110.0
fit,2313.6757838559042,110.0
fit,2315.0767178118745,110.0
fit,2316.477651767845,110.0
fit,2317.878585723816,110.0
fit,2319.2795196797865,110.0
fit,2320.680453635757,110.0
fit,2322.081387591728,110.0
fit,2323.482321547698,110.0
fit,2324.883255503669,110.0
fit,2326.2841894596395,110.0
fit,2327.68512341561,110.0
fit,2329.086057371581,110.0
fit,2330.4869913275516,110.0
fit,2331.8879252835222,110.0
fit,2333.288859239493,110.0
fit,2334.6897931954636,110.0
fit,2336.0907271514343,110.0
fit,2337.491661107405,110.0
fit,2338.8925950633757,110.0
fit,2340.2935290193464,110.0
fit,2341.694462975317,110.0
fit,2343.0953969312877,110.0
fit,2344.4963308872584,110.0
fit,2345.897264843229,110.0
fit,2347.2981987991993,110.0
fit,2348.69913275517,110.0
fit,2350.1000667111407,110.0
fit,2351.5010006671114,110.0
fit,2352.901934623082,110.0
fit,2354.3028685790528,110.0
fit,2355.703802535023,110.0
fit,2357.1047364909937,110.0
fit,2358.5056704469644,110.0
fit,2359.906604402935,110.0
fit,2361.3075383589057,110.0
fit,2362.7084723148764,110.0
fit,2364.109406270847,110.0
fit,2365.510340226818,110.0
fit,2366.9112741827885,110.0
fit,2368.312208138759,110.0
fit,2369.71314209473,110.0
fit,2371.1140760507005,110.0
fit,2372.515010006671,110.0
fit,2373.915943962642,110.0
fit,2375.3168779186126,110.0
fit,2376.7178118745833,110.0
fit,2378.118745830554,110.0
fit,2379.5196797865246,110.0
fit,2380.920613742495,110.0
fit,2382.3215476984656,110.0
fit,2383.7224816544363,110.0
fit,2385.123415610407,110.0
fit,2386.5243495663776,110.0
fit,2387.925283522348,110.0
fit,2389.3262174783185,110.0
fit,2390.727151434289,110.0
fit,2392.12808539026,110.0
fit,2393.5290193462306,110.0
fit,2394.9299533022013,110.0
fit,2396.330887258172,110.0
fit,2397.7318212141427,110.0
fit,2399.1327551701133,110.0
fit,2400.533689126084,110.0
fit,2401.9346230820547,110.0
fit,2403.3355570380254,110.0
fit,2404.736490993996,110.0
fit,2406.1374249499668,110.0
fit,2407.5383589059375,110.0
fit,2408.939292861908,110.0
fit,2410.340226817879,110.0
fit,2411.7411607738495,110.0
fit,2413.1420947298197,110.0
fit,2414.5430286857904,110.0
fit,2415.943962641761,110.0
fit,2417.344896597732,110.0
fit,2418.7458305537025,110.0
fit,2420.146764509673,110.0
fit,2421.5476984656434,110.0
fit,2422.948632421614,110.0
fit,2424.349566377585,110.0
fit,2425.7505003335555,110.0
fit,2427.151434289526,110.0
fit,2428.552368245497,110.0
fit,2429.9533022014675,110.0
fit,2431.354236157438,110.0
fit,2432.755170113409,110.0
fit,2434.1561040693796,110.0
fit,2435.5570380253503,110.0
fit,2436.957971981321,110.0
fit,2438.3589059372916,110.0
fit,2439.7598398932623,110.0
fit,2441.160773849233,110.0
fit,2442.5617078052037,110.0
fit,2443.9626417611744,110.0
fit,2445.3635757171446,110.0
fit,2446.7645096731153,110.0
fit,2448.165443629086,110.0
fit,2449.5663775850567,110.0
fit,2450.9673115410274,110.0
fit,2452.368245496998,110.0
fit,2453.7691794529687,110.0
fit,2455.1701134089394,110.0
fit,2456.57104736491,110.0
fit,2457.9719813208803,110.0
fit,2459.372915276851,110.0
fit,2460.7738492328217,110.0
fit,2462.1747831887924,110.0
fit,2463.575717144763,110.0
fit,2464.9766511007338,110.0
fit,2466.3775850567044,110.0
fit,2467.778519012675,110.0
fit,2469.179452968646,110.0
fit,2470.5803869246165,110.0
fit,2471.981320880587,110.0
fit,2473.382254836558,110.0
fit,2474.783188792528,110.0
fit,2476.184122748499,110.0
fit,2477.5850567044695,110.0
fit,2478.98599066044,110.0
fit,2480.386924616411,110.0
fit,2481.7878585723815,110.0
fit,2483.188792528352,110.0
fit,2484.589726484323,110.0
fit,2485.9906604402936,110.0
fit,2487.3915943962643,110.0
fit,2488.792528352235,110.0
fit,2490.1934623082057,110.0
fit,2491.594396264176,110.0
fit,2492.9953302201466,110.0
fit,2494.3962641761173,110.0
fit,2495.797198132088,110.0
fit,2497.1981320880586,110.0
fit,2498.5990660440293,110.0
fit,2500.0,110.0
baseline,400.0,110.0
baseline,401.40093395597063,110.0
baseline,402.8018679119413,110.0
baseline,404.20280186791194,110.0
baseline,405.6037358238826,110.0
baseline,407.00466977985326,110.0
baseline,408.4056037358239,110.0
baseline,409.8065376917945,110.0
baseline,411.2074716477652,110.0
baseline,412.60840560373583,110.0
baseline,414.00933955970646,110.0
baseline,415.4102735156771,110.0
baseline,416.8112074716478,110.0
baseline,418.2121414276184,110.0
baseline,419.61307538358903,110.0
baseline,421.0140093395597,110.0
baseline,422.41494329553035,110.0
baseline,423.815877251501,110.0
baseline,425.21681120747166,110.0
baseline,426.6177451634423,110.0
baseline,428.0186791194129,110.0
baseline,429.4196130753836,110.0
baseline,430.82054703135424,110.0
baseline,432.22148098732487,110.0
baseline,433.62241494329555,110.0
baseline,435.0233488992662,110.0
baseline,436.4242828552368,110.0
baseline,437.8252168112075,110.0
baseline,439.2261507671781,110.0
baseline,440.62708472314876,110.0
baseline,442.02801867911944,110.0
baseline,443.42895263509007,110.0
baseline,444.8298865910607,110.0
baseline,446.2308205470314,110.0
baseline,447.631754503002,110.0
baseline,449.03268845897264,110.0
baseline,450.4336224149433,110.0
baseline,451.83455637091396,110.0
baseline,453.2354903268846,110.0
baseline,454.6364242828552,110.0
baseline,456.0373582388259,110.0
baseline,457.43829219479653,110.0
baseline,458.83922615076716,110.0
baseline,460.24016010673785,110.0
baseline,461.6410940627085,110.0
baseline,463.0420280186791,110.0
baseline,464.44296197464973,110.0
baseline,465.8438959306204,110.0
baseline,467.24482988659105,110.0
baseline,468.6457638425617,110.0
baseline,470.04669779853236,110.0
baseline,471.447631754503,110.0
baseline,472.8485657104736,110.0
baseline,474.2494996664443,110.0
baseline,475.65043362241494,110.0
baseline,477.05136757838557,110.0
baseline,478.45230153435625,110.0
baseline,479.8532354903269,110.0
baseline,481.2541694462975,110.0
baseline,482.6551034022682,110.0
baseline,484.0560373582388,110.0
baseline,485.45697131420945,110.0
baseline,486.85790527018014,110.0
baseline,488.25883922615077,110.0
baseline,489.6597731821214,110.0
baseline,491.0607071380921,110.0
baseline,492.4616410940627,110.0
baseline,493.86257505003334,110.0
baseline,495.263509006004,110.0
baseline,496.66444296197466,110.0
baseline,498.0653769179453,110.0
baseline,499.466310873916,110.0
baseline,500.8672448298866,110.0
baseline,502.26817878585723,110.0
baseline,503.6691127418279,110.0
baseline,505.07004669779855,110.0
baseline,506.4709806537692,110.0
baseline,507.8719146097398,110.0
baseline,509.2728485657105,110.0
baseline,510.6737825216811,110.0
baseline,512.0747164776518,110.0
baseline,513.4756504336224,110.0
baseline,514.8765843895931,110.0
baseline,516.2775183455637,110.0
baseline,517.6784523015343,110.0
baseline,519.079386257505,110.0
baseline,520.4803202134757,110.0
baseline,521.8812541694463,110.0
baseline,523.282188125417,110.0
baseline,524.6831220813876,110.0
baseline,526.0840560373582,110.0
baseline,527.4849899933289,110.0
baseline,528.8859239492995,110.0
baseline,530.2868579052702,110.0
baseline,531.6877918612408,110.0
baseline,533.0887258172115,110.0
baseline,534.4896597731821,110.0
baseline,535.8905937291528,110.0
baseline,537.2915276851234,110.0
baseline,538.692461641094,110.0
baseline,540.0933955970647,110.0
baseline,541.4943295530354,110.0
baseline,542.895263509006,110.0
baseline,544.2961974649767,110.0
baseline,545.6971314209472,110.0
baseline,547.0980653769179,110.0
baseline,548.4989993328886,110.0
baseline,549.8999332888593,110.0
baseline,551.3008672448299,110.0
baseline,552.7018012008006,110.0
baseline,554.1027351567711,110.0
baseline,555.5036691127418,110.0
baseline,556.9046030687125,110.0
baseline,558.3055370246832,110.0
baseline,559.7064709806538,110.0
baseline,561.1074049366244,110.0
baseline,562.508338892595,110.0
baseline,563.9092728485657,110.0
baseline,565.3102068045364,110.0
baseline,566.711140760507,110.0
baseline,568.1120747164777,110.0
baseline,569.5130086724483,110.0
baseline,570.9139426284189,110.0
baseline,572.3148765843896,110.0
baseline,573.7158105403603,110.0
baseline,575.1167444963309,110.0
baseline,576.5176784523015,110.0
baseline,577.9186124082721,110.0
baseline,579.3195463642428,110.0
baseline,580.7204803202135,110.0
baseline,582.1214142761842,110.0
baseline,583.5223482321547,110.0
baseline,584.9232821881254,110.0
baseline,586.324216144096,110.0
baseline,587.7251501000667,110.0
baseline,589.1260840560374,110.0
baseline,590.527018012008,110.0
baseline,591.9279519679786,110.0
baseline,593.3288859239493,110.0
baseline,594.7298198799199,110.0
baseline,596.1307538358906,110.0
baseline,597.5316877918613,110.0
baseline,598.932621747832,110.0
baseline,600.3335557038025,110.0
baseline,601.7344896597732,110.0
baseline,603.1354236157438,110.0
baseline,604.5363575717145,110.0
baseline,605.9372915276851,110.0
baseline,607.3382254836558,110.0
baseline,608.7391594396264,110.0
baseline,610.1400933955971,110.0
baseline,611.5410273515677,110.0
baseline,612.9419613075383,110.0
baseline,614.342895263509,110.0
baseline,615.7438292194796,110.0
baseline,617.1447631754503,110.0
baseline,618.545697131421,110.0
baseline,619.9466310873916,110.0
baseline,621.3475650433622,110.0
baseline,622.7484989993329,110.0
baseline,624.1494329553035,110.0
baseline,625.5503669112742,110.0
baseline,626.9513008672449,110.0
baseline,628.3522348232154,110.0
baseline,629.7531687791861,110.0
baseline,631.1541027351568,110.0
baseline,632.5550366911274,110.0
baseline,633.9559706470981,110.0
baseline,635.3569046030686,110.0
baseline,636.7578385590393,110.0
baseline,638.15877251501,110.0
baseline,639.5597064709807,110.0
baseline,640.9606404269513,110.0
baseline,642.361574382922,110.0
baseline,643.7625083388925,110.0
baseline,645.1634422948632,110.0
baseline,646.5643762508339,110.0
baseline,647.9653102068046,110.0
baseline,649.3662441627752,110.0
baseline,650.7671781187458,110.0
baseline,652.1681120747164,110.0
baseline,653.5690460306871,110.0
baseline,654.9699799866578,110.0
baseline,656.3709139426285,110.0
baseline,657.771847898599,110.0
baseline,659.1727818545697,110.0
baseline,660.5737158105403,110.0
baseline,661.974649766511,110.0
baseline,663.3755837224817,110.0
baseline,664.7765176784524,110.0
baseline,666.1774516344229,110.0
baseline,667.5783855903935,110.0
baseline,668.9793195463642,110.0
baseline,670.3802535023349,110.0
baseline,671.7811874583056,110.0
baseline,673.1821214142763,110.0
baseline,674.5830553702468,110.0
baseline,675.9839893262174,110.0
baseline,677.3849232821881,110.0
baseline,678.7858572381588,110.0
baseline,680.1867911941295,110.0
baseline,681.5877251501001,110.0
baseline,682.9886591060707,110.0
baseline,684.3895930620413,110.0
baseline,685.790527018012,110.0
baseline,687.1914609739827,110.0
baseline,688.5923949299533,110.0
baseline,689.9933288859239,110.0
baseline,691.3942628418946,110.0
baseline,692.7951967978652,110.0
baseline,694.1961307538359,110.0
baseline,695.5970647098065,110.0
baseline,696.9979986657772,110.0
baseline,698.3989326217478,110.0
baseline,699.7998665777185,110.0
baseline,701.2008005336891,110.0
baseline,702.6017344896597,110.0
baseline,704.0026684456304,110.0
baseline,705.4036024016011,110.0
baseline,706.8045363575717,110.0
baseline,708.2054703135424,110.0
baseline,709.606404269513,110.0
baseline,711.0073382254836,110.0
baseline,712.4082721814543,110.0
baseline,713.809206137425,110.0
baseline,715.2101400933956,110.0
baseline,716.6110740493663,110.0
baseline,718.0120080053368,110.0
baseline,719.4129419613075,110.0
baseline,720.8138759172782,110.0
baseline,722.2148098732489,110.0
baseline,723.6157438292195,110.0
baseline,725.01667778519,110.0
baseline,726.4176117411607,110.0
baseline,727.8185456971314,110.0
baseline,729.2194796531021,110.0
baseline,730.6204136090728,110.0
baseline,732.0213475650434,110.0
baseline,733.4222815210139,110.0
baseline,734.8232154769846,110.0
baseline,736.2241494329553,110.0
baseline,737.625083388926,110.0
baseline,739.0260173448967,110.0
baseline,740.4269513008672,110.0
baseline,741.8278852568378,110.0
baseline,743.2288192128085,110.0
baseline,744.6297531687792,110.0
baseline,746.0306871247499,110.0
baseline,747.4316210807204,110.0
baseline,748.8325550366911,110.0
baseline,750.2334889926617,110.0
baseline,751.6344229486324,110.0
baseline,753.0353569046031,110.0
baseline,754.4362908605738,110.0
baseline,755.8372248165443,110.0
baseline,757.238158772515,110.0
baseline,758.6390927284856,110.0
baseline,760.0400266844563,110.0
baseline,761.440960640427,110.0
baseline,762.8418945963977,110.0
baseline,764.2428285523682,110.0
baseline,765.6437625083389,110.0
baseline,767.0446964643095,110.0
baseline,768.4456304202802,110.0
baseline,769.8465643762509,110.0
baseline,771.2474983322215,110.0
baseline,772.6484322881921,110.0
baseline,774.0493662441627,110.0
baseline,775.4503002001334,110.0
baseline,776.851234156104,110.0
baseline,778.2521681120747,110.0
baseline,779.6531020680454,110.0
baseline,781.054036024016,110.0
baseline,782.4549699799866,110.0
baseline,783.8559039359573,110.0
baseline,785.256837891928,110.0
baseline,786.6577718478986,110.0
baseline,788.0587058038693,110.0
baseline,789.4596397598399,110.0
baseline,790.8605737158105,110.0
baseline,792.2615076717811,110.0
baseline,793.6624416277518,110.0
baseline,795.0633755837225,110.0
baseline,796.4643095396932,110.0
baseline,797.8652434956638,110.0
baseline,799.2661774516343,110.0
baseline,800.667111407605,110.0
baseline,802.0680453635757,110.0
baseline,803.4689793195464,110.0
baseline,804.869913275517,110.0
baseline,806.2708472314877,110.0
baseline,807.6717811874582,110.0
baseline,809.0727151434289,110.0
baseline,810.4736490993996,110.0
baseline,811.8745830553703,110.0
baseline,813.2755170113409,110.0
baseline,814.6764509673116,110.0
baseline,816.0773849232821,110.0
baseline,817.4783188792528,110.0
baseline,818.8792528352235,110.0
baseline,820.2801867911942,110.0
baseline,821.6811207471648,110.0
baseline,823.0820547031354,110.0
baseline,824.482988659106,110.0
baseline,825.8839226150767,110.0
baseline,827.2848565710474,110.0
baseline,828.6857905270181,110.0
baseline,830.0867244829886,110.0
baseline,831.4876584389592,110.0
baseline,832.8885923949299,110.0
baseline,834.2895263509006,110.0
baseline,835.6904603068713,110.0
baseline,837.091394262842,110.0
baseline,838.4923282188125,110.0
baseline,839.8932621747831,110.0
baseline,841.2941961307538,110.0
baseline,842.6951300867245,110.0
baseline,844.0960640426952,110.0
baseline,845.4969979986658,110.0
baseline,846.8979319546364,110.0
baseline,848.298865910607,110.0
baseline,849.6997998665777,110.0
baseline,851.1007338225484,110.0
baseline,852.501667778519,110.0
baseline,853.9026017344897,110.0
baseline,855.3035356904603,110.0
baseline,856.7044696464309,110.0
baseline,858.1054036024016,110.0
baseline,859.5063375583723,110.0
baseline,860.9072715143429,110.0
baseline,862.3082054703135,110.0
baseline,863.7091394262842,110.0
baseline,865.1100733822548,110.0
baseline,866.5110073382255,110.0
baseline,867.9119412941961,110.0
baseline,869.3128752501668,110.0
baseline,870.7138092061374,110.0
baseline,872.1147431621081,110.0
baseline,873.5156771180787,110.0
baseline,874.9166110740493,110.0
baseline,876.31754503002,110.0
baseline,877.7184789859907,110.0
baseline,879.1194129419613,110.0
baseline,880.520346897932,110.0
baseline,881.9212808539025,110.0
baseline,883.3222148098732,110.0
baseline,884.7231487658439,110.0
baseline,886.1240827218146,110.0
baseline,887.5250166777852,110.0
baseline,888.9259506337557,110.0
baseline,890.3268845897264,110.0
baseline,891.7278185456971,110.0
baseline,893.1287525016678,110.0
baseline,894.5296864576385,110.0
baseline,895.9306204136091,110.0
baseline,897.3315543695796,110.0
baseline,898.7324883255503,110.0
baseline,900.133422281521,110.0
baseline,901.5343562374917,110.0
baseline,902.9352901934624,110.0
baseline,904.336224149433,110.0
baseline,905.7371581054035,110.0
baseline,907.1380920613742,110.0
baseline,908.5390260173449,110.0
baseline,909.9399599733156,110.0
baseline,911.3408939292862,110.0
baseline,912.7418278852568,110.0
baseline,914.1427618412275,110.0
baseline,915.5436957971981,110.0
baseline,916.9446297531688,110.0
baseline,918.3455637091395,110.0
baseline,919.74649766511,110.0
baseline,921.1474316210807,110.0
baseline,922.5483655770514,110.0
baseline,923.949299533022,110.0
baseline,925.3502334889927,110.0
baseline,926.7511674449632,110.0
baseline,928.1521014009339,110.0
baseline,929.5530353569046,110.0
baseline,930.9539693128752,110.0
baseline,932.3549032688459,110.0
baseline,933.7558372248166,110.0
baseline,935.1567711807871,110.0
baseline,936.5577051367578,110.0
baseline,937.9586390927285,110.0
baseline,939.3595730486991,110.0
baseline,940.7605070046698,110.0
baseline,942.1614409606404,110.0
baseline,943.562374916611,110.0
baseline,944.9633088725817,110.0
baseline,946.3642428285524,110.0
baseline,947.765176784523,110.0
baseline,949.1661107404937,110.0
baseline,950.5670446964643,110.0
baseline,951.9679786524349,110.0
baseline,953.3689126084056,110.0
baseline,954.7698465643763,110.0
baseline,956.1707805203469,110.0
baseline,957.5717144763175,110.0
baseline,958.9726484322882,110.0
baseline,960.3735823882588,110.0
baseline,961.7745163442295,110.0
baseline,963.1754503002002,110.0
baseline,964.5763842561707,110.0
baseline,965.9773182121414,110.0
baseline,967.3782521681121,110.0
baseline,968.7791861240827,110.0
baseline,970.1801200800534,110.0
baseline,971.581054036024,110.0
baseline,972.9819879919946,110.0
baseline,974.3829219479653,110.0
baseline,975.783855903936,110.0
baseline,977.1847898599066,110.0
baseline,978.5857238158773,110.0
baseline,979.9866577718478,110.0
baseline,981.3875917278185,110.0
baseline,982.7885256837892,110.0
baseline,984.1894596397598,110.0
baseline,985.5903935957305,110.0
baseline,986.9913275517011,110.0
baseline,988.3922615076717,110.0
baseline,989.7931954636424,110.0
baseline,991.1941294196131,110.0
baseline,992.5950633755837,110.0
baseline,993.9959973315543,110.0
baseline,995.396931287525,110.0
baseline,996.7978652434956,110.0
baseline,998.1987991994663,110.0
baseline,999.599733155437,110.0
baseline,1001.0006671114076,110.0
baseline,1002.4016010673782,110.0
baseline,1003.8025350233489,110.0
baseline,1005.2034689793195,110.0
baseline,1006.6044029352902,110.0
baseline,1008.0053368912609,110.0
baseline,1009.4062708472314,110.0
baseline,1010.8072048032021,110.0
baseline,1012.2081387591728,110.0
baseline,1013.6090727151434,110.0
baseline,1015.0100066711141,110.0
baseline,1016.4109406270848,110.0
baseline,1017.8118745830553,110.0
baseline,1019.212808539026,110.0
baseline,1020.6137424949967,110.0
baseline,1022.0146764509673,110.0
baseline,1023.415610406938,110.0
baseline,1024.8165443629086,110.0
baseline,1026.2174783188793,110.0
baseline,1027.61841227485,110.0
baseline,1029.0193462308207,110.0
baseline,1030.4202801867912,110.0
baseline,1031.8212141427618,110.0
baseline,1033.2221480987325,110.0
baseline,1034.623082054703,110.0
baseline,1036.0240160106737,110.0
baseline,1037.4249499666444,110.0
baseline,1038.825883922615,110.0
baseline,1040.2268178785857,110.0
baseline,1041.6277518345564,110.0
baseline,1043.028685790527,110.0
baseline,1044.4296197464978,110.0
baseline,1045.8305537024683,110.0
baseline,1047.231487658439,110.0
baseline,1048.6324216144096,110.0
baseline,1050.03335557038,110.0
baseline,1051.4342895263508,110.0
baseline,1052.8352234823215,110.0
baseline,1054.2361574382921,110.0
baseline,1055.6370913942628,110.0
baseline,1057.0380253502335,110.0
baseline,1058.4389593062042,110.0
baseline,1059.8398932621749,110.0
baseline,1061.2408272181456,110.0
baseline,1062.641761174116,110.0
baseline,1064.0426951300867,110.0
baseline,1065.4436290860574,110.0
baseline,1066.8445630420279,110.0
baseline,1068.2454969979985,110.0
baseline,1069.6464309539692,110.0
baseline,1071.04736490994,110.0
baseline,1072.4482988659106,110.0
baseline,1073.8492328218813,110.0
baseline,1075.250166777852,110.0
baseline,1076.6511007338227,110.0
baseline,1078.0520346897933,110.0
baseline,1079.4529686457638,110.0
baseline,1080.8539026017345,110.0
baseline,1082.2548365577052,110.0
baseline,1083.6557705136756,110.0
baseline,1085.0567044696463,110.0
baseline,1086.457638425617,110.0
baseline,1087.8585723815877,110.0
baseline,1089.2595063375584,110.0
baseline,1090.660440293529,110.0
baseline,1092.0613742494997,110.0
baseline,1093.4623082054704,110.0
baseline,1094.863242161441,110.0
baseline,1096.2641761174116,110.0
baseline,1097.6651100733823,110.0
baseline,1099.0660440293527,110.0
baseline,1100.4669779853234,110.0
baseline,1101.867911941294,110.0
baseline,1103.2688458972648,110.0
baseline,1104.6697798532355,110.0
baseline,1106.0707138092062,110.0
baseline,1107.4716477651768,110.0
baseline,1108.8725817211475,110.0
baseline,1110.2735156771182,110.0
baseline,1111.6744496330887,110.0
baseline,1113.0753835890594,110.0
baseline,1114.47631754503,110.0
baseline,1115.8772515010005,110.0
baseline,1117.2781854569712,110.0
baseline,1118.6791194129419,110.0
baseline,1120.0800533689126,110.0
baseline,1121.4809873248832,110.0
baseline,1122.881921280854,110.0
baseline,1124.2828552368246,110.0
baseline,1125.6837891927953,110.0
baseline,1127.084723148766,110.0
baseline,1128.4856571047364,110.0
baseline,1129.8865910607071,110.0
baseline,1131.2875250166778,110.0
baseline,1132.6884589726483,110.0
baseline,1134.089392928619,110.0
baseline,1135.4903268845896,110.0
baseline,1136.8912608405603,110.0
baseline,1138.292194796531,110.0
baseline,1139.6931287525017,110.0
baseline,1141.0940627084724,110.0
baseline,1142.494996664443,110.0
baseline,1143.8959306204138,110.0
baseline,1145.2968645763842,110.0
baseline,1146.697798532355,110.0
baseline,1148.0987324883254,110.0
baseline,1149.499666444296,110.0
baseline,1150.9006004002667,110.0
baseline,1152.3015343562374,110.0
baseline,1153.702468312208,110.0
baseline,1155.1034022681788,110.0
baseline,1156.5043362241495,110.0
baseline,1157.9052701801202,110.0
baseline,1159.3062041360909,110.0
baseline,1160.7071380920613,110.0
baseline,1162.108072048032,110.0
baseline,1163.5090060040027,110.0
baseline,1164.9099399599731,110.0
baseline,1166.3108739159438,110.0
baseline,1167.7118078719145,110.0
baseline,1169.1127418278852,110.0
baseline,1170.513675783856,110.0
baseline,1171.9146097398266,110.0
baseline,1173.3155436957973,110.0
baseline,1174.716477651768,110.0
baseline,1176.1174116077386,110.0
baseline,1177.518345563709,110.0
baseline,1178.9192795196798,110.0
baseline,1180.3202134756505,110.0
baseline,1181.721147431621,110.0
baseline,1183.1220813875916,110.0
baseline,1184.5230153435623,110.0
baseline,1185.923949299533,110.0
baseline,1187.3248832555037,110.0
baseline,1188.7258172114744,110.0
baseline,1190.126751167445,110.0
baseline,1191.5276851234157,110.0
baseline,1192.9286190793864,110.0
baseline,1194.3295530353569,110.0
baseline,1195.7304869913276,110.0
baseline,1197.1314209472982,110.0
baseline,1198.5323549032687,110.0
baseline,1199.9332888592394,110.0
baseline,1201.33422281521,110.0
baseline,1202.7351567711808,110.0
baseline,1204.1360907271514,110.0
baseline,1205.5370246831221,110.0
baseline,1206.9379586390928,110.0
baseline,1208.3388925950635,110.0
baseline,1209.739826551034,110.0
baseline,1211.1407605070046,110.0
baseline,1212.5416944629753,110.0
baseline,1213.9426284189458,110.0
baseline,1215.3435623749165,110.0
baseline,1216.7444963308872,110.0
baseline,1218.1454302868578,110.0
baseline,1219.5463642428285,110.0
baseline,1220.9472981987992,110.0
baseline,1222.34823215477,110.0
baseline,1223.7491661107406,110.0
baseline,1225.1501000667113,110.0
baseline,1226.5510340226817,110.0
baseline,1227.9519679786524,110.0
baseline,1229.352901934623,110.0
baseline,1230.7538358905936,110.0
baseline,1232.1547698465642,110.0
baseline,1233.555703802535,110.0
baseline,1234.9566377585056,110.0
baseline,1236.3575717144763,110.0
baseline,1237.758505670447,110.0
baseline,1239.1594396264177,110.0
baseline,1240.5603735823884,110.0
baseline,1241.961307538359,110.0
baseline,1243.3622414943295,110.0
baseline,1244.7631754503002,110.0
baseline,1246.1641094062709,110.0
baseline,1247.5650433622413,110.0
baseline,1248.965977318212,110.0
baseline,1250.3669112741827,110.0
baseline,1251.7678452301534,110.0
baseline,1253.168779186124,110.0
baseline,1254.5697131420948,110.0
baseline,1255.9706470980655,110.0
baseline,1257.3715810540361,110.0
baseline,1258.7725150100066,110.0
baseline,1260.1734489659773,110.0
baseline,1261.574382921948,110.0
baseline,1262.9753168779184,110.0
baseline,1264.3762508338891,110.0
baseline,1265.7771847898598,110.0
baseline,1267.1781187458305,110.0
baseline,1268.5790527018012,110.0
baseline,1269.9799866577719,110.0
baseline,1271.3809206137425,110.0
baseline,1272.7818545697132,110.0
baseline,1274.182788525684,110.0
baseline,1275.5837224816544,110.0
baseline,1276.984656437625,110.0
baseline,1278.3855903935957,110.0
baseline,1279.7865243495662,110.0
baseline,1281.187458305537,110.0
baseline,1282.5883922615076,110.0
baseline,1283.9893262174783,110.0
baseline,1285.390260173449,110.0
baseline,1286.7911941294196,110.0
baseline,1288.1921280853903,110.0
baseline,1289.593062041361,110.0
baseline,1290.9939959973317,110.0
baseline,1292.3949299533022,110.0
baseline,1293.7958639092728,110.0
baseline,1295.1967978652435,110.0
baseline,1296.597731821214,110.0
baseline,1297.9986657771847,110.0
baseline,1299.3995997331554,110.0
baseline,1300.800533689126,110.0
baseline,1302.2014676450967,110.0
baseline,1303.6024016010674,110.0
baseline,1305.003335557038,110.0
baseline,1306.4042695130088,110.0
baseline,1307.8052034689795,110.0
baseline,1309.20613742495,110.0
baseline,1310.6070713809206,110.0
baseline,1312.008005336891,110.0
baseline,1313.4089392928618,110.0
baseline,1314.8098732488324,110.0
baseline,1316.2108072048031,110.0
baseline,1317.6117411607738,110.0
baseline,1319.0126751167445,110.0
baseline,1320.4136090727152,110.0
baseline,1321.8145430286859,110.0
baseline,1323.2154769846566,110.0
baseline,1324.616410940627,110.0
baseline,1326.0173448965977,110.0
baseline,1327.4182788525684,110.0
baseline,1328.8192128085389,110.0
baseline,1330.2201467645095,110.0
baseline,1331.6210807204802,110.0
baseline,1333.022014676451,110.0
baseline,1334.4229486324216,110.0
baseline,1335.8238825883923,110.0
baseline,1337.224816544363,110.0
baseline,1338.6257505003337,110.0
baseline,1340.0266844563043,110.0
baseline,1341.4276184122748,110.0
baseline,1342.8285523682455,110.0
baseline,1344.2294863242162,110.0
baseline,1345.6304202801866,110.0
baseline,1347.0313542361573,110.0
baseline,1348.432288192128,110.0
baseline,1349.8332221480987,110.0
baseline,1351.2341561040694,110.0
baseline,1352.63509006004,110.0
baseline,1354.0360240160107,110.0
baseline,1355.4369579719814,110.0
baseline,1356.8378919279521,110.0
baseline,1358.2388258839226,110.0
baseline,1359.6397598398933,110.0
baseline,1361.040693795864,110.0
baseline,1362.4416277518344,110.0
baseline,1363.842561707805,110.0
baseline,1365.2434956637758,110.0
baseline,1366.6444296197465,110.0
baseline,1368.0453635757171,110.0
baseline,1369.4462975316878,110.0
baseline,1370.8472314876585,110.0
baseline,1372.2481654436292,110.0
baseline,1373.6490993995997,110.0
baseline,1375.0500333555703,110.0
baseline,1376.450967311541,110.0
baseline,1377.8519012675115,110.0
baseline,1379.2528352234822,110.0
baseline,1380.6537691794529,110.0
baseline,1382.0547031354236,110.0
baseline,1383.4556370913942,110.0
baseline,1384.856571047365,110.0
baseline,1386.2575050033356,110.0
baseline,1387.6584389593063,110.0
baseline,1389.059372915277,110.0
baseline,1390.4603068712474,110.0
baseline,1391.8612408272181,110.0
baseline,1393.2621747831888,110.0
baseline,1394.6631087391593,110.0
baseline,1396.06404269513,110.0
baseline,1397.4649766511006,110.0
baseline,1398.8659106070713,110.0
baseline,1400.266844563042,110.0
baseline,1401.6677785190127,110.0
baseline,1403.0687124749834,110.0
baseline,1404.469646430954,110.0
baseline,1405.8705803869248,110.0
baseline,1407.2715143428952,110.0
baseline,1408.672448298866,110.0
baseline,1410.0733822548366,110.0
baseline,1411.474316210807,110.0
baseline,1412.8752501667777,110.0
baseline,1414.2761841227484,110.0
baseline,1415.677118078719,110.0
baseline,1417.0780520346898,110.0
baseline,1418.4789859906605,110.0
baseline,1419.8799199466312,110.0
baseline,1421.2808539026018,110.0
baseline,1422.6817878585723,110.0
baseline,1424.082721814543,110.0
baseline,1425.4836557705137,110.0
baseline,1426.8845897264844,110.0
baseline,1428.285523682455,110.0
baseline,1429.6864576384255,110.0
baseline,1431.0873915943962,110.0
baseline,1432.4883255503669,110.0
baseline,1433.8892595063376,110.0
baseline,1435.2901934623083,110.0
baseline,1436.691127418279,110.0
baseline,1438.0920613742494,110.0
baseline,1439.49299533022,110.0
baseline,1440.8939292861908,110.0
baseline,1442.2948632421615,110.0
baseline,1443.6957971981321,110.0
baseline,1445.0967311541028,110.0
baseline,1446.4976651100733,110.0
baseline,1447.898599066044,110.0
baseline,1449.2995330220147,110.0
baseline,1450.7004669779853,110.0
baseline,1452.101400933956,110.0
baseline,1453.5023348899265,110.0
baseline,1454.9032688458972,110.0
baseline,1456.3042028018679,110.0
baseline,1457.7051367578385,110.0
baseline,1459.1060707138092,110.0
baseline,1460.50700466978,110.0
baseline,1461.9079386257504,110.0
baseline,1463.308872581721,110.0
baseline,1464.7098065376917,110.0
baseline,1466.1107404936624,110.0
baseline,1467.5116744496331,110.0
baseline,1468.9126084056038,110.0
baseline,1470.3135423615743,110.0
baseline,1471.714476317545,110.0
baseline,1473.1154102735156,110.0
baseline,1474.5163442294863,110.0
baseline,1475.917278185457,110.0
baseline,1477.3182121414277,110.0
baseline,1478.7191460973982,110.0
baseline,1480.1200800533688,110.0
baseline,1481.5210140093395,110.0
baseline,1482.9219479653102,110.0
baseline,1484.322881921281,110.0
baseline,1485.7238158772516,110.0
baseline,1487.124749833222,110.0
baseline,1488.5256837891927,110.0
baseline,1489.9266177451634,110.0
baseline,1491.327551701134,110.0
baseline,1492.7284856571048,110.0
baseline,1494.1294196130755,110.0
baseline,1495.530353569046,110.0
baseline,1496.9312875250166,110.0
baseline,1498.3322214809873,110.0
baseline,1499.733155436958,110.0
baseline,1501.1340893929287,110.0
baseline,1502.5350233488994,110.0
baseline,1503.9359573048698,110.0
baseline,1505.3368912608405,110.0
baseline,1506.7378252168112,110.0
baseline,1508.1387591727819,110.0
baseline,1509.5396931287526,110.0
baseline,1510.940627084723,110.0
baseline,1512.3415610406937,110.0
baseline,1513.7424949966644,110.0
baseline,1515.143428952635,110.0
baseline,1516.5443629086058,110.0
baseline,1517.9452968645764,110.0
baseline,1519.346230820547,110.0
baseline,1520.7471647765176,110.0
baseline,1522.1480987324883,110.0
baseline,1523.549032688459,110.0
baseline,1524.9499666444297,110.0
baseline,1526.3509006004003,110.0
baseline,1527.7518345563708,110.0
baseline,1529.1527685123415,110.0
baseline,1530.5537024683122,110.0
baseline,1531.9546364242829,110.0
baseline,1533.3555703802535,110.0
baseline,1534.7565043362242,110.0
baseline,1536.1574382921947,110.0
baseline,1537.5583722481654,110.0
baseline,1538.959306204136,110.0
baseline,1540.3602401601067,110.0
baseline,1541.7611741160774,110.0
baseline,1543.162108072048,110.0
baseline,1544.5630420280186,110.0
baseline,1545.9639759839893,110.0
baseline,1547.36490993996,110.0
baseline,1548.7658438959306,110.0
baseline,1550.1667778519013,110.0
baseline,1551.567711807872,110.0
baseline,1552.9686457638425,110.0
baseline,1554.3695797198131,110.0
baseline,1555.7705136757838,110.0
baseline,1557.1714476317545,110.0
baseline,1558.5723815877252,110.0
baseline,1559.9733155436957,110.0
baseline,1561.3742494996663,110.0
baseline,1562.775183455637,110.0
baseline,1564.1761174116077,110.0
baseline,1565.5770513675784,110.0
baseline,1566.977985323549,110.0
baseline,1568.3789192795196,110.0
baseline,1569.7798532354902,110.0
baseline,1571.180787191461,110.0
baseline,1572.5817211474316,110.0
baseline,1573.9826551034023,110.0
baseline,1575.383589059373,110.0
baseline,1576.7845230153434,110.0
baseline,1578.1854569713141,110.0
baseline,1579.5863909272848,110.0
baseline,1580.9873248832555,110.0
baseline,1582.3882588392262,110.0
baseline,1583.7891927951969,110.0
baseline,1585.1901267511673,110.0
baseline,1586.591060707138,110.0
baseline,1587.9919946631087,110.0
baseline,1589.3929286190794,110.0
baseline,1590.79386257505,110.0
baseline,1592.1947965310208,110.0
baseline,1593.5957304869912,110.0
baseline,1594.996664442962,110.0
baseline,1596.3975983989326,110.0
baseline,1597.7985323549033,110.0
baseline,1599.199466310874,110.0
baseline,1600.6004002668446,110.0
baseline,1602.001334222815,110.0
baseline,1603.4022681787858,110.0
baseline,1604.8032021347565,110.0
baseline,1606.2041360907272,110.0
baseline,1607.6050700466978,110.0
baseline,1609.0060040026685,110.0
baseline,1610.406937958639,110.0
baseline,1611.8078719146097,110.0
baseline,1613.2088058705804,110.0
baseline,1614.609739826551,110.0
baseline,1616.0106737825217,110.0
baseline,1617.4116077384922,110.0
baseline,1618.8125416944629,110.0
baseline,1620.2134756504336,110.0
baseline,1621.6144096064043,110.0
baseline,1623.015343562375,110.0
baseline,1624.4162775183456,110.0
baseline,1625.817211474316,110.0
baseline,1627.2181454302868,110.0
baseline,1628.6190793862575,110.0
baseline,1630.0200133422281,110.0
baseline,1631.4209472981988,110.0
baseline,1632.8218812541695,110.0
baseline,1634.22281521014,110.0
baseline,1635.6237491661107,110.0
baseline,1637.0246831220813,110.0
baseline,1638.425617078052,110.0
baseline,1639.8265510340227,110.0
baseline,1641.2274849899934,110.0
baseline,1642.6284189459639,110.0
baseline,1644.0293529019345,110.0
baseline,1645.4302868579052,110.0
baseline,1646.831220813876,110.0
baseline,1648.2321547698466,110.0
baseline,1649.6330887258173,110.0
baseline,1651.0340226817877,110.0
baseline,1652.4349566377584,110.0
baseline,1653.8358905937291,110.0
baseline,1655.2368245496998,110.0
baseline,1656.6377585056705,110.0
baseline,1658.0386924616412,110.0
baseline,1659.4396264176116,110.0
baseline,1660.8405603735823,110.0
baseline,1662.241494329553,110.0
baseline,1663.6424282855237,110.0
baseline,1665.0433622414944,110.0
baseline,1666.444296197465,110.0
baseline,1667.8452301534355,110.0
baseline,1669.2461641094062,110.0
baseline,1670.647098065377,110.0
baseline,1672.0480320213476,110.0
baseline,1673.4489659773183,110.0
baseline,1674.8498999332887,110.0
baseline,1676.2508338892594,110.0
baseline,1677.65176784523,110.0
baseline,1679.0527018012008,110.0
baseline,1680.4536357571715,110.0
baseline,1681.8545697131422,110.0
baseline,1683.2555036691126,110.0
baseline,1684.6564376250833,110.0
baseline,1686.057371581054,110.0
baseline,1687.4583055370247,110.0
baseline,1688.8592394929954,110.0
baseline,1690.260173448966,110.0
baseline,1691.6611074049365,110.0
baseline,1693.0620413609072,110.0
baseline,1694.4629753168779,110.0
baseline,1695.8639092728486,110.0
baseline,1697.2648432288192,110.0
baseline,1698.66577718479,110.0
baseline,1700.0667111407604,110.0
baseline,1701.467645096731,110.0
baseline,1702.8685790527018,110.0
baseline,1704.2695130086724,110.0
baseline,1705.6704469646431,110.0
baseline,1707.0713809206138,110.0
baseline,1708.4723148765843,110.0
baseline,1709.873248832555,110.0
baseline,1711.2741827885256,110.0
baseline,1712.6751167444963,110.0
baseline,1714.076050700467,110.0
baseline,1715.4769846564377,110.0
baseline,1716.8779186124082,110.0
baseline,1718.2788525683789,110.0
baseline,1719.6797865243495,110.0
baseline,1721.0807204803202,110.0
baseline,1722.481654436291,110.0
baseline,1723.8825883922616,110.0
baseline,1725.283522348232,110.0
baseline,1726.6844563042027,110.0
baseline,1728.0853902601734,110.0
baseline,1729.486324216144,110.0
baseline,1730.8872581721148,110.0
baseline,1732.2881921280853,110.0
baseline,1733.689126084056,110.0
baseline,1735.0900600400266,110.0
baseline,1736.4909939959973,110.0
baseline,1737.891927951968,110.0
baseline,1739.2928619079387,110.0
baseline,1740.6937958639091,110.0
baseline,1742.0947298198798,110.0
baseline,1743.4956637758505,110.0
baseline,1744.8965977318212,110.0
baseline,1746.297531687792,110.0
baseline,1747.6984656437626,110.0
baseline,1749.099399599733,110.0
baseline,1750.5003335557037,110.0
baseline,1751.9012675116744,110.0
baseline,1753.302201467645,110.0
baseline,1754.7031354236158,110.0
baseline,1756.1040693795865,110.0
baseline,1757.505003335557,110.0
baseline,1758.9059372915276,110.0
baseline,1760.3068712474983,110.0
baseline,1761.707805203469,110.0
baseline,1763.1087391594397,110.0
baseline,1764.5096731154104,110.0
baseline,1765.9106070713808,110.0
baseline,1767.3115410273515,110.0
baseline,1768.7124749833222,110.0
baseline,1770.1134089392929,110.0
baseline,1771.5143428952636,110.0
baseline,1772.9152768512342,110.0
baseline,1774.3162108072047,110.0
baseline,1775.7171447631754,110.0
baseline,1777.118078719146,110.0
baseline,1778.5190126751168,110.0
baseline,1779.9199466310874,110.0
baseline,1781.320880587058,110.0
baseline,1782.7218145430286,110.0
baseline,1784.1227484989993,110.0
baseline,1785.52368245497,110.0
baseline,1786.9246164109406,110.0
baseline,1788.3255503669113,110.0
baseline,1789.7264843228818,110.0
baseline,1791.1274182788525,110.0
baseline,1792.5283522348232,110.0
baseline,1793.9292861907938,110.0
baseline,1795.3302201467645,110.0
baseline,1796.7311541027352,110.0
baseline,1798.1320880587057,110.0
baseline,1799.5330220146764,110.0
baseline,1800.933955970647,110.0
baseline,1802.3348899266177,110.0
baseline,1803.7358238825884,110.0
baseline,1805.136757838559,110.0
baseline,1806.5376917945296,110.0
baseline,1807.9386257505003,110.0
baseline,1809.339559706471,110.0
baseline,1810.7404936624416,110.0
baseline,1812.1414276184123,110.0
baseline,1813.542361574383,110.0
baseline,1814.9432955303535,110.0
baseline,1816.3442294863241,110.0
baseline,1817.7451634422948,110.0
baseline,1819.1460973982655,110.0
baseline,1820.5470313542362,110.0
baseline,1821.9479653102069,110.0
baseline,1823.3488992661773,110.0
baseline,1824.749833222148,110.0
baseline,1826.1507671781187,110.0
baseline,1827.5517011340894,110.0
baseline,1828.95263509006,110.0
baseline,1830.3535690460308,110.0
baseline,1831.7545030020012,110.0
baseline,1833.155436957972,110.0
baseline,1834.5563709139426,110.0
baseline,1835.9573048699133,110.0
baseline,1837.358238825884,110.0
baseline,1838.7591727818544,110.0
baseline,1840.1601067378251,110.0
baseline,1841.5610406937958,110.0
baseline,1842.9619746497665,110.0
baseline,1844.3629086057372,110.0
baseline,1845.7638425617079,110.0
baseline,1847.1647765176783,110.0
baseline,1848.565710473649,110.0
baseline,1849.9666444296197,110.0
baseline,1851.3675783855904,110.0
baseline,1852.768512341561,110.0
baseline,1854.1694462975317,110.0
baseline,1855.5703802535022,110.0
baseline,1856.971314209473,110.0
baseline,1858.3722481654436,110.0
baseline,1859.7731821214143,110.0
baseline,1861.174116077385,110.0
baseline,1862.5750500333556,110.0
baseline,1863.975983989326,110.0
baseline,1865.3769179452968,110.0
baseline,1866.7778519012675,110.0
baseline,1868.1787858572382,110.0
baseline,1869.5797198132088,110.0
baseline,1870.9806537691795,110.0
baseline,1872.38158772515,110.0
baseline,1873.7825216811207,110.0
baseline,1875.1834556370914,110.0
baseline,1876.584389593062,110.0
baseline,1877.9853235490327,110.0
baseline,1879.3862575050034,110.0
baseline,1880.7871914609739,110.0
baseline,1882.1881254169446,110.0
baseline,1883.5890593729152,110.0
baseline,1884.989993328886,110.0
baseline,1886.3909272848566,110.0
baseline,1887.7918612408273,110.0
baseline,1889.1927951967978,110.0
baseline,1890.5937291527684,110.0
baseline,1891.9946631087391,110.0
baseline,1893.3955970647098,110.0
baseline,1894.7965310206805,110.0
baseline,1896.197464976651,110.0
baseline,1897.5983989326216,110.0
baseline,1898.9993328885923,110.0
baseline,1900.400266844563,110.0
baseline,1901.8012008005337,110.0
baseline,1903.2021347565044,110.0
baseline,1904.6030687124749,110.0
baseline,1906.0040026684455,110.0
baseline,1907.4049366244162,110.0
baseline,1908.805870580387,110.0
baseline,1910.2068045363576,110.0
baseline,1911.6077384923283,110.0
baseline,1913.0086724482987,110.0
baseline,1914.4096064042694,110.0
baseline,1915.81054036024,110.0
baseline,1917.2114743162108,110.0
baseline,1918.6124082721815,110.0
baseline,1920.0133422281522,110.0
baseline,1921.4142761841226,110.0
baseline,1922.8152101400933,110.0
baseline,1924.216144096064,110.0
baseline,1925.6170780520347,110.0
baseline,1927.0180120080054,110.0
baseline,1928.418945963976,110.0
baseline,1929.8198799199465,110.0
baseline,1931.2208138759172,110.0
baseline,1932.621747831888,110.0
baseline,1934.0226817878586,110.0
baseline,1935.4236157438293,110.0
baseline,1936.8245496998,110.0
baseline,1938.2254836557704,110.0
baseline,1939.626417611741,110.0
baseline,1941.0273515677118,110.0
baseline,1942.4282855236825,110.0
baseline,1943.8292194796531,110.0
baseline,1945.2301534356236,110.0
baseline,1946.6310873915943,110.0
baseline,1948.032021347565,110.0
baseline,1949.4329553035357,110.0
baseline,1950.8338892595063,110.0
baseline,1952.234823215477,110.0
baseline,1953.6357571714475,110.0
baseline,1955.0366911274182,110.0
baseline,1956.4376250833889,110.0
baseline,1957.8385590393596,110.0
baseline,1959.2394929953302,110.0
baseline,1960.640426951301,110.0
baseline,1962.0413609072714,110.0
baseline,1963.442294863242,110.0
baseline,1964.8432288192128,110.0
baseline,1966.2441627751834,110.0
baseline,1967.6450967311541,110.0
baseline,1969.0460306871248,110.0
baseline,1970.4469646430953,110.0
baseline,1971.847898599066,110.0
baseline,1973.2488325550366,110.0
baseline,1974.6497665110073,110.0
baseline,1976.050700466978,110.0
baseline,1977.4516344229487,110.0
baseline,1978.8525683789192,110.0
baseline,1980.2535023348898,110.0
baseline,1981.6544362908605,110.0
baseline,1983.0553702468312,110.0
baseline,1984.456304202802,110.0
baseline,1985.8572381587726,110.0
baseline,1987.258172114743,110.0
baseline,1988.6591060707137,110.0
baseline,1990.0600400266844,110.0
baseline,1991.460973982655,110.0
baseline,1992.8619079386258,110.0
baseline,1994.2628418945965,110.0
baseline,1995.663775850567,110.0
baseline,1997.0647098065376,110.0
baseline,1998.4656437625083,110.0
baseline,1999.866577718479,110.0
baseline,2001.2675116744497,110.0
baseline,2002.6684456304201,110.0
baseline,2004.0693795863908,110.0
baseline,2005.4703135423615,110.0
baseline,2006.8712474983322,110.0
baseline,2008.2721814543029,110.0
baseline,2009.6731154102736,110.0
baseline,2011.074049366244,110.0
baseline,2012.4749833222147,110.0
baseline,2013.8759172781854,110.0
baseline,2015.276851234156,110.0
baseline,2016.6777851901268,110.0
baseline,2018.0787191460975,110.0
baseline,2019.479653102068,110.0
baseline,2020.8805870580386,110.0
baseline,2022.2815210140093,110.0
baseline,2023.68245496998,110.0
baseline,2025.0833889259507,110.0
baseline,2026.4843228819213,110.0
baseline,2027.8852568378918,110.0
baseline,2029.2861907938625,110.0
baseline,2030.6871247498332,110.0
baseline,2032.0880587058039,110.0
baseline,2033.4889926617745,110.0
baseline,2034.8899266177452,110.0
baseline,2036.2908605737157,110.0
baseline,2037.6917945296864,110.0
baseline,2039.092728485657,110.0
baseline,2040.4936624416277,110.0
baseline,2041.8945963975984,110.0
baseline,2043.2955303535691,110.0
baseline,2044.6964643095396,110.0
baseline,2046.0973982655103,110.0
baseline,2047.498332221481,110.0
baseline,2048.899266177452,110.0
baseline,2050.3002001334225,110.0
baseline,2051.7011340893932,110.0
baseline,2053.1020680453635,110.0
baseline,2054.503002001334,110.0
baseline,2055.903935957305,110.0
baseline,2057.3048699132755,110.0
baseline,2058.705803869246,110.0
baseline,2060.1067378252164,110.0
baseline,2061.507671781187,110.0
baseline,2062.908605737158,110.0
baseline,2064.3095396931285,110.0
baseline,2065.710473649099,110.0
baseline,2067.11140760507,110.0
baseline,2068.5123415610406,110.0
baseline,2069.9132755170112,110.0
baseline,2071.314209472982,110.0
baseline,2072.7151434289526,110.0
baseline,2074.1160773849233,110.0
baseline,2075.517011340894,110.0
baseline,2076.9179452968647,110.0
baseline,2078.3188792528354,110.0
baseline,2079.719813208806,110.0
baseline,2081.1207471647767,110.0
baseline,2082.5216811207474,110.0
baseline,2083.922615076718,110.0
baseline,2085.3235490326883,110.0
baseline,2086.724482988659,110.0
baseline,2088.1254169446297,110.0
baseline,2089.5263509006004,110.0
baseline,2090.927284856571,110.0
baseline,2092.3282188125418,110.0
baseline,2093.729152768512,110.0
baseline,2095.1300867244827,110.0
baseline,2096.5310206804534,110.0
baseline,2097.931954636424,110.0
baseline,2099.3328885923947,110.0
baseline,2100.7338225483654,110.0
baseline,2102.134756504336,110.0
baseline,2103.535690460307,110.0
baseline,2104.9366244162775,110.0
baseline,2106.337558372248,110.0
baseline,2107.738492328219,110.0
baseline,2109.1394262841895,110.0
baseline,2110.54036024016,110.0
baseline,2111.941294196131,110.0
baseline,2113.3422281521016,110.0
baseline,2114.7431621080723,110.0
baseline,2116.144096064043,110.0
baseline,2117.545030020013,110.0
baseline,2118.945963975984,110.0
baseline,2120.3468979319546,110.0
baseline,2121.7478318879253,110.0
baseline,2123.148765843896,110.0
baseline,2124.5496997998666,110.0
baseline,2125.950633755837,110.0
baseline,2127.3515677118075,110.0
baseline,2128.7525016677782,110.0
baseline,2130.153435623749,110.0
baseline,2131.5543695797196,110.0
baseline,2132.9553035356903,110.0
baseline,2134.356237491661,110.0
baseline,2135.7571714476317,110.0
baseline,2137.1581054036023,110.0
baseline,2138.559039359573,110.0
baseline,2139.9599733155437,110.0
baseline,2141.3609072715144,110.0
baseline,2142.761841227485,110.0
baseline,2144.162775183456,110.0
baseline,2145.5637091394265,110.0
baseline,2146.964643095397,110.0
baseline,2148.365577051368,110.0
baseline,2149.7665110073385,110.0
baseline,2151.1674449633088,110.0
baseline,2152.5683789192794,110.0
baseline,2153.96931287525,110.0
baseline,2155.370246831221,110.0
baseline,2156.7711807871915,110.0
baseline,2158.172114743162,110.0
baseline,2159.5730486991324,110.0
baseline,2160.973982655103,110.0
baseline,2162.374916611074,110.0
baseline,2163.7758505670445,110.0
baseline,2165.176784523015,110.0
baseline,2166.577718478986,110.0
baseline,2167.9786524349565,110.0
baseline,2169.379586390927,110.0
baseline,2170.780520346898,110.0
baseline,2172.1814543028686,110.0
baseline,2173.5823882588393,110.0
baseline,2174.98332221481,110.0
baseline,2176.3842561707806,110.0
baseline,2177.7851901267513,110.0
baseline,2179.186124082722,110.0
baseline,2180.5870580386927,110.0
baseline,2181.9879919946634,110.0
baseline,2183.3889259506336,110.0
baseline,2184.7898599066043,110.0
baseline,2186.190793862575,110.0
baseline,2187.5917278185457,110.0
baseline,2188.9926617745164,110.0
baseline,2190.393595730487,110.0
baseline,2191.7945296864573,110.0
baseline,2193.195463642428,110.0
baseline,2194.5963975983987,110.0
baseline,2195.9973315543693,110.0
baseline,2197.39826551034,110.0
baseline,2198.7991994663107,110.0
baseline,2200.2001334222814,110.0
baseline,2201.601067378252,110.0
baseline,2203.0020013342228,110.0
baseline,2204.4029352901935,110.0
baseline,2205.803869246164,110.0
baseline,2207.204803202135,110.0
baseline,2208.6057371581055,110.0
baseline,2210.006671114076,110.0
baseline,2211.407605070047,110.0
baseline,2212.8085390260176,110.0
baseline,2214.2094729819883,110.0
baseline,2215.610406937959,110.0
baseline,2217.011340893929,110.0
baseline,2218.4122748499,110.0
baseline,2219.8132088058705,110.0
baseline,2221.2141427618412,110.0
baseline,2222.615076717812,110.0
baseline,2224.016010673782,110.0
baseline,2225.416944629753,110.0
baseline,2226.8178785857235,110.0
baseline,2228.218812541694,110.0
baseline,2229.619746497665,110.0
baseline,2231.0206804536356,110.0
baseline,2232.4216144096063,110.0
baseline,2233.822548365577,110.0
baseline,2235.2234823215476,110.0
baseline,2236.6244162775183,110.0
baseline,2238.025350233489,110.0
baseline,2239.4262841894597,110.0
baseline,2240.8272181454304,110.0
baseline,2242.228152101401,110.0
baseline,2243.6290860573718,110.0
baseline,2245.0300200133424,110.0
baseline,2246.430953969313,110.0
baseline,2247.831887925284,110.0
baseline,2249.232821881254,110.0
baseline,2250.6337558372247,110.0
baseline,2252.0346897931954,110.0
baseline,2253.435623749166,110.0
baseline,2254.836557705137,110.0
baseline,2256.2374916611075,110.0
baseline,2257.6384256170777,110.0
baseline,2259.0393595730484,110.0
baseline,2260.440293529019,110.0
baseline,2261.8412274849898,110.0
baseline,2263.2421614409604,110.0
baseline,2264.643095396931,110.0
baseline,2266.044029352902,110.0
baseline,2267.4449633088725,110.0
baseline,2268.845897264843,110.0
baseline,2270.246831220814,110.0
baseline,2271.6477651767846,110.0
baseline,2273.0486991327552,110.0
baseline,2274.449633088726,110.0
baseline,2275.8505670446966,110.0
baseline,2277.2515010006673,110.0
baseline,2278.652434956638,110.0
baseline,2280.0533689126087,110.0
baseline,2281.454302868579,110.0
baseline,2282.8552368245496,110.0
baseline,2284.2561707805203,110.0
baseline,2285.657104736491,110.0
baseline,2287.0580386924617,110.0
baseline,2288.4589726484323,110.0
baseline,2289.8599066044026,110.0
baseline,2291.2608405603733,110.0
baseline,2292.661774516344,110.0
baseline,2294.0627084723146,110.0
baseline,2295.4636424282853,110.0
baseline,2296.864576384256,110.0
baseline,2298.2655103402267,110.0
baseline,2299.6664442961974,110.0
baseline,2301.067378252168,110.0
baseline,2302.4683122081387,110.0
baseline,2303.8692461641094,110.0
baseline,2305.27018012008,110.0
baseline,2306.671114076051,110.0
baseline,2308.0720480320215,110.0
baseline,2309.472981987992,110.0
baseline,2310.873915943963,110.0
baseline,2312.2748498999335,110.0
baseline,2313.6757838559042,110.0
baseline,2315.0767178118745,110.0
baseline,2316.477651767845,110.0
baseline,2317.878585723816,110.0
baseline,2319.2795196797865,110.0
baseline,2320.680453635757,110.0
baseline,2322.081387591728,110.0
baseline,2323.482321547698,110.0
baseline,2324.883255503669,110.0
baseline,2326.2841894596395,110.0
baseline,2327.68512341561,110.0
baseline,2329.086057371581,110.0
baseline,2330.4869913275516,110.0
baseline,2331.8879252835222,110.0
baseline,2333.288859239493,110.0
baseline,2334.6897931954636,110.0
baseline,2336.0907271514343,110.0
baseline,2337.491661107405,110.0
baseline,2338.8925950633757,110.0
baseline,2340.2935290193464,110.0
baseline,2341.694462975317,110.0
baseline,2343.0953969312877,110.0
baseline,2344.4963308872584,110.0
baseline,2345.897264843229,110.0
baseline,2347.2981987991993,110.0
baseline,2348.69913275517,110.0
baseline,2350.1000667111407,110.0
baseline,2351.5010006671114,110.0
baseline,2352.901934623082,110.0
baseline,2354.3028685790528,110.0
baseline,2355.703802535023,110.0
baseline,2357.1047364909937,110.0
baseline,2358.5056704469644,110.0
baseline,2359.906604402935,110.0
baseline,2361.3075383589057,110.0
baseline,2362.7084723148764,110.0
baseline,2364.109406270847,110.0
baseline,2365.510340226818,110.0
baseline,2366.9112741827885,110.0
baseline,2368.312208138759,110.0
baseline,2369.71314209473,110.0
baseline,2371.1140760507005,110.0
baseline,2372.515010006671,110.0
baseline,2373.915943962642,110.0
baseline,2375.3168779186126,110.0
baseline,2376.7178118745833,110.0
baseline,2378.118745830554,110.0
baseline,2379.5196797865246,110.0
baseline,2380.920613742495,110.0
baseline,2382.3215476984656,110.0
baseline,2383.7224816544363,110.0
baseline,2385.123415610407,110.0
baseline,2386.5243495663776,110.0
baseline,2387.925283522348,110.0
baseline,2389.3262174783185,110.0
baseline,2390.727151434289,110.0
baseline,2392.12808539026,110.0
baseline,2393.5290193462306,110.0
baseline,2394.9299533022013,110.0
baseline,2396.330887258172,110.0
baseline,2397.7318212141427,110.0
baseline,2399.1327551701133,110.0
baseline,2400.533689126084,110.0
baseline,2401.9346230820547,110.0
baseline,2403.3355570380254,110.0
baseline,2404.736490993996,110.0
baseline,2406.1374249499668,110.0
baseline,2407.5383589059375,110.0
baseline,2408.939292861908,110.0
baseline,2410.340226817879,110.0
baseline,2411.7411607738495,110.0
baseline,2413.1420947298197,110.0
baseline,2414.5430286857904,110.0
baseline,2415.943962641761,110.0
baseline,2417.344896597732,110.0
baseline,2418.7458305537025,110.0
baseline,2420.146764509673,110.0
baseline,2421.5476984656434,110.0
baseline,2422.948632421614,110.0
baseline,2424.349566377585,110.0
baseline,2425.7505003335555,110.0
baseline,2427.151434289526,110.0
baseline,2428.552368245497,110.0
baseline,2429.9533022014675,110.0
baseline,2431.354236157438,110.0
baseline,2432.755170113409,110.0
baseline,2434.1561040693796,110.0
baseline,2435.5570380253503,110.0
baseline,2436.957971981321,110.0
baseline,2438.3589059372916,110.0
baseline,2439.7598398932623,110.0
baseline,2441.160773849233,110.0
baseline,2442.5617078052037,110.0
baseline,2443.9626417611744,110.0
baseline,2445.3635757171446,110.0
baseline,2446.7645096731153,110.0
baseline,2448.165443629086,110.0
baseline,2449.5663775850567,110.0
baseline,2450.9673115410274,110.0
baseline,2452.368245496998,110.0
baseline,2453.7691794529687,110.0
baseline,2455.1701134089394,110.0
baseline,2456.57104736491,110.0
baseline,2457.9719813208803,110.0
baseline,2459.372915276851,110.0
baseline,2460.7738492328217,110.0
baseline,2462.1747831887924,110.0
baseline,2463.575717144763,110.0
baseline,2464.9766511007338,110.0
baseline,2466.3775850567044,110.0
baseline,2467.778519012675,110.0
baseline,2469.179452968646,110.0
baseline,2470.5803869246165,110.0
baseline,2471.981320880587,110.0
baseline,2473.382254836558,110.0
baseline,2474.783188792528,110.0
baseline,2476.184122748499,110.0
baseline,2477.5850567044695,110.0
baseline,2478.98599066044,110.0
baseline,2480.386924616411,110.0
baseline,2481.7878585723815,110.0
baseline,2483.188792528352,110.0
baseline,2484.589726484323,110.0
baseline,2485.9906604402936,110.0
baseline,2487.3915943962643,110.0
baseline,2488.792528352235,110.0
baseline,2490.1934623082057,110.0
baseline,2491.594396264176,110.0
baseline,2492.9953302201466,110.0
baseline,2494.3962641761173,110.0
baseline,2495.797198132088,110.0
baseline,2497.1981320880586,110.0
baseline,2498.5990660440293,110.0
baseline,2500.0,110.0
