series,raman_shift_cm-1,intensity_au
Sample 1,400.0,140.0
Sample 1,401.40093395597063,140.0
Sample 1,402.8018679119413,140.0
Sample 1,404.20280186791194,140.0
Sample 1,405.6037358238826,140.0
Sample 1,407.00466977985326,140.0
Sample 1,408.4056037358239,140.0
Sample 1,409.8065376917945,140.0
Sample 1,411.2074716477652,140.0
Sample 1,412.60840560373583,140.0
Sample 1,414.00933955970646,140.0
Sample 1,415.4102735156771,140.0
Sample 1,416.8112074716478,140.0
Sample 1,418.2121414276184,140.0
Sample 1,419.61307538358903,140.0
Sample 1,421.0140093395597,140.0
Sample 1,422.41494329553035,140.0
Sample 1,423.815877251501,140.0
Sample 1,425.21681120747166,140.0
Sample 1,426.6177451634423,140.0
Sample 1,428.0186791194129,140.0
Sample 1,429.4196130753836,140.0
Sample 1,430.82054703135424,140.0
Sample 1,432.22148098732487,140.0
Sample 1,433.62241494329555,140.0
Sample 1,435.0233488992662,140.0
Sample 1,436.4242828552368,140.0
Sample 1,437.8252168112075,140.0
Sample 1,439.2261507671781,140.0
Sample 1,440.62708472314876,140.0
Sample 1,442.02801867911944,140.0
Sample 1,443.42895263509007,140.0
Sample 1,444.8298865910607,140.0
Sample 1,446.2308205470314,140.0
Sample 1,447.631754503002,140.0
Sample 1,449.03268845897264,140.0
Sample 1,450.4336224149433,140.0
Sample 1,451.83455637091396,140.0
Sample 1,453.2354903268846,140.0
Sample 1,454.6364242828552,140.0
Sample 1,456.0373582388259,140.0
Sample 1,457.43829219479653,140.0
Sample 1,458.83922615076716,140.0
Sample 1,460.24016010673785,140.0
Sample 1,461.6410940627085,140.0
Sample 1,463.0420280186791,140.0
Sample 1,464.44296197464973,140.0
Sample 1,465.8438959306204,140.0
Sample 1,467.24482988659105,140.0
Sample 1,468.6457638425617,140.0
Sample 1,470.04669779853236,140.0
Sample 1,471.447631754503,140.0
Sample 1,472.8485657104736,140.0
Sample 1,474.2494996664443,140.0
Sample 1,475.65043362241494,140.0
Sample 1,477.05136757838557,140.0
Sample 1,478.45230153435625,140.0
Sample 1,479.8532354903269,140.0
Sample 1,481.2541694462975,140.0
Sample 1,482.6551034022682,140.0
Sample 1,484.0560373582388,140.0
Sample 1,485.45697131420945,140.0
Sample 1,486.85790527018014,140.0
Sample 1,488.25883922615077,140.0
Sample 1,489.6597731821214,140.0
Sample 1,491.0607071380921,140.0
Sample 1,492.4616410940627,140.0
Sample 1,493.86257505003334,140.0
Sample 1,495.263509006004,140.0
Sample 1,496.66444296197466,140.0
Sample 1,498.0653769179453,140.0
Sample 1,499.466310873916,140.0
Sample 1,500.8672448298866,140.0
Sample 1,502.26817878585723,140.0
Sample 1,503.6691127418279,140.0
Sample 1,505.07004669779855,140.0
Sample 1,506.4709806537692,140.0
Sample 1,507.8719146097398,140.0
Sample 1,509.2728485657105,140.0
Sample 1,510.6737825216811,140.0
Sample 1,512.0747164776518,140.0
Sample 1,513.4756504336224,140.0
Sample 1,514.8765843895931,140.0
Sample 1,516.2775183455637,140.0
Sample 1,517.6784523015343,140.0
Sample 1,519.079386257505,140.0
Sample 1,520.4803202134757,140.0
Sample 1,521.8812541694463,140.0
Sample 1,523.282188125417,140.0
Sample 1,524.6831220813876,140.0
Sample 1,526.0840560373582,140.0
Sample 1,527.4849899933289,140.0
Sample 1,528.8859239492995,140.0
Sample 1,530.2868579052702,140.0
Sample 1,531.6877918612408,140.0
Sample 1,533.0887258172115,140.0
Sample 1,534.4896597731821,140.0
Sample 1,535.8905937291528,140.0
Sample 1,537.2915276851234,140.0
Sample 1,538.692461641094,140.0
Sample 1,540.0933955970647,140.0
Sample 1,541.4943295530354,140.0
Sample 1,542.895263509006,140.0
Sample 1,544.2961974649767,140.0
Sample 1,545.6971314209472,140.0
Sample 1,547.0980653769179,140.0
Sample 1,548.4989993328886,140.0
Sample 1,549.8999332888593,140.0
Sample 1,551.3008672448299,140.0
Sample 1,552.7018012008006,140.0
Sample 1,554.1027351567711,140.0
Sample 1,555.5036691127418,140.0
Sample 1,556.9046030687125,140.0
Sample 1,558.3055370246832,140.0
Sample 1,559.7064709806538,140.0
Sample 1,561.1074049366244,140.0
Sample 1,562.508338892595,140.0
Sample 1,563.9092728485657,140.0
Sample 1,565.3102068045364,140.0
Sample 1,566.711140760507,140.0
Sample 1,568.1120747164777,140.0
Sample 1,569.5130086724483,140.0
Sample 1,570.9139426284189,140.0
Sample 1,572.3148765843896,140.0
Sample 1,573.7158105403603,140.0
Sample 1,575.1167444963309,140.0
Sample 1,576.5176784523015,140.0
Sample 1,577.9186124082721,140.0
Sample 1,579.3195463642428,140.0
Sample 1,580.7204803202135,140.0
Sample 1,582.1214142761842,140.0
Sample 1,583.5223482321547,140.0
Sample 1,584.9232821881254,140.0
Sample 1,586.324216144096,140.0
Sample 1,587.7251501000667,140.0
Sample 1,589.1260840560374,140.0
Sample 1,590.527018012008,140.0
Sample 1,591.9279519679786,140.0
Sample 1,593.3288859239493,140.0
Sample 1,594.7298198799199,140.0
Sample 1,596.1307538358906,140.0
Sample 1,597.5316877918613,140.0
Sample 1,598.932621747832,140.0
Sample 1,600.3335557038025,140.0
Sample 1,601.7344896597732,140.0
Sample 1,603.1354236157438,140.0
Sample 1,604.5363575717145,140.0
Sample 1,605.9372915276851,140.0
Sample 1,607.3382254836558,140.0
Sample 1,608.7391594396264,140.0
Sample 1,610.1400933955971,140.0
Sample 1,611.5410273515677,140.0
Sample 1,612.9419613075383,140.0
Sample 1,614.342895263509,140.0
Sample 1,615.7438292194796,140.0
Sample 1,617.1447631754503,140.0
Sample 1,618.545697131421,140.0
Sample 1,619.9466310873916,140.0
Sample 1,621.3475650433622,140.0
Sample 1,622.7484989993329,140.0
Sample 1,624.1494329553035,140.0
Sample 1,625.5503669112742,140.0
Sample 1,626.9513008672449,140.0
Sample 1,628.3522348232154,140.0
Sample 1,629.7531687791861,140.0
Sample 1,631.1541027351568,140.0
Sample 1,632.5550366911274,140.0
Sample 1,633.9559706470981,140.0
Sample 1,635.3569046030686,140.0
Sample 1,636.7578385590393,140.0
Sample 1,638.15877251501,140.0
Sample 1,639.5597064709807,140.0
Sample 1,640.9606404269513,140.0
Sample 1,642.361574382922,140.0
Sample 1,643.7625083388925,140.0
Sample 1,645.1634422948632,140.0
Sample 1,646.5643762508339,140.0
Sample 1,647.9653102068046,140.0
Sample 1,649.3662441627752,140.0
Sample 1,650.7671781187458,140.0
Sample 1,652.1681120747164,140.0
Sample 1,653.5690460306871,140.0
Sample 1,654.9699799866578,140.0
Sample 1,656.3709139426285,140.0
Sample 1,657.771847898599,140.0
Sample 1,659.1727818545697,140.0
Sample 1,660.5737158105403,140.0
Sample 1,661.974649766511,140.0
Sample 1,663.3755837224817,140.0
Sample 1,664.7765176784524,140.0
Sample 1,666.1774516344229,140.0
Sample 1,667.5783855903935,140.0
Sample 1,668.9793195463642,140.0
Sample 1,670.3802535023349,140.0
Sample 1,671.7811874583056,140.0
Sample 1,673.1821214142763,140.0
Sample 1,674.5830553702468,140.0
Sample 1,675.9839893262174,140.0
Sample 1,677.3849232821881,140.0
Sample 1,678.7858572381588,140.0
Sample 1,680.1867911941295,140.0
Sample 1,681.5877251501001,140.0
Sample 1,682.9886591060707,140.0
Sample 1,684.3895930620413,140.0
Sample 1,685.790527018012,140.0
Sample 1,687.1914609739827,140.0
Sample 1,688.5923949299533,140.0
Sample 1,689.9933288859239,140.0
Sample 1,691.3942628418946,140.0
Sample 1,692.7951967978652,140.0
Sample 1,694.1961307538359,140.0
Sample 1,695.5970647098065,140.0
Sample 1,696.9979986657772,140.0
Sample 1,698.3989326217478,140.0
Sample 1,699.7998665777185,140.0
Sample 1,701.2008005336891,140.0
Sample 1,702.6017344896597,140.0
Sample 1,704.0026684456304,140.0
Sample 1,705.4036024016011,140.0
Sample 1,706.8045363575717,140.0
Sample 1,708.2054703135424,140.0
Sample 1,709.606404269513,140.0
Sample 1,711.0073382254836,140.0
Sample 1,712.4082721814543,140.0
Sample 1,713.809206137425,140.0
Sample 1,715.2101400933956,140.0
Sample 1,716.6110740493663,140.0
Sample 1,718.0120080053368,140.0
Sample 1,719.4129419613075,140.0
Sample 1,720.8138759172782,140.0
Sample 1,722.2148098732489,140.0
Sample 1,723.6157438292195,140.0
Sample 1,725.01667778519,140.0
Sample 1,726.4176117411607,140.0
Sample 1,727.8185456971314,140.0
Sample 1,729.2194796531021,140.0
Sample 1,730.6204136090728,140.0
Sample 1,732.0213475650434,140.0
Sample 1,733.4222815210139,140.0
Sample 1,734.8232154769846,140.0
Sample 1,736.2241494329553,140.0
Sample 1,737.625083388926,140.0
Sample 1,739.0260173448967,140.0
Sample 1,740.4269513008672,140.0
Sample 1,741.8278852568378,140.0
Sample 1,743.2288192128085,140.0
Sample 1,744.6297531687792,140.0
Sample 1,746.0306871247499,140.0
Sample 1,747.4316210807204,140.0
Sample 1,748.8325550366911,140.0
Sample 1,750.2334889926617,140.0
Sample 1,751.6344229486324,140.0
Sample 1,753.0353569046031,140.0
Sample 1,754.4362908605738,140.0
Sample 1,755.8372248165443,140.0
Sample 1,757.238158772515,140.0
Sample 1,758.6390927284856,140.0
Sample 1,760.0400266844563,140.0
Sample 1,761.440960640427,140.0
Sample 1,762.8418945963977,140.0
Sample 1,764.2428285523682,140.0
Sample 1,765.6437625083389,140.0
Sample 1,767.0446964643095,140.0
Sample 1,768.4456304202802,140.0
Sample 1,769.8465643762509,140.0
Sample 1,771.2474983322215,140.0
Sample 1,772.6484322881921,140.0
Sample 1,774.0493662441627,140.0
Sample 1,775.4503002001334,140.0
Sample 1,776.851234156104,140.0
Sample 1,778.2521681120747,140.0
Sample 1,779.6531020680454,140.0
Sample 1,781.054036024016,140.0
Sample 1,782.4549699799866,140.0
Sample 1,783.8559039359573,140.0
Sample 1,785.256837891928,140.0
Sample 1,786.6577718478986,140.0
Sample 1,788.0587058038693,140.0
Sample 1,789.4596397598399,140.0
Sample 1,790.8605737158105,140.0
Sample 1,792.2615076717811,140.0
Sample 1,793.6624416277518,140.0
Sample 1,795.0633755837225,140.0
Sample 1,796.4643095396932,140.0
Sample 1,797.8652434956638,140.0
Sample 1,799.2661774516343,140.0
Sample 1,800.667111407605,140.0
Sample 1,802.0680453635757,140.0
Sample 1,803.4689793195464,140.0
Sample 1,804.869913275517,140.0
Sample 1,806.2708472314877,140.0
Sample 1,807.6717811874582,140.0
Sample 1,809.0727151434289,140.0
Sample 1,810.4736490993996,140.0
Sample 1,811.8745830553703,140.0
Sample 1,813.2755170113409,140.0
Sample 1,814.6764509673116,140.0
Sample 1,816.0773849232821,140.0
Sample 1,817.4783188792528,140.0
Sample 1,818.8792528352235,140.0
Sample 1,820.2801867911942,140.0
Sample 1,821.6811207471648,140.0
Sample 1,823.0820547031354,140.0
Sample 1,824.482988659106,140.0
Sample 1,825.8839226150767,140.0
Sample 1,827.2848565710474,140.0
Sample 1,828.6857905270181,140.0
Sample 1,830.0867244829886,140.0
Sample 1,831.4876584389592,140.0
Sample 1,832.8885923949299,140.0
Sample 1,834.2895263509006,140.0
Sample 1,835.6904603068713,140.0
Sample 1,837.091394262842,140.0
Sample 1,838.4923282188125,140.0
Sample 1,839.8932621747831,140.0
Sample 1,841.2941961307538,140.0
Sample 1,842.6951300867245,140.0
Sample 1,844.0960640426952,140.0
Sample 1,845.4969979986658,140.0
Sample 1,846.8979319546364,140.0
Sample 1,848.298865910607,140.0
Sample 1,849.6997998665777,140.0
Sample 1,851.1007338225484,140.0
Sample 1,852.501667778519,140.0
Sample 1,853.9026017344897,140.0
Sample 1,855.3035356904603,140.0
Sample 1,856.7044696464309,140.0
Sample 1,858.1054036024016,140.0
Sample 1,859.5063375583723,140.0
Sample 1,860.9072715143429,140.0
Sample 1,862.3082054703135,140.0
Sample 1,863.7091394262842,140.0
Sample 1,865.1100733822548,140.0
Sample 1,866.5110073382255,140.0
Sample 1,867.9119412941961,140.0
Sample 1,869.3128752501668,140.0
Sample 1,870.7138092061374,140.00000000000003
Sample 1,872.1147431621081,140.00000000000003
Sample 1,873.5156771180787,140.00000000000003
Sample 1,874.9166110740493,140.00000000000003
Sample 1,876.31754503002,140.00000000000003
Sample 1,877.7184789859907,140.00000000000006
Sample 1,879.1194129419613,140.00000000000006
Sample 1,880.520346897932,140.00000000000009
Sample 1,881.9212808539025,140.00000000000009
Sample 1,883.3222148098732,140.0000000000001
Sample 1,884.7231487658439,140.00000000000014
Sample 1,886.1240827218146,140.0000000000002
Sample 1,887.5250166777852,140.00000000000023
Sample 1,888.9259506337557,140.00000000000028
Sample 1,890.3268845897264,140.00000000000037
Sample 1,891.7278185456971,140.00000000000045
Sample 1,893.1287525016678,140.00000000000054
Sample 1,894.5296864576385,140.00000000000068
Sample 1,895.9306204136091,140.00000000000085
Sample 1,897.3315543695796,140.00000000000102
Sample 1,898.7324883255503,140.00000000000128
Sample 1,900.133422281521,140.00000000000156
Sample 1,901.5343562374917,140.00000000000193
Sample 1,902.9352901934624,140.0000000000024
Sample 1,904.336224149433,140.00000000000293
Sample 1,905.7371581054035,140.0000000000036
Sample 1,907.1380920613742,140.00000000000443
Sample 1,908.5390260173449,140.00000000000543
Sample 1,909.9399599733156,140.00000000000665
Sample 1,911.3408939292862,140.00000000000816
Sample 1,912.7418278852568,140.00000000000998
Sample 1,914.1427618412275,140.00000000001222
Sample 1,915.5436957971981,140.00000000001495
Sample 1,916.9446297531688,140.00000000001828
Sample 1,918.3455637091395,140.00000000002234
Sample 1,919.74649766511,140.00000000002728
Sample 1,921.1474316210807,140.00000000003328
Sample 1,922.5483655770514,140.0000000000406
Sample 1,923.949299533022,140.00000000004943
Sample 1,925.3502334889927,140.0000000000602
Sample 1,926.7511674449632,140.00000000007327
Sample 1,928.1521014009339,140.0000000000891
Sample 1,929.5530353569046,140.0000000001083
Sample 1,930.9539693128752,140.00000000013154
Sample 1,932.3549032688459,140.00000000015964
Sample 1,933.7558372248166,140.00000000019364
Sample 1,935.1567711807871,140.00000000023473
Sample 1,936.5577051367578,140.00000000028436
Sample 1,937.9586390927285,140.00000000034427
Sample 1,939.3595730486991,140.00000000041652
Sample 1,940.7605070046698,140.00000000050358
Sample 1,942.1614409606404,140.00000000060848
Sample 1,943.562374916611,140.00000000073473
Sample 1,944.9633088725817,140.00000000088662
Sample 1,946.3642428285524,140.0000000010692
Sample 1,947.765176784523,140.00000000128856
Sample 1,949.1661107404937,140.0000000015519
Sample 1,950.5670446964643,140.00000000186785
Sample 1,951.9679786524349,140.00000000224668
Sample 1,953.3689126084056,140.00000000270057
Sample 1,954.7698465643763,140.00000000324405
Sample 1,956.1707805203469,140.0000000038944
Sample 1,957.5717144763175,140.00000000467207
Sample 1,958.9726484322882,140.00000000560144
Sample 1,960.3735823882588,140.00000000671128
Sample 1,961.7745163442295,140.0000000080358
Sample 1,963.1754503002002,140.00000000961552
Sample 1,964.5763842561707,140.0000000114983
Sample 1,965.9773182121414,140.00000001374082
Sample 1,967.3782521681121,140.00000001641007
Sample 1,968.7791861240827,140.00000001958512
Sample 1,970.1801200800534,140.00000002335932
Sample 1,971.581054036024,140.00000002784276
Sample 1,972.9819879919946,140.0000000331652
Sample 1,974.3829219479653,140.0000000394795
Sample 1,975.783855903936,140.00000004696543
Sample 1,977.1847898599066,140.00000005583462
Sample 1,978.5857238158773,140.00000006633564
Sample 1,979.9866577718478,140.0000000787605
Sample 1,981.3875917278185,140.00000009345194
Sample 1,982.7885256837892,140.00000011081192
Sample 1,984.1894596397598,140.0000001313115
Sample 1,985.5903935957305,140.00000015550248
Sample 1,986.9913275517011,140.00000018403063
Sample 1,988.3922615076717,140.0000002176512
Sample 1,989.7931954636424,140.000000257247
Sample 1,991.1941294196131,140.000000303849
Sample 1,992.5950633755837,140.00000035866046
Sample 1,993.9959973315543,140.0000004230848
Sample 1,995.396931287525,140.00000049875766
Sample 1,996.7978652434956,140.000000587584
Sample 1,998.1987991994663,140.0000006917809
Sample 1,999.599733155437,140.00000081392693
Sample 1,1001.0006671114076,140.00000095701887
Sample 1,1002.4016010673782,140.00000112453716
Sample 1,1003.8025350233489,140.0000013205211
Sample 1,1005.2034689793195,140.00000154965537
Sample 1,1006.6044029352902,140.00000181736903
Sample 1,1008.0053368912609,140.00000212994973
Sample 1,1009.4062708472314,140.00000249467408
Sample 1,1010.8072048032021,140.00000291995732
Sample 1,1012.2081387591728,140.00000341552465
Sample 1,1013.6090727151434,140.0000039926071
Sample 1,1015.0100066711141,140.00000466416557
Sample 1,1016.4109406270848,140.0000054451465
Sample 1,1017.8118745830553,140.0000063527741
Sample 1,1019.212808539026,140.00000740688304
Sample 1,1020.6137424949967,140.00000863029797
Sample 1,1022.0146764509673,140.00001004926557
Sample 1,1023.415610406938,140.00001169394608
Sample 1,1024.8165443629086,140.00001359897206
Sample 1,1026.2174783188793,140.00001580408315
Sample 1,1027.61841227485,140.00001835484667
Sample 1,1029.0193462308207,140.00002130347477
Sample 1,1030.4202801867912,140.00002470975056
Sample 1,1031.8212141427618,140.00002864207696
Sample 1,1033.2221480987325,140.00003317866316
Sample 1,1034.623082054703,140.00003840886643
Sample 1,1036.0240160106737,140.0000444347076
Sample 1,1037.4249499666444,140.00005137258196
Sample 1,1038.825883922615,140.00005935518885
Sample 1,1040.2268178785857,140.00006853370627
Sample 1,1041.6277518345564,140.0000790802397
Sample 1,1043.028685790527,140.00009119057734
Sample 1,1044.4296197464978,140.00010508728795
Sample 1,1045.8305537024683,140.0001210232003
Sample 1,1047.231487658439,140.00013928530913
Sample 1,1048.6324216144096,140.0001601991554
Sample 1,1050.03335557038,140.00018413373482
Sample 1,1051.4342895263508,140.00021150699374
Sample 1,1052.8352234823215,140.00024279197788
Sample 1,1054.2361574382921,140.00027852370525
Sample 1,1055.6370913942628,140.00031930684256
Sample 1,1057.0380253502335,140.0003658242719
Sample 1,1058.4389593062042,140.00041884664284
Sample 1,1059.8398932621749,140.0004792430143
Sample 1,1061.2408272181456,140.00054799270066
Sample 1,1062.641761174116,140.0006261984475
Sample 1,1064.0426951300867,140.0007151010731
Sample 1,1065.4436290860574,140.00081609572578
Sample 1,1066.8445630420279,140.00093074991912
Sample 1,1068.2454969979985,140.00106082352298
Sample 1,1069.6464309539692,140.00120829090315
Sample 1,1071.04736490994,140.0013753654191
Sample 1,1072.4482988659106,140.0015645265078
Sample 1,1073.8492328218813,140.00177854960006
Sample 1,1075.250166777852,140.00202053913742
Sample 1,1076.6511007338227,140.0022939649776
Sample 1,1078.0520346897933,140.00260270250214
Sample 1,1079.4529686457638,140.00295107676226
Sample 1,1080.8539026017345,140.0033439110268
Sample 1,1082.2548365577052,140.00378658012306
Sample 1,1083.6557705136756,140.00428506899038
Sample 1,1085.0567044696463,140.00484603689821
Sample 1,1086.457638425617,140.0054768878115
Sample 1,1087.8585723815877,140.00618584742173
Sample 1,1089.2595063375584,140.0069820473965
Sample 1,1090.660440293529,140.00787561743877
Sample 1,1092.0613742494997,140.0088777857854
Sample 1,1093.4623082054704,140.0100009888151
Sample 1,1094.863242161441,140.01125899047864
Sample 1,1096.2641761174116,140.01266701230634
Sample 1,1097.6651100733823,140.0142418747946
Sample 1,1099.0660440293527,140.0160021510175
Sample 1,1100.4669779853234,140.01796833335789
Sample 1,1101.867911941294,140.02016301430092
Sample 1,1103.2688458972648,140.02261108228075
Sample 1,1104.6697798532355,140.0253399336222
Sample 1,1106.0707138092062,140.02837970166874
Sample 1,1107.4716477651768,140.03176350423797
Sample 1,1108.8725817211475,140.03552771059645
Sample 1,1110.2735156771182,140.03971222919503
Sample 1,1111.6744496330887,140.0443608174541
Sample 1,1113.0753835890594,140.04952141493592
Sample 1,1114.47631754503,140.0552465012871
Sample 1,1115.8772515010005,140.0615934803766
Sample 1,1117.2781854569712,140.06862509209682
Sample 1,1118.6791194129419,140.07640985333126
Sample 1,1120.0800533689126,140.08502252962677
Sample 1,1121.4809873248832,140.09454463913656
Sample 1,1122.881921280854,140.10506499042404
Sample 1,1124.2828552368246,140.11668025573505
Sample 1,1125.6837891927953,140.12949558135665
Sample 1,1127.084723148766,140.1436252366838
Sample 1,1128.4856571047364,140.15919330360975
Sample 1,1129.8865910607071,140.1763344078411
Sample 1,1131.2875250166778,140.1951944937129
Sample 1,1132.6884589726483,140.21593164404337
Sample 1,1134.089392928619,140.23871694651731
Sample 1,1135.4903268845896,140.26373540802663
Sample 1,1136.8912608405603,140.29118691831766
Sample 1,1138.292194796531,140.321287264204
Sample 1,1139.6931287525017,140.3542691954937
Sample 1,1141.0940627084724,140.3903835436533
Sample 1,1142.494996664443,140.42990039408477
Sample 1,1143.8959306204138,140.47311031272793
Sample 1,1145.2968645763842,140.52032562751268
Sample 1,1146.697798532355,140.57188176497863
Sample 1,1148.0987324883254,140.6281386421488
Sample 1,1149.499666444296,140.68948211348922
Sample 1,1150.9006004002667,140.75632547250757
Sample 1,1152.3015343562374,140.8291110072402
Sample 1,1153.702468312208,140.90831160854637
Sample 1,1155.1034022681788,140.99443242977307
Sample 1,1156.5043362241495,141.08801259596996
Sample 1,1157.9052701801202,141.18962696042476
Sample 1,1159.3062041360909,141.2998879058523
Sample 1,1160.7071380920613,141.4194471871064
Sample 1,1162.108072048032,141.54899781179367
Sample 1,1163.5090060040027,141.68927595465053
Sample 1,1164.9099399599731,141.84106290100473
Sample 1,1166.3108739159438,142.00518701407398
Sample 1,1167.7118078719145,142.18252572026552
Sample 1,1169.1127418278852,142.37400750602885
Sample 1,1170.513675783856,142.5806139191823
Sample 1,1171.9146097398266,142.80338156698406
Sample 1,1173.3155436957973,143.04340410255335
Sample 1,1174.716477651768,143.30183419057025
Sample 1,1176.1174116077386,143.57988544249298
Sample 1,1177.518345563709,143.8788343108384
Sample 1,1178.9192795196798,144.20002193137327
Sample 1,1180.3202134756505,144.54485590136719
Sample 1,1181.721147431621,144.9148119813676
Sample 1,1183.1220813875916,145.31143570727622
Sample 1,1184.5230153435623,145.7363438988383
Sample 1,1185.923949299533,146.19122605001377
Sample 1,1187.3248832555037,146.6778455860758
Sample 1,1188.7258172114744,147.19804097169646
Sample 1,1190.126751167445,147.7537266537274
Sample 1,1191.5276851234157,148.34689382187733
Sample 1,1192.9286190793864,148.97961097003312
Sample 1,1194.3295530353569,149.65402424057234
Sample 1,1195.7304869913276,150.3723575336818
Sample 1,1197.1314209472982,151.1369123634328
Sample 1,1198.5323549032687,151.95006744218176
Sample 1,1199.9332888592394,152.81427797476394
Sample 1,1201.33422281521,153.73207464393994
Sample 1,1202.7351567711808,154.7060622686517
Sample 1,1204.1360907271514,155.73891811683743
Sample 1,1205.5370246831221,156.83338985486887
Sample 1,1206.9379586390928,157.99229311610193
Sample 1,1208.3388925950635,159.21850867158577
Sample 1,1209.739826551034,160.5149791866578
Sample 1,1211.1407605070046,161.88470554797243
Sample 1,1212.5416944629753,163.3307427464632
Sample 1,1213.9426284189458,164.85619530284566
Sample 1,1215.3435623749165,166.4642122235094
Sample 1,1216.7444963308872,168.15798147603917
Sample 1,1218.1454302868578,169.94072397515887
Sample 1,1219.5463642428285,171.81568707157572
Sample 1,1220.9472981987992,173.78613753805254
Sample 1,1222.34823215477,175.8553540490255
Sample 1,1223.7491661107406,178.0266191522244
Sample 1,1225.1501000667113,180.30321073303148
Sample 1,1226.5510340226817,182.68839297473235
Sample 1,1227.9519679786524,185.18540682036388
Sample 1,1229.352901934623,187.7974599445283
Sample 1,1230.7538358905936,190.5277162463425
Sample 1,1232.1547698465642,193.3792848775752
Sample 1,1233.555703802535,196.3552088230094
Sample 1,1234.9566377585056,199.45845305315004
Sample 1,1236.3575717144763,202.69189227251698
Sample 1,1237.758505670447,206.05829828996409
Sample 1,1239.1594396264177,209.56032704068727
Sample 1,1240.5603735823884,213.2005052928314
Sample 1,1241.961307538359,216.9812170748538
Sample 1,1243.3622414943295,220.90468986302938
Sample 1,1244.7631754503002,224.97298057167936
Sample 1,1246.1641094062709,229.1879613918209
Sample 1,1247.5650433622413,233.55130552700814
Sample 1,1248.965977318212,238.06447287806262
Sample 1,1250.3669112741827,242.7286957312083
Sample 1,1251.7678452301534,247.54496450681646
Sample 1,1253.168779186124,252.51401362843708
Sample 1,1254.5697131420948,257.63630757410675
Sample 1,1255.9706470980655,262.9120271739997
Sample 1,1257.3715810540361,268.3410562203238
Sample 1,1258.7725150100066,273.92296845693676
Sample 1,1260.1734489659773,279.65701501744866
Sample 1,1261.574382921948,285.54211238153863
Sample 1,1262.9753168779184,291.5768309198968
Sample 1,1264.3762508338891,297.75938409848294
Sample 1,1265.7771847898598,304.0876184127455
Sample 1,1267.1781187458305,310.5590041220362
Sample 1,1268.5790527018012,317.1706268536093
Sample 1,1269.9799866577719,323.91918014439096
Sample 1,1271.3809206137425,330.80095898707464
Sample 1,1272.7818545697132,337.8118544450492
Sample 1,1274.182788525684,344.9473493982048
Sample 1,1275.5837224816544,352.2025154787735
Sample 1,1276.984656437625,359.57201125306244
Sample 1,1278.3855903935957,367.05008170118947
Sample 1,1279.7865243495662,374.63055904283954
Sample 1,1281.187458305537,382.3068649524936
Sample 1,1282.5883922615076,390.07201420266415
Sample 1,1283.9893262174783,397.9186197684162
Sample 1,1285.390260173449,405.8388994207683
Sample 1,1286.7911941294196,413.8246838306251
Sample 1,1288.1921280853903,421.86742619860735
Sample 1,1289.593062041361,429.95821341959146
Sample 1,1290.9939959973317,438.0877787839706
Sample 1,1292.3949299533022,446.24651621063083
Sample 1,1293.7958639092728,454.4244959994507
Sample 1,1295.1967978652435,462.6114820837642
Sample 1,1296.597731821214,470.79695075583487
Sample 1,1297.9986657771847,478.97011083084584
Sample 1,1299.3995997331554,487.1199252073918
Sample 1,1300.800533689126,495.2351337749994
Sample 1,1302.2014676450967,503.3042776117284
Sample 1,1303.6024016010674,511.3157244076291
Sample 1,1305.003335557038,519.2576950426658
Sample 1,1306.4042695130088,527.1182912407835
Sample 1,1307.8052034689795,534.8855242151011
Sample 1,1309.20613742495,542.5473442128299
Sample 1,1310.6070713809206,550.0916708624709
Sample 1,1312.008005336891,557.5064242201663
Sample 1,1313.4089392928618,564.7795564068915
Sample 1,1314.8098732488324,571.8990837233398
Sample 1,1316.2108072048031,578.8531191251586
Sample 1,1317.6117411607738,585.6299049374182
Sample 1,1319.0126751167445,592.2178456840622
Sample 1,1320.4136090727152,598.6055409055242
Sample 1,1321.8145430286859,604.7818178357577
Sample 1,1323.2154769846566,610.7357638086403
Sample 1,1324.616410940627,616.456758263071
Sample 1,1326.0173448965977,621.9345042161412
Sample 1,1327.4182788525684,627.1590590744648
Sample 1,1328.8192128085389,632.1208646551969
Sample 1,1330.2201467645095,636.8107762903629
Sample 1,1331.6210807204802,641.2200908908992
Sample 1,1333.022014676451,645.3405738503128
Sample 1,1334.4229486324216,649.1644846719598
Sample 1,1335.8238825883923,652.6846012087495
Sample 1,1337.224816544363,655.8942424094727
Sample 1,1338.6257505003337,658.7872894719596
Sample 1,1340.0266844563043,661.3582053098427
Sample 1,1341.4276184122748,663.6020522468056
Sample 1,1342.8285523682455,665.5145078598053
Sample 1,1344.2294863242162,667.0918789008032
Sample 1,1345.6304202801866,668.3311132350228
Sample 1,1347.0313542361573,669.2298097425775
Sample 1,1348.432288192128,669.7862261394565
Sample 1,1349.8332221480987,669.9992846832766
Sample 1,1351.2341561040694,669.8685757388184
Sample 1,1352.63509006004,669.3943591881377
Sample 1,1354.0360240160107,668.5775636799189
Sample 1,1355.4369579719814,667.419783722634
Sample 1,1356.8378919279521,665.9232746359744
Sample 1,1358.2388258839226,664.0909453848315
Sample 1,1359.6397598398933,661.9263493297913
Sample 1,1361.040693795864,659.4336729376106
Sample 1,1362.4416277518344,656.6177225043929
Sample 1,1363.842561707805,653.4839089531529
Sample 1,1365.2434956637758,650.0382307760864
Sample 1,1366.6444296197465,646.2872552000696
Sample 1,1368.0453635757171,642.2380976617258
Sample 1,1369.4462975316878,637.8983996856967
Sample 1,1370.8472314876585,633.2763052665475
Sample 1,1372.2481654436292,628.3804358609743
Sample 1,1373.6490993995997,623.2198641026367
Sample 1,1375.0500333555703,617.8040863569639
Sample 1,1376.450967311541,612.142994237703
Sample 1,1377.8519012675115,606.2468452106941
Sample 1,1379.2528352234822,600.1262324134435
Sample 1,1380.6537691794529,593.7920538214607
Sample 1,1382.0547031354236,587.2554808939943
Sample 1,1383.4556370913942,580.5279268328379
Sample 1,1384.856571047365,573.6210145881766
Sample 1,1386.2575050033356,566.5465447450858
Sample 1,1387.6584389593063,559.3164634232506
Sample 1,1389.059372915277,551.9428303207869
Sample 1,1390.4603068712474,544.4377870306971
Sample 1,1391.8612408272181,536.8135257555483
Sample 1,1393.2621747831888,529.0822585424243
Sample 1,1394.6631087391593,521.2561871560576
Sample 1,1396.06404269513,513.3474737034383
Sample 1,1397.4649766511006,505.3682121180426
Sample 1,1398.8659106070713,497.3304006061873
Sample 1,1400.266844563042,489.2459151520131
Sample 1,1401.6677785190127,481.1264841711505
Sample 1,1403.0687124749834,472.983664396354
Sample 1,1404.469646430954,464.8288180713069
Sample 1,1405.8705803869248,456.67309152145407
Sample 1,1407.2715143428952,448.52739516314915
Sample 1,1408.672448298866,440.40238500464733
Sample 1,1410.0733822548366,432.30844568461026
Sample 1,1411.474316210807,424.25567508576455
Sample 1,1412.8752501667777,416.2538705533495
Sample 1,1414.2761841227484,408.3125167399312
Sample 1,1415.677118078719,400.4407750900932
Sample 1,1417.0780520346898,392.647474970578
Sample 1,1418.4789859906605,384.94110644354765
Sample 1,1419.8799199466312,377.32981467288886
Sample 1,1421.2808539026018,369.8213959458919
Sample 1,1422.6817878585723,362.42329528523084
Sample 1,1424.082721814543,355.142605618981
Sample 1,1425.4836557705137,347.986068469489
Sample 1,1426.8845897264844,340.960076115194
Sample 1,1428.285523682455,334.0706751731544
Sample 1,1429.6864576384255,327.32357154392537
Sample 1,1431.0873915943962,320.7241366546819
Sample 1,1432.4883255503669,314.27741493108334
Sample 1,1433.8892595063376,307.98813242327765
Sample 1,1435.2901934623083,301.8607065067815
Sample 1,1436.691127418279,295.89925657462936
Sample 1,1438.0920613742494,290.1076156332513
Sample 1,1439.49299533022,284.48934271098796
Sample 1,1440.8939292861908,279.04773598501555
Sample 1,1442.2948632421615,273.78584652967567
Sample 1,1443.6957971981321,268.70649258689235
Sample 1,1445.0967311541028,263.8122742574054
Sample 1,1446.4976651100733,259.1055885100345
Sample 1,1447.898599066044,254.58864440507537
Sample 1,1449.2995330220147,250.26347842724877
Sample 1,1450.7004669779853,246.13196982332508
Sample 1,1452.101400933956,242.1958558397133
Sample 1,1453.5023348899265,238.45674675585207
Sample 1,1454.9032688458972,234.91614061022278
Sample 1,1456.3042028018679,231.57543751722227
Sample 1,1457.7051367578385,228.43595347493786
Sample 1,1459.1060707138092,225.49893356614024
Sample 1,1460.50700466978,222.7655644574713
Sample 1,1461.9079386257504,220.2369861049112
Sample 1,1463.308872581721,217.9143025771292
Sample 1,1464.7098065376917,215.79859191228545
Sample 1,1466.1107404936624,213.89091492821248
Sample 1,1467.5116744496331,212.192322910719
Sample 1,1468.9126084056038,210.7038641099736
Sample 1,1470.3135423615743,209.42658898056618
Sample 1,1471.714476317545,208.36155410689742
Sample 1,1473.1154102735156,207.50982476200912
Sample 1,1474.5163442294863,206.87247605481673
Sample 1,1475.917278185457,206.45059262796002
Sample 1,1477.3182121414277,206.2452668760991
Sample 1,1478.7191460973982,206.25759566246555
Sample 1,1480.1200800533688,206.4886755197951
Sample 1,1481.5210140093395,206.93959633040612
Sample 1,1482.9219479653102,207.61143348912083
Sample 1,1484.322881921281,208.50523856192083
Sample 1,1485.7238158772516,209.6220284626607
Sample 1,1487.124749833222,210.96277317978982
Sample 1,1488.5256837891927,212.528382094818
Sample 1,1489.9266177451634,214.319688944155
Sample 1,1491.327551701134,216.3374354859244
Sample 1,1492.7284856571048,218.58225394332294
Sample 1,1494.1294196130755,221.0546483060374
Sample 1,1495.530353569046,223.75497458106284
Sample 1,1496.9312875250166,226.68342009394468
Sample 1,1498.3322214809873,229.8399819508997
Sample 1,1499.733155436958,233.22444478143507
Sample 1,1501.1340893929287,236.8363578898489
Sample 1,1502.5350233488994,240.67501195234559
Sample 1,1503.9359573048698,244.73941540432278
Sample 1,1505.3368912608405,249.02827066963044
Sample 1,1506.7378252168112,253.53995039016664
Sample 1,1508.1387591727819,258.27247382003594
Sample 1,1509.5396931287526,263.22348355350806
Sample 1,1510.940627084723,268.39022276017465
Sample 1,1512.3415610406937,273.76951310391104
Sample 1,1513.7424949966644,279.3577335244239
Sample 1,1515.143428952635,285.1508000613155
Sample 1,1516.5443629086058,291.1441469005641
Sample 1,1517.9452968645764,297.3327088221579
Sample 1,1519.346230820547,303.71090522521996
Sample 1,1520.7471647765176,310.27262590332936
Sample 1,1522.1480987324883,317.01121873780465
Sample 1,1523.549032688459,323.91947947054655
Sample 1,1524.9499666444297,330.9896437104978
Sample 1,1526.3509006004003,338.2133813190019
Sample 1,1527.7518345563708,345.5817933092618
Sample 1,1529.1527685123415,353.08541138377745
Sample 1,1530.5537024683122,360.7142002210699
Sample 1,1531.9546364242829,368.4575626093314
Sample 1,1533.3555703802535,376.30434750976747
Sample 1,1534.7565043362242,384.2428611165693
Sample 1,1536.1574382921947,392.26088096362105
Sample 1,1537.5583722481654,400.3456731103778
Sample 1,1538.959306204136,408.48401242089164
Sample 1,1540.3602401601067,416.66220593091623
Sample 1,1541.7611741160774,424.86611927837976
Sample 1,1543.162108072048,433.0812061525469
Sample 1,1544.5630420280186,441.29254069693513
Sample 1,1545.9639759839893,449.4848527807169
Sample 1,1547.36490993996,457.64256603300544
Sample 1,1548.7658438959306,465.74983851436906
Sample 1,1550.1667778519013,473.79060588012953
Sample 1,1551.567711807872,481.74862687080645
Sample 1,1552.9686457638425,489.6075309465091
Sample 1,1554.3695797198131,497.3508678643808
Sample 1,1555.7705136757838,504.96215898144806
Sample 1,1557.1714476317545,512.424950049695
Sample 1,1558.5723815877252,519.7228652558376
Sample 1,1559.9733155436957,526.83966224542
Sample 1,1561.3742494996663,533.759287859526
Sample 1,1562.775183455637,540.4659343027099
Sample 1,1564.1761174116077,546.9440954528886
Sample 1,1565.5770513675784,553.1786230178697
Sample 1,1566.977985323549,559.1547822391094
Sample 1,1568.3789192795196,564.8583068411986
Sample 1,1569.7798532354902,570.2754529255322
Sample 1,1571.180787191461,575.3930515086397
Sample 1,1572.5817211474316,580.1985594098074
Sample 1,1573.9826551034023,584.6801081988159
Sample 1,1575.383589059373,588.8265509229126
Sample 1,1576.7845230153434,592.6275063424441
Sample 1,1578.1854569713141,596.0734004168592
Sample 1,1579.5863909272848,599.155504796946
Sample 1,1580.9873248832555,601.8659720951716
Sample 1,1582.3882588392262,604.1978677236275
Sample 1,1583.7891927951969,606.1451981083471
Sample 1,1585.1901267511673,607.7029351094207
Sample 1,1586.591060707138,608.8670364982912
Sample 1,1587.9919946631087,609.634462366691
Sample 1,1589.3929286190794,610.0031873656993
Sample 1,1590.79386257505,609.9722086981945
Sample 1,1592.1947965310208,609.5415498133382
Sample 1,1593.5957304869912,608.7122597774878
Sample 1,1594.996664442962,607.4864083218707
Sample 1,1596.3975983989326,605.8670765932866
Sample 1,1597.7985323549033,603.8583436598246
Sample 1,1599.199466310874,601.4652688488961
Sample 1,1600.6004002668446,598.6938700196013
Sample 1,1602.001334222815,595.5510978953772
Sample 1,1603.4022681787858,592.0448066058359
Sample 1,1604.8032021347565,588.1837206085399
Sample 1,1606.2041360907272,583.9773981819749
Sample 1,1607.6050700466978,579.436191700083
Sample 1,1609.0060040026685,574.571204916218
Sample 1,1610.406937958639,569.3942475001896
Sample 1,1611.8078719146097,563.917787086062
Sample 1,1613.2088058705804,558.1548991004935
Sample 1,1614.609739826551,552.1192146515153
Sample 1,1616.0106737825217,545.8248667657979
Sample 1,1617.4116077384922,539.2864352684962
Sample 1,1618.8125416944629,532.5188906037561
Sample 1,1620.2134756504336,525.5375368958895
Sample 1,1621.6144096064043,518.3579545510447
Sample 1,1623.015343562375,510.9959426970531
Sample 1,1624.4162775183456,503.4674617549631
Sample 1,1625.817211474316,495.78857642971377
Sample 1,1627.2181454302868,487.9753993995017
Sample 1,1628.6190793862575,480.04403597378985
Sample 1,1630.0200133422281,472.01052997861314
Sample 1,1631.4209472981988,463.890811115116
Sample 1,1632.8218812541695,455.70064402309134
Sample 1,1634.22281521014,447.4555792659197
Sample 1,1635.6237491661107,439.1709064368235
Sample 1,1637.0246831220813,430.86160956895895
Sample 1,1638.425617078052,422.542325013613
Sample 1,1639.8265510340227,414.2273019319846
Sample 1,1641.2274849899934,405.9303655266884
Sample 1,1642.6284189459639,397.6648831195115
Sample 1,1644.0293529019345,389.4437331621622
Sample 1,1645.4302868579052,381.27927724700197
Sample 1,1646.831220813876,373.1833351650718
Sample 1,1648.2321547698466,365.1671630394321
Sample 1,1649.6330887258173,357.2414345428946
Sample 1,1651.0340226817877,349.41622519087923
Sample 1,1652.4349566377584,341.7009996824436
Sample 1,1653.8358905937291,334.1046022456602
Sample 1,1655.2368245496998,326.63524992747523
Sample 1,1656.6377585056705,319.3005287531881
Sample 1,1658.0386924616412,312.1073926666942
Sample 1,1659.4396264176116,305.0621651497798
Sample 1,1660.8405603735823,298.17054340706443
Sample 1,1662.241494329553,291.43760499274026
Sample 1,1663.6424282855237,284.86781674599007
Sample 1,1665.0433622414944,278.4650458940468
Sample 1,1666.444296197465,272.23257317514185
Sample 1,1667.8452301534355,266.17310782817896
Sample 1,1669.2461641094062,260.2888042917919
Sample 1,1670.647098065377,254.58128045253605
Sample 1,1672.0480320213476,249.05163728018087
Sample 1,1673.4489659773183,243.70047968753386
Sample 1,1674.8498999332887,238.52793845272512
Sample 1,1676.2508338892594,233.53369304346361
Sample 1,1677.65176784523,228.71699518535914
Sample 1,1679.0527018012008,224.07669301986323
Sample 1,1680.4536357571715,219.61125570175344
Sample 1,1681.8545697131422,215.3187982911793
Sample 1,1683.2555036691126,211.19710680111237
Sample 1,1684.6564376250833,207.24366326746534
Sample 1,1686.057371581054,203.45567071612825
Sample 1,1687.4583055370247,199.83007790857548
Sample 1,1688.8592394929954,196.36360375551922
Sample 1,1690.260173448966,193.05276129617639
Sample 1,1691.6611074049365,189.89388114904008
Sample 1,1693.0620413609072,186.8831343485147
Sample 1,1694.4629753168779,184.01655449032555
Sample 1,1695.8639092728486,181.29005911715225
Sample 1,1697.2648432288192,178.69947028444398
Sample 1,1698.66577718479,176.24053425474682
Sample 1,1700.0667111407604,173.9089402770844
Sample 1,1701.467645096731,171.7003384159159
Sample 1,1702.8685790527018,169.61035640192284
Sample 1,1704.2695130086724,167.63461548427705
Sample 1,1705.6704469646431,165.7687452711207
Sample 1,1707.0713809206138,164.00839755168272
Sample 1,1708.4723148765843,162.34925909975325
Sample 1,1709.873248832555,160.78706346411855
Sample 1,1711.2741827885256,159.31760175700956
Sample 1,1712.6751167444963,157.93673245661108
Sample 1,1714.076050700467,156.64039024423798
Sample 1,1715.4769846564377,155.42459390087856
Sample 1,1716.8779186124082,154.2854532914524
Sample 1,1718.2788525683789,153.21917546832896
Sample 1,1719.6797865243495,152.2220699284186
Sample 1,1721.0807204803202,151.29055306047687
Sample 1,1722.481654436291,150.42115182119178
Sample 1,1723.8825883922616,149.61050668014664
Sample 1,1725.283522348232,148.8553738749018
Sample 1,1726.6844563042027,148.15262701823013
Sample 1,1728.0853902601734,147.49925809999735
Sample 1,1729.486324216144,146.89237792631934
Sample 1,1730.8872581721148,146.3292160384835
Sample 1,1732.2881921280853,145.807120153707
Sample 1,1733.689126084056,145.32355516914942
Sample 1,1735.0900600400266,144.87610176972734
Sample 1,1736.4909939959973,144.46245467920986
Sample 1,1737.891927951968,144.08042059284134
Sample 1,1739.2928619079387,143.72791582835566
Sample 1,1740.6937958639091,143.4029637307394
Sample 1,1742.0947298198798,143.10369186449353
Sample 1,1743.4956637758505,142.8283290254539
Sample 1,1744.8965977318212,142.57520210247472
Sample 1,1746.297531687792,142.34273281748483
Sample 1,1747.6984656437626,142.1294343705987
Sample 1,1749.099399599733,141.93390801513013
Sample 1,1750.5003335557037,141.75483958552036
Sample 1,1751.9012675116744,141.59099599937633
Sample 1,1753.302201467645,141.44122175302422
Sample 1,1754.7031354236158,141.30443542823147
Sample 1,1756.1040693795865,141.17962622604716
Sample 1,1757.505003335557,141.06585054206184
Sample 1,1758.9059372915276,140.96222859580186
Sample 1,1760.3068712474983,140.86794112545562
Sample 1,1761.707805203469,140.7822261576835
Sample 1,1763.1087391594397,140.70437586089517
Sample 1,1764.5096731154104,140.63373348908578
Sample 1,1765.9106070713808,140.5696904221156
Sample 1,1767.3115410273515,140.51168330718625
Sample 1,1768.7124749833222,140.4591913052228
Sample 1,1770.1134089392929,140.4117334449028
Sample 1,1771.5143428952636,140.36886608618872
Sample 1,1772.9152768512342,140.3301804944124
Sample 1,1774.3162108072047,140.29530052522762
Sample 1,1775.7171447631754,140.26388042009057
Sample 1,1777.118078719146,140.2356027113382
Sample 1,1778.5190126751168,140.21017623541718
Sample 1,1779.9199466310874,140.18733425235877
Sample 1,1781.320880587058,140.1668326692013
Sample 1,1782.7218145430286,140.1484483647243
Sample 1,1784.1227484989993,140.1319776125728
Sample 1,1785.52368245497,140.1172345996187
Sample 1,1786.9246164109406,140.10405003621418
Sample 1,1788.3255503669113,140.09226985484906
Sample 1,1789.7264843228818,140.08175399361528
Sample 1,1791.1274182788525,140.07237526080957
Sample 1,1792.5283522348232,140.06401827696533
Sample 1,1793.9292861907938,140.05657849059313
Sample 1,1795.3302201467645,140.0499612639224
Sample 1,1796.7311541027352,140.04408102497314
Sample 1,1798.1320880587057,140.03886048234244
Sample 1,1799.5330220146764,140.03422989916214
Sample 1,1800.933955970647,140.03012642277272
Sample 1,1802.3348899266177,140.02649346675605
Sample 1,1803.7358238825884,140.02328014208004
Sample 1,1805.136757838559,140.02044073422564
Sample 1,1806.5376917945296,140.01793422329013
Sample 1,1807.9386257505003,140.01572384418978
Sample 1,1809.339559706471,140.01377668421586
Sample 1,1810.7404936624416,140.01206331533388
Sample 1,1812.1414276184123,140.0105574587484
Sample 1,1813.542361574383,140.00923567939236
Sample 1,1814.9432955303535,140.0080771081323
Sample 1,1816.3442294863241,140.0070631896138
Sample 1,1817.7451634422948,140.00617745379958
Sample 1,1819.1460973982655,140.00540530938122
Sample 1,1820.5470313542362,140.00473385736612
Sample 1,1821.9479653102069,140.00415172326365
Sample 1,1823.3488992661773,140.00364890640694
Sample 1,1824.749833222148,140.00321664506092
Sample 1,1826.1507671781187,140.00284729607176
Sample 1,1827.5517011340894,140.00253422791667
Sample 1,1828.95263509006,140.0022717261116
Sample 1,1830.3535690460308,140.0020549100269
Sample 1,1831.7545030020012,140.00187966025157
Sample 1,1833.155436957972,140.00174255573145
Sample 1,1834.5563709139426,140.00164081998827
Sample 1,1835.9573048699133,140.0015722758035
Sample 1,1837.358238825884,140.00153530782427
Sample 1,1838.7591727818544,140.00152883261885
Sample 1,1840.1601067378251,140.0015522757754
Sample 1,1841.5610406937958,140.00160555570073
Sample 1,1842.9619746497665,140.00168907383613
Sample 1,1844.3629086057372,140.00180371106484
Sample 1,1845.7638425617079,140.00195083013975
Sample 1,1847.1647765176783,140.00213228401242
Sample 1,1848.565710473649,140.00235042999438
Sample 1,1849.9666444296197,140.0026081497289
Sample 1,1851.3675783855904,140.00290887499725
Sample 1,1852.768512341561,140.00325661942676
Sample 1,1854.1694462975317,140.0036560162107
Sample 1,1855.5703802535022,140.00411236198872
Sample 1,1856.971314209473,140.00463166707644
Sample 1,1858.3722481654436,140.0052207122688
Sample 1,1859.7731821214143,140.00588711247724
Sample 1,1861.174116077385,140.00663938749494
Sample 1,1862.5750500333556,140.00748704021558
Sample 1,1863.975983989326,140.00844064266244
Sample 1,1865.3769179452968,140.00951193021265
Sample 1,1866.7778519012675,140.01071390442863
Sample 1,1868.1787858572382,140.0120609449333
Sample 1,1869.5797198132088,140.01356893078895
Sample 1,1870.9806537691795,140.01525537185915
Sample 1,1872.38158772515,140.01713955065125
Sample 1,1873.7825216811207,140.01924267515258
Sample 1,1875.1834556370914,140.0215880431841
Sample 1,1876.584389593062,140.0242012188048
Sample 1,1877.9853235490327,140.02711022130424
Sample 1,1879.3862575050034,140.03034572732156
Sample 1,1880.7871914609739,140.03394128662532
Sample 1,1882.1881254169446,140.03793355207966
Sample 1,1883.5890593729152,140.04236252430837
Sample 1,1884.989993328886,140.0472718115489
Sample 1,1886.3909272848566,140.05270890516178
Sample 1,1887.7918612408273,140.0587254712287
Sample 1,1889.1927951967978,140.0653776586325
Sample 1,1890.5937291527684,140.07272642396472
Sample 1,1891.9946631087391,140.08083787355116
Sample 1,1893.3955970647098,140.08978362282164
Sample 1,1894.7965310206805,140.09964117317637
Sample 1,1896.197464976651,140.1104943064199
Sample 1,1897.5983989326216,140.12243349673972
Sample 1,1898.9993328885923,140.13555634010507
Sample 1,1900.400266844563,140.14996800084697
Sample 1,1901.8012008005337,140.16578167505688
Sample 1,1903.2021347565044,140.1831190703057
Sample 1,1904.6030687124749,140.20211090103805
Sample 1,1906.0040026684455,140.222897398838
Sample 1,1907.4049366244162,140.24562883659405
Sample 1,1908.805870580387,140.27046606540833
Sample 1,1910.2068045363576,140.29758106290421
Sample 1,1911.6077384923283,140.32715749138234
Sample 1,1913.0086724482987,140.3593912640614
Sample 1,1914.4096064042694,140.39449111741698
Sample 1,1915.81054036024,140.43267918739696
Sample 1,1917.2114743162108,140.4741915870521
Sample 1,1918.6124082721815,140.51927898286937
Sample 1,1920.0133422281522,140.56820716684044
Sample 1,1921.4142761841226,140.62125762103656
Sample 1,1922.8152101400933,140.67872807119548
Sample 1,1924.216144096064,140.74093302555895
Sample 1,1925.6170780520347,140.8082042949316
Sample 1,1927.0180120080054,140.88089148966566
Sample 1,1928.418945963976,140.95936248901208
Sample 1,1929.8198799199465,141.0440038780235
Sample 1,1931.2208138759172,141.13522134694333
Sample 1,1932.621747831888,141.23344004777923
Sample 1,1934.0226817878586,141.33910490253328
Sample 1,1935.4236157438293,141.45268085735333
Sample 1,1936.8245496998,141.57465307668247
Sample 1,1938.2254836557704,141.70552707131463
Sample 1,1939.626417611741,141.84582875412627
Sample 1,1941.0273515677118,141.99610441713992
Sample 1,1942.4282855236825,142.15692062349711
Sample 1,1943.8292194796531,142.32886400787189
Sample 1,1945.2301534356236,142.5125409788513
Sample 1,1946.6310873915943,142.70857731684436
Sample 1,1948.032021347565,142.91761766116116
Sample 1,1949.4329553035357,143.14032488003278
Sample 1,1950.8338892595063,143.37737931752122
Sample 1,1952.234823215477,143.6294779115014
Sample 1,1953.6357571714475,143.89733317718492
Sample 1,1955.0366911274182,144.18167205100275
Sample 1,1956.4376250833889,144.4832345900682
Sample 1,1957.8385590393596,144.80277252291123
Sample 1,1959.2394929953302,145.14104764770346
Sample 1,1960.640426951301,145.4988300747874
Sample 1,1962.0413609072714,145.87689631097916
Sample 1,1963.442294863242,146.27602718383523
Sample 1,1964.8432288192128,146.69700560485427
Sample 1,1966.2441627751834,147.14061417143043
Sample 1,1967.6450967311541,147.60763260827522
Sample 1,1969.0460306871248,148.09883504998552
Sample 1,1970.4469646430953,148.61498716744717
Sample 1,1971.847898599066,149.15684314182627
Sample 1,1973.2488325550366,149.72514249100675
Sample 1,1974.6497665110073,150.32060675448133
Sample 1,1976.050700466978,150.9439360438837
Sample 1,1977.4516344229487,151.5958054675591
Sample 1,1978.8525683789192,152.2768614388008
Sample 1,1980.2535023348898,152.98771787862347
Sample 1,1981.6544362908605,153.72895232519
Sample 1,1983.0553702468312,154.5011019632565
Sample 1,1984.456304202802,155.3046595882268
Sample 1,1985.8572381587726,156.14006952061692
Sample 1,1987.258172114743,157.007723487906
Sample 1,1988.6591060707137,157.90795649187962
Sample 1,1990.0600400266844,158.8410426806481
Sample 1,1991.460973982655,159.80719124553832
Sample 1,1992.8619079386258,160.80654236398985
Sample 1,1994.2628418945965,161.8391632104393
Sample 1,1995.663775850567,162.90504405792802
Sample 1,1997.0647098065376,164.0040944938167
Sample 1,1998.4656437625083,165.13613977351136
Sample 1,1999.866577718479,166.30091733651486
Sample 1,2001.2675116744497,167.49807350937198
Sample 1,2002.6684456304201,168.72716042020008
Sample 1,2004.0693795863908,169.9876331494619
Sample 1,2005.4703135423615,171.27884714143767
Sample 1,2006.8712474983322,172.60005590050162
Sample 1,2008.2721814543029,173.95040899576918
Sample 1,2009.6731154102736,175.32895039697988
Sample 1,2011.074049366244,176.7346171635971
Sample 1,2012.4749833222147,178.16623850804763
Sample 1,2013.8759172781854,179.6225352527808
Sample 1,2015.276851234156,181.10211969942034
Sample 1,2016.6777851901268,182.60349592668697
Sample 1,2018.0787191460975,184.1250605320184
Sample 1,2019.479653102068,185.66510382989304
Sample 1,2020.8805870580386,187.22181151779301
Sample 1,2022.2815210140093,188.7932668185174
Sample 1,2023.68245496998,190.3774531052132
Sample 1,2025.0833889259507,191.97225701300496
Sample 1,2026.4843228819213,193.57547203852565
Sample 1,2027.8852568378918,195.18480262596853
Sample 1,2029.2861907938625,196.79786873552462
Sample 1,2030.6871247498332,198.4122108872461
Sample 1,2032.0880587058039,200.0252956705241
Sample 1,2033.4889926617745,201.63452170647537
Sample 1,2034.8899266177452,203.23722604764927
Sample 1,2036.2908605737157,204.830690996595
Sample 1,2037.6917945296864,206.41215132199613
Sample 1,2039.092728485657,207.97880184830288
Sample 1,2040.4936624416277,209.52780539210752
Sample 1,2041.8945963975984,211.05630101591015
Sample 1,2043.2955303535691,212.56141256745948
Sample 1,2044.6964643095396,214.0402574705289
Sample 1,2046.0973982655103,215.48995573082914
Sample 1,2047.498332221481,216.90763911877855
Sample 1,2048.899266177452,218.29046048908276
Sample 1,2050.3002001334225,219.63560319550913
Sample 1,2051.7011340893932,220.94029055792348
Sample 1,2053.1020680453635,222.20179533757073
Sample 1,2054.503002001334,223.41744917577114
Sample 1,2055.903935957305,224.58465195064161
Sample 1,2057.3048699132755,225.70088100619637
Sample 1,2058.705803869246,226.7637002081787
Sample 1,2060.1067378252164,227.77076878128662
Sample 1,2061.507671781187,228.71984988304519
Sample 1,2062.908605737158,229.60881887045628
Sample 1,2064.3095396931285,230.43567121673664
Sample 1,2065.710473649099,231.19853003689832
Sample 1,2067.11140760507,231.89565318266077
Sample 1,2068.5123415610406,232.52543986917783
Sample 1,2069.9132755170112,233.08643679831292
Sample 1,2071.314209472982,233.57734374568838
Sample 1,2072.7151434289526,233.99701858145085
Sample 1,2074.1160773849233,234.34448169761993
Sample 1,2075.517011340894,234.6189198180012
Sample 1,2076.9179452968647,234.8196891699244
Sample 1,2078.3188792528354,234.94631800049422
Sample 1,2079.719813208806,234.99850842358836
Sample 1,2081.1207471647767,234.97613758748184
Sample 1,2082.5216811207474,234.8792581566912
Sample 1,2083.922615076718,234.70809810539424
Sample 1,2085.3235490326883,234.46305982355906
Sample 1,2086.724482988659,234.14471854068725
Sample 1,2088.1254169446297,233.75382007581513
Sample 1,2089.5263509006004,233.29127792608875
Sample 1,2090.927284856571,232.75816970982123
Sample 1,2092.3282188125418,232.15573298341624
Sample 1,2093.729152768512,231.48536045488373
Sample 1,2095.1300867244827,230.74859461985596
Sample 1,2096.5310206804534,229.9471218490181
Sample 1,2097.931954636424,229.08276595866357
Sample 1,2099.3328885923947,228.15748129867458
Sample 1,2100.7338225483654,227.1733453945733
Sample 1,2102.134756504336,226.13255118238914
Sample 1,2103.535690460307,225.037398876925
Sample 1,2104.9366244162775,223.89028751556896
Sample 1,2106.337558372248,222.6937062210837
Sample 1,2107.738492328219,221.45022522780258
Sample 1,2109.1394262841895,220.16248671637072
Sample 1,2110.54036024016,218.833195502587
Sample 1,2111.941294196131,217.46510962603014
Sample 1,2113.3422281521016,216.06103088399544
Sample 1,2114.7431621080723,214.6237953558266
Sample 1,2116.144096064043,213.15626396201822
Sample 1,2117.545030020013,211.66131310148592
Sample 1,2118.945963975984,210.14182540917153
Sample 1,2120.3468979319546,208.60068067469282
Sample 1,2121.7478318879253,207.04074696104033
Sample 1,2123.148765843896,205.4648719604411
Sample 1,2124.5496997998666,203.8758746224114
Sample 1,2125.950633755837,202.276537086763
Sample 1,2127.3515677118075,200.66959695191252
Sample 1,2128.7525016677782,199.05773990630996
Sample 1,2130.153435623749,197.44359274813073
Sample 1,2131.5543695797196,195.82971681565007
Sample 1,2132.9553035356903,194.21860184789577
Sample 1,2134.356237491661,192.61266029232155
Sample 1,2135.7571714476317,191.01422207335781
Sample 1,2137.1581054036023,189.42552983280987
Sample 1,2138.559039359573,187.84873465019894
Sample 1,2139.9599733155437,186.28589224830435
Sample 1,2141.3609072715144,184.73895968638118
Sample 1,2142.761841227485,183.20979254081408
Sample 1,2144.162775183456,181.70014257034393
Sample 1,2145.5637091394265,180.21165586048147
Sample 1,2146.964643095397,178.7458714393193
Sample 1,2148.365577051368,177.3042203546782
Sample 1,2149.7665110073385,175.88802520039272
Sample 1,2151.1674449633088,174.49850007755907
Sample 1,2152.5683789192794,173.1367509747438
Sample 1,2153.96931287525,171.80377654950584
Sample 1,2155.370246831221,170.5004692920844
Sample 1,2156.7711807871915,169.2276170508121
Sample 1,2158.172114743162,167.98590489767173
Sample 1,2159.5730486991324,166.7759173114649
Sample 1,2160.973982655103,165.59814065528244
Sample 1,2162.374916611074,164.45296592437305
Sample 1,2163.7758505670445,163.34069174006598
Sample 1,2165.176784523015,162.26152756515614
Sample 1,2166.577718478986,161.21559711605423
Sample 1,2167.9786524349565,160.2029419470651
Sample 1,2169.379586390927,159.22352518236312
Sample 1,2170.780520346898,158.27723537157974
Sample 1,2172.1814543028686,157.3638904453969
Sample 1,2173.5823882588393,156.48324174813783
Sample 1,2174.98332221481,155.6349781250595
Sample 1,2176.3842561707806,154.8187300428623
Sample 1,2177.7851901267513,154.03407372283706
Sample 1,2179.186124082722,153.28053526705182
Sample 1,2180.5870580386927,152.55759475903417
Sample 1,2181.9879919946634,151.86469032151527
Sample 1,2183.3889259506336,151.20122211496113
Sample 1,2184.7898599066043,150.56655626180998
Sample 1,2186.190793862575,149.960028682563
Sample 1,2187.5917278185457,149.3809488311066
Sample 1,2188.9926617745164,148.82860331790033
Sample 1,2190.393595730487,148.30225941090555
Sample 1,2191.7945296864573,147.80116840536795
Sample 1,2193.195463642428,147.32456885478402
Sample 1,2194.5963975983987,146.87168965657878
Sample 1,2195.9973315543693,146.44175298717786
Sample 1,2197.39826551034,146.03397708228647
Sample 1,2198.7991994663107,145.64757885926582
Sample 1,2200.2001334222814,145.28177637953112
Sample 1,2201.601067378252,144.93579114987614
Sample 1,2203.0020013342228,144.6088502625549
Sample 1,2204.4029352901935,144.30018837481865
Sample 1,2205.803869246164,144.00904952941218
Sample 1,2207.204803202135,143.73468881828035
Sample 1,2208.6057371581055,143.4763738924155
Sample 1,2210.006671114076,143.23338632139684
Sample 1,2211.407605070047,143.00502280672723
Sample 1,2212.8085390260176,142.79059625356487
Sample 1,2214.2094729819883,142.58943670587914
Sample 1,2215.610406937959,142.40089215042826
Sample 1,2217.011340893929,142.22432919526906
Sample 1,2218.4122748499,142.05913362876223
Sample 1,2219.8132088058705,141.90471086523857
Sample 1,2221.2141427618412,141.76048628363745
Sample 1,2222.615076717812,141.62590546553008
Sample 1,2224.016010673782,141.5004343389926
Sample 1,2225.416944629753,141.3835592348039
Sample 1,2226.8178785857235,141.27478686141424
Sample 1,2228.218812541694,141.17364420506323
Sample 1,2229.619746497665,141.07967836132775
Sample 1,2231.0206804536356,140.99245630424926
Sample 1,2232.4216144096063,140.91156459903414
Sample 1,2233.822548365577,140.83660906414036
Sample 1,2235.2234823215476,140.76721438836321
Sample 1,2236.6244162775183,140.70302370831365
Sample 1,2238.025350233489,140.64369815145122
Sample 1,2239.4262841894597,140.58891634958704
Sample 1,2240.8272181454304,140.53837392751976
Sample 1,2242.228152101401,140.49178297120517
Sample 1,2243.6290860573718,140.44887147959594
Sample 1,2245.0300200133424,140.40938280401963
Sample 1,2246.430953969313,140.3730750786957
Sample 1,2247.831887925284,140.3397206457261
Sample 1,2249.232821881254,140.30910547763008
Sample 1,2250.6337558372247,140.2810286002375
Sample 1,2252.0346897931954,140.2553015185001
Sample 1,2253.435623749166,140.23174764753722
Sample 1,2254.836557705137,140.21020175099505
Sample 1,2256.2374916611075,140.19050938856972
Sample 1,2257.6384256170777,140.1725263743281
Sample 1,2259.0393595730484,140.15611824725136
Sample 1,2260.440293529019,140.1411597552299
Sample 1,2261.8412274849898,140.12753435355245
Sample 1,2263.2421614409604,140.11513371875745
Sample 1,2264.643095396931,140.10385727855203
Sample 1,2266.044029352902,140.09361175835178
Sample 1,2267.4449633088725,140.08431074485475
Sample 1,2268.845897264843,140.07587426693345
Sample 1,2270.246831220814,140.06822839401045
Sample 1,2271.6477651767846,140.06130485197602
Sample 1,2273.0486991327552,140.05504065660844
Sample 1,2274.449633088726,140.049377764371
Sample 1,2275.8505670446966,140.04426274038138
Sample 1,2277.2515010006673,140.0396464432809
Sample 1,2278.652434956638,140.03548372667078
Sample 1,2280.0533689126087,140.03173315673138
Sample 1,2281.454302868579,140.028356745595
Sample 1,2282.8552368245496,140.02531970000732
Sample 1,2284.2561707805203,140.0225901847806
Sample 1,2285.657104736491,140.0201391005188
Sample 1,2287.0580386924617,140.01793987507557
Sample 1,2288.4589726484323,140.01596826819258
Sample 1,2289.8599066044026,140.0142021887575
Sample 1,2291.2608405603733,140.0126215241162
Sample 1,2292.661774516344,140.0112079808731
Sample 1,2294.0627084723146,140.0099449366165
Sample 1,2295.4636424282853,140.00881730201198
Sample 1,2296.864576384256,140.00781139271484
Sample 1,2298.2655103402267,140.00691481056376
Sample 1,2299.6664442961974,140.0061163335303
Sample 1,2301.067378252168,140.00540581391394
Sample 1,2302.4683122081387,140.00477408428725
Sample 1,2303.8692461641094,140.0042128707133
Sample 1,2305.27018012008,140.00371471277526
Sample 1,2306.671114076051,140.00327288997593
Sample 1,2308.0720480320215,140.00288135408448
Sample 1,2309.472981987992,140.00253466702694
Sample 1,2310.873915943963,140.002227943935
Sample 1,2312.2748498999335,140.001956800989
Sample 1,2313.6757838559042,140.00171730770802
Sample 1,2315.0767178118745,140.00150594336006
Sample 1,2316.477651767845,140.00131955718373
Sample 1,2317.878585723816,140.00115533213037
Sample 1,2319.2795196797865,140.00101075185313
Sample 1,2320.680453635757,140.00088357068753
Sample 1,2322.081387591728,140.0007717863831
Sample 1,2323.482321547698,140.00067361536188
Sample 1,2324.883255503669,140.00058747029578
Sample 1,2326.2841894596395,140.00051193980718
Sample 1,2327.68512341561,140.00044577011295
Sample 1,2329.086057371581,140.00038784844367
Sample 1,2330.4869913275516,140.00033718808308
Sample 1,2331.8879252835222,140.00029291488408
Sample 1,2333.288859239493,140.0002542551287
Sample 1,2334.6897931954636,140.00022052460986
Sample 1,2336.0907271514343,140.0001911188227
Sample 1,2337.491661107405,140.00016550416186
Sample 1,2338.8925950633757,140.00014321003
Sample 1,2340.2935290193464,140.00012382177084
Sample 1,2341.694462975317,140.00010697434712
Sample 1,2343.0953969312877,140.00009234669076
Sample 1,2344.4963308872584,140.00007965665924
Sample 1,2345.897264843229,140.00006865653765
Sample 1,2347.2981987991993,140.00005912903165
Sample 1,2348.69913275517,140.00005088370125
Sample 1,2350.1000667111407,140.0000437537902
Sample 1,2351.5010006671114,140.0000375934103
Sample 1,2352.901934623082,140.00003227504288
Sample 1,2354.3028685790528,140.00002768732446
Sample 1,2355.703802535023,140.00002373308587
Sample 1,2357.1047364909937,140.00002032761796
Sample 1,2358.5056704469644,140.00001739713878
Sample 1,2359.906604402935,140.0000148774406
Sample 1,2361.3075383589057,140.00001271269656
Sample 1,2362.7084723148764,140.0000108544093
Sample 1,2364.109406270847,140.00000926048574
Sample 1,2365.510340226818,140.0000078944231
Sample 1,2366.9112741827885,140.00000672459433
Sample 1,2368.312208138759,140.0000057236206
Sample 1,2369.71314209473,140.0000048678215
Sample 1,2371.1140760507005,140.0000041367332
Sample 1,2372.515010006671,140.00000351268687
Sample 1,2373.915943962642,140.00000298044026
Sample 1,2375.3168779186126,140.00000252685584
Sample 1,2376.7178118745833,140.00000214061993
Sample 1,2378.118745830554,140.00000181199803
Sample 1,2379.5196797865246,140.0000015326216
Sample 1,2380.920613742495,140.00000129530255
Sample 1,2382.3215476984656,140.00000109387213
Sample 1,2383.7224816544363,140.00000092304091
Sample 1,2385.123415610407,140.00000077827738
Sample 1,2386.5243495663776,140.00000065570262
Sample 1,2387.925283522348,140.00000055199925
Sample 1,2389.3262174783185,140.00000046433254
Sample 1,2390.727151434289,140.00000039028225
Sample 1,2392.12808539026,140.00000032778385
Sample 1,2393.5290193462306,140.00000027507767
Sample 1,2394.9299533022013,140.00000023066528
Sample 1,2396.330887258172,140.00000019327163
Sample 1,2397.7318212141427,140.0000001618129
Sample 1,2399.1327551701133,140.00000013536837
Sample 1,2400.533689126084,140.0000001131567
Sample 1,2401.9346230820547,140.00000009451537
Sample 1,2403.3355570380254,140.00000007888303
Sample 1,2404.736490993996,140.00000006578455
Sample 1,2406.1374249499668,140.000000054818
Sample 1,2407.5383589059375,140.0000000456438
Sample 1,2408.939292861908,140.00000003797513
Sample 1,2410.340226817879,140.00000003157007
Sample 1,2411.7411607738495,140.00000002622474
Sample 1,2413.1420947298197,140.00000002176736
Sample 1,2414.5430286857904,140.0000000180534
Sample 1,2415.943962641761,140.0000000149614
Sample 1,2417.344896597732,140.00000001238922
Sample 1,2418.7458305537025,140.0000000102512
Sample 1,2420.146764509673,140.0000000084755
Sample 1,2421.5476984656434,140.00000000700186
Sample 1,2422.948632421614,140.00000000577992
Sample 1,2424.349566377585,140.0000000047675
Sample 1,2425.7505003335555,140.0000000039293
Sample 1,2427.151434289526,140.00000000323593
Sample 1,2428.552368245497,140.00000000266283
Sample 1,2429.9533022014675,140.00000000218952
Sample 1,2431.354236157438,140.00000000179892
Sample 1,2432.755170113409,140.00000000147682
Sample 1,2434.1561040693796,140.00000000121148
Sample 1,2435.5570380253503,140.000000000993
Sample 1,2436.957971981321,140.0000000008133
Sample 1,2438.3589059372916,140.00000000066558
Sample 1,2439.7598398932623,140.00000000054428
Sample 1,2441.160773849233,140.00000000044474
Sample 1,2442.5617078052037,140.00000000036312
Sample 1,2443.9626417611744,140.00000000029624
Sample 1,2445.3635757171446,140.00000000024147
Sample 1,2446.7645096731153,140.0000000001967
Sample 1,2448.165443629086,140.0000000001601
Sample 1,2449.5663775850567,140.0000000001302
Sample 1,2450.9673115410274,140.0000000001058
Sample 1,2452.368245496998,140.00000000008592
Sample 1,2453.7691794529687,140.0000000000697
Sample 1,2455.1701134089394,140.0000000000565
Sample 1,2456.57104736491,140.0000000000458
Sample 1,2457.9719813208803,140.00000000003706
Sample 1,2459.372915276851,140.00000000002996
Sample 1,2460.7738492328217,140.00000000002422
Sample 1,2462.1747831887924,140.00000000001955
Sample 1,2463.575717144763,140.00000000001577
Sample 1,2464.9766511007338,140.00000000001273
Sample 1,2466.3775850567044,140.00000000001026
Sample 1,2467.778519012675,140.00000000000824
Sample 1,2469.179452968646,140.00000000000665
Sample 1,2470.5803869246165,140.00000000000534
Sample 1,2471.981320880587,140.0000000000043
Sample 1,2473.382254836558,140.00000000000344
Sample 1,2474.783188792528,140.00000000000276
Sample 1,2476.184122748499,140.00000000000222
Sample 1,2477.5850567044695,140.00000000000176
Sample 1,2478.98599066044,140.00000000000142
Sample 1,2480.386924616411,140.00000000000114
Sample 1,2481.7878585723815,140.0000000000009
Sample 1,2483.188792528352,140.0000000000007
Sample 1,2484.589726484323,140.00000000000057
Sample 1,2485.9906604402936,140.00000000000045
Sample 1,2487.3915943962643,140.00000000000037
Sample 1,2488.792528352235,140.00000000000028
Sample 1,2490.1934623082057,140.00000000000023
Sample 1,2491.594396264176,140.00000000000017
Sample 1,2492.9953302201466,140.00000000000014
Sample 1,2494.3962641761173,140.0000000000001
Sample 1,2495.797198132088,140.00000000000009
Sample 1,2497.1981320880586,140.00000000000009
Sample 1,2498.5990660440293,140.00000000000006
Sample 1,2500.0,140.00000000000006
Sample 2,400.0,850.0
Sample 2,401.40093395597063,850.0
Sample 2,402.8018679119413,850.0
Sample 2,404.20280186791194,850.0
Sample 2,405.6037358238826,850.0
Sample 2,407.00466977985326,850.0
Sample 2,408.4056037358239,850.0
Sample 2,409.8065376917945,850.0
Sample 2,411.2074716477652,850.0
Sample 2,412.60840560373583,850.0
Sample 2,414.00933955970646,850.0
Sample 2,415.4102735156771,850.0
Sample 2,416.8112074716478,850.0
Sample 2,418.2121414276184,850.0
Sample 2,419.61307538358903,850.0
Sample 2,421.0140093395597,850.0
Sample 2,422.41494329553035,850.0
Sample 2,423.815877251501,850.0
Sample 2,425.21681120747166,850.0
Sample 2,426.6177451634423,850.0
Sample 2,428.0186791194129,850.0
Sample 2,429.4196130753836,850.0
Sample 2,430.82054703135424,850.0
Sample 2,432.22148098732487,850.0
Sample 2,433.62241494329555,850.0
Sample 2,435.0233488992662,850.0
Sample 2,436.4242828552368,850.0
Sample 2,437.8252168112075,850.0
Sample 2,439.2261507671781,850.0
Sample 2,440.62708472314876,850.0
Sample 2,442.02801867911944,850.0
Sample 2,443.42895263509007,850.0
Sample 2,444.8298865910607,850.0
Sample 2,446.2308205470314,850.0
Sample 2,447.631754503002,850.0
Sample 2,449.03268845897264,850.0
Sample 2,450.4336224149433,850.0
Sample 2,451.83455637091396,850.0
Sample 2,453.2354903268846,850.0
Sample 2,454.6364242828552,850.0
Sample 2,456.0373582388259,850.0
Sample 2,457.43829219479653,850.0
Sample 2,458.83922615076716,850.0
Sample 2,460.24016010673785,850.0
Sample 2,461.6410940627085,850.0
Sample 2,463.0420280186791,850.0
Sample 2,464.44296197464973,850.0
Sample 2,465.8438959306204,850.0
Sample 2,467.24482988659105,850.0
Sample 2,468.6457638425617,850.0
Sample 2,470.04669779853236,850.0
Sample 2,471.447631754503,850.0
Sample 2,472.8485657104736,850.0
Sample 2,474.2494996664443,850.0
Sample 2,475.65043362241494,850.0
Sample 2,477.05136757838557,850.0
Sample 2,478.45230153435625,850.0
Sample 2,479.8532354903269,850.0
Sample 2,481.2541694462975,850.0
Sample 2,482.6551034022682,850.0
Sample 2,484.0560373582388,850.0
Sample 2,485.45697131420945,850.0
Sample 2,486.85790527018014,850.0
Sample 2,488.25883922615077,850.0
Sample 2,489.6597731821214,850.0
Sample 2,491.0607071380921,850.0
Sample 2,492.4616410940627,850.0
Sample 2,493.86257505003334,850.0
Sample 2,495.263509006004,850.0
Sample 2,496.66444296197466,850.0
Sample 2,498.0653769179453,850.0
Sample 2,499.466310873916,850.0
Sample 2,500.8672448298866,850.0
Sample 2,502.26817878585723,850.0
Sample 2,503.6691127418279,850.0
Sample 2,505.07004669779855,850.0
Sample 2,506.4709806537692,850.0
Sample 2,507.8719146097398,850.0
Sample 2,509.2728485657105,850.0
Sample 2,510.6737825216811,850.0
Sample 2,512.0747164776518,850.0
Sample 2,513.4756504336224,850.0
Sample 2,514.8765843895931,850.0
Sample 2,516.2775183455637,850.0
Sample 2,517.6784523015343,850.0
Sample 2,519.079386257505,850.0
Sample 2,520.4803202134757,850.0
Sample 2,521.8812541694463,850.0
Sample 2,523.282188125417,850.0
Sample 2,524.6831220813876,850.0
Sample 2,526.0840560373582,850.0
Sample 2,527.4849899933289,850.0
Sample 2,528.8859239492995,850.0
Sample 2,530.2868579052702,850.0
Sample 2,531.6877918612408,850.0
Sample 2,533.0887258172115,850.0
Sample 2,534.4896597731821,850.0
Sample 2,535.8905937291528,850.0
Sample 2,537.2915276851234,850.0
Sample 2,538.692461641094,850.0
Sample 2,540.0933955970647,850.0
Sample 2,541.4943295530354,850.0
Sample 2,542.895263509006,850.0
Sample 2,544.2961974649767,850.0
Sample 2,545.6971314209472,850.0
Sample 2,547.0980653769179,850.0
Sample 2,548.4989993328886,850.0
Sample 2,549.8999332888593,850.0
Sample 2,551.3008672448299,850.0
Sample 2,552.7018012008006,850.0
Sample 2,554.1027351567711,850.0
Sample 2,555.5036691127418,850.0
Sample 2,556.9046030687125,850.0
Sample 2,558.3055370246832,850.0
Sample 2,559.7064709806538,850.0
Sample 2,561.1074049366244,850.0
Sample 2,562.508338892595,850.0
Sample 2,563.9092728485657,850.0
Sample 2,565.3102068045364,850.0
Sample 2,566.711140760507,850.0
Sample 2,568.1120747164777,850.0
Sample 2,569.5130086724483,850.0
Sample 2,570.9139426284189,850.0
Sample 2,572.3148765843896,850.0
Sample 2,573.7158105403603,850.0
Sample 2,575.1167444963309,850.0
Sample 2,576.5176784523015,850.0
Sample 2,577.9186124082721,850.0
Sample 2,579.3195463642428,850.0
Sample 2,580.7204803202135,850.0
Sample 2,582.1214142761842,850.0
Sample 2,583.5223482321547,850.0
Sample 2,584.9232821881254,850.0
Sample 2,586.324216144096,850.0
Sample 2,587.7251501000667,850.0
Sample 2,589.1260840560374,850.0
Sample 2,590.527018012008,850.0
Sample 2,591.9279519679786,850.0
Sample 2,593.3288859239493,850.0
Sample 2,594.7298198799199,850.0
Sample 2,596.1307538358906,850.0
Sample 2,597.5316877918613,850.0
Sample 2,598.932621747832,850.0
Sample 2,600.3335557038025,850.0
Sample 2,601.7344896597732,850.0
Sample 2,603.1354236157438,850.0
Sample 2,604.5363575717145,850.0
Sample 2,605.9372915276851,850.0
Sample 2,607.3382254836558,850.0
Sample 2,608.7391594396264,850.0
Sample 2,610.1400933955971,850.0
Sample 2,611.5410273515677,850.0
Sample 2,612.9419613075383,850.0
Sample 2,614.342895263509,850.0
Sample 2,615.7438292194796,850.0
Sample 2,617.1447631754503,850.0
Sample 2,618.545697131421,850.0
Sample 2,619.9466310873916,850.0
Sample 2,621.3475650433622,850.0
Sample 2,622.7484989993329,850.0
Sample 2,624.1494329553035,850.0
Sample 2,625.5503669112742,850.0
Sample 2,626.9513008672449,850.0
Sample 2,628.3522348232154,850.0
Sample 2,629.7531687791861,850.0
Sample 2,631.1541027351568,850.0
Sample 2,632.5550366911274,850.0
Sample 2,633.9559706470981,850.0
Sample 2,635.3569046030686,850.0
Sample 2,636.7578385590393,850.0
Sample 2,638.15877251501,850.0
Sample 2,639.5597064709807,850.0
Sample 2,640.9606404269513,850.0
Sample 2,642.361574382922,850.0
Sample 2,643.7625083388925,850.0
Sample 2,645.1634422948632,850.0
Sample 2,646.5643762508339,850.0
Sample 2,647.9653102068046,850.0
Sample 2,649.3662441627752,850.0
Sample 2,650.7671781187458,850.0
Sample 2,652.1681120747164,850.0
Sample 2,653.5690460306871,850.0
Sample 2,654.9699799866578,850.0
Sample 2,656.3709139426285,850.0
Sample 2,657.771847898599,850.0
Sample 2,659.1727818545697,850.0
Sample 2,660.5737158105403,850.0
Sample 2,661.974649766511,850.0
Sample 2,663.3755837224817,850.0
Sample 2,664.7765176784524,850.0
Sample 2,666.1774516344229,850.0
Sample 2,667.5783855903935,850.0
Sample 2,668.9793195463642,850.0
Sample 2,670.3802535023349,850.0
Sample 2,671.7811874583056,850.0
Sample 2,673.1821214142763,850.0
Sample 2,674.5830553702468,850.0
Sample 2,675.9839893262174,850.0
Sample 2,677.3849232821881,850.0
Sample 2,678.7858572381588,850.0
Sample 2,680.1867911941295,850.0
Sample 2,681.5877251501001,850.0
Sample 2,682.9886591060707,850.0
Sample 2,684.3895930620413,850.0
Sample 2,685.790527018012,850.0
Sample 2,687.1914609739827,850.0
Sample 2,688.5923949299533,850.0
Sample 2,689.9933288859239,850.0
Sample 2,691.3942628418946,850.0
Sample 2,692.7951967978652,850.0
Sample 2,694.1961307538359,850.0
Sample 2,695.5970647098065,850.0
Sample 2,696.9979986657772,850.0
Sample 2,698.3989326217478,850.0
Sample 2,699.7998665777185,850.0
Sample 2,701.2008005336891,850.0
Sample 2,702.6017344896597,850.0
Sample 2,704.0026684456304,850.0
Sample 2,705.4036024016011,850.0
Sample 2,706.8045363575717,850.0
Sample 2,708.2054703135424,850.0
Sample 2,709.606404269513,850.0
Sample 2,711.0073382254836,850.0
Sample 2,712.4082721814543,850.0
Sample 2,713.809206137425,850.0
Sample 2,715.2101400933956,850.0
Sample 2,716.6110740493663,850.0
Sample 2,718.0120080053368,850.0
Sample 2,719.4129419613075,850.0
Sample 2,720.8138759172782,850.0
Sample 2,722.2148098732489,850.0
Sample 2,723.6157438292195,850.0
Sample 2,725.01667778519,850.0
Sample 2,726.4176117411607,850.0
Sample 2,727.8185456971314,850.0
Sample 2,729.2194796531021,850.0
Sample 2,730.6204136090728,850.0
Sample 2,732.0213475650434,850.0
Sample 2,733.4222815210139,850.0
Sample 2,734.8232154769846,850.0
Sample 2,736.2241494329553,850.0
Sample 2,737.625083388926,850.0
Sample 2,739.0260173448967,850.0
Sample 2,740.4269513008672,850.0
Sample 2,741.8278852568378,850.0
Sample 2,743.2288192128085,850.0
Sample 2,744.6297531687792,850.0
Sample 2,746.0306871247499,850.0
Sample 2,747.4316210807204,850.0
Sample 2,748.8325550366911,850.0
Sample 2,750.2334889926617,850.0
Sample 2,751.6344229486324,850.0
Sample 2,753.0353569046031,850.0
Sample 2,754.4362908605738,850.0
Sample 2,755.8372248165443,850.0
Sample 2,757.238158772515,850.0
Sample 2,758.6390927284856,850.0
Sample 2,760.0400266844563,850.0
Sample 2,761.440960640427,850.0
Sample 2,762.8418945963977,850.0
Sample 2,764.2428285523682,850.0
Sample 2,765.6437625083389,850.0
Sample 2,767.0446964643095,850.0
Sample 2,768.4456304202802,850.0
Sample 2,769.8465643762509,850.0
Sample 2,771.2474983322215,850.0
Sample 2,772.6484322881921,850.0
Sample 2,774.0493662441627,850.0
Sample 2,775.4503002001334,850.0
Sample 2,776.851234156104,850.0
Sample 2,778.2521681120747,850.0
Sample 2,779.6531020680454,850.0
Sample 2,781.054036024016,850.0
Sample 2,782.4549699799866,850.0
Sample 2,783.8559039359573,850.0
Sample 2,785.256837891928,850.0
Sample 2,786.6577718478986,850.0
Sample 2,788.0587058038693,850.0
Sample 2,789.4596397598399,850.0
Sample 2,790.8605737158105,850.0
Sample 2,792.2615076717811,850.0
Sample 2,793.6624416277518,850.0
Sample 2,795.0633755837225,850.0
Sample 2,796.4643095396932,850.0
Sample 2,797.8652434956638,850.0
Sample 2,799.2661774516343,850.0
Sample 2,800.667111407605,850.0
Sample 2,802.0680453635757,850.0
Sample 2,803.4689793195464,850.0
Sample 2,804.869913275517,850.0
Sample 2,806.2708472314877,850.0
Sample 2,807.6717811874582,850.0
Sample 2,809.0727151434289,850.0
Sample 2,810.4736490993996,850.0
Sample 2,811.8745830553703,850.0
Sample 2,813.2755170113409,850.0
Sample 2,814.6764509673116,850.0
Sample 2,816.0773849232821,850.0
Sample 2,817.4783188792528,850.0
Sample 2,818.8792528352235,850.0
Sample 2,820.2801867911942,850.0
Sample 2,821.6811207471648,850.0
Sample 2,823.0820547031354,850.0
Sample 2,824.482988659106,850.0
Sample 2,825.8839226150767,850.0
Sample 2,827.2848565710474,850.0
Sample 2,828.6857905270181,850.0
Sample 2,830.0867244829886,850.0
Sample 2,831.4876584389592,850.0
Sample 2,832.8885923949299,850.0000000000001
Sample 2,834.2895263509006,850.0000000000001
Sample 2,835.6904603068713,850.0000000000001
Sample 2,837.091394262842,850.0000000000001
Sample 2,838.4923282188125,850.0000000000001
Sample 2,839.8932621747831,850.0000000000002
Sample 2,841.2941961307538,850.0000000000002
Sample 2,842.6951300867245,850.0000000000002
Sample 2,844.0960640426952,850.0000000000003
Sample 2,845.4969979986658,850.0000000000003
Sample 2,846.8979319546364,850.0000000000005
Sample 2,848.298865910607,850.0000000000006
Sample 2,849.6997998665777,850.0000000000007
Sample 2,851.1007338225484,850.0000000000008
Sample 2,852.501667778519,850.000000000001
Sample 2,853.9026017344897,850.0000000000011
Sample 2,855.3035356904603,850.0000000000015
Sample 2,856.7044696464309,850.0000000000017
Sample 2,858.1054036024016,850.0000000000022
Sample 2,859.5063375583723,850.0000000000025
Sample 2,860.9072715143429,850.0000000000031
Sample 2,862.3082054703135,850.0000000000038
Sample 2,863.7091394262842,850.0000000000044
Sample 2,865.1100733822548,850.0000000000053
Sample 2,866.5110073382255,850.0000000000065
Sample 2,867.9119412941961,850.0000000000078
Sample 2,869.3128752501668,850.0000000000094
Sample 2,870.7138092061374,850.0000000000114
Sample 2,872.1147431621081,850.0000000000136
Sample 2,873.5156771180787,850.0000000000164
Sample 2,874.9166110740493,850.0000000000197
Sample 2,876.31754503002,850.0000000000236
Sample 2,877.7184789859907,850.0000000000283
Sample 2,879.1194129419613,850.000000000034
Sample 2,880.520346897932,850.0000000000407
Sample 2,881.9212808539025,850.0000000000488
Sample 2,883.3222148098732,850.0000000000584
Sample 2,884.7231487658439,850.0000000000699
Sample 2,886.1240827218146,850.0000000000836
Sample 2,887.5250166777852,850.0000000000999
Sample 2,888.9259506337557,850.0000000001194
Sample 2,890.3268845897264,850.0000000001424
Sample 2,891.7278185456971,850.00000000017
Sample 2,893.1287525016678,850.0000000002027
Sample 2,894.5296864576385,850.0000000002417
Sample 2,895.9306204136091,850.0000000002879
Sample 2,897.3315543695796,850.0000000003428
Sample 2,898.7324883255503,850.0000000004078
Sample 2,900.133422281521,850.0000000004851
Sample 2,901.5343562374917,850.0000000005766
Sample 2,902.9352901934624,850.000000000685
Sample 2,904.336224149433,850.0000000008134
Sample 2,905.7371581054035,850.0000000009653
Sample 2,907.1380920613742,850.0000000011449
Sample 2,908.5390260173449,850.0000000013572
Sample 2,909.9399599733156,850.000000001608
Sample 2,911.3408939292862,850.0000000019041
Sample 2,912.7418278852568,850.0000000022536
Sample 2,914.1427618412275,850.0000000026657
Sample 2,915.5436957971981,850.0000000031515
Sample 2,916.9446297531688,850.0000000037237
Sample 2,918.3455637091395,850.0000000043974
Sample 2,919.74649766511,850.0000000051903
Sample 2,921.1474316210807,850.0000000061226
Sample 2,922.5483655770514,850.0000000072187
Sample 2,923.949299533022,850.0000000085062
Sample 2,925.3502334889927,850.0000000100179
Sample 2,926.7511674449632,850.0000000117917
Sample 2,928.1521014009339,850.0000000138722
Sample 2,929.5530353569046,850.0000000163109
Sample 2,930.9539693128752,850.0000000191677
Sample 2,932.3549032688459,850.0000000225127
Sample 2,933.7558372248166,850.0000000264271
Sample 2,935.1567711807871,850.000000031005
Sample 2,936.5577051367578,850.0000000363563
Sample 2,937.9586390927285,850.0000000426079
Sample 2,939.3595730486991,850.0000000499072
Sample 2,940.7605070046698,850.0000000584251
Sample 2,942.1614409606404,850.0000000683597
Sample 2,943.562374916611,850.0000000799399
Sample 2,944.9633088725817,850.0000000934308
Sample 2,946.3642428285524,850.000000109139
Sample 2,947.765176784523,850.0000001274186
Sample 2,949.1661107404937,850.0000001486789
Sample 2,950.5670446964643,850.0000001733919
Sample 2,951.9679786524349,850.0000002021025
Sample 2,953.3689126084056,850.0000002354385
Sample 2,954.7698465643763,850.0000002741239
Sample 2,956.1707805203469,850.0000003189916
Sample 2,957.5717144763175,850.0000003710009
Sample 2,958.9726484322882,850.0000004312546
Sample 2,960.3735823882588,850.0000005010211
Sample 2,961.7745163442295,850.0000005817567
Sample 2,963.1754503002002,850.0000006751341
Sample 2,964.5763842561707,850.0000007830723
Sample 2,965.9773182121414,850.0000009077725
Sample 2,967.3782521681121,850.0000010517567
Sample 2,968.7791861240827,850.0000012179147
Sample 2,970.1801200800534,850.0000014095539
Sample 2,971.581054036024,850.0000016304584
Sample 2,972.9819879919946,850.000001884955
Sample 2,974.3829219479653,850.0000021779881
Sample 2,975.783855903936,850.0000025152043
Sample 2,977.1847898599066,850.0000029030481
Sample 2,978.5857238158773,850.0000033488712
Sample 2,979.9866577718478,850.0000038610542
Sample 2,981.3875917278185,850.0000044491453
Sample 2,982.7885256837892,850.0000051240164
Sample 2,984.1894596397598,850.0000058980394
Sample 2,985.5903935957305,850.0000067852844
Sample 2,986.9913275517011,850.0000078017438
Sample 2,988.3922615076717,850.0000089655832
Sample 2,989.7931954636424,850.0000102974252
Sample 2,991.1941294196131,850.0000118206668
Sample 2,992.5950633755837,850.0000135618378
Sample 2,993.9959973315543,850.000015551001
Sample 2,995.396931287525,850.000017822203
Sample 2,996.7978652434956,850.0000204139787
Sample 2,998.1987991994663,850.0000233699169
Sample 2,999.599733155437,850.0000267392925
Sample 2,1001.0006671114076,850.0000305777756
Sample 2,1002.4016010673782,850.0000349482235
Sample 2,1003.8025350233489,850.0000399215646
Sample 2,1005.2034689793195,850.0000455777873
Sample 2,1006.6044029352902,850.0000520070425
Sample 2,1008.0053368912609,850.0000593108724
Sample 2,1009.4062708472314,850.0000676035811
Sample 2,1010.8072048032021,850.00007701376
Sample 2,1012.2081387591728,850.0000876859856
Sample 2,1013.6090727151434,850.0000997827075
Sample 2,1015.0100066711141,850.0001134863464
Sample 2,1016.4109406270848,850.0001290016248
Sample 2,1017.8118745830553,850.0001465581526
Sample 2,1019.212808539026,850.0001664132943
Sample 2,1020.6137424949967,850.0001888553489
Sample 2,1022.0146764509673,850.0002142070679
Sample 2,1023.415610406938,850.000242829552
Sample 2,1024.8165443629086,850.0002751265586
Sample 2,1026.2174783188793,850.0003115492631
Sample 2,1027.61841227485,850.0003526015166
Sample 2,1029.0193462308207,850.000398845649
Sample 2,1030.4202801867912,850.0004509088682
Sample 2,1031.8212141427618,850.0005094903117
Sample 2,1033.2221480987325,850.0005753688137
Sample 2,1034.623082054703,850.0006494114508
Sample 2,1036.0240160106737,850.0007325829401
Sample 2,1037.4249499666444,850.0008259559669
Sample 2,1038.825883922615,850.000930722524
Sample 2,1040.2268178785857,850.0010482063557
Sample 2,1041.6277518345564,850.0011798766008
Sample 2,1043.028685790527,850.0013273627419
Sample 2,1044.4296197464978,850.0014924709726
Sample 2,1045.8305537024683,850.0016772021036
Sample 2,1047.231487658439,850.0018837711392
Sample 2,1048.6324216144096,850.0021146286626
Sample 2,1050.03335557038,850.002372484181
Sample 2,1051.4342895263508,850.0026603315896
Sample 2,1052.8352234823215,850.0029814769263
Sample 2,1054.2361574382921,850.0033395686012
Sample 2,1055.6370913942628,850.0037386302945
Sample 2,1057.0380253502335,850.004183096733
Sample 2,1058.4389593062042,850.0046778525644
Sample 2,1059.8398932621749,850.0052282745685
Sample 2,1061.2408272181456,850.0058402774511
Sample 2,1062.641761174116,850.0065203634913
Sample 2,1064.0426951300867,850.0072756763195
Sample 2,1065.4436290860574,850.0081140591252
Sample 2,1066.8445630420279,850.0090441176089
Sample 2,1068.2454969979985,850.0100752880114
Sample 2,1069.6464309539692,850.0112179105674
Sample 2,1071.04736490994,850.0124833087547
Sample 2,1072.4482988659106,850.0138838747229
Sample 2,1073.8492328218813,850.0154331613107
Sample 2,1075.250166777852,850.0171459810742
Sample 2,1076.6511007338227,850.0190385127726
Sample 2,1078.0520346897933,850.0211284157757
Sample 2,1079.4529686457638,850.0234349528791
Sample 2,1080.8539026017345,850.0259791220286
Sample 2,1082.2548365577052,850.02878379748
Sample 2,1083.6557705136756,850.0318738809372
Sample 2,1085.0567044696463,850.0352764632323
Sample 2,1086.457638425617,850.0390209971255
Sample 2,1087.8585723815877,850.0431394818277
Sample 2,1089.2595063375584,850.0476666598589
Sample 2,1090.660440293529,850.0526402268764
Sample 2,1092.0613742494997,850.058101055118
Sample 2,1093.4623082054704,850.0640934311218
Sample 2,1094.863242161441,850.0706653083943
Sample 2,1096.2641761174116,850.0778685757089
Sample 2,1097.6651100733823,850.0857593417246
Sample 2,1099.0660440293527,850.0943982366219
Sample 2,1100.4669779853234,850.1038507314515
Sample 2,1101.867911941294,850.1141874758983
Sample 2,1103.2688458972648,850.1254846551523
Sample 2,1104.6697798532355,850.1378243665779
Sample 2,1106.0707138092062,850.1512950168591
Sample 2,1107.4716477651768,850.1659917402833
Sample 2,1108.8725817211475,850.1820168388092
Sample 2,1110.2735156771182,850.1994802445407
Sample 2,1111.6744496330887,850.2185000051951
Sample 2,1113.0753835890594,850.2392027931267
Sample 2,1114.47631754503,850.2617244384184
Sample 2,1115.8772515010005,850.2862104865145
Sample 2,1117.2781854569712,850.3128167808088
Sample 2,1118.6791194129419,850.3417100705454
Sample 2,1120.0800533689126,850.37306864432
Sample 2,1121.4809873248832,850.4070829893961
Sample 2,1122.881921280854,850.4439564769657
Sample 2,1124.2828552368246,850.4839060733934
Sample 2,1125.6837891927953,850.5271630773826
Sample 2,1127.084723148766,850.573973882894
Sample 2,1128.4856571047364,850.6246007675288
Sample 2,1129.8865910607071,850.6793227059599
Sample 2,1131.2875250166778,850.7384362078614
Sample 2,1132.6884589726483,850.8022561796365
Sample 2,1134.089392928619,850.8711168090906
Sample 2,1135.4903268845896,850.9453724720279
Sample 2,1136.8912608405603,851.0253986595781
Sample 2,1138.292194796531,851.1115929248709
Sample 2,1139.6931287525017,851.2043758474819
Sample 2,1141.0940627084724,851.3041920138694
Sample 2,1142.494996664443,851.4115110118096
Sample 2,1143.8959306204138,851.5268284366111
Sample 2,1145.2968645763842,851.6506669066628
Sample 2,1146.697798532355,851.7835770856263
Sample 2,1148.0987324883254,851.9261387083423
Sample 2,1149.499666444296,852.0789616072594
Sample 2,1150.9006004002667,852.2426867359454
Sample 2,1152.3015343562374,852.4179871859609
Sample 2,1153.702468312208,852.6055691931244
Sample 2,1155.1034022681788,852.8061731289076
Sample 2,1156.5043362241495,853.0205744724382
Sample 2,1157.9052701801202,853.2495847583054
Sample 2,1159.3062041360909,853.4940524950885
Sample 2,1160.7071380920613,853.7548640492573
Sample 2,1162.108072048032,854.0329444888233
Sample 2,1163.5090060040027,854.3292583808499
Sample 2,1164.9099399599731,854.64481053668
Sample 2,1166.3108739159438,854.9806466984827
Sample 2,1167.7118078719145,855.3378541604816
Sample 2,1169.1127418278852,855.7175623180029
Sample 2,1170.513675783856,856.1209431372683
Sample 2,1171.9146097398266,856.5492115386547
Sample 2,1173.3155436957973,857.003625685977
Sample 2,1174.716477651768,857.4854871741807
Sample 2,1176.1174116077386,857.9961411077076
Sample 2,1177.518345563709,858.536976061684
Sample 2,1178.9192795196798,859.109423918005
Sample 2,1180.3202134756505,859.714959568333
Sample 2,1181.721147431621,860.3551004760191
Sample 2,1183.1220813875916,861.0314060889673
Sample 2,1184.5230153435623,861.745477095518
Sample 2,1185.923949299533,862.498954515524
Sample 2,1187.3248832555037,863.2935186189235
Sample 2,1188.7258172114744,864.130887664296
Sample 2,1190.126751167445,865.0128164501114
Sample 2,1191.5276851234157,865.941094671653
Sample 2,1192.9286190793864,866.9175450769162
Sample 2,1194.3295530353569,867.9440214151545
Sample 2,1195.7304869913276,869.0224061721669
Sample 2,1197.1314209472982,870.1546080868962
Sample 2,1198.5323549032687,871.3425594444349
Sample 2,1199.9332888592394,872.5882131411166
Sample 2,1201.33422281521,873.8935395180112
Sample 2,1202.7351567711808,875.2605229598278
Sample 2,1204.1360907271514,876.6911582569793
Sample 2,1205.5370246831221,878.1874467293579
Sample 2,1206.9379586390928,879.751392111224
Sample 2,1208.3388925950635,881.384996197512
Sample 2,1209.739826551034,883.0902542528106
Sample 2,1211.1407605070046,884.8691501852758
Sample 2,1212.5416944629753,886.7236514887744
Sample 2,1213.9426284189458,888.6557039576544
Sample 2,1215.3435623749165,890.6672261796584
Sample 2,1216.7444963308872,892.760103813658
Sample 2,1218.1454302868578,894.9361836600912
Sample 2,1219.5463642428285,897.197267533201
Sample 2,1220.9472981987992,899.5451059454214
Sample 2,1222.34823215477,901.9813916155188
Sample 2,1223.7491661107406,904.5077528133784
Sample 2,1225.1501000667113,907.1257465556045
Sample 2,1226.5510340226817,909.8368516673828
Sample 2,1227.9519679786524,912.6424617273433
Sample 2,1229.352901934623,915.5438779134088
Sample 2,1230.7538358905936,918.5423017688787
Sample 2,1232.1547698465642,921.6388279092054
Sample 2,1233.555703802535,924.8344366910995
Sample 2,1234.9566377585056,928.1299868667634
Sample 2,1236.3575717144763,931.5262082471239
Sample 2,1237.758505670447,935.0236943989847
Sample 2,1239.1594396264177,938.6228954019881
Sample 2,1240.5603735823884,942.3241106921724
Sample 2,1241.961307538359,946.1274820197343
Sample 2,1243.3622414943295,950.0329865493336
Sample 2,1244.7631754503002,954.040430131919
Sample 2,1246.1641094062709,958.1494407775757
Sample 2,1247.5650433622413,962.3594623593397
Sample 2,1248.965977318212,966.6697485782164
Sample 2,1250.3669112741827,971.0793572198279
Sample 2,1251.7678452301534,975.5871447331889
Sample 2,1253.168779186124,980.1917611620167
Sample 2,1254.5697131420948,984.8916454587829
Sample 2,1255.9706470980655,989.6850212113529
Sample 2,1257.3715810540361,994.5698928115629
Sample 2,1258.7725150100066,999.5440420944361
Sample 2,1260.1734489659773,1004.6050254759416
Sample 2,1261.574382921948,1009.7501716162368
Sample 2,1262.9753168779184,1014.9765796342544
Sample 2,1264.3762508338891,1020.2811178982206
Sample 2,1265.7771847898598,1025.6604234152746
Sample 2,1267.1781187458305,1031.1109018418379
Sample 2,1268.5790527018012,1036.6287281346372
Sample 2,1269.9799866577719,1042.2098478604669
Sample 2,1271.3809206137425,1047.8499791807767
Sample 2,1272.7818545697132,1053.5446155250597
Sample 2,1274.182788525684,1059.28902896477
Sample 2,1275.5837224816544,1065.0782742971344
Sample 2,1276.984656437625,1070.907193845759
Sample 2,1278.3855903935957,1076.77042298233
Sample 2,1279.7865243495662,1082.662396371089
Sample 2,1281.187458305537,1088.577354934962
Sample 2,1282.5883922615076,1094.5093535394403
Sample 2,1283.9893262174783,1100.4522693874308
Sample 2,1285.390260173449,1106.3998111153628
Sample 2,1286.7911941294196,1112.3455285779032
Sample 2,1288.1921280853903,1118.2828233056553
Sample 2,1289.593062041361,1124.204959617252
Sample 2,1290.9939959973317,1130.1050763642938
Sample 2,1292.3949299533022,1135.9761992846531
Sample 2,1293.7958639092728,1141.8112539367746
Sample 2,1295.1967978652435,1147.6030791847681
Sample 2,1296.597731821214,1153.3444412013357
Sample 2,1297.9986657771847,1159.0280479529094
Sample 2,1299.3995997331554,1164.6465641287766
Sample 2,1300.800533689126,1170.1926264735657
Sample 2,1302.2014676450967,1175.6588594801106
Sample 2,1303.6024016010674,1181.0378913975485
Sample 2,1305.003335557038,1186.3223705075072
Sample 2,1306.4042695130088,1191.504981619377
Sample 2,1307.8052034689795,1196.5784627340252
Sample 2,1309.20613742495,1201.5356218238412
Sample 2,1310.6070713809206,1206.369353675763
Sample 2,1312.008005336891,1211.07265674287
Sample 2,1313.4089392928618,1215.6386499493656
Sample 2,1314.8098732488324,1220.060589393139
Sample 2,1316.2108072048031,1224.3318848898034
Sample 2,1317.6117411607738,1228.446116301977
Sample 2,1319.0126751167445,1232.397049597746
Sample 2,1320.4136090727152,1236.1786525826337
Sample 2,1321.8145430286859,1239.785110250065
Sample 2,1323.2154769846566,1243.2108396961985
Sample 2,1324.616410940627,1246.4505045461733
Sample 2,1326.0173448965977,1249.4990288401889
Sample 2,1327.4182788525684,1252.3516103294876
Sample 2,1328.8192128085389,1255.0037331341878
Sample 2,1330.2201467645095,1257.4511797170053
Sample 2,1331.6210807204802,1259.6900421292269
Sample 2,1333.022014676451,1261.716732487848
Sample 2,1334.4229486324216,1263.5279926454973
Sample 2,1335.8238825883923,1265.1209030177124
Sample 2,1337.224816544363,1266.4928905352197
Sample 2,1338.6257505003337,1267.6417356921272
Sample 2,1340.0266844563043,1268.565578664351
Sample 2,1341.4276184122748,1269.2629244761195
Sample 2,1342.8285523682455,1269.7326471960566
Sample 2,1344.2294863242162,1269.9739931480774
Sample 2,1345.6304202801866,1269.986583126159
Sample 2,1347.0313542361573,1269.7704136059233
Sample 2,1348.432288192128,1269.3258569498869
Sample 2,1349.8332221480987,1268.6536606071834
Sample 2,1351.2341561040694,1267.7549453124934
Sample 2,1352.63509006004,1266.6312022928569
Sample 2,1354.0360240160107,1265.2842894949224
Sample 2,1355.4369579719814,1263.7164268490274
Sample 2,1356.8378919279521,1261.9301905902594
Sample 2,1358.2388258839226,1259.9285066603231
Sample 2,1359.6397598398933,1257.7146432175823
Sample 2,1361.040693795864,1255.2922022860907
Sample 2,1362.4416277518344,1252.6651105776955
Sample 2,1363.842561707805,1249.837609524432
Sample 2,1365.2434956637758,1246.814244561378
Sample 2,1366.6444296197465,1243.5998537028886
Sample 2,1368.0453635757171,1240.1995554577006
Sample 2,1369.4462975316878,1236.6187361307398
Sample 2,1370.8472314876585,1232.86303656158
Sample 2,1372.2481654436292,1228.9383383513964
Sample 2,1373.6490993995997,1224.8507496319005
Sample 2,1375.0500333555703,1220.6065904311286
Sample 2,1376.450967311541,1216.2123776921267
Sample 2,1377.8519012675115,1211.674810001414
Sample 2,1379.2528352234822,1207.0007520847637
Sample 2,1380.6537691794529,1202.197219128185
Sample 2,1382.0547031354236,1197.2713609820692
Sample 2,1383.4556370913942,1192.2304463063072
Sample 2,1384.856571047365,1187.0818467137483
Sample 2,1386.2575050033356,1181.8330209686749
Sample 2,1387.6584389593063,1176.4914992960273
Sample 2,1389.059372915277,1171.0648678559214
Sample 2,1390.4603068712474,1165.5607534365693
Sample 2,1391.8612408272181,1159.986808417047
Sample 2,1393.2621747831888,1154.3506960494763
Sample 2,1394.6631087391593,1148.660076108065
Sample 2,1396.06404269513,1142.9225909501724
Sample 2,1397.4649766511006,1137.1458520320587
Sample 2,1398.8659106070713,1131.337426919303
Sample 2,1400.266844563042,1125.5048268290493
Sample 2,1401.6677785190127,1119.6554947382415
Sample 2,1403.0687124749834,1113.7967940888918
Sample 2,1404.469646430954,1107.9359981181753
Sample 2,1405.8705803869248,1102.0802798377908
Sample 2,1407.2715143428952,1096.236702683594
Sample 2,1408.672448298866,1090.4122118529663
Sample 2,1410.0733822548366,1084.613626343844
Sample 2,1411.474316210807,1078.8476317056618
Sample 2,1412.8752501667777,1073.1207735088549
Sample 2,1414.2761841227484,1067.4394515359013
Sample 2,1415.677118078719,1061.8099146932013
Sample 2,1417.0780520346898,1056.2382566395029
Sample 2,1418.4789859906605,1050.7304121229581
Sample 2,1419.8799199466312,1045.2921540153677
Sample 2,1421.2808539026018,1039.9290910286975
Sample 2,1422.6817878585723,1034.6466660955587
Sample 2,1424.082721814543,1029.4501553920604
Sample 2,1425.4836557705137,1024.3446679782728
Sample 2,1426.8845897264844,1019.3351460284705
Sample 2,1428.285523682455,1014.426365620445
Sample 2,1429.6864576384255,1009.6229380504042
Sample 2,1431.0873915943962,1004.929311637397
Sample 2,1432.4883255503669,1000.349773978803
Sample 2,1433.8892595063376,995.8884546161914
Sample 2,1435.2901934623083,991.5493280688589
Sample 2,1436.691127418279,987.3362171905475
Sample 2,1438.0920613742494,983.2527968032584
Sample 2,1439.49299533022,979.3025975607374
Sample 2,1440.8939292861908,975.4890099930972
Sample 2,1442.2948632421615,971.8152886831725
Sample 2,1443.6957971981321,968.2845565246068
Sample 2,1445.0967311541028,964.8998090113167
Sample 2,1446.4976651100733,961.6639185079017
Sample 2,1447.898599066044,958.5796384507498
Sample 2,1449.2995330220147,955.6496074300661
Sample 2,1450.7004669779853,952.8763531037706
Sample 2,1452.101400933956,950.2622958952456
Sample 2,1453.5023348899265,947.8097524282006
Sample 2,1454.9032688458972,945.5209386534912
Sample 2,1456.3042028018679,943.3979726245907
Sample 2,1457.7051367578385,941.4428768805157
Sample 2,1459.1060707138092,939.6575803974139
Sample 2,1460.50700466978,938.0439200726676
Sample 2,1461.9079386257504,936.603641708276
Sample 2,1463.308872581721,935.3384004634405
Sample 2,1464.7098065376917,934.2497607496725
Sample 2,1466.1107404936624,933.3391955453646
Sample 2,1467.5116744496331,932.6080851106068
Sample 2,1468.9126084056038,932.0577150870688
Sample 2,1470.3135423615743,931.6892739719912
Sample 2,1471.714476317545,931.5038499597205
Sample 2,1473.1154102735156,931.5024271487686
Sample 2,1474.5163442294863,931.6858811170368
Sample 2,1475.917278185457,932.0549738726359
Sample 2,1477.3182121414277,932.6103481925811
Sample 2,1478.7191460973982,933.3525213665744
Sample 2,1480.1200800533688,934.281878368033
Sample 2,1481.5210140093395,935.3986644794915
Sample 2,1482.9219479653102,936.7029774044436
Sample 2,1484.322881921281,938.194758902582
Sample 2,1485.7238158772516,939.873785990206
Sample 2,1487.124749833222,941.739661752267
Sample 2,1488.5256837891927,943.7918058170819
Sample 2,1489.9266177451634,946.0294445491215
Sample 2,1491.327551701134,948.4516010194732
Sample 2,1492.7284856571048,951.057084817502
Sample 2,1494.1294196130755,953.8444817709161
Sample 2,1495.530353569046,956.8121436448073
Sample 2,1496.9312875250166,959.95817789328
Sample 2,1498.3322214809873,963.2804375399493
Sample 2,1499.733155436958,966.7765112658919
Sample 2,1501.1340893929287,970.4437137854885
Sample 2,1502.5350233488994,974.2790765920313
Sample 2,1503.9359573048698,978.2793391559305
Sample 2,1505.3368912608405,982.4409406588333
Sample 2,1506.7378252168112,986.7600123469165
Sample 2,1508.1387591727819,991.2323705860947
Sample 2,1509.5396931287526,995.8535107007592
Sample 2,1510.940627084723,1000.6186016760494
Sample 2,1512.3415610406937,1005.522481801466
Sample 2,1513.7424949966644,1010.5596553308768
Sample 2,1515.143428952635,1015.7242902306905
Sample 2,1516.5443629086058,1021.010217084099
Sample 2,1517.9452968645764,1026.4109292149067
Sample 2,1519.346230820547,1031.9195840895345
Sample 2,1520.7471647765176,1037.5290060503567
Sample 2,1522.1480987324883,1043.23169042757
Sample 2,1523.549032688459,1049.0198090704253
Sample 2,1524.9499666444297,1054.8852173317782
Sample 2,1526.3509006004003,1060.819462532676
Sample 2,1527.7518345563708,1066.813793926065
Sample 2,1529.1527685123415,1072.8591741707605
Sample 2,1530.5537024683122,1078.9462923185424
Sample 2,1531.9546364242829,1085.065578308795
Sample 2,1533.3555703802535,1091.2072189563928
Sample 2,1534.7565043362242,1097.3611754097296
Sample 2,1536.1574382921947,1103.5172020468842
Sample 2,1537.5583722481654,1109.6648667689838
Sample 2,1538.959306204136,1115.7935726409098
Sample 2,1540.3602401601067,1121.8925808207089
Sample 2,1541.7611741160774,1127.951034710382
Sample 2,1543.162108072048,1133.9579852522907
Sample 2,1544.5630420280186,1139.9024172872412
Sample 2,1545.9639759839893,1145.7732768824621
Sample 2,1547.36490993996,1151.559499530228
Sample 2,1548.7658438959306,1157.2500391108993
Sample 2,1550.1667778519013,1162.8338975076194
Sample 2,1551.567711807872,1168.3001547539814
Sample 2,1552.9686457638425,1173.637999590629
Sample 2,1554.3695797198131,1178.8367603020743
Sample 2,1555.7705136757838,1183.885935700996
Sample 2,1557.1714476317545,1188.7752261240576
Sample 2,1558.5723815877252,1193.494564300741
Sample 2,1559.9733155436957,1198.034145955007
Sample 2,1561.3742494996663,1202.3844599986996
Sample 2,1562.775183455637,1206.536318175533
Sample 2,1564.1761174116077,1210.4808840153057
Sample 2,1565.5770513675784,1214.20970095959
Sample 2,1566.977985323549,1217.7147195226437
Sample 2,1568.3789192795196,1220.9883233545902
Sample 2,1569.7798532354902,1224.0233540780778
Sample 2,1571.180787191461,1226.813134774555
Sample 2,1572.5817211474316,1229.3514920020662
Sample 2,1573.9826551034023,1231.6327762329256
Sample 2,1575.383589059373,1233.6518806068552
Sample 2,1576.7845230153434,1235.4042579030229
Sample 2,1578.1854569713141,1236.8859356429273
Sample 2,1579.5863909272848,1238.0935292451322
Sample 2,1580.9873248832555,1239.0242531624456
Sample 2,1582.3882588392262,1239.6759299421637
Sample 2,1583.7891927951969,1240.0469971604266
Sample 2,1585.1901267511673,1240.1365121924825
Sample 2,1586.591060707138,1239.9441547916506
Sample 2,1587.9919946631087,1239.4702274609474
Sample 2,1589.3929286190794,1238.7156536126295
Sample 2,1590.79386257505,1237.681973522217
Sample 2,1592.1947965310208,1236.3713380948375
Sample 2,1593.5957304869912,1234.7865004728837
Sample 2,1594.996664442962,1232.930805524948
Sample 2,1596.3975983989326,1230.8081772667103
Sample 2,1597.7985323549033,1228.4231042748152
Sample 2,1599.199466310874,1225.7806231647778
Sample 2,1600.6004002668446,1222.8863002134628
Sample 2,1602.001334222815,1219.7462112156834
Sample 2,1603.4022681787858,1216.3669196728995
Sample 2,1604.8032021347565,1212.7554534197902
Sample 2,1606.2041360907272,1208.919279801591
Sample 2,1607.6050700466978,1204.8662795215125
Sample 2,1609.0060040026685,1200.6047192832098
Sample 2,1610.406937958639,1196.1432233581552
Sample 2,1611.8078719146097,1191.4907442118456
Sample 2,1613.2088058705804,1186.6565323260415
Sample 2,1614.609739826551,1181.6501053566435
Sample 2,1616.0106737825217,1176.4812167684174
Sample 2,1617.4116077384922,1171.1598240885219
Sample 2,1618.8125416944629,1165.696056920702
Sample 2,1620.2134756504336,1160.1001848611422
Sample 2,1621.6144096064043,1154.3825854552333
Sample 2,1623.015343562375,1148.5537123320696
Sample 2,1624.4162775183456,1142.624063650251
Sample 2,1625.817211474316,1136.604150984636
Sample 2,1627.2181454302868,1130.504468779079
Sample 2,1628.6190793862575,1124.335464484954
Sample 2,1630.0200133422281,1118.1075094994164
Sample 2,1631.4209472981988,1111.8308710110166
Sample 2,1632.8218812541695,1105.515684853411
Sample 2,1634.22281521014,1099.1719294606473
Sample 2,1635.6237491661107,1092.809401009844
Sample 2,1637.0246831220813,1086.437689829133
Sample 2,1638.425617078052,1080.0661581404856
Sample 2,1639.8265510340227,1073.7039191986532
Sample 2,1641.2274849899934,1067.3598178788807
Sample 2,1642.6284189459639,1061.042412757425
Sample 2,1644.0293529019345,1054.7599597202454
Sample 2,1645.4302868579052,1048.5203971266412
Sample 2,1646.831220813876,1042.3313325460358
Sample 2,1648.2321547698466,1036.2000310777692
Sample 2,1649.6330887258173,1030.1334052555349
Sample 2,1651.0340226817877,1024.1380065301535
Sample 2,1652.4349566377584,1018.2200183166959
Sample 2,1653.8358905937291,1012.3852505846351
Sample 2,1655.2368245496998,1006.6391359626907
Sample 2,1656.6377585056705,1000.986727323463
Sample 2,1658.0386924616412,995.4326968067544
Sample 2,1659.4396264176116,989.9813362347736
Sample 2,1660.8405603735823,984.6365588671334
Sample 2,1662.241494329553,979.4019024388148
Sample 2,1663.6424282855237,974.2805334199585
Sample 2,1665.0433622414944,969.2752524326108
Sample 2,1666.444296197465,964.388500756279
Sample 2,1667.8452301534355,959.6223678514187
Sample 2,1669.2461641094062,954.9785998277384
Sample 2,1670.647098065377,950.4586087824983
Sample 2,1672.0480320213476,946.0634829327271
Sample 2,1673.4489659773183,941.793997464555
Sample 2,1674.8498999332887,937.6506260225748
Sample 2,1676.2508338892594,933.6335527623035
Sample 2,1677.65176784523,929.7426848894396
Sample 2,1679.0527018012008,925.9776656105837
Sample 2,1680.4536357571715,922.3378874215039
Sample 2,1681.8545697131422,918.8225056607542
Sample 2,1683.2555036691126,915.4304522585267
Sample 2,1684.6564376250833,912.1604496129829
Sample 2,1686.057371581054,909.0110245289615
Sample 2,1687.4583055370247,905.980522156811
Sample 2,1688.8592394929954,903.0671198722176
Sample 2,1690.260173448966,900.2688410411369
Sample 2,1691.6611074049365,897.5835686173796
Sample 2,1693.0620413609072,895.0090585239219
Sample 2,1694.4629753168779,892.5429527726625
Sample 2,1695.8639092728486,890.1827922810216
Sample 2,1697.2648432288192,887.9260293475317
Sample 2,1698.66577718479,885.7700397522985
Sample 2,1700.0667111407604,883.712134451955
Sample 2,1701.467645096731,881.7495708424125
Sample 2,1702.8685790527018,879.8795635663743
Sample 2,1704.2695130086724,878.0992948461131
Sample 2,1705.6704469646431,876.4059243255032
Sample 2,1707.0713809206138,874.7965984086392
Sample 2,1708.4723148765843,873.2684590856114
Sample 2,1709.873248832555,871.8186522390896
Sample 2,1711.2741827885256,870.4443354283159
Sample 2,1712.6751167444963,869.1426851498766
Sample 2,1714.076050700467,867.9109035772431
Sample 2,1715.4769846564377,866.7462247835045
Sample 2,1716.8779186124082,865.6459204539786
Sample 2,1718.2788525683789,864.6073050974586
Sample 2,1719.6797865243495,863.6277407667609
Sample 2,1721.0807204803202,862.704641300935
Sample 2,1722.481654436291,861.8354761030442
Sample 2,1723.8825883922616,861.0177734687626
Sample 2,1725.283522348232,860.249123482219
Sample 2,1726.6844563042027,859.5271804965155
Sample 2,1728.0853902601734,858.8496652171881
Sample 2,1729.486324216144,858.2143664075552
Sample 2,1730.8872581721148,857.6191422354196
Sample 2,1732.2881921280853,857.0619212809727
Sample 2,1733.689126084056,856.5407032259848
Sample 2,1735.0900600400266,856.0535592444817
Sample 2,1736.4909939959973,855.598632115091
Sample 2,1737.891927951968,855.174136075127
Sample 2,1739.2928619079387,854.7783564362493
Sample 2,1740.6937958639091,854.4096489812188
Sample 2,1742.0947298198798,854.066439160866
Sample 2,1743.4956637758505,853.7472211099092
Sample 2,1744.8965977318212,853.4505564997069
Sample 2,1746.297531687792,853.175073245435
Sample 2,1747.6984656437626,852.9194640845067
Sample 2,1749.099399599733,852.6824850423711
Sample 2,1750.5003335557037,852.46295380108
Sample 2,1751.9012675116744,852.2597479852614
Sample 2,1753.302201467645,852.0718033793544
Sample 2,1754.7031354236158,851.8981120891635
Sample 2,1756.1040693795865,851.7377206599945
Sample 2,1757.505003335557,851.589728162826
Sample 2,1758.9059372915276,851.4532842591705
Sample 2,1760.3068712474983,851.3275872544879
Sample 2,1761.707805203469,851.211882149234
Sample 2,1763.1087391594397,851.1054586958594
Sample 2,1764.5096731154104,851.007649469333
Sample 2,1765.9106070713808,850.9178279580411
Sample 2,1767.3115410273515,850.8354066812119
Sample 2,1768.7124749833222,850.7598353383505
Sample 2,1770.1134089392929,850.6905989955266
Sample 2,1771.5143428952636,850.6272163127425
Sample 2,1772.9152768512342,850.5692378160345
Sample 2,1774.3162108072047,850.5162442174129
Sample 2,1775.7171447631754,850.4678447852272
Sample 2,1777.118078719146,850.4236757670689
Sample 2,1778.5190126751168,850.3833988668691
Sample 2,1779.9199466310874,850.3466997774373
Sample 2,1781.320880587058,850.3132867693008
Sample 2,1782.7218145430286,850.2828893363561
Sample 2,1784.1227484989993,850.2552568985183
Sample 2,1785.52368245497,850.2301575612673
Sample 2,1786.9246164109406,850.2073769317257
Sample 2,1788.3255503669113,850.1867169906658
Sample 2,1789.7264843228818,850.1679950196445
Sample 2,1791.1274182788525,850.1510425822678
Sample 2,1792.5283522348232,850.1357045584418
Sample 2,1793.9292861907938,850.1218382303205
Sample 2,1795.3302201467645,850.1093124185525
Sample 2,1796.7311541027352,850.0980066673274
Sample 2,1798.1320880587057,850.0878104766507
Sample 2,1799.5330220146764,850.0786225802127
Sample 2,1800.933955970647,850.0703502671741
Sample 2,1802.3348899266177,850.0629087461624
Sample 2,1803.7358238825884,850.0562205497515
Sample 2,1805.136757838559,850.0502149777016
Sample 2,1806.5376917945296,850.0448275772305
Sample 2,1807.9386257505003,850.0399996586152
Sample 2,1809.339559706471,850.0356778444376
Sample 2,1810.7404936624416,850.0318136508247
Sample 2,1812.1414276184123,850.0283630990738
Sample 2,1813.542361574383,850.0252863560908
Sample 2,1814.9432955303535,850.0225474021277
Sample 2,1816.3442294863241,850.0201137243514
Sample 2,1817.7451634422948,850.0179560348374
Sample 2,1819.1460973982655,850.0160480116398
Sample 2,1820.5470313542362,850.0143660616507
Sample 2,1821.9479653102069,850.0128891040284
Sample 2,1823.3488992661773,850.0115983730328
Sample 2,1824.749833222148,850.0104772391786
Sample 2,1826.1507671781187,850.0095110476786
Sample 2,1827.5517011340894,850.0086869732148
Sample 2,1828.95263509006,850.0079938901438
Sample 2,1830.3535690460308,850.0074222573035
Sample 2,1831.7545030020012,850.0069640166561
Sample 2,1833.155436957972,850.00661250506
Sample 2,1834.5563709139426,850.0063623785325
Sample 2,1835.9573048699133,850.0062095484141
Sample 2,1837.358238825884,850.0061511289164
Sample 2,1838.7591727818544,850.00618539558
Sample 2,1840.1601067378251,850.0063117542338
Sample 2,1841.5610406937958,850.0065307200906
Sample 2,1842.9619746497665,850.0068439066742
Sample 2,1844.3629086057372,850.0072540243133
Sample 2,1845.7638425617079,850.0077648879882
Sample 2,1847.1647765176783,850.0083814343612
Sample 2,1848.565710473649,850.0091097478602
Sample 2,1849.9666444296197,850.009957095725
Sample 2,1851.3675783855904,850.0109319719667
Sample 2,1852.768512341561,850.0120441502172
Sample 2,1854.1694462975317,850.0133047454837
Sample 2,1855.5703802535022,850.0147262848491
Sample 2,1856.971314209473,850.0163227871847
Sample 2,1858.3722481654436,850.018109851964
Sample 2,1859.7731821214143,850.0201047572889
Sample 2,1861.174116077385,850.022326567249
Sample 2,1862.5750500333556,850.0247962487576
Sample 2,1863.975983989326,850.0275367980073
Sample 2,1865.3769179452968,850.0305733766997
Sample 2,1866.7778519012675,850.0339334582033
Sample 2,1868.1787858572382,850.0376469837914
Sample 2,1869.5797198132088,850.0417465291064
Sample 2,1870.9806537691795,850.0462674809806
Sample 2,1872.38158772515,850.0512482247377
Sample 2,1873.7825216811207,850.056730342067
Sample 2,1875.1834556370914,850.0627588195455
Sample 2,1876.584389593062,850.0693822678483
Sample 2,1877.9853235490327,850.0766531516523
Sample 2,1879.3862575050034,850.0846280301954
Sample 2,1880.7871914609739,850.0933678084089
Sample 2,1882.1881254169446,850.1029379984836
Sample 2,1883.5890593729152,850.1134089916748
Sample 2,1884.989993328886,850.1248563400814
Sample 2,1886.3909272848566,850.1373610480679
Sample 2,1887.7918612408273,850.1510098729168
Sample 2,1889.1927951967978,850.1658956342152
Sample 2,1890.5937291527684,850.1821175313908
Sample 2,1891.9946631087391,850.1997814687152
Sample 2,1893.3955970647098,850.2190003869911
Sample 2,1894.7965310206805,850.2398946010289
Sample 2,1896.197464976651,850.2625921419083
Sample 2,1897.5983989326216,850.2872291028986
Sample 2,1898.9993328885923,850.313949987789
Sample 2,1900.400266844563,850.3429080602496
Sample 2,1901.8012008005337,850.374265692712
Sample 2,1903.2021347565044,850.4081947131228
Sample 2,1904.6030687124749,850.4448767477817
Sample 2,1906.0040026684455,850.4845035583362
Sample 2,1907.4049366244162,850.5272773708614
Sample 2,1908.805870580387,850.5734111948082
Sample 2,1910.2068045363576,850.6231291294624
Sample 2,1911.6077384923283,850.6766666554145
Sample 2,1913.0086724482987,850.7342709083966
Sample 2,1914.4096064042694,850.796200932717
Sample 2,1915.81054036024,850.8627279113784
Sample 2,1917.2114743162108,850.9341353698545
Sample 2,1918.6124082721815,851.0107193503737
Sample 2,1920.0133422281522,851.0927885534542
Sample 2,1921.4142761841226,851.1806644433394
Sample 2,1922.8152101400933,851.2746813138929
Sample 2,1924.216144096064,851.375186311444
Sample 2,1925.6170780520347,851.4825394110213
Sample 2,1927.0180120080054,851.5971133423641
Sample 2,1928.418945963976,851.7192934620931
Sample 2,1929.8198799199465,851.8494775684106
Sample 2,1931.2208138759172,851.9880756547286
Sample 2,1932.621747831888,852.1355095986663
Sample 2,1934.0226817878586,852.2922127829281
Sample 2,1935.4236157438293,852.4586296446686
Sample 2,1936.8245496998,852.6352151500772
Sample 2,1938.2254836557704,852.8224341910641
Sample 2,1939.626417611741,853.020760901114
Sample 2,1941.0273515677118,853.2306778875869
Sample 2,1942.4282855236825,853.4526753779888
Sample 2,1943.8292194796531,853.6872502780157
Sample 2,1945.2301534356236,853.934905139476
Sample 2,1946.6310873915943,854.1961470365532
Sample 2,1948.032021347565,854.4714863492281
Sample 2,1949.4329553035357,854.7614354531049
Sample 2,1950.8338892595063,855.0665073153123
Sample 2,1952.234823215477,855.38721399663
Sample 2,1953.6357571714475,855.724065060489
Sample 2,1955.0366911274182,856.0775658900213
Sample 2,1956.4376250833889,856.448215914896
Sample 2,1957.8385590393596,856.8365067502563
Sample 2,1959.2394929953302,857.2429202506783
Sample 2,1960.640426951301,857.6679264826922
Sample 2,1962.0413609072714,858.1119816200519
Sample 2,1963.442294863242,858.575525766589
Sample 2,1964.8432288192128,859.0589807121524
Sample 2,1966.2441627751834,859.5627476278072
Sample 2,1967.6450967311541,860.0872047071327
Sample 2,1969.0460306871248,860.6327047611351
Sample 2,1970.4469646430953,861.1995727749501
Sample 2,1971.847898599066,861.78810343516
Sample 2,1973.2488325550366,862.3985586371859
Sample 2,1974.6497665110073,863.0311649828274
Sample 2,1976.050700466978,863.6861112786014
Sample 2,1977.4516344229487,864.363546046092
Sample 2,1978.8525683789192,865.0635750560278
Sample 2,1980.2535023348898,865.7862588982778
Sample 2,1981.6544362908605,866.5316106003768
Sample 2,1983.0553702468312,867.2995933075581
Sample 2,1984.456304202802,868.0901180375786
Sample 2,1985.8572381587726,868.903041523865
Sample 2,1987.258172114743,869.7381641606843
Sample 2,1988.6591060707137,870.595228064144
Sample 2,1990.0600400266844,871.4739152628483
Sample 2,1991.460973982655,872.3738460319864
Sample 2,1992.8619079386258,873.2945773844807
Sample 2,1994.2628418945965,874.2356017325988
Sample 2,1995.663775850567,875.1963457331167
Sample 2,1997.0647098065376,876.1761693287115
Sample 2,1998.4656437625083,877.1743649977608
Sample 2,1999.866577718479,878.1901572241397
Sample 2,2001.2675116744497,879.2227021979155
Sample 2,2002.6684456304201,880.271087757072
Sample 2,2004.0693795863908,881.334333579526
Sample 2,2005.4703135423615,882.41139163375
Sample 2,2006.8712474983322,883.5011468952803
Sample 2,2008.2721814543029,884.602418335274
Sample 2,2009.6731154102736,885.7139601860848
Sample 2,2011.074049366244,886.8344634875724
Sample 2,2012.4749833222147,887.9625579165307
Sample 2,2013.8759172781854,889.0968139002364
Sample 2,2015.276851234156,890.2357450136907
Sample 2,2016.6777851901268,891.3778106586485
Sample 2,2018.0787191460975,892.5214190210188
Sample 2,2019.479653102068,893.6649303016877
Sample 2,2020.8805870580386,894.8066602142669
Sample 2,2022.2815210140093,895.9448837417068
Sample 2,2023.68245496998,897.0778391421746
Sample 2,2025.0833889259507,898.2037321930504
Sample 2,2026.4843228819213,899.3207406603854
Sample 2,2027.8852568378918,900.4270189796957
Sample 2,2029.2861907938625,901.5207031325326
Sample 2,2030.6871247498332,902.5999157018955
Sample 2,2032.0880587058039,903.6627710882573
Sample 2,2033.4889926617745,904.7073808667406
Sample 2,2034.8899266177452,905.7318592648444
Sample 2,2036.2908605737157,906.7343287390805
Sample 2,2037.6917945296864,907.7129256279433
Sample 2,2039.092728485657,908.6658058578112
Sample 2,2040.4936624416277,909.5911506776825
Sample 2,2041.8945963975984,910.4871723980721
Sample 2,2043.2955303535691,911.3521201089583
Sample 2,2044.6964643095396,912.1842853513751
Sample 2,2046.0973982655103,912.9820077170864
Sample 2,2047.498332221481,913.7436803507717
Sample 2,2048.899266177452,914.4677553293014
Sample 2,2050.3002001334225,915.1527488929635
Sample 2,2051.7011340893932,915.7972465039529
Sample 2,2053.1020680453635,916.3999077080257
Sample 2,2054.503002001334,916.9594707759587
Sample 2,2055.903935957305,917.4747571023397
Sample 2,2057.3048699132755,917.9446753402401
Sample 2,2058.705803869246,918.3682252514747
Sample 2,2060.1067378252164,918.7445012534431
Sample 2,2061.507671781187,919.0726956449536
Sample 2,2062.908605737158,919.352101494945
Sample 2,2064.3095396931285,919.5821151796519
Sample 2,2065.710473649099,919.7622385554639
Sample 2,2067.11140760507,919.8920807565357
Sample 2,2068.5123415610406,919.9713596080644
Sample 2,2069.9132755170112,919.999902648086
Sample 2,2071.314209472982,919.9776477526091
Sample 2,2072.7151434289526,919.9046433609144
Sample 2,2074.1160773849233,919.78104829988
Sample 2,2075.517011340894,919.6071312082186
Sample 2,2076.9179452968647,919.3832695635517
Sample 2,2078.3188792528354,919.1099483172536
Sample 2,2079.719813208806,918.787758143971
Sample 2,2081.1207471647767,918.4173933146667
Sample 2,2082.5216811207474,917.9996492039039
Sample 2,2083.922615076718,917.5354194438997
Sample 2,2085.3235490326883,917.0256927395977
Sample 2,2086.724482988659,916.4715493606461
Sample 2,2088.1254169446297,915.8741573277016
Sample 2,2089.5263509006004,915.2347683118936
Sample 2,2090.927284856571,914.554713267593
Sample 2,2092.3282188125418,913.8353978197971
Sample 2,2093.729152768512,913.0782974284888
Sample 2,2095.1300867244827,912.2849523532221
Sample 2,2096.5310206804534,911.4569624419548
Sample 2,2097.931954636424,910.595981768747
Sample 2,2099.3328885923947,909.7037131454176
Sample 2,2100.7338225483654,908.781902532555
Sample 2,2102.134756504336,907.8323333754412
Sample 2,2103.535690460307,906.8568208904613
Sample 2,2104.9366244162775,905.8572063274311
Sample 2,2106.337558372248,904.8353512329982
Sample 2,2107.738492328219,903.7931317398495
Sample 2,2109.1394262841895,902.7324329059047
Sample 2,2110.54036024016,901.6551431269855
Sample 2,2111.941294196131,900.5631486456494
Sample 2,2113.3422281521016,899.458328177949
Sample 2,2114.7431621080723,898.3425476788516
Sample 2,2116.144096064043,897.2176552659249
Sample 2,2117.545030020013,896.0854763196802
Sample 2,2118.945963975984,894.9478087776658
Sample 2,2120.3468979319546,893.8064186380493
Sample 2,2121.7478318879253,892.6630356869887
Sample 2,2123.148765843896,891.5193494626391
Sample 2,2124.5496997998666,890.3770054671245
Sample 2,2125.950633755837,889.237601636272
Sample 2,2127.3515677118075,888.1026850753548
Sample 2,2128.7525016677782,886.9737490675423
Sample 2,2130.153435623749,885.8522303601876
Sample 2,2131.5543695797196,884.7395067325657
Sample 2,2132.9553035356903,883.6368948471466
Sample 2,2134.356237491661,882.5456483850166
Sample 2,2135.7571714476317,881.4669564646188
Sample 2,2137.1581054036023,880.4019423415931
Sample 2,2138.559039359573,879.351662386168
Sample 2,2139.9599733155437,878.3171053332799
Sample 2,2141.3609072715144,877.2991917994049
Sample 2,2142.761841227485,876.2987740589546
Sample 2,2144.162775183456,875.3166360720473
Sample 2,2145.5637091394265,874.3534937545045
Sample 2,2146.964643095397,873.4099954800429
Sample 2,2148.365577051368,872.4867228038527
Sample 2,2149.7665110073385,871.5841913960514
Sample 2,2151.1674449633088,870.7028521729047
Sample 2,2152.5683789192794,869.8430926131902
Sample 2,2153.96931287525,869.0052382466664
Sample 2,2155.370246831221,868.1895543012753
Sample 2,2156.7711807871915,867.3962474954711
Sample 2,2158.172114743162,866.6254679619179
Sample 2,2159.5730486991324,865.8773112887291
Sample 2,2160.973982655103,865.1518206644332
Sample 2,2162.374916611074,864.4489891129552
Sample 2,2163.7758505670445,863.7687618050476
Sample 2,2165.176784523015,863.1110384328608
Sample 2,2166.577718478986,862.4756756346317
Sample 2,2167.9786524349565,861.8624894568278
Sample 2,2169.379586390927,861.2712578415077
Sample 2,2170.780520346898,860.7017231271113
Sample 2,2172.1814543028686,860.1535945514123
Sample 2,2173.5823882588393,859.6265507459034
Sample 2,2174.98332221481,859.1202422114712
Sample 2,2176.3842561707806,858.6342937658249
Sample 2,2177.7851901267513,858.1683069537693
Sample 2,2179.186124082722,857.7218624120713
Sample 2,2180.5870580386927,857.2945221813194
Sample 2,2181.9879919946634,856.8858319578517
Sample 2,2183.3889259506336,856.495323279498
Sample 2,2184.7898599066043,856.1225156395519
Sample 2,2186.190793862575,855.7669185240527
Sample 2,2187.5917278185457,855.4280333681144
Sample 2,2188.9926617745164,855.1053554276792
Sample 2,2190.393595730487,854.7983755637016
Sample 2,2191.7945296864573,854.5065819363714
Sample 2,2193.195463642428,854.2294616075712
Sample 2,2194.5963975983987,853.9665020503253
Sample 2,2195.9973315543693,853.7171925645227
Sample 2,2197.39826551034,853.481025598711
Sample 2,2198.7991994663107,853.2574979782239
Sample 2,2200.2001334222814,853.0461120403577
Sample 2,2201.601067378252,852.8463766777136
Sample 2,2203.0020013342228,852.657808291213
Sample 2,2204.4029352901935,852.4799316546301
Sample 2,2205.803869246164,852.3122806928084
Sample 2,2207.204803202135,852.1543991759995
Sample 2,2208.6057371581055,852.0058413330219
Sample 2,2210.006671114076,851.8661723861447
Sample 2,2211.407605070047,851.7349690107949
Sample 2,2212.8085390260176,851.6118197233362
Sample 2,2214.2094729819883,851.4963252003023
Sample 2,2215.610406937959,851.3880985325588
Sample 2,2217.011340893929,851.2867654179464
Sample 2,2218.4122748499,851.1919642960038
Sample 2,2219.8132088058705,851.1033464283931
Sample 2,2221.2141427618412,851.0205759286533
Sample 2,2222.615076717812,850.9433297448893
Sample 2,2224.016010673782,850.8712975989655
Sample 2,2225.416944629753,850.804181885723
Sample 2,2226.8178785857235,850.7416975356637
Sample 2,2228.218812541694,850.6835718444662
Sample 2,2229.619746497665,850.6295442726012
Sample 2,2231.0206804536356,850.5793662182036
Sample 2,2232.4216144096063,850.5328007662494
Sample 2,2233.822548365577,850.489622416953
Sample 2,2235.2234823215476,850.4496167961794
Sample 2,2236.6244162775183,850.4125803505202
Sample 2,2238.025350233489,850.3783200295529
Sample 2,2239.4262841894597,850.3466529576518
Sample 2,2240.8272181454304,850.3174060975819
Sample 2,2242.228152101401,850.2904159079591
Sample 2,2243.6290860573718,850.2655279965172
Sample 2,2245.0300200133424,850.2425967709805
Sample 2,2246.430953969313,850.2214850891972
Sample 2,2247.831887925284,850.2020639100559
Sample 2,2249.232821881254,850.1842119465679
Sample 2,2250.6337558372247,850.1678153223706
Sample 2,2252.0346897931954,850.1527672327811
Sample 2,2253.435623749166,850.1389676114053
Sample 2,2254.836557705137,850.1263228031947
Sample 2,2256.2374916611075,850.1147452447306
Sample 2,2257.6384256170777,850.1041531524095
Sample 2,2259.0393595730484,850.0944702191075
Sample 2,2260.440293529019,850.0856253198024
Sample 2,2261.8412274849898,850.0775522265503
Sample 2,2263.2421614409604,850.0701893331275
Sample 2,2264.643095396931,850.0634793895751
Sample 2,2266.044029352902,850.0573692468132
Sample 2,2267.4449633088725,850.0518096114243
Sample 2,2268.845897264843,850.0467548106536
Sample 2,2270.246831220814,850.0421625676103
Sample 2,2271.6477651767846,850.0379937866167
Sample 2,2273.0486991327552,850.0342123486002
Sample 2,2274.449633088726,850.0307849163887
Sample 2,2275.8505670446966,850.0276807497349
Sample 2,2277.2515010006673,850.0248715298668
Sample 2,2278.652434956638,850.0223311933337
Sample 2,2280.0533689126087,850.0200357748975
Sample 2,2281.454302868579,850.0179632591991
Sample 2,2282.8552368245496,850.0160934409174
Sample 2,2284.2561707805203,850.0144077931232
Sample 2,2285.657104736491,850.0128893435237
Sample 2,2287.0580386924617,850.0115225582886
Sample 2,2288.4589726484323,850.0102932331387
Sample 2,2289.8599066044026,850.009188391384
Sample 2,2291.2608405603733,850.0081961885926
Sample 2,2292.661774516344,850.007305823575
Sample 2,2294.0627084723146,850.0065074553746
Sample 2,2295.4636424282853,850.0057921259538
Sample 2,2296.864576384256,850.0051516882794
Sample 2,2298.2655103402267,850.004578739509
Sample 2,2299.6664442961974,850.0040665589949
Sample 2,2301.067378252168,850.0036090508261
Sample 2,2302.4683122081387,850.003200690641
Sample 2,2303.8692461641094,850.0028364764506
Sample 2,2305.27018012008,850.0025118832224
Sample 2,2306.671114076051,850.0022228209874
Sample 2,2308.0720480320215,850.0019655962401
Sample 2,2309.472981987992,850.0017368764129
Sample 2,2310.873915943963,850.0015336572171
Sample 2,2312.2748498999335,850.0013532326527
Sample 2,2313.6757838559042,850.001193167499
Sample 2,2315.0767178118745,850.001051272108
Sample 2,2316.477651767845,850.0009255793349
Sample 2,2317.878585723816,850.0008143234436
Sample 2,2319.2795196797865,850.0007159208435
Sample 2,2320.680453635757,850.0006289525122
Sample 2,2322.081387591728,850.000552147978
Sample 2,2323.482321547698,850.0004843707361
Sample 2,2324.883255503669,850.0004246049843
Sample 2,2326.2841894596395,850.0003719435739
Sample 2,2327.68512341561,850.0003255770713
Sample 2,2329.086057371581,850.0002847838422
Sample 2,2330.4869913275516,850.0002489210698
Sample 2,2331.8879252835222,850.0002174166265
Sample 2,2333.288859239493,850.0001897617285
Sample 2,2334.6897931954636,850.0001655043004
Sample 2,2336.0907271514343,850.0001442429909
Sample 2,2337.491661107405,850.0001256217779
Sample 2,2338.8925950633757,850.0001093251124
Sample 2,2340.2935290193464,850.0000950735499
Sample 2,2341.694462975317,850.0000826198246
Sample 2,2343.0953969312877,850.000071745325
Sample 2,2344.4963308872584,850.0000622569337
Sample 2,2345.897264843229,850.0000539841947
Sample 2,2347.2981987991993,850.0000467767784
Sample 2,2348.69913275517,850.0000405022145
Sample 2,2350.1000667111407,850.000035043866
Sample 2,2351.5010006671114,850.0000302991212
Sample 2,2352.901934623082,850.0000261777814
Sample 2,2354.3028685790528,850.0000226006234
Sample 2,2355.703802535023,850.000019498122
Sample 2,2357.1047364909937,850.0000168093117
Sample 2,2358.5056704469644,850.0000144807766
Sample 2,2359.906604402935,850.0000124657543
Sample 2,2361.3075383589057,850.0000107233393
Sample 2,2362.7084723148764,850.0000092177795
Sample 2,2364.109406270847,850.0000079178517
Sample 2,2365.510340226818,850.0000067963101
Sample 2,2366.9112741827885,850.0000058293992
Sample 2,2368.312208138759,850.000004996423
Sample 2,2369.71314209473,850.0000042793653
Sample 2,2371.1140760507005,850.0000036625563
Sample 2,2372.515010006671,850.0000031323771
Sample 2,2373.915943962642,850.0000026770011
Sample 2,2375.3168779186126,850.0000022861665
Sample 2,2376.7178118745833,850.000001950976
Sample 2,2378.118745830554,850.0000016637221
Sample 2,2379.5196797865246,850.0000014177328
Sample 2,2380.920613742495,850.0000012072378
Sample 2,2382.3215476984656,850.0000010272497
Sample 2,2383.7224816544363,850.000000873462
Sample 2,2385.123415610407,850.0000007421586
Sample 2,2386.5243495663776,850.000000630136
Sample 2,2387.925283522348,850.0000005346341
Sample 2,2389.3262174783185,850.000000453277
Sample 2,2390.727151434289,850.0000003840215
Sample 2,2392.12808539026,850.0000003251114
Sample 2,2393.5290193462306,850.0000002750386
Sample 2,2394.9299533022013,850.000000232509
Sample 2,2396.330887258172,850.0000001964133
Sample 2,2397.7318212141427,850.0000001658008
Sample 2,2399.1327551701133,850.000000139858
Sample 2,2400.533689126084,850.0000001178888
Sample 2,2401.9346230820547,850.0000000992985
Sample 2,2403.3355570380254,850.000000083579
Sample 2,2404.736490993996,850.0000000702971
Sample 2,2406.1374249499668,850.0000000590829
Sample 2,2407.5383589059375,850.0000000496216
Sample 2,2408.939292861908,850.0000000416452
Sample 2,2410.340226817879,850.0000000349256
Sample 2,2411.7411607738495,850.000000029269
Sample 2,2413.1420947298197,850.0000000245107
Sample 2,2414.5430286857904,850.0000000205112
Sample 2,2415.943962641761,850.0000000171517
Sample 2,2417.344896597732,850.000000014332
Sample 2,2418.7458305537025,850.0000000119674
Sample 2,2420.146764509673,850.0000000099855
Sample 2,2421.5476984656434,850.0000000083259
Sample 2,2422.948632421614,850.000000006937
Sample 2,2424.349566377585,850.0000000057755
Sample 2,2425.7505003335555,850.0000000048051
Sample 2,2427.151434289526,850.0000000039948
Sample 2,2428.552368245497,850.0000000033189
Sample 2,2429.9533022014675,850.0000000027552
Sample 2,2431.354236157438,850.0000000022856
Sample 2,2432.755170113409,850.0000000018947
Sample 2,2434.1561040693796,850.0000000015694
Sample 2,2435.5570380253503,850.0000000012991
Sample 2,2436.957971981321,850.0000000010746
Sample 2,2438.3589059372916,850.0000000008882
Sample 2,2439.7598398932623,850.0000000007336
Sample 2,2441.160773849233,850.0000000006055
Sample 2,2442.5617078052037,850.0000000004994
Sample 2,2443.9626417611744,850.0000000004115
Sample 2,2445.3635757171446,850.000000000339
Sample 2,2446.7645096731153,850.000000000279
Sample 2,2448.165443629086,850.0000000002294
Sample 2,2449.5663775850567,850.0000000001885
Sample 2,2450.9673115410274,850.0000000001548
Sample 2,2452.368245496998,850.000000000127
Sample 2,2453.7691794529687,850.0000000001041
Sample 2,2455.1701134089394,850.0000000000854
Sample 2,2456.57104736491,850.0000000000699
Sample 2,2457.9719813208803,850.0000000000572
Sample 2,2459.372915276851,850.0000000000467
Sample 2,2460.7738492328217,850.0000000000382
Sample 2,2462.1747831887924,850.0000000000312
Sample 2,2463.575717144763,850.0000000000255
Sample 2,2464.9766511007338,850.0000000000207
Sample 2,2466.3775850567044,850.0000000000169
Sample 2,2467.778519012675,850.0000000000138
Sample 2,2469.179452968646,850.0000000000111
Sample 2,2470.5803869246165,850.0000000000091
Sample 2,2471.981320880587,850.0000000000074
Sample 2,2473.382254836558,850.000000000006
Sample 2,2474.783188792528,850.0000000000049
Sample 2,2476.184122748499,850.000000000004
Sample 2,2477.5850567044695,850.0000000000032
Sample 2,2478.98599066044,850.0000000000026
Sample 2,2480.386924616411,850.000000000002
Sample 2,2481.7878585723815,850.0000000000017
Sample 2,2483.188792528352,850.0000000000014
Sample 2,2484.589726484323,850.0000000000011
Sample 2,2485.9906604402936,850.0000000000009
Sample 2,2487.3915943962643,850.0000000000007
Sample 2,2488.792528352235,850.0000000000006
Sample 2,2490.1934623082057,850.0000000000005
Sample 2,2491.594396264176,850.0000000000003
Sample 2,2492.9953302201466,850.0000000000003
Sample 2,2494.3962641761173,850.0000000000002
Sample 2,2495.797198132088,850.0000000000002
Sample 2,2497.1981320880586,850.0000000000001
Sample 2,2498.5990660440293,850.0000000000001
Sample 2,2500.0,850.0000000000001
