series,raman_shift_cm-1,intensity_au
laser 532 nm,400.0,80.08722028325465
laser 532 nm,401.40093395597063,80.10501862988897
laser 532 nm,402.8018679119413,80.12617349818004
laser 532 nm,404.20280186791194,80.15125957680735
laser 532 nm,405.6037358238826,80.1809383221178
laser 532 nm,407.00466977985326,80.21596888055444
laser 532 nm,408.4056037358239,80.2572200015321
laser 532 nm,409.8065376917945,80.3056829645799
laser 532 nm,411.2074716477652,80.36248553230824
laser 532 nm,412.60840560373583,80.42890692590524
laser 532 nm,414.00933955970646,80.50639380224554
laser 532 nm,415.4102735156771,80.59657719115361
laser 532 nm,416.8112074716478,80.70129032779917
laser 532 nm,418.2121414276184,80.82258728855696
laser 532 nm,419.61307538358903,80.96276230894644
laser 532 nm,421.0140093395597,81.12436962955957
laser 532 nm,422.41494329553035,81.31024368035423
laser 532 nm,423.815877251501,81.52351937559935
laser 532 nm,425.21681120747166,81.767652251474
laser 532 nm,426.6177451634423,82.04643813632879
laser 532 nm,428.0186791194129,82.36403200051774
laser 532 nm,429.4196130753836,82.72496558923127
laser 532 nm,430.82054703135424,83.13416339876242
laser 532 nm,432.22148098732487,83.59695651510113
laser 532 nm,433.62241494329555,84.11909379477751
laser 532 nm,435.0233488992662,84.7067498326789
laser 532 nm,436.4242828552368,85.3665291314558
laser 532 nm,437.8252168112075,86.10546586349732
laser 532 nm,439.2261507671781,86.93101860073935
laser 532 nm,440.62708472314876,87.85105938123462
laser 532 nm,442.02801867911944,88.87385648591798
laser 532 nm,443.42895263509007,90.00805031575676
laser 532 nm,444.8298865910607,91.26262178979889
laser 532 nm,446.2308205470314,92.64685272970596
laser 532 nm,447.631754503002,94.17027775718348
laser 532 nm,449.03268845897264,95.84262730805894
laser 532 nm,450.4336224149433,97.6737614610891
laser 532 nm,451.83455637091396,99.67359439105512
laser 532 nm,453.2354903268846,101.85200938409255
laser 532 nm,454.6364242828552,104.21876449786645
laser 532 nm,456.0373582388259,106.78338910903663
laser 532 nm,457.43829219479653,109.55507176390546
laser 532 nm,458.83922615076716,112.54253993313695
laser 532 nm,460.24016010673785,115.75393246542784
laser 532 nm,461.6410940627085,119.19666573497852
laser 532 nm,463.0420280186791,122.87729468005705
laser 532 nm,464.44296197464973,126.80137013096525
laser 532 nm,465.8438959306204,130.97329402104953
laser 532 nm,467.24482988659105,135.39617425947569
laser 532 nm,468.6457638425617,140.07168121456135
laser 532 nm,470.04669779853236,144.99990790664617
laser 532 nm,471.447631754503,150.17923613493917
laser 532 nm,472.8485657104736,155.60621085876826
laser 532 nm,474.2494996664443,161.27542521569129
laser 532 nm,475.65043362241494,167.1794185829486
laser 532 nm,477.05136757838557,173.30859007116626
laser 532 nm,478.45230153435625,179.6511297771562
laser 532 nm,479.8532354903269,186.19297001400247
laser 532 nm,481.2541694462975,192.91775858011678
laser 532 nm,482.6551034022682,199.80685592435637
laser 532 nm,484.0560373582388,206.83935781245296
laser 532 nm,485.45697131420945,213.99214480283115
laser 532 nm,486.85790527018014,221.2399595004727
laser 532 nm,488.25883922615077,228.55551218005712
laser 532 nm,489.6597731821214,235.9096149594918
laser 532 nm,491.0607071380921,243.27134426850756
laser 532 nm,492.4616410940627,250.60823090159275
laser 532 nm,493.86257505003334,257.88647647828446
laser 532 nm,495.263509006004,265.0711946655452
laser 532 nm,496.66444296197466,272.1266750559368
laser 532 nm,498.0653769179453,279.01666715111423
laser 532 nm,499.466310873916,285.7046814824224
laser 532 nm,500.8672448298866,292.1543045185779
laser 532 nm,502.26817878585723,298.3295236735703
laser 532 nm,503.6691127418279,304.19505844442887
laser 532 nm,505.07004669779855,309.71669348591706
laser 532 nm,506.4709806537692,314.8616092739656
laser 532 nm,507.8719146097398,319.59870592688736
laser 532 nm,509.2728485657105,323.8989157468956
laser 532 nm,510.6737825216811,327.7355001162926
laser 532 nm,512.0747164776518,331.0843265334299
laser 532 nm,513.4756504336224,333.92412180192673
laser 532 nm,514.8765843895931,336.2366976897754
laser 532 nm,516.2775183455637,338.0071457481944
laser 532 nm,517.6784523015343,339.22399841727236
laser 532 nm,519.079386257505,339.87935403883273
laser 532 nm,520.4803202134757,339.9689639376026
laser 532 nm,521.8812541694463,339.4922803095769
laser 532 nm,523.282188125417,338.4524642604555
laser 532 nm,524.6831220813876,336.85635395562207
laser 532 nm,526.0840560373582,334.7143934643624
laser 532 nm,527.4849899933289,332.0405234928746
laser 532 nm,528.8859239492995,328.8520357912848
laser 532 nm,530.2868579052702,325.1693935779778
laser 532 nm,531.6877918612408,321.01602083950405
laser 532 nm,533.0887258172115,316.41806382641647
laser 532 nm,534.4896597731821,311.4041284661867
laser 532 nm,535.8905937291528,306.00499774664314
laser 532 nm,537.2915276851234,300.25333338152416
laser 532 nm,538.692461641094,294.1833662495618
laser 532 nm,540.0933955970647,287.83058019758425
laser 532 nm,541.4943295530354,281.23139381543837
laser 532 nm,542.895263509006,274.42284472691347
laser 532 nm,544.2961974649767,267.44228079839746
laser 532 nm,545.6971314209472,260.3270624494464
laser 532 nm,547.0980653769179,253.11427996162965
laser 532 nm,548.4989993328886,245.8404893300964
laser 532 nm,549.8999332888593,238.54146979318142
laser 532 nm,551.3008672448299,231.25200571699014
laser 532 nm,552.7018012008006,224.00569501258272
laser 532 nm,554.1027351567711,216.83478573207265
laser 532 nm,555.5036691127418,209.7700419357318
laser 532 nm,556.9046030687125,202.84063935441986
laser 532 nm,558.3055370246832,196.0740907994756
laser 532 nm,559.7064709806538,189.4962007049053
laser 532 nm,561.1074049366244,183.13104763312455
laser 532 nm,562.508338892595,177.0009930444233
laser 532 nm,563.9092728485657,171.126714130028
laser 532 nm,565.3102068045364,165.52725804723508
laser 532 nm,566.711140760507,160.22011448013205
laser 532 nm,568.1120747164777,155.22130308824947
laser 532 nm,569.5130086724483,150.5454721048726
laser 532 nm,570.9139426284189,146.20600411306663
laser 532 nm,572.3148765843896,142.21512486664926
laser 532 nm,573.7158105403603,138.58401094064476
laser 532 nm,575.1167444963309,135.32289199581135
laser 532 nm,576.5176784523015,132.4411435285213
laser 532 nm,577.9186124082721,129.94736615343842
laser 532 nm,579.3195463642428,127.84944773383874
laser 532 nm,580.7204803202135,126.15460503349126
laser 532 nm,582.1214142761842,124.86940201354503
laser 532 nm,583.5223482321547,123.99974243494657
laser 532 nm,584.9232821881254,123.55083504652212
laser 532 nm,586.324216144096,123.5271303338256
laser 532 nm,587.7251501000667,123.9322285645743
laser 532 nm,589.1260840560374,124.76875968090904
laser 532 nm,590.527018012008,126.0382364422025
laser 532 nm,591.9279519679786,127.74088309763073
laser 532 nm,593.3288859239493,129.87544274580765
laser 532 nm,594.7298198799199,132.43896739800408
laser 532 nm,596.1307538358906,135.42659557872125
laser 532 nm,597.5316877918613,138.8313230483542
laser 532 nm,598.932621747832,142.64377289258113
laser 532 nm,600.3335557038025,146.85197176728275
laser 532 nm,601.7344896597732,151.44113949264232
laser 532 nm,603.1354236157438,156.3934994338319
laser 532 nm,604.5363575717145,161.68811716944268
laser 532 nm,605.9372915276851,167.3007748172571
laser 532 nm,607.3382254836558,173.20388804947123
laser 532 nm,608.7391594396264,179.3664722806338
laser 532 nm,610.1400933955971,185.75416375207516
laser 532 nm,611.5410273515677,192.32930027354055
laser 532 nm,612.9419613075383,199.0510652300673
laser 532 nm,614.342895263509,205.87569714050193
laser 532 nm,615.7438292194796,212.7567655908949
laser 532 nm,617.1447631754503,219.64551279474836
laser 532 nm,618.545697131421,226.49125839173286
laser 532 nm,619.9466310873916,233.24186343040628
laser 532 nm,621.3475650433622,239.84424783521695
laser 532 nm,622.7484989993329,246.2449540820853
laser 532 nm,624.1494329553035,252.390748348758
laser 532 nm,625.5503669112742,258.22924911303227
laser 532 nm,626.9513008672449,263.70957208795255
laser 532 nm,628.3522348232154,268.7829795474027
laser 532 nm,629.7531687791861,273.4035215410078
laser 532 nm,631.1541027351568,277.52865624911
laser 532 nm,632.5550366911274,281.11983680307844
laser 532 nm,633.9559706470981,284.14305229989463
laser 532 nm,635.3569046030686,286.56931146923387
laser 532 nm,636.7578385590393,288.3750584921578
laser 532 nm,638.15877251501,289.5425117989546
laser 532 nm,639.5597064709807,290.05991825615445
laser 532 nm,640.9606404269513,289.9217169473133
laser 532 nm,642.361574382922,289.1286087097776
laser 532 nm,643.7625083388925,287.68752965575436
laser 532 nm,645.1634422948632,285.6115290224434
laser 532 nm,646.5643762508339,282.91955380288124
laser 532 nm,647.9653102068046,279.6361446470411
laser 532 nm,649.3662441627752,275.7910494345946
laser 532 nm,650.7671781187458,271.41876265388447
laser 532 nm,652.1681120747164,266.55800022952855
laser 532 nm,653.5690460306871,261.25112068473294
laser 532 nm,654.9699799866578,255.54350447379142
laser 532 nm,656.3709139426285,249.48290395495457
laser 532 nm,657.771847898599,243.11877678375959
laser 532 nm,659.1727818545697,236.50161549206848
laser 532 nm,660.5737158105403,229.68228568865118
laser 532 nm,661.974649766511,222.71138469259546
laser 532 nm,663.3755837224817,215.63863151910323
laser 532 nm,664.7765176784524,208.51229801326744
laser 532 nm,666.1774516344229,201.3786896120586
laser 532 nm,667.5783855903935,194.2816827527002
laser 532 nm,668.9793195463642,187.2623243841482
laser 532 nm,670.3802535023349,180.3584974253647
laser 532 nm,671.7811874583056,173.60465439646748
laser 532 nm,673.1821214142763,167.03161987114356
laser 532 nm,674.5830553702468,160.66646090159742
laser 532 nm,675.9839893262174,154.53242318653466
laser 532 nm,677.3849232821881,148.64892951820613
laser 532 nm,678.7858572381588,143.0316359798354
laser 532 nm,680.1867911941295,137.69254048660724
laser 532 nm,681.5877251501001,132.6401375817066
laser 532 nm,682.9886591060707,127.87961291691033
laser 532 nm,684.3895930620413,123.4130705619798
laser 532 nm,685.790527018012,119.2397861899341
laser 532 nm,687.1914609739827,115.35647926266306
laser 532 nm,688.5923949299533,111.75759757571262
laser 532 nm,689.9933288859239,108.43560789178724
laser 532 nm,691.3942628418946,105.38128687675345
laser 532 nm,692.7951967978652,102.58400712573639
laser 532 nm,694.1961307538359,100.0320137059739
laser 532 nm,695.5970647098065,97.71268732372644
laser 532 nm,696.9979986657772,95.61279092219158
laser 532 nm,698.3989326217478,93.7186972154382
laser 532 nm,699.7998665777185,92.01659534148817
laser 532 nm,701.2008005336891,90.49267546017853
laser 532 nm,702.6017344896597,89.13329071549109
laser 532 nm,704.0026684456304,87.92509651777844
laser 532 nm,705.4036024016011,86.85516757173599
laser 532 nm,706.8045363575717,85.91109347689058
laser 532 nm,708.2054703135424,85.08105405713175
laser 532 nm,709.606404269513,84.35387583505918
laser 532 nm,711.0073382254836,83.71907125826057
laser 532 nm,712.4082721814543,83.16686241231331
laser 532 nm,713.809206137425,82.68819102480838
laser 532 nm,715.2101400933956,82.27471658245501
laser 532 nm,716.6110740493663,81.91880435632667
laser 532 nm,718.0120080053368,81.61350506583402
laser 532 nm,719.4129419613075,81.35252781733024
laser 532 nm,720.8138759172782,81.1302078354234
laser 532 nm,722.2148098732489,80.941470370719
laser 532 nm,723.6157438292195,80.78179202292124
laser 532 nm,725.01667778519,80.64716056838843
laser 532 nm,726.4176117411607,80.53403423105055
laser 532 nm,727.8185456971314,80.4393011889742
laser 532 nm,729.2194796531021,80.36023996897272
laser 532 nm,730.6204136090728,80.29448125094582
laser 532 nm,732.0213475650434,80.239971483851
laser 532 nm,733.4222815210139,80.19493860750384
laser 532 nm,734.8232154769846,80.15786007936964
laser 532 nm,736.2241494329553,80.12743332327749
laser 532 nm,737.625083388926,80.10254864730389
laser 532 nm,739.0260173448967,80.08226462037474
laser 532 nm,740.4269513008672,80.06578585062469
laser 532 nm,741.8278852568378,80.05244307227429
laser 532 nm,743.2288192128085,80.04167542067479
laser 532 nm,744.6297531687792,80.03301475611248
laser 532 nm,746.0306871247499,80.0260718848442
laser 532 nm,747.4316210807204,80.02052451955929
laser 532 nm,748.8325550366911,80.01610682000049
laser 532 nm,750.2334889926617,80.01260035687136
laser 532 nm,751.6344229486324,80.00982634754523
laser 532 nm,753.0353569046031,80.00763901970453
laser 532 nm,754.4362908605738,80.00591996821322
laser 532 nm,755.8372248165443,80.00457338069451
laser 532 nm,757.238158772515,80.0035220179765
laser 532 nm,758.6390927284856,80.00270384640407
laser 532 nm,760.0400266844563,80.00206922968933
laser 532 nm,761.440960640427,80.00157859825997
laser 532 nm,762.8418945963977,80.001200523798
laser 532 nm,764.2428285523682,80.00091013572643
laser 532 nm,765.6437625083389,80.00068782473103
laser 532 nm,767.0446964643095,80.00051818596704
laser 532 nm,768.4456304202802,80.00038916138976
laser 532 nm,769.8465643762509,80.00029134668621
laser 532 nm,771.2474983322215,80.00021743360296
laser 532 nm,772.6484322881921,80.00016176311091
laser 532 nm,774.0493662441627,80.00011996887254
laser 532 nm,775.4503002001334,80.00008869393886
laser 532 nm,776.851234156104,80.0000653665582
laser 532 nm,778.2521681120747,80.0000480234842
laser 532 nm,779.6531020680454,80.00003517128144
laser 532 nm,781.054036024016,80.00002567789325
laser 532 nm,782.4549699799866,80.00001868820557
laser 532 nm,783.8559039359573,80.00001355855652
laser 532 nm,785.256837891928,80.0000098061396
laser 532 nm,786.6577718478986,80.0000070700662
laser 532 nm,788.0587058038693,80.00000508151669
laser 532 nm,789.4596397598399,80.00000364094704
laser 532 nm,790.8605737158105,80.00000260075002
laser 532 nm,792.2615076717811,80.00000185211583
laser 532 nm,793.6624416277518,80.00000131511317
laser 532 nm,795.0633755837225,80.00000093122985
laser 532 nm,796.4643095396932,80.000000657784
laser 532 nm,797.8652434956638,80.00000046375303
laser 532 nm,799.2661774516343,80.00000032667228
laser 532 nm,800.667111407605,80.00000023033806
laser 532 nm,802.0680453635757,80.00000016311299
laser 532 nm,803.4689793195464,80.00000011668094
laser 532 nm,804.869913275517,80.00000008513618
laser 532 nm,806.2708472314877,80.00000006432025
laser 532 nm,807.6717811874582,80.00000005134194
laser 532 nm,809.0727151434289,80.00000004423227
laser 532 nm,810.4736490993996,80.00000004169878
laser 532 nm,811.8745830553703,80.00000004295343
laser 532 nm,813.2755170113409,80.00000004759427
laser 532 nm,814.6764509673116,80.00000005552799
laser 532 nm,816.0773849232821,80.00000006692287
laser 532 nm,817.4783188792528,80.00000008218568
laser 532 nm,818.8792528352235,80.00000010195791
laser 532 nm,820.2801867911942,80.00000012712837
laser 532 nm,821.6811207471648,80.00000015886107
laser 532 nm,823.0820547031354,80.00000019863744
laser 532 nm,824.482988659106,80.0000002483143
laser 532 nm,825.8839226150767,80.000000310198
laser 532 nm,827.2848565710474,80.00000038713787
laser 532 nm,828.6857905270181,80.00000048264123
laser 532 nm,830.0867244829886,80.00000060101425
laser 532 nm,831.4876584389592,80.00000074753333
laser 532 nm,832.8885923949299,80.00000092865243
laser 532 nm,834.2895263509006,80.00000115225383
laser 532 nm,835.6904603068713,80.00000142795014
laser 532 nm,837.091394262842,80.00000176744781
laser 532 nm,838.4923282188125,80.0000021849835
laser 532 nm,839.8932621747831,80.0000026978474
laser 532 nm,841.2941961307538,80.00000332700978
laser 532 nm,842.6951300867245,80.00000409786982
laser 532 nm,844.0960640426952,80.00000504114941
laser 532 nm,845.4969979986658,80.00000619395844
laser 532 nm,846.8979319546364,80.00000760106244
laser 532 nm,848.298865910607,80.00000931638867
laser 532 nm,849.6997998665777,80.00001140481332
laser 532 nm,851.1007338225484,80.00001394427836
laser 532 nm,852.501667778519,80.00001702829586
laser 532 nm,853.9026017344897,80.00002076890551
laser 532 nm,855.3035356904603,80.00002530016263
laser 532 nm,856.7044696464309,80.00003078224532
laser 532 nm,858.1054036024016,80.00003740628307
laser 532 nm,859.5063375583723,80.00004540002547
laser 532 nm,860.9072715143429,80.00005503448618
laser 532 nm,862.3082054703135,80.00006663171861
laser 532 nm,863.7091394262842,80.00008057390147
laser 532 nm,865.1100733822548,80.00009731393865
laser 532 nm,866.5110073382255,80.00011738780633
laser 532 nm,867.9119412941961,80.0001414289127
laser 532 nm,869.3128752501668,80.0001701847721
laser 532 nm,870.7138092061374,80.00020453633583
laser 532 nm,872.1147431621081,80.00024552036712
laser 532 nm,873.5156771180787,80.00029435529824
laser 532 nm,874.9166110740493,80.00035247106355
laser 532 nm,876.31754503002,80.00042154346389
laser 532 nm,877.7184789859907,80.00050353368617
laser 532 nm,879.1194129419613,80.00060073367725
laser 532 nm,880.520346897932,80.00071581815291
laser 532 nm,881.9212808539025,80.00085190411384
laser 532 nm,883.3222148098732,80.00101261883786
laser 532 nm,884.7231487658439,80.00120217742533
laser 532 nm,886.1240827218146,80.00142547108989
laser 532 nm,887.5250166777852,80.00168816751221
laser 532 nm,888.9259506337557,80.00199682470866
laser 532 nm,890.3268845897264,80.00235902001089
laser 532 nm,891.7278185456971,80.00278349590684
laser 532 nm,893.1287525016678,80.00328032465647
laser 532 nm,894.5296864576385,80.00386109376889
laser 532 nm,895.9306204136091,80.00453911461
laser 532 nm,897.3315543695796,80.00532965659981
laser 532 nm,898.7324883255503,80.00625020965772
laser 532 nm,900.133422281521,80.0073207777591
laser 532 nm,901.5343562374917,80.00856420667776
laser 532 nm,902.9352901934624,80.01000654920347
laser 532 nm,904.336224149433,80.01167747134146
laser 532 nm,905.7371581054035,80.01361070321747
laser 532 nm,907.1380920613742,80.01584453862682
laser 532 nm,908.5390260173449,80.0184223873744
laser 532 nm,909.9399599733156,80.02139338475274
laser 532 nm,911.3408939292862,80.02481306269175
laser 532 nm,912.7418278852568,80.02874408728336
laser 532 nm,914.1427618412275,80.03325706753157
laser 532 nm,915.5436957971981,80.03843144029814
laser 532 nm,916.9446297531688,80.0443564365008
laser 532 nm,918.3455637091395,80.05113213366717
laser 532 nm,919.74649766511,80.0588705999484
laser 532 nm,921.1474316210807,80.06769713464278
laser 532 nm,922.5483655770514,80.07775161016436
laser 532 nm,923.949299533022,80.08918992020807
laser 532 nm,925.3502334889927,80.10218553859967
laser 532 nm,926.7511674449632,80.11693119297063
laser 532 nm,928.1521014009339,80.13364065695397
laser 532 nm,929.5530353569046,80.15255066404922
laser 532 nm,930.9539693128752,80.17392294564335
laser 532 nm,932.3549032688459,80.19804639489291
laser 532 nm,933.7558372248166,80.22523935726032
laser 532 nm,935.1567711807871,80.25585204744887
laser 532 nm,936.5577051367578,80.29026909128721
laser 532 nm,937.9586390927285,80.3289121897715
laser 532 nm,939.3595730486991,80.37224290097427
laser 532 nm,940.7605070046698,80.4207655338729
laser 532 nm,942.1614409606404,80.4750301463319
laser 532 nm,943.562374916611,80.53563563749586
laser 532 nm,944.9633088725817,80.60323292271178
laser 532 nm,946.3642428285524,80.67852817680841
laser 532 nm,947.765176784523,80.76228612912043
laser 532 nm,949.1661107404937,80.85533339106803
laser 532 nm,950.5670446964643,80.95856179439919
laser 532 nm,951.9679786524349,81.0729317153899
laser 532 nm,953.3689126084056,81.19947535739477
laser 532 nm,954.7698465643763,81.33929996117027
laser 532 nm,956.1707805203469,81.49359090938219
laser 532 nm,957.5717144763175,81.66361468868753
laser 532 nm,958.9726484322882,81.85072166978182
laser 532 nm,960.3735823882588,82.05634866286704
laser 532 nm,961.7745163442295,82.282021203159
laser 532 nm,963.1754503002002,82.52935551836566
laser 532 nm,964.5763842561707,82.80006012757417
laser 532 nm,965.9773182121414,83.09593701873727
laser 532 nm,967.3782521681121,83.4188823499994
laser 532 nm,968.7791861240827,83.77088661850938
laser 532 nm,970.1801200800534,84.15403423918056
laser 532 nm,971.581054036024,84.57050247514292
laser 532 nm,972.9819879919946,85.02255966144034
laser 532 nm,974.3829219479653,85.51256266391628
laser 532 nm,975.783855903936,86.04295351625751
laser 532 nm,977.1847898599066,86.61625517988257
laser 532 nm,978.5857238158773,87.23506637381487
laser 532 nm,979.9866577718478,87.90205542491559
laser 532 nm,981.3875917278185,88.6199530929089
laser 532 nm,982.7885256837892,89.39154432953738
laser 532 nm,984.1894596397598,90.21965893697072
laser 532 nm,985.5903935957305,91.10716109726161
laser 532 nm,986.9913275517011,92.05693775221015
laser 532 nm,988.3922615076717,93.07188582145368
laser 532 nm,989.7931954636424,94.15489825592289
laser 532 nm,991.1941294196131,95.30884893396568
laser 532 nm,992.5950633755837,96.53657641840044
laser 532 nm,993.9959973315543,97.84086660444814
laser 532 nm,995.396931287525,99.22443430084735
laser 532 nm,996.7978652434956,100.68990379938742
laser 532 nm,998.1987991994663,102.23978850149558
laser 532 nm,999.599733155437,103.87646968427286
laser 532 nm,1001.0006671114076,105.60217450236652
laser 532 nm,1002.4016010673782,107.41895333613658
laser 532 nm,1003.8025350233489,109.32865661058028
laser 532 nm,1005.2034689793195,111.33291122325255
laser 532 nm,1006.6044029352902,113.43309673278249
laser 532 nm,1008.0053368912609,115.63032147235748
laser 532 nm,1009.4062708472314,117.92539876455064
laser 532 nm,1010.8072048032021,120.31882342489189
laser 532 nm,1012.2081387591728,122.81074875145674
laser 532 nm,1013.6090727151434,125.40096420627631
laser 532 nm,1015.0100066711141,128.08887400136268
laser 532 nm,1016.4109406270848,130.87347680742803
laser 532 nm,1017.8118745830553,133.75334680679248
laser 532 nm,1019.212808539026,136.72661631335197
laser 532 nm,1020.6137424949967,139.79096018169324
laser 532 nm,1022.0146764509673,142.94358222438277
laser 532 nm,1023.415610406938,146.18120385100394
laser 532 nm,1024.8165443629086,149.50005513462065
laser 532 nm,1026.2174783188793,152.89586850095952
laser 532 nm,1027.61841227485,156.363875222695
laser 532 nm,1029.0193462308207,159.89880488582685
laser 532 nm,1030.4202801867912,163.49488797729452
laser 532 nm,1031.8212141427618,167.14586172276196
laser 532 nm,1033.2221480987325,170.8449792810306
laser 532 nm,1034.623082054703,174.58502237698255
laser 532 nm,1036.0240160106737,178.35831742844522
laser 532 nm,1037.4249499666444,182.15675519415606
laser 532 nm,1038.825883922615,185.97181394034672
laser 532 nm,1040.2268178785857,189.79458609257085
laser 532 nm,1041.6277518345564,193.6158083076415
laser 532 nm,1043.028685790527,197.42589486819193
laser 532 nm,1044.4296197464978,201.21497426979573
laser 532 nm,1045.8305537024683,204.97292883811934
laser 532 nm,1047.231487658439,208.68943718162038
laser 532 nm,1048.6324216144096,212.35401925418785
laser 532 nm,1050.03335557038,215.9560837722834
laser 532 nm,1051.4342895263508,219.4849777028823
laser 532 nm,1052.8352234823215,222.9300375122504
laser 532 nm,1054.2361574382921,226.28064184168045
laser 532 nm,1055.6370913942628,229.5262652550255
laser 532 nm,1057.0380253502335,232.65653268458559
laser 532 nm,1058.4389593062042,235.6612741868592
laser 532 nm,1059.8398932621749,238.530579608128
laser 532 nm,1061.2408272181456,241.25485275200504
laser 532 nm,1062.641761174116,243.82486463711314
laser 532 nm,1064.0426951300867,246.23180543309348
laser 532 nm,1065.4436290860574,248.4673346672401
laser 532 nm,1066.8445630420279,250.523629302271
laser 532 nm,1068.2454969979985,252.39342929801234
laser 532 nm,1069.6464309539692,254.07008028605097
laser 532 nm,1071.04736490994,255.5475730065752
laser 532 nm,1072.4482988659106,256.82057918047036
laser 532 nm,1073.8492328218813,257.88448351708183
laser 532 nm,1075.250166777852,258.7354115886109
laser 532 nm,1076.6511007338227,259.37025333556863
laser 532 nm,1078.0520346897933,259.7866820037315
laser 532 nm,1079.4529686457638,259.9831683512391
laser 532 nm,1080.8539026017345,259.9589900044359
laser 532 nm,1082.2548365577052,259.71423588235604
laser 532 nm,1083.6557705136756,259.24980565192703
laser 532 nm,1085.0567044696463,258.5674042185635
laser 532 nm,1086.457638425617,257.6695312993663
laser 532 nm,1087.8585723815877,256.5594661681645
laser 532 nm,1089.2595063375584,255.2412477026812
laser 532 nm,1090.660440293529,253.71964990371728
laser 532 nm,1092.0613742494997,252.00015309399626
laser 532 nm,1093.4623082054704,250.08891103980804
laser 532 nm,1094.863242161441,247.99271427143827
laser 532 nm,1096.2641761174116,245.7189499082438
laser 532 nm,1097.6651100733823,243.27555832084036
laser 532 nm,1099.0660440293527,240.67098698592145
laser 532 nm,1100.4669779853234,237.91414190855423
laser 532 nm,1101.867911941294,235.01433700221247
laser 532 nm,1103.2688458972648,231.98124182818088
laser 532 nm,1104.6697798532355,228.8248281032859
laser 532 nm,1106.0707138092062,225.55531538810504
laser 532 nm,1107.4716477651768,222.18311636695861
laser 532 nm,1108.8725817211475,218.71878212616267
laser 532 nm,1110.2735156771182,215.1729478283565
laser 532 nm,1111.6744496330887,211.55627916838992
laser 532 nm,1113.0753835890594,207.87941998047543
laser 532 nm,1114.47631754503,204.15294134735356
laser 532 nm,1115.8772515010005,200.38729254032336
laser 532 nm,1117.2781854569712,196.59275409453562
laser 532 nm,1118.6791194129419,192.77939329722142
laser 532 nm,1120.0800533689126,188.95702233788126
laser 532 nm,1121.4809873248832,185.13515933931893
laser 532 nm,1122.881921280854,181.32299245706582
laser 532 nm,1124.2828552368246,177.52934720264096
laser 532 nm,1125.6837891927953,173.76265711357235
laser 532 nm,1127.084723148766,170.03093786054774
laser 532 nm,1128.4856571047364,166.3417648498124
laser 532 nm,1129.8865910607071,162.7022543473269
laser 532 nm,1131.2875250166778,159.11904812057332
laser 532 nm,1132.6884589726483,155.59830156449954
laser 532 nm,1134.089392928619,152.14567525025382
laser 532 nm,1135.4903268845896,148.7663298092678
laser 532 nm,1136.8912608405603,145.46492404110495
laser 532 nm,1138.292194796531,142.24561611152774
laser 532 nm,1139.6931287525017,139.11206768752038
laser 532 nm,1141.0940627084724,136.06745083869424
laser 532 nm,1142.494996664443,133.11445751964922
laser 532 nm,1143.8959306204138,130.25531143551086
laser 532 nm,1145.2968645763842,127.4917820830226
laser 532 nm,1146.697798532355,124.82520075221306
laser 532 nm,1148.0987324883254,122.2564782687503
laser 532 nm,1149.499666444296,119.78612425451963
laser 532 nm,1150.9006004002667,117.41426768368682
laser 532 nm,1152.3015343562374,115.14067851332251
laser 532 nm,1153.702468312208,112.96479017151799
laser 532 nm,1155.1034022681788,110.8857226915854
laser 532 nm,1156.5043362241495,108.90230628828574
laser 532 nm,1157.9052701801202,107.01310518086308
laser 532 nm,1159.3062041360909,105.21644147780606
laser 532 nm,1160.7071380920613,103.51041894951781
laser 532 nm,1162.108072048032,101.89294652725584
laser 532 nm,1163.5090060040027,100.3617613796299
laser 532 nm,1164.9099399599731,98.91445143140368
laser 532 nm,1166.3108739159438,97.54847720319228
laser 532 nm,1167.7118078719145,96.26119286468116
laser 532 nm,1169.1127418278852,95.04986640805319
laser 532 nm,1170.513675783856,93.91169886226977
laser 532 nm,1171.9146097398266,92.8438424825384
laser 532 nm,1173.3155436957973,91.8434178626101
laser 532 nm,1174.716477651768,90.90752993036017
laser 532 nm,1176.1174116077386,90.03328279932221
laser 532 nm,1177.518345563709,89.21779346038107
laser 532 nm,1178.9192795196798,88.45820430861659
laser 532 nm,1180.3202134756505,87.75169451027494
laser 532 nm,1181.721147431621,87.09549022397597
laser 532 nm,1183.1220813875916,86.48687369853003
laser 532 nm,1184.5230153435623,85.92319127710891
laser 532 nm,1185.923949299533,85.40186034398923
laser 532 nm,1187.3248832555037,84.92037525568
laser 532 nm,1188.7258172114744,84.47631230296271
laser 532 nm,1190.126751167445,84.06733375424561
laser 532 nm,1191.5276851234157,83.69119103369549
laser 532 nm,1192.9286190793864,83.34572708989808
laser 532 nm,1194.3295530353569,83.02887801235892
laser 532 nm,1195.7304869913276,82.73867395403965
laser 532 nm,1197.1314209472982,82.47323941838302
laser 532 nm,1198.5323549032687,82.23079296896712
laser 532 nm,1199.9332888592394,82.0096464191067
laser 532 nm,1201.33422281521,81.80820355743924
laser 532 nm,1202.7351567711808,81.62495846385553
laser 532 nm,1204.1360907271514,81.45849346811647
laser 532 nm,1205.5370246831221,81.30747680119067
laser 532 nm,1206.9379586390928,81.17065998680809
laser 532 nm,1208.3388925950635,81.04687501800012
laser 532 nm,1209.739826551034,80.93503136053559
laser 532 nm,1211.1407605070046,80.83411282220794
laser 532 nm,1212.5416944629753,80.74317432392309
laser 532 nm,1213.9426284189458,80.66133860551408
laser 532 nm,1215.3435623749165,80.58779289620571
laser 532 nm,1216.7444963308872,80.52178557669426
laser 532 nm,1218.1454302868578,80.46262285692215
laser 532 nm,1219.5463642428285,80.40966549083873
laser 532 nm,1220.9472981987992,80.36232554676047
laser 532 nm,1222.34823215477,80.32006324939626
laser 532 nm,1223.7491661107406,80.28238390719535
laser 532 nm,1225.1501000667113,80.24883493641767
laser 532 nm,1226.5510340226817,80.21900299122245
laser 532 nm,1227.9519679786524,80.19251120712917
laser 532 nm,1229.352901934623,80.16901656342132
laser 532 nm,1230.7538358905936,80.14820736844196
laser 532 nm,1232.1547698465642,80.12980087026594
laser 532 nm,1233.555703802535,80.11354099392369
laser 532 nm,1234.9566377585056,80.09919620519022
laser 532 nm,1236.3575717144763,80.08655749993525
laser 532 nm,1237.758505670447,80.07543651714711
laser 532 nm,1239.1594396264177,80.06566377298866
laser 532 nm,1240.5603735823884,80.05708701260755
laser 532 nm,1241.961307538359,80.04956967589928
laser 532 nm,1243.3622414943295,80.04298947299841
laser 532 nm,1244.7631754503002,80.03723706494517
laser 532 nm,1246.1641094062709,80.03221484472934
laser 532 nm,1247.5650433622413,80.02783581374523
laser 532 nm,1248.965977318212,80.02402254859119
laser 532 nm,1250.3669112741827,80.02070625310513
laser 532 nm,1251.7678452301534,80.0178258905393
laser 532 nm,1253.168779186124,80.01532739083355
laser 532 nm,1254.5697131420948,80.01316292803996
laser 532 nm,1255.9706470980655,80.01129026307899
laser 532 nm,1257.3715810540361,80.00967214715874
laser 532 nm,1258.7725150100066,80.0082757813638
laser 532 nm,1260.1734489659773,80.00707232810912
laser 532 nm,1261.574382921948,80.00603647035705
laser 532 nm,1262.9753168779184,80.00514601470579
laser 532 nm,1264.3762508338891,80.00438153467312
laser 532 nm,1265.7771847898598,80.00372605071607
laser 532 nm,1267.1781187458305,80.00316474374473
laser 532 nm,1268.5790527018012,80.00268469910237
laser 532 nm,1269.9799866577719,80.00227467819374
laser 532 nm,1271.3809206137425,80.00192491514778
laser 532 nm,1272.7818545697132,80.00162693609772
laser 532 nm,1274.182788525684,80.00137339885018
laser 532 nm,1275.5837224816544,80.00115795089552
laser 532 nm,1276.984656437625,80.00097510388242
laser 532 nm,1278.3855903935957,80.00082012284102
laser 532 nm,1279.7865243495662,80.00068892859088
laser 532 nm,1281.187458305537,80.00057801191218
laser 532 nm,1282.5883922615076,80.0004843581908
laser 532 nm,1283.9893262174783,80.00040538137088
laser 532 nm,1285.390260173449,80.0003388661628
laser 532 nm,1286.7911941294196,80.00028291755876
laser 532 nm,1288.1921280853903,80.00023591680517
laser 532 nm,1289.593062041361,80.00019648306932
laser 532 nm,1290.9939959973317,80.00016344011848
laser 532 nm,1292.3949299533022,80.00013578740301
laser 532 nm,1293.7958639092728,80.00011267500226
laser 532 nm,1295.1967978652435,80.00009338195197
laser 532 nm,1296.597731821214,80.00007729752693
laser 532 nm,1297.9986657771847,80.00006390510164
laser 532 nm,1299.3995997331554,80.00005276825587
laser 532 nm,1300.800533689126,80.00004351883182
laser 532 nm,1302.2014676450967,80.00003584668481
laser 532 nm,1303.6024016010674,80.00002949090124
laser 532 nm,1305.003335557038,80.00002423228518
laser 532 nm,1306.4042695130088,80.00001988694063
laser 532 nm,1307.8052034689795,80.00001630079788
laser 532 nm,1309.20613742495,80.00001334495234
laser 532 nm,1310.6070713809206,80.00001091170134
laser 532 nm,1312.008005336891,80.00000891117952
laser 532 nm,1313.4089392928618,80.00000726850669
laser 532 nm,1314.8098732488324,80.00000592137378
laser 532 nm,1316.2108072048031,80.00000481800267
laser 532 nm,1317.6117411607738,80.0000039154247
laser 532 nm,1319.0126751167445,80.00000317803001
laser 532 nm,1320.4136090727152,80.00000257634721
laser 532 nm,1321.8145430286859,80.00000208601809
laser 532 nm,1323.2154769846566,80.00000168693764
laser 532 nm,1324.616410940627,80.00000136253372
laser 532 nm,1326.0173448965977,80.0000010991647
laser 532 nm,1327.4182788525684,80.00000088561623
laser 532 nm,1328.8192128085389,80.00000071268175
laser 532 nm,1330.2201467645095,80.00000057281318
laser 532 nm,1331.6210807204802,80.00000045983035
laser 532 nm,1333.022014676451,80.00000036867996
laser 532 nm,1334.4229486324216,80.00000029523561
laser 532 nm,1335.8238825883923,80.0000002361322
laser 532 nm,1337.224816544363,80.00000018862922
laser 532 nm,1338.6257505003337,80.00000015049774
laser 532 nm,1340.0266844563043,80.00000011992736
laser 532 nm,1341.4276184122748,80.00000009544955
laser 532 nm,1342.8285523682455,80.00000007587465
laser 532 nm,1344.2294863242162,80.00000006024027
laser 532 nm,1345.6304202801866,80.0000000477688
laser 532 nm,1347.0313542361573,80.00000003783285
laser 532 nm,1348.432288192128,80.00000002992685
laser 532 nm,1349.8332221480987,80.00000002364396
laser 532 nm,1351.2341561040694,80.00000001865722
laser 532 nm,1352.63509006004,80.00000001470417
laser 532 nm,1354.0360240160107,80.00000001157449
laser 532 nm,1355.4369579719814,80.00000000909976
laser 532 nm,1356.8378919279521,80.00000000714539
laser 532 nm,1358.2388258839226,80.00000000560388
laser 532 nm,1359.6397598398933,80.00000000438953
laser 532 nm,1361.040693795864,80.00000000343412
laser 532 nm,1362.4416277518344,80.00000000268338
laser 532 nm,1363.842561707805,80.00000000209418
laser 532 nm,1365.2434956637758,80.00000000163234
laser 532 nm,1366.6444296197465,80.0000000012708
laser 532 nm,1368.0453635757171,80.00000000098812
laser 532 nm,1369.4462975316878,80.00000000076739
laser 532 nm,1370.8472314876585,80.00000000059522
laser 532 nm,1372.2481654436292,80.00000000046113
laser 532 nm,1373.6490993995997,80.00000000035679
laser 532 nm,1375.0500333555703,80.00000000027573
laser 532 nm,1376.450967311541,80.00000000021282
laser 532 nm,1377.8519012675115,80.00000000016408
laser 532 nm,1379.2528352234822,80.00000000012633
laser 532 nm,1380.6537691794529,80.00000000009715
laser 532 nm,1382.0547031354236,80.00000000007462
laser 532 nm,1383.4556370913942,80.00000000005724
laser 532 nm,1384.856571047365,80.00000000004385
laser 532 nm,1386.2575050033356,80.00000000003357
laser 532 nm,1387.6584389593063,80.00000000002565
laser 532 nm,1389.059372915277,80.00000000001958
laser 532 nm,1390.4603068712474,80.00000000001494
laser 532 nm,1391.8612408272181,80.00000000001137
laser 532 nm,1393.2621747831888,80.00000000000865
laser 532 nm,1394.6631087391593,80.00000000000657
laser 532 nm,1396.06404269513,80.00000000000499
laser 532 nm,1397.4649766511006,80.00000000000378
laser 532 nm,1398.8659106070713,80.00000000000286
laser 532 nm,1400.266844563042,80.00000000000216
laser 532 nm,1401.6677785190127,80.00000000000163
laser 532 nm,1403.0687124749834,80.00000000000124
laser 532 nm,1404.469646430954,80.00000000000092
laser 532 nm,1405.8705803869248,80.0000000000007
laser 532 nm,1407.2715143428952,80.00000000000053
laser 532 nm,1408.672448298866,80.0000000000004
laser 532 nm,1410.0733822548366,80.0000000000003
laser 532 nm,1411.474316210807,80.00000000000023
laser 532 nm,1412.8752501667777,80.00000000000017
laser 532 nm,1414.2761841227484,80.00000000000013
laser 532 nm,1415.677118078719,80.00000000000009
laser 532 nm,1417.0780520346898,80.00000000000007
laser 532 nm,1418.4789859906605,80.00000000000006
laser 532 nm,1419.8799199466312,80.00000000000004
laser 532 nm,1421.2808539026018,80.00000000000003
laser 532 nm,1422.6817878585723,80.00000000000001
laser 532 nm,1424.082721814543,80.00000000000001
laser 532 nm,1425.4836557705137,80.00000000000001
laser 532 nm,1426.8845897264844,80.00000000000001
laser 532 nm,1428.285523682455,80.0
laser 532 nm,1429.6864576384255,80.0
laser 532 nm,1431.0873915943962,80.0
laser 532 nm,1432.4883255503669,80.0
laser 532 nm,1433.8892595063376,80.0
laser 532 nm,1435.2901934623083,80.0
laser 532 nm,1436.691127418279,80.0
laser 532 nm,1438.0920613742494,80.0
laser 532 nm,1439.49299533022,80.0
laser 532 nm,1440.8939292861908,80.0
laser 532 nm,1442.2948632421615,80.0
laser 532 nm,1443.6957971981321,80.0
laser 532 nm,1445.0967311541028,80.0
laser 532 nm,1446.4976651100733,80.0
laser 532 nm,1447.898599066044,80.0
laser 532 nm,1449.2995330220147,80.0
laser 532 nm,1450.7004669779853,80.0
laser 532 nm,1452.101400933956,80.0
laser 532 nm,1453.5023348899265,80.0
laser 532 nm,1454.9032688458972,80.0
laser 532 nm,1456.3042028018679,80.0
laser 532 nm,1457.7051367578385,80.0
laser 532 nm,1459.1060707138092,80.0
laser 532 nm,1460.50700466978,80.0
laser 532 nm,1461.9079386257504,80.0
laser 532 nm,1463.308872581721,80.0
laser 532 nm,1464.7098065376917,80.0
laser 532 nm,1466.1107404936624,80.0
laser 532 nm,1467.5116744496331,80.0
laser 532 nm,1468.9126084056038,80.0
laser 532 nm,1470.3135423615743,80.0
laser 532 nm,1471.714476317545,80.0
laser 532 nm,1473.1154102735156,80.0
laser 532 nm,1474.5163442294863,80.0
laser 532 nm,1475.917278185457,80.0
laser 532 nm,1477.3182121414277,80.0
laser 532 nm,1478.7191460973982,80.0
laser 532 nm,1480.1200800533688,80.0
laser 532 nm,1481.5210140093395,80.0
laser 532 nm,1482.9219479653102,80.0
laser 532 nm,1484.322881921281,80.0
laser 532 nm,1485.7238158772516,80.0
laser 532 nm,1487.124749833222,80.0
laser 532 nm,1488.5256837891927,80.0
laser 532 nm,1489.9266177451634,80.0
laser 532 nm,1491.327551701134,80.0
laser 532 nm,1492.7284856571048,80.0
laser 532 nm,1494.1294196130755,80.0
laser 532 nm,1495.530353569046,80.0
laser 532 nm,1496.9312875250166,80.0
laser 532 nm,1498.3322214809873,80.0
laser 532 nm,1499.733155436958,80.0
laser 532 nm,1501.1340893929287,80.0
laser 532 nm,1502.5350233488994,80.0
laser 532 nm,1503.9359573048698,80.0
laser 532 nm,1505.3368912608405,80.0
laser 532 nm,1506.7378252168112,80.0
laser 532 nm,1508.1387591727819,80.0
laser 532 nm,1509.5396931287526,80.0
laser 532 nm,1510.940627084723,80.0
laser 532 nm,1512.3415610406937,80.0
laser 532 nm,1513.7424949966644,80.0
laser 532 nm,1515.143428952635,80.0
laser 532 nm,1516.5443629086058,80.0
laser 532 nm,1517.9452968645764,80.0
laser 532 nm,1519.346230820547,80.0
laser 532 nm,1520.7471647765176,80.0
laser 532 nm,1522.1480987324883,80.0
laser 532 nm,1523.549032688459,80.0
laser 532 nm,1524.9499666444297,80.0
laser 532 nm,1526.3509006004003,80.0
laser 532 nm,1527.7518345563708,80.0
laser 532 nm,1529.1527685123415,80.0
laser 532 nm,1530.5537024683122,80.0
laser 532 nm,1531.9546364242829,80.0
laser 532 nm,1533.3555703802535,80.0
laser 532 nm,1534.7565043362242,80.0
laser 532 nm,1536.1574382921947,80.0
laser 532 nm,1537.5583722481654,80.0
laser 532 nm,1538.959306204136,80.0
laser 532 nm,1540.3602401601067,80.0
laser 532 nm,1541.7611741160774,80.0
laser 532 nm,1543.162108072048,80.0
laser 532 nm,1544.5630420280186,80.0
laser 532 nm,1545.9639759839893,80.0
laser 532 nm,1547.36490993996,80.0
laser 532 nm,1548.7658438959306,80.0
laser 532 nm,1550.1667778519013,80.0
laser 532 nm,1551.567711807872,80.0
laser 532 nm,1552.9686457638425,80.0
laser 532 nm,1554.3695797198131,80.0
laser 532 nm,1555.7705136757838,80.0
laser 532 nm,1557.1714476317545,80.0
laser 532 nm,1558.5723815877252,80.0
laser 532 nm,1559.9733155436957,80.0
laser 532 nm,1561.3742494996663,80.0
laser 532 nm,1562.775183455637,80.0
laser 532 nm,1564.1761174116077,80.0
laser 532 nm,1565.5770513675784,80.0
laser 532 nm,1566.977985323549,80.0
laser 532 nm,1568.3789192795196,80.0
laser 532 nm,1569.7798532354902,80.0
laser 532 nm,1571.180787191461,80.0
laser 532 nm,1572.5817211474316,80.0
laser 532 nm,1573.9826551034023,80.0
laser 532 nm,1575.383589059373,80.0
laser 532 nm,1576.7845230153434,80.0
laser 532 nm,1578.1854569713141,80.0
laser 532 nm,1579.5863909272848,80.0
laser 532 nm,1580.9873248832555,80.0
laser 532 nm,1582.3882588392262,80.0
laser 532 nm,1583.7891927951969,80.0
laser 532 nm,1585.1901267511673,80.0
laser 532 nm,1586.591060707138,80.0
laser 532 nm,1587.9919946631087,80.0
laser 532 nm,1589.3929286190794,80.0
laser 532 nm,1590.79386257505,80.0
laser 532 nm,1592.1947965310208,80.0
laser 532 nm,1593.5957304869912,80.0
laser 532 nm,1594.996664442962,80.0
laser 532 nm,1596.3975983989326,80.0
laser 532 nm,1597.7985323549033,80.0
laser 532 nm,1599.199466310874,80.0
laser 532 nm,1600.6004002668446,80.0
laser 532 nm,1602.001334222815,80.0
laser 532 nm,1603.4022681787858,80.0
laser 532 nm,1604.8032021347565,80.0
laser 532 nm,1606.2041360907272,80.0
laser 532 nm,1607.6050700466978,80.0
laser 532 nm,1609.0060040026685,80.0
laser 532 nm,1610.406937958639,80.0
laser 532 nm,1611.8078719146097,80.0
laser 532 nm,1613.2088058705804,80.0
laser 532 nm,1614.609739826551,80.0
laser 532 nm,1616.0106737825217,80.0
laser 532 nm,1617.4116077384922,80.0
laser 532 nm,1618.8125416944629,80.0
laser 532 nm,1620.2134756504336,80.0
laser 532 nm,1621.6144096064043,80.0
laser 532 nm,1623.015343562375,80.0
laser 532 nm,1624.4162775183456,80.0
laser 532 nm,1625.817211474316,80.0
laser 532 nm,1627.2181454302868,80.0
laser 532 nm,1628.6190793862575,80.0
laser 532 nm,1630.0200133422281,80.0
laser 532 nm,1631.4209472981988,80.0
laser 532 nm,1632.8218812541695,80.0
laser 532 nm,1634.22281521014,80.0
laser 532 nm,1635.6237491661107,80.0
laser 532 nm,1637.0246831220813,80.0
laser 532 nm,1638.425617078052,80.0
laser 532 nm,1639.8265510340227,80.0
laser 532 nm,1641.2274849899934,80.0
laser 532 nm,1642.6284189459639,80.0
laser 532 nm,1644.0293529019345,80.0
laser 532 nm,1645.4302868579052,80.0
laser 532 nm,1646.831220813876,80.0
laser 532 nm,1648.2321547698466,80.0
laser 532 nm,1649.6330887258173,80.0
laser 532 nm,1651.0340226817877,80.0
laser 532 nm,1652.4349566377584,80.0
laser 532 nm,1653.8358905937291,80.0
laser 532 nm,1655.2368245496998,80.0
laser 532 nm,1656.6377585056705,80.0
laser 532 nm,1658.0386924616412,80.0
laser 532 nm,1659.4396264176116,80.0
laser 532 nm,1660.8405603735823,80.0
laser 532 nm,1662.241494329553,80.0
laser 532 nm,1663.6424282855237,80.0
laser 532 nm,1665.0433622414944,80.0
laser 532 nm,1666.444296197465,80.0
laser 532 nm,1667.8452301534355,80.0
laser 532 nm,1669.2461641094062,80.0
laser 532 nm,1670.647098065377,80.0
laser 532 nm,1672.0480320213476,80.0
laser 532 nm,1673.4489659773183,80.0
laser 532 nm,1674.8498999332887,80.0
laser 532 nm,1676.2508338892594,80.0
laser 532 nm,1677.65176784523,80.0
laser 532 nm,1679.0527018012008,80.0
laser 532 nm,1680.4536357571715,80.0
laser 532 nm,1681.8545697131422,80.0
laser 532 nm,1683.2555036691126,80.0
laser 532 nm,1684.6564376250833,80.0
laser 532 nm,1686.057371581054,80.0
laser 532 nm,1687.4583055370247,80.0
laser 532 nm,1688.8592394929954,80.0
laser 532 nm,1690.260173448966,80.0
laser 532 nm,1691.6611074049365,80.0
laser 532 nm,1693.0620413609072,80.0
laser 532 nm,1694.4629753168779,80.0
laser 532 nm,1695.8639092728486,80.0
laser 532 nm,1697.2648432288192,80.0
laser 532 nm,1698.66577718479,80.0
laser 532 nm,1700.0667111407604,80.0
laser 532 nm,1701.467645096731,80.0
laser 532 nm,1702.8685790527018,80.0
laser 532 nm,1704.2695130086724,80.0
laser 532 nm,1705.6704469646431,80.0
laser 532 nm,1707.0713809206138,80.0
laser 532 nm,1708.4723148765843,80.0
laser 532 nm,1709.873248832555,80.0
laser 532 nm,1711.2741827885256,80.0
laser 532 nm,1712.6751167444963,80.0
laser 532 nm,1714.076050700467,80.0
laser 532 nm,1715.4769846564377,80.0
laser 532 nm,1716.8779186124082,80.0
laser 532 nm,1718.2788525683789,80.0
laser 532 nm,1719.6797865243495,80.0
laser 532 nm,1721.0807204803202,80.0
laser 532 nm,1722.481654436291,80.0
laser 532 nm,1723.8825883922616,80.0
laser 532 nm,1725.283522348232,80.0
laser 532 nm,1726.6844563042027,80.0
laser 532 nm,1728.0853902601734,80.0
laser 532 nm,1729.486324216144,80.0
laser 532 nm,1730.8872581721148,80.0
laser 532 nm,1732.2881921280853,80.0
laser 532 nm,1733.689126084056,80.0
laser 532 nm,1735.0900600400266,80.0
laser 532 nm,1736.4909939959973,80.0
laser 532 nm,1737.891927951968,80.0
laser 532 nm,1739.2928619079387,80.0
laser 532 nm,1740.6937958639091,80.0
laser 532 nm,1742.0947298198798,80.0
laser 532 nm,1743.4956637758505,80.0
laser 532 nm,1744.8965977318212,80.0
laser 532 nm,1746.297531687792,80.0
laser 532 nm,1747.6984656437626,80.0
laser 532 nm,1749.099399599733,80.0
laser 532 nm,1750.5003335557037,80.0
laser 532 nm,1751.9012675116744,80.0
laser 532 nm,1753.302201467645,80.0
laser 532 nm,1754.7031354236158,80.0
laser 532 nm,1756.1040693795865,80.0
laser 532 nm,1757.505003335557,80.0
laser 532 nm,1758.9059372915276,80.0
laser 532 nm,1760.3068712474983,80.0
laser 532 nm,1761.707805203469,80.0
laser 532 nm,1763.1087391594397,80.0
laser 532 nm,1764.5096731154104,80.0
laser 532 nm,1765.9106070713808,80.0
laser 532 nm,1767.3115410273515,80.0
laser 532 nm,1768.7124749833222,80.0
laser 532 nm,1770.1134089392929,80.0
laser 532 nm,1771.5143428952636,80.0
laser 532 nm,1772.9152768512342,80.0
laser 532 nm,1774.3162108072047,80.0
laser 532 nm,1775.7171447631754,80.0
laser 532 nm,1777.118078719146,80.0
laser 532 nm,1778.5190126751168,80.0
laser 532 nm,1779.9199466310874,80.0
laser 532 nm,1781.320880587058,80.0
laser 532 nm,1782.7218145430286,80.0
laser 532 nm,1784.1227484989993,80.0
laser 532 nm,1785.52368245497,80.0
laser 532 nm,1786.9246164109406,80.0
laser 532 nm,1788.3255503669113,80.0
laser 532 nm,1789.7264843228818,80.0
laser 532 nm,1791.1274182788525,80.0
laser 532 nm,1792.5283522348232,80.0
laser 532 nm,1793.9292861907938,80.0
laser 532 nm,1795.3302201467645,80.0
laser 532 nm,1796.7311541027352,80.0
laser 532 nm,1798.1320880587057,80.0
laser 532 nm,1799.5330220146764,80.0
laser 532 nm,1800.933955970647,80.0
laser 532 nm,1802.3348899266177,80.0
laser 532 nm,1803.7358238825884,80.0
laser 532 nm,1805.136757838559,80.0
laser 532 nm,1806.5376917945296,80.0
laser 532 nm,1807.9386257505003,80.0
laser 532 nm,1809.339559706471,80.0
laser 532 nm,1810.7404936624416,80.0
laser 532 nm,1812.1414276184123,80.0
laser 532 nm,1813.542361574383,80.0
laser 532 nm,1814.9432955303535,80.0
laser 532 nm,1816.3442294863241,80.0
laser 532 nm,1817.7451634422948,80.0
laser 532 nm,1819.1460973982655,80.0
laser 532 nm,1820.5470313542362,80.0
laser 532 nm,1821.9479653102069,80.0
laser 532 nm,1823.3488992661773,80.0
laser 532 nm,1824.749833222148,80.0
laser 532 nm,1826.1507671781187,80.0
laser 532 nm,1827.5517011340894,80.0
laser 532 nm,1828.95263509006,80.0
laser 532 nm,1830.3535690460308,80.0
laser 532 nm,1831.7545030020012,80.0
laser 532 nm,1833.155436957972,80.0
laser 532 nm,1834.5563709139426,80.0
laser 532 nm,1835.9573048699133,80.0
laser 532 nm,1837.358238825884,80.0
laser 532 nm,1838.7591727818544,80.0
laser 532 nm,1840.1601067378251,80.0
laser 532 nm,1841.5610406937958,80.0
laser 532 nm,1842.9619746497665,80.0
laser 532 nm,1844.3629086057372,80.0
laser 532 nm,1845.7638425617079,80.0
laser 532 nm,1847.1647765176783,80.0
laser 532 nm,1848.565710473649,80.0
laser 532 nm,1849.9666444296197,80.0
laser 532 nm,1851.3675783855904,80.0
laser 532 nm,1852.768512341561,80.0
laser 532 nm,1854.1694462975317,80.0
laser 532 nm,1855.5703802535022,80.0
laser 532 nm,1856.971314209473,80.0
laser 532 nm,1858.3722481654436,80.0
laser 532 nm,1859.7731821214143,80.0
laser 532 nm,1861.174116077385,80.0
laser 532 nm,1862.5750500333556,80.0
laser 532 nm,1863.975983989326,80.0
laser 532 nm,1865.3769179452968,80.0
laser 532 nm,1866.7778519012675,80.0
laser 532 nm,1868.1787858572382,80.0
laser 532 nm,1869.5797198132088,80.0
laser 532 nm,1870.9806537691795,80.0
laser 532 nm,1872.38158772515,80.0
laser 532 nm,1873.7825216811207,80.0
laser 532 nm,1875.1834556370914,80.0
laser 532 nm,1876.584389593062,80.0
laser 532 nm,1877.9853235490327,80.0
laser 532 nm,1879.3862575050034,80.0
laser 532 nm,1880.7871914609739,80.0
laser 532 nm,1882.1881254169446,80.0
laser 532 nm,1883.5890593729152,80.0
laser 532 nm,1884.989993328886,80.0
laser 532 nm,1886.3909272848566,80.0
laser 532 nm,1887.7918612408273,80.0
laser 532 nm,1889.1927951967978,80.0
laser 532 nm,1890.5937291527684,80.0
laser 532 nm,1891.9946631087391,80.0
laser 532 nm,1893.3955970647098,80.0
laser 532 nm,1894.7965310206805,80.0
laser 532 nm,1896.197464976651,80.0
laser 532 nm,1897.5983989326216,80.0
laser 532 nm,1898.9993328885923,80.0
laser 532 nm,1900.400266844563,80.0
laser 532 nm,1901.8012008005337,80.0
laser 532 nm,1903.2021347565044,80.0
laser 532 nm,1904.6030687124749,80.0
laser 532 nm,1906.0040026684455,80.0
laser 532 nm,1907.4049366244162,80.0
laser 532 nm,1908.805870580387,80.0
laser 532 nm,1910.2068045363576,80.0
laser 532 nm,1911.6077384923283,80.0
laser 532 nm,1913.0086724482987,80.0
laser 532 nm,1914.4096064042694,80.0
laser 532 nm,1915.81054036024,80.0
laser 532 nm,1917.2114743162108,80.0
laser 532 nm,1918.6124082721815,80.0
laser 532 nm,1920.0133422281522,80.0
laser 532 nm,1921.4142761841226,80.0
laser 532 nm,1922.8152101400933,80.0
laser 532 nm,1924.216144096064,80.0
laser 532 nm,1925.6170780520347,80.0
laser 532 nm,1927.0180120080054,80.0
laser 532 nm,1928.418945963976,80.0
laser 532 nm,1929.8198799199465,80.0
laser 532 nm,1931.2208138759172,80.0
laser 532 nm,1932.621747831888,80.0
laser 532 nm,1934.0226817878586,80.0
laser 532 nm,1935.4236157438293,80.0
laser 532 nm,1936.8245496998,80.0
laser 532 nm,1938.2254836557704,80.0
laser 532 nm,1939.626417611741,80.0
laser 532 nm,1941.0273515677118,80.0
laser 532 nm,1942.4282855236825,80.0
laser 532 nm,1943.8292194796531,80.0
laser 532 nm,1945.2301534356236,80.0
laser 532 nm,1946.6310873915943,80.0
laser 532 nm,1948.032021347565,80.0
laser 532 nm,1949.4329553035357,80.0
laser 532 nm,1950.8338892595063,80.0
laser 532 nm,1952.234823215477,80.0
laser 532 nm,1953.6357571714475,80.0
laser 532 nm,1955.0366911274182,80.0
laser 532 nm,1956.4376250833889,80.0
laser 532 nm,1957.8385590393596,80.0
laser 532 nm,1959.2394929953302,80.0
laser 532 nm,1960.640426951301,80.0
laser 532 nm,1962.0413609072714,80.0
laser 532 nm,1963.442294863242,80.0
laser 532 nm,1964.8432288192128,80.0
laser 532 nm,1966.2441627751834,80.0
laser 532 nm,1967.6450967311541,80.0
laser 532 nm,1969.0460306871248,80.0
laser 532 nm,1970.4469646430953,80.0
laser 532 nm,1971.847898599066,80.0
laser 532 nm,1973.2488325550366,80.0
laser 532 nm,1974.6497665110073,80.0
laser 532 nm,1976.050700466978,80.0
laser 532 nm,1977.4516344229487,80.0
laser 532 nm,1978.8525683789192,80.0
laser 532 nm,1980.2535023348898,80.0
laser 532 nm,1981.6544362908605,80.0
laser 532 nm,1983.0553702468312,80.0
laser 532 nm,1984.456304202802,80.0
laser 532 nm,1985.8572381587726,80.0
laser 532 nm,1987.258172114743,80.0
laser 532 nm,1988.6591060707137,80.0
laser 532 nm,1990.0600400266844,80.0
laser 532 nm,1991.460973982655,80.0
laser 532 nm,1992.8619079386258,80.0
laser 532 nm,1994.2628418945965,80.0
laser 532 nm,1995.663775850567,80.0
laser 532 nm,1997.0647098065376,80.0
laser 532 nm,1998.4656437625083,80.0
laser 532 nm,1999.866577718479,80.0
laser 532 nm,2001.2675116744497,80.0
laser 532 nm,2002.6684456304201,80.0
laser 532 nm,2004.0693795863908,80.0
laser 532 nm,2005.4703135423615,80.0
laser 532 nm,2006.8712474983322,80.0
laser 532 nm,2008.2721814543029,80.0
laser 532 nm,2009.6731154102736,80.0
laser 532 nm,2011.074049366244,80.0
laser 532 nm,2012.4749833222147,80.0
laser 532 nm,2013.8759172781854,80.0
laser 532 nm,2015.276851234156,80.0
laser 532 nm,2016.6777851901268,80.0
laser 532 nm,2018.0787191460975,80.0
laser 532 nm,2019.479653102068,80.0
laser 532 nm,2020.8805870580386,80.0
laser 532 nm,2022.2815210140093,80.0
laser 532 nm,2023.68245496998,80.0
laser 532 nm,2025.0833889259507,80.0
laser 532 nm,2026.4843228819213,80.0
laser 532 nm,2027.8852568378918,80.0
laser 532 nm,2029.2861907938625,80.0
laser 532 nm,2030.6871247498332,80.0
laser 532 nm,2032.0880587058039,80.0
laser 532 nm,2033.4889926617745,80.0
laser 532 nm,2034.8899266177452,80.0
laser 532 nm,2036.2908605737157,80.0
laser 532 nm,2037.6917945296864,80.0
laser 532 nm,2039.092728485657,80.0
laser 532 nm,2040.4936624416277,80.0
laser 532 nm,2041.8945963975984,80.0
laser 532 nm,2043.2955303535691,80.0
laser 532 nm,2044.6964643095396,80.0
laser 532 nm,2046.0973982655103,80.0
laser 532 nm,2047.498332221481,80.0
laser 532 nm,2048.899266177452,80.0
laser 532 nm,2050.3002001334225,80.0
laser 532 nm,2051.7011340893932,80.0
laser 532 nm,2053.1020680453635,80.0
laser 532 nm,2054.503002001334,80.0
laser 532 nm,2055.903935957305,80.0
laser 532 nm,2057.3048699132755,80.0
laser 532 nm,2058.705803869246,80.0
laser 532 nm,2060.1067378252164,80.0
laser 532 nm,2061.507671781187,80.0
laser 532 nm,2062.908605737158,80.0
laser 532 nm,2064.3095396931285,80.0
laser 532 nm,2065.710473649099,80.0
laser 532 nm,2067.11140760507,80.0
laser 532 nm,2068.5123415610406,80.0
laser 532 nm,2069.9132755170112,80.0
laser 532 nm,2071.314209472982,80.0
laser 532 nm,2072.7151434289526,80.0
laser 532 nm,2074.1160773849233,80.0
laser 532 nm,2075.517011340894,80.0
laser 532 nm,2076.9179452968647,80.0
laser 532 nm,2078.3188792528354,80.0
laser 532 nm,2079.719813208806,80.0
laser 532 nm,2081.1207471647767,80.0
laser 532 nm,2082.5216811207474,80.0
laser 532 nm,2083.922615076718,80.0
laser 532 nm,2085.3235490326883,80.0
laser 532 nm,2086.724482988659,80.0
laser 532 nm,2088.1254169446297,80.0
laser 532 nm,2089.5263509006004,80.0
laser 532 nm,2090.927284856571,80.0
laser 532 nm,2092.3282188125418,80.0
laser 532 nm,2093.729152768512,80.0
laser 532 nm,2095.1300867244827,80.0
laser 532 nm,2096.5310206804534,80.0
laser 532 nm,2097.931954636424,80.0
laser 532 nm,2099.3328885923947,80.0
laser 532 nm,2100.7338225483654,80.0
laser 532 nm,2102.134756504336,80.0
laser 532 nm,2103.535690460307,80.0
laser 532 nm,2104.9366244162775,80.0
laser 532 nm,2106.337558372248,80.0
laser 532 nm,2107.738492328219,80.0
laser 532 nm,2109.1394262841895,80.0
laser 532 nm,2110.54036024016,80.0
laser 532 nm,2111.941294196131,80.0
laser 532 nm,2113.3422281521016,80.0
laser 532 nm,2114.7431621080723,80.0
laser 532 nm,2116.144096064043,80.0
laser 532 nm,2117.545030020013,80.0
laser 532 nm,2118.945963975984,80.0
laser 532 nm,2120.3468979319546,80.0
laser 532 nm,2121.7478318879253,80.0
laser 532 nm,2123.148765843896,80.0
laser 532 nm,2124.5496997998666,80.0
laser 532 nm,2125.950633755837,80.0
laser 532 nm,2127.3515677118075,80.0
laser 532 nm,2128.7525016677782,80.0
laser 532 nm,2130.153435623749,80.0
laser 532 nm,2131.5543695797196,80.0
laser 532 nm,2132.9553035356903,80.0
laser 532 nm,2134.356237491661,80.0
laser 532 nm,2135.7571714476317,80.0
laser 532 nm,2137.1581054036023,80.0
laser 532 nm,2138.559039359573,80.0
laser 532 nm,2139.9599733155437,80.0
laser 532 nm,2141.3609072715144,80.0
laser 532 nm,2142.761841227485,80.0
laser 532 nm,2144.162775183456,80.0
laser 532 nm,2145.5637091394265,80.0
laser 532 nm,2146.964643095397,80.0
laser 532 nm,2148.365577051368,80.0
laser 532 nm,2149.7665110073385,80.0
laser 532 nm,2151.1674449633088,80.0
laser 532 nm,2152.5683789192794,80.0
laser 532 nm,2153.96931287525,80.0
laser 532 nm,2155.370246831221,80.0
laser 532 nm,2156.7711807871915,80.0
laser 532 nm,2158.172114743162,80.0
laser 532 nm,2159.5730486991324,80.0
laser 532 nm,2160.973982655103,80.0
laser 532 nm,2162.374916611074,80.0
laser 532 nm,2163.7758505670445,80.0
laser 532 nm,2165.176784523015,80.0
laser 532 nm,2166.577718478986,80.0
laser 532 nm,2167.9786524349565,80.0
laser 532 nm,2169.379586390927,80.0
laser 532 nm,2170.780520346898,80.0
laser 532 nm,2172.1814543028686,80.0
laser 532 nm,2173.5823882588393,80.0
laser 532 nm,2174.98332221481,80.0
laser 532 nm,2176.3842561707806,80.0
laser 532 nm,2177.7851901267513,80.0
laser 532 nm,2179.186124082722,80.0
laser 532 nm,2180.5870580386927,80.0
laser 532 nm,2181.9879919946634,80.0
laser 532 nm,2183.3889259506336,80.0
laser 532 nm,2184.7898599066043,80.0
laser 532 nm,2186.190793862575,80.0
laser 532 nm,2187.5917278185457,80.0
laser 532 nm,2188.9926617745164,80.0
laser 532 nm,2190.393595730487,80.0
laser 532 nm,2191.7945296864573,80.0
laser 532 nm,2193.195463642428,80.0
laser 532 nm,2194.5963975983987,80.0
laser 532 nm,2195.9973315543693,80.0
laser 532 nm,2197.39826551034,80.0
laser 532 nm,2198.7991994663107,80.0
laser 532 nm,2200.2001334222814,80.0
laser 532 nm,2201.601067378252,80.0
laser 532 nm,2203.0020013342228,80.0
laser 532 nm,2204.4029352901935,80.0
laser 532 nm,2205.803869246164,80.0
laser 532 nm,2207.204803202135,80.0
laser 532 nm,2208.6057371581055,80.0
laser 532 nm,2210.006671114076,80.0
laser 532 nm,2211.407605070047,80.0
laser 532 nm,2212.8085390260176,80.0
laser 532 nm,2214.2094729819883,80.0
laser 532 nm,2215.610406937959,80.0
laser 532 nm,2217.011340893929,80.0
laser 532 nm,2218.4122748499,80.0
laser 532 nm,2219.8132088058705,80.0
laser 532 nm,2221.2141427618412,80.0
laser 532 nm,2222.615076717812,80.0
laser 532 nm,2224.016010673782,80.0
laser 532 nm,2225.416944629753,80.0
laser 532 nm,2226.8178785857235,80.0
laser 532 nm,2228.218812541694,80.0
laser 532 nm,2229.619746497665,80.0
laser 532 nm,2231.0206804536356,80.0
laser 532 nm,2232.4216144096063,80.0
laser 532 nm,2233.822548365577,80.0
laser 532 nm,2235.2234823215476,80.0
laser 532 nm,2236.6244162775183,80.0
laser 532 nm,2238.025350233489,80.0
laser 532 nm,2239.4262841894597,80.0
laser 532 nm,2240.8272181454304,80.0
laser 532 nm,2242.228152101401,80.0
laser 532 nm,2243.6290860573718,80.0
laser 532 nm,2245.0300200133424,80.0
laser 532 nm,2246.430953969313,80.0
laser 532 nm,2247.831887925284,80.0
laser 532 nm,2249.232821881254,80.0
laser 532 nm,2250.6337558372247,80.0
laser 532 nm,2252.0346897931954,80.0
laser 532 nm,2253.435623749166,80.0
laser 532 nm,2254.836557705137,80.0
laser 532 nm,2256.2374916611075,80.0
laser 532 nm,2257.6384256170777,80.0
laser 532 nm,2259.0393595730484,80.0
laser 532 nm,2260.440293529019,80.0
laser 532 nm,2261.8412274849898,80.0
laser 532 nm,2263.2421614409604,80.0
laser 532 nm,2264.643095396931,80.0
laser 532 nm,2266.044029352902,80.0
laser 532 nm,2267.4449633088725,80.0
laser 532 nm,2268.845897264843,80.0
laser 532 nm,2270.246831220814,80.0
laser 532 nm,2271.6477651767846,80.0
laser 532 nm,2273.0486991327552,80.0
laser 532 nm,2274.449633088726,80.0
laser 532 nm,2275.8505670446966,80.0
laser 532 nm,2277.2515010006673,80.0
laser 532 nm,2278.652434956638,80.0
laser 532 nm,2280.0533689126087,80.0
laser 532 nm,2281.454302868579,80.0
laser 532 nm,2282.8552368245496,80.0
laser 532 nm,2284.2561707805203,80.0
laser 532 nm,2285.657104736491,80.0
laser 532 nm,2287.0580386924617,80.0
laser 532 nm,2288.4589726484323,80.0
laser 532 nm,2289.8599066044026,80.0
laser 532 nm,2291.2608405603733,80.0
laser 532 nm,2292.661774516344,80.0
laser 532 nm,2294.0627084723146,80.0
laser 532 nm,2295.4636424282853,80.0
laser 532 nm,2296.864576384256,80.0
laser 532 nm,2298.2655103402267,80.0
laser 532 nm,2299.6664442961974,80.0
laser 532 nm,2301.067378252168,80.0
laser 532 nm,2302.4683122081387,80.0
laser 532 nm,2303.8692461641094,80.0
laser 532 nm,2305.27018012008,80.0
laser 532 nm,2306.671114076051,80.0
laser 532 nm,2308.0720480320215,80.0
laser 532 nm,2309.472981987992,80.0
laser 532 nm,2310.873915943963,80.0
laser 532 nm,2312.2748498999335,80.0
laser 532 nm,2313.6757838559042,80.0
laser 532 nm,2315.0767178118745,80.0
laser 532 nm,2316.477651767845,80.0
laser 532 nm,2317.878585723816,80.0
laser 532 nm,2319.2795196797865,80.0
laser 532 nm,2320.680453635757,80.0
laser 532 nm,2322.081387591728,80.0
laser 532 nm,2323.482321547698,80.0
laser 532 nm,2324.883255503669,80.0
laser 532 nm,2326.2841894596395,80.0
laser 532 nm,2327.68512341561,80.0
laser 532 nm,2329.086057371581,80.0
laser 532 nm,2330.4869913275516,80.0
laser 532 nm,2331.8879252835222,80.0
laser 532 nm,2333.288859239493,80.0
laser 532 nm,2334.6897931954636,80.0
laser 532 nm,2336.0907271514343,80.0
laser 532 nm,2337.491661107405,80.0
laser 532 nm,2338.8925950633757,80.0
laser 532 nm,2340.2935290193464,80.0
laser 532 nm,2341.694462975317,80.0
laser 532 nm,2343.0953969312877,80.0
laser 532 nm,2344.4963308872584,80.0
laser 532 nm,2345.897264843229,80.0
laser 532 nm,2347.2981987991993,80.0
laser 532 nm,2348.69913275517,80.0
laser 532 nm,2350.1000667111407,80.0
laser 532 nm,2351.5010006671114,80.0
laser 532 nm,2352.901934623082,80.0
laser 532 nm,2354.3028685790528,80.0
laser 532 nm,2355.703802535023,80.0
laser 532 nm,2357.1047364909937,80.0
laser 532 nm,2358.5056704469644,80.0
laser 532 nm,2359.906604402935,80.0
laser 532 nm,2361.3075383589057,80.0
laser 532 nm,2362.7084723148764,80.0
laser 532 nm,2364.109406270847,80.0
laser 532 nm,2365.510340226818,80.0
laser 532 nm,2366.9112741827885,80.0
laser 532 nm,2368.312208138759,80.0
laser 532 nm,2369.71314209473,80.0
laser 532 nm,2371.1140760507005,80.0
laser 532 nm,2372.515010006671,80.0
laser 532 nm,2373.915943962642,80.0
laser 532 nm,2375.3168779186126,80.0
laser 532 nm,2376.7178118745833,80.0
laser 532 nm,2378.118745830554,80.0
laser 532 nm,2379.5196797865246,80.0
laser 532 nm,2380.920613742495,80.0
laser 532 nm,2382.3215476984656,80.0
laser 532 nm,2383.7224816544363,80.0
laser 532 nm,2385.123415610407,80.0
laser 532 nm,2386.5243495663776,80.0
laser 532 nm,2387.925283522348,80.0
laser 532 nm,2389.3262174783185,80.0
laser 532 nm,2390.727151434289,80.0
laser 532 nm,2392.12808539026,80.0
laser 532 nm,2393.5290193462306,80.0
laser 532 nm,2394.9299533022013,80.0
laser 532 nm,2396.330887258172,80.0
laser 532 nm,2397.7318212141427,80.0
laser 532 nm,2399.1327551701133,80.0
laser 532 nm,2400.533689126084,80.0
laser 532 nm,2401.9346230820547,80.0
laser 532 nm,2403.3355570380254,80.0
laser 532 nm,2404.736490993996,80.0
laser 532 nm,2406.1374249499668,80.0
laser 532 nm,2407.5383589059375,80.0
laser 532 nm,2408.939292861908,80.0
laser 532 nm,2410.340226817879,80.0
laser 532 nm,2411.7411607738495,80.0
laser 532 nm,2413.1420947298197,80.0
laser 532 nm,2414.5430286857904,80.0
laser 532 nm,2415.943962641761,80.0
laser 532 nm,2417.344896597732,80.0
laser 532 nm,2418.7458305537025,80.0
laser 532 nm,2420.146764509673,80.0
laser 532 nm,2421.5476984656434,80.0
laser 532 nm,2422.948632421614,80.0
laser 532 nm,2424.349566377585,80.0
laser 532 nm,2425.7505003335555,80.0
laser 532 nm,2427.151434289526,80.0
laser 532 nm,2428.552368245497,80.0
laser 532 nm,2429.9533022014675,80.0
laser 532 nm,2431.354236157438,80.0
laser 532 nm,2432.755170113409,80.0
laser 532 nm,2434.1561040693796,80.0
laser 532 nm,2435.5570380253503,80.0
laser 532 nm,2436.957971981321,80.0
laser 532 nm,2438.3589059372916,80.0
laser 532 nm,2439.7598398932623,80.0
laser 532 nm,2441.160773849233,80.0
laser 532 nm,2442.5617078052037,80.0
laser 532 nm,2443.9626417611744,80.0
laser 532 nm,2445.3635757171446,80.0
laser 532 nm,2446.7645096731153,80.0
laser 532 nm,2448.165443629086,80.0
laser 532 nm,2449.5663775850567,80.0
laser 532 nm,2450.9673115410274,80.0
laser 532 nm,2452.368245496998,80.0
laser 532 nm,2453.7691794529687,80.0
laser 532 nm,2455.1701134089394,80.0
laser 532 nm,2456.57104736491,80.0
laser 532 nm,2457.9719813208803,80.0
laser 532 nm,2459.372915276851,80.0
laser 532 nm,2460.7738492328217,80.0
laser 532 nm,2462.1747831887924,80.0
laser 532 nm,2463.575717144763,80.0
laser 532 nm,2464.9766511007338,80.0
laser 532 nm,2466.3775850567044,80.0
laser 532 nm,2467.778519012675,80.0
laser 532 nm,2469.179452968646,80.0
laser 532 nm,2470.5803869246165,80.0
laser 532 nm,2471.981320880587,80.0
laser 532 nm,2473.382254836558,80.0
laser 532 nm,2474.783188792528,80.0
laser 532 nm,2476.184122748499,80.0
laser 532 nm,2477.5850567044695,80.0
laser 532 nm,2478.98599066044,80.0
laser 532 nm,2480.386924616411,80.0
laser 532 nm,2481.7878585723815,80.0
laser 532 nm,2483.188792528352,80.0
laser 532 nm,2484.589726484323,80.0
laser 532 nm,2485.9906604402936,80.0
laser 532 nm,2487.3915943962643,80.0
laser 532 nm,2488.792528352235,80.0
laser 532 nm,2490.1934623082057,80.0
laser 532 nm,2491.594396264176,80.0
laser 532 nm,2492.9953302201466,80.0
laser 532 nm,2494.3962641761173,80.0
laser 532 nm,2495.797198132088,80.0
laser 532 nm,2497.1981320880586,80.0
laser 532 nm,2498.5990660440293,80.0
laser 532 nm,2500.0,80.0
laser 633 nm,400.0,650.5883439873181
laser 633 nm,401.40093395597063,650.6743471706367
laser 633 nm,402.8018679119413,650.7716848272196
laser 633 nm,404.20280186791194,650.8816588764538
laser 633 nm,405.6037358238826,651.005692957029
laser 633 nm,407.00466977985326,651.1453400164131
laser 633 nm,408.4056037358239,651.302289868312
laser 633 nm,409.8065376917945,651.4783766361068
laser 633 nm,411.2074716477652,651.675585990172
laser 633 nm,412.60840560373583,651.8960620767505
laser 633 nm,414.00933955970646,652.1421140258282
laser 633 nm,415.4102735156771,652.4162219153706
laser 633 nm,416.8112074716478,652.7210420595321
laser 633 nm,418.2121414276184,653.059411479214
laser 633 nm,419.61307538358903,653.434351404844
laser 633 nm,421.0140093395597,653.8490696537027
laser 633 nm,422.41494329553035,654.3069617177573
laser 633 nm,423.815877251501,654.8116103930405
laser 633 nm,425.21681120747166,655.3667837783744
laser 633 nm,426.6177451634423,655.9764314699412
laser 633 nm,428.0186791194129,656.644678779103
laser 633 nm,429.4196130753836,657.3758188042071
laser 633 nm,430.82054703135424,658.174302193127
laser 633 nm,432.22148098732487,659.0447244421741
laser 633 nm,433.62241494329555,659.9918105889997
laser 633 nm,435.0233488992662,661.020397172295
laser 633 nm,436.4242828552368,662.1354113496747
laser 633 nm,437.8252168112075,663.3418470871138
laser 633 nm,439.2261507671781,664.6447383587844
laser 633 nm,440.62708472314876,666.049129325029
laser 633 nm,442.02801867911944,667.5600414884775
laser 633 nm,443.42895263509007,669.1824378637671
laser 633 nm,444.8298865910607,670.9211842347737
laser 633 nm,446.2308205470314,672.7810076144012
laser 633 nm,447.631754503002,674.7664520654401
laser 633 nm,449.03268845897264,676.8818320863699
laser 633 nm,450.4336224149433,679.1311838127194
laser 633 nm,451.83455637091396,681.518214332154
laser 633 nm,453.2354903268846,684.0462494591625
laser 633 nm,454.6364242828552,686.7181803624004
laser 633 nm,456.0373582388259,689.5364094836232
laser 633 nm,457.43829219479653,692.5027962309457
laser 633 nm,458.83922615076716,695.6186029700607
laser 633 nm,460.24016010673785,698.8844418741877
laser 633 nm,461.6410940627085,702.3002232260791
laser 633 nm,463.0420280186791,705.8651057925358
laser 633 nm,464.44296197464973,709.5774499127713
laser 633 nm,465.8438959306204,713.4347739558627
laser 633 nm,467.24482988659105,717.4337148087313
laser 633 nm,468.6457638425617,721.5699930539764
laser 633 nm,470.04669779853236,725.8383834859349
laser 633 nm,471.447631754503,730.2326915931166
laser 633 nm,472.8485657104736,734.7457366054126
laser 633 nm,474.2494996664443,739.3693416650075
laser 633 nm,475.65043362241494,744.094331630775
laser 633 nm,477.05136757838557,748.9105389672546
laser 633 nm,478.45230153435625,753.8068181014055
laser 633 nm,479.8532354903269,758.7710685537401
laser 633 nm,481.2541694462975,763.7902670658063
laser 633 nm,482.6551034022682,768.8505088541452
laser 633 nm,484.0560373582388,773.9370580228202
laser 633 nm,485.45697131420945,779.0344070635357
laser 633 nm,486.85790527018014,784.1263452655211
laser 633 nm,488.25883922615077,789.1960357481777
laser 633 nm,489.6597731821214,794.2261007194926
laser 633 nm,491.0607071380921,799.1987144539827
laser 633 nm,492.4616410940627,804.0957033771435
laser 633 nm,493.86257505003334,808.8986525406806
laser 633 nm,495.263509006004,813.5890176759011
laser 633 nm,496.66444296197466,818.1482419231892
laser 633 nm,498.0653769179453,822.5578762550609
laser 633 nm,499.466310873916,826.799702540398
laser 633 nm,500.8672448298866,830.8558581394792
laser 633 nm,502.26817878585723,834.7089608745764
laser 633 nm,503.6691127418279,838.3422331902281
laser 633 nm,505.07004669779855,841.7396243016867
laser 633 nm,506.4709806537692,844.8859291301035
laser 633 nm,507.8719146097398,847.7669028391392
laser 633 nm,509.2728485657105,850.3693698200427
laser 633 nm,510.6737825216811,852.68132602067
laser 633 nm,512.0747164776518,854.6920335780743
laser 633 nm,513.4756504336224,856.3921067935039
laser 633 nm,514.8765843895931,857.7735885820101
laser 633 nm,516.2775183455637,858.8300166352296
laser 633 nm,517.6784523015343,859.5564786538447
laser 633 nm,519.079386257505,859.949656134164
laser 633 nm,520.4803202134757,860.0078563293434
laser 633 nm,521.8812541694463,859.7310321480456
laser 633 nm,523.282188125417,859.120789899648
laser 633 nm,524.6831220813876,858.1803849432491
laser 633 nm,526.0840560373582,856.9147054453656
laser 633 nm,527.4849899933289,855.330244595996
laser 633 nm,528.8859239492995,853.4350617723254
laser 633 nm,530.2868579052702,851.2387332713939
laser 633 nm,531.6877918612408,848.7522933553453
laser 633 nm,533.0887258172115,845.9881664632187
laser 633 nm,534.4896597731821,842.9600915396951
laser 633 nm,535.8905937291528,839.6830395118843
laser 633 nm,537.2915276851234,836.1731250085894
laser 633 nm,538.692461641094,832.4475134610742
laser 633 nm,540.0933955970647,828.5243247491587
laser 633 nm,541.4943295530354,824.4225345606148
laser 633 nm,542.895263509006,820.1618746148979
laser 633 nm,544.2961974649767,815.7627328640561
laser 633 nm,545.6971314209472,811.2460547244624
laser 633 nm,547.0980653769179,806.6332463133531
laser 633 nm,548.4989993328886,801.9460805650932
laser 633 nm,549.8999332888593,797.2066069848729
laser 633 nm,551.3008672448299,792.4370656640316
laser 633 nm,552.7018012008006,787.6598060334555
laser 633 nm,554.1027351567711,782.8972106720687
laser 633 nm,555.5036691127418,778.1716243191404
laser 633 nm,556.9046030687125,773.5052880652397
laser 633 nm,558.3055370246832,768.9202785205782
laser 633 nm,559.7064709806538,764.4384515850425
laser 633 nm,561.1074049366244,760.0813902753345
laser 633 nm,562.508338892595,755.8703559054588
laser 633 nm,563.9092728485657,751.826241771506
laser 633 nm,565.3102068045364,747.9695283645223
laser 633 nm,566.711140760507,744.3202390303115
laser 633 nm,568.1120747164777,740.8978949162923
laser 633 nm,569.5130086724483,737.721467996677
laser 633 nm,570.9139426284189,734.8093309515541
laser 633 nm,572.3148765843896,732.1792026957589
laser 633 nm,573.7158105403603,729.8480884118849
laser 633 nm,575.1167444963309,727.8322130399002
laser 633 nm,576.5176784523015,726.1469473142663
laser 633 nm,577.9186124082721,724.8067256179312
laser 633 nm,579.3195463642428,723.8249551398328
laser 633 nm,580.7204803202135,723.2139160763091
laser 633 nm,582.1214142761842,722.9846529036073
laser 633 nm,583.5223482321547,723.146857064026
laser 633 nm,584.9232821881254,723.708741746412
laser 633 nm,586.324216144096,724.6769097961064
laser 633 nm,587.7251501000667,726.0562161522664
laser 633 nm,589.1260840560374,727.849626573235
laser 633 nm,590.527018012008,730.0580747640231
laser 633 nm,591.9279519679786,732.6803203541883
laser 633 nm,593.3288859239493,735.7128104793626
laser 633 nm,594.7298198799199,739.149547985197
laser 633 nm,596.1307538358906,742.9819694886617
laser 633 nm,597.5316877918613,747.1988366889673
laser 633 nm,598.932621747832,751.7861444103005
laser 633 nm,600.3335557038025,756.7270488735257
laser 633 nm,601.7344896597732,762.0018196279457
laser 633 nm,603.1354236157438,767.5878184226768
laser 633 nm,604.5363575717145,773.4595080577492
laser 633 nm,605.9372915276851,779.5884939272534
laser 633 nm,607.3382254836558,785.9436005527718
laser 633 nm,608.7391594396264,792.4909849091734
laser 633 nm,610.1400933955971,799.1942877734384
laser 633 nm,611.5410273515677,806.0148236896049
laser 633 nm,612.9419613075383,812.9118094506118
laser 633 nm,614.342895263509,819.8426302641606
laser 633 nm,615.7438292194796,826.7631420101117
laser 633 nm,617.1447631754503,833.6280072280149
laser 633 nm,618.545697131421,840.391061713048
laser 633 nm,619.9466310873916,847.00570786538
laser 633 nm,621.3475650433622,853.425330250333
laser 633 nm,622.7484989993329,859.6037282029661
laser 633 nm,624.1494329553035,865.4955597681983
laser 633 nm,625.5503669112742,871.0567908221383
laser 633 nm,626.9513008672449,876.2451428859814
laser 633 nm,628.3522348232154,881.0205329322009
laser 633 nm,629.7531687791861,885.3454984026368
laser 633 nm,631.1541027351568,889.1856007151803
laser 633 nm,632.5550366911274,892.5098007324215
laser 633 nm,633.9559706470981,895.2908000007106
laser 633 nm,635.3569046030686,897.5053420368757
laser 633 nm,636.7578385590393,899.1344685341829
laser 633 nm,638.15877251501,900.163726067458
laser 633 nm,639.5597064709807,900.5833196850923
laser 633 nm,640.9606404269513,900.3882106656458
laser 633 nm,642.361574382922,899.5781566694636
laser 633 nm,643.7625083388925,898.1576935099154
laser 633 nm,645.1634422948632,896.1360587822236
laser 633 nm,646.5643762508339,893.5270585974652
laser 633 nm,647.9653102068046,890.3488796524581
laser 633 nm,649.3662441627752,886.6238498008279
laser 633 nm,650.7671781187458,882.3781511558649
laser 633 nm,652.1681120747164,877.6414905330247
laser 633 nm,653.5690460306871,872.4467327126068
laser 633 nm,654.9699799866578,866.8295025577054
laser 633 nm,656.3709139426285,860.8277624483713
laser 633 nm,657.771847898599,854.4813717830332
laser 633 nm,659.1727818545697,847.8316354488943
laser 633 nm,660.5737158105403,840.9208481742231
laser 633 nm,661.974649766511,833.7918415504705
laser 633 nm,663.3755837224817,826.4875402576795
laser 633 nm,664.7765176784524,819.0505336522033
laser 633 nm,666.1774516344229,811.5226683936462
laser 633 nm,667.5783855903935,803.9446672125886
laser 633 nm,668.9793195463642,796.3557782682931
laser 633 nm,670.3802535023349,788.7934588336466
laser 633 nm,671.7811874583056,781.2930962912579
laser 633 nm,673.1821214142763,773.8877686483169
laser 633 nm,674.5830553702468,766.6080459965551
laser 633 nm,675.9839893262174,759.4818335748243
laser 633 nm,677.3849232821881,752.5342563515152
laser 633 nm,678.7858572381588,745.7875843468646
laser 633 nm,680.1867911941295,739.2611972738564
laser 633 nm,681.5877251501001,732.9715865015364
laser 633 nm,682.9886591060707,726.932391844491
laser 633 nm,684.3895930620413,721.1544702630192
laser 633 nm,685.790527018012,715.6459932238722
laser 633 nm,687.1914609739827,710.4125692227083
laser 633 nm,688.5923949299533,705.4573878059006
laser 633 nm,689.9933288859239,700.7813813482657
laser 633 nm,691.3942628418946,696.383400840137
laser 633 nm,692.7951967978652,692.2604020059754
laser 633 nm,694.1961307538359,688.4076382100578
laser 633 nm,695.5970647098065,684.8188567945907
laser 633 nm,696.9979986657772,681.486495732849
laser 633 nm,698.3989326217478,678.401877755529
laser 633 nm,699.7998665777185,675.5553994129962
laser 633 nm,701.2008005336891,672.9367128603902
laser 633 nm,702.6017344896597,670.5348984877863
laser 633 nm,704.0026684456304,668.3386268556559
laser 633 nm,705.4036024016011,666.336308729168
laser 633 nm,706.8045363575717,664.5162323268916
laser 633 nm,708.2054703135424,662.8666872044652
laser 633 nm,709.606404269513,661.3760744771536
laser 633 nm,711.0073382254836,660.033003343225
laser 633 nm,712.4082721814543,658.8263741000922
laser 633 nm,713.809206137425,657.7454480454428
laser 633 nm,715.2101400933956,656.7799048253227
laser 633 nm,716.6110740493663,655.919887930307
laser 633 nm,718.0120080053368,655.1560391502125
laser 633 nm,719.4129419613075,654.4795228785733
laser 633 nm,720.8138759172782,653.8820412121696
laser 633 nm,722.2148098732489,653.3558408204491
laser 633 nm,723.6157438292195,652.8937125672645
laser 633 nm,725.01667778519,652.4889848556281
laser 633 nm,726.4176117411607,652.1355116379793
laser 633 nm,727.8185456971314,651.8276559925537
laser 633 nm,729.2194796531021,651.5602701135983
laser 633 nm,730.6204136090728,651.3286725019935
laser 633 nm,732.0213475650434,651.1286230757828
laser 633 nm,733.4222815210139,650.9562968493989
laser 633 nm,734.8232154769846,650.808256758022
laser 633 nm,736.2241494329553,650.6814261312313
laser 633 nm,737.625083388926,650.5730612494339
laser 633 nm,739.0260173448967,650.4807243486644
laser 633 nm,740.4269513008672,650.4022573752466
laser 633 nm,741.8278852568378,650.3357567322032
laser 633 nm,743.2288192128085,650.2795492047427
laser 633 nm,744.6297531687792,650.2321692029287
laser 633 nm,746.0306871247499,650.1923374159157
laser 633 nm,747.4316210807204,650.1589409339146
laser 633 nm,748.8325550366911,650.1310148611769
laser 633 nm,750.2334889926617,650.1077254155736
laser 633 nm,751.6344229486324,650.0883544874372
laser 633 nm,753.0353569046031,650.072285611917
laser 633 nm,754.4362908605738,650.0589912947198
laser 633 nm,755.8372248165443,650.0480216203906
laser 633 nm,757.238158772515,650.038994064765
laser 633 nm,758.6390927284856,650.0315844284921
laser 633 nm,760.0400266844563,650.0255188061586
laser 633 nm,761.440960640427,650.0205665051631
laser 633 nm,762.8418945963977,650.0165338297232
laser 633 nm,764.2428285523682,650.0132586479224
laser 633 nm,765.6437625083389,650.0106056632153
laser 633 nm,767.0446964643095,650.0084623160606
laser 633 nm,768.4456304202802,650.0067352460925
laser 633 nm,769.8465643762509,650.0053472502941
laser 633 nm,771.2474983322215,650.004234677843
laser 633 nm,772.6484322881921,650.003345207498
laser 633 nm,774.0493662441627,650.0026359585202
laser 633 nm,775.4503002001334,650.0020718910475
laser 633 nm,776.851234156104,650.0016244565438
laser 633 nm,778.2521681120747,650.0012704633498
laser 633 nm,779.6531020680454,650.0009911264616
laser 633 nm,781.054036024016,650.0007712744317
laser 633 nm,782.4549699799866,650.0005986897269
laser 633 nm,783.8559039359573,650.0004635619807
laser 633 nm,785.256837891928,650.0003580363745
laser 633 nm,786.6577718478986,650.0002758418559
laser 633 nm,788.0587058038693,650.000211986114
laser 633 nm,789.4596397598399,650.0001625061554
laser 633 nm,790.8605737158105,650.000124265022
laser 633 nm,792.2615076717811,650.0000947866567
laser 633 nm,793.6624416277518,650.0000721221958
laser 633 nm,795.0633755837225,650.0000547420573
laser 633 nm,796.4643095396932,650.0000414491275
laser 633 nm,797.8652434956638,650.0000313091466
laser 633 nm,799.2661774516343,650.0000235950603
laser 633 nm,800.667111407605,650.0000177426791
laser 633 nm,802.0680453635757,650.0000133154589
laser 633 nm,803.4689793195464,650.0000099766143
laser 633 nm,804.869913275517,650.0000074671101
laser 633 nm,806.2708472314877,650.0000055883462
laser 633 nm,807.6717811874582,650.0000041885806
laser 633 nm,809.0727151434289,650.0000031523198
laser 633 nm,810.4736490993996,650.0000023920555
laser 633 nm,811.8745830553703,650.0000018418581
laser 633 nm,813.2755170113409,650.0000014524253
laser 633 nm,814.6764509673116,650.0000011872801
laser 633 nm,816.0773849232821,650.0000010198652
laser 633 nm,817.4783188792528,650.0000009313441
laser 633 nm,818.8792528352235,650.0000009089541
laser 633 nm,820.2801867911942,650.0000009447938
laser 633 nm,821.6811207471648,650.0000010349539
laser 633 nm,823.0820547031354,650.0000011789245
laser 633 nm,824.482988659106,650.0000013792221
laser 633 nm,825.8839226150767,650.0000016412021
laser 633 nm,827.2848565710474,650.0000019730297
laser 633 nm,828.6857905270181,650.0000023857883
laser 633 nm,830.0867244829886,650.0000028937192
laser 633 nm,831.4876584389592,650.0000035145868
laser 633 nm,832.8885923949299,650.0000042701705
laser 633 nm,834.2895263509006,650.0000051868932
laser 633 nm,835.6904603068713,650.0000062965944
laser 633 nm,837.091394262842,650.000007637467
laser 633 nm,838.4923282188125,650.0000092551772
laser 633 nm,839.8932621747831,650.000011204194
laser 633 nm,841.2941961307538,650.0000135493584
laser 633 nm,842.6951300867245,650.0000163677281
laser 633 nm,844.0960640426952,650.0000197507433
laser 633 nm,845.4969979986658,650.0000238067577
laser 633 nm,846.8979319546364,650.0000286639961
laser 633 nm,848.298865910607,650.0000344740004
laser 633 nm,849.6997998665777,650.0000414156414
laser 633 nm,851.1007338225484,650.000049699779
laser 633 nm,852.501667778519,650.0000595746702
laser 633 nm,853.9026017344897,650.0000713322337
laser 633 nm,855.3035356904603,650.0000853152978
laser 633 nm,856.7044696464309,650.0001019259729
laser 633 nm,858.1054036024016,650.0001216353085
laser 633 nm,859.5063375583723,650.0001449944175
laser 633 nm,860.9072715143429,650.0001726472719
laser 633 nm,862.3082054703135,650.0002053453967
laser 633 nm,863.7091394262842,650.0002439647234
laser 633 nm,865.1100733822548,650.0002895248887
laser 633 nm,866.5110073382255,650.0003432113024
laser 633 nm,867.9119412941961,650.0004064003433
laser 633 nm,869.3128752501668,650.000480688086
laser 633 nm,870.7138092061374,650.0005679229994
laser 633 nm,872.1147431621081,650.0006702431161
laser 633 nm,873.5156771180787,650.0007901182153
laser 633 nm,874.9166110740493,650.0009303976237
laser 633 nm,876.31754503002,650.001094364301
laser 633 nm,877.7184789859907,650.0012857959372
laser 633 nm,879.1194129419613,650.0015090338691
laser 633 nm,880.520346897932,650.001769060689
laser 633 nm,881.9212808539025,650.0020715875064
laser 633 nm,883.3222148098732,650.0024231519074
laser 633 nm,884.7231487658439,650.0028312277423
laser 633 nm,886.1240827218146,650.0033043479759
laser 633 nm,887.5250166777852,650.0038522419234
laser 633 nm,888.9259506337557,650.0044859883062
laser 633 nm,890.3268845897264,650.0052181856669
laser 633 nm,891.7278185456971,650.0060631417887
laser 633 nm,893.1287525016678,650.0070370838836
laser 633 nm,894.5296864576385,650.0081583914209
laser 633 nm,895.9306204136091,650.0094478535881
laser 633 nm,897.3315543695796,650.0109289534842
laser 633 nm,898.7324883255503,650.0126281812645
laser 633 nm,900.133422281521,650.0145753785572
laser 633 nm,901.5343562374917,650.0168041165823
laser 633 nm,902.9352901934624,650.019352110496
laser 633 nm,904.336224149433,650.0222616725724
laser 633 nm,905.7371581054035,650.0255802069119
laser 633 nm,907.1380920613742,650.029360748425
laser 633 nm,908.5390260173449,650.0336625488891
laser 633 nm,909.9399599733156,650.0385517128962
laser 633 nm,911.3408939292862,650.0441018865172
laser 633 nm,912.7418278852568,650.0503950014819
laser 633 nm,914.1427618412275,650.0575220776155
laser 633 nm,915.5436957971981,650.0655840861928
laser 633 nm,916.9446297531688,650.0746928767337
laser 633 nm,918.3455637091395,650.0849721696061
laser 633 nm,919.74649766511,650.0965586165772
laser 633 nm,921.1474316210807,650.1096029311977
laser 633 nm,922.5483655770514,650.124271090576
laser 633 nm,923.949299533022,650.1407456097271
laser 633 nm,925.3502334889927,650.1592268892334
laser 633 nm,926.7511674449632,650.1799346364519
laser 633 nm,928.1521014009339,650.2031093599186
laser 633 nm,929.5530353569046,650.2290139359538
laser 633 nm,930.9539693128752,650.2579352457416
laser 633 nm,932.3549032688459,650.2901858803496
laser 633 nm,933.7558372248166,650.3261059102739
laser 633 nm,935.1567711807871,650.3660647151223
laser 633 nm,936.5577051367578,650.4104628680041
laser 633 nm,937.9586390927285,650.4597340680688
laser 633 nm,939.3595730486991,650.5143471134314
laser 633 nm,940.7605070046698,650.5748079054415
laser 633 nm,942.1614409606404,650.6416614739081
laser 633 nm,943.562374916611,650.7154940114765
laser 633 nm,944.9633088725817,650.7969349038885
laser 633 nm,946.3642428285524,650.8866587413359
laser 633 nm,947.765176784523,650.9853872945663
laser 633 nm,949.1661107404937,651.093891437821
laser 633 nm,950.5670446964643,651.2129929990892
laser 633 nm,951.9679786524349,651.3435665165841
laser 633 nm,953.3689126084056,651.4865408787707
laser 633 nm,954.7698465643763,651.6429008237591
laser 633 nm,956.1707805203469,651.8136882724045
laser 633 nm,957.5717144763175,652.0000034680766
laser 633 nm,958.9726484322882,652.2030058947822
laser 633 nm,960.3735823882588,652.423914944179
laser 633 nm,961.7745163442295,652.6640103010285
laser 633 nm,963.1754503002002,652.9246320158264
laser 633 nm,964.5763842561707,653.2071802327539
laser 633 nm,965.9773182121414,653.5131145407285
laser 633 nm,967.3782521681121,653.8439529152404
laser 633 nm,968.7791861240827,654.201270218853
laser 633 nm,970.1801200800534,654.5866962287606
laser 633 nm,971.581054036024,655.0019131606509
laser 633 nm,972.9819879919946,655.4486526593453
laser 633 nm,974.3829219479653,655.928692228297
laser 633 nm,975.783855903936,656.4438510720473
laser 633 nm,977.1847898599066,656.9959853281788
laser 633 nm,978.5857238158773,657.5869826681815
laser 633 nm,979.9866577718478,658.2187562499666
laser 633 nm,981.3875917278185,658.8932380085334
laser 633 nm,982.7885256837892,659.6123712755037
laser 633 nm,984.1894596397598,660.378102722907
laser 633 nm,985.5903935957305,661.1923736316759
laser 633 nm,986.9913275517011,662.0571104908194
laser 633 nm,988.3922615076717,662.9742149391283
laser 633 nm,989.7931954636424,663.9455530675197
laser 633 nm,991.1941294196131,664.9729441066945
laser 633 nm,992.5950633755837,666.05814853164
laser 633 nm,993.9959973315543,667.2028556215878
laser 633 nm,995.396931287525,668.4086705212931
laser 633 nm,996.7978652434956,669.6771008568732
laser 633 nm,998.1987991994663,671.0095429668494
laser 633 nm,999.599733155437,672.407267816421
laser 633 nm,1001.0006671114076,673.8714066702729
laser 633 nm,1002.4016010673782,675.4029366062981
laser 633 nm,1003.8025350233489,677.0026659594229
laser 633 nm,1005.2034689793195,678.6712197911585
laser 633 nm,1006.6044029352902,680.4090254864857
laser 633 nm,1008.0053368912609,682.21629858511
laser 633 nm,1009.4062708472314,684.0930289589209
laser 633 nm,1010.8072048032021,686.0389674515521
laser 633 nm,1012.2081387591728,688.0536130991937
laser 633 nm,1013.6090727151434,690.1362010541573
laser 633 nm,1015.0100066711141,692.2856913340805
laser 633 nm,1016.4109406270848,694.5007585199885
laser 633 nm,1017.8118745830553,696.7797825256623
laser 633 nm,1019.212808539026,699.1208405588363
laser 633 nm,1020.6137424949967,701.521700391605
laser 633 nm,1022.0146764509673,703.9798150530646
laser 633 nm,1023.415610406938,706.4923190515851
laser 633 nm,1024.8165443629086,709.0560262272306
laser 633 nm,1026.2174783188793,711.6674293267192
laser 633 nm,1027.61841227485,714.3227013839507
laser 633 nm,1029.0193462308207,717.0176989785823
laser 633 nm,1030.4202801867912,719.7479674334489
laser 633 nm,1031.8212141427618,722.5087479988697
laser 633 nm,1033.2221480987325,725.294987058137
laser 633 nm,1034.623082054703,728.1013473738726
laser 633 nm,1036.0240160106737,730.9222213795235
laser 633 nm,1037.4249499666444,733.7517465042247
laser 633 nm,1038.825883922615,736.5838225027095
laser 633 nm,1040.2268178785857,739.4121307450177
laser 633 nm,1041.6277518345564,742.2301554036447
laser 633 nm,1043.028685790527,745.031206458613
laser 633 nm,1044.4296197464978,747.8084444239436
laser 633 nm,1045.8305537024683,750.5549066822989
laser 633 nm,1047.231487658439,753.2635352983758
laser 633 nm,1048.6324216144096,755.927206166092
laser 633 nm,1050.03335557038,758.5387593299503
laser 633 nm,1051.4342895263508,761.091030307312
laser 633 nm,1052.8352234823215,763.5768822258556
laser 633 nm,1054.2361574382921,765.9892385794071
laser 633 nm,1055.6370913942628,768.321116395716
laser 633 nm,1057.0380253502335,770.5656596017761
laser 633 nm,1058.4389593062042,772.7161723660713
laser 633 nm,1059.8398932621749,774.7661521927446
laser 633 nm,1061.2408272181456,776.7093225402449
laser 633 nm,1062.641761174116,778.5396647365579
laser 633 nm,1064.0426951300867,780.2514489647097
laser 633 nm,1065.4436290860574,781.8392640958667
laser 633 nm,1066.8445630420279,783.2980461530564
laser 633 nm,1068.2454969979985,784.6231051962345
laser 633 nm,1069.6464309539692,785.8101504291187
laser 633 nm,1071.04736490994,786.855313339803
laser 633 nm,1072.4482988659106,787.7551687005588
laser 633 nm,1073.8492328218813,788.5067532673257
laser 633 nm,1075.250166777852,789.1075820360415
laser 633 nm,1076.6511007338227,789.5556619310079
laser 633 nm,1078.0520346897933,789.8495028197771
laser 633 nm,1079.4529686457638,789.9881257693636
laser 633 nm,1080.8539026017345,789.9710684797654
laser 633 nm,1082.2548365577052,789.7983878525874
laser 633 nm,1083.6557705136756,789.4706596747942
laser 633 nm,1085.0567044696463,788.9889754200515
laser 633 nm,1086.457638425617,788.3549361925257
laser 633 nm,1087.8585723815877,787.5706438601678
laser 633 nm,1089.2595063375584,786.6386894462003
laser 633 nm,1090.660440293529,785.5621388685311
laser 633 nm,1092.0613742494997,784.3445161369332
laser 633 nm,1093.4623082054704,782.9897841368572
laser 633 nm,1094.863242161441,781.5023231464971
laser 633 nm,1096.2641761174116,779.8869072500548
laser 633 nm,1097.6651100733823,778.1486788248778
laser 633 nm,1099.0660440293527,776.2931212931544
laser 633 nm,1100.4669779853234,774.3260303400347
laser 633 nm,1101.867911941294,772.2534838093115
laser 633 nm,1103.2688458972648,770.081810495058
laser 633 nm,1104.6697798532355,767.817558052871
laser 633 nm,1106.0707138092062,765.4674602575546
laser 633 nm,1107.4716477651768,763.0384038352101
laser 633 nm,1108.8725817211475,760.5373950968149
laser 633 nm,1110.2735156771182,757.9715265974893
laser 633 nm,1111.6744496330887,755.3479440408714
laser 633 nm,1113.0753835890594,752.6738136413908
laser 633 nm,1114.47631754503,749.9562901489043
laser 633 nm,1115.8772515010005,747.202485730198
laser 633 nm,1117.2781854569712,744.4194398904586
laser 633 nm,1118.6791194129419,741.6140906050958
laser 633 nm,1120.0800533689126,738.793246818394
laser 633 nm,1121.4809873248832,735.96356245062
laser 633 nm,1122.881921280854,733.1315120395096
laser 633 nm,1124.2828552368246,730.3033681257385
laser 633 nm,1125.6837891927953,727.4851804751978
laser 633 nm,1127.084723148766,724.6827572138374
laser 633 nm,1128.4856571047364,721.9016479336798
laser 633 nm,1129.8865910607071,719.147128811518
laser 633 nm,1131.2875250166778,716.4241897649661
laser 633 nm,1132.6884589726483,713.7375236540611
laser 633 nm,1134.089392928619,711.0915175207107
laser 633 nm,1135.4903268845896,708.4902458430388
laser 633 nm,1136.8912608405603,705.937465767231
laser 633 nm,1138.292194796531,703.4366142659642
laser 633 nm,1139.6931287525017,700.9908071599685
laser 633 nm,1141.0940627084724,698.6028399278316
laser 633 nm,1142.494996664443,696.2751902188617
laser 633 nm,1143.8959306204138,694.0100219747343
laser 633 nm,1145.2968645763842,691.8091910577895
laser 633 nm,1146.697798532355,689.6742522772395
laser 633 nm,1148.0987324883254,687.6064676992105
laser 633 nm,1149.499666444296,685.6068161224322
laser 633 nm,1150.9006004002667,683.6760035985409
laser 633 nm,1152.3015343562374,681.814474874273
laser 633 nm,1153.702468312208,680.0224256323144
laser 633 nm,1155.1034022681788,678.2998154081358
laser 633 nm,1156.5043362241495,676.6463810617462
laser 633 nm,1157.9052701801202,675.0616506858522
laser 633 nm,1159.3062041360909,673.5449578353509
laser 633 nm,1160.7071380920613,672.095455967313
laser 633 nm,1162.108072048032,670.7121329855562
laser 633 nm,1163.5090060040027,669.3938257894725
laser 633 nm,1164.9099399599731,668.1392347328547
laser 633 nm,1166.3108739159438,666.9469379049993
laser 633 nm,1167.7118078719145,665.8154051532371
laser 633 nm,1169.1127418278852,664.7430117731641
laser 633 nm,1170.513675783856,663.7280518001614
laser 633 nm,1171.9146097398266,662.7687508431768
laser 633 nm,1173.3155436957973,661.8632784091543
laser 633 nm,1174.716477651768,661.0097596738468
laser 633 nm,1176.1174116077386,660.2062866619669
laser 633 nm,1177.518345563709,659.4509288066703
laser 633 nm,1178.9192795196798,658.7417428651586
laser 633 nm,1180.3202134756505,658.0767821736972
laser 633 nm,1181.721147431621,657.4541052315118
laser 633 nm,1183.1220813875916,656.8717836088381
laser 633 nm,1184.5230153435623,656.3279091798133
laser 633 nm,1185.923949299533,655.8206006858865
laser 633 nm,1187.3248832555037,655.3480096399917
laser 633 nm,1188.7258172114744,654.9083255858454
laser 633 nm,1190.126751167445,654.4997807303967
laser 633 nm,1191.5276851234157,654.1206539706816
laser 633 nm,1192.9286190793864,653.7692743391177
laser 633 nm,1194.3295530353569,653.444023893612
laser 633 nm,1195.7304869913276,653.1433400807907
laser 633 nm,1197.1314209472982,652.8657176021798
laser 633 nm,1198.5323549032687,652.6097098143039
laser 633 nm,1199.9332888592394,652.373929694454
laser 633 nm,1201.33422281521,652.1570504043125
laser 633 nm,1202.7351567711808,651.9578054837531
laser 633 nm,1204.1360907271514,651.7749887069799
laser 633 nm,1205.5370246831221,651.6074536327511
laser 633 nm,1206.9379586390928,651.4541128797865
laser 633 nm,1208.3388925950635,651.3139371576121
laser 633 nm,1209.739826551034,651.1859540820626
laser 633 nm,1211.1407605070046,651.0692468034885
laser 633 nm,1212.5416944629753,650.9629524744134
laser 633 nm,1213.9426284189458,650.8662605819812
laser 633 nm,1215.3435623749165,650.7784111690536
laser 633 nm,1216.7444963308872,650.6986929662844
laser 633 nm,1218.1454302868578,650.6264414559226
laser 633 nm,1219.5463642428285,650.5610368865076
laser 633 nm,1220.9472981987992,650.5019022560305
laser 633 nm,1222.34823215477,650.4485012795615
laser 633 nm,1223.7491661107406,650.4003363557938
laser 633 nm,1225.1501000667113,650.3569465454502
laser 633 nm,1226.5510340226817,650.3179055730383
laser 633 nm,1227.9519679786524,650.282819862045
laser 633 nm,1229.352901934623,650.2513266123233
laser 633 nm,1230.7538358905936,650.2230919271645
laser 633 nm,1232.1547698465642,650.1978089963626
laser 633 nm,1233.555703802535,650.1751963404621
laser 633 nm,1234.9566377585056,650.1549961203609
laser 633 nm,1236.3575717144763,650.1369725154798
laser 633 nm,1237.758505670447,650.1209101728524
laser 633 nm,1239.1594396264177,650.106612728692
laser 633 nm,1240.5603735823884,650.0939014032867
laser 633 nm,1241.961307538359,650.0826136694358
laser 633 nm,1243.3622414943295,650.0726019940774
laser 633 nm,1244.7631754503002,650.0637326522681
laser 633 nm,1246.1641094062709,650.0558846122403
laser 633 nm,1247.5650433622413,650.0489484899058
laser 633 nm,1248.965977318212,650.0428255708599
laser 633 nm,1250.3669112741827,650.0374268976907
laser 633 nm,1251.7678452301534,650.0326724201907
laser 633 nm,1253.168779186124,650.0284902059109
laser 633 nm,1254.5697131420948,650.02481570838
laser 633 nm,1255.9706470980655,650.0215910902272
laser 633 nm,1257.3715810540361,650.0187645984048
laser 633 nm,1258.7725150100066,650.016289988684
laser 633 nm,1260.1734489659773,650.0141259966066
laser 633 nm,1261.574382921948,650.0122358521069
laser 633 nm,1262.9753168779184,650.0105868350641
laser 633 nm,1264.3762508338891,650.0091498691143
laser 633 nm,1265.7771847898598,650.0078991511256
laser 633 nm,1267.1781187458305,650.0068118138365
laser 633 nm,1268.5790527018012,650.0058676192481
laser 633 nm,1269.9799866577719,650.0050486804712
laser 633 nm,1271.3809206137425,650.0043392098378
laser 633 nm,1272.7818545697132,650.0037252911976
laser 633 nm,1274.182788525684,650.003194674436
laser 633 nm,1275.5837224816544,650.0027365903636
laser 633 nm,1276.984656437625,650.0023415842415
laser 633 nm,1278.3855903935957,650.0020013663182
laser 633 nm,1279.7865243495662,650.0017086778633
laser 633 nm,1281.187458305537,650.0014571712901
laser 633 nm,1282.5883922615076,650.0012413030585
laser 633 nm,1283.9893262174783,650.0010562381545
laser 633 nm,1285.390260173449,650.0008977650288
laser 633 nm,1286.7911941294196,650.0007622199702
laser 633 nm,1288.1921280853903,650.000646419976
laser 633 nm,1289.593062041361,650.0005476032549
laser 633 nm,1290.9939959973317,650.0004633765797
laser 633 nm,1292.3949299533022,650.0003916687706
laser 633 nm,1293.7958639092728,650.0003306896607
laser 633 nm,1295.1967978652435,650.000278893951
laser 633 nm,1296.597731821214,650.0002349494213
laser 633 nm,1297.9986657771847,650.0001977090143
laser 633 nm,1299.3995997331554,650.0001661863574
laser 633 nm,1300.800533689126,650.0001395343306
laser 633 nm,1302.2014676450967,650.0001170263296
laser 633 nm,1303.6024016010674,650.0000980399095
laser 633 nm,1305.003335557038,650.0000820425264
laser 633 nm,1306.4042695130088,650.0000685791276
laser 633 nm,1307.8052034689795,650.0000572613645
laser 633 nm,1309.20613742495,650.0000477582315
laser 633 nm,1310.6070713809206,650.0000397879521
laser 633 nm,1312.008005336891,650.0000331109578
laser 633 nm,1313.4089392928618,650.0000275238199
laser 633 nm,1314.8098732488324,650.0000228540133
laser 633 nm,1316.2108072048031,650.0000189554044
laser 633 nm,1317.6117411607738,650.000015704367
laser 633 nm,1319.0126751167445,650.0000129964466
laser 633 nm,1320.4136090727152,650.0000107434959
laser 633 nm,1321.8145430286859,650.0000088712216
laser 633 nm,1323.2154769846566,650.0000073170838
laser 633 nm,1324.616410940627,650.0000060285025
laser 633 nm,1326.0173448965977,650.0000049613249
laser 633 nm,1327.4182788525684,650.000004078521
laser 633 nm,1328.8192128085389,650.0000033490724
laser 633 nm,1330.2201467645095,650.0000027470286
laser 633 nm,1331.6210807204802,650.0000022507053
laser 633 nm,1333.022014676451,650.0000018420053
laser 633 nm,1334.4229486324216,650.0000015058439
laser 633 nm,1335.8238825883923,650.0000012296622
laser 633 nm,1337.224816544363,650.0000010030175
laser 633 nm,1338.6257505003337,650.0000008172369
laser 633 nm,1340.0266844563043,650.0000006651265
laser 633 nm,1341.4276184122748,650.0000005407261
laser 633 nm,1342.8285523682455,650.0000004391038
laser 633 nm,1344.2294863242162,650.0000003561836
laser 633 nm,1345.6304202801866,650.0000002886007
laser 633 nm,1347.0313542361573,650.0000002335811
laser 633 nm,1348.432288192128,650.0000001888404
laser 633 nm,1349.8332221480987,650.0000001524996
laser 633 nm,1351.2341561040694,650.0000001230154
laser 633 nm,1352.63509006004,650.0000000991213
laser 633 nm,1354.0360240160107,650.0000000797795
laser 633 nm,1355.4369579719814,650.0000000641405
laser 633 nm,1356.8378919279521,650.0000000515099
laser 633 nm,1358.2388258839226,650.0000000413205
laser 633 nm,1359.6397598398933,650.0000000331098
laser 633 nm,1361.040693795864,650.0000000265012
laser 633 nm,1362.4416277518344,650.000000021188
laser 633 nm,1363.842561707805,650.0000000169213
laser 633 nm,1365.2434956637758,650.0000000134987
laser 633 nm,1366.6444296197465,650.0000000107564
laser 633 nm,1368.0453635757171,650.0000000085616
laser 633 nm,1369.4462975316878,650.0000000068072
laser 633 nm,1370.8472314876585,650.0000000054063
laser 633 nm,1372.2481654436292,650.0000000042888
laser 633 nm,1373.6490993995997,650.0000000033986
laser 633 nm,1375.0500333555703,650.0000000026902
laser 633 nm,1376.450967311541,650.000000002127
laser 633 nm,1377.8519012675115,650.0000000016798
laser 633 nm,1379.2528352234822,650.0000000013252
laser 633 nm,1380.6537691794529,650.0000000010443
laser 633 nm,1382.0547031354236,650.0000000008221
laser 633 nm,1383.4556370913942,650.0000000006464
laser 633 nm,1384.856571047365,650.0000000005076
laser 633 nm,1386.2575050033356,650.0000000003982
laser 633 nm,1387.6584389593063,650.0000000003121
laser 633 nm,1389.059372915277,650.0000000002443
laser 633 nm,1390.4603068712474,650.000000000191
laser 633 nm,1391.8612408272181,650.0000000001492
laser 633 nm,1393.2621747831888,650.0000000001164
laser 633 nm,1394.6631087391593,650.0000000000907
laser 633 nm,1396.06404269513,650.0000000000706
laser 633 nm,1397.4649766511006,650.0000000000549
laser 633 nm,1398.8659106070713,650.0000000000426
laser 633 nm,1400.266844563042,650.0000000000331
laser 633 nm,1401.6677785190127,650.0000000000257
laser 633 nm,1403.0687124749834,650.0000000000199
laser 633 nm,1404.469646430954,650.0000000000153
laser 633 nm,1405.8705803869248,650.0000000000118
laser 633 nm,1407.2715143428952,650.0000000000091
laser 633 nm,1408.672448298866,650.000000000007
laser 633 nm,1410.0733822548366,650.0000000000055
laser 633 nm,1411.474316210807,650.0000000000042
laser 633 nm,1412.8752501667777,650.0000000000032
laser 633 nm,1414.2761841227484,650.0000000000025
laser 633 nm,1415.677118078719,650.0000000000019
laser 633 nm,1417.0780520346898,650.0000000000015
laser 633 nm,1418.4789859906605,650.0000000000011
laser 633 nm,1419.8799199466312,650.0000000000008
laser 633 nm,1421.2808539026018,650.0000000000007
laser 633 nm,1422.6817878585723,650.0000000000005
laser 633 nm,1424.082721814543,650.0000000000003
laser 633 nm,1425.4836557705137,650.0000000000002
laser 633 nm,1426.8845897264844,650.0000000000002
laser 633 nm,1428.285523682455,650.0000000000001
laser 633 nm,1429.6864576384255,650.0000000000001
laser 633 nm,1431.0873915943962,650.0000000000001
laser 633 nm,1432.4883255503669,650.0000000000001
laser 633 nm,1433.8892595063376,650.0
laser 633 nm,1435.2901934623083,650.0
laser 633 nm,1436.691127418279,650.0
laser 633 nm,1438.0920613742494,650.0
laser 633 nm,1439.49299533022,650.0
laser 633 nm,1440.8939292861908,650.0
laser 633 nm,1442.2948632421615,650.0
laser 633 nm,1443.6957971981321,650.0
laser 633 nm,1445.0967311541028,650.0
laser 633 nm,1446.4976651100733,650.0
laser 633 nm,1447.898599066044,650.0
laser 633 nm,1449.2995330220147,650.0
laser 633 nm,1450.7004669779853,650.0
laser 633 nm,1452.101400933956,650.0
laser 633 nm,1453.5023348899265,650.0
laser 633 nm,1454.9032688458972,650.0
laser 633 nm,1456.3042028018679,650.0
laser 633 nm,1457.7051367578385,650.0
laser 633 nm,1459.1060707138092,650.0
laser 633 nm,1460.50700466978,650.0
laser 633 nm,1461.9079386257504,650.0
laser 633 nm,1463.308872581721,650.0
laser 633 nm,1464.7098065376917,650.0
laser 633 nm,1466.1107404936624,650.0
laser 633 nm,1467.5116744496331,650.0
laser 633 nm,1468.9126084056038,650.0
laser 633 nm,1470.3135423615743,650.0
laser 633 nm,1471.714476317545,650.0
laser 633 nm,1473.1154102735156,650.0
laser 633 nm,1474.5163442294863,650.0
laser 633 nm,1475.917278185457,650.0
laser 633 nm,1477.3182121414277,650.0
laser 633 nm,1478.7191460973982,650.0
laser 633 nm,1480.1200800533688,650.0
laser 633 nm,1481.5210140093395,650.0
laser 633 nm,1482.9219479653102,650.0
laser 633 nm,1484.322881921281,650.0
laser 633 nm,1485.7238158772516,650.0
laser 633 nm,1487.124749833222,650.0
laser 633 nm,1488.5256837891927,650.0
laser 633 nm,1489.9266177451634,650.0
laser 633 nm,1491.327551701134,650.0
laser 633 nm,1492.7284856571048,650.0
laser 633 nm,1494.1294196130755,650.0
laser 633 nm,1495.530353569046,650.0
laser 633 nm,1496.9312875250166,650.0
laser 633 nm,1498.3322214809873,650.0
laser 633 nm,1499.733155436958,650.0
laser 633 nm,1501.1340893929287,650.0
laser 633 nm,1502.5350233488994,650.0
laser 633 nm,1503.9359573048698,650.0
laser 633 nm,1505.3368912608405,650.0
laser 633 nm,1506.7378252168112,650.0
laser 633 nm,1508.1387591727819,650.0
laser 633 nm,1509.5396931287526,650.0
laser 633 nm,1510.940627084723,650.0
laser 633 nm,1512.3415610406937,650.0
laser 633 nm,1513.7424949966644,650.0
laser 633 nm,1515.143428952635,650.0
laser 633 nm,1516.5443629086058,650.0
laser 633 nm,1517.9452968645764,650.0
laser 633 nm,1519.346230820547,650.0
laser 633 nm,1520.7471647765176,650.0
laser 633 nm,1522.1480987324883,650.0
laser 633 nm,1523.549032688459,650.0
laser 633 nm,1524.9499666444297,650.0
laser 633 nm,1526.3509006004003,650.0
laser 633 nm,1527.7518345563708,650.0
laser 633 nm,1529.1527685123415,650.0
laser 633 nm,1530.5537024683122,650.0
laser 633 nm,1531.9546364242829,650.0
laser 633 nm,1533.3555703802535,650.0
laser 633 nm,1534.7565043362242,650.0
laser 633 nm,1536.1574382921947,650.0
laser 633 nm,1537.5583722481654,650.0
laser 633 nm,1538.959306204136,650.0
laser 633 nm,1540.3602401601067,650.0
laser 633 nm,1541.7611741160774,650.0
laser 633 nm,1543.162108072048,650.0
laser 633 nm,1544.5630420280186,650.0
laser 633 nm,1545.9639759839893,650.0
laser 633 nm,1547.36490993996,650.0
laser 633 nm,1548.7658438959306,650.0
laser 633 nm,1550.1667778519013,650.0
laser 633 nm,1551.567711807872,650.0
laser 633 nm,1552.9686457638425,650.0
laser 633 nm,1554.3695797198131,650.0
laser 633 nm,1555.7705136757838,650.0
laser 633 nm,1557.1714476317545,650.0
laser 633 nm,1558.5723815877252,650.0
laser 633 nm,1559.9733155436957,650.0
laser 633 nm,1561.3742494996663,650.0
laser 633 nm,1562.775183455637,650.0
laser 633 nm,1564.1761174116077,650.0
laser 633 nm,1565.5770513675784,650.0
laser 633 nm,1566.977985323549,650.0
laser 633 nm,1568.3789192795196,650.0
laser 633 nm,1569.7798532354902,650.0
laser 633 nm,1571.180787191461,650.0
laser 633 nm,1572.5817211474316,650.0
laser 633 nm,1573.9826551034023,650.0
laser 633 nm,1575.383589059373,650.0
laser 633 nm,1576.7845230153434,650.0
laser 633 nm,1578.1854569713141,650.0
laser 633 nm,1579.5863909272848,650.0
laser 633 nm,1580.9873248832555,650.0
laser 633 nm,1582.3882588392262,650.0
laser 633 nm,1583.7891927951969,650.0
laser 633 nm,1585.1901267511673,650.0
laser 633 nm,1586.591060707138,650.0
laser 633 nm,1587.9919946631087,650.0
laser 633 nm,1589.3929286190794,650.0
laser 633 nm,1590.79386257505,650.0
laser 633 nm,1592.1947965310208,650.0
laser 633 nm,1593.5957304869912,650.0
laser 633 nm,1594.996664442962,650.0
laser 633 nm,1596.3975983989326,650.0
laser 633 nm,1597.7985323549033,650.0
laser 633 nm,1599.199466310874,650.0
laser 633 nm,1600.6004002668446,650.0
laser 633 nm,1602.001334222815,650.0
laser 633 nm,1603.4022681787858,650.0
laser 633 nm,1604.8032021347565,650.0
laser 633 nm,1606.2041360907272,650.0
laser 633 nm,1607.6050700466978,650.0
laser 633 nm,1609.0060040026685,650.0
laser 633 nm,1610.406937958639,650.0
laser 633 nm,1611.8078719146097,650.0
laser 633 nm,1613.2088058705804,650.0
laser 633 nm,1614.609739826551,650.0
laser 633 nm,1616.0106737825217,650.0
laser 633 nm,1617.4116077384922,650.0
laser 633 nm,1618.8125416944629,650.0
laser 633 nm,1620.2134756504336,650.0
laser 633 nm,1621.6144096064043,650.0
laser 633 nm,1623.015343562375,650.0
laser 633 nm,1624.4162775183456,650.0
laser 633 nm,1625.817211474316,650.0
laser 633 nm,1627.2181454302868,650.0
laser 633 nm,1628.6190793862575,650.0
laser 633 nm,1630.0200133422281,650.0
laser 633 nm,1631.4209472981988,650.0
laser 633 nm,1632.8218812541695,650.0
laser 633 nm,1634.22281521014,650.0
laser 633 nm,1635.6237491661107,650.0
laser 633 nm,1637.0246831220813,650.0
laser 633 nm,1638.425617078052,650.0
laser 633 nm,1639.8265510340227,650.0
laser 633 nm,1641.2274849899934,650.0
laser 633 nm,1642.6284189459639,650.0
laser 633 nm,1644.0293529019345,650.0
laser 633 nm,1645.4302868579052,650.0
laser 633 nm,1646.831220813876,650.0
laser 633 nm,1648.2321547698466,650.0
laser 633 nm,1649.6330887258173,650.0
laser 633 nm,1651.0340226817877,650.0
laser 633 nm,1652.4349566377584,650.0
laser 633 nm,1653.8358905937291,650.0
laser 633 nm,1655.2368245496998,650.0
laser 633 nm,1656.6377585056705,650.0
laser 633 nm,1658.0386924616412,650.0
laser 633 nm,1659.4396264176116,650.0
laser 633 nm,1660.8405603735823,650.0
laser 633 nm,1662.241494329553,650.0
laser 633 nm,1663.6424282855237,650.0
laser 633 nm,1665.0433622414944,650.0
laser 633 nm,1666.444296197465,650.0
laser 633 nm,1667.8452301534355,650.0
laser 633 nm,1669.2461641094062,650.0
laser 633 nm,1670.647098065377,650.0
laser 633 nm,1672.0480320213476,650.0
laser 633 nm,1673.4489659773183,650.0
laser 633 nm,1674.8498999332887,650.0
laser 633 nm,1676.2508338892594,650.0
laser 633 nm,1677.65176784523,650.0
laser 633 nm,1679.0527018012008,650.0
laser 633 nm,1680.4536357571715,650.0
laser 633 nm,1681.8545697131422,650.0
laser 633 nm,1683.2555036691126,650.0
laser 633 nm,1684.6564376250833,650.0
laser 633 nm,1686.057371581054,650.0
laser 633 nm,1687.4583055370247,650.0
laser 633 nm,1688.8592394929954,650.0
laser 633 nm,1690.260173448966,650.0
laser 633 nm,1691.6611074049365,650.0
laser 633 nm,1693.0620413609072,650.0
laser 633 nm,1694.4629753168779,650.0
laser 633 nm,1695.8639092728486,650.0
laser 633 nm,1697.2648432288192,650.0
laser 633 nm,1698.66577718479,650.0
laser 633 nm,1700.0667111407604,650.0
laser 633 nm,1701.467645096731,650.0
laser 633 nm,1702.8685790527018,650.0
laser 633 nm,1704.2695130086724,650.0
laser 633 nm,1705.6704469646431,650.0
laser 633 nm,1707.0713809206138,650.0
laser 633 nm,1708.4723148765843,650.0
laser 633 nm,1709.873248832555,650.0
laser 633 nm,1711.2741827885256,650.0
laser 633 nm,1712.6751167444963,650.0
laser 633 nm,1714.076050700467,650.0
laser 633 nm,1715.4769846564377,650.0
laser 633 nm,1716.8779186124082,650.0
laser 633 nm,1718.2788525683789,650.0
laser 633 nm,1719.6797865243495,650.0
laser 633 nm,1721.0807204803202,650.0
laser 633 nm,1722.481654436291,650.0
laser 633 nm,1723.8825883922616,650.0
laser 633 nm,1725.283522348232,650.0
laser 633 nm,1726.6844563042027,650.0
laser 633 nm,1728.0853902601734,650.0
laser 633 nm,1729.486324216144,650.0
laser 633 nm,1730.8872581721148,650.0
laser 633 nm,1732.2881921280853,650.0
laser 633 nm,1733.689126084056,650.0
laser 633 nm,1735.0900600400266,650.0
laser 633 nm,1736.4909939959973,650.0
laser 633 nm,1737.891927951968,650.0
laser 633 nm,1739.2928619079387,650.0
laser 633 nm,1740.6937958639091,650.0
laser 633 nm,1742.0947298198798,650.0
laser 633 nm,1743.4956637758505,650.0
laser 633 nm,1744.8965977318212,650.0
laser 633 nm,1746.297531687792,650.0
laser 633 nm,1747.6984656437626,650.0
laser 633 nm,1749.099399599733,650.0
laser 633 nm,1750.5003335557037,650.0
laser 633 nm,1751.9012675116744,650.0
laser 633 nm,1753.302201467645,650.0
laser 633 nm,1754.7031354236158,650.0
laser 633 nm,1756.1040693795865,650.0
laser 633 nm,1757.505003335557,650.0
laser 633 nm,1758.9059372915276,650.0
laser 633 nm,1760.3068712474983,650.0
laser 633 nm,1761.707805203469,650.0
laser 633 nm,1763.1087391594397,650.0
laser 633 nm,1764.5096731154104,650.0
laser 633 nm,1765.9106070713808,650.0
laser 633 nm,1767.3115410273515,650.0
laser 633 nm,1768.7124749833222,650.0
laser 633 nm,1770.1134089392929,650.0
laser 633 nm,1771.5143428952636,650.0
laser 633 nm,1772.9152768512342,650.0
laser 633 nm,1774.3162108072047,650.0
laser 633 nm,1775.7171447631754,650.0
laser 633 nm,1777.118078719146,650.0
laser 633 nm,1778.5190126751168,650.0
laser 633 nm,1779.9199466310874,650.0
laser 633 nm,1781.320880587058,650.0
laser 633 nm,1782.7218145430286,650.0
laser 633 nm,1784.1227484989993,650.0
laser 633 nm,1785.52368245497,650.0
laser 633 nm,1786.9246164109406,650.0
laser 633 nm,1788.3255503669113,650.0
laser 633 nm,1789.7264843228818,650.0
laser 633 nm,1791.1274182788525,650.0
laser 633 nm,1792.5283522348232,650.0
laser 633 nm,1793.9292861907938,650.0
laser 633 nm,1795.3302201467645,650.0
laser 633 nm,1796.7311541027352,650.0
laser 633 nm,1798.1320880587057,650.0
laser 633 nm,1799.5330220146764,650.0
laser 633 nm,1800.933955970647,650.0
laser 633 nm,1802.3348899266177,650.0
laser 633 nm,1803.7358238825884,650.0
laser 633 nm,1805.136757838559,650.0
laser 633 nm,1806.5376917945296,650.0
laser 633 nm,1807.9386257505003,650.0
laser 633 nm,1809.339559706471,650.0
laser 633 nm,1810.7404936624416,650.0
laser 633 nm,1812.1414276184123,650.0
laser 633 nm,1813.542361574383,650.0
laser 633 nm,1814.9432955303535,650.0
laser 633 nm,1816.3442294863241,650.0
laser 633 nm,1817.7451634422948,650.0
laser 633 nm,1819.1460973982655,650.0
laser 633 nm,1820.5470313542362,650.0
laser 633 nm,1821.9479653102069,650.0
laser 633 nm,1823.3488992661773,650.0
laser 633 nm,1824.749833222148,650.0
laser 633 nm,1826.1507671781187,650.0
laser 633 nm,1827.5517011340894,650.0
laser 633 nm,1828.95263509006,650.0
laser 633 nm,1830.3535690460308,650.0
laser 633 nm,1831.7545030020012,650.0
laser 633 nm,1833.155436957972,650.0
laser 633 nm,1834.5563709139426,650.0
laser 633 nm,1835.9573048699133,650.0
laser 633 nm,1837.358238825884,650.0
laser 633 nm,1838.7591727818544,650.0
laser 633 nm,1840.1601067378251,650.0
laser 633 nm,1841.5610406937958,650.0
laser 633 nm,1842.9619746497665,650.0
laser 633 nm,1844.3629086057372,650.0
laser 633 nm,1845.7638425617079,650.0
laser 633 nm,1847.1647765176783,650.0
laser 633 nm,1848.565710473649,650.0
laser 633 nm,1849.9666444296197,650.0
laser 633 nm,1851.3675783855904,650.0
laser 633 nm,1852.768512341561,650.0
laser 633 nm,1854.1694462975317,650.0
laser 633 nm,1855.5703802535022,650.0
laser 633 nm,1856.971314209473,650.0
laser 633 nm,1858.3722481654436,650.0
laser 633 nm,1859.7731821214143,650.0
laser 633 nm,1861.174116077385,650.0
laser 633 nm,1862.5750500333556,650.0
laser 633 nm,1863.975983989326,650.0
laser 633 nm,1865.3769179452968,650.0
laser 633 nm,1866.7778519012675,650.0
laser 633 nm,1868.1787858572382,650.0
laser 633 nm,1869.5797198132088,650.0
laser 633 nm,1870.9806537691795,650.0
laser 633 nm,1872.38158772515,650.0
laser 633 nm,1873.7825216811207,650.0
laser 633 nm,1875.1834556370914,650.0
laser 633 nm,1876.584389593062,650.0
laser 633 nm,1877.9853235490327,650.0
laser 633 nm,1879.3862575050034,650.0
laser 633 nm,1880.7871914609739,650.0
laser 633 nm,1882.1881254169446,650.0
laser 633 nm,1883.5890593729152,650.0
laser 633 nm,1884.989993328886,650.0
laser 633 nm,1886.3909272848566,650.0
laser 633 nm,1887.7918612408273,650.0
laser 633 nm,1889.1927951967978,650.0
laser 633 nm,1890.5937291527684,650.0
laser 633 nm,1891.9946631087391,650.0
laser 633 nm,1893.3955970647098,650.0
laser 633 nm,1894.7965310206805,650.0
laser 633 nm,1896.197464976651,650.0
laser 633 nm,1897.5983989326216,650.0
laser 633 nm,1898.9993328885923,650.0
laser 633 nm,1900.400266844563,650.0
laser 633 nm,1901.8012008005337,650.0
laser 633 nm,1903.2021347565044,650.0
laser 633 nm,1904.6030687124749,650.0
laser 633 nm,1906.0040026684455,650.0
laser 633 nm,1907.4049366244162,650.0
laser 633 nm,1908.805870580387,650.0
laser 633 nm,1910.2068045363576,650.0
laser 633 nm,1911.6077384923283,650.0
laser 633 nm,1913.0086724482987,650.0
laser 633 nm,1914.4096064042694,650.0
laser 633 nm,1915.81054036024,650.0
laser 633 nm,1917.2114743162108,650.0
laser 633 nm,1918.6124082721815,650.0
laser 633 nm,1920.0133422281522,650.0
laser 633 nm,1921.4142761841226,650.0
laser 633 nm,1922.8152101400933,650.0
laser 633 nm,1924.216144096064,650.0
laser 633 nm,1925.6170780520347,650.0
laser 633 nm,1927.0180120080054,650.0
laser 633 nm,1928.418945963976,650.0
laser 633 nm,1929.8198799199465,650.0
laser 633 nm,1931.2208138759172,650.0
laser 633 nm,1932.621747831888,650.0
laser 633 nm,1934.0226817878586,650.0
laser 633 nm,1935.4236157438293,650.0
laser 633 nm,1936.8245496998,650.0
laser 633 nm,1938.2254836557704,650.0
laser 633 nm,1939.626417611741,650.0
laser 633 nm,1941.0273515677118,650.0
laser 633 nm,1942.4282855236825,650.0
laser 633 nm,1943.8292194796531,650.0
laser 633 nm,1945.2301534356236,650.0
laser 633 nm,1946.6310873915943,650.0
laser 633 nm,1948.032021347565,650.0
laser 633 nm,1949.4329553035357,650.0
laser 633 nm,1950.8338892595063,650.0
laser 633 nm,1952.234823215477,650.0
laser 633 nm,1953.6357571714475,650.0
laser 633 nm,1955.0366911274182,650.0
laser 633 nm,1956.4376250833889,650.0
laser 633 nm,1957.8385590393596,650.0
laser 633 nm,1959.2394929953302,650.0
laser 633 nm,1960.640426951301,650.0
laser 633 nm,1962.0413609072714,650.0
laser 633 nm,1963.442294863242,650.0
laser 633 nm,1964.8432288192128,650.0
laser 633 nm,1966.2441627751834,650.0
laser 633 nm,1967.6450967311541,650.0
laser 633 nm,1969.0460306871248,650.0
laser 633 nm,1970.4469646430953,650.0
laser 633 nm,1971.847898599066,650.0
laser 633 nm,1973.2488325550366,650.0
laser 633 nm,1974.6497665110073,650.0
laser 633 nm,1976.050700466978,650.0
laser 633 nm,1977.4516344229487,650.0
laser 633 nm,1978.8525683789192,650.0
laser 633 nm,1980.2535023348898,650.0
laser 633 nm,1981.6544362908605,650.0
laser 633 nm,1983.0553702468312,650.0
laser 633 nm,1984.456304202802,650.0
laser 633 nm,1985.8572381587726,650.0
laser 633 nm,1987.258172114743,650.0
laser 633 nm,1988.6591060707137,650.0
laser 633 nm,1990.0600400266844,650.0
laser 633 nm,1991.460973982655,650.0
laser 633 nm,1992.8619079386258,650.0
laser 633 nm,1994.2628418945965,650.0
laser 633 nm,1995.663775850567,650.0
laser 633 nm,1997.0647098065376,650.0
laser 633 nm,1998.4656437625083,650.0
laser 633 nm,1999.866577718479,650.0
laser 633 nm,2001.2675116744497,650.0
laser 633 nm,2002.6684456304201,650.0
laser 633 nm,2004.0693795863908,650.0
laser 633 nm,2005.4703135423615,650.0
laser 633 nm,2006.8712474983322,650.0
laser 633 nm,2008.2721814543029,650.0
laser 633 nm,2009.6731154102736,650.0
laser 633 nm,2011.074049366244,650.0
laser 633 nm,2012.4749833222147,650.0
laser 633 nm,2013.8759172781854,650.0
laser 633 nm,2015.276851234156,650.0
laser 633 nm,2016.6777851901268,650.0
laser 633 nm,2018.0787191460975,650.0
laser 633 nm,2019.479653102068,650.0
laser 633 nm,2020.8805870580386,650.0
laser 633 nm,2022.2815210140093,650.0
laser 633 nm,2023.68245496998,650.0
laser 633 nm,2025.0833889259507,650.0
laser 633 nm,2026.4843228819213,650.0
laser 633 nm,2027.8852568378918,650.0
laser 633 nm,2029.2861907938625,650.0
laser 633 nm,2030.6871247498332,650.0
laser 633 nm,2032.0880587058039,650.0
laser 633 nm,2033.4889926617745,650.0
laser 633 nm,2034.8899266177452,650.0
laser 633 nm,2036.2908605737157,650.0
laser 633 nm,2037.6917945296864,650.0
laser 633 nm,2039.092728485657,650.0
laser 633 nm,2040.4936624416277,650.0
laser 633 nm,2041.8945963975984,650.0
laser 633 nm,2043.2955303535691,650.0
laser 633 nm,2044.6964643095396,650.0
laser 633 nm,2046.0973982655103,650.0
laser 633 nm,2047.498332221481,650.0
laser 633 nm,2048.899266177452,650.0
laser 633 nm,2050.3002001334225,650.0
laser 633 nm,2051.7011340893932,650.0
laser 633 nm,2053.1020680453635,650.0
laser 633 nm,2054.503002001334,650.0
laser 633 nm,2055.903935957305,650.0
laser 633 nm,2057.3048699132755,650.0
laser 633 nm,2058.705803869246,650.0
laser 633 nm,2060.1067378252164,650.0
laser 633 nm,2061.507671781187,650.0
laser 633 nm,2062.908605737158,650.0
laser 633 nm,2064.3095396931285,650.0
laser 633 nm,2065.710473649099,650.0
laser 633 nm,2067.11140760507,650.0
laser 633 nm,2068.5123415610406,650.0
laser 633 nm,2069.9132755170112,650.0
laser 633 nm,2071.314209472982,650.0
laser 633 nm,2072.7151434289526,650.0
laser 633 nm,2074.1160773849233,650.0
laser 633 nm,2075.517011340894,650.0
laser 633 nm,2076.9179452968647,650.0
laser 633 nm,2078.3188792528354,650.0
laser 633 nm,2079.719813208806,650.0
laser 633 nm,2081.1207471647767,650.0
laser 633 nm,2082.5216811207474,650.0
laser 633 nm,2083.922615076718,650.0
laser 633 nm,2085.3235490326883,650.0
laser 633 nm,2086.724482988659,650.0
laser 633 nm,2088.1254169446297,650.0
laser 633 nm,2089.5263509006004,650.0
laser 633 nm,2090.927284856571,650.0
laser 633 nm,2092.3282188125418,650.0
laser 633 nm,2093.729152768512,650.0
laser 633 nm,2095.1300867244827,650.0
laser 633 nm,2096.5310206804534,650.0
laser 633 nm,2097.931954636424,650.0
laser 633 nm,2099.3328885923947,650.0
laser 633 nm,2100.7338225483654,650.0
laser 633 nm,2102.134756504336,650.0
laser 633 nm,2103.535690460307,650.0
laser 633 nm,2104.9366244162775,650.0
laser 633 nm,2106.337558372248,650.0
laser 633 nm,2107.738492328219,650.0
laser 633 nm,2109.1394262841895,650.0
laser 633 nm,2110.54036024016,650.0
laser 633 nm,2111.941294196131,650.0
laser 633 nm,2113.3422281521016,650.0
laser 633 nm,2114.7431621080723,650.0
laser 633 nm,2116.144096064043,650.0
laser 633 nm,2117.545030020013,650.0
laser 633 nm,2118.945963975984,650.0
laser 633 nm,2120.3468979319546,650.0
laser 633 nm,2121.7478318879253,650.0
laser 633 nm,2123.148765843896,650.0
laser 633 nm,2124.5496997998666,650.0
laser 633 nm,2125.950633755837,650.0
laser 633 nm,2127.3515677118075,650.0
laser 633 nm,2128.7525016677782,650.0
laser 633 nm,2130.153435623749,650.0
laser 633 nm,2131.5543695797196,650.0
laser 633 nm,2132.9553035356903,650.0
laser 633 nm,2134.356237491661,650.0
laser 633 nm,2135.7571714476317,650.0
laser 633 nm,2137.1581054036023,650.0
laser 633 nm,2138.559039359573,650.0
laser 633 nm,2139.9599733155437,650.0
laser 633 nm,2141.3609072715144,650.0
laser 633 nm,2142.761841227485,650.0
laser 633 nm,2144.162775183456,650.0
laser 633 nm,2145.5637091394265,650.0
laser 633 nm,2146.964643095397,650.0
laser 633 nm,2148.365577051368,650.0
laser 633 nm,2149.7665110073385,650.0
laser 633 nm,2151.1674449633088,650.0
laser 633 nm,2152.5683789192794,650.0
laser 633 nm,2153.96931287525,650.0
laser 633 nm,2155.370246831221,650.0
laser 633 nm,2156.7711807871915,650.0
laser 633 nm,2158.172114743162,650.0
laser 633 nm,2159.5730486991324,650.0
laser 633 nm,2160.973982655103,650.0
laser 633 nm,2162.374916611074,650.0
laser 633 nm,2163.7758505670445,650.0
laser 633 nm,2165.176784523015,650.0
laser 633 nm,2166.577718478986,650.0
laser 633 nm,2167.9786524349565,650.0
laser 633 nm,2169.379586390927,650.0
laser 633 nm,2170.780520346898,650.0
laser 633 nm,2172.1814543028686,650.0
laser 633 nm,2173.5823882588393,650.0
laser 633 nm,2174.98332221481,650.0
laser 633 nm,2176.3842561707806,650.0
laser 633 nm,2177.7851901267513,650.0
laser 633 nm,2179.186124082722,650.0
laser 633 nm,2180.5870580386927,650.0
laser 633 nm,2181.9879919946634,650.0
laser 633 nm,2183.3889259506336,650.0
laser 633 nm,2184.7898599066043,650.0
laser 633 nm,2186.190793862575,650.0
laser 633 nm,2187.5917278185457,650.0
laser 633 nm,2188.9926617745164,650.0
laser 633 nm,2190.393595730487,650.0
laser 633 nm,2191.7945296864573,650.0
laser 633 nm,2193.195463642428,650.0
laser 633 nm,2194.5963975983987,650.0
laser 633 nm,2195.9973315543693,650.0
laser 633 nm,2197.39826551034,650.0
laser 633 nm,2198.7991994663107,650.0
laser 633 nm,2200.2001334222814,650.0
laser 633 nm,2201.601067378252,650.0
laser 633 nm,2203.0020013342228,650.0
laser 633 nm,2204.4029352901935,650.0
laser 633 nm,2205.803869246164,650.0
laser 633 nm,2207.204803202135,650.0
laser 633 nm,2208.6057371581055,650.0
laser 633 nm,2210.006671114076,650.0
laser 633 nm,2211.407605070047,650.0
laser 633 nm,2212.8085390260176,650.0
laser 633 nm,2214.2094729819883,650.0
laser 633 nm,2215.610406937959,650.0
laser 633 nm,2217.011340893929,650.0
laser 633 nm,2218.4122748499,650.0
laser 633 nm,2219.8132088058705,650.0
laser 633 nm,2221.2141427618412,650.0
laser 633 nm,2222.615076717812,650.0
laser 633 nm,2224.016010673782,650.0
laser 633 nm,2225.416944629753,650.0
laser 633 nm,2226.8178785857235,650.0
laser 633 nm,2228.218812541694,650.0
laser 633 nm,2229.619746497665,650.0
laser 633 nm,2231.0206804536356,650.0
laser 633 nm,2232.4216144096063,650.0
laser 633 nm,2233.822548365577,650.0
laser 633 nm,2235.2234823215476,650.0
laser 633 nm,2236.6244162775183,650.0
laser 633 nm,2238.025350233489,650.0
laser 633 nm,2239.4262841894597,650.0
laser 633 nm,2240.8272181454304,650.0
laser 633 nm,2242.228152101401,650.0
laser 633 nm,2243.6290860573718,650.0
laser 633 nm,2245.0300200133424,650.0
laser 633 nm,2246.430953969313,650.0
laser 633 nm,2247.831887925284,650.0
laser 633 nm,2249.232821881254,650.0
laser 633 nm,2250.6337558372247,650.0
laser 633 nm,2252.0346897931954,650.0
laser 633 nm,2253.435623749166,650.0
laser 633 nm,2254.836557705137,650.0
laser 633 nm,2256.2374916611075,650.0
laser 633 nm,2257.6384256170777,650.0
laser 633 nm,2259.0393595730484,650.0
laser 633 nm,2260.440293529019,650.0
laser 633 nm,2261.8412274849898,650.0
laser 633 nm,2263.2421614409604,650.0
laser 633 nm,2264.643095396931,650.0
laser 633 nm,2266.044029352902,650.0
laser 633 nm,2267.4449633088725,650.0
laser 633 nm,2268.845897264843,650.0
laser 633 nm,2270.246831220814,650.0
laser 633 nm,2271.6477651767846,650.0
laser 633 nm,2273.0486991327552,650.0
laser 633 nm,2274.449633088726,650.0
laser 633 nm,2275.8505670446966,650.0
laser 633 nm,2277.2515010006673,650.0
laser 633 nm,2278.652434956638,650.0
laser 633 nm,2280.0533689126087,650.0
laser 633 nm,2281.454302868579,650.0
laser 633 nm,2282.8552368245496,650.0
laser 633 nm,2284.2561707805203,650.0
laser 633 nm,2285.657104736491,650.0
laser 633 nm,2287.0580386924617,650.0
laser 633 nm,2288.4589726484323,650.0
laser 633 nm,2289.8599066044026,650.0
laser 633 nm,2291.2608405603733,650.0
laser 633 nm,2292.661774516344,650.0
laser 633 nm,2294.0627084723146,650.0
laser 633 nm,2295.4636424282853,650.0
laser 633 nm,2296.864576384256,650.0
laser 633 nm,2298.2655103402267,650.0
laser 633 nm,2299.6664442961974,650.0
laser 633 nm,2301.067378252168,650.0
laser 633 nm,2302.4683122081387,650.0
laser 633 nm,2303.8692461641094,650.0
laser 633 nm,2305.27018012008,650.0
laser 633 nm,2306.671114076051,650.0
laser 633 nm,2308.0720480320215,650.0
laser 633 nm,2309.472981987992,650.0
laser 633 nm,2310.873915943963,650.0
laser 633 nm,2312.2748498999335,650.0
laser 633 nm,2313.6757838559042,650.0
laser 633 nm,2315.0767178118745,650.0
laser 633 nm,2316.477651767845,650.0
laser 633 nm,2317.878585723816,650.0
laser 633 nm,2319.2795196797865,650.0
laser 633 nm,2320.680453635757,650.0
laser 633 nm,2322.081387591728,650.0
laser 633 nm,2323.482321547698,650.0
laser 633 nm,2324.883255503669,650.0
laser 633 nm,2326.2841894596395,650.0
laser 633 nm,2327.68512341561,650.0
laser 633 nm,2329.086057371581,650.0
laser 633 nm,2330.4869913275516,650.0
laser 633 nm,2331.8879252835222,650.0
laser 633 nm,2333.288859239493,650.0
laser 633 nm,2334.6897931954636,650.0
laser 633 nm,2336.0907271514343,650.0
laser 633 nm,2337.491661107405,650.0
laser 633 nm,2338.8925950633757,650.0
laser 633 nm,2340.2935290193464,650.0
laser 633 nm,2341.694462975317,650.0
laser 633 nm,2343.0953969312877,650.0
laser 633 nm,2344.4963308872584,650.0
laser 633 nm,2345.897264843229,650.0
laser 633 nm,2347.2981987991993,650.0
laser 633 nm,2348.69913275517,650.0
laser 633 nm,2350.1000667111407,650.0
laser 633 nm,2351.5010006671114,650.0
laser 633 nm,2352.901934623082,650.0
laser 633 nm,2354.3028685790528,650.0
laser 633 nm,2355.703802535023,650.0
laser 633 nm,2357.1047364909937,650.0
laser 633 nm,2358.5056704469644,650.0
laser 633 nm,2359.906604402935,650.0
laser 633 nm,2361.3075383589057,650.0
laser 633 nm,2362.7084723148764,650.0
laser 633 nm,2364.109406270847,650.0
laser 633 nm,2365.510340226818,650.0
laser 633 nm,2366.9112741827885,650.0
laser 633 nm,2368.312208138759,650.0
laser 633 nm,2369.71314209473,650.0
laser 633 nm,2371.1140760507005,650.0
laser 633 nm,2372.515010006671,650.0
laser 633 nm,2373.915943962642,650.0
laser 633 nm,2375.3168779186126,650.0
laser 633 nm,2376.7178118745833,650.0
laser 633 nm,2378.118745830554,650.0
laser 633 nm,2379.5196797865246,650.0
laser 633 nm,2380.920613742495,650.0
laser 633 nm,2382.3215476984656,650.0
laser 633 nm,2383.7224816544363,650.0
laser 633 nm,2385.123415610407,650.0
laser 633 nm,2386.5243495663776,650.0
laser 633 nm,2387.925283522348,650.0
laser 633 nm,2389.3262174783185,650.0
laser 633 nm,2390.727151434289,650.0
laser 633 nm,2392.12808539026,650.0
laser 633 nm,2393.5290193462306,650.0
laser 633 nm,2394.9299533022013,650.0
laser 633 nm,2396.330887258172,650.0
laser 633 nm,2397.7318212141427,650.0
laser 633 nm,2399.1327551701133,650.0
laser 633 nm,2400.533689126084,650.0
laser 633 nm,2401.9346230820547,650.0
laser 633 nm,2403.3355570380254,650.0
laser 633 nm,2404.736490993996,650.0
laser 633 nm,2406.1374249499668,650.0
laser 633 nm,2407.5383589059375,650.0
laser 633 nm,2408.939292861908,650.0
laser 633 nm,2410.340226817879,650.0
laser 633 nm,2411.7411607738495,650.0
laser 633 nm,2413.1420947298197,650.0
laser 633 nm,2414.5430286857904,650.0
laser 633 nm,2415.943962641761,650.0
laser 633 nm,2417.344896597732,650.0
laser 633 nm,2418.7458305537025,650.0
laser 633 nm,2420.146764509673,650.0
laser 633 nm,2421.5476984656434,650.0
laser 633 nm,2422.948632421614,650.0
laser 633 nm,2424.349566377585,650.0
laser 633 nm,2425.7505003335555,650.0
laser 633 nm,2427.151434289526,650.0
laser 633 nm,2428.552368245497,650.0
laser 633 nm,2429.9533022014675,650.0
laser 633 nm,2431.354236157438,650.0
laser 633 nm,2432.755170113409,650.0
laser 633 nm,2434.1561040693796,650.0
laser 633 nm,2435.5570380253503,650.0
laser 633 nm,2436.957971981321,650.0
laser 633 nm,2438.3589059372916,650.0
laser 633 nm,2439.7598398932623,650.0
laser 633 nm,2441.160773849233,650.0
laser 633 nm,2442.5617078052037,650.0
laser 633 nm,2443.9626417611744,650.0
laser 633 nm,2445.3635757171446,650.0
laser 633 nm,2446.7645096731153,650.0
laser 633 nm,2448.165443629086,650.0
laser 633 nm,2449.5663775850567,650.0
laser 633 nm,2450.9673115410274,650.0
laser 633 nm,2452.368245496998,650.0
laser 633 nm,2453.7691794529687,650.0
laser 633 nm,2455.1701134089394,650.0
laser 633 nm,2456.57104736491,650.0
laser 633 nm,2457.9719813208803,650.0
laser 633 nm,2459.372915276851,650.0
laser 633 nm,2460.7738492328217,650.0
laser 633 nm,2462.1747831887924,650.0
laser 633 nm,2463.575717144763,650.0
laser 633 nm,2464.9766511007338,650.0
laser 633 nm,2466.3775850567044,650.0
laser 633 nm,2467.778519012675,650.0
laser 633 nm,2469.179452968646,650.0
laser 633 nm,2470.5803869246165,650.0
laser 633 nm,2471.981320880587,650.0
laser 633 nm,2473.382254836558,650.0
laser 633 nm,2474.783188792528,650.0
laser 633 nm,2476.184122748499,650.0
laser 633 nm,2477.5850567044695,650.0
laser 633 nm,2478.98599066044,650.0
laser 633 nm,2480.386924616411,650.0
laser 633 nm,2481.7878585723815,650.0
laser 633 nm,2483.188792528352,650.0
laser 633 nm,2484.589726484323,650.0
laser 633 nm,2485.9906604402936,650.0
laser 633 nm,2487.3915943962643,650.0
laser 633 nm,2488.792528352235,650.0
laser 633 nm,2490.1934623082057,650.0
laser 633 nm,2491.594396264176,650.0
laser 633 nm,2492.9953302201466,650.0
laser 633 nm,2494.3962641761173,650.0
laser 633 nm,2495.797198132088,650.0
laser 633 nm,2497.1981320880586,650.0
laser 633 nm,2498.5990660440293,650.0
laser 633 nm,2500.0,650.0
