series,raman_shift_cm-1,intensity_au
raw,400.0,300.0
raw,401.40093395597063,300.00042158716894
raw,402.8018679119413,300.00123447948727
raw,404.20280186791194,300.0023143302365
raw,405.6037358238826,300.0036147675185
raw,407.00466977985326,300.0051084705179
raw,408.4056037358239,300.00677675559
raw,409.8065376917945,300.00860576230724
raw,411.2074716477652,300.010584658836
raw,412.60840560373583,300.0127046666464
raw,414.00933955970646,300.0149584772268
raw,415.4102735156771,300.0173398783613
raw,416.8112074716478,300.0198435018486
raw,418.2121414276184,300.02246464606935
raw,419.61307538358903,300.02519914699343
raw,421.0140093395597,300.0280432818006
raw,422.41494329553035,300.03099369519657
raw,423.815877251501,300.0340473419655
raw,425.21681120747166,300.0372014414176
raw,426.6177451634423,300.0404534407334
raw,428.0186791194129,300.0438009850819
raw,429.4196130753836,300.04724189297855
raw,430.82054703135424,300.05077413575657
raw,432.22148098732487,300.0543958203041
raw,433.62241494329555,300.0581051744279
raw,435.0233488992662,300.06190053434966
raw,436.4242828552368,300.0657803339492
raw,437.8252168112075,300.069743095453
raw,439.2261507671781,300.07378742132624
raw,440.62708472314876,300.07791198717524
raw,442.02801867911944,300.0821155355033
raw,443.42895263509007,300.0863968701921
raw,444.8298865910607,300.09075485160366
raw,446.2308205470314,300.0951883922149
raw,447.631754503002,300.0996964527133
raw,449.03268845897264,300.10427803849257
raw,450.4336224149433,300.1089321964961
raw,451.83455637091396,300.1136580123658
raw,453.2354903268846,300.1184546078592
raw,454.6364242828552,300.1233211385025
raw,456.0373582388259,300.12825679145334
raw,457.43829219479653,300.1332607835486
raw,458.83922615076716,300.1383323595186
raw,460.24016010673785,300.1434707903481
raw,461.6410940627085,300.1486753717704
raw,463.0420280186791,300.15394542288016
raw,464.44296197464973,300.1592802848528
raw,465.8438959306204,300.1646793197615
raw,467.24482988659105,300.1701419094806
raw,468.6457638425617,300.17566745466905
raw,470.04669779853236,300.1812553738255
raw,471.447631754503,300.18690510240884
raw,472.8485657104736,300.19261609201914
raw,474.2494996664443,300.1983878096327
raw,475.65043362241494,300.20421973688747
raw,477.05136757838557,300.2101113694139
raw,478.45230153435625,300.2160622162089
raw,479.8532354903269,300.22207179904774
raw,481.2541694462975,300.2281396519319
raw,482.6551034022682,300.2342653205703
raw,484.0560373582388,300.24044836189057
raw,485.45697131420945,300.24668834357885
raw,486.85790527018014,300.25298484364555
raw,488.25883922615077,300.2593374500157
raw,489.6597731821214,300.2657457601412
raw,491.0607071380921,300.27220938063493
raw,492.4616410940627,300.2787279269237
raw,493.86257505003334,300.28530102291944
raw,495.263509006004,300.2919283007081
raw,496.66444296197466,300.2986094002535
raw,498.0653769179453,300.3053439691165
raw,499.466310873916,300.3121316621882
raw,500.8672448298866,300.3189721414357
raw,502.26817878585723,300.32586507566066
raw,503.6691127418279,300.33281014026875
raw,505.07004669779855,300.3398070170503
raw,506.4709806537692,300.34685539397094
raw,507.8719146097398,300.3539549649718
raw,509.2728485657105,300.36110542977855
raw,510.6737825216811,300.3683064937191
raw,512.0747164776518,300.3755578675494
raw,513.4756504336224,300.3828592672863
raw,514.8765843895931,300.39021041404806
raw,516.2775183455637,300.3976110339015
raw,517.6784523015343,300.40506085771517
raw,519.079386257505,300.41255962101894
raw,520.4803202134757,300.4201070638693
raw,521.8812541694463,300.4277029307198
raw,523.282188125417,300.4353469702969
raw,524.6831220813876,300.4430389354808
raw,526.0840560373582,300.4507785831902
raw,527.4849899933289,300.45856567427273
raw,528.8859239492995,300.46639997339827
raw,530.2868579052702,300.47428124895714
raw,531.6877918612408,300.4822092729617
raw,533.0887258172115,300.49018382095164
raw,534.4896597731821,300.49820467190284
raw,535.8905937291528,300.5062716081393
raw,537.2915276851234,300.51438441524834
raw,538.692461641094,300.52254288199885
raw,540.0933955970647,300.5307468002623
raw,541.4943295530354,300.53899596493653
raw,542.895263509006,300.54729017387206
raw,544.2961974649767,300.555629227801
raw,545.6971314209472,300.5640129302684
raw,547.0980653769179,300.5724410875657
raw,548.4989993328886,300.5809135086666
raw,549.8999332888593,300.5894300051646
raw,551.3008672448299,300.5979903912134
raw,552.7018012008006,300.606594483468
raw,554.1027351567711,300.61524210102885
raw,555.5036691127418,300.6239330653871
raw,556.9046030687125,300.63266720037154
raw,558.3055370246832,300.6414443320976
raw,559.7064709806538,300.65026428891736
raw,561.1074049366244,300.6591269013716
raw,562.508338892595,300.668032002143
raw,563.9092728485657,300.6769794260106
raw,565.3102068045364,300.6859690098061
raw,566.711140760507,300.695000592371
raw,568.1120747164777,300.704074014515
raw,569.5130086724483,300.71318911897595
raw,570.9139426284189,300.72234575038055
raw,572.3148765843896,300.7315437552064
raw,573.7158105403603,300.74078298174504
raw,575.1167444963309,300.75006328006606
raw,576.5176784523015,300.75938450198197
raw,577.9186124082721,300.7687465010147
raw,579.3195463642428,300.77814913236193
raw,580.7204803202135,300.78759225286547
raw,582.1214142761842,300.7970757209797
raw,583.5223482321547,300.8065993967412
raw,584.9232821881254,300.816163141739
raw,586.324216144096,300.8257668190859
raw,587.7251501000667,300.83541029339
raw,589.1260840560374,300.8450934307278
raw,590.527018012008,300.85481609861694
raw,591.9279519679786,300.8645781659906
raw,593.3288859239493,300.8743795031721
raw,594.7298198799199,300.88421998184987
raw,596.1307538358906,300.89409947505357
raw,597.5316877918613,300.90401785713055
raw,598.932621747832,300.913975003723
raw,600.3335557038025,300.9239707917453
raw,601.7344896597732,300.9340050993624
raw,603.1354236157438,300.9440778059685
raw,604.5363575717145,300.95418879216606
raw,605.9372915276851,300.9643379397457
raw,607.3382254836558,300.97452513166627
raw,608.7391594396264,300.9847502520353
raw,610.1400933955971,300.9950131860906
raw,611.5410273515677,301.00531382018096
raw,612.9419613075383,301.0156520417489
raw,614.342895263509,301.0260277393125
raw,615.7438292194796,301.0364408024483
raw,617.1447631754503,301.0468911217744
raw,618.545697131421,301.05737858893406
raw,619.9466310873916,301.06790309657947
raw,621.3475650433622,301.07846453835606
raw,622.7484989993329,301.08906280888687
raw,624.1494329553035,301.09969780375775
raw,625.5503669112742,301.11036941950243
raw,626.9513008672449,301.12107755358807
raw,628.3522348232154,301.1318221044011
raw,629.7531687791861,301.14260297123354
raw,631.1541027351568,301.15342005426925
raw,632.5550366911274,301.1642732545707
raw,633.9559706470981,301.175162474066
raw,635.3569046030686,301.18608761553645
raw,636.7578385590393,301.1970485826035
raw,638.15877251501,301.20804527971717
raw,639.5597064709807,301.2190776121435
raw,640.9606404269513,301.23014548595347
raw,642.361574382922,301.24124880801094
raw,643.7625083388925,301.2523874859617
raw,645.1634422948632,301.26356142822254
raw,646.5643762508339,301.27477054397
raw,647.9653102068046,301.28601474313035
raw,649.3662441627752,301.2972939363687
raw,650.7671781187458,301.3086080350792
raw,652.1681120747164,301.31995695137476
raw,653.5690460306871,301.3313405980774
raw,654.9699799866578,301.34275888870866
raw,656.3709139426285,301.35421173747994
raw,657.771847898599,301.3656990592836
raw,659.1727818545697,301.3772207696836
raw,660.5737158105403,301.3887767849067
raw,661.974649766511,301.4003670218338
raw,663.3755837224817,301.41199139799113
raw,664.7765176784524,301.42364983154204
raw,666.1774516344229,301.4353422412786
raw,667.5783855903935,301.44706854661365
raw,668.9793195463642,301.45882866757256
raw,670.3802535023349,301.4706225247856
raw,671.7811874583056,301.4824500394803
raw,673.1821214142763,301.4943111334736
raw,674.5830553702468,301.5062057291649
raw,675.9839893262174,301.5181337495282
raw,677.3849232821881,301.53009511810546
raw,678.7858572381588,301.5420897589992
raw,680.1867911941295,301.5541175968659
raw,681.5877251501001,301.56617855690894
raw,682.9886591060707,301.57827256487195
raw,684.3895930620413,301.5903995470325
raw,685.790527018012,301.6025594301953
raw,687.1914609739827,301.61475214168615
raw,688.5923949299533,301.6269776093455
raw,689.9933288859239,301.63923576152246
raw,691.3942628418946,301.65152652706865
raw,692.7951967978652,301.6638498353325
raw,694.1961307538359,301.676205616153
raw,695.5970647098065,301.6885937998545
raw,696.9979986657772,301.70101431724066
raw,698.3989326217478,301.7134670995889
raw,699.7998665777185,301.7259520786454
raw,701.2008005336891,301.73846918661906
raw,702.6017344896597,301.75101835617687
raw,704.0026684456304,301.76359952043816
raw,705.4036024016011,301.77621261296997
raw,706.8045363575717,301.7888575677815
raw,708.2054703135424,301.8015343193197
raw,709.606404269513,301.814242802464
raw,711.0073382254836,301.8269829525215
raw,712.4082721814543,301.83975470522256
raw,713.809206137425,301.8525579967159
raw,715.2101400933956,301.8653927635641
raw,716.6110740493663,301.878258942739
raw,718.0120080053368,301.8911564716173
raw,719.4129419613075,301.90408528797633
raw,720.8138759172782,301.91704532998955
raw,722.2148098732489,301.9300365362223
raw,723.6157438292195,301.94305884562783
raw,725.01667778519,301.9561121975429
raw,726.4176117411607,301.969196531684
raw,727.8185456971314,301.9823117881432
raw,729.2194796531021,301.9954579073841
raw,730.6204136090728,302.00863483023824
raw,732.0213475650434,302.02184249790105
raw,733.4222815210139,302.0350808519282
raw,734.8232154769846,302.04834983423183
raw,736.2241494329553,302.0616493870769
raw,737.625083388926,302.0749794530775
raw,739.0260173448967,302.08833997519355
raw,740.4269513008672,302.101730896727
raw,741.8278852568378,302.1151521613186
raw,743.2288192128085,302.1286037129443
raw,744.6297531687792,302.1420854959121
raw,746.0306871247499,302.1555974548586
raw,747.4316210807204,302.16913953474574
raw,748.8325550366911,302.18271168085766
raw,750.2334889926617,302.1963138387975
raw,751.6344229486324,302.2099459544841
raw,753.0353569046031,302.2236079741493
raw,754.4362908605738,302.2372998443344
raw,755.8372248165443,302.2510215118877
raw,757.238158772515,302.264772923961
raw,758.6390927284856,302.2785540280072
raw,760.0400266844563,302.2923647717769
raw,761.440960640427,302.3062051033159
raw,762.8418945963977,302.32007497096237
raw,764.2428285523682,302.3339743233439
raw,765.6437625083389,302.34790310937507
raw,767.0446964643095,302.36186127825437
raw,768.4456304202802,302.3758487794618
raw,769.8465643762509,302.3898655627563
raw,771.2474983322215,302.4039115781729
raw,772.6484322881921,302.4179867760203
raw,774.0493662441627,302.43209110687854
raw,775.4503002001334,302.44622452159615
raw,776.851234156104,302.46038697128785
raw,778.2521681120747,302.47457840733233
raw,779.6531020680454,302.48879878136944
raw,781.054036024016,302.5030480452982
raw,782.4549699799866,302.51732615127423
raw,783.8559039359573,302.5316330517076
raw,785.256837891928,302.54596869926047
raw,786.6577718478986,302.5603330468447
raw,788.0587058038693,302.57472604762
raw,789.4596397598399,302.58914765499134
raw,790.8605737158105,302.6035978226071
raw,792.2615076717811,302.6180765043568
raw,793.6624416277518,302.6325836543688
raw,795.0633755837225,302.64711922700855
raw,796.4643095396932,302.66168317687635
raw,797.8652434956638,302.6762754588054
raw,799.2661774516343,302.69089602785954
raw,800.667111407605,302.70554483933165
raw,802.0680453635757,302.72022184874146
raw,803.4689793195464,302.7349270118336
raw,804.869913275517,302.7496602845756
raw,806.2708472314877,302.7644216231564
raw,807.6717811874582,302.779210983984
raw,809.0727151434289,302.79402832368396
raw,810.4736490993996,302.80887359909724
raw,811.8745830553703,302.82374676727875
raw,813.2755170113409,302.83864778549537
raw,814.6764509673116,302.8535766112242
raw,816.0773849232821,302.8685332021508
raw,817.4783188792528,302.8835175161676
raw,818.8792528352235,302.8985295113721
raw,820.2801867911942,302.913569146065
raw,821.6811207471648,302.92863637874905
raw,823.0820547031354,302.9437311681269
raw,824.482988659106,302.95885347309957
raw,825.8839226150767,302.97400325276516
raw,827.2848565710474,302.9891804664169
raw,828.6857905270181,303.00438507354175
raw,830.0867244829886,303.01961703381886
raw,831.4876584389592,303.0348763071179
raw,832.8885923949299,303.05016285349774
raw,834.2895263509006,303.06547663320475
raw,835.6904603068713,303.0808176066715
raw,837.091394262842,303.09618573451513
raw,838.4923282188125,303.11158097753594
raw,839.8932621747831,303.12700329671617
raw,841.2941961307538,303.1424526532182
raw,842.6951300867245,303.1579290083834
raw,844.0960640426952,303.1734323237307
raw,845.4969979986658,303.18896256095525
raw,846.8979319546364,303.2045196819269
raw,848.298865910607,303.2201036486891
raw,849.6997998665777,303.2357144234573
raw,851.1007338225484,303.25135196861794
raw,852.501667778519,303.26701624672677
raw,853.9026017344897,303.28270722050803
raw,855.3035356904603,303.2984248528527
raw,856.7044696464309,303.31416910681753
raw,858.1054036024016,303.32993994562383
raw,859.5063375583723,303.34573733265603
raw,860.9072715143429,303.3615612314606
raw,862.3082054703135,303.3774116057448
raw,863.7091394262842,303.3932884193755
raw,865.1100733822548,303.4091916363779
raw,866.5110073382255,303.4251212209346
raw,867.9119412941961,303.44107713738424
raw,869.3128752501668,303.45705935022033
raw,870.7138092061374,303.47306782409026
raw,872.1147431621081,303.48910252379414
raw,873.5156771180787,303.5051634142836
raw,874.9166110740493,303.5212504606607
raw,876.31754503002,303.53736362817705
raw,877.7184789859907,303.5535028822324
raw,879.1194129419613,303.56966818837384
raw,880.520346897932,303.58585951229463
raw,881.9212808539025,303.60207681983326
raw,883.3222148098732,303.6183200769721
raw,884.7231487658439,303.63458924983695
raw,886.1240827218146,303.6508843046953
raw,887.5250166777852,303.667205207956
raw,888.9259506337557,303.68355192616787
raw,890.3268845897264,303.69992442601875
raw,891.7278185456971,303.7163226743348
raw,893.1287525016678,303.7327466380791
raw,894.5296864576385,303.7491962843511
raw,895.9306204136091,303.7656715803854
raw,897.3315543695796,303.78217249355095
raw,898.7324883255503,303.79869899135
raw,900.133422281521,303.8152510414175
raw,901.5343562374917,303.8318286115198
raw,902.9352901934624,303.84843166955386
raw,904.336224149433,303.8650601835464
raw,905.7371581054035,303.8817141216532
raw,907.1380920613742,303.8983934521579
raw,908.5390260173449,303.91509814347137
raw,909.9399599733156,303.93182816413065
raw,911.3408939292862,303.9485834827983
raw,912.7418278852568,303.9653640682616
raw,914.1427618412275,303.98216988943125
raw,915.5436957971981,303.9990009153411
raw,916.9446297531688,304.0158571151473
raw,918.3455637091395,304.032738458127
raw,919.74649766511,304.0496449136781
raw,921.1474316210807,304.0665764513179
raw,922.5483655770514,304.08353304068316
raw,923.949299533022,304.1005146515283
raw,925.3502334889927,304.11752125372544
raw,926.7511674449632,304.1345528172632
raw,928.1521014009339,304.1516093122463
raw,929.5530353569046,304.1686907088943
raw,930.9539693128752,304.1857969775415
raw,932.3549032688459,304.20292808863564
raw,933.7558372248166,304.22008401273786
raw,935.1567711807871,304.2372647205211
raw,936.5577051367578,304.25447018277043
raw,937.9586390927285,304.27170037038155
raw,939.3595730486991,304.28895525436053
raw,940.7605070046698,304.3062348058232
raw,942.1614409606404,304.3235389959944
raw,943.562374916611,304.3408677962074
raw,944.9633088725817,304.3582211779034
raw,946.3642428285524,304.37559911263077
raw,947.765176784523,304.3930015720449
raw,949.1661107404937,304.4104285279074
raw,950.5670446964643,304.4278799520857
raw,951.9679786524349,304.4453558165526
raw,953.3689126084056,304.4628560933862
raw,954.7698465643763,304.48038075476927
raw,956.1707805203469,304.49792977298915
raw,957.5717144763175,304.51550312043764
raw,958.9726484322882,304.5331007696107
raw,960.3735823882588,304.550722693109
raw,961.7745163442295,304.56836886363726
raw,963.1754503002002,304.5860392540055
raw,964.5763842561707,304.60373383712874
raw,965.9773182121414,304.621452586028
raw,967.3782521681121,304.63919547383114
raw,968.7791861240827,304.6569624737739
raw,970.1801200800534,304.67475355920146
raw,971.581054036024,304.6925687035702
raw,972.9819879919946,304.71040788044957
raw,974.3829219479653,304.72827106352526
raw,975.783855903936,304.7461582266019
raw,977.1847898599066,304.7640693436073
raw,978.5857238158773,304.7820043885964
raw,979.9866577718478,304.79996333575747
raw,981.3875917278185,304.8179461594178
raw,982.7885256837892,304.83595283405157
raw,984.1894596397598,304.8539833342884
raw,985.5903935957305,304.8720376349241
raw,986.9913275517011,304.89011571093204
raw,988.3922615076717,304.90821753747815
raw,989.7931954636424,304.92634308993655
raw,991.1941294196131,304.944492343909
raw,992.5950633755837,304.96266527524716
raw,993.9959973315543,304.98086186007805
raw,995.396931287525,304.9990820748342
raw,996.7978652434956,305.0173258962877
raw,998.1987991994663,305.03559330159044
raw,999.599733155437,305.05388426832025
raw,1001.0006671114076,305.0721987745334
raw,1002.4016010673782,305.0905367988265
raw,1003.8025350233489,305.10889832040664
raw,1005.2034689793195,305.1272833191725
raw,1006.6044029352902,305.1456917758075
raw,1008.0053368912609,305.1641236718867
raw,1009.4062708472314,305.1825789899999
raw,1010.8072048032021,305.20105771389177
raw,1012.2081387591728,305.2195598286234
raw,1013.6090727151434,305.2380853207565
raw,1015.0100066711141,305.2566341785645
raw,1016.4109406270848,305.275206392273
raw,1017.8118745830553,305.2938019543352
raw,1019.212808539026,305.31242085974515
raw,1020.6137424949967,305.33106310639585
raw,1022.0146764509673,305.3497286954857
raw,1023.415610406938,305.3684176319823
raw,1024.8165443629086,305.387129925149
raw,1026.2174783188793,305.4058655891433
raw,1027.61841227485,305.42462464369606
raw,1029.0193462308207,305.44340711488246
raw,1030.4202801867912,305.46221303599486
raw,1031.8212141427618,305.4810424485319
raw,1033.2221480987325,305.49989540331785
raw,1034.623082054703,305.51877196176736
raw,1036.0240160106737,305.5376721973153
raw,1037.4249499666444,305.5565961970303
raw,1038.825883922615,305.57554406343456
raw,1040.2268178785857,305.59451591655517
raw,1041.6277518345564,305.6135118962338
raw,1043.028685790527,305.63253216472583
raw,1044.4296197464978,305.65157690962195
raw,1045.8305537024683,305.6706463471309
raw,1047.231487658439,305.68974072576367
raw,1048.6324216144096,305.70886033046526
raw,1050.03335557038,305.72800548724524
raw,1051.4342895263508,305.74717656836236
raw,1052.8352234823215,305.7663739981244
raw,1054.2361574382921,305.7855982593719
raw,1055.6370913942628,305.80484990072
raw,1057.0380253502335,305.8241295446394
raw,1058.4389593062042,305.84343789646755
raw,1059.8398932621749,305.8627757544482
raw,1061.2408272181456,305.88214402090586
raw,1062.641761174116,305.9015437146761
raw,1064.0426951300867,305.92097598491773
raw,1065.4436290860574,305.9404421264493
raw,1066.8445630420279,305.95994359676337
raw,1068.2454969979985,305.97948203488573
raw,1069.6464309539692,305.9990592822614
raw,1071.04736490994,306.01867740586505
raw,1072.4482988659106,306.0383387237522
raw,1073.8492328218813,306.05804583328126
raw,1075.250166777852,306.07780164226125
raw,1076.6511007338227,306.09760940329653
raw,1078.0520346897933,306.1174727516236
raw,1079.4529686457638,306.13739574675805
raw,1080.8539026017345,306.1573829182941
raw,1082.2548365577052,306.1774393162257
raw,1083.6557705136756,306.1975705661855
raw,1085.0567044696463,306.2177829300279
raw,1086.457638425617,306.23808337221084
raw,1087.8585723815877,306.25847963246656
raw,1089.2595063375584,306.2789803052815
raw,1090.660440293529,306.2995949267453
raw,1092.0613742494997,306.32033406935943
raw,1093.4623082054704,306.34120944544134
raw,1094.863242161441,306.3622340197937
raw,1096.2641761174116,306.38342213235296
raw,1097.6651100733823,306.4047896315726
raw,1099.0660440293527,306.4263540193394
raw,1100.4669779853234,306.4481346082664
raw,1101.867911941294,306.4701526922529
raw,1103.2688458972648,306.49243173124495
raw,1104.6697798532355,306.5149975511803
raw,1106.0707138092062,306.53787856014617
raw,1107.4716477651768,306.5611059818282
raw,1108.8725817211475,306.5847141073726
raw,1110.2735156771182,306.6087405668345
raw,1111.6744496330887,306.6332266214282
raw,1113.0753835890594,306.65821747783986
raw,1114.47631754503,306.6837626259095
raw,1115.8772515010005,306.7099162010243
raw,1117.2781854569712,306.7367373726107
raw,1118.6791194129419,306.7642907601409
raw,1120.0800533689126,306.7926468781065
raw,1121.4809873248832,306.82188261143614
raw,1122.881921280854,306.8520817228576
raw,1124.2828552368246,306.88333539372
raw,1125.6837891927953,306.9157427998042
raw,1127.084723148766,306.9494117236492
raw,1128.4856571047364,306.9844592049204
raw,1129.8865910607071,307.02101223032923
raw,1131.2875250166778,307.05920846459037
raw,1132.6884589726483,307.0991970238695
raw,1134.089392928619,307.14113929312595
raw,1135.4903268845896,307.1852097886976
raw,1136.8912608405603,307.2315970674023
raw,1138.292194796531,307.28050468334163
raw,1139.6931287525017,307.332152193493
raw,1141.0940627084724,307.3867762130524
raw,1142.494996664443,307.444631521356
raw,1143.8959306204138,307.5059922190517
raw,1145.2968645763842,307.5711529370166
raw,1146.697798532355,307.6404300973184
raw,1148.0987324883254,307.7141632263036
raw,1149.499666444296,307.7927163196533
raw,1150.9006004002667,307.8764792589859
raw,1152.3015343562374,307.9658692792972
raw,1153.702468312208,308.0613324862187
raw,1155.1034022681788,308.16334542173956
raw,1156.5043362241495,308.2724166766725
raw,1157.9052701801202,308.3890885477628
raw,1159.3062041360909,308.5139387369235
raw,1160.7071380920613,308.64758208964173
raw,1162.108072048032,308.79067236914295
raw,1163.5090060040027,308.943904062407
raw,1164.9099399599731,309.1080142136218
raw,1166.3108739159438,309.28378428012513
raw,1167.7118078719145,309.4720420053291
raw,1169.1127418278852,309.6736633025428
raw,1170.513675783856,309.88957414301615
raw,1171.9146097398266,310.1207524409122
raw,1173.3155436957973,310.3682299272898
raw,1174.716477651768,310.63309400453636
raw,1176.1174116077386,310.9164895720449
raw,1177.518345563709,311.2196208132706
raw,1178.9192795196798,311.5437529336471
raw,1180.3202134756505,311.89021383818346
raw,1181.721147431621,312.26039573691196
raw,1183.1220813875916,312.6557566657144
raw,1184.5230153435623,313.0778219094258
raw,1185.923949299533,313.52818531350425
raw,1187.3248832555037,314.0085104699734
raw,1188.7258172114744,314.5205317627856
raw,1190.126751167445,315.06605525723785
raw,1191.5276851234157,315.64695941759163
raw,1192.9286190793864,316.26519563662106
raw,1194.3295530353569,316.92278856043583
raw,1195.7304869913276,317.6218361916116
raw,1197.1314209472982,318.36450975341194
raw,1198.5323549032687,319.1530532977132
raw,1199.9332888592394,319.9897830391492
raw,1201.33422281521,320.8770863979855
raw,1202.7351567711808,321.81742073432287
raw,1204.1360907271514,322.8133117564125
raw,1205.5370246831221,323.8673515861636
raw,1206.9379586390928,324.9821964653226
raw,1208.3388925950635,326.16056408633057
raw,1209.739826551034,327.40523053250735
raw,1211.1407605070046,328.7190268129839
raw,1212.5416944629753,330.10483497870416
raw,1213.9426284189458,331.5655838068621
raw,1215.3435623749165,333.1042440423083
raw,1216.7444963308872,334.72382318577826
raw,1218.1454302868578,336.4273598202538
raw,1219.5463642428285,338.2179174683639
raw,1220.9472981987992,340.0985779754708
raw,1222.34823215477,342.0724344149705
raw,1223.7491661107406,344.1425835143494
raw,1225.1501000667113,346.31211760269247
raw,1226.5510340226817,348.5841160826183
raw,1227.9519679786524,350.9616364320228
raw,1229.352901934623,353.44770474352595
raw,1230.7538358905936,356.0453058121608
raw,1232.1547698465642,358.7573727845594
raw,1233.555703802535,361.58677638571044
raw,1234.9566377585056,364.53631374226865
raw,1236.3575717144763,367.60869682434173
raw,1237.758505670447,370.8065405306976
raw,1239.1594396264177,374.1323504453766
raw,1240.5603735823884,377.58851029675634
raw,1241.961307538359,381.1772691531789
raw,1243.3622414943295,384.90072839229697
raw,1244.7631754503002,388.76082848431105
raw,1246.1641094062709,392.7593356322072
raw,1247.5650433622413,396.8978283150068
raw,1248.965977318212,401.1776837827986
raw,1250.3669112741827,405.6000645549844
raw,1251.7678452301534,410.1659049757031
raw,1253.168779186124,414.8758978827351
raw,1254.5697131420948,419.73048144836616
raw,1255.9706470980655,424.7298262526516
raw,1257.3715810540361,429.8738226512529
raw,1258.7725150100066,435.1620685015028
raw,1260.1734489659773,440.59385731157306
raw,1261.574382921948,446.1681668785252
raw,1262.9753168779184,451.88364848167146
raw,1264.3762508338891,457.7386166979364
raw,1265.7771847898598,463.73103990586293
raw,1267.1781187458305,469.85853154452593
raw,1268.5790527018012,476.1183421928121
raw,1269.9799866577719,482.5073525333966
raw,1271.3809206137425,489.022067264202
raw,1272.7818545697132,495.6586100181996
raw,1274.182788525684,502.4127193500847
raw,1275.5837224816544,509.2797458456374
raw,1276.984656437625,516.2546504064655
raw,1278.3855903935957,523.3320037592935
raw,1279.7865243495662,530.5059872350951
raw,1281.187458305537,537.7703948590728
raw,1282.5883922615076,545.1186367878302
raw,1283.9893262174783,552.5437441251414
raw,1285.390260173449,560.0383751423531
raw,1286.7911941294196,567.5948229238469
raw,1288.1921280853903,575.2050244520645
raw,1289.593062041361,582.8605711404135
raw,1290.9939959973317,590.5527208159565
raw,1292.3949299533022,598.272411147171
raw,1293.7958639092728,606.010274505279
raw,1295.1967978652435,613.7566542407088
raw,1296.597731821214,621.5016223492661
raw,1297.9986657771847,629.2349984954857
raw,1299.3995997331554,636.9463703535374
raw,1300.800533689126,644.6251152190267
raw,1302.2014676450967,652.2604228379812
raw,1303.6024016010674,659.8413193924476
raw,1305.003335557038,667.3566925753715
raw,1306.4042695130088,674.7953176808868
raw,1307.8052034689795,682.1458846298358
raw,1309.20613742495,689.3970258443132
raw,1310.6070713809206,696.5373448793376
raw,1312.008005336891,703.5554457143846
raw,1313.4089392928618,710.439962602638
raw,1314.8098732488324,717.1795903712531
raw,1316.2108072048031,723.7631150619696
raw,1317.6117411607738,730.1794447978592
raw,1319.0126751167445,736.4176407590365
raw,1320.4136090727152,742.4669481477522
raw,1321.8145430286859,748.3168270214605
raw,1323.2154769846566,753.9569828712462
raw,1324.616410940627,759.3773968223998
raw,1326.0173448965977,764.5683553339882
raw,1327.4182788525684,769.5204792749435
raw,1328.8192128085389,774.2247522555638
raw,1330.2201467645095,778.6725480952922
raw,1331.6210807204802,782.8556573102828
raw,1333.022014676451,786.7663125075665
raw,1334.4229486324216,790.397212576508
raw,1335.8238825883923,793.7415455727831
raw,1337.224816544363,796.7930101952012
raw,1338.6257505003337,799.5458357613813
raw,1340.0266844563043,801.994800594489
raw,1341.4276184122748,804.1352487399593
raw,1342.8285523682455,805.9631049383183
raw,1344.2294863242162,807.474887787814
raw,1345.6304202801866,808.6677210385872
raw,1347.0313542361573,809.5393429684374
raw,1348.432288192128,810.0881137988929
raw,1349.8332221480987,810.3130211191727
raw,1351.2341561040694,810.2136832947166
raw,1352.63509006004,809.7903508461827
raw,1354.0360240160107,809.0439057941379
raw,1355.4369579719814,807.975858974009
raw,1356.8378919279521,806.5883453352149
raw,1358.2388258839226,804.8841172476539
raw,1359.6397598398933,802.8665358478697
raw,1361.040693795864,800.5395604661811
raw,1362.4416277518344,797.907736184787
raw,1363.842561707805,794.9761795853257
raw,1365.2434956637758,791.7505627524863
raw,1366.6444296197465,788.2370956080247
raw,1368.0453635757171,784.4425066568767
raw,1369.4462975316878,780.3740222339445
raw,1370.8472314876585,776.0393443465169
raw,1372.2481654436292,771.4466272131458
raw,1373.6490993995997,766.6044526051068
raw,1375.0500333555703,761.5218041012827
raw,1376.450967311541,756.2080403714377
raw,1377.8519012675115,750.67286760631
raw,1379.2528352234822,744.926311215815
raw,1380.6537691794529,738.9786869188531
raw,1382.0547031354236,732.8405713497236
raw,1383.4556370913942,726.5227723070578
raw,1384.856571047365,720.0362987713855
raw,1386.2575050033356,713.3923308170279
raw,1387.6584389593063,706.6021895429312
raw,1389.059372915277,699.6773071453624
raw,1390.4603068712474,692.6291972530718
raw,1391.8612408272181,685.4694256426186
raw,1393.2621747831888,678.2095814481152
raw,1394.6631087391593,670.861248975591
raw,1396.06404269513,663.4359802276954
raw,1397.4649766511006,655.9452682394552
raw,1398.8659106070713,648.4005213203351
raw,1400.266844563042,640.8130382920267
raw,1401.6677785190127,633.1939848051569
raw,1403.0687124749834,625.5543708115501
raw,1404.469646430954,617.9050292618424
raw,1405.8705803869248,610.2565960911372
raw,1407.2715143428952,602.6194915481007
raw,1408.672448298866,595.0039029154009
raw,1410.0733822548366,587.4197686618263
raw,1411.474316210807,579.8767640586884
raw,1412.8752501667777,572.384288285417
raw,1414.2761841227484,564.9514530415172
raw,1415.677118078719,557.5870726743196
raw,1417.0780520346898,550.2996558243657
raw,1418.4789859906605,543.0973985827072
raw,1419.8799199466312,535.9881791470311
raw,1421.2808539026018,528.979553956297
raw,1422.6817878585723,522.0787552765689
raw,1424.082721814543,515.2926902039382
raw,1425.4836557705137,508.62794104393527
raw,1426.8845897264844,502.090767020565
raw,1428.285523682455,495.68710726220496
raw,1429.6864576384255,489.4225850059928
raw,1431.0873915943962,483.3025129570795
raw,1432.4883255503669,477.3318997342564
raw,1433.8892595063376,471.51545732892765
raw,1435.2901934623083,465.85760950031334
raw,1436.691127418279,460.362501026041
raw,1438.0920613742494,455.03400772398436
raw,1439.49299533022,449.87574715832346
raw,1440.8939292861908,444.8910899403593
raw,1442.2948632421615,440.0831715325583
raw,1443.6957971981321,435.4549044627398
raw,1445.0967311541028,431.0089908541359
raw,1446.4976651100733,426.74793517633844
raw,1447.898599066044,422.674057121847
raw,1449.2995330220147,418.78950451308646
raw,1450.7004669779853,415.09626614530924
raw,1452.101400933956,411.5961844718162
raw,1453.5023348899265,408.2909680393356
raw,1454.9032688458972,405.1822035832329
raw,1456.3042028018679,402.27136769448333
raw,1457.7051367578385,399.5598379729675
raw,1459.1060707138092,397.048903584719
raw,1460.50700466978,394.73977514417464
raw,1461.9079386257504,392.6335938463033
raw,1463.308872581721,390.73143977766927
raw,1464.7098065376917,389.03433934004187
raw,1466.1107404936624,387.5432717250512
raw,1467.5116744496331,386.25917438362956
raw,1468.9126084056038,385.1829474395319
raw,1470.3135423615743,384.3154570020927
raw,1471.714476317545,383.65753733953613
raw,1473.1154102735156,383.20999188059085
raw,1474.5163442294863,382.97359301884603
raw,1475.917278185457,382.9490807012184
raw,1477.3182121414277,383.1371597890383
raw,1478.7191460973982,383.538496187595
raw,1480.1200800533688,384.15371174748344
raw,1481.5210140093395,384.9833779487269
raw,1482.9219479653102,386.02800838639973
raw,1484.322881921281,387.2880500842946
raw,1485.7238158772516,388.7638736710486
raw,1487.124749833222,390.45576246101604
raw,1488.5256837891927,392.36390049002955
raw,1489.9266177451634,394.48835956396243
raw,1491.327551701134,396.8290853856906
raw,1492.7284856571048,399.38588283356347
raw,1494.1294196130755,402.1584004718256
raw,1495.530353569046,405.14611438051566
raw,1496.9312875250166,408.3483113991733
raw,1498.3322214809873,411.76407188514
raw,1499.733155436958,415.39225209334154
raw,1501.1340893929287,419.2314662900755
raw,1502.5350233488994,423.28006871851755
raw,1503.9359573048698,427.5361355383038
raw,1505.3368912608405,431.99744686563207
raw,1506.7378252168112,436.6614690437749
raw,1508.1387591727819,441.5253372767221
raw,1509.5396931287526,446.58583876074454
raw,1510.940627084723,451.8393964500491
raw,1512.3415610406937,457.28205359327546
raw,1513.7424949966644,462.90945917734894
raw,1515.143428952635,468.7168544141701
raw,1516.5443629086058,474.69906040368005
raw,1517.9452968645764,480.8504671040589
raw,1519.346230820547,487.1650237361265
raw,1520.7471647765176,493.63623074444115
raw,1522.1480987324883,500.2571334320877
raw,1523.549032688459,507.02031737981406
raw,1524.9499666444297,513.9179057528781
raw,1526.3509006004003,520.9415585908802
raw,1527.7518345563708,528.0824741668816
raw,1529.1527685123415,535.3313924923743
raw,1530.5537024683122,542.678601034106
raw,1531.9546364242829,550.1139426975728
raw,1533.3555703802535,557.6268261200441
raw,1534.7565043362242,565.2062383035009
raw,1536.1574382921947,572.840759604815
raw,1537.5583722481654,580.5185810870037
raw,1538.959306204136,588.227524221476
raw,1540.3602401601067,595.955062917046
raw,1541.7611741160774,603.6883478370471
raw,1543.162108072048,611.4142329513954
raw,1544.5630420280186,619.1193042559165
raw,1545.9639759839893,626.7899105768045
raw,1547.36490993996,634.4121963638017
raw,1548.7658438959306,641.9721363617541
raw,1550.1667778519013,649.4555720365705
raw,1551.567711807872,656.8482496185605
raw,1552.9686457638425,664.1358596136208
raw,1554.3695797198131,671.3040776209702
raw,1555.7705136757838,678.338606285108
raw,1557.1714476317545,685.2252181996143
raw,1558.5723815877252,691.9497995712376
raw,1559.9733155436957,698.498394444676
raw,1561.3742494996663,704.8572492815208
raw,1562.775183455637,711.012857681083
raw,1564.1761174116077,716.9520050263964
raw,1565.5770513675784,722.6618128355003
raw,1566.977985323549,728.1297825963406
raw,1568.3789192795196,733.3438388632087
raw,1569.7798532354902,738.2923713936634
raw,1571.180787191461,742.9642761072867
raw,1572.5817211474316,747.3489946515156
raw,1573.9826551034023,751.4365523650254
raw,1575.383589059373,755.2175944358196
raw,1576.7845230153434,758.6834200591868
raw,1578.1854569713141,761.8260144100252
raw,1579.5863909272848,764.638078254605
raw,1580.9873248832555,767.1130550386437
raw,1582.3882588392262,769.2451553014561
raw,1583.7891927951969,771.0293782798789
raw,1585.1901267511673,772.4615305805557
raw,1586.591060707138,773.5382418148848
raw,1587.9919946631087,774.2569771073844
raw,1589.3929286190794,774.6160464053177
raw,1590.79386257505,774.614610534984
raw,1592.1947965310208,774.2526839680464
raw,1593.5957304869912,773.5311342794716
raw,1594.996664442962,772.4516782969871
raw,1596.3975983989326,771.016874960288
raw,1597.7985323549033,769.2301149264094
raw,1599.199466310874,767.0956069756091
raw,1600.6004002668446,764.6183612896367
raw,1602.001334222815,761.804169691289
raw,1603.4022681787858,758.6595829505378
raw,1604.8032021347565,755.1918852781787
raw,1606.2041360907272,751.4090661427232
raw,1607.6050700466978,747.3197895601347
raw,1609.0060040026685,742.9333610187994
raw,1610.406937958639,738.2596922138242
raw,1611.8078719146097,733.3092637752416
raw,1613.2088058705804,728.0930861839511
raw,1614.609739826551,722.6226590771405
raw,1616.0106737825217,716.9099291515213
raw,1617.4116077384922,710.967246877907
raw,1618.8125416944629,704.8073222444494
raw,1620.2134756504336,698.4431797482571
raw,1621.6144096064043,691.8881128560669
raw,1623.015343562375,685.1556381542596
raw,1624.4162775183456,678.2594494067089
raw,1625.817211474316,671.2133717358454
raw,1627.2181454302868,664.0313161379057
raw,1628.6190793862575,656.7272345377183
raw,1630.0200133422281,649.3150755815204
raw,1631.4209472981988,641.8087413584296
raw,1632.8218812541695,634.2220452322193
raw,1634.22281521014,626.5686709551719
raw,1635.6237491661107,618.8621332250384
raw,1637.0246831220813,611.1157398346545
raw,1638.425617078052,603.3425555515678
raw,1639.8265510340227,595.5553678523486
raw,1641.2274849899934,587.7666546230566
raw,1642.6284189459639,579.9885539238128
raw,1644.0293529019345,572.2328359016306
raw,1645.4302868579052,564.5108769217583
raw,1646.831220813876,556.83363597376
raw,1648.2321547698466,549.2116333946803
raw,1649.6330887258173,541.6549319378313
raw,1651.0340226817877,534.1731202022102
raw,1652.4349566377584,526.7752984243298
raw,1653.8358905937291,519.4700666214596
raw,1655.2368245496998,512.2655150629099
raw,1656.6377585056705,505.16921703425703
raw,1658.0386924616412,498.18822384823056
raw,1659.4396264176116,491.3290620455034
raw,1660.8405603735823,484.59773271885456
raw,1662.241494329553,477.99971288520175
raw,1663.6424282855237,471.5399588217514
raw,1665.0433622414944,465.2229112751835
raw,1666.444296197465,459.052502446224
raw,1667.8452301534355,453.03216464629486
raw,1669.2461641094062,447.1648405181052
raw,1670.647098065377,441.4529947081155
raw,1672.0480320213476,435.89862687566716
raw,1673.4489659773183,430.50328592134485
raw,1674.8498999332887,425.26808531566854
raw,1676.2508338892594,420.1937194085625
raw,1677.65176784523,415.28048060017335
raw,1679.0527018012008,410.52827725441523
raw,1680.4536357571715,405.9366522381741
raw,1681.8545697131422,401.50480197125427
raw,1683.2555036691126,397.23159587492876
raw,1684.6564376250833,393.1155961102694
raw,1686.057371581054,389.1550775012756
raw,1687.4583055370247,385.34804754206976
raw,1688.8592394929954,381.69226639213315
raw,1690.260173448966,378.1852667685596
raw,1691.6611074049365,374.8243736496331
raw,1693.0620413609072,371.60672370958935
raw,1694.4629753168779,368.5292844101854
raw,1695.8639092728486,365.58887268057885
raw,1697.2648432288192,362.7821731230241
raw,1698.66577718479,360.10575568791637
raw,1700.0667111407604,357.55609276775994
raw,1701.467645096731,355.129575665632
raw,1702.8685790527018,352.82253039964615
raw,1704.2695130086724,350.631232810717
raw,1705.6704469646431,348.5519229466029
raw,1707.0713809206138,346.5808187006862
raw,1708.4723148765843,344.71412868923596
raw,1709.873248832555,342.94806435595217
raw,1711.2741827885256,341.2788512974105
raw,1712.6751167444963,339.7027398075589
raw,1714.076050700467,338.21601464369445
raw,1715.4769846564377,336.8150040203202
raw,1716.8779186124082,335.49608784096074
raw,1718.2788525683789,334.25570518138795
raw,1719.6797865243495,333.0903610407794
raw,1721.0807204803202,331.9966323800853
raw,1722.481654436291,330.97117346933976
raw,1723.8825883922616,330.01072056780504
raw,1725.283522348232,329.1120959626955
raw,1726.6844563042027,328.27221139380094
raw,1728.0853902601734,327.4880708926258
raw,1729.486324216144,326.75677306568804
raw,1730.8872581721148,326.0755128523979
raw,1732.2881921280853,325.44158278847215
raw,1733.689126084056,324.85237380614706
raw,1735.0900600400266,324.30537560254993
raw,1736.4909939959973,323.79817660748864
raw,1737.891927951968,323.32846358164016
raw,1739.2928619079387,322.8940208756683
raw,1740.6937958639091,322.492729380212
raw,1742.0947298198798,322.1225651959491
raw,1743.4956637758505,321.7815980521017
raw,1744.8965977318212,321.46798950078914
raw,1746.297531687792,321.17999091360576
raw,1747.6984656437626,320.9159413056806
raw,1749.099399599733,320.67426501130603
raw,1750.5003335557037,320.4534692340009
raw,1751.9012675116744,320.25214149261626
raw,1753.302201467645,320.0689469838117
raw,1754.7031354236158,319.9026258799373
raw,1756.1040693795865,319.75199058005677
raw,1757.505003335557,319.6159229305578
raw,1758.9059372915276,319.4933714305163
raw,1760.3068712474983,319.3833484357255
raw,1761.707805203469,319.28492737407123
raw,1763.1087391594397,319.19723998373985
raw,1764.5096731154104,319.11947358458883
raw,1765.9106070713808,319.05086839189744
raw,1767.3115410273515,318.99071488064544
raw,1768.7124749833222,318.9383512074539
raw,1770.1134089392929,318.893160696352
raw,1771.5143428952636,318.8545693936272
raw,1772.9152768512342,318.82204369615107
raw,1774.3162108072047,318.7950880567792
raw,1775.7171447631754,318.77324276966664
raw,1777.118078719146,318.75608183765695
raw,1778.5190126751168,318.7432109232582
raw,1779.9199466310874,318.73426538413906
raw,1781.320880587058,318.7289083935421
raw,1782.7218145430286,318.72682914553144
raw,1784.1227484989993,318.7277411445577
raw,1785.52368245497,318.73138057843556
raw,1786.9246164109406,318.7375047734873
raw,1788.3255503669113,318.74589073030637
raw,1789.7264843228818,318.756333738334
raw,1791.1274182788525,318.7686460672195
raw,1792.5283522348232,318.7826557327483
raw,1793.9292861907938,318.79820533496763
raw,1795.3302201467645,318.8151509660134
raw,1796.7311541027352,318.8333611850493
raw,1798.1320880587057,318.85271605765536
raw,1799.5330220146764,318.8731062569584
raw,1800.933955970647,318.89443222376985
raw,1802.3348899266177,318.91660338298874
raw,1803.7358238825884,318.9395374135399
raw,1805.136757838559,318.96315956914117
raw,1806.5376917945296,318.9874020472308
raw,1807.9386257505003,319.0122034034381
raw,1809.339559706471,319.0375080090393
raw,1810.7404936624416,319.0632655489082
raw,1812.1414276184123,319.08943055754605
raw,1813.542361574383,319.11596199085824
raw,1814.9432955303535,319.14282283142654
raw,1816.3442294863241,319.1699797251175
raw,1817.7451634422948,319.1974026469583
raw,1819.1460973982655,319.2250645943009
raw,1820.5470313542362,319.2529413053933
raw,1821.9479653102069,319.28101100156533
raw,1823.3488992661773,319.3092541513337
raw,1824.749833222148,319.33765325481727
raw,1826.1507671781187,319.36619264694923
raw,1827.5517011340894,319.3948583180558
raw,1828.95263509006,319.4236377504604
raw,1830.3535690460308,319.45251976985264
raw,1831.7545030020012,319.4814944102431
raw,1833.155436957972,319.5105527914018
raw,1834.5563709139426,319.53968700775096
raw,1835.9573048699133,319.56889002775597
raw,1837.358238825884,319.59815560292213
raw,1838.7591727818544,319.62747818557307
raw,1840.1601067378251,319.65685285464343
raw,1841.5610406937958,319.686275248779
raw,1842.9619746497665,319.7157415060898
raw,1844.3629086057372,319.74524820995276
raw,1845.7638425617079,319.7747923403098
raw,1847.1647765176783,319.80437122994977
raw,1848.565710473649,319.833982525307
raw,1849.9666444296197,319.8636241513463
raw,1851.3675783855904,319.89329428014145
raw,1852.768512341561,319.92299130278894
raw,1854.1694462975317,319.9527138043283
raw,1855.5703802535022,319.9824605413709
raw,1856.971314209473,320.01223042216486
raw,1858.3722481654436,320.0420224888492
raw,1859.7731821214143,320.0718359016741
raw,1861.174116077385,320.1016699249813
raw,1862.5750500333556,320.13152391476353
raw,1863.975983989326,320.161397307635
raw,1865.3769179452968,320.1912896110625
raw,1866.7778519012675,320.2212003947227
raw,1868.1787858572382,320.2511292828627
raw,1869.5797198132088,320.2810759475542
raw,1870.9806537691795,320.31104010274333
raw,1872.38158772515,320.3410214990065
raw,1873.7825216811207,320.37101991893354
raw,1875.1834556370914,320.4010351730676
raw,1876.584389593062,320.4310670963371
raw,1877.9853235490327,320.46111554492404
raw,1879.3862575050034,320.49118039351765
raw,1880.7871914609739,320.5212615329082
raw,1882.1881254169446,320.55135886788133
raw,1883.5890593729152,320.58147231537623
raw,1884.989993328886,320.61160180287754
raw,1886.3909272848566,320.6417472670113
raw,1887.7918612408273,320.67190865232084
raw,1889.1927951967978,320.7020859102011
raw,1890.5937291527684,320.73227899797047
raw,1891.9946631087391,320.7624878780645
raw,1893.3955970647098,320.7927125173351
raw,1894.7965310206805,320.8229528864427
raw,1896.197464976651,320.8532089593294
raw,1897.5983989326216,320.88348071276243
raw,1898.9993328885923,320.91376812593916
raw,1900.400266844563,320.9440711801457
raw,1901.8012008005337,320.97438985846196
raw,1903.2021347565044,321.00472414550734
raw,1904.6030687124749,321.0350740272212
raw,1906.0040026684455,321.06543949067407
raw,1907.4049366244162,321.0958205239051
raw,1908.805870580387,321.12621711578225
raw,1910.2068045363576,321.15662925588225
raw,1911.6077384923283,321.1870569343877
raw,1913.0086724482987,321.2175001419987
raw,1914.4096064042694,321.24795886985726
raw,1915.81054036024,321.2784331094826
raw,1917.2114743162108,321.30892285271557
raw,1918.6124082721815,321.33942809167195
raw,1920.0133422281522,321.36994881870163
raw,1921.4142761841226,321.40048502635415
raw,1922.8152101400933,321.4310367073499
raw,1924.216144096064,321.4616038545549
raw,1925.6170780520347,321.4921864609593
raw,1927.0180120080054,321.52278451966
raw,1928.418945963976,321.55339802384475
raw,1929.8198799199465,321.5840269667796
raw,1931.2208138759172,321.6146713417978
raw,1932.621747831888,321.64533114229033
raw,1934.0226817878586,321.6760063616981
raw,1935.4236157438293,321.70669699350555
raw,1936.8245496998,321.73740303123463
raw,1938.2254836557704,321.76812446844036
raw,1939.626417611741,321.7988612987066
raw,1941.0273515677118,321.82961351564296
raw,1942.4282855236825,321.8603811128817
raw,1943.8292194796531,321.8911640840755
raw,1945.2301534356236,321.9219624228953
raw,1946.6310873915943,321.95277612302885
raw,1948.032021347565,321.98360517817906
raw,1949.4329553035357,322.0144495820629
raw,1950.8338892595063,322.04530932841044
raw,1952.234823215477,322.076184410964
raw,1953.6357571714475,322.1070748234774
raw,1955.0366911274182,322.13798055971534
raw,1956.4376250833889,322.1689016134531
raw,1957.8385590393596,322.1998379784759
raw,1959.2394929953302,322.23078964857865
raw,1960.640426951301,322.2617566175657
raw,1962.0413609072714,322.29273887925046
raw,1963.442294863242,322.32373642745534
raw,1964.8432288192128,322.3547492560114
raw,1966.2441627751834,322.3857773587586
raw,1967.6450967311541,322.4168207295452
raw,1969.0460306871248,322.4478793622277
raw,1970.4469646430953,322.47895325067105
raw,1971.847898599066,322.5100423887485
raw,1973.2488325550366,322.54114677034136
raw,1974.6497665110073,322.57226638933906
raw,1976.050700466978,322.6034012396389
raw,1977.4516344229487,322.63455131514644
raw,1978.8525683789192,322.6657166097751
raw,1980.2535023348898,322.6968971174459
raw,1981.6544362908605,322.72809283208835
raw,1983.0553702468312,322.75930374763936
raw,1984.456304202802,322.7905298580438
raw,1985.8572381587726,322.82177115725426
raw,1987.258172114743,322.85302763923136
raw,1988.6591060707137,322.8842992979432
raw,1990.0600400266844,322.9155861273657
raw,1991.460973982655,322.9468881214825
raw,1992.8619079386258,322.9782052742851
raw,1994.2628418945965,323.0095375797723
raw,1995.663775850567,323.0408850319509
raw,1997.0647098065376,323.07224762483526
raw,1998.4656437625083,323.10362535244724
raw,1999.866577718479,323.1350182088164
raw,2001.2675116744497,323.1664261879798
raw,2002.6684456304201,323.19784928398235
raw,2004.0693795863908,323.2292874908761
raw,2005.4703135423615,323.26074080272093
raw,2006.8712474983322,323.2922092135841
raw,2008.2721814543029,323.3236927175404
raw,2009.6731154102736,323.3551913086722
raw,2011.074049366244,323.38670498106916
raw,2012.4749833222147,323.4182337288286
raw,2013.8759172781854,323.44977754605515
raw,2015.276851234156,323.48133642686093
raw,2016.6777851901268,323.51291036536526
raw,2018.0787191460975,323.5444993556952
raw,2019.479653102068,323.576103391985
raw,2020.8805870580386,323.60772246837615
raw,2022.2815210140093,323.6393565790176
raw,2023.68245496998,323.67100571806577
raw,2025.0833889259507,323.70266987968427
raw,2026.4843228819213,323.73434905804385
raw,2027.8852568378918,323.7660432473227
raw,2029.2861907938625,323.7977524417064
raw,2030.6871247498332,323.82947663538755
raw,2032.0880587058039,323.8612158225661
raw,2033.4889926617745,323.8929699974492
raw,2034.8899266177452,323.9247391542512
raw,2036.2908605737157,323.95652328719365
raw,2037.6917945296864,323.98832239050523
raw,2039.092728485657,324.0201364584219
raw,2040.4936624416277,324.0519654851867
raw,2041.8945963975984,324.0838094650497
raw,2043.2955303535691,324.1156683922682
raw,2044.6964643095396,324.14754226110665
raw,2046.0973982655103,324.1794310658364
raw,2047.498332221481,324.21133480073604
raw,2048.899266177452,324.2432534600912
raw,2050.3002001334225,324.2751870381944
raw,2051.7011340893932,324.3071355293454
raw,2053.1020680453635,324.3390989278508
raw,2054.503002001334,324.37107722802426
raw,2055.903935957305,324.40307042418647
raw,2057.3048699132755,324.43507851066505
raw,2058.705803869246,324.46710148179454
raw,2060.1067378252164,324.4991393319165
raw,2061.507671781187,324.53119205537934
raw,2062.908605737158,324.56325964653837
raw,2064.3095396931285,324.59534209975584
raw,2065.710473649099,324.62743940940095
raw,2067.11140760507,324.65955156984967
raw,2068.5123415610406,324.6916785754848
raw,2069.9132755170112,324.7238204206961
raw,2071.314209472982,324.75597709988
raw,2072.7151434289526,324.7881486074399
raw,2074.1160773849233,324.8203349377859
raw,2075.517011340894,324.8525360853349
raw,2076.9179452968647,324.8847520445106
raw,2078.3188792528354,324.9169828097435
raw,2079.719813208806,324.9492283754707
raw,2081.1207471647767,324.9814887361361
raw,2082.5216811207474,325.01376388619036
raw,2083.922615076718,325.04605382009083
raw,2085.3235490326883,325.0783585323014
raw,2086.724482988659,325.11067801729297
raw,2088.1254169446297,325.14301226954274
raw,2089.5263509006004,325.17536128353476
raw,2090.927284856571,325.2077250537596
raw,2092.3282188125418,325.24010357471457
raw,2093.729152768512,325.2724968409035
raw,2095.1300867244827,325.30490484683685
raw,2096.5310206804534,325.3373275870316
raw,2097.931954636424,325.3697650560115
raw,2099.3328885923947,325.4022172483065
raw,2100.7338225483654,325.4346841584534
raw,2102.134756504336,325.4671657809954
raw,2103.535690460307,325.49966211048223
raw,2104.9366244162775,325.53217314147014
raw,2106.337558372248,325.5646988685218
raw,2107.738492328219,325.59723928620645
raw,2109.1394262841895,325.62979438909974
raw,2110.54036024016,325.6623641717837
raw,2111.941294196131,325.69494862884693
raw,2113.3422281521016,325.7275477548844
raw,2114.7431621080723,325.76016154449746
raw,2116.144096064043,325.79278999229393
raw,2117.545030020013,325.82543309288786
raw,2118.945963975984,325.8580908408998
raw,2120.3468979319546,325.8907632309567
raw,2121.7478318879253,325.92345025769174
raw,2123.148765843896,325.95615191574444
raw,2124.5496997998666,325.98886819976076
raw,2125.950633755837,326.0215991043928
raw,2127.3515677118075,326.0543446242992
raw,2128.7525016677782,326.08710475414455
raw,2130.153435623749,326.11987948859996
raw,2131.5543695797196,326.1526688223427
raw,2132.9553035356903,326.1854727500564
raw,2134.356237491661,326.21829126643075
raw,2135.7571714476317,326.2511243661618
raw,2137.1581054036023,326.2839720439516
raw,2138.559039359573,326.3168342945088
raw,2139.9599733155437,326.3497111125478
raw,2141.3609072715144,326.38260249278943
raw,2142.761841227485,326.4155084299606
raw,2144.162775183456,326.4484289187944
raw,2145.5637091394265,326.4813639540299
raw,2146.964643095397,326.5143135304126
raw,2148.365577051368,326.54727764269387
raw,2149.7665110073385,326.58025628563115
raw,2151.1674449633088,326.6132494539882
raw,2152.5683789192794,326.64625714253464
raw,2153.96931287525,326.67927934604626
raw,2155.370246831221,326.71231605930484
raw,2156.7711807871915,326.74536727709824
raw,2158.172114743162,326.7784329942204
raw,2159.5730486991324,326.8115132054711
raw,2160.973982655103,326.84460790565635
raw,2162.374916611074,326.87771708958803
raw,2163.7758505670445,326.91084075208397
raw,2165.176784523015,326.94397888796806
raw,2166.577718478986,326.97713149207004
raw,2167.9786524349565,327.01029855922576
raw,2169.379586390927,327.04348008427684
raw,2170.780520346898,327.0766760620709
raw,2172.1814543028686,327.1098864874614
raw,2173.5823882588393,327.14311135530784
raw,2174.98332221481,327.17635066047546
raw,2176.3842561707806,327.20960439783556
raw,2177.7851901267513,327.2428725622651
raw,2179.186124082722,327.27615514864704
raw,2180.5870580386927,327.30945215187006
raw,2181.9879919946634,327.3427635668288
raw,2183.3889259506336,327.3760893884236
raw,2184.7898599066043,327.4094296115608
raw,2186.190793862575,327.44278423115236
raw,2187.5917278185457,327.476153242116
raw,2188.9926617745164,327.50953663937537
raw,2190.393595730487,327.54293441785984
raw,2191.7945296864573,327.57634657250446
raw,2193.195463642428,327.60977309825006
raw,2194.5963975983987,327.64321399004325
raw,2195.9973315543693,327.67666924283634
raw,2197.39826551034,327.71013885158726
raw,2198.7991994663107,327.74362281125974
raw,2200.2001334222814,327.77712111682325
raw,2201.601067378252,327.8106337632528
raw,2203.0020013342228,327.8441607455291
raw,2204.4029352901935,327.8777020586386
raw,2205.803869246164,327.91125769757326
raw,2207.204803202135,327.94482765733085
raw,2208.6057371581055,327.97841193291464
raw,2210.006671114076,328.0120105193335
raw,2211.407605070047,328.045623411602
raw,2212.8085390260176,328.0792506047402
raw,2214.2094729819883,328.1128920937738
raw,2215.610406937959,328.14654787373405
raw,2217.011340893929,328.1802179396578
raw,2218.4122748499,328.21390228658737
raw,2219.8132088058705,328.24760090957074
raw,2221.2141427618412,328.2813138036613
raw,2222.615076717812,328.315040963918
raw,2224.016010673782,328.3487823854053
raw,2225.416944629753,328.3825380631932
raw,2226.8178785857235,328.4163079923571
raw,2228.218812541694,328.45009216797797
raw,2229.619746497665,328.48389058514215
raw,2231.0206804536356,328.5177032389415
raw,2232.4216144096063,328.5515301244734
raw,2233.822548365577,328.5853712368405
raw,2235.2234823215476,328.619226571151
raw,2236.6244162775183,328.6530961225184
raw,2238.025350233489,328.6869798860617
raw,2239.4262841894597,328.72087785690536
raw,2240.8272181454304,328.75479003017904
raw,2242.228152101401,328.78871640101795
raw,2243.6290860573718,328.8226569645625
raw,2245.0300200133424,328.85661171595865
raw,2246.430953969313,328.8905806503575
raw,2247.831887925284,328.9245637629157
raw,2249.232821881254,328.958561048795
raw,2250.6337558372247,328.99257250316265
raw,2252.0346897931954,329.0265981211911
raw,2253.435623749166,329.06063789805813
raw,2254.836557705137,329.09469182894685
raw,2256.2374916611075,329.1287599090456
raw,2257.6384256170777,329.1628421335479
raw,2259.0393595730484,329.1969384976527
raw,2260.440293529019,329.2310489965641
raw,2261.8412274849898,329.26517362549146
raw,2263.2421614409604,329.2993123796493
raw,2264.643095396931,329.3334652542575
raw,2266.044029352902,329.36763224454097
raw,2267.4449633088725,329.40181334573003
raw,2268.845897264843,329.43600855306
raw,2270.246831220814,329.47021786177146
raw,2271.6477651767846,329.5044412671102
raw,2273.0486991327552,329.5386787643271
raw,2274.449633088726,329.57293034867814
raw,2275.8505670446966,329.6071960154246
raw,2277.2515010006673,329.6414757598329
raw,2278.652434956638,329.6757695771743
raw,2280.0533689126087,329.7100774627255
raw,2281.454302868579,329.74439941176814
raw,2282.8552368245496,329.778735419589
raw,2284.2561707805203,329.8130854814799
raw,2285.657104736491,329.8474495927378
raw,2287.0580386924617,329.8818277486647
raw,2288.4589726484323,329.91621994456773
raw,2289.8599066044026,329.9506261757588
raw,2291.2608405603733,329.9850464375553
raw,2292.661774516344,330.0194807252792
raw,2294.0627084723146,330.05392903425786
raw,2295.4636424282853,330.0883913598234
raw,2296.864576384256,330.12286769731304
raw,2298.2655103402267,330.157358042069
raw,2299.6664442961974,330.19186238943854
raw,2301.067378252168,330.2263807347737
raw,2302.4683122081387,330.26091307343177
raw,2303.8692461641094,330.2954594007747
raw,2305.27018012008,330.33001971216964
raw,2306.671114076051,330.36459400298855
raw,2308.0720480320215,330.39918226860834
raw,2309.472981987992,330.4337845044108
raw,2310.873915943963,330.4684007057828
raw,2312.2748498999335,330.50303086811596
raw,2313.6757838559042,330.5376749868068
raw,2315.0767178118745,330.57233305725674
raw,2316.477651767845,330.6070050748722
raw,2317.878585723816,330.6416910350643
raw,2319.2795196797865,330.6763909332491
raw,2320.680453635757,330.71110476484756
raw,2322.081387591728,330.7458325252854
raw,2323.482321547698,330.7805742099931
raw,2324.883255503669,330.81532981440625
raw,2326.2841894596395,330.85009933396503
raw,2327.68512341561,330.8848827641144
raw,2329.086057371581,330.9196801003043
raw,2330.4869913275516,330.9544913379893
raw,2331.8879252835222,330.98931647262884
raw,2333.288859239493,331.02415549968714
raw,2334.6897931954636,331.05900841463307
raw,2336.0907271514343,331.0938752129405
raw,2337.491661107405,331.1287558900877
raw,2338.8925950633757,331.16365044155805
raw,2340.2935290193464,331.19855886283943
raw,2341.694462975317,331.2334811494245
raw,2343.0953969312877,331.26841729681064
raw,2344.4963308872584,331.30336730049993
raw,2345.897264843229,331.33833115599924
raw,2347.2981987991993,331.37330885881994
raw,2348.69913275517,331.4083004044783
raw,2350.1000667111407,331.4433057884951
raw,2351.5010006671114,331.4783250063959
raw,2352.901934623082,331.51335805371076
raw,2354.3028685790528,331.5484049259746
raw,2355.703802535023,331.58346561872685
raw,2357.1047364909937,331.6185401275116
raw,2358.5056704469644,331.65362844787757
raw,2359.906604402935,331.6887305753781
raw,2361.3075383589057,331.7238465055711
raw,2362.7084723148764,331.7589762340192
raw,2364.109406270847,331.79411975628943
raw,2365.510340226818,331.8292770679536
raw,2366.9112741827885,331.86444816458805
raw,2368.312208138759,331.89963304177354
raw,2369.71314209473,331.93483169509557
raw,2371.1140760507005,331.9700441201441
raw,2372.515010006671,332.00527031251374
raw,2373.915943962642,332.0405102678035
raw,2375.3168779186126,332.07576398161694
raw,2376.7178118745833,332.11103144956223
raw,2378.118745830554,332.14631266725206
raw,2379.5196797865246,332.1816076303035
raw,2380.920613742495,332.21691633433824
raw,2382.3215476984656,332.2522387749824
raw,2383.7224816544363,332.2875749478666
raw,2385.123415610407,332.3229248486259
raw,2386.5243495663776,332.3582884728999
raw,2387.925283522348,332.3936658163326
raw,2389.3262174783185,332.4290568745725
raw,2390.727151434289,332.4644616432725
raw,2392.12808539026,332.4998801180899
raw,2393.5290193462306,332.53531229468655
raw,2394.9299533022013,332.5707581687286
raw,2396.330887258172,332.6062177358868
raw,2397.7318212141427,332.64169099183596
raw,2399.1327551701133,332.67717793225563
raw,2400.533689126084,332.71267855282963
raw,2401.9346230820547,332.7481928492461
raw,2403.3355570380254,332.78372081719766
raw,2404.736490993996,332.8192624523812
raw,2406.1374249499668,332.8548177504981
raw,2407.5383589059375,332.890386707254
raw,2408.939292861908,332.9259693183588
raw,2410.340226817879,332.9615655795269
raw,2411.7411607738495,332.99717548647703
raw,2413.1420947298197,333.0327990349321
raw,2414.5430286857904,333.06843622061945
raw,2415.943962641761,333.1040870392708
raw,2417.344896597732,333.1397514866219
raw,2418.7458305537025,333.17542955841304
raw,2420.146764509673,333.2111212503887
raw,2421.5476984656434,333.24682655829776
raw,2422.948632421614,333.2825454778932
raw,2424.349566377585,333.3182780049324
raw,2425.7505003335555,333.3540241351768
raw,2427.151434289526,333.38978386439237
raw,2428.552368245497,333.42555718834916
raw,2429.9533022014675,333.4613441028215
raw,2431.354236157438,333.4971446035878
raw,2432.755170113409,333.532958686431
raw,2434.1561040693796,333.568786347138
raw,2435.5570380253503,333.6046275814999
raw,2436.957971981321,333.6404823853122
raw,2438.3589059372916,333.67635075437454
raw,2439.7598398932623,333.7122326844905
raw,2441.160773849233,333.74812817146824
raw,2442.5617078052037,333.78403721111965
raw,2443.9626417611744,333.8199597992612
raw,2445.3635757171446,333.8558959317133
raw,2446.7645096731153,333.89184560430044
raw,2448.165443629086,333.9278088128515
raw,2449.5663775850567,333.9637855531993
raw,2450.9673115410274,333.9997758211808
raw,2452.368245496998,334.0357796126372
raw,2453.7691794529687,334.07179692341373
raw,2455.1701134089394,334.1078277493598
raw,2456.57104736491,334.14387208632877
raw,2457.9719813208803,334.1799299301783
raw,2459.372915276851,334.21600127677
raw,2460.7738492328217,334.25208612196957
raw,2462.1747831887924,334.2881844616469
raw,2463.575717144763,334.3242962916758
raw,2464.9766511007338,334.36042160793426
raw,2466.3775850567044,334.3965604063042
raw,2467.778519012675,334.43271268267176
raw,2469.179452968646,334.468878432927
raw,2470.5803869246165,334.505057652964
raw,2471.981320880587,334.5412503386809
raw,2473.382254836558,334.57745648598
raw,2474.783188792528,334.61367609076734
raw,2476.184122748499,334.6499091489532
raw,2477.5850567044695,334.68615565645183
raw,2478.98599066044,334.7224156091813
raw,2480.386924616411,334.75868900306386
raw,2481.7878585723815,334.7949758340257
raw,2483.188792528352,334.8312760979969
raw,2484.589726484323,334.86758979091167
raw,2485.9906604402936,334.903916908708
raw,2487.3915943962643,334.940257447328
raw,2488.792528352235,334.97661140271754
raw,2490.1934623082057,335.01297877082663
raw,2491.594396264176,335.04935954760913
raw,2492.9953302201466,335.0857537290228
raw,2494.3962641761173,335.1221613110294
raw,2495.797198132088,335.15858228959456
raw,2497.1981320880586,335.19501666068777
raw,2498.5990660440293,335.23146442028246
raw,2500.0,335.2679255643561
corrected,400.0,100.0
corrected,401.40093395597063,100.0
corrected,402.8018679119413,100.0
corrected,404.20280186791194,100.0
corrected,405.6037358238826,100.0
corrected,407.00466977985326,100.0
corrected,408.4056037358239,100.0
corrected,409.8065376917945,100.0
corrected,411.2074716477652,100.0
corrected,412.60840560373583,100.0
corrected,414.00933955970646,100.0
corrected,415.4102735156771,100.0
corrected,416.8112074716478,100.0
corrected,418.2121414276184,100.0
corrected,419.61307538358903,100.0
corrected,421.0140093395597,100.0
corrected,422.41494329553035,100.0
corrected,423.815877251501,100.0
corrected,425.21681120747166,100.0
corrected,426.6177451634423,100.0
corrected,428.0186791194129,100.0
corrected,429.4196130753836,100.0
corrected,430.82054703135424,100.0
corrected,432.22148098732487,100.0
corrected,433.62241494329555,100.0
corrected,435.0233488992662,100.0
corrected,436.4242828552368,100.0
corrected,437.8252168112075,100.0
corrected,439.2261507671781,100.0
corrected,440.62708472314876,100.0
corrected,442.02801867911944,100.0
corrected,443.42895263509007,100.0
corrected,444.8298865910607,100.0
corrected,446.2308205470314,100.0
corrected,447.631754503002,100.0
corrected,449.03268845897264,100.0
corrected,450.4336224149433,100.0
corrected,451.83455637091396,100.0
corrected,453.2354903268846,100.0
corrected,454.6364242828552,100.0
corrected,456.0373582388259,100.0
corrected,457.43829219479653,100.0
corrected,458.83922615076716,100.0
corrected,460.24016010673785,100.0
corrected,461.6410940627085,100.0
corrected,463.0420280186791,100.0
corrected,464.44296197464973,100.0
corrected,465.8438959306204,100.0
corrected,467.24482988659105,100.0
corrected,468.6457638425617,100.0
corrected,470.04669779853236,100.0
corrected,471.447631754503,100.0
corrected,472.8485657104736,100.0
corrected,474.2494996664443,100.0
corrected,475.65043362241494,100.0
corrected,477.05136757838557,100.0
corrected,478.45230153435625,100.0
corrected,479.8532354903269,100.0
corrected,481.2541694462975,100.0
corrected,482.6551034022682,100.0
corrected,484.0560373582388,100.0
corrected,485.45697131420945,100.0
corrected,486.85790527018014,100.0
corrected,488.25883922615077,100.0
corrected,489.6597731821214,100.0
corrected,491.0607071380921,100.0
corrected,492.4616410940627,100.0
corrected,493.86257505003334,100.0
corrected,495.263509006004,100.0
corrected,496.66444296197466,100.0
corrected,498.0653769179453,100.0
corrected,499.466310873916,100.0
corrected,500.8672448298866,100.0
corrected,502.26817878585723,100.0
corrected,503.6691127418279,100.0
corrected,505.07004669779855,100.0
corrected,506.4709806537692,100.0
corrected,507.8719146097398,100.0
corrected,509.2728485657105,100.0
corrected,510.6737825216811,100.0
corrected,512.0747164776518,100.0
corrected,513.4756504336224,100.0
corrected,514.8765843895931,100.0
corrected,516.2775183455637,100.0
corrected,517.6784523015343,100.0
corrected,519.079386257505,100.0
corrected,520.4803202134757,100.0
corrected,521.8812541694463,100.0
corrected,523.282188125417,100.0
corrected,524.6831220813876,100.0
corrected,526.0840560373582,100.0
corrected,527.4849899933289,100.0
corrected,528.8859239492995,100.0
corrected,530.2868579052702,100.0
corrected,531.6877918612408,100.0
corrected,533.0887258172115,100.0
corrected,534.4896597731821,100.0
corrected,535.8905937291528,100.0
corrected,537.2915276851234,100.0
corrected,538.692461641094,100.0
corrected,540.0933955970647,100.0
corrected,541.4943295530354,100.0
corrected,542.895263509006,100.0
corrected,544.2961974649767,100.0
corrected,545.6971314209472,100.0
corrected,547.0980653769179,100.0
corrected,548.4989993328886,100.0
corrected,549.8999332888593,100.0
corrected,551.3008672448299,100.0
corrected,552.7018012008006,100.0
corrected,554.1027351567711,100.0
corrected,555.5036691127418,100.0
corrected,556.9046030687125,100.0
corrected,558.3055370246832,100.0
corrected,559.7064709806538,100.0
corrected,561.1074049366244,100.0
corrected,562.508338892595,100.0
corrected,563.9092728485657,100.0
corrected,565.3102068045364,100.0
corrected,566.711140760507,100.0
corrected,568.1120747164777,100.0
corrected,569.5130086724483,100.0
corrected,570.9139426284189,100.0
corrected,572.3148765843896,100.0
corrected,573.7158105403603,100.0
corrected,575.1167444963309,100.0
corrected,576.5176784523015,100.0
corrected,577.9186124082721,100.0
corrected,579.3195463642428,100.0
corrected,580.7204803202135,100.0
corrected,582.1214142761842,100.0
corrected,583.5223482321547,100.0
corrected,584.9232821881254,100.0
corrected,586.324216144096,100.0
corrected,587.7251501000667,100.0
corrected,589.1260840560374,100.0
corrected,590.527018012008,100.0
corrected,591.9279519679786,100.0
corrected,593.3288859239493,100.0
corrected,594.7298198799199,100.0
corrected,596.1307538358906,100.0
corrected,597.5316877918613,100.0
corrected,598.932621747832,100.0
corrected,600.3335557038025,100.0
corrected,601.7344896597732,100.0
corrected,603.1354236157438,100.0
corrected,604.5363575717145,100.0
corrected,605.9372915276851,100.0
corrected,607.3382254836558,100.0
corrected,608.7391594396264,100.0
corrected,610.1400933955971,100.0
corrected,611.5410273515677,100.0
corrected,612.9419613075383,100.0
corrected,614.342895263509,100.0
corrected,615.7438292194796,100.0
corrected,617.1447631754503,100.0
corrected,618.545697131421,100.0
corrected,619.9466310873916,100.0
corrected,621.3475650433622,100.0
corrected,622.7484989993329,100.0
corrected,624.1494329553035,100.0
corrected,625.5503669112742,100.0
corrected,626.9513008672449,100.0
corrected,628.3522348232154,100.0
corrected,629.7531687791861,100.0
corrected,631.1541027351568,100.0
corrected,632.5550366911274,100.0
corrected,633.9559706470981,100.0
corrected,635.3569046030686,100.0
corrected,636.7578385590393,100.0
corrected,638.15877251501,100.0
corrected,639.5597064709807,100.0
corrected,640.9606404269513,100.0
corrected,642.361574382922,100.0
corrected,643.7625083388925,100.0
corrected,645.1634422948632,100.0
corrected,646.5643762508339,100.0
corrected,647.9653102068046,100.0
corrected,649.3662441627752,100.0
corrected,650.7671781187458,100.0
corrected,652.1681120747164,100.0
corrected,653.5690460306871,100.0
corrected,654.9699799866578,100.0
corrected,656.3709139426285,100.0
corrected,657.771847898599,100.0
corrected,659.1727818545697,100.0
corrected,660.5737158105403,100.0
corrected,661.974649766511,100.0
corrected,663.3755837224817,100.0
corrected,664.7765176784524,100.0
corrected,666.1774516344229,100.0
corrected,667.5783855903935,100.0
corrected,668.9793195463642,100.0
corrected,670.3802535023349,100.0
corrected,671.7811874583056,100.0
corrected,673.1821214142763,100.0
corrected,674.5830553702468,100.0
corrected,675.9839893262174,100.0
corrected,677.3849232821881,100.0
corrected,678.7858572381588,100.0
corrected,680.1867911941295,100.0
corrected,681.5877251501001,100.0
corrected,682.9886591060707,100.0
corrected,684.3895930620413,100.0
corrected,685.790527018012,100.0
corrected,687.1914609739827,100.0
corrected,688.5923949299533,100.0
corrected,689.9933288859239,100.0
corrected,691.3942628418946,100.0
corrected,692.7951967978652,100.0
corrected,694.1961307538359,100.0
corrected,695.5970647098065,100.0
corrected,696.9979986657772,100.0
corrected,698.3989326217478,100.0
corrected,699.7998665777185,100.0
corrected,701.2008005336891,100.0
corrected,702.6017344896597,100.0
corrected,704.0026684456304,100.0
corrected,705.4036024016011,100.0
corrected,706.8045363575717,100.0
corrected,708.2054703135424,100.0
corrected,709.606404269513,100.0
corrected,711.0073382254836,100.0
corrected,712.4082721814543,100.0
corrected,713.809206137425,100.0
corrected,715.2101400933956,100.0
corrected,716.6110740493663,100.0
corrected,718.0120080053368,100.0
corrected,719.4129419613075,100.0
corrected,720.8138759172782,100.0
corrected,722.2148098732489,100.0
corrected,723.6157438292195,100.0
corrected,725.01667778519,100.0
corrected,726.4176117411607,100.0
corrected,727.8185456971314,100.0
corrected,729.2194796531021,100.0
corrected,730.6204136090728,100.0
corrected,732.0213475650434,100.0
corrected,733.4222815210139,100.0
corrected,734.8232154769846,100.0
corrected,736.2241494329553,100.0
corrected,737.625083388926,100.0
corrected,739.0260173448967,100.0
corrected,740.4269513008672,100.0
corrected,741.8278852568378,100.0
corrected,743.2288192128085,100.0
corrected,744.6297531687792,100.0
corrected,746.0306871247499,100.0
corrected,747.4316210807204,100.0
corrected,748.8325550366911,100.0
corrected,750.2334889926617,100.0
corrected,751.6344229486324,100.0
corrected,753.0353569046031,100.0
corrected,754.4362908605738,100.0
corrected,755.8372248165443,100.0
corrected,757.238158772515,100.0
corrected,758.6390927284856,100.0
corrected,760.0400266844563,100.0
corrected,761.440960640427,100.0
corrected,762.8418945963977,100.0
corrected,764.2428285523682,100.0
corrected,765.6437625083389,100.0
corrected,767.0446964643095,100.0
corrected,768.4456304202802,100.0
corrected,769.8465643762509,100.0
corrected,771.2474983322215,100.0
corrected,772.6484322881921,100.0
corrected,774.0493662441627,100.0
corrected,775.4503002001334,100.0
corrected,776.851234156104,100.0
corrected,778.2521681120747,100.0
corrected,779.6531020680454,100.0
corrected,781.054036024016,100.0
corrected,782.4549699799866,100.0
corrected,783.8559039359573,100.0
corrected,785.256837891928,100.0
corrected,786.6577718478986,100.0
corrected,788.0587058038693,100.0
corrected,789.4596397598399,100.0
corrected,790.8605737158105,100.0
corrected,792.2615076717811,100.0
corrected,793.6624416277518,100.0
corrected,795.0633755837225,100.0
corrected,796.4643095396932,100.0
corrected,797.8652434956638,100.0
corrected,799.2661774516343,100.0
corrected,800.667111407605,100.0
corrected,802.0680453635757,100.0
corrected,803.4689793195464,100.0
corrected,804.869913275517,100.0
corrected,806.2708472314877,100.0
corrected,807.6717811874582,100.0
corrected,809.0727151434289,100.0
corrected,810.4736490993996,100.0
corrected,811.8745830553703,100.0
corrected,813.2755170113409,100.0
corrected,814.6764509673116,100.0
corrected,816.0773849232821,100.0
corrected,817.4783188792528,100.0
corrected,818.8792528352235,100.0
corrected,820.2801867911942,100.0
corrected,821.6811207471648,100.0
corrected,823.0820547031354,100.0
corrected,824.482988659106,100.0
corrected,825.8839226150767,100.0
corrected,827.2848565710474,100.0
corrected,828.6857905270181,100.0
corrected,830.0867244829886,100.0
corrected,831.4876584389592,100.0
corrected,832.8885923949299,100.0
corrected,834.2895263509006,100.0
corrected,835.6904603068713,100.0
corrected,837.091394262842,100.0
corrected,838.4923282188125,100.0
corrected,839.8932621747831,100.0
corrected,841.2941961307538,100.0
corrected,842.6951300867245,100.0
corrected,844.0960640426952,100.0
corrected,845.4969979986658,100.0
corrected,846.8979319546364,100.0
corrected,848.298865910607,100.0
corrected,849.6997998665777,100.0
corrected,851.1007338225484,100.0
corrected,852.501667778519,100.0
corrected,853.9026017344897,100.0
corrected,855.3035356904603,100.0
corrected,856.7044696464309,100.0
corrected,858.1054036024016,100.0
corrected,859.5063375583723,100.0
corrected,860.9072715143429,100.0
corrected,862.3082054703135,100.0
corrected,863.7091394262842,100.0
corrected,865.1100733822548,100.0
corrected,866.5110073382255,100.00000000000001
corrected,867.9119412941961,100.00000000000001
corrected,869.3128752501668,100.00000000000001
corrected,870.7138092061374,100.00000000000001
corrected,872.1147431621081,100.00000000000001
corrected,873.5156771180787,100.00000000000003
corrected,874.9166110740493,100.00000000000003
corrected,876.31754503002,100.00000000000004
corrected,877.7184789859907,100.00000000000004
corrected,879.1194129419613,100.00000000000006
corrected,880.520346897932,100.00000000000007
corrected,881.9212808539025,100.0000000000001
corrected,883.3222148098732,100.00000000000011
corrected,884.7231487658439,100.00000000000014
corrected,886.1240827218146,100.00000000000018
corrected,887.5250166777852,100.00000000000023
corrected,888.9259506337557,100.00000000000027
corrected,890.3268845897264,100.00000000000034
corrected,891.7278185456971,100.00000000000043
corrected,893.1287525016678,100.00000000000053
corrected,894.5296864576385,100.00000000000064
corrected,895.9306204136091,100.0000000000008
corrected,897.3315543695796,100.00000000000098
corrected,898.7324883255503,100.00000000000121
corrected,900.133422281521,100.00000000000148
corrected,901.5343562374917,100.00000000000183
corrected,902.9352901934624,100.00000000000225
corrected,904.336224149433,100.00000000000276
corrected,905.7371581054035,100.0000000000034
corrected,907.1380920613742,100.00000000000416
corrected,908.5390260173449,100.00000000000512
corrected,909.9399599733156,100.00000000000628
corrected,911.3408939292862,100.00000000000769
corrected,912.7418278852568,100.00000000000942
corrected,914.1427618412275,100.00000000001154
corrected,915.5436957971981,100.00000000001411
corrected,916.9446297531688,100.00000000001725
corrected,918.3455637091395,100.00000000002107
corrected,919.74649766511,100.00000000002572
corrected,921.1474316210807,100.00000000003139
corrected,922.5483655770514,100.00000000003827
corrected,923.949299533022,100.00000000004664
corrected,925.3502334889927,100.0000000000568
corrected,926.7511674449632,100.00000000006912
corrected,928.1521014009339,100.00000000008406
corrected,929.5530353569046,100.00000000010216
corrected,930.9539693128752,100.00000000012407
corrected,932.3549032688459,100.0000000001506
corrected,933.7558372248166,100.00000000018268
corrected,935.1567711807871,100.00000000022145
corrected,936.5577051367578,100.00000000026827
corrected,937.9586390927285,100.00000000032477
corrected,939.3595730486991,100.00000000039293
corrected,940.7605070046698,100.00000000047508
corrected,942.1614409606404,100.00000000057403
corrected,943.562374916611,100.00000000069315
corrected,944.9633088725817,100.00000000083644
corrected,946.3642428285524,100.00000000100869
corrected,947.765176784523,100.00000000121562
corrected,949.1661107404937,100.00000000146406
corrected,950.5670446964643,100.00000000176213
corrected,951.9679786524349,100.0000000021195
corrected,953.3689126084056,100.00000000254771
corrected,954.7698465643763,100.00000000306044
corrected,956.1707805203469,100.00000000367396
corrected,957.5717144763175,100.00000000440762
corrected,958.9726484322882,100.00000000528436
corrected,960.3735823882588,100.00000000633139
corrected,961.7745163442295,100.00000000758095
corrected,963.1754503002002,100.00000000907123
corrected,964.5763842561707,100.00000001084744
corrected,965.9773182121414,100.00000001296304
corrected,967.3782521681121,100.00000001548119
corrected,968.7791861240827,100.00000001847651
corrected,970.1801200800534,100.00000002203709
corrected,971.581054036024,100.00000002626675
corrected,972.9819879919946,100.00000003128793
corrected,974.3829219479653,100.00000003724479
corrected,975.783855903936,100.00000004430701
corrected,977.1847898599066,100.00000005267417
corrected,978.5857238158773,100.00000006258078
corrected,979.9866577718478,100.00000007430236
corrected,981.3875917278185,100.00000008816221
corrected,982.7885256837892,100.00000010453954
corrected,984.1894596397598,100.00000012387878
corrected,985.5903935957305,100.00000014670044
corrected,986.9913275517011,100.00000017361378
corrected,988.3922615076717,100.00000020533133
corrected,989.7931954636424,100.00000024268586
corrected,991.1941294196131,100.00000028664998
corrected,992.5950633755837,100.00000033835892
corrected,993.9959973315543,100.0000003991366
corrected,995.396931287525,100.00000047052609
corrected,996.7978652434956,100.00000055432453
corrected,998.1987991994663,100.0000006526235
corrected,999.599733155437,100.00000076785561
corrected,1001.0006671114076,100.000000902848
corrected,1002.4016010673782,100.00000106088412
corrected,1003.8025350233489,100.00000124577464
corrected,1005.2034689793195,100.00000146193902
corrected,1006.6044029352902,100.00000171449908
corrected,1008.0053368912609,100.00000200938653
corrected,1009.4062708472314,100.0000023534661
corrected,1010.8072048032021,100.00000275467671
corrected,1012.2081387591728,100.00000322219307
corrected,1013.6090727151434,100.00000376661049
corrected,1015.0100066711141,100.0000044001562
corrected,1016.4109406270848,100.00000513693068
corrected,1017.8118745830553,100.00000599318312
corrected,1019.212808539026,100.0000069876255
corrected,1020.6137424949967,100.00000814179053
corrected,1022.0146764509673,100.00000948043922
corrected,1023.415610406938,100.0000110320246
corrected,1024.8165443629086,100.00001282921892
corrected,1026.2174783188793,100.0000149095124
corrected,1027.61841227485,100.00001731589307
corrected,1029.0193462308207,100.00002009761769
corrected,1030.4202801867912,100.00002331108544
corrected,1031.8212141427618,100.00002702082732
corrected,1033.2221480987325,100.00003130062562
corrected,1034.623082054703,100.00003623477964
corrected,1036.0240160106737,100.00004191953546
corrected,1037.4249499666444,100.00004846469996
corrected,1038.825883922615,100.00005599546118
corrected,1040.2268178785857,100.00006465443988
corrected,1041.6277518345564,100.0000746039997
corrected,1043.028685790527,100.00008602884655
corrected,1044.4296197464978,100.00009913895089
corrected,1045.8305537024683,100.00011417283046
corrected,1047.231487658439,100.00013140123504
corrected,1048.6324216144096,100.00015113127868
corrected,1050.03335557038,100.00017371107057
corrected,1051.4342895263508,100.00019953489975
corrected,1052.8352234823215,100.00022904903574
corrected,1054.2361574382921,100.00026275821249
corrected,1055.6370913942628,100.00030123287033
corrected,1057.0380253502335,100.00034511723766
corrected,1058.4389593062042,100.00039513834231
corrected,1059.8398932621749,100.00045211605122
corrected,1061.2408272181456,100.0005169742459
corrected,1062.641761174116,100.00059075325234
corrected,1064.0426951300867,100.00067462365388
corrected,1065.4436290860574,100.0007699016281
corrected,1066.8445630420279,100.00087806596143
corrected,1068.2454969979985,100.00100077690848
corrected,1069.6464309539692,100.00113989707846
corrected,1071.04736490994,100.00129751454634
corrected,1072.4482988659106,100.00147596840357
corrected,1073.8492328218813,100.00167787698119
corrected,1075.250166777852,100.00190616899756
corrected,1076.6511007338227,100.0021641179034
corrected,1078.0520346897933,100.00245537971901
corrected,1079.4529686457638,100.00278403468138
corrected,1080.8539026017345,100.00315463304416
corrected,1082.2548365577052,100.00357224539911
corrected,1083.6557705136756,100.00404251791547
corrected,1085.0567044696463,100.00457173292284
corrected,1086.457638425617,100.00516687529387
corrected,1087.8585723815877,100.00583570511483
corrected,1089.2595063375584,100.00658683716651
corrected,1090.660440293529,100.00742982777243
corrected,1092.0613742494997,100.00837526960886
corrected,1093.4623082054704,100.0094348951086
corrected,1094.863242161441,100.01062168913077
corrected,1096.2641761174116,100.01195001160976
corrected,1097.6651100733823,100.01343573093831
corrected,1099.0660440293527,100.01509636888441
corrected,1100.4669779853234,100.0169512578848
corrected,1101.867911941294,100.01902171160464
corrected,1103.2688458972648,100.02133120969881
corrected,1104.6697798532355,100.0239055977568
corrected,1106.0707138092062,100.02677330346108
corrected,1107.4716477651768,100.02996557003581
corrected,1108.8725817211475,100.03351670810986
corrected,1110.2735156771182,100.03746436716513
corrected,1111.6744496330887,100.04184982778688
corrected,1113.0753835890594,100.04671831597729
corrected,1114.47631754503,100.05211934083688
corrected,1115.8772515010005,100.05810705695905
corrected,1117.2781854569712,100.06474065292153
corrected,1118.6791194129419,100.07208476729365
corrected,1120.0800533689126,100.08020993361018
corrected,1121.4809873248832,100.08919305578922
corrected,1122.881921280854,100.09911791549439
corrected,1124.2828552368246,100.1100757129576
corrected,1125.6837891927953,100.12216564278928
corrected,1127.084723148766,100.13549550630547
corrected,1128.4856571047364,100.150182361896
corrected,1129.8865910607071,100.16635321494442
corrected,1131.2875250166778,100.18414574878575
corrected,1132.6884589726483,100.2037090981541
corrected,1134.089392928619,100.22520466652577
corrected,1135.4903268845896,100.24880698870437
corrected,1136.8912608405603,100.27470463992232
corrected,1138.292194796531,100.30310119264526
corrected,1139.6931287525017,100.33421622216387
corrected,1141.0940627084724,100.36828636193707
corrected,1142.494996664443,100.40556640951392
corrected,1143.8959306204138,100.4463304837056
corrected,1145.2968645763842,100.49087323350251
corrected,1146.697798532355,100.53951109903643
corrected,1148.0987324883254,100.59258362466868
corrected,1149.499666444296,100.65045482404643
corrected,1150.9006004002667,100.71351459670527
corrected,1152.3015343562374,100.78218019550961
corrected,1153.702468312208,100.85689774391167
corrected,1155.1034022681788,100.93814380167272
corrected,1156.5043362241495,101.02642697733019
corrected,1157.9052701801202,101.1222895853064
corrected,1159.3062041360909,101.22630934514372
corrected,1160.7071380920613,101.33910111991176
corrected,1162.108072048032,101.46131869037146
corrected,1163.5090060040027,101.59365656099114
corrected,1164.9099399599731,101.73685179340079
corrected,1166.3108739159438,101.89168586233407
corrected,1167.7118078719145,102.05898652855251
corrected,1169.1127418278852,102.2396297226689
corrected,1170.513675783856,102.4345414331911
corrected,1171.9146097398266,102.64469959149466
corrected,1173.3155436957973,102.87113594580539
corrected,1174.716477651768,103.11493791563277
corrected,1176.1174116077386,103.3772504174468
corrected,1177.518345563709,103.65927765173507
corrected,1178.9192795196798,103.96228484091908
corrected,1180.3202134756505,104.28759990695129
corrected,1181.721147431621,104.63661507676333
corrected,1183.1220813875916,105.01078840309259
corrected,1184.5230153435623,105.41164518758559
corrected,1185.923949299533,105.84077929246865
corrected,1187.3248832555037,106.29985432649013
corrected,1188.7258172114744,106.79060469028411
corrected,1190.126751167445,107.31483646578612
corrected,1191.5276851234157,107.87442813385347
corrected,1192.9286190793864,108.47133110381353
corrected,1194.3295530353569,109.1075700382866
corrected,1195.7304869913276,109.78524295631705
corrected,1197.1314209472982,110.50652109759488
corrected,1198.5323549032687,111.27364853038104
corrected,1199.9332888592394,112.08894148565233
corrected,1201.33422281521,112.95478739997559
corrected,1202.7351567711808,113.87364364971143
corrected,1204.1360907271514,114.8480359593302
corrected,1205.5370246831221,115.8805564669189
corrected,1206.9379586390928,116.97386143036096
corrected,1208.3388925950635,118.13066855819393
corrected,1209.739826551034,119.35375394979354
corrected,1211.1407605070046,120.64594863030639
corrected,1212.5416944629753,122.01013466665205
corrected,1213.9426284189458,123.44924085195986
corrected,1215.3435623749165,124.96623794697638
corrected,1216.7444963308872,126.5641334682931
corrected,1218.1454302868578,128.2459660147087
corrected,1219.5463642428285,130.0147991246293
corrected,1220.9472981987992,131.87371465915567
corrected,1222.34823215477,133.82580570738307
corrected,1223.7491661107406,135.87416901245834
corrected,1225.1501000667113,138.02189691908845
corrected,1226.5510340226817,140.27206884547536
corrected,1227.9519679786524,142.62774228505992
corrected,1229.352901934623,145.09194334596933
corrected,1230.7538358905936,147.66765683870534
corrected,1232.1547698465642,150.3578159253312
corrected,1233.555703802535,153.165291346229
corrected,1234.9566377585056,156.09288024340933
corrected,1236.3575717144763,159.14329460229843
corrected,1237.758505670447,162.31914933694537
corrected,1239.1594396264177,165.62295004663488
corrected,1240.5603735823884,169.0570804749518
corrected,1241.961307538359,172.62378970540857
corrected,1243.3622414943295,176.325179130792
corrected,1244.7631754503002,180.16318923639992
corrected,1246.1641094062709,184.13958624027953
corrected,1247.5650433622413,188.25594863647714
corrected,1248.965977318212,192.51365369007053
corrected,1250.3669112741827,196.9138639354142
corrected,1251.7678452301534,201.4575137315647
corrected,1253.168779186124,206.145295931184
corrected,1254.5697131420948,210.97764872140414
corrected,1255.9706470980655,215.95474269709132
corrected,1257.3715810540361,221.07646822868293
corrected,1258.7725150100066,226.34242318825233
corrected,1260.1734489659773,231.7519010986772
corrected,1261.574382921948,237.30387977169025
corrected,1262.9753168779184,242.99701050124028
corrected,1264.3762508338891,248.82960787885375
corrected,1265.7771847898598,254.79964029764147
corrected,1267.1781187458305,260.90472121121184
corrected,1268.5790527018012,267.1421012129509
corrected,1269.9799866577719,273.50866099999934
corrected,1271.3809206137425,280.0009052847117
corrected,1272.7818545697132,286.6149577144572
corrected,1274.182788525684,293.3465568582958
corrected,1275.5837224816544,300.1910533163387
corrected,1276.984656437625,307.14340800449185
corrected,1278.3855903935957,314.1981916637439
corrected,1279.7865243495662,321.34958563930115
corrected,1281.187458305537,328.5913839705646
corrected,1282.5883922615076,335.9169968283039
corrected,1283.9893262174783,343.319455330427
corrected,1285.390260173449,350.7914177623814
corrected,1286.7911941294196,358.32517722261747
corrected,1288.1921280853903,365.91267070761336
corrected,1289.593062041361,373.54548964478084
corrected,1290.9939959973317,381.21489187515516
corrected,1292.3949299533022,388.911815081154
corrected,1293.7958639092728,396.6268916479082
corrected,1295.1967978652435,404.3504649397231
corrected,1296.597731821214,412.07260696625
corrected,1297.9986657771847,419.783137405838
corrected,1299.3995997331554,427.4716439464397
corrected,1300.800533689126,435.1275038974126
corrected,1302.2014676450967,442.7399070185049
corrected,1303.6024016010674,450.2978795054532
corrected,1305.003335557038,457.7903090648622
corrected,1306.4042695130088,465.2059710044942
corrected,1307.8052034689795,472.5335552587893
corrected,1309.20613742495,479.76169426340994
corrected,1310.6070713809206,486.87899158691147
corrected,1312.008005336891,493.87405122227625
corrected,1313.4089392928618,500.7355074361652
corrected,1314.8098732488324,507.4520550691801
corrected,1316.2108072048031,514.012480176478
corrected,1317.6117411607738,520.4056908945174
corrected,1319.0126751167445,526.6207484167707
corrected,1320.4136090727152,532.6468979588161
corrected,1321.8145430286859,538.4735995914068
corrected,1323.2154769846566,544.0905588188967
corrected,1324.616410940627,549.4877567798163
corrected,1326.0173448965977,554.6554799464434
corrected,1327.4182788525684,559.5843492008923
corrected,1328.8192128085389,564.2653481666139
corrected,1330.2201467645095,568.6898506761755
corrected,1331.6210807204802,572.849647258827
corrected,1333.022014676451,576.736970534666
corrected,1334.4229486324216,580.3445194060963
corrected,1335.8238825883923,583.6654819418036
corrected,1337.224816544363,586.693556853579
corrected,1338.6257505003337,589.4229734719961
corrected,1340.0266844563043,591.8485101331453
corrected,1341.4276184122748,593.9655108953602
corrected,1342.8285523682455,595.7699005120364
corrected,1344.2294863242162,597.2581975942645
corrected,1345.6304202801866,598.4275259049995
corrected,1347.0313542361573,599.2756237348284
corrected,1348.432288192128,599.8008513180388
corrected,1349.8332221480987,600.0021962565822
corrected,1351.2341561040694,599.8792769286032
corrected,1352.63509006004,599.4323438674382
corrected,1354.0360240160107,598.6622791063047
corrected,1355.4369579719814,597.5705934932532
corrected,1356.8378919279521,596.1594219903
corrected,1358.2388258839226,594.4315169799135
corrected,1359.6397598398933,592.3902396111812
corrected,1361.040693795864,590.0395492269389
corrected,1362.4416277518344,587.3839909218763
corrected,1363.842561707805,584.4286812900956
corrected,1365.2434956637758,581.1792924287242
corrected,1366.6444296197465,577.6420342719296
corrected,1368.0453635757171,573.823635337033
corrected,1369.4462975316878,569.731321971297
corrected,1370.8472314876585,565.3727961943436
corrected,1372.2481654436292,560.7562122370327
corrected,1373.6490993995997,555.8901518829224
corrected,1375.0500333555703,550.783598723152
corrected,1376.450967311541,545.4459114397166
corrected,1377.8519012675115,539.8867962355602
corrected,1379.2528352234822,534.1162785327782
corrected,1380.6537691794529,528.1446740624262
corrected,1382.0547031354236,521.9825594709332
corrected,1383.4556370913942,515.6407425690351
corrected,1384.856571047365,509.13023234934144
corrected,1386.2575050033356,502.46220889822786
corrected,1387.6584389593063,495.64799332667076
corrected,1389.059372915277,488.69901784294245
corrected,1390.4603068712474,481.6267960877733
corrected,1391.8612408272181,474.4428938496785
corrected,1393.2621747831888,467.15890027470186
corrected,1394.6631087391593,459.7863996807801
corrected,1396.06404269513,452.3369440824447
corrected,1397.4649766511006,444.8220265265814
corrected,1398.8659106070713,437.25305533448886
corrected,1400.266844563042,429.6413293396689
corrected,1401.6677785190127,421.9980142045345
corrected,1403.0687124749834,414.3341198926728
corrected,1404.469646430954,406.66047936645776
corrected,1405.8705803869248,398.98772857270797
corrected,1407.2715143428952,391.3262877717803
corrected,1408.672448298866,383.6863442580105
corrected,1410.0733822548366,376.07783651183075
corrected,1411.474316210807,368.5104398161732
corrected,1412.8752501667777,360.9935533620648
corrected,1414.2761841227484,353.53628886058436
corrected,1415.677118078719,346.14746067061355
corrected,1417.0780520346898,338.8355774442213
corrected,1418.4789859906605,331.60883528396386
corrected,1419.8799199466312,324.47511239900973
corrected,1421.2808539026018,317.4419652397774
corrected,1422.6817878585723,310.516626083767
corrected,1424.082721814543,303.7060020384828
corrected,1425.4836557705137,297.0166754208459
corrected,1426.8845897264844,290.4549054662291
corrected,1428.285523682455,284.0266313143555
corrected,1429.6864576384255,277.7374762136859
corrected,1431.0873915943962,271.59275288067187
corrected,1432.4883255503669,265.59746994538347
corrected,1433.8892595063376,259.75633941048085
corrected,1435.2901934623083,254.07378504641835
corrected,1436.691127418279,248.5539516420355
corrected,1438.0920613742494,243.2007150263962
corrected,1439.49299533022,238.01769277484877
corrected,1440.8939292861908,233.00825550984038
corrected,1442.2948632421615,228.1755387049623
corrected,1443.6957971981321,223.52245489913668
corrected,1445.0967311541028,219.05170622667688
corrected,1446.4976651100733,214.76579716823454
corrected,1447.898599066044,210.66704742734743
corrected,1449.2995330220147,206.75760483745745
corrected,1450.7004669779853,203.03945820481246
corrected,1452.101400933956,199.51444999368766
corrected,1453.5023348899265,196.1842887617644
corrected,1454.9032688458972,193.05056125533997
corrected,1456.3042028018679,190.1147440763006
corrected,1457.7051367578385,187.3782148354168
corrected,1459.1060707138092,184.84226270959098
corrected,1460.50700466978,182.50809832410826
corrected,1461.9079386257504,180.3768628847649
corrected,1463.308872581721,178.44963648893156
corrected,1464.7098065376917,176.7274455491637
corrected,1466.1107404936624,175.21126926785672
corrected,1467.5116744496331,173.90204510668795
corrected,1468.9126084056038,172.80067320013657
corrected,1470.3135423615743,171.9080196682411
corrected,1471.714476317545,171.22491878990945
corrected,1473.1154102735156,170.75217400453369
corrected,1474.5163442294863,170.49055771634622
corrected,1475.917278185457,170.44080988288695
corrected,1477.3182121414277,170.60363537608927
corrected,1478.7191460973982,170.97970011182548
corrected,1480.1200800533688,171.56962595125367
corrected,1481.5210140093395,172.37398438494023
corrected,1482.9219479653102,173.39328901848302
corrected,1484.322881921281,174.62798688617843
corrected,1485.7238158772516,176.0784486271476
corrected,1487.124749833222,177.74495756620917
corrected,1488.5256837891927,179.62769774964062
corrected,1489.9266177451634,181.7267409937404
corrected,1491.327551701134,184.04203301179052
corrected,1492.7284856571048,186.5733786925269
corrected,1494.1294196130755,189.32042661056113
corrected,1495.530353569046,192.28265285627992
corrected,1496.9312875250166,195.45934427955171
corrected,1498.3322214809873,198.84958124802756
corrected,1499.733155436958,202.4522200269237
corrected,1501.1340893929287,206.26587489280928
corrected,1502.5350233488994,210.28890009911268
corrected,1503.9359573048698,214.5193718157035
corrected,1505.3368912608405,218.95507016899433
corrected,1506.7378252168112,223.59346151245404
corrected,1508.1387591727819,228.43168106024956
corrected,1509.5396931287526,233.4665160188105
corrected,1510.940627084723,238.6943893524838
corrected,1512.3415610406937,244.11134432003067
corrected,1513.7424949966644,249.71302991847932
corrected,1515.143428952635,255.49468736981518
corrected,1516.5443629086058,261.45113778404544
corrected,1517.9452968645764,267.57677112939797
corrected,1519.346230820547,273.8655366367224
corrected,1520.7471647765176,280.3109347605884
corrected,1522.1480987324883,286.9060108140743
corrected,1523.549032688459,293.64335038790284
corrected,1524.9499666444297,300.51507665728934
corrected,1526.3509006004003,307.512849671773
corrected,1527.7518345563708,314.6278677143366
corrected,1529.1527685123415,321.85087080637544
corrected,1530.5537024683122,329.17214642452257
corrected,1531.9546364242829,336.5815374841418
corrected,1533.3555703802535,344.0684526323529
corrected,1534.7565043362242,351.62187888096884
corrected,1536.1574382921947,359.2303965966765
corrected,1537.5583722481654,366.8821968522902
corrected,1538.959306204136,374.56510112899883
corrected,1540.3602401601067,382.2665833453788
corrected,1541.7611741160774,389.97379417450804
corrected,1543.162108072048,397.67358759603053
corrected,1544.5630420280186,405.35254961548196
corrected,1545.9639759839893,412.99702906874927
corrected,1547.36490993996,420.59317041525094
corrected,1548.7658438959306,428.1269484094913
corrected,1550.1667778519013,435.584204527021
corrected,1551.567711807872,442.950685007774
corrected,1552.9686457638425,450.21208036725466
corrected,1554.3695797198131,457.3540662142724
corrected,1555.7705136757838,464.3623452029002
corrected,1557.1714476317545,471.22268993627523
corrected,1558.5723815877252,477.920986630686
corrected,1559.9733155436957,484.4432793403542
corrected,1561.3742494996663,490.77581453637765
corrected,1562.775183455637,496.90508582755757
corrected,1564.1761174116077,502.8178786064011
corrected,1565.5770513675784,508.50131440040485
corrected,1566.977985323549,513.9428947069549
corrected,1568.3789192795196,519.1305440897668
corrected,1569.7798532354902,524.0526523158069
corrected,1571.180787191461,528.6981153140486
corrected,1572.5817211474316,533.056374741304
corrected,1573.9826551034023,537.1174559456072
corrected,1575.383589059373,540.872004124304
corrected,1576.7845230153434,544.3113184820097
corrected,1578.1854569713141,547.4273842029329
corrected,1579.5863909272848,550.2129020626376
corrected,1580.9873248832555,552.6613155161199
corrected,1582.3882588392262,554.7668351119567
corrected,1583.7891927951969,556.5244600962313
corrected,1585.1901267511673,557.9299970848178
corrected,1586.591060707138,558.980075698329
corrected,1587.9919946631087,559.6721610704818
corrected,1589.3929286190794,560.004563157723
corrected,1590.79386257505,559.9764427955192
corrected,1592.1947965310208,559.5878144646853
corrected,1593.5957304869912,558.8395457493241
corrected,1594.996664442962,557.7333534862839
corrected,1596.3975983989326,556.271796624365
corrected,1597.7985323549033,554.4582658296922
corrected,1599.199466310874,552.2969698915974
corrected,1600.6004002668446,549.7929190008894
corrected,1602.001334222815,546.951904989408
corrected,1603.4022681787858,543.7804786361542
corrected,1604.8032021347565,540.2859241609357
corrected,1606.2041360907272,536.4762310412625
corrected,1607.6050700466978,532.3600633020803
corrected,1609.0060040026685,527.946726440743
corrected,1610.406937958639,523.2461321613101
corrected,1611.8078719146097,518.2687611027512
corrected,1613.2088058705804,513.0256237548887
corrected,1614.609739826551,507.5282197638177
corrected,1616.0106737825217,501.78849583514227
corrected,1617.4116077384922,495.81880244855387
corrected,1618.8125416944629,489.6318496010672
corrected,1620.2134756504336,483.2406617986388
corrected,1621.6144096064043,476.6585325168393
corrected,1623.015343562375,469.898978350868
corrected,1624.4162775183456,462.9756930734027
corrected,1625.817211474316,455.9025018156634
corrected,1627.2181454302868,448.69331558266197
corrected,1628.6190793862575,441.36208630798694
corrected,1630.0200133422281,433.9227626466215
corrected,1631.4209472981988,426.38924669641483
corrected,1632.8218812541695,418.7753518298571
corrected,1634.22281521014,411.09476180793365
corrected,1635.6237491661107,403.3609913370836
corrected,1637.0246831220813,395.5873482188169
corrected,1638.425617078052,387.78689722934087
corrected,1639.8265510340227,379.97242585387136
corrected,1641.2274849899934,372.1564119870996
corrected,1642.6284189459639,364.3509936977637
corrected,1644.0293529019345,356.5679411414805
corrected,1645.4302868579052,348.8186306920874
corrected,1646.831220813876,341.1140213477236
corrected,1648.2321547698466,333.4646334539949
corrected,1649.6330887258173,325.8805297727605
corrected,1651.0340226817877,318.3712989115511
corrected,1652.4349566377584,310.9460411153988
corrected,1653.8358905937291,303.61335641007906
corrected,1655.2368245496998,296.3813350733936
corrected,1656.6377585056705,289.25755039939713
corrected,1658.0386924616412,282.24905370928366
corrected,1659.4396264176116,275.3623715521767
corrected,1660.8405603735823,268.6035050292925
corrected,1662.241494329553,261.9779311659721
corrected,1663.6424282855237,255.4906062478321
corrected,1665.0433622414944,249.14597102994867
corrected,1666.444296197465,242.9479577214309
corrected,1667.8452301534355,236.89999864207016
corrected,1669.2461641094062,231.00503644293167
corrected,1670.647098065377,225.26553577881847
corrected,1672.0480320213476,219.68349631740142
corrected,1673.4489659773183,214.26046696758124
corrected,1674.8498999332887,208.99756120818066
corrected,1676.2508338892594,203.89547339741347
corrected,1677.65176784523,198.95449594370265
corrected,1679.0527018012008,194.17453721922558
corrected,1680.4536357571715,189.55514009911818
corrected,1681.8545697131422,185.0955010114218
corrected,1683.2555036691126,180.7944893856333
corrected,1684.6564376250833,176.65066739103554
corrected,1686.057371581054,172.66230985982554
corrected,1687.4583055370247,168.8274242943109
corrected,1688.8592394929954,165.1437708621448
corrected,1690.260173448966,161.60888228858025
corrected,1691.6611074049365,158.2200835600476
corrected,1693.0620413609072,154.97451135891595
corrected,1694.4629753168779,151.86913315506303
corrected,1695.8639092728486,148.9007658857544
corrected,1697.2648432288192,146.0660941613397
corrected,1698.66577718479,143.36168794029663
corrected,1700.0667111407604,140.78401962319958
corrected,1701.467645096731,138.32948052118286
corrected,1702.8685790527018,135.9943966604049
corrected,1704.2695130086724,133.77504388981237
corrected,1705.6704469646431,131.6676622651833
corrected,1707.0713809206138,129.6684696879074
corrected,1708.4723148765843,127.77367478224822
corrected,1709.873248832555,125.97948899988802
corrected,1711.2741827885256,124.28213794537263
corrected,1712.6751167444963,122.67787192060749
corrected,1714.076050700467,121.16297569083497
corrected,1715.4769846564377,119.73377747849104
corrected,1716.8779186124082,118.38665719502099
corrected,1718.2788525683789,117.11805392410517
corrected,1719.6797865243495,115.92447267281766
corrected,1721.0807204803202,114.80249040999264
corrected,1722.481654436291,113.74876141353629
corrected,1723.8825883922616,112.76002195057082
corrected,1725.283522348232,111.8330943161585
corrected,1726.6844563042027,110.9648902579248
corrected,1728.0853902601734,110.15241381519816
corrected,1729.486324216144,109.39276360230835
corrected,1730.8872581721148,108.68313456646545
corrected,1732.2881921280853,108.02081925117447
corrected,1733.689126084056,107.40320859644761
corrected,1735.0900600400266,106.82779230717648
corrected,1736.4909939959973,106.29215882092161
corrected,1737.891927951968,105.79399490610041
corrected,1739.2928619079387,105.33108492110581
corrected,1740.6937958639091,104.90130976429376
corrected,1742.0947298198798,104.5026455440479
corrected,1743.4956637758505,104.13316199728388
corrected,1744.8965977318212,103.7910206838034
corrected,1746.297531687792,103.47447298287136
corrected,1747.6984656437626,103.18185791727579
corrected,1749.099399599733,102.91159982895667
corrected,1750.5003335557037,102.66220592906866
corrected,1751.9012675116744,102.43226374408728
corrected,1753.302201467645,102.22043847828523
corrected,1754.7031354236158,102.0254703116141
corrected,1756.1040693795865,101.84617165072775
corrected,1757.505003335557,101.68142434959267
corrected,1758.9059372915276,101.53017691485228
corrected,1760.3068712474983,101.39144170985602
corrected,1761.707805203469,101.26429217003451
corrected,1763.1087391594397,101.14786004110758
corrected,1764.5096731154104,101.04133265045522
corrected,1765.9106070713808,100.9439502208678
corrected,1767.3115410273515,100.8550032348252
corrected,1768.7124749833222,100.77382985643712
corrected,1770.1134089392929,100.69981341721068
corrected,1771.5143428952636,100.63237997089969
corrected,1772.9152768512342,100.57099592183171
corrected,1774.3162108072047,100.51516573030653
corrected,1775.7171447631754,100.4644296979129
corrected,1777.118078719146,100.41836183491684
corrected,1778.5190126751168,100.37656781123817
corrected,1779.9199466310874,100.33868299194614
corrected,1781.320880587058,100.30437055767308
corrected,1782.7218145430286,100.27331970986206
corrected,1784.1227484989993,100.24524396033182
corrected,1785.52368245497,100.21987950425417
corrected,1786.9246164109406,100.1969836752979
corrected,1788.3255503669113,100.17633348139225
corrected,1789.7264843228818,100.15772421930333
corrected,1791.1274182788525,100.14096816599466
corrected,1792.5283522348232,100.12589334455542
corrected,1793.9292861907938,100.11234236232556
corrected,1795.3302201467645,100.10017131872337
corrected,1796.7311541027352,100.08924878018415
corrected,1798.1320880587057,100.07945481954911
corrected,1799.5330220146764,100.07068011719569
corrected,1800.933955970647,100.06282512117511
corrected,1802.3348899266177,100.05579926361597
corrected,1803.7358238825884,100.04952023066232
corrected,1805.136757838559,100.04391328324049
corrected,1806.5376917945296,100.03891062598686
corrected,1807.9386257505003,100.03445082171861
corrected,1809.339559706471,100.03047824888935
corrected,1810.7404936624416,100.02694259953977
corrected,1812.1414276184123,100.02379841532805
corrected,1813.542361574383,100.02100465930592
corrected,1814.9432955303535,100.01852432119124
corrected,1816.3442294863241,100.01632405397667
corrected,1817.7451634422948,100.01437383980488
corrected,1819.1460973982655,100.01264668313343
corrected,1820.5470313542362,100.01111832930546
corrected,1821.9479653102069,100.00976700673627
corrected,1823.3488992661773,100.00857319101736
corrected,1824.749833222148,100.00751938933269
corrected,1826.1507671781187,100.00658994367019
corrected,1827.5517011340894,100.00577085140097
corrected,1828.95263509006,100.00504960188321
corrected,1830.3535690460308,100.00441502783127
corrected,1831.7545030020012,100.00385717027062
corrected,1833.155436957972,100.00336715597601
corrected,1834.5563709139426,100.00293708636472
corrected,1835.9573048699133,100.00255993688705
corrected,1837.358238825884,100.00222946602351
corrected,1838.7591727818544,100.00194013306289
corrected,1840.1601067378251,100.00168702389531
corrected,1841.5610406937958,100.00146578411223
corrected,1842.9619746497665,100.0012725587594
corrected,1844.3629086057372,100.0011039381399
corrected,1845.7638425617079,100.0009569091119
corrected,1847.1647765176783,100.00082881137094
corrected,1848.565710473649,100.00071729824819
corrected,1849.9666444296197,100.00062030159557
corrected,1851.3675783855904,100.00053600036456
corrected,1852.768512341561,100.00046279251958
corrected,1854.1694462975317,100.00039926995858
corrected,1855.5703802535022,100.00034419614157
corrected,1856.971314209473,100.0002964861558
corrected,1858.3722481654436,100.00025518897021
corrected,1859.7731821214143,100.00021947165484
corrected,1861.174116077385,100.0001886053622
corrected,1862.5750500333556,100.00016195288624
corrected,1863.975983989326,100.00013895763283
corrected,1865.3769179452968,100.00011913385109
corrected,1866.7778519012675,100.00010205799057
corrected,1868.1787858572382,100.00008736106189
corrected,1869.5797198132088,100.000074721891
corrected,1870.9806537691795,100.00006386116875
corrected,1872.38158772515,100.00005453620703
corrected,1873.7825216811207,100.00004653632196
corrected,1875.1834556370914,100.00003967877356
corrected,1876.584389593062,100.00003380519793
corrected,1877.9853235490327,100.00002877847557
corrected,1879.3862575050034,100.0000244799849
corrected,1880.7871914609739,100.00002080719632
corrected,1882.1881254169446,100.00001767156624
corrected,1883.5890593729152,100.00001499669571
corrected,1884.989993328886,100.00001271672193
corrected,1886.3909272848566,100.0000107749144
corrected,1887.7918612408273,100.00000912245105
corrected,1889.1927951967978,100.00000771735206
corrected,1890.5937291527684,100.00000652355222
corrected,1891.9946631087391,100.00000551009431
corrected,1893.3955970647098,100.00000465042858
corrected,1894.7965310206805,100.0000039218049
corrected,1896.197464976651,100.00000330474573
corrected,1897.5983989326216,100.0000027825897
corrected,1898.9993328885923,100.00000234109672
corrected,1900.400266844563,100.0000019681065
corrected,1901.8012008005337,100.00000165324377
corrected,1903.2021347565044,100.00000138766379
corrected,1904.6030687124749,100.00000116383302
corrected,1906.0040026684455,100.00000097534026
corrected,1907.4049366244162,100.00000081673409
corrected,1908.805870580387,100.00000068338316
corrected,1910.2068045363576,100.00000057135618
corrected,1911.6077384923283,100.0000004773189
corrected,1913.0086724482987,100.00000039844593
corrected,1914.4096064042694,100.00000033234507
corrected,1915.81054036024,100.00000027699257
corrected,1917.2114743162108,100.00000023067794
corrected,1918.6124082721815,100.00000019195662
corrected,1920.0133422281522,100.00000015960964
corrected,1921.4142761841226,100.00000013260939
corrected,1922.8152101400933,100.00000011009014
corrected,1924.216144096064,100.00000009132332
corrected,1925.6170780520347,100.00000007569618
corrected,1927.0180120080054,100.0000000626939
corrected,1928.418945963976,100.00000005188427
corrected,1929.8198799199465,100.00000004290473
corrected,1931.2208138759172,100.00000003545144
corrected,1932.621747831888,100.00000002926991
corrected,1934.0226817878586,100.00000002414727
corrected,1935.4236157438293,100.00000001990553
corrected,1936.8245496998,100.00000001639602
corrected,1938.2254836557704,100.00000001349467
corrected,1939.626417611741,100.00000001109801
corrected,1941.0273515677118,100.00000000911984
corrected,1942.4282855236825,100.00000000748838
corrected,1943.8292194796531,100.00000000614396
corrected,1945.2301534356236,100.00000000503695
corrected,1946.6310873915943,100.00000000412615
corrected,1948.032021347565,100.00000000337741
corrected,1949.4329553035357,100.00000000276235
corrected,1950.8338892595063,100.00000000225754
corrected,1952.234823215477,100.00000000184352
corrected,1953.6357571714475,100.00000000150426
corrected,1955.0366911274182,100.00000000122647
corrected,1956.4376250833889,100.00000000099918
corrected,1957.8385590393596,100.00000000081339
corrected,1959.2394929953302,100.00000000066161
corrected,1960.640426951301,100.00000000053774
corrected,1962.0413609072714,100.00000000043671
corrected,1963.442294863242,100.00000000035439
corrected,1964.8432288192128,100.00000000028737
corrected,1966.2441627751834,100.00000000023283
corrected,1967.6450967311541,100.00000000018849
corrected,1969.0460306871248,100.00000000015248
corrected,1970.4469646430953,100.00000000012325
corrected,1971.847898599066,100.00000000009955
corrected,1973.2488325550366,100.00000000008035
corrected,1974.6497665110073,100.00000000006479
corrected,1976.050700466978,100.00000000005221
corrected,1977.4516344229487,100.00000000004204
corrected,1978.8525683789192,100.00000000003382
corrected,1980.2535023348898,100.00000000002719
corrected,1981.6544362908605,100.00000000002184
corrected,1983.0553702468312,100.00000000001752
corrected,1984.456304202802,100.00000000001405
corrected,1985.8572381587726,100.00000000001127
corrected,1987.258172114743,100.00000000000902
corrected,1988.6591060707137,100.00000000000722
corrected,1990.0600400266844,100.00000000000577
corrected,1991.460973982655,100.0000000000046
corrected,1992.8619079386258,100.00000000000368
corrected,1994.2628418945965,100.00000000000294
corrected,1995.663775850567,100.00000000000234
corrected,1997.0647098065376,100.00000000000186
corrected,1998.4656437625083,100.00000000000148
corrected,1999.866577718479,100.00000000000118
corrected,2001.2675116744497,100.00000000000094
corrected,2002.6684456304201,100.00000000000074
corrected,2004.0693795863908,100.00000000000058
corrected,2005.4703135423615,100.00000000000047
corrected,2006.8712474983322,100.00000000000037
corrected,2008.2721814543029,100.0000000000003
corrected,2009.6731154102736,100.00000000000023
corrected,2011.074049366244,100.00000000000018
corrected,2012.4749833222147,100.00000000000014
corrected,2013.8759172781854,100.00000000000011
corrected,2015.276851234156,100.00000000000009
corrected,2016.6777851901268,100.00000000000007
corrected,2018.0787191460975,100.00000000000006
corrected,2019.479653102068,100.00000000000004
corrected,2020.8805870580386,100.00000000000003
corrected,2022.2815210140093,100.00000000000003
corrected,2023.68245496998,100.00000000000001
corrected,2025.0833889259507,100.00000000000001
corrected,2026.4843228819213,100.00000000000001
corrected,2027.8852568378918,100.00000000000001
corrected,2029.2861907938625,100.00000000000001
corrected,2030.6871247498332,100.0
corrected,2032.0880587058039,100.0
corrected,2033.4889926617745,100.0
corrected,2034.8899266177452,100.0
corrected,2036.2908605737157,100.0
corrected,2037.6917945296864,100.0
corrected,2039.092728485657,100.0
corrected,2040.4936624416277,100.0
corrected,2041.8945963975984,100.0
corrected,2043.2955303535691,100.0
corrected,2044.6964643095396,100.0
corrected,2046.0973982655103,100.0
corrected,2047.498332221481,100.0
corrected,2048.899266177452,100.0
corrected,2050.3002001334225,100.0
corrected,2051.7011340893932,100.0
corrected,2053.1020680453635,100.0
corrected,2054.503002001334,100.0
corrected,2055.903935957305,100.0
corrected,2057.3048699132755,100.0
corrected,2058.705803869246,100.0
corrected,2060.1067378252164,100.0
corrected,2061.507671781187,100.0
corrected,2062.908605737158,100.0
corrected,2064.3095396931285,100.0
corrected,2065.710473649099,100.0
corrected,2067.11140760507,100.0
corrected,2068.5123415610406,100.0
corrected,2069.9132755170112,100.0
corrected,2071.314209472982,100.0
corrected,2072.7151434289526,100.0
corrected,2074.1160773849233,100.0
corrected,2075.517011340894,100.0
corrected,2076.9179452968647,100.0
corrected,2078.3188792528354,100.0
corrected,2079.719813208806,100.0
corrected,2081.1207471647767,100.0
corrected,2082.5216811207474,100.0
corrected,2083.922615076718,100.0
corrected,2085.3235490326883,100.0
corrected,2086.724482988659,100.0
corrected,2088.1254169446297,100.0
corrected,2089.5263509006004,100.0
corrected,2090.927284856571,100.0
corrected,2092.3282188125418,100.0
corrected,2093.729152768512,100.0
corrected,2095.1300867244827,100.0
corrected,2096.5310206804534,100.0
corrected,2097.931954636424,100.0
corrected,2099.3328885923947,100.0
corrected,2100.7338225483654,100.0
corrected,2102.134756504336,100.0
corrected,2103.535690460307,100.0
corrected,2104.9366244162775,100.0
corrected,2106.337558372248,100.0
corrected,2107.738492328219,100.0
corrected,2109.1394262841895,100.0
corrected,2110.54036024016,100.0
corrected,2111.941294196131,100.0
corrected,2113.3422281521016,100.0
corrected,2114.7431621080723,100.0
corrected,2116.144096064043,100.0
corrected,2117.545030020013,100.0
corrected,2118.945963975984,100.0
corrected,2120.3468979319546,100.0
corrected,2121.7478318879253,100.0
corrected,2123.148765843896,100.0
corrected,2124.5496997998666,100.0
corrected,2125.950633755837,100.0
corrected,2127.3515677118075,100.0
corrected,2128.7525016677782,100.0
corrected,2130.153435623749,100.0
corrected,2131.5543695797196,100.0
corrected,2132.9553035356903,100.0
corrected,2134.356237491661,100.0
corrected,2135.7571714476317,100.0
corrected,2137.1581054036023,100.0
corrected,2138.559039359573,100.0
corrected,2139.9599733155437,100.0
corrected,2141.3609072715144,100.0
corrected,2142.761841227485,100.0
corrected,2144.162775183456,100.0
corrected,2145.5637091394265,100.0
corrected,2146.964643095397,100.0
corrected,2148.365577051368,100.0
corrected,2149.7665110073385,100.0
corrected,2151.1674449633088,100.0
corrected,2152.5683789192794,100.0
corrected,2153.96931287525,100.0
corrected,2155.370246831221,100.0
corrected,2156.7711807871915,100.0
corrected,2158.172114743162,100.0
corrected,2159.5730486991324,100.0
corrected,2160.973982655103,100.0
corrected,2162.374916611074,100.0
corrected,2163.7758505670445,100.0
corrected,2165.176784523015,100.0
corrected,2166.577718478986,100.0
corrected,2167.9786524349565,100.0
corrected,2169.379586390927,100.0
corrected,2170.780520346898,100.0
corrected,2172.1814543028686,100.0
corrected,2173.5823882588393,100.0
corrected,2174.98332221481,100.0
corrected,2176.3842561707806,100.0
corrected,2177.7851901267513,100.0
corrected,2179.186124082722,100.0
corrected,2180.5870580386927,100.0
corrected,2181.9879919946634,100.0
corrected,2183.3889259506336,100.0
corrected,2184.7898599066043,100.0
corrected,2186.190793862575,100.0
corrected,2187.5917278185457,100.0
corrected,2188.9926617745164,100.0
corrected,2190.393595730487,100.0
corrected,2191.7945296864573,100.0
corrected,2193.195463642428,100.0
corrected,2194.5963975983987,100.0
corrected,2195.9973315543693,100.0
corrected,2197.39826551034,100.0
corrected,2198.7991994663107,100.0
corrected,2200.2001334222814,100.0
corrected,2201.601067378252,100.0
corrected,2203.0020013342228,100.0
corrected,2204.4029352901935,100.0
corrected,2205.803869246164,100.0
corrected,2207.204803202135,100.0
corrected,2208.6057371581055,100.0
corrected,2210.006671114076,100.0
corrected,2211.407605070047,100.0
corrected,2212.8085390260176,100.0
corrected,2214.2094729819883,100.0
corrected,2215.610406937959,100.0
corrected,2217.011340893929,100.0
corrected,2218.4122748499,100.0
corrected,2219.8132088058705,100.0
corrected,2221.2141427618412,100.0
corrected,2222.615076717812,100.0
corrected,2224.016010673782,100.0
corrected,2225.416944629753,100.0
corrected,2226.8178785857235,100.0
corrected,2228.218812541694,100.0
corrected,2229.619746497665,100.0
corrected,2231.0206804536356,100.0
corrected,2232.4216144096063,100.0
corrected,2233.822548365577,100.0
corrected,2235.2234823215476,100.0
corrected,2236.6244162775183,100.0
corrected,2238.025350233489,100.0
corrected,2239.4262841894597,100.0
corrected,2240.8272181454304,100.0
corrected,2242.228152101401,100.0
corrected,2243.6290860573718,100.0
corrected,2245.0300200133424,100.0
corrected,2246.430953969313,100.0
corrected,2247.831887925284,100.0
corrected,2249.232821881254,100.0
corrected,2250.6337558372247,100.0
corrected,2252.0346897931954,100.0
corrected,2253.435623749166,100.0
corrected,2254.836557705137,100.0
corrected,2256.2374916611075,100.0
corrected,2257.6384256170777,100.0
corrected,2259.0393595730484,100.0
corrected,2260.440293529019,100.0
corrected,2261.8412274849898,100.0
corrected,2263.2421614409604,100.0
corrected,2264.643095396931,100.0
corrected,2266.044029352902,100.0
corrected,2267.4449633088725,100.0
corrected,2268.845897264843,100.0
corrected,2270.246831220814,100.0
corrected,2271.6477651767846,100.0
corrected,2273.0486991327552,100.0
corrected,2274.449633088726,100.0
corrected,2275.8505670446966,100.0
corrected,2277.2515010006673,100.0
corrected,2278.652434956638,100.0
corrected,2280.0533689126087,100.0
corrected,2281.454302868579,100.0
corrected,2282.8552368245496,100.0
corrected,2284.2561707805203,100.0
corrected,2285.657104736491,100.0
corrected,2287.0580386924617,100.0
corrected,2288.4589726484323,100.0
corrected,2289.8599066044026,100.0
corrected,2291.2608405603733,100.0
corrected,2292.661774516344,100.0
corrected,2294.0627084723146,100.0
corrected,2295.4636424282853,100.0
corrected,2296.864576384256,100.0
corrected,2298.2655103402267,100.0
corrected,2299.6664442961974,100.0
corrected,2301.067378252168,100.0
corrected,2302.4683122081387,100.0
corrected,2303.8692461641094,100.0
corrected,2305.27018012008,100.0
corrected,2306.671114076051,100.0
corrected,2308.0720480320215,100.0
corrected,2309.472981987992,100.0
corrected,2310.873915943963,100.0
corrected,2312.2748498999335,100.0
corrected,2313.6757838559042,100.0
corrected,2315.0767178118745,100.0
corrected,2316.477651767845,100.0
corrected,2317.878585723816,100.0
corrected,2319.2795196797865,100.0
corrected,2320.680453635757,100.0
corrected,2322.081387591728,100.0
corrected,2323.482321547698,100.0
corrected,2324.883255503669,100.0
corrected,2326.2841894596395,100.0
corrected,2327.68512341561,100.0
corrected,2329.086057371581,100.0
corrected,2330.4869913275516,100.0
corrected,2331.8879252835222,100.0
corrected,2333.288859239493,100.0
corrected,2334.6897931954636,100.0
corrected,2336.0907271514343,100.0
corrected,2337.491661107405,100.0
corrected,2338.8925950633757,100.0
corrected,2340.2935290193464,100.0
corrected,2341.694462975317,100.0
corrected,2343.0953969312877,100.0
corrected,2344.4963308872584,100.0
corrected,2345.897264843229,100.0
corrected,2347.2981987991993,100.0
corrected,2348.69913275517,100.0
corrected,2350.1000667111407,100.0
corrected,2351.5010006671114,100.0
corrected,2352.901934623082,100.0
corrected,2354.3028685790528,100.0
corrected,2355.703802535023,100.0
corrected,2357.1047364909937,100.0
corrected,2358.5056704469644,100.0
corrected,2359.906604402935,100.0
corrected,2361.3075383589057,100.0
corrected,2362.7084723148764,100.0
corrected,2364.109406270847,100.0
corrected,2365.510340226818,100.0
corrected,2366.9112741827885,100.0
corrected,2368.312208138759,100.0
corrected,2369.71314209473,100.0
corrected,2371.1140760507005,100.0
corrected,2372.515010006671,100.0
corrected,2373.915943962642,100.0
corrected,2375.3168779186126,100.0
corrected,2376.7178118745833,100.0
corrected,2378.118745830554,100.0
corrected,2379.5196797865246,100.0
corrected,2380.920613742495,100.0
corrected,2382.3215476984656,100.0
corrected,2383.7224816544363,100.0
corrected,2385.123415610407,100.0
corrected,2386.5243495663776,100.0
corrected,2387.925283522348,100.0
corrected,2389.3262174783185,100.0
corrected,2390.727151434289,100.0
corrected,2392.12808539026,100.0
corrected,2393.5290193462306,100.0
corrected,2394.9299533022013,100.0
corrected,2396.330887258172,100.0
corrected,2397.7318212141427,100.0
corrected,2399.1327551701133,100.0
corrected,2400.533689126084,100.0
corrected,2401.9346230820547,100.0
corrected,2403.3355570380254,100.0
corrected,2404.736490993996,100.0
corrected,2406.1374249499668,100.0
corrected,2407.5383589059375,100.0
corrected,2408.939292861908,100.0
corrected,2410.340226817879,100.0
corrected,2411.7411607738495,100.0
corrected,2413.1420947298197,100.0
corrected,2414.5430286857904,100.0
corrected,2415.943962641761,100.0
corrected,2417.344896597732,100.0
corrected,2418.7458305537025,100.0
corrected,2420.146764509673,100.0
corrected,2421.5476984656434,100.0
corrected,2422.948632421614,100.0
corrected,2424.349566377585,100.0
corrected,2425.7505003335555,100.0
corrected,2427.151434289526,100.0
corrected,2428.552368245497,100.0
corrected,2429.9533022014675,100.0
corrected,2431.354236157438,100.0
corrected,2432.755170113409,100.0
corrected,2434.1561040693796,100.0
corrected,2435.5570380253503,100.0
corrected,2436.957971981321,100.0
corrected,2438.3589059372916,100.0
corrected,2439.7598398932623,100.0
corrected,2441.160773849233,100.0
corrected,2442.5617078052037,100.0
corrected,2443.9626417611744,100.0
corrected,2445.3635757171446,100.0
corrected,2446.7645096731153,100.0
corrected,2448.165443629086,100.0
corrected,2449.5663775850567,100.0
corrected,2450.9673115410274,100.0
corrected,2452.368245496998,100.0
corrected,2453.7691794529687,100.0
corrected,2455.1701134089394,100.0
corrected,2456.57104736491,100.0
corrected,2457.9719813208803,100.0
corrected,2459.372915276851,100.0
corrected,2460.7738492328217,100.0
corrected,2462.1747831887924,100.0
corrected,2463.575717144763,100.0
corrected,2464.9766511007338,100.0
corrected,2466.3775850567044,100.0
corrected,2467.778519012675,100.0
corrected,2469.179452968646,100.0
corrected,2470.5803869246165,100.0
corrected,2471.981320880587,100.0
corrected,2473.382254836558,100.0
corrected,2474.783188792528,100.0
corrected,2476.184122748499,100.0
corrected,2477.5850567044695,100.0
corrected,2478.98599066044,100.0
corrected,2480.386924616411,100.0
corrected,2481.7878585723815,100.0
corrected,2483.188792528352,100.0
corrected,2484.589726484323,100.0
corrected,2485.9906604402936,100.0
corrected,2487.3915943962643,100.0
corrected,2488.792528352235,100.0
corrected,2490.1934623082057,100.0
corrected,2491.594396264176,100.0
corrected,2492.9953302201466,100.0
corrected,2494.3962641761173,100.0
corrected,2495.797198132088,100.0
corrected,2497.1981320880586,100.0
corrected,2498.5990660440293,100.0
corrected,2500.0,100.0
