condition,eta_mV,all_families_supported,X_V_mean,X_V_sd,X_H_mean,X_H_sd,X_T_mean,X_T_sd,n_families,n_families_supported
KOH,1.0,False,0.32687959952060197,0.24632855718293703,0.008276376713078903,0.004959598350843843,0.6648440237232434,0.24306403510550154,4,1
KOH,1.5,False,0.3296013295775446,0.24613169920532404,0.008221366826988152,0.004910381426399894,0.662177303500544,0.24289692131725538,4,1
KOH,2.0,False,0.3323345074836004,0.2459096237172182,0.00816711236578671,0.004861680693678691,0.6594983800664034,0.2427044043314906,4,2
KOH,2.5,False,0.33507885517647384,0.2456622366678176,0.008113608407744888,0.004813493575397293,0.6568075363325709,0.24248639000814864,4,2
KOH,3.0,False,0.33783408500548395,0.24538945519207164,0.008060850118341012,0.004765817540669791,0.6541050647804747,0.24224279536676235,4,3
KOH,3.5,False,0.3405998997659254,0.24509120784420524,0.00800883274498787,0.004718650177935522,0.6513912673984934,0.24197354882928948,4,3
KOH,4.0,False,0.3433759925950963,0.24476743500036757,0.00795755155047484,0.004671989055794286,0.648666455761393,0.24167859056625626,4,3
KOH,4.5,False,0.34616204700466113,0.24441808910587323,0.007907001864704277,0.004625831830952528,0.6459309510404854,0.24135787283309396,4,3
KOH,5.0,False,0.3489577368478991,0.24404313503237024,0.00785717909368433,0.0045801762409003344,0.6431850839653808,0.24101136018580774,4,3
KOH,5.5,False,0.3517627263624479,0.24364255028780937,0.007808078670568097,0.004535020045784687,0.6404291948812757,0.24063902985170968,4,3
KOH,6.0,False,0.3545766701559261,0.24321632532304785,0.007759696093512236,0.004490361069099685,0.6376636336662966,0.24024087192465682,4,3
KOH,6.5,False,0.35739921326793933,0.24276446376606817,0.0077120269139641096,0.004446197192408906,0.6348887597289465,0.23981688963563955,4,3
KOH,7.0,False,0.3602299912180418,0.24228698264688345,0.007665066736606274,0.004402526355737332,0.6321049419547586,0.2393670995838853,4,3
KOH,7.5,True,0.36306863004531564,0.24178391260796944,0.007618811212389831,0.0043593465447965855,0.6293125586508685,0.23889153195229326,4,4
KOH,8.0,True,0.3659147464223078,0.24125529809526755,0.007573256047749277,0.004316655785392194,0.6265119974465105,0.23839023067772838,4,4
KOH,8.5,True,0.3687679477147876,0.24070119753875924,0.007528396991113295,0.004274452176599134,0.623703655211888,0.237863253625464,4,4
KOH,9.0,True,0.3716278321054811,0.24012168348902216,0.007484229848531143,0.004232733853630905,0.6208879379635823,0.23731067277112797,4,4
KOH,9.5,True,0.3744939887317389,0.23951684274915563,0.007440750465770307,0.004191499000760661,0.6180652607196413,0.23673257428578443,4,4
KOH,10.0,True,0.377365997793061,0.23888677649827167,0.0073979547431657355,0.004150745866721999,0.6152360473830332,0.23612905867875164,4,4
KOH,10.5,True,0.38024343072151634,0.23823160037236055,0.007355838620770605,0.004110472723809562,0.6124007305781387,0.23550024088915222,4,4
KOH,11.0,True,0.3831258503663171,0.23755144451728402,0.007314398090735308,0.004070677906230649,0.6095597514683138,0.2348462503112685,4,4
KOH,11.5,True,0.38601281114647445,0.23684645366551232,0.007273629179044283,0.004031359783661578,0.6067135595939077,0.23416723088837624,4,4
KOH,12.0,True,0.38890385929382654,0.2361167871143985,0.007233527965555542,0.00399251677268769,0.6038626126591562,0.2334633411082881,4,4
KOH,12.5,True,0.3917985330338103,0.23536261877184303,0.007194090570206146,0.003954147339849721,0.6010073763211554,0.23273475401712537,4,4
KOH,13.0,True,0.39469636283295806,0.23458413710897968,0.007155313148848874,0.003916249975045919,0.5981483239405616,0.23198165717721772,4,4
KOH,13.5,True,0.3975968716569134,0.23378154512147584,0.007117191909600251,0.003878823229496481,0.5952859363612117,0.23120425265575414,4,4
KOH,14.0,True,0.4004995752210083,0.23295506026529383,0.007079723088804224,0.0038418656760689247,0.592420701617441,0.23040275692310266,4,4
KOH,14.5,True,0.40340398227131646,0.23210491436640218,0.007042902966936104,0.0038053759272922896,0.589553114686836,0.22957740079538363,4,4
KOH,15.0,True,0.40630959488757723,0.2312313535140948,0.007006727869213192,0.003769352642253374,0.5866836771687978,0.22872842930813012,4,4
KOH,15.5,True,0.4092159087789038,0.2303346379291449,0.00697119415118963,0.0037337945038706613,0.5838128969999079,0.2278561015905873,4,4
KOH,16.0,True,0.4121224136049151,0.22941504181653227,0.00693629820464059,0.003698700225491373,0.5809412881186415,0.2269606907125774,4,4
KOH,16.5,True,0.4150285933314235,0.22847285317070426,0.00690203646186438,0.0036640685598397383,0.5780693701389894,0.22604248350772915,4,4
KOH,17.0,True,0.41793392654349004,0.2275083736167105,0.006868405390964005,0.0036298982876758756,0.5751976679981285,0.22510178038629094,4,4
KOH,17.5,True,0.42083788683619505,0.2265219181631333,0.006835401487381709,0.0035961882064054307,0.5723267116098107,0.22413889512242968,4,4
KOH,18.0,True,0.4237399431717137,0.22551381498870773,0.0068030212897751685,0.00356293715936274,0.5694570354730366,0.223154154606165,4,4
KOH,18.5,True,0.42663956026040006,0.22448440518358148,0.006771261364391101,0.003530143995540006,0.5665891783091237,0.22214789860842282,4,4
KOH,19.0,True,0.42953619895926,0.22343404247291881,0.006740118312378862,0.003497807597014152,0.5637236826640107,0.22112047950332853,4,4
KOH,19.5,True,0.4324293166727,0.2223630929361296,0.00670958876522465,0.0034659268665036625,0.5608610945000703,0.22007226197150254,4,4
KOH,20.0,True,0.43531836775846655,0.22127193469281456,0.006679669384251907,0.003434500721418997,0.5580019627932364,0.2190036227049987,4,4
KOH,20.5,True,0.4382028039543878,0.2201609575844637,0.006650356865409157,0.0034035281007221982,0.555146839119322,0.2179149500813566,4,4
KOH,21.0,True,0.44108207479585937,0.21903056283179242,0.006621647929680452,0.0033730079550729044,0.5522962772147866,0.21680664381761255,4,4
KOH,21.5,True,0.4439556280516621,0.2178811626862774,0.006593539331078979,0.0033429392577652805,0.5494508325566139,0.215679114622255,4,4
KOH,22.0,True,0.44682291016678866,0.21671318004688472,0.00656602785106819,0.0033133209826238783,0.5466110619240933,0.21453278382783159,4,4
KOH,22.5,True,0.44968336669003184,0.21552704809476583,0.006539110297992812,0.0032841521196981856,0.543777522954203,0.21336808300287208,4,4
KOH,23.0,True,0.45253644273460236,0.2143232098846523,0.006512783508216824,0.0032554316696496396,0.5409507736997138,0.21218545355997473,4,4
KOH,23.5,True,0.4553815834157232,0.21310211794459552,0.006487044348621462,0.0032271586357609846,0.5381313721793124,0.2109853463468623,4,4
KOH,24.0,True,0.45821823430299,0.2118642338529639,0.006461889709152846,0.003199332028869623,0.5353198759332906,0.2097682212319979,4,4
KOH,24.5,True,0.46104584187298125,0.21061002780949142,0.006437316506208157,0.003171950859888717,0.5325168415671738,0.2085345466659081,4,4
KOH,25.0,True,0.46386385395651153,0.20933997819710218,0.006413321683385043,0.003145014142584811,0.5297228243075908,0.20728479925607537,4,4
KOH,25.5,True,0.46667172018428904,0.20805457113817,0.006389902210676701,0.003118520891522283,0.5269383775533543,0.20601946330790316,4,4
KOH,26.0,True,0.4694688924413992,0.20675430003537063,0.006367055082154294,0.003092470115320472,0.5241640524262653,0.2047390303786539,4,4
KOH,26.5,True,0.4722548253046355,0.2054396651096447,0.006344777316216743,0.003066860821694749,0.5214003973291748,0.20344399881251976,4,4
KOH,27.0,True,0.47502897648354914,0.20411117293985728,0.006323065957380969,0.003041692007931789,0.5186479575116504,0.2021348732766504,4,4
KOH,27.5,True,0.47779080725307566,0.2027693359856714,0.006301918074352875,0.0030169626706258133,0.5159072746262344,0.20081216428492532,4,4
KOH,28.0,True,0.48053978288725707,0.20141467211481837,0.006281330760915527,0.0029926717866527726,0.5131788863070308,0.19947638773023704,4,4
KOH,28.5,True,0.48327537307846224,0.20004770412052653,0.006261301134152797,0.0029688183303631234,0.5104633257436569,0.19812806440024508,4,4
KOH,29.0,True,0.4859970523524021,0.19866895925042802,0.00624182633540693,0.002945401261707868,0.5077611212695454,0.19676771950063415,4,4
KOH,29.5,True,0.4887043004740549,0.19727896871991749,0.006222903531340196,0.002922419518233575,0.5050727959538328,0.19539588217566192,4,4
KOH,30.0,True,0.49139660284900494,0.19587826723051166,0.006204529910402989,0.002899872032637839,0.5023988672004585,0.19401308502422446,4,4
KOH,30.5,True,0.4940734509064279,0.1944673924965626,0.006186702688114332,0.0028777577115341444,0.49973984636716984,0.19261986362637343,4,4
KOH,31.0,True,0.4967343424795087,0.193046884766602,0.0061694191020381095,0.0028560754455148637,0.4970962383804567,0.1912167560610508,4,4
KOH,31.5,True,0.4993787821727727,0.1916172863430185,0.0061526764150027224,0.0028348241048688854,0.4944685413751579,0.18980430243380383,4,4
KOH,32.0,True,0.5020062817138113,0.19017914112078552,0.006136471914421071,0.002814002535455613,0.4918572463367826,0.1883830444083919,4,4
KOH,32.5,True,0.504616360298811,0.1887329941154238,0.006120802911430134,0.0027936095617151447,0.48926283675686244,0.18695352473672308,4,4
KOH,33.0,True,0.5072085449197086,0.18727939101117794,0.006105666740412186,0.0027736439801185854,0.48668578830747544,0.18551628680288573,4,4
KOH,33.5,True,0.5097823706809514,0.18581887769814848,0.006091060765545109,0.0027541045659578646,0.48412656852211966,0.18407187417019033,4,4
KOH,34.0,True,0.5123373811043095,0.18435199983517775,0.006076982370047113,0.002734990060529074,0.48158563649583486,0.18262083013418404,4,4
KOH,34.5,True,0.5148731284127794,0.18287930240753592,0.006063428967230389,0.0027162991849956054,0.47906344259162487,0.1811636972817542,4,4
KOH,35.0,True,0.5173891738078501,0.18140132930142486,0.006050397994214474,0.002698030623004968,0.47656042817100647,0.17970101706537286,4,4
KOH,35.5,True,0.519885087727441,0.17991862288209415,0.0060378869141813896,0.002680183033942302,0.47407702533367596,0.17823332938608732,4,4
KOH,36.0,True,0.5223604500871754,0.17843172359005793,0.006025893216132783,0.0026627550403912873,0.4716136566728438,0.17676117217719092,4,4
KOH,36.5,True,0.5248148505117428,0.1769411695371375,0.006014414417089553,0.0026457452363543034,0.46917073504846446,0.1752850810141358,4,4
KOH,37.0,True,0.527247888545055,0.175447496127661,0.006003448061626948,0.002629152183564527,0.46674866337163146,0.1738055887221103,4,4
KOH,37.5,True,0.529659173848323,0.17395123568062973,0.0059929917203167815,0.0026129744073358258,0.4643478344111031,0.17232322500555355,4,4
KOH,38.0,True,0.5320483263809919,0.17245291706727484,0.005983042992676463,0.002597210399686083,0.4619686306077293,0.17083851608274808,4,4
KOH,38.5,True,0.5344149765657765,0.17095306536741373,0.005973599506905319,0.002581858621134213,0.45961142391024234,0.16935198433964777,4,4
KOH,39.0,True,0.5367587654376664,0.1694522015330521,0.005964658919412752,0.0025669174912865624,0.4572765756275937,0.1678641479942889,4,4
KOH,39.5,True,0.5390793447776487,0.1679508420679276,0.005956218917115008,0.0025523853990916685,0.4549644362915571,0.16637552077409368,4,4
KOH,40.0,True,0.541376377230781,0.16644949872147902,0.00594827721607516,0.0025382606976967355,0.4526753455411994,0.16488661161303753,4,4
KOH,40.5,True,0.5436495364087388,0.16494867819578926,0.005940831563099047,0.0025245417013284826,0.4504096320173973,0.16339792435137426,4,4
KOH,41.0,True,0.5458985069753137,0.1634488818738117,0.005933879736989486,0.0025112266923586687,0.44816761327746113,0.1619099574656812,4,4
KOH,41.5,True,0.5481229847180101,0.1619506055510431,0.005927419547673701,0.002498313914636557,0.4459495957269254,0.1604232038049007,4,4
KOH,42.0,True,0.550322676605982,0.1604543391921021,0.005921448836262305,0.002485801577733709,0.4437558745513694,0.1589381503358574,4,4
KOH,42.5,True,0.5524973008302312,0.1589605666983752,0.005915965478161395,0.0024736878556161778,0.44158673368679,0.15745527791994207,4,4
KOH,43.0,True,0.554646586830158,0.15746976569287818,0.005910967381672627,0.0024619708891720315,0.43944244578473635,0.1559750610889557,4,4
KOH,43.5,True,0.5567702753087075,0.15598240731380597,0.00590645248920189,0.0024506487817240966,0.4373232722004769,0.15449796784523584,4,4
KOH,44.0,True,0.5588681182282262,0.15449895603559555,0.0059024187771819,0.002439719604802269,0.4352294629943096,0.15302445947577575,4,4
KOH,44.5,True,0.5609398787999148,0.153019869488382,0.0058988642573950915,0.002429181396373727,0.43316125694434066,0.15155499037826273,4,4
KOH,45.0,True,0.5629853314526669,0.15154559830985004,0.005895786978072238,0.0024190321612977254,0.431118881572732,0.15009000790229585,4,4
KOH,45.5,True,0.5650042617943664,0.1500765859942139,0.005893185022806191,0.0024092698729566266,0.42910255318757107,0.14862995220990888,4,4
KOH,46.0,True,0.5669964665618041,0.14861326877107114,0.005891056512713835,0.0023998924747093576,0.42711247693173643,0.1471752561435965,4,4
KOH,46.5,True,0.5689617535510139,0.14715607548637166,0.005889399607145792,0.0023908978787175435,0.4251488468492589,0.14572634511438545,4,4
KOH,47.0,True,0.5708999415476625,0.14570542750274984,0.005888212502349818,0.002382283969231728,0.42321184595912104,0.14428363700014218,4,4
KOH,47.5,True,0.5728108602364941,0.14426173861266595,0.0058874934339894075,0.002374048602951096,0.4213016463406613,0.1428475420568563,4,4
KOH,48.0,True,0.5746943501065953,0.1428254149613164,0.005887240676807903,0.0023661896094351593,0.4194184092293028,0.1414184628446579,4,4
KOH,48.5,True,0.576550262343491,0.1413968549859336,0.005887452545535327,0.002358704794932424,0.4175622851259643,0.1399967941670956,4,4
KOH,49.0,True,0.5783784587132696,0.13997644936493633,0.005888127395138609,0.0023515919402105393,0.41573341390753127,0.13858292301860398,4,4
KOH,49.5,True,0.5801788114389141,0.13856458097410917,0.005889263622169474,0.0023448488052136484,0.41393192495637726,0.137177228548913,4,4
KOH,50.0,True,0.5819512030647226,0.13716162486146277,0.005890859665020308,0.002338473128548167,0.41215793728927164,0.1357800820304713,4,4
KOH,50.5,True,0.583695526317236,0.1357679482271553,0.005892914003086179,0.002332462630305659,0.41041155970024074,0.134391846844761,4,4
KOH,51.0,True,0.5854116839532019,0.13438391041283138,0.005895425159514918,0.0023268150127177395,0.4086928909092014,0.13301287847433188,4,4
KOH,51.5,True,0.5870995886089253,0.13300986290159458,0.0058983916997384575,0.0023215279636603255,0.40700201971536654,0.13164352450354036,4,4
KOH,52.0,True,0.5887591626318301,0.1316461493256625,0.005901812234159268,0.002316599155468972,0.4053390251598857,0.1302841246282853,4,4
KOH,52.5,True,0.5903903379186337,0.13029310547933667,0.005905685415580689,0.002312026249994475,0.40370397669268165,0.12893501067311391,4,4
KOH,53.0,True,0.5919930557382395,0.12895105934225443,0.005910009943162209,0.0023078068983678436,0.40209693434733496,0.12759650661974897,4,4
KOH,53.5,True,0.5935672665545055,0.12762033110786666,0.005914784561335262,0.0023039387432955763,0.4005179489148178,0.12626892863338676,4,4
KOH,54.0,True,0.5951129298428435,0.1263012332142958,0.005920008058542953,0.002300419421357203,0.398967062130523,0.12495258510538465,4,4
KOH,54.5,True,0.5966300139048503,0.12499407038387846,0.005925679270487455,0.002297246565312165,0.3974443068577166,0.12364777669221137,4,4
KOH,55.0,True,0.5981184956760573,0.12369913966397332,0.0059317970795141894,0.002294417805065327,0.39594970727924517,0.12235479636450214,4,4
KOH,55.5,True,0.5995783605335128,0.1224167304725311,0.0059383604148269264,0.002291930769834269,0.39448327908792047,0.12107392945580671,4,4
KOH,56.0,True,0.6010096020988842,0.12114712464567934,0.005945368252359418,0.0022897830920125223,0.3930450296869281,0.11980545371857139,4,4
KOH,56.5,True,0.6024122220402786,0.11989059648617317,0.00595281961669053,0.002287972406998213,0.3916349583828575,0.1185496393776879,4,4
KOH,57.0,True,0.6037862298705516,0.11864741281520393,0.005960713580166477,0.0022864963549977255,0.3902530565903367,0.11730674918958894,4,4
KOH,57.5,True,0.6051316427482731,0.11741783302088991,0.005969049263667564,0.0022853525852648024,0.3888993080307969,0.1160770385004959,4,4
KOH,58.0,True,0.606448485270878,0.11620210911007074,0.005977825836462475,0.002284538757006443,0.3875736889364448,0.11486075530471512,4,4
KOH,58.5,True,0.6077367892731549,0.11500048575663593,0.005987042518654229,0.0022840525404184786,0.38627616825399197,0.11365814030158475,4,4
KOH,59.0,True,0.6089965936217218,0.11381320035064513,0.005996698577467874,0.0022838916204158933,0.385006707847739,0.11246942695451212,4,4
KOH,59.5,True,0.6102279440110131,0.11264048304068552,0.006006793332406085,0.002284053697561377,0.38376526270513317,0.1112948415439026,4,4
KOH,60.0,True,0.6114308927594094,0.11148255677734893,0.006017326151252361,0.002284536490140765,0.3825517811397554,0.11013460322207609,4,4
KOH,60.5,True,0.6126054986036137,0.1103396373516035,0.006028296453071229,0.0022853377362031203,0.3813662049953976,0.10898892405907316,4,4
KOH,61.0,True,0.6137518264969543,0.1092119334288055,0.006039703707647927,0.0022864551954752846,0.3802084698490433,0.1078580090917834,4,4
KOH,61.5,True,0.6148699474072179,0.10809964657782853,0.0060515474355443515,0.002287886652051498,0.37907850521194747,0.10674205636374606,4,4
KOH,62.0,True,0.615959938116445,0.10700297129473528,0.00606382720864918,0.0022896299140967268,0.3779762347311104,0.10564125696204849,4,4
KOH,62.5,True,0.6170218810198586,0.10592209502186353,0.006076542650214518,0.0022916828181768875,0.37690157638748245,0.10455579504958197,4,4
KOH,63.0,True,0.6180558639303566,0.1048571981599295,0.006089693435061896,0.0022940432288850463,0.3758544426936735,0.10348584788921239,4,4
KOH,63.5,True,0.6190619798814179,0.10380845407183885,0.006103279290304783,0.0022967090428010345,0.3748347408885494,0.10243158586413512,4,4
KOH,64.0,True,0.6200403269349275,0.10277602908485593,0.006117299994490982,0.0022996781869497524,0.3738423731328415,0.10139317249253735,4,4
KOH,64.5,True,0.62099100798918,0.10176008247814347,0.006131755378814552,0.0023029486241040917,0.37287723669579376,0.10037076443062681,4,4
KOH,65.0,True,0.6219141305907407,0.10076076647111017,0.006146645326455744,0.002306518351182234,0.37193922414742975,0.09936451147393215,4,4
KOH,65.5,True,0.6228098067489214,0.09977822619723832,0.006161969774227255,0.0023103854028649,0.3710282235432748,0.09837455655015494,4,4
KOH,66.0,True,0.623678152751413,0.09881259967368806,0.006177728710305211,0.0023145478522119535,0.37014411860593,0.09740103570020664,4,4
KOH,66.5,True,0.6245192889852911,0.0978640177641634,0.006193922176520733,0.002319003811497521,0.3692867889065303,0.0964440780581976,4,4
KOH,67.0,True,0.6253333397600696,0.0969326041323112,0.006210550268288817,0.002323751434539635,0.36845611004206885,0.09550380582067769,4,4
KOH,67.5,True,0.6261204331312054,0.09601847518875337,0.006227613132583909,0.00232878891753944,0.36765195380769267,0.09458033420565175,4,4
KOH,68.0,True,0.6268807007330617,0.09512174002983734,0.006245110970973938,0.0023341145004345137,0.36687418836892083,0.09367377141085809,4,4
KOH,68.5,True,0.6276142776076056,0.09424250037227166,0.006263044038029575,0.0023397264674476937,0.36612267842886514,0.09278421855862241,4,4
KOH,69.0,True,0.6283213020426975,0.09338085047817579,0.006281412641633011,0.0023456231492841287,0.3653972853914708,0.09191176963712025,4,4
KOH,69.5,True,0.6290019154114278,0.09253687707556599,0.006300217143487968,0.0023518029220655906,0.36469786752219013,0.09105651143496364,4,4
KOH,70.0,True,0.6296562620132957,0.09171065927437261,0.006319457958318259,0.0023582642119413955,0.36402428010674437,0.09021852346866423,4,4
KOH,70.5,True,0.6302844889214885,0.09090226847566577,0.006339135555658015,0.0023650054912565726,0.36337637560247826,0.08939787790360794,4,4
KOH,71.0,True,0.6308867458336836,0.09011176827901023,0.006359250457922683,0.002372025283742745,0.3627540037888788,0.08859463947428305,4,4
KOH,71.5,True,0.631463184924276,0.0893392143841916,0.006379803242147208,0.002379322162537317,0.362157011915637,0.08780886539495847,4,4
KOH,72.0,True,0.6320139607017758,0.08858465449299072,0.006400794538348464,0.0023868947523719643,0.36158524484285887,0.08704060527049316,4,4
KOH,72.5,True,0.6325392298703671,0.08784812820819324,0.006422225031464668,0.0023947417285995302,0.36103854518228923,0.08628990100343857,4,4
KOH,73.0,True,0.6330391511935873,0.08712966693284604,0.006444095460342303,0.0024028618203490388,0.3605167534313711,0.08555678669752016,4,4
KOH,73.5,True,0.6335138853625841,0.08642929376931544,0.0064664066177153035,0.002411253808574335,0.3600197081063336,0.08484128856493088,4,4
KOH,74.0,True,0.6339635948685585,0.08574702342145736,0.00648915934991362,0.002419916527721541,0.3595472458689866,0.0841434248278092,4,4
KOH,74.5,True,0.6343884438768654,0.08508286209940351,0.006512354559104483,0.0024288488667089615,0.35909920165298065,0.08346320562693849,4,4
KOH,75.0,True,0.6347885981067419,0.08443680742885346,0.006535993200204593,0.0024380497669240476,0.35867540878303794,0.08280063292785095,4,4
KOH,75.5,True,0.6351642247138869,0.0838088483646854,0.006560076283107508,0.002447518226533886,0.35827569909417656,0.08215570043500292,4,4
KOH,76.0,True,0.6355154921764485,0.08319896511431142,0.00658460487175383,0.002457253296995969,0.3578999030439192,0.08152839350842829,4,4
KOH,76.5,True,0.6358425701842794,0.08260712906647363,0.0066095800846724395,0.0024672540855427403,0.35754784982407195,0.08091868908559664,4,4
KOH,77.0,True,0.6361456295324517,0.08203330273038492,0.0066350030950845795,0.0024775197542848014,0.3572193674667712,0.08032655561430813,4,4
KOH,77.5,True,0.6364248420174801,0.08147743968643975,0.006660875130203026,0.0024880495214352587,0.35691428294785943,0.07975195299016032,4,4
KOH,78.0,True,0.6366803803380048,0.08093948454844796,0.006687197471315354,0.0024988426601824654,0.35663242228729103,0.07919483250664515,4,4
KOH,78.5,True,0.6369124179964256,0.08041937293876827,0.0067139714557198915,0.002509898499548324,0.35637361064537465,0.07865513681556618,4,4
KOH,79.0,True,0.6371211292076697,0.07991703147779343,0.006741198473943222,0.0025212164243112703,0.3561376724167953,0.07813279990000362,4,4
KOH,79.5,True,0.6373066888076817,0.07943237779017367,0.006768879971350006,0.0025327958756289526,0.35592443132051454,0.07762774705924064,4,4
KOH,80.0,True,0.6374692721663189,0.07896532052503415,0.006797017448254006,0.002544636349681359,0.35573371048566726,0.07713989491133971,4,4
KOH,80.5,True,0.6376090551049735,0.07851575939671669,0.0068256124597237955,0.002556737398481501,0.3555653325366115,0.07666915140661666,4,4
KOH,81.0,True,0.6377262138137357,0.07808358523941547,0.0068546666154023494,0.0025690986297704685,0.3554191196730866,0.07621541586253297,4,4
KOH,81.5,True,0.6378209247765582,0.07766868008539293,0.006884181579250304,0.0025817197068518255,0.35529489374731826,0.07577857901215687,4,4
KOH,82.0,True,0.6378933646935675,0.07727091725829478,0.006914159070808834,0.0025946003483940058,0.35519247633970796,0.07535852307136177,4,4
KOH,82.5,True,0.6379437104114538,0.07689016148854753,0.0069446008636731005,0.0026077403281842106,0.3551116888296513,0.07495512182462853,4,4
KOH,83.0,True,0.6379721388541371,0.07652626904795981,0.006975508786796758,0.002621139475535892,0.35505235246478806,0.07456824073091638,4,4
KOH,83.5,True,0.6379788269562092,0.0761790879032647,0.0070068847244225685,0.0026347976739425362,0.3550142884261309,0.07419773704510574,4,4
KOH,84.0,True,0.6379639515992214,0.07584845789120291,0.007038730614777888,0.0026487148622554293,0.35499731789338795,0.07384345996228871,4,4
KOH,84.5,True,0.637927689552592,0.07553421091355926,0.00707104845207307,0.002662891033308675,0.3550012621035964,0.07350525078040661,4,4
KOH,85.0,True,0.637870217413683,0.07523617114838373,0.007103840285155316,0.0026773262340549814,0.35502594241001995,0.07318294307914741,4,4
KOH,85.5,True,0.6377917115533704,0.07495415528357663,0.007137108218299715,0.0026920205651818027,0.3550711803380485,0.0728763629222903,4,4
KOH,86.0,True,0.6376923480627961,0.07468797276653545,0.007170854410390448,0.002706974182208634,0.3551367976369346,0.07258532907457783,4,4
KOH,86.5,True,0.6375723027026853,0.07443742607168019,0.0072050810766416395,0.002722187292044792,0.35522261633176566,0.07230965323703364,4,4
KOH,87.0,True,0.6374317508542338,0.07420231098406391,0.007239790486737729,0.0027376601561911805,0.35532845877075947,0.07204914030109885,4,4
KOH,87.5,True,0.6372708674744904,0.07398241689898051,0.007274984966290643,0.0027533930886270218,0.35545414767151895,0.07180358861649083,4,4
KOH,88.0,True,0.6370898270516845,0.0737775271337961,0.0073106668963679455,0.002769386454648426,0.3555995061649969,0.071572790275496,4,4
KOH,88.5,True,0.6368888035637454,0.07358741925457858,0.007346838713215287,0.0027856406727996556,0.3557643578369074,0.07135653141107683,4,4
KOH,89.0,True,0.6366679704389727,0.07341186541301947,0.007383502909394379,0.002802156212614309,0.355948526765848,0.071154592506505,4,4
KOH,89.5,True,0.6364275005184411,0.07325063269322558,0.007420662033200132,0.0028189335954521134,0.3561518375632261,0.0709667487189981,4,4
KOH,90.0,True,0.6361675660206678,0.0731034834679652,0.007458318688202681,0.0028359733934426087,0.35637411540660746,0.07079277021075046,4,4
KOH,90.5,True,0.6358883385074593,0.0729701757595475,0.007496475534607416,0.0028532762297434496,0.35661518607378595,0.07063242249048832,4,4
KOH,91.0,True,0.635589988853616,0.07285046360894139,0.00753513528856109,0.0028708427770979855,0.356874875974425,0.07048546676069994,4,4
KOH,91.5,True,0.6352726872152076,0.07274409744588294,0.0075743007220963054,0.0028886737590832793,0.35715301217970064,0.07035166027307764,4,4
KOH,92.0,True,0.6349366030029974,0.07265082446414534,0.007613974663936429,0.0029067699483838996,0.35744942245061195,0.07023075668359424,4,4
KOH,92.5,True,0.6345819048549778,0.07257038899238168,0.007654159999301302,0.0029251321670414497,0.357763935263572,0.07012250641622757,4,4
KOH,93.0,True,0.6342087606127089,0.07250253287164048,0.007694859669671317,0.0029437612859974354,0.3580963798361231,0.07002665702205316,4,4
KOH,93.5,True,0.6338173372964218,0.07244699582141471,0.007736076673467429,0.0029626582248433128,0.35844658614903047,0.06994295354111905,4,4
KOH,94.0,True,0.6334078010852839,0.07240351580989242,0.007777814065773603,0.0029818239513753494,0.3588143849681258,0.06987113886269763,4,4
KOH,94.5,True,0.6329803172961668,0.07237182941346056,0.00782007495883641,0.0030012594814262782,0.35919960786479077,0.06981095408061089,4,4
KOH,95.0,True,0.6325350503645216,0.07235167217293628,0.00786286252192625,0.003020965877581601,0.35960208723360976,0.06976213884428198,4,4
KOH,95.5,True,0.632072163828018,0.07234277894047496,0.007906179981920225,0.00304094425071809,0.3600216563104386,0.06972443170504583,4,4
KOH,96.0,True,0.6315918203099874,0.07234488421683766,0.007950030622594362,0.0030611957577972187,0.36045814918787833,0.06969757045527614,4,4
KOH,96.5,True,0.6310941815052123,0.07235772248302752,0.007994417785983643,0.0030817216022275685,0.3609114008297498,0.06968129245786922,4,4
KOH,97.0,True,0.6305794081651883,0.07238102851470664,0.00803934487109137,0.003102523034205351,0.3613812470848604,0.06967533496744345,4,4
KOH,97.5,True,0.6300476600872434,0.07241453769057915,0.00808481533602634,0.003123601349143927,0.3618675246980646,0.06967943544298083,4,4
KOH,98.0,True,0.6294990961028257,0.07245798628701985,0.008130832695671386,0.0031449578887196537,0.36237007132290666,0.06969333184677393,4,4
KOH,98.5,True,0.6289338740676498,0.07251111175667609,0.008177400524375655,0.00316659403908418,0.3628887255298502,0.06971676293267128,4,4
KOH,99.0,True,0.6283521508516771,0.07257365299925632,0.008224522454594596,0.0031885112317714733,0.36342332681560396,0.06974946852460694,4,4
KOH,99.5,True,0.6277540823334399,0.07264535061314438,0.00827220217747282,0.003210710942471035,0.36397371561125436,0.06979118977796982,4,4
KOH,100.0,True,0.62713982339066,0.07272594713708441,0.008320443443218806,0.00323319469186283,0.3645397332884409,0.06984166943137801,4,4
KOH,100.5,True,0.6265095278959881,0.07281518727481885,0.008369250060827338,0.0032559640443615987,0.3651212221656708,0.0699006520426044,4,4
KOH,101.0,True,0.6258633487108561,0.07291281810652282,0.008418625899189736,0.003279020608199729,0.3657180255126763,0.06996788421163243,4,4
KOH,101.5,True,0.6252014376819381,0.07301858928579798,0.008468574886344449,0.0033023660345181806,0.3663299875542453,0.07004311479184039,4,4
KOH,102.0,True,0.6245239456375146,0.07313225322158616,0.008519101010531771,0.0033260020190352376,0.36695695347455093,0.07012609508187576,4,4
KOH,102.5,True,0.6238310223848353,0.0732535652468461,0.00857020831981914,0.0033499302990858335,0.3675987694179428,0.07021657900926305,4,4
KOH,103.0,True,0.6231228167085656,0.07338228377142329,0.008621900922406445,0.003374152655288793,0.36825528249154194,0.07031432329649569,4,4
KOH,103.5,True,0.6223994763694674,0.07351817042368315,0.008674182987361556,0.0033986709113207345,0.3689263407657406,0.07041908761485277,4,4
KOH,104.0,True,0.6216611481038858,0.07366099017487919,0.008727058744328886,0.0034234869317952754,0.369611793274327,0.07053063472433568,4,4
KOH,104.5,True,0.6209079776247906,0.07381051145460275,0.008780532483876335,0.003448602624441365,0.3703114900138471,0.07064873060008424,4,4
KOH,105.0,True,0.6201401096218029,0.07396650624872568,0.008834608558189183,0.0034740199386956495,0.37102528194232764,0.07077314454588168,4,4
KOH,105.5,True,0.6193576877633888,0.07412875018936643,0.00888929138079253,0.0034997408651907887,0.37175302097805507,0.0709036492958371,4,4
KOH,106.0,True,0.6185608546985522,0.0742970226296685,0.008944585427356211,0.0035257674359420376,0.3724945599960783,0.07104002110282055,4,4
KOH,106.5,True,0.6177497520603037,0.07447110670829259,0.00900049523522295,0.0035521017245135587,0.373249752826349,0.07118203981502493,4,4
KOH,107.0,True,0.6169245204680207,0.07465078940260372,0.009057025404546337,0.0035787458452920568,0.37401845424914204,0.07132948894275379,4,4
KOH,107.5,True,0.6160852995318322,0.0748358615732143,0.0091141805981243,0.003605701953447324,0.3748005199917248,0.07148215571257441,4,4
KOH,108.0,True,0.6152322278560329,0.07502611799384606,0.009171965541260318,0.0036329722453556767,0.3755958067238885,0.07163983111125995,4,4
KOH,108.5,True,0.6143654430450507,0.07522135737789516,0.009230385023428767,0.003660558956564193,0.3764041720523692,0.07180230992244602,4,4
KOH,109.0,True,0.6134850817074433,0.07542138239069478,0.00928944389699815,0.0036884643647318092,0.37722547451607413,0.07196939074935184,4,4
KOH,109.5,True,0.612591279461866,0.07562599965759968,0.00934914707875767,0.003716690786274672,0.3780595735796699,0.07214087603312778,4,4
KOH,110.0,True,0.6116841709428444,0.07583501976068985,0.009409499549334344,0.0037452405778382217,0.3789063296276707,0.0723165720595329,4,4
KOH,110.5,True,0.6107638898071865,0.07604825723089913,0.00947050635438651,0.003774116136865849,0.3797656039578323,0.07249628896194069,4,4
KOH,111.0,True,0.6098305687407546,0.07626553053199643,0.009532172604048705,0.0038033198995809144,0.3806372587743523,0.07267984071088307,4,4
KOH,111.5,True,0.6088843394645993,0.07648666203790508,0.009594503474014138,0.0038328543427282808,0.381521157179987,0.07286704510299166,4,4
KOH,112.0,True,0.6079253327437584,0.07671147800631962,0.009657504205173861,0.003862721981691388,0.3824171631690576,0.07305772373992171,4,4
KOH,112.5,True,0.6069536783930018,0.0769398085434594,0.009721180105309868,0.003892925371720599,0.3833251416195671,0.07325170200270716,4,4
KOH,113.0,True,0.6059695052859915,0.07717148756775731,0.009785536547096685,0.00392346710776022,0.38424495828429106,0.07344880902108114,4,4
KOH,113.5,True,0.6049729413627469,0.07740635276615515,0.009850578970821422,0.003954349823115071,0.3851764797829782,0.07364887763698089,4,4
KOH,114.0,True,0.6039641136379448,0.07764424554820892,0.009916312883800904,0.003985576191180755,0.386119573594107,0.07385174436397973,4,4
KOH,114.5,True,0.6029431482102721,0.07788501099543615,0.009982743860187382,0.004017148923473636,0.3870741080448936,0.07405724934252805,4,4
KOH,115.0,True,0.6019101702696983,0.07812849780851754,0.010049877542411823,0.004049070771354835,0.3880399523025768,0.07426523629304396,4,4
KOH,115.5,True,0.6008653041072731,0.07837455824981686,0.010117719640767575,0.004081344524556518,0.38901697636625765,0.07447555246338115,4,4
KOH,116.0,True,0.5998086731244245,0.07862304808664626,0.010186275934187528,0.004113973011742679,0.3900050510547981,0.07468804857500426,4,4
KOH,116.5,True,0.5987403998418961,0.07887382652801207,0.010255552270299617,0.004146959100352375,0.3910040480004928,0.07490257876474156,4,4
KOH,117.0,True,0.5976606059089062,0.07912675616350759,0.010325554566509298,0.004180305697032493,0.3920138396364681,0.07511900052842675,4,4
KOH,117.5,True,0.596569412113418,0.07938170289782377,0.01039628880958321,0.004214015746108111,0.39303429918838284,0.07533717465707836,4,4
KOH,118.0,True,0.5954669383907429,0.07963853588584652,0.010467761056259794,0.004248092231535271,0.39406530066340983,0.0755569651761188,4,4
KOH,118.5,True,0.5943533038343385,0.07989712746499422,0.010539977434470549,0.00428253817542996,0.39510671884090964,0.07577823928101488,4,4
KOH,119.0,True,0.5932286267053,0.0801573530889727,0.010612944142424086,0.004317356638486262,0.3961584292611897,0.07600086727070648,4,4
KOH,119.5,True,0.5920930244420197,0.08041909125800312,0.010686667449799625,0.004352550720013929,0.3972203082160397,0.07622472248437812,4,4
KOH,120.0,True,0.5909466136707342,0.0806822234513032,0.010761153698385373,0.0043881235577604046,0.3982922327377958,0.07644968123220988,4,4
KOH,120.5,True,0.5897895102153217,0.08094663405789589,0.010836409302383831,0.004424078327956533,0.39937408058846047,0.07667562273049737,4,4
KOH,121.0,True,0.5886218291073775,0.08121221030835415,0.0109124407476624,0.004460418245718284,0.40046573025009913,0.07690242903271219,4,4
KOH,121.5,True,0.5874436845966502,0.08147884220493415,0.010989254594251374,0.004497146564199199,0.4015670609132105,0.07712998496297696,4,4
KOH,122.0,True,0.5862551901613389,0.08174642245473096,0.011066857475428016,0.00453426657501805,0.40267795246648475,0.07735817804886365,4,4
KOH,122.5,True,0.5850564585181406,0.08201484640124067,0.01114525609802186,0.004571781608483781,0.40379828548592345,0.07758689845446323,4,4
KOH,123.0,True,0.58384760163252,0.08228401195585565,0.011224457243746988,0.004609695033584888,0.4049279412246809,0.07781603891290931,4,4
KOH,123.5,True,0.5826287307293398,0.08255381953235083,0.01130446776964611,0.004648010257220383,0.40606680160110153,0.07804549466131168,4,4
KOH,124.0,True,0.5813999563025751,0.08282417198094524,0.011385294607174634,0.004686730725538462,0.40721474918908873,0.0782751633744291,4,4
KOH,124.5,True,0.5801613881264711,0.08309497452202502,0.011466944764060294,0.004725859922478124,0.4083716672071136,0.07850494510025992,4,4
KOH,125.0,True,0.5789131352649524,0.08336613468255524,0.011549425324747231,0.004765401370781519,0.4095374395067797,0.07873474219629602,4,4
KOH,125.5,True,0.5776553060823919,0.08363756223317573,0.011632743450090688,0.004805358632298364,0.41071195056263665,0.07896445926519356,4,4
KOH,126.0,True,0.5763880082540196,0.08390916912543271,0.011716906378245184,0.004845735306600647,0.411895085461772,0.07919400309371383,4,4
KOH,126.5,True,0.5751113487757198,0.08418086943047969,0.011801921425080852,0.0048865350323866324,0.41308672989209816,0.07942328259175867,4,4
KOH,127.0,True,0.5738254339738846,0.08445257927998347,0.01188779598490508,0.004927761487167608,0.41428677013255477,0.07965220873026,4,4
KOH,127.5,True,0.5725303695169048,0.0847242168059694,0.011974537530795581,0.004969418386348908,0.4154950930424506,0.0798806944851125,4,4
KOH,128.0,True,0.5712262604234963,0.0849957020852408,0.012062153614877946,0.005011509485124709,0.41671158605038894,0.08010865477643679,4,4
KOH,128.5,True,0.5699132110744132,0.08526695708059631,0.012150651869158313,0.00505403857669539,0.4179361371437762,0.08033600641383573,4,4
KOH,129.0,True,0.5685913252208297,0.08553790558813297,0.012240040006022967,0.005097009493140039,0.4191686348588852,0.08056266804049335,4,4
KOH,129.5,True,0.5672607059958035,0.08580847318186834,0.01233032581837712,0.005140426105747951,0.42040896827039154,0.08078856007807977,4,4
KOH,130.0,True,0.5659214559224357,0.08607858716206387,0.012421517180699615,0.005184292324731026,0.4216570269798825,0.08101360467531744,4,4
KOH,130.5,True,0.5645736769253618,0.08634817650429459,0.012513622049070694,0.0052286120987488655,0.42291270110708656,0.08123772565523174,4,4
KOH,131.0,True,0.563217470339078,0.08661717180891705,0.012606648461838121,0.00527338941576008,0.42417588127907635,0.08146084846436308,4,4
KOH,131.5,True,0.5618529369178782,0.08688550525269062,0.012700604540755167,0.005318628303110275,0.4254464586199713,0.08168290012533445,4,4
KOH,132.0,True,0.5604801768459011,0.0871531105425861,0.012795498490064672,0.005364332826688233,0.42672432474077926,0.08190380918755558,4,4
KOH,132.5,True,0.5590992897464009,0.08741992286866858,0.012891338598719493,0.00541050709172042,0.4280093717301259,0.08212350568145249,4,4
KOH,133.0,True,0.5577103746898238,0.08768587886071207,0.012988133239938415,0.005457155242994515,0.42930149214381874,0.08234192107268323,4,4
KOH,133.5,True,0.556313530204966,0.08795091654328464,0.013085890872011063,0.005504281464262787,0.43060057899510507,0.082558988218735,4,4
KOH,134.0,True,0.5549088542867175,0.08821497529609504,0.013184620037964834,0.005551889978639148,0.4319065257455401,0.0827746413262976,4,4
KOH,134.5,True,0.5534964444057211,0.08847799581088889,0.013284329368201675,0.005599985048878274,0.43321922629452336,0.08298881590905985,4,4
KOH,135.0,True,0.552076397516893,0.08873992005375135,0.013385027579054798,0.005648570976874767,0.4345385749707775,0.08320144874829558,4,4
KOH,135.5,True,0.5506488100684992,0.08900069122644545,0.01348672347425972,0.0056976521044505,0.4358644665222178,0.08341247785437024,4,4
KOH,136.0,True,0.549213778010399,0.08926025372856498,0.013589425945231826,0.005747232813053154,0.43719679610756956,0.08362184242749911,4,4
KOH,136.5,True,0.5477713968033704,0.08951855312293769,0.013693143971593713,0.005797317523035795,0.4385354592865154,0.0838294828228329,4,4
KOH,137.0,True,0.5463217614271043,0.08977553610102876,0.013797886622118893,0.005847910695545486,0.4398803520103134,0.08403534051429216,4,4
KOH,137.5,True,0.5448649663878646,0.09003115044811658,0.013903663055009341,0.005899016830883939,0.4412313706144422,0.08423935806089419,4,4
KOH,138.0,True,0.543401105728536,0.09028534501246764,0.014010482518450607,0.005950640469699155,0.4425884118086365,0.08444147907331702,4,4
KOH,138.5,True,0.5419302730343967,0.09053806967350159,0.014118354351388973,0.006002786191987589,0.443951372667839,0.08464164818203812,4,4
KOH,139.0,True,0.5404525614427502,0.09078927531125876,0.014227287983614723,0.006055458617979683,0.4453201506250948,0.08483981100731604,4,4
KOH,139.5,True,0.5389680636502248,0.09103891377907901,0.014337292937038892,0.006108662408431454,0.4466946434624197,0.08503591412882086,4,4
KOH,140.0,True,0.5374768719202949,0.09128693787386238,0.01444837882566552,0.006162402263894328,0.44807474930164126,0.08522990505639394,4,4
KOH,140.5,True,0.5359790780909424,0.09153330130960009,0.014560555356646354,0.006216682925001868,0.4494603665978758,0.08542173220451987,4,4
KOH,141.0,True,0.5344747735821498,0.09177795869196509,0.014673832330669434,0.006271509172871226,0.4508513941305081,0.08561134486338956,4,4
KOH,141.5,True,0.5329640494033672,0.09202086549281958,0.014788219642208889,0.006326885828940962,0.4522477309955031,0.08579869317494433,4,4
KOH,142.0,True,0.5314469961601176,0.09226197802659923,0.014903727281162515,0.006382817755373413,0.45364927659780063,0.0859837281073019,4,4
KOH,142.5,True,0.529923704061408,0.09250125342722636,0.01502036533179707,0.006439309854123187,0.45505593064346095,0.08616640143198448,4,4
KOH,143.0,True,0.5283942629267513,0.09273864962500689,0.01513814397521851,0.006496367068223252,0.4564675931323925,0.08634666570017639,4,4
KOH,143.5,True,0.5268587621927168,0.0929741253269965,0.015257073488428308,0.006553994381276457,0.45788416435113555,0.08652447422149459,4,4
KOH,144.0,True,0.5253172909190917,0.09320763999566337,0.015377164245711228,0.0066121968176762295,0.4593055448648409,0.0866997810432762,4,4
KOH,144.5,True,0.5237699377964311,0.09343915382862455,0.015498426719356972,0.006670979442392472,0.46073163551194063,0.08687254092910629,4,4
KOH,145.0,True,0.5222167911508313,0.09366862774150497,0.015620871479465892,0.006730347360756398,0.4621623373951278,0.08704270934119676,4,4
KOH,145.5,True,0.5206579389515908,0.09389602334865985,0.015744509195503298,0.006790305720129103,0.4635975518758051,0.08721024242138728,4,4
KOH,146.0,True,0.5190934688167059,0.09412130294630124,0.015869350636105173,0.0068508597076529934,0.4650371805674791,0.08737509697237916,4,4
KOH,146.5,True,0.5175234680182272,0.09434442949644439,0.01599540667066024,0.006912014552103633,0.46648112532926556,0.08753723044199935,4,4
KOH,147.0,True,0.5159480234884217,0.09456536661082374,0.016122688268838115,0.006973775522801375,0.46792928825828417,0.08769660090708417,4,4
KOH,147.5,True,0.5143672218257678,0.09478407853541175,0.016251206501893822,0.007036147931291042,0.4693815716852734,0.08785316705667717,4,4
KOH,148.0,True,0.5127811492998957,0.0950005301375344,0.01638097254319515,0.007099137128748471,0.4708378781676237,0.08800688817842457,4,4
KOH,148.5,True,0.5111898918569724,0.09521468689056807,0.01651199766830591,0.007162748508424957,0.4722981104827717,0.08815772414445064,4,4
KOH,149.0,True,0.5095935351249192,0.0954265148615923,0.016644293256679044,0.007226987504861483,0.47376217162406475,0.08830563539689953,4,4
KOH,149.5,True,0.5079921644179086,0.0956359806994746,0.01677787079129578,0.007291859593620002,0.47522996479357205,0.08845058293650579,4,4
KOH,150.0,True,0.5063858647430808,0.09584305162219417,0.016912741859692604,0.007357370291634228,0.4767013933974773,0.08859252830957531,4,4
KOH,150.5,True,0.5047747208026532,0.09604769540612156,0.017048918154599635,0.007423525157697258,0.47817636104044436,0.08873143359605411,4,4
KOH,151.0,True,0.5031588170002488,0.09624988037477199,0.017186411474467977,0.007490329791450999,0.47965477152020486,0.08886726139963956,4,4
KOH,151.5,True,0.5015382374453647,0.09644957539026452,0.017325233723886058,0.007557789833776405,0.48113652882303404,0.08899997483608031,4,4
KOH,152.0,True,0.4999130659564255,0.0966467498416679,0.017465396915078424,0.007625910968215893,0.48262153711803313,0.08912953752438986,4,4
KOH,152.5,True,0.4982833860660285,0.09684137363703411,0.017606913167156346,0.0076946989188756915,0.48410970075343784,0.0892559135762956,4,4
KOH,153.0,True,0.4966492810249412,0.09703341719542123,0.017749794708449285,0.007764159451282447,0.48560092425070644,0.08937906758896959,4,4
KOH,153.5,True,0.495010833805265,0.09722285143689928,0.017894053875144866,0.007834298373301758,0.48709511230088376,0.08949896463474173,4,4
KOH,154.0,True,0.49336812710434885,0.09740964777725422,0.018039703113842398,0.00790512153403538,0.4885921697601048,0.08961557025501846,4,4
KOH,154.5,True,0.49172124334931344,0.09759377811884364,0.018186754980636932,0.007976634824296835,0.49009200164554234,0.08972885045119945,4,4
KOH,155.0,True,0.49007026469913284,0.0977752148451978,0.018335222143006646,0.008048844176399287,0.49159451313041114,0.08983877167873401,4,4
KOH,155.5,True,0.4884152730489366,0.09795393081404509,0.018485117379757332,0.008121755564243502,0.4930996095411644,0.08994530084091844,4,4
KOH,156.0,True,0.48675635003250783,0.09812989935119236,0.018636453580911372,0.008195375004234569,0.494607196353275,0.0900484052814491,4,4
KOH,156.5,True,0.485093577025808,0.09830309424500785,0.018789243750566564,0.00826970855276645,0.49611717918743303,0.09014805277928975,4,4
KOH,157.0,True,0.4834270351495862,0.09847348974206928,0.018943501005119767,0.008344762309877254,0.49762946380604856,0.09024421154376701,4,4
KOH,157.5,True,0.4817568052720156,0.09864106054190153,0.019099238575598365,0.008420542416072032,0.4991439561102262,0.09033685020868129,4,4
KOH,158.0,True,0.48008296801183015,0.09880578179132593,0.019256469807049648,0.008497055053399571,0.500660562135935,0.09042593782907772,4,4
KOH,158.5,True,0.4784056037402118,0.09896762908240299,0.019415208159873076,0.008574306446739377,0.5021791880514548,0.09051144387499409,4,4
KOH,159.0,True,0.4767247925835105,0.09912657844666929,0.019575467211013775,0.008652302861431626,0.5036997401541843,0.09059333822885166,4,4
KOH,159.5,True,0.47504061442496526,0.09928260635293328,0.019737260652935573,0.008731050605094331,0.5052221248673938,0.09067159118198771,4,4
KOH,160.0,True,0.47335314890761815,0.09943568970338479,0.01990060229559165,0.00881055602653047,0.5067462487389762,0.09074617343003273,4,4
KOH,160.5,True,0.4716624754354526,0.09958580583051153,0.020065506067118433,0.008890825516397794,0.5082720184366452,0.09081705607114626,4,4
KOH,161.0,True,0.46996867317561364,0.09973293249563622,0.020231986013169445,0.008971865507053067,0.5097993407471857,0.09088421060286507,4,4
KOH,161.5,True,0.46827182105971255,0.09987704788420078,0.020400056299191283,0.009053682472040393,0.5113281225737343,0.09094760891926774,4,4
KOH,162.0,True,0.46657199778618597,0.10001813060582739,0.020569731209701958,0.009136282926755298,0.512858270933475,0.0910072233087553,4,4
KOH,162.5,True,0.46486928182093434,0.10015615969186249,0.020741025149900727,0.009219673427404764,0.5143896929555025,0.09106302645315348,4,4
KOH,163.0,True,0.4631637513985154,0.10029111459168838,0.020913952645418288,0.009303860571831411,0.5159222958789067,0.09111499142419127,4,4
KOH,163.5,True,0.46145548452450336,0.10042297517435815,0.02108852834351027,0.0093888509999869,0.5174559870514128,0.09116309168360869,4,4
KOH,164.0,True,0.45974455897490607,0.10055172172500672,0.021264767013945418,0.009474651391828402,0.5189906739274941,0.09120730108067002,4,4
KOH,164.5,True,0.458031052298552,0.10067733494439011,0.02144268354839496,0.009561268468876625,0.5205262640659292,0.09124759385203052,4,4
KOH,165.0,True,0.4563150418167017,0.10079979594869484,0.02162229296256979,0.009648708994400072,0.5220626651301352,0.09128394461995103,4,4
KOH,165.5,True,0.4545966046251293,0.10091908626691004,0.021803610395915163,0.009736979772052408,0.5235997848851148,0.09131632839282454,4,4
KOH,166.0,True,0.4528758175930403,0.1010351878425354,0.021986651112082534,0.009826087646353015,0.5251375311974837,0.09134472056297485,4,4
KOH,166.5,True,0.4511527573648477,0.10114808303169182,0.022171430500456113,0.009916039503201553,0.5266758120339721,0.09136909690777652,4,4
KOH,167.0,True,0.4494275003600334,0.1012577546030983,0.022357964075792047,0.010006842268563082,0.528214535459981,0.09138943358898324,4,4
KOH,167.5,True,0.44770012277317583,0.10136418573803019,0.022546267478940063,0.010098502909799953,0.5297536096400546,0.09140570715259652,4,4
KOH,168.0,True,0.44597070057456056,0.10146736003077403,0.0227363564785088,0.010191028433925801,0.5312929428355762,0.09141789452865383,4,4
KOH,168.5,True,0.4442393095099306,0.10156726148785002,0.022928246969866617,0.01028442588934137,0.5328324434054621,0.09142597303227644,4,4
KOH,169.0,True,0.4425060250999313,0.10166387452881462,0.02312195497694569,0.010378702363766576,0.5343720198048019,0.09142992036370395,4,4
KOH,169.5,True,0.44077092264108164,0.10175718398675591,0.023317496651964476,0.010473864985660305,0.5359115805849413,0.09142971460858389,4,4
KOH,170.0,True,0.43903407720416454,0.10184717510800437,0.023514888277287316,0.010569920923199623,0.5374510343929828,0.09142533423906603,4,4
KOH,170.5,True,0.4372955636348097,0.10193383355343114,0.02371414626406443,0.010666877384727698,0.5389902899720911,0.09141675811386277,4,4
KOH,171.0,True,0.4355554565521058,0.10201714539891907,0.023915287154480103,0.010764741617647764,0.540529256160438,0.0914039654798294,4,4
KOH,171.5,True,0.4338138303491279,0.10209709713613317,0.0241183276220025,0.010863520909580551,0.5420678418924241,0.0913869359723965,4,4
KOH,172.0,True,0.43207075919113325,0.10217367567268403,0.024323284470939566,0.010963222587253626,0.543605956197929,0.09136564961693219,4,4
KOH,172.5,True,0.430326317015034,0.10224686833330315,0.02453017463838192,0.011063854016668317,0.5451435082029499,0.09134008682972114,4,4
KOH,173.0,True,0.428580577528731,0.10231666286122235,0.02473901519389754,0.011165422601858538,0.546680407129907,0.09131022841892757,4,4
KOH,173.5,True,0.4268336142107254,0.10238304741863208,0.024949823340170152,0.01126793578744131,0.5482165622981428,0.09127605558643133,4,4
KOH,174.0,True,0.4250855003071763,0.10244601058792789,0.025162616413526573,0.011371401055201541,0.5497518831243109,0.09123754992831606,4,4
KOH,174.5,True,0.4233363088328723,0.10250554137243424,0.025377411885324497,0.011475825925475339,0.5512862791232365,0.09119469343722475,4,4
KOH,175.0,True,0.4215861125683451,0.10256162919785837,0.025594227361119826,0.011581217957343501,0.5528196599082214,0.09114746850267436,4,4
KOH,175.5,True,0.41983498405984143,0.10261426391330117,0.02581308058172138,0.01168758474720006,0.5543519351922932,0.091095857914172,4,4
KOH,176.0,True,0.4180829956161314,0.10266343579198772,0.02603398942474522,0.011794933929305083,0.5558830147890936,0.09103984486049993,4,4
KOH,176.5,True,0.4163302193093965,0.10270913553364767,0.02625697190319909,0.01190327317546885,0.5574128086135444,0.09097941293357159,4,4
KOH,177.0,True,0.41457672697123304,0.10275135426380651,0.02648204616756411,0.012012610194210448,0.5589412266835958,0.09091454612807738,4,4
KOH,177.5,True,0.4128225901927629,0.10279008353665268,0.026709230505794768,0.012122952731454539,0.560468179120005,0.09084522884494421,4,4
KOH,178.0,True,0.41106788032180264,0.10282531533552988,0.026938543343346666,0.012234308569445412,0.5619935761494999,0.09077144589147676,4,4
KOH,178.5,True,0.4093126684616144,0.10285704207398111,0.027170003244342267,0.012346685526849224,0.5635173281048345,0.09069318248357697,4,4
KOH,179.0,True,0.407557025468519,0.10288525659684368,0.027403628911959466,0.012460091458063796,0.5650393454263436,0.09061042424789278,4,4
KOH,179.5,True,0.4058010219507302,0.10290995218233144,0.027639439188403836,0.012574534253334579,0.5665595386636635,0.09052315722279798,4,4
KOH,180.0,True,0.40404472826538473,0.10293112254195283,0.027877453055935586,0.01269002183874337,0.5680778184775082,0.09043136786016065,4,4
KOH,180.5,True,0.4022882145170992,0.10294876182290749,0.02811768963686956,0.012806562174124566,0.569594095640974,0.09033504302800646,4,4
KOH,181.0,True,0.4005315505556106,0.10296286460784614,0.028360168194352386,0.012924163255411989,0.5711082810412049,0.09023417001087884,4,4
KOH,181.5,True,0.3987748059729457,0.10297342591716803,0.028604908132667806,0.013042833112030501,0.5726202856815299,0.09012873651253114,4,4
KOH,182.0,True,0.3970180501025322,0.1029804412091484,0.02885192899756972,0.013162579807550978,0.5741300206830169,0.0900187306567951,4,4
KOH,182.5,True,0.39526135201567447,0.10298390638172997,0.029101250476976093,0.013283411439229216,0.5756373972864715,0.08990414099064907,4,4
KOH,183.0,True,0.39350478051911053,0.10298381777317839,0.029352892401107722,0.013405336137269214,0.5771423268548792,0.08978495648390362,4,4
KOH,183.5,True,0.3917484041534858,0.1029801721628361,0.029606874743043354,0.013528362064778178,0.5786447208746548,0.08966116653305449,4,4
KOH,184.0,True,0.3899922911899667,0.1029729667719985,0.029863217618664173,0.013652497417065118,0.580144490958473,0.08953276096070463,4,4
KOH,184.5,True,0.3882365096278262,0.10296219926530702,0.030121941288124843,0.013777750421585347,0.581641548847156,0.08939973001922831,4,4
KOH,185.0,True,0.3864811271920843,0.10294786775124706,0.030383066154993088,0.013904129337169363,0.5831358064118386,0.08926206439092176,4,4
KOH,185.5,True,0.3847262113309269,0.10292997078209494,0.03064661276733216,0.014031642453323123,0.5846271756566046,0.08911975519033477,4,4
KOH,186.0,True,0.3829718292124029,0.10290850735650221,0.030912601817645324,0.014160298090886727,0.5861155687207076,0.0889727939652705,4,4
KOH,186.5,True,0.38121804772253687,0.10288347691812266,0.031181054143514242,0.014290104599646348,0.5876008978806802,0.08882117269903186,4,4
KOH,187.0,True,0.3794649334617206,0.10285487935744952,0.03145199072782101,0.014421070359846737,0.5890830755532206,0.0886648838110166,4,4
KOH,187.5,True,0.3777125527419378,0.1028227150110829,0.031725432698831435,0.014553203780198757,0.5905620142976353,0.08850392015879678,4,4
KOH,188.0,True,0.37596097158484887,0.10278698466413395,0.03200140133111096,0.01468651329870503,0.5920376268185312,0.08833827503915323,4,4
KOH,188.5,True,0.37421025571723887,0.1027476895481372,0.03227991804505281,0.01482100738002542,0.5935098259680083,0.08816794218978698,4,4
KOH,189.0,True,0.37246047057007403,0.10270483134367406,0.032561004407516414,0.014956694517480917,0.5949785247486572,0.08799291579008917,4,4
KOH,189.5,True,0.37071168127331133,0.10265841217852223,0.032844682132299186,0.015093583230528704,0.596443636316446,0.08781319046322146,4,4
KOH,190.0,True,0.3689639526549271,0.10260843462915446,0.03313097307966473,0.015231682065109033,0.5979050739832459,0.0876287612765905,4,4
KOH,190.5,True,0.36721734923650384,0.10255490172047962,0.033419899257702834,0.01537099959252176,0.5993627512196342,0.08743962374360309,4,4
KOH,191.0,True,0.36547193523070454,0.10249781692523885,0.033711482821219274,0.015511544409421868,0.6008165816577538,0.08724577382412975,4,4
KOH,191.5,True,0.36372777453824723,0.10243718416426494,0.0340057460727905,0.01565332513685297,0.6022664790943932,0.08704720792606939,4,4
KOH,192.0,True,0.36198493074429683,0.10237300780691434,0.03430271146301345,0.015796350419068784,0.6037123574938741,0.08684392290731151,4,4
KOH,192.5,True,0.3602434671161614,0.10230529266927671,0.034602401590339005,0.015940628924014478,0.6051541309905206,0.08663591607463986,4,4
KOH,193.0,True,0.35850344659921207,0.10223404401523455,0.03490483920079446,0.01608616934141854,0.6065917138928512,0.08642318518645467,4,4
KOH,193.5,True,0.35676493181421853,0.10215926755474482,0.03521004718951004,0.01623298038306672,0.6080250206851323,0.08620572845308139,4,4
KOH,194.0,True,0.3550279850542126,0.1020809694447365,0.035518048598942586,0.016381070781628405,0.609453966031237,0.08598354453749457,4,4
KOH,194.5,True,0.3532926682812687,0.10199915628664569,0.0358288666207629,0.01653044928979602,0.6108784647784193,0.08575663255627305,4,4
KOH,195.0,True,0.35155904312264563,0.10191383512719593,0.036142524594717784,0.016681124679774933,0.6122984319587299,0.08552499208067993,4,4
KOH,195.5,True,0.3498271708685663,0.10182501345654596,0.03645904600954597,0.016833105742228485,0.6137137827937622,0.08528862313695806,4,4
KOH,196.0,True,0.3480971124682486,0.10173269920756377,0.03677845450195116,0.0169864012861525,0.6151244326974004,0.08504752620732749,4,4
KOH,196.5,True,0.3463689285271021,0.10163690075547446,0.03710077385776778,0.017141020137211856,0.6165302972784559,0.08480170223038083,4,4
KOH,197.0,True,0.34464267930300885,0.10153762691530918,0.037426028011822154,0.01729697113716677,0.6179312923443314,0.08455115260166829,4,4
KOH,197.5,True,0.34291842470346445,0.10143488694169182,0.03775424104693337,0.017454263143613365,0.619327333904518,0.08429587917490157,4,4
KOH,198.0,True,0.341196224282303,0.10132869052732617,0.038085437194634864,0.017612905028191114,0.6207183381736758,0.08403588426097164,4,4
KOH,198.5,True,0.33947613723600556,0.1012190478009904,0.038419640835535285,0.017772905676163745,0.622104221574854,0.08377117063050596,4,4
KOH,199.0,True,0.3377582224012299,0.10110596932649263,0.03875687649818049,0.017934273985661657,0.6234849007428767,0.08350174151257157,4,4
KOH,199.5,True,0.33604253825036956,0.10098946610069713,0.03909716886005277,0.01809701886658586,0.6248602925275903,0.0832276005957654,4,4
KOH,200.0,True,0.33432914289002746,0.10086954955210937,0.03944054274640507,0.018261149239187778,0.6262303139973058,0.08294875202846898,4,4
KOH,200.5,True,0.33261809405563114,0.10074623153816219,0.03978702313117699,0.01842667403401223,0.6275948824426836,0.08266520041970929,4,4
KOH,201.0,True,0.3309094491104614,0.10061952434449152,0.04013663513594001,0.018593602190214855,0.6289539153788437,0.08237695083830357,4,4
KOH,201.5,True,0.32920326504051745,0.10048944068126311,0.04048940403017509,0.018761942654743045,0.6303073305503892,0.08208400881440801,4,4
KOH,202.0,True,0.3274995984521023,0.10035599368250923,0.04084535523132815,0.018931704381025188,0.6316550459332382,0.08178638033893827,4,4
KOH,202.5,True,0.3257985055692414,0.1002191969023774,0.041204514303838646,0.019102896328620222,0.632996979739342,0.08148407186426902,4,4
KOH,203.0,True,0.3241000422291862,0.10007906431406247,0.04156690695977794,0.019275527461104367,0.6343330504193778,0.0811770903038223,4,4
KOH,203.5,True,0.3224042638801383,0.09993561030634794,0.04193255905729498,0.01944960674633985,0.6356631766665788,0.08086544303330029,4,4
KOH,204.0,True,0.3207112255781408,0.09978884968101857,0.04230149660192084,0.019625143153625988,0.6369872774197594,0.08054913789022358,4,4
KOH,204.5,True,0.31902098198352546,0.09963879765106082,0.04267374574501437,0.019802145653928245,0.6383052718672011,0.08022818317394094,4,4
KOH,205.0,True,0.31733358735736017,0.09948546983595008,0.04304933278395651,0.019980623218311858,0.6396170794498446,0.07990258764616895,4,4
KOH,205.5,True,0.3156490955597835,0.09932888226086149,0.043428284161844966,0.020160584816010102,0.6409226198653695,0.07957236053123115,4,4
KOH,206.0,True,0.3139675600453973,0.09916905135245524,0.04381062646674483,0.02034203941475785,0.6422218130706092,0.07923751151632874,4,4
KOH,206.5,True,0.3122890338614348,0.09900599393511211,0.044196386431216705,0.020524995977612974,0.6435145792857699,0.07889805075143043,4,4
KOH,207.0,True,0.310613569643986,0.09883972722943703,0.0445855909324,0.02070946346329081,0.6448008389979276,0.07855398884957691,4,4
KOH,207.5,True,0.30894121961508314,0.09867026884701555,0.04497826699098595,0.020895450823938736,0.6460805129639424,0.07820533688770091,4,4
KOH,208.0,True,0.3072720355799252,0.09849763678840585,0.04537444177094008,0.021082967004132733,0.6473535222150384,0.07785210640637348,4,4
KOH,208.5,True,0.30560606892393594,0.09832184943880612,0.04577414257891932,0.021272020939271632,0.6486197880588018,0.07749430941054945,4,4
KOH,209.0,True,0.303943370609544,0.0981429255642836,0.04617739686368916,0.021462621554853397,0.6498792320841773,0.07713195836885843,4,4
KOH,209.5,True,0.3022839911741293,0.09796088430885669,0.046584232215346466,0.02165477776420175,0.6511317761635493,0.07676506621625966,4,4
KOH,210.0,True,0.3006279807258039,0.09777574518965583,0.046994676365541554,0.021848498467496424,0.6523773424575441,0.07639364635270071,4,4
KOH,210.5,True,0.29897538894207987,0.09758752809338898,0.04740875718495241,0.022043792550089432,0.6536158534176939,0.07601771264383245,4,4
KOH,211.0,True,0.2973262650660946,0.09739625327215039,0.047826502684811256,0.022240668881524782,0.6548472317896292,0.07563727942303124,4,4
KOH,211.5,True,0.2956806579038629,0.09720194134002429,0.04824794101465635,0.022439136313219497,0.656071400617797,0.07525236149121803,4,4
KOH,212.0,True,0.2940386158227781,0.09700461326752674,0.04867310046180462,0.022639203677488867,0.6572882832474591,0.07486297411699665,4,4
KOH,212.5,True,0.29240018674708823,0.09680429037796484,0.049102009451629236,0.022840879785834756,0.6584978033291611,0.07446913303962262,4,4
KOH,213.0,True,0.29076541815703516,0.09660099434326105,0.04953469654472853,0.023044173427144397,0.659699884822007,0.07407085446851175,4,4
KOH,213.5,True,0.28913435708510793,0.09639474717953182,0.049971190437869684,0.023249093366522443,0.6608944519964632,0.07366815508467583,4,4
KOH,214.0,True,0.28750705011387767,0.0961855712411151,0.05041151996276749,0.023455648343006265,0.6620814294387989,0.07326105204367148,4,4
KOH,214.5,True,0.2858835433734441,0.09597348921788307,0.050855714083974934,0.023663847068546736,0.6632607420538617,0.0728495629748978,4,4
KOH,215.0,True,0.2842638825396593,0.09575852412852437,0.05130380189882766,0.023873698225260073,0.6644323150682974,0.07243370598491196,4,4
KOH,215.5,True,0.2826481128306302,0.095540699317538,0.051755812637332976,0.02408521046494788,0.6655960740351019,0.07201349965915595,4,4
KOH,216.0,True,0.28103627900444295,0.09532003844918745,0.05221177565895019,0.024298392406568375,0.6667519448353976,0.0715889630640584,4,4
KOH,216.5,True,0.2794284253582191,0.09509656550180447,0.05267172045320123,0.024513252634198915,0.667899853683207,0.07116011574916366,4,4
KOH,217.0,True,0.2778245957242298,0.09487030476453558,0.05313567663817187,0.02472979969603618,0.6690397271280624,0.07072697775044003,4,4
KOH,217.5,True,0.27622483346861904,0.094641280831002,0.053603673958957376,0.024948042101629667,0.6701714920587798,0.07028956959245612,4,4
KOH,218.0,True,0.2746291814890167,0.09440951859374766,0.054075742286829875,0.025167988319953972,0.6712950757064573,0.06984791229262072,4,4
KOH,218.5,True,0.2730376822120961,0.09417504323998248,0.054551911617684024,0.025389646779257546,0.6724104056483604,0.06940202736369547,4,4
KOH,219.0,True,0.27145037759207513,0.09393788024532082,0.0550322120714819,0.025613025862252618,0.6735174098105312,0.06895193681865922,4,4
KOH,219.5,True,0.26986730910844026,0.09369805536837217,0.0555166738896995,0.025838133905909035,0.6746160164719517,0.06849766317461443,4,4
KOH,220.0,True,0.2682885177636152,0.09345559464604603,0.05600532743510467,0.02606497919983824,0.6757061542673193,0.06803922945730197,4,4
KOH,220.5,True,0.26671404408207255,0.09321052438680061,0.056498203189869756,0.026293569982017442,0.6767877521899335,0.06757665920651361,4,4
KOH,221.0,True,0.2651439281071699,0.09296287116573741,0.0569953317541283,0.026523914439421745,0.6778607395963587,0.06710997648158831,4,4
KOH,221.5,True,0.2635782094005945,0.0927126618185253,0.05749674384458725,0.026756020703760094,0.6789250462083118,0.06663920586759173,4,4
KOH,222.0,True,0.2620169270397543,0.0924599234363221,0.05800247029275063,0.026989896850826117,0.6799806021169919,0.06616437248203036,4,4
KOH,222.5,True,0.26046011961633475,0.09220468335863997,0.0585125420438648,0.02722555089664921,0.681027337785356,0.06568550198197896,4,4
KOH,223.0,True,0.2589078252351329,0.09194696916826389,0.0590269901545315,0.02746299079669063,0.6820651840517278,0.0652026205713995,4,4
KOH,223.5,True,0.2573600815117816,0.09168680868585011,0.05954584579187516,0.0277022244435008,0.6830940721336831,0.06471575501130124,4,4
KOH,224.0,True,0.2558169255718057,0.09142422996317472,0.06006914023115595,0.027943259662967797,0.6841139336306035,0.06422493262637995,4,4
KOH,224.5,True,0.2542783940490123,0.09115926127620678,0.060596904854104405,0.028186104213794982,0.6851247005264516,0.06373018131767523,4,4
KOH,225.0,True,0.25274452308327033,0.09089193112216744,0.061129171147755734,0.028430765783960026,0.6861263051944899,0.0632315295716279,4,4
KOH,225.5,True,0.25121534832128756,0.09062226820877448,0.061665970701729744,0.0286772519888809,0.6871186803983909,0.06272900647286535,4,4
KOH,226.0,True,0.24969090491311352,0.09035030145257945,0.062207335207009606,0.02892557036849306,0.6881017592973437,0.062222641715575865,4,4
KOH,226.5,True,0.24817122751241705,0.09007605996971513,0.06275329645338834,0.029175728385121547,0.6890754754477202,0.061712465618844074,4,4
KOH,227.0,True,0.24665635027393273,0.08979957307075566,0.06330388632780348,0.029427733421257655,0.6900397628075705,0.06119850914042878,4,4
KOH,227.5,True,0.24514630685429362,0.08952087025482154,0.06385913681289379,0.02968159277590818,0.6909945557384001,0.06068080389320213,4,4
KOH,228.0,True,0.24364113040903357,0.0892399812024793,0.06441907998322449,0.029937313663228136,0.6919397890093326,0.06015938216213586,4,4
KOH,228.5,True,0.24214085359369752,0.08895693577003516,0.06498374800500972,0.03019490320963389,0.6928753977991087,0.05963427692289862,4,4
KOH,229.0,True,0.2406455085603998,0.08867176398216949,0.0655531731324488,0.03045436845041772,0.6938013177008595,0.059105521863456224,4,4
KOH,229.5,True,0.23915512695987795,0.08838449602712302,0.06612738770667148,0.030715716327390306,0.6947174847235504,0.058573151403516606,4,4
KOH,230.0,True,0.23766973993788465,0.08809516224841041,0.0667064241526849,0.03097895368722839,0.6956238352955335,0.058037200719821484,4,4
KOH,230.5,True,0.23618937813713048,0.08780379314040915,0.0672903149771531,0.031244087277430544,0.6965203062680447,0.057497705771278766,4,4
KOH,231.0,True,0.23471407169450842,0.08751041933964396,0.06787909276584347,0.031511123743406595,0.6974068349180351,0.05695470332545067,4,4
KOH,231.5,True,0.23324385024220406,0.08721507162108146,0.0684727901814064,0.03178006962683699,0.6982833589508908,0.056408230989975335,4,4
KOH,232.0,True,0.23177874290586375,0.08691778088838963,0.06907143996143228,0.03205093136187942,0.699149816503597,0.05585832724274093,4,4
KOH,232.5,True,0.2303187783047056,0.08661857817024972,0.06967507491417724,0.03232371527236113,0.7000061461481244,0.05530503146739637,4,4
KOH,233.0,True,0.22886398455185253,0.08631749461219557,0.07028372791773041,0.03259842756943606,0.7008522868936495,0.054748383990660524,4,4
KOH,233.5,True,0.22741438925244495,0.0860145614709016,0.07089743191640574,0.03287507434745539,0.701688178190496,0.054188426122118286,4,4
KOH,234.0,True,0.22597001950491746,0.0857098101071334,0.071516219918355,0.03315366158287991,0.702513759932355,0.05362520019903383,4,4
KOH,234.5,True,0.22453090190027725,0.0854032719798039,0.0721401249922371,0.03343419512900591,0.7033289724592273,0.053058749631769014,4,4
KOH,235.0,True,0.2230970625214379,0.0850949786389072,0.07276918026505319,0.03371668071445728,0.7041337565614758,0.05248911895661169,4,4
KOH,235.5,True,0.2216685269443852,0.08478496171947612,0.07340341891876045,0.0340011239390569,0.7049280534813795,0.05191635388911372,4,4
KOH,236.0,True,0.2202453202366783,0.08447325293454737,0.07404287418777411,0.034287530271980365,0.7057118049162425,0.051340501385705194,4,4
KOH,236.5,True,0.218827466959004,0.08415988406937838,0.07468757935519266,0.03457590504730921,0.706484953022668,0.050761609706550644,4,4
KOH,237.0,True,0.21741499116467722,0.08384488697401622,0.07533756775035538,0.034866253461498804,0.7072474404181683,0.05017972848710675,4,4
KOH,237.5,True,0.21600791639975192,0.08352829355778955,0.07599287274562272,0.03515858056937847,0.7079992101842181,0.04959490881261704,4,4
KOH,238.0,True,0.21460626570363184,0.0832101357822684,0.07665352775282352,0.03545289128242773,0.7087402058696401,0.04900720330218817,4,4
KOH,238.5,True,0.21321006160862632,0.0828904456545625,0.077319566220313,0.03574919036357452,0.7094703714933259,0.0484166661970645,4,4
KOH,239.0,True,0.2118193261421153,0.08256925522235971,0.07799102162975302,0.03604748242534856,0.7101896515467887,0.04782335345799551,4,4
KOH,239.5,True,0.21043408082510595,0.08224659656513351,0.07866792749217089,0.03634777192554775,0.7108979909978275,0.04722732287026246,4,4
KOH,240.0,True,0.20905434667406464,0.08192250179024815,0.0793503173450727,0.03665006316420951,0.7115953352923032,0.04662863415953941,4,4
KOH,240.5,True,0.20768014420091685,0.08159700302464525,0.08003822474861311,0.03695436028049991,0.7122816303584134,0.0460273491159322,4,4
KOH,241.0,True,0.20631149341376886,0.08127013240992266,0.08073168328243119,0.03726066724846384,0.7129568226081351,0.045423531730299366,4,4
KOH,241.5,True,0.20494841381835105,0.08094192209508021,0.08143072654148709,0.037568987874116555,0.7136208589407778,0.04481724834226025,4,4
KOH,242.0,True,0.20359092441785132,0.08061240423056604,0.08213538813273136,0.03787932579157721,0.714273686746536,0.04420856780227506,4,4
KOH,242.5,True,0.20223904371469148,0.08028161096240254,0.0828457016712747,0.03819168446006914,0.7149152539076553,0.04359756164722598,4,4
KOH,243.0,True,0.20089278971047175,0.07994957442565336,0.08356170077639113,0.03850606715944412,0.7155455088032614,0.0429843042953378,4,4
KOH,243.5,True,0.1995521799083022,0.07961632673811768,0.08428341906796533,0.038822476987276665,0.7161644003105816,0.042368873254861966,4,4
KOH,244.0,True,0.1982172313123587,0.07928189999459392,0.0850108901622737,0.03914091685473486,0.716771877808553,0.041751349356529174,4,4
KOH,244.5,True,0.19688796043054735,0.07894632626058529,0.08574414766826521,0.03946138948333488,0.7173678911809311,0.04113181700644564,4,4
KOH,245.0,True,0.19556438327444914,0.07860963756659319,0.08648322518323148,0.039783897401014214,0.7179523908185659,0.04051036446345654,4,4
KOH,245.5,True,0.19424651536154025,0.07827186590141738,0.08722815628869895,0.040108442938057896,0.7185253276227321,0.039887084143672515,4,4
KOH,246.0,True,0.1929343717160803,0.07793304320706643,0.08797897454632109,0.040435028223866035,0.7190866530072393,0.03926207295704891,4,4
KOH,246.5,True,0.19162796687011152,0.0775932013724391,0.08873571349354847,0.04076365518307566,0.719636318902539,0.03863543267410731,4,4
KOH,247.0,True,0.19032731486579024,0.077252372227267,0.08949840663963204,0.041094325531494745,0.720174277757224,0.0380072703332744,4,4
KOH,247.5,True,0.1890324292564971,0.07691058753745768,0.0902670874608491,0.041427040772278705,0.7207004825420249,0.03737769868777996,4,4
KOH,248.0,True,0.1877433231080583,0.07656787899730394,0.09104178939572938,0.04176180219188877,0.7212148867520862,0.03674683670107945,4,4
KOH,248.5,True,0.18646000900113258,0.07622427822612511,0.09182254584166882,0.04209861085696055,0.7217174444099639,0.03611481009107894,4,4
KOH,249.0,True,0.18518249903209938,0.07587981676138783,0.09260939014932301,0.04243746761001098,0.7222081100680677,0.035481751935910084,4,4
KOH,249.5,True,0.18391080481544586,0.07553452605298838,0.09340235561822174,0.04277837306459593,0.7226868388122698,0.03484780334196152,4,4
KOH,250.0,True,0.1826449374854322,0.07518843745893491,0.0942014754925502,0.0431213276028723,0.7231535862649019,0.03421311418567891,4,4
KOH,250.5,True,0.18138490769792348,0.07484158223829826,0.09500678295509823,0.043466331370625784,0.7236083085863099,0.03357784393721518,4,4
KOH,251.0,True,0.18013072563233257,0.07449399154749224,0.09581831112454031,0.04381338427322732,0.7240509624794611,0.03294216257430463,4,4
KOH,251.5,True,0.17888240099328545,0.07414569643372503,0.09663609304844112,0.044162485972102636,0.7244815051913323,0.032306251599476685,4,4
KOH,252.0,True,0.17763994301350783,0.0737967278307241,0.09746016169914773,0.04451363588096219,0.7248998945173502,0.03167030517304759,4,4
KOH,252.5,True,0.1764033604548798,0.07344711655278367,0.09829054996912667,0.04486683316056052,0.7253060888025575,0.0310345313743247,4,4
KOH,253.0,True,0.17517266161193312,0.07309689329017878,0.09912729066541281,0.04522207671566584,0.7257000469461095,0.03039915360982933,4,4
KOH,253.5,True,0.17394785431246174,0.07274608860404658,0.09997041650450234,0.04557936519083807,0.7260817284033272,0.029764412183483066,4,4
KOH,254.0,True,0.17272894592146315,0.07239473292179846,0.10081996010707917,0.045938696965961534,0.7264510931886958,0.0291305660531847,4,4
KOH,254.5,True,0.17151594334180453,0.07204285653143713,0.1016759539930745,0.04630007015226892,0.7268081018792505,0.028497894791653124,4,4
KOH,255.0,True,0.17030885301788645,0.07169048957745427,0.10253843057589362,0.0466634825886111,0.7271527156172408,0.02786670078049692,4,4
KOH,255.5,True,0.1691076809378078,0.07133766205602514,0.10340742215736443,0.04702893183628833,0.727484896112851,0.027237311665696585,4,4
KOH,256.0,True,0.16791243263547528,0.07098440381002402,0.10428296092207523,0.047396415176687356,0.7278046056473086,0.02661008310156066,4,4
KOH,256.5,True,0.1667231131932123,0.07063074452460769,0.10516507893176819,0.04776592960528129,0.7281118070767145,0.025985401823169083,4,4
KOH,257.0,True,0.1655397272450343,0.07027671372341222,0.10605380812023224,0.04813747182834401,0.7284064638335974,0.025363689079304773,4,4
KOH,257.5,True,0.16436227897803635,0.06992234076381944,0.1069491802866418,0.04851103825890376,0.7286885399310217,0.024745404465940018,4,4
KOH,258.0,True,0.1631907721363346,0.06956765483101561,0.10785122709139339,0.04888662501263678,0.7289579999651408,0.02413105020474048,4,4
KOH,258.5,True,0.16202521002323111,0.06921268493665945,0.10875998004844512,0.04926422790305392,0.7292148091180284,0.02352117590321194,4,4
KOH,259.0,True,0.16086559550393398,0.06885745991258145,0.10967547052109783,0.04964384243764284,0.7294589331617307,0.022916383839446747,4,4
KOH,259.5,True,0.15971193100861036,0.06850200840763149,0.11059772971533377,0.05002546381423351,0.7296903384600428,0.02231733480996814,4,4
KOH,260.0,True,0.15856421853494007,0.06814635888361559,0.11152678867409893,0.05040908691623656,0.7299089919718948,0.021724754564072142,4,4
KOH,260.5,True,0.15742245965161272,0.06779053961048886,0.11246267827097478,0.05079470630846935,0.7301148612555708,0.02113944084493992,4,4
KOH,261.0,True,0.1562866555004927,0.0674345786643555,0.11340542920457164,0.05118231623329005,0.7303079144700964,0.020562271028074425,4,4
KOH,261.5,True,0.1551568068008935,0.0670785039221587,0.11435507199220041,0.051571910606574366,0.7304881203793467,0.019994210321435665,4,4
KOH,262.0,True,0.15403291385068796,0.06672234305903856,0.11531163696332225,0.051963483013044445,0.7306554483555439,0.019436320440055995,4,4
KOH,262.5,True,0.15291497653169284,0.06636612354345599,0.11627515425394197,0.052357026702747764,0.7308098683811437,0.018889768612658585,4,4
KOH,263.0,True,0.15180299431066802,0.06600987263592217,0.11724565380022423,0.05275253458606758,0.7309513510528332,0.018355836680733203,4,4
KOH,263.5,True,0.15069696624470108,0.06565361738310221,0.11822316533166566,0.053149999230788225,0.7310798675848051,0.01783592994579136,4,4
KOH,264.0,True,0.14959689098192896,0.06529738461660142,0.11920771836521071,0.05354941285694557,0.7311953898112011,0.017331585268594886,4,4
KOH,264.5,True,0.1485027667668115,0.06494120094910343,0.12019934219842376,0.05395076733385509,0.7312978901904965,0.016844477748110893,4,4
KOH,265.0,True,0.14741459144268498,0.06458509276985805,0.12119806590310533,0.05435405417451513,0.7313873418073324,0.0163764250942634,4,4
KOH,265.5,True,0.14633236245475967,0.06422908624446992,0.12220391831918587,0.05475926453324008,0.7314637183763462,0.01592938857486111,4,4
KOH,266.0,True,0.1452560768541722,0.06387320730981264,0.12321692804756479,0.05516638920019191,0.7315269942459457,0.015505469177439462,4,4
KOH,266.5,True,0.14418573130103862,0.06351748167116146,0.12423712344350468,0.05557541859869195,0.7315771444005859,0.01510689742351294,4,4
KOH,267.0,True,0.14312132206756312,0.0631619348011403,0.1252645326102475,0.055986342780252926,0.731614144464543,0.014736015145960835,4,4
KOH,267.5,True,0.14206284504225675,0.06280659193547015,0.12629918339202018,0.05639915142137271,0.7316379707054677,0.01439524759418859,4,4
KOH,268.0,True,0.1410102957328241,0.06245147807089891,0.12734110336770632,0.056813833818882796,0.7316486000367717,0.01408706450450803,4,4
KOH,268.5,True,0.13996366926971593,0.06209661796312036,0.1283903198426306,0.0572303788865457,0.73164601002218,0.013813929420957537,4,4
KOH,269.0,True,0.13892296041045915,0.06174203612374623,0.1294468598438958,0.05764877515146722,0.731630178877507,0.013578237563808755,4,4
KOH,269.5,True,0.13788816354193267,0.0613877568182213,0.13051075011211166,0.058069010749811724,0.7316010854753752,0.013382243962819606,4,4
KOH,270.0,True,0.13685927268514142,0.061033804064210904,0.1315820170937898,0.05849107342287674,0.7315587093480458,0.013227985252630862,4,4
KOH,270.5,True,0.1358362814981584,0.06068020162837027,0.13266068693601474,0.058914950514266234,0.7315030306900838,0.013117200224127426,4,4
KOH,271.0,True,0.13481918328073217,0.06032697302530297,0.13374678547817265,0.05934062896544671,0.7314340303631317,0.013051255579902879,4,4
KOH,271.5,True,0.13380797097606312,0.05997414151496518,0.1348403382454011,0.059768095311820396,0.7313516898980188,0.013031083915535417,4,4
KOH,272.0,True,0.13280263717724283,0.05962173010132258,0.13594137044120602,0.06019733568053851,0.7312559914985362,0.013057140471934233,4,4
KOH,272.5,True,0.13180317412825326,0.05926976153010862,0.1370499069411335,0.060628335785266274,0.7311469180453223,0.013129383516944851,4,4
KOH,273.0,True,0.13080957373001745,0.058918258287565535,0.13816597228388794,0.061061080923921894,0.7310244530983612,0.013247280601334012,4,4
KOH,273.5,True,0.12982182754256444,0.058567242598178554,0.13928959066611402,0.06149555597424206,0.7308885809011456,0.013409839831835288,4,4
KOH,274.0,True,0.12883992678963674,0.058216736424377004,0.14042078593401452,0.06193174539194213,0.7307392863838413,0.013615662413729303,4,4
KOH,274.5,True,0.12786386236252056,0.05786676146385624,0.14155958157618942,0.06236963320553399,0.7305765551666177,0.013863010585098586,4,4
KOH,275.0,True,0.126893624823321,0.0575173391490334,0.1427060007165859,0.06280920301437201,0.7304003735629783,0.014149884049962676,4,4
KOH,275.5,True,0.12592920440968047,0.05716849064492877,0.14386006610750401,0.06325043798482516,0.7302107285837023,0.014474098162226801,4,4
KOH,276.0,True,0.12497059103755426,0.05682023684993347,0.14502180012110344,0.06369332084733552,0.7300076079396756,0.014833358147738385,4,4
KOH,276.5,True,0.12401777430670613,0.056472598391759984,0.14619122474368584,0.06413783389383831,0.7297910000458319,0.01522532522775331,4,4
KOH,277.0,True,0.12307074350292879,0.056125595629166546,0.1473683615668131,0.06458395897398425,0.729560894024095,0.01564767220390996,4,4
KOH,277.5,True,0.12212948760270681,0.05577924864965393,0.1485532317814231,0.06503167749233896,0.729317279707764,0.01609812759037542,4,4
KOH,278.0,True,0.1211939952776575,0.055433577268823975,0.14974585616844838,0.06548097040629117,0.7290601476435121,0.01657450856862907,4,4
KOH,278.5,True,0.12026425489741754,0.05508860103004491,0.1509462550938201,0.06593181822220177,0.728789489096271,0.017074743824261853,4,4
KOH,279.0,True,0.11934025453474995,0.054744339203143415,0.15215444849864257,0.06638420099389901,0.7285052960520066,0.017596887757819122,4,4
KOH,279.5,True,0.11842198196826415,0.054400810784253996,0.15337045589397524,0.06683809831905446,0.7282075612208283,0.01813912770171908,4,4
KOH,280.0,True,0.11750942468774506,0.05405803449520403,0.15459429635167332,0.06729348933713508,0.7278962780419285,0.018699785728608757,4,4
KOH,280.5,True,0.1166025698967621,0.053716028782957725,0.15582598849778195,0.06775035272712004,0.7275714406845268,0.019277316466698516,4,4
KOH,281.0,True,0.11570140451827582,0.05337481181961449,0.15706555050459814,0.06820866670456965,0.7272330440544206,0.01987030212248747,4,4
KOH,281.5,True,0.1148059151966363,0.053034401501697435,0.15831300008439797,0.06866840902050111,0.7268810837941508,0.02047744567339275,4,4
KOH,282.0,True,0.11391608830318978,0.05269481544993886,0.1595683544803328,0.06912955695779738,0.7265155562894976,0.021097562987455548,4,4
KOH,282.5,True,0.11303190994033097,0.05235607100967833,0.16083163046004545,0.06959208733053043,0.7261364586709229,0.021729574427091284,4,4
KOH,283.0,True,0.11215336594405656,0.05201818525032269,0.16210284430789867,0.07005597648105452,0.7257437888172347,0.022372496347011807,4,4
KOH,283.5,True,0.11128044188940533,0.05168117496510711,0.16338201181764767,0.07052120027835976,0.7253375453602495,0.02302543276815646,4,4
KOH,284.0,True,0.11041312309401086,0.051345056672314024,0.1646691482852236,0.07098773411703645,0.7249177276863472,0.023687567410915645,4,4
KOH,284.5,True,0.10955139462159869,0.05100984661437392,0.16596426850046253,0.07145555291475171,0.7244843359414666,0.0243581562051471,4,4
KOH,285.0,True,0.1086952412870934,0.05067556075789302,0.1672673867412766,0.07192463111086744,0.7240373710334369,0.025036520335086448,4,4
KOH,285.5,True,0.10784464765944968,0.050342214794843396,0.1685785167646059,0.07239494266598712,0.723576834636086,0.025722039845691012,4,4
KOH,286.0,True,0.1069995980668148,0.050009824142577035,0.16989767179959037,0.07286646105932475,0.7231027291919045,0.02641414780431821,4,4
KOH,286.5,True,0.10616007659963733,0.049678403944137535,0.17122486454118624,0.07333915928838208,0.7226150579157098,0.027112325007609742,4,4
KOH,287.0,True,0.1053260671148859,0.049347969068436685,0.1725601071417282,0.0738130098678755,0.7221138247981984,0.027816095190577254,4,4
KOH,287.5,True,0.10449755324043464,0.049018534111977034,0.17390341120387953,0.07428798482852643,0.721599034608611,0.02852502071883668,4,4
KOH,288.0,True,0.10367451837917097,0.048690113397639775,0.17525478777347114,0.07476405571635678,0.7210706928987842,0.0292386987130824,4,4
KOH,288.5,True,0.10285694571182669,0.048362720977366734,0.17661424733284026,0.07524119359210958,0.7205288060050941,0.029956757573818753,4,4
KOH,289.0,True,0.10204481820230704,0.04803637063128291,0.1779817997923372,0.07571936903108545,0.7199733810534514,0.03067885386964043,4,4
KOH,289.5,True,0.10123811860118792,0.0477110758691378,0.17935745448444118,0.07619855212161519,0.7194044259608012,0.03140466954867301,4,4
KOH,290.0,True,0.10043682944921306,0.04738684993175661,0.18074122015609984,0.07667871246603908,0.7188219494393966,0.03213390944560608,4,4
KOH,290.5,True,0.09964093308245658,0.04706370579062637,0.18213310496145718,0.07715981918033979,0.7182259609994635,0.03286629904845927,4,4
KOH,291.0,True,0.09885041163437691,0.04674165614978509,0.18353311645535886,0.07764184089351572,0.7176164709520871,0.03360158250273579,4,4
KOH,291.5,True,0.09806524704208952,0.04642071344700516,0.18494126158558055,0.07812474574842006,0.7169934904127095,0.0343395208218168,4,4
KOH,292.0,True,0.09728542104842086,0.046100889854254666,0.1863575466868883,0.07860850140157484,0.7163570313036272,0.03507989028642568,4,4
KOH,292.5,True,0.09651091520668231,0.04578219727926475,0.18778197747332248,0.07909307502428908,0.7157071063573217,0.035822481008856266,4,4
KOH,293.0,True,0.09574171088433392,0.045464647366062184,0.189214559032036,0.07957843330289342,0.7150437291196798,0.03656709564426015,4,4
KOH,293.5,True,0.09497778926725875,0.045148251497481647,0.19065529581552276,0.08006454243923247,0.7143669139517694,0.0373135482354005,4,4
KOH,294.0,True,0.09421913136281601,0.044833020795122865,0.19210419163634418,0.08055136815190292,0.7136766760339475,0.03806166317457762,4,4
KOH,294.5,True,0.09346571800472603,0.04451896612097977,0.19356124965902444,0.08103887567750913,0.7129730313680804,0.0388112742681358,4,4
KOH,295.0,True,0.09271752985623438,0.044206098079577226,0.19502647239466597,0.08152702977189802,0.7122559967796538,0.03956222389625859,4,4
KOH,295.5,True,0.09197454741410871,0.043894427019223255,0.19649986169351097,0.08201579471085321,0.7115255899218242,0.04031436225425596,4,4
KOH,296.0,True,0.09123675101246898,0.04358396303146109,0.1979814187391682,0.08250513429275962,0.7107818292765855,0.041067546669535764,4,4
KOH,296.5,True,0.09050412082650672,0.043274715956311834,0.1994711440416741,0.08299501183930394,0.7100247341587096,0.041821640983405566,4,4
KOH,297.0,True,0.08977663687664839,0.04296669538042526,0.20096903743194172,0.08348539019844634,0.7092543247171346,0.04257651499221662,4,4
KOH,297.5,True,0.08905427903188601,0.04265991064020821,0.20247509805465524,0.08397623174562589,0.7084706219380177,0.04333204394286715,4,4
KOH,298.0,True,0.08833702701360746,0.042354370823645925,0.2039893243627744,0.08446749838602237,0.7076736476470114,0.04408810807389805,4,4
KOH,298.5,False,0.08762486039937123,0.04205008477136671,0.20551171411148372,0.08495915155812281,0.706863424511539,0.044844592199878026,4,3
KOH,299.0,False,0.08691775862668116,0.04174706107829336,0.20704226435142026,0.0854511522343612,0.7060399760430158,0.04560138533529376,4,3
KOH,299.5,False,0.08621570099648368,0.04144530809571555,0.20858097142451015,0.0859434609258609,0.7052033265992907,0.04635838035109851,4,3
KOH,300.0,False,0.08551866667694252,0.04114483393381038,0.2101278309560306,0.08643603768428929,0.7043535013862567,0.04711547366196938,4,3
acid,1.0,False,0.14480000149785788,0.1303520712365627,0.07556532097185986,0.03232323377775588,0.7796346770945206,0.10152158820259542,4,0
acid,1.5,False,0.14673613472593328,0.13116245446989339,0.07504765610133468,0.03203234457763992,0.7782162087366373,0.10253948282078572,4,0
acid,2.0,False,0.14868866930800584,0.13196020411370263,0.07453590146722089,0.03174332399041826,0.7767754287592576,0.10354465044871286,4,2
acid,2.5,False,0.15065746220432885,0.13274492266304191,0.07403003386741158,0.03145616775702206,0.7753125035043218,0.10453665407783318,4,2
acid,3.0,False,0.1526423619961359,0.13351621645162548,0.07353003008570003,0.03117087149101506,0.7738276074683026,0.10551506250568979,4,2
acid,3.5,False,0.15464320912111917,0.1342736956952688,0.0730358670841258,0.03088743080965863,0.7723209233652106,0.10647945053221093,4,2
acid,4.0,False,0.15665983548157625,0.13501697512514485,0.0725475218866789,0.03060584134491178,0.7707926421767763,0.10742939913182847,4,2
acid,4.5,False,0.15869206456575746,0.13574567413058936,0.07206497172834725,0.03032609875220747,0.7692429632686348,0.10836449568761698,4,2
acid,5.0,True,0.16073971123742314,0.1364594172200597,0.07158819389035953,0.030048198643366324,0.7676720944312376,0.10928433421941362,4,4
acid,5.5,True,0.1628025817382861,0.13715783425681108,0.07111716584445871,0.029772136709786453,0.766080251976331,0.11018851559072843,4,4
acid,6.0,True,0.1648804736585352,0.1378405607800337,0.07065186512295041,0.029497908544062867,0.7644676607745926,0.11107664775940641,4,4
acid,6.5,True,0.16697317576719328,0.13850723840570234,0.07019226944160462,0.029225509858399633,0.7628345543364001,0.11194834597896662,4,4
acid,7.0,True,0.16908046804742227,0.13915751505421306,0.06973835662682504,0.02895493632092157,0.7611811748753361,0.11280323305548542,4,4
acid,7.5,True,0.1712021216146442,0.1397910453279069,0.0692901046145944,0.028686183612610185,0.7595077733052458,0.1136409395423912,4,4
acid,8.0,True,0.17333789867457483,0.14040749075710304,0.06884749151575553,0.028419247477128963,0.7578146093429883,0.11446110400865527,4,4
acid,8.5,True,0.1754875524930255,0.14100652014548154,0.06841049552358536,0.028154123624301454,0.7561019515162637,0.1152633732480255,4,4
acid,9.0,True,0.17765082735538007,0.14158780985478175,0.06797909498834631,0.02789080780760296,0.7543700771897588,0.11604740250965868,4,4
acid,9.5,True,0.17982745854394633,0.14215104410540913,0.06755326839535947,0.02762929581243954,0.7526192725898495,0.11681285573139352,4,4
acid,10.0,True,0.1820171723393993,0.14269591524307446,0.0671329943419674,0.027369583413494925,0.7508498328434032,0.11755940577328215,4,4
acid,10.5,True,0.1842196859984102,0.1432221240285743,0.06671825158410805,0.027111666455401105,0.749062061938699,0.11828673462482794,4,4
acid,11.0,True,0.1864347077498163,0.14372937992095122,0.06630901898635466,0.02685554076868176,0.7472562727826038,0.11899453365384077,4,4
acid,11.5,True,0.18866193681324472,0.14421740134319996,0.06590527555713765,0.026601202225120985,0.7454327871477817,0.11968250380703524,4,4
acid,12.0,True,0.19090106339508806,0.14468591595251853,0.06550700043764235,0.026348646719006257,0.7435919356850451,0.12035035584401466,4,4
acid,12.5,True,0.19315176873618833,0.14513466088143007,0.06511417288826427,0.02609787016319694,0.7417340578871612,0.12099781054036776,4,4
acid,13.0,True,0.19541372512640875,0.14556338300782548,0.06472677232444157,0.025848868506558494,0.7398595020588761,0.12162459890782898,4,4
acid,13.5,True,0.19768659596042237,0.14597183918337042,0.06434477827213514,0.02560163772244828,0.7379686252733941,0.12223046239585106,4,4
acid,14.0,True,0.19997003576624484,0.14635979649541828,0.06396817040088543,0.02535617379554405,0.736061793338405,0.1228151531067161,4,4
acid,14.5,True,0.20226369029480162,0.14672703246067278,0.0635969285026905,0.02511247274969912,0.7341393807074048,0.12337843398320415,4,4
acid,15.0,True,0.20456719655512212,0.14707333529495106,0.06323103250333029,0.024870530625257625,0.7322017704435579,0.1239200790132753,4,4
acid,15.5,True,0.20688018292483457,0.1473985040870541,0.06287046245975758,0.024630343478528428,0.730249354112672,0.12443987340640746,4,4
acid,16.0,True,0.20920226922144236,0.14770234902999743,0.06251519856237397,0.024391907405838076,0.7282825317137531,0.12493761378528832,4,4
acid,16.5,True,0.2115330667962212,0.14798469162248074,0.062165221119125924,0.024155218506520273,0.726301711578281,0.12541310837455694,4,4
acid,17.0,True,0.2138721786517639,0.1482453648518425,0.06182051058045701,0.023920272910906225,0.7243073102592146,0.1258661771503134,4,4
acid,17.5,True,0.21621919957071078,0.14848421336794276,0.06148104750833272,0.023687066751726358,0.7222997524078956,0.12629665201585275,4,4
acid,18.0,True,0.21857371622710509,0.14870109367396242,0.06114681260388499,0.0234555961902622,0.7202794706547277,0.12670437695724832,4,4
acid,18.5,True,0.2209353073205078,0.14889587429615495,0.06081778669300708,0.023225857400374476,0.7182469054723972,0.1270892081988405,4,4
acid,19.0,True,0.223303543748804,0.149068435912118,0.060493950719053835,0.022997846557601703,0.7162025050150012,0.1274510143311615,4,4
acid,19.5,True,0.2256779887506999,0.14921867152039536,0.06017528575699704,0.022771559852629335,0.7141467249741629,0.1277896764601212,4,4
acid,20.0,True,0.2280581980866614,0.14934648655185834,0.05986177300285056,0.022546993486255204,0.7120800283887951,0.12810508831121126,4,4
acid,20.5,True,0.23044372020708526,0.1494517990194084,0.05955339377694546,0.022324143658234076,0.7100028854925833,0.12839715636756366,4,4
acid,21.0,True,0.23283409644994646,0.14953453961218222,0.059250129524207606,0.02210300657218359,0.7079157735009056,0.12866579995605662,4,4
acid,21.5,True,0.23522886124532905,0.14959465180000656,0.05895196180322193,0.02188357842682563,0.7058191764233446,0.12891095135026273,4,4
acid,22.0,True,0.23762754232597993,0.14963209192089635,0.05865887230069311,0.021665855421080408,0.7037135848440845,0.12913255585303965,4,4
acid,22.5,True,0.24002966093908396,0.14964682926603093,0.05837084281862248,0.021449833739106416,0.701599495708749,0.12933057186929217,4,4
acid,23.0,True,0.24243473209081823,0.14963884613541456,0.05808785528241267,0.021235509561326693,0.6994774120942515,0.12950497097331107,4,4
acid,23.5,True,0.24484226477683446,0.1496081378965821,0.057809891730681295,0.021022879047615357,0.6973478429557478,0.1296557379448152,4,4
acid,24.0,True,0.24725176224205114,0.14955471301140974,0.05753693432333784,0.020811938345050345,0.6952113028958762,0.129782870824238,4,4
acid,24.5,True,0.24966272223511665,0.1494785930785616,0.05726896533467252,0.02060268357144775,0.6930683118896996,0.12988638092316515,4,4
acid,25.0,True,0.252074637277111,0.14937981283275129,0.05700596716110007,0.020395110828019862,0.6909193950219161,0.1299662928447244,4,4
acid,25.5,True,0.2544869949417661,0.1492584201430947,0.05674792230730974,0.020189216180591472,0.6887650822077207,0.1300226444772984,4,4
acid,26.0,True,0.2568992781464552,0.14911447599887573,0.05649481339550788,0.019984995660129196,0.6866059079104481,0.13005548698765207,4,4
acid,26.5,True,0.25931096544055954,0.14894805447778872,0.05624662316965068,0.019782445271433486,0.6844424108439495,0.13006488478475436,4,4
acid,27.0,True,0.26172153131209797,0.14875924270071594,0.05600333447740302,0.01958156096101582,0.6822751336625771,0.13005091547592937,4,4
acid,27.5,True,0.26413044649845063,0.14854814076774056,0.0557649302867641,0.019382338643965928,0.6801046226632135,0.13001366981945395,4,4
acid,28.0,True,0.26653717830883716,0.1483148616803173,0.05553139367960036,0.01918477417945951,0.6779314274610176,0.1299532516424005,4,4
acid,28.5,True,0.26894119094000857,0.14805953126196814,0.055302707848120525,0.018988863371050924,0.6757561006594387,0.12986977775871394,4,4
acid,29.0,True,0.271341945816711,0.14778228803645263,0.05507885610396557,0.018794601972208915,0.6735791975248373,0.12976337786723802,4,4
acid,29.5,True,0.27373890193015116,0.14748328311411069,0.05485982186650973,0.018601985665184406,0.6714012756482424,0.1296341944370565,4,4
acid,30.0,True,0.2761315161739636,0.14716268005401,0.05464558867147862,0.018411010070847764,0.6692228945979622,0.12948238257323402,4,4
acid,30.5,True,0.2785192437022438,0.14682065471141997,0.05443614016913123,0.01822167073829274,0.6670446155704057,0.12930810986727168,4,4
acid,31.0,True,0.28090153827538267,0.14645739506980257,0.05423146012248359,0.018033963142218643,0.6648670010423186,0.1291115562470488,4,4
acid,31.5,True,0.2832778526232621,0.14607310105830257,0.05403153241194392,0.017847882679437186,0.6626906144038408,0.1288929137871944,4,4
acid,32.0,True,0.2856476388076179,0.1456679843500238,0.05383634102754109,0.017663424659466215,0.6605160196029164,0.12865238652340755,4,4
acid,32.5,True,0.2880103485779356,0.14524226816184038,0.05364587008396815,0.0174805843144157,0.6583437807751585,0.12839019024463091,4,4
acid,33.0,True,0.29036543375303425,0.14479618700784314,0.05346010380231914,0.017299356772188614,0.656174461881584,0.1281065522770595,4,4
acid,33.5,True,0.2927123465773923,0.14432998647794396,0.053279026528560425,0.017119737075545226,0.6540086263296802,0.12780171123759207,4,4
acid,34.0,True,0.29505054009817955,0.1438439229693026,0.05310262272498201,0.01694172016730187,0.6518468366117358,0.12747591679918296,4,4
acid,34.5,True,0.29737946853901354,0.14333826341979394,0.05293087697315346,0.016765300886649546,0.6496896539212038,0.12712942941346142,4,4
acid,35.0,True,0.2996985876647651,0.14281328503356502,0.05276377397590848,0.01659047396670643,0.6475376377904768,0.12676252004669014,4,4
acid,35.5,True,0.30200735516450194,0.14226927497097755,0.0526012985596902,0.016417234034287978,0.6453913457073468,0.1263754698809648,4,4
acid,36.0,True,0.30430523101167284,0.14170653005572661,0.05244343566959686,0.01624557559941924,0.6432513327492423,0.12596857001729933,4,4
acid,36.5,True,0.30659167783871066,0.14112535644994725,0.052290170384924894,0.016075493062731722,0.6411181512069875,0.12554212116027808,4,4
acid,37.0,True,0.3088661613067367,0.1405260693204468,0.05214148790368134,0.015906980698470997,0.6389923502191225,0.12509643329152648,4,4
acid,37.5,True,0.31112815046621667,0.1399089925031667,0.05199737355822409,0.015740032668011012,0.6368744754046141,0.12463182533722103,4,4
acid,38.0,True,0.3133771181186712,0.13927445815001557,0.0518578128112096,0.015574643003452205,0.6347650684981054,0.12414862481621122,4,4
acid,38.5,True,0.3156125411825361,0.13862280636411303,0.051722791258521084,0.01541080561211562,0.6326646669865543,0.123647167486584,4,4
acid,39.0,True,0.3178339010339107,0.1379543848380517,0.05159229463241877,0.015248514274885725,0.6305738037606368,0.12312779697982773,4,4
acid,39.5,True,0.3200406838659228,0.13726954846991446,0.0514663088024489,0.015087762639141173,0.6284930067586431,0.1225908644284081,4,4
acid,40.0,True,0.3222323810267158,0.13656865898288675,0.05134481978015526,0.014928544220759852,0.6264227986192208,0.12203672807879344,4,4
acid,40.5,True,0.3244084893573168,0.13585208452946188,0.05122781372114693,0.014770852403127598,0.6243636963472534,0.12146575291048703,4,4
acid,41.0,True,0.32656851152211563,0.13512019930076402,0.05111527692688855,0.014614680432590722,0.622316210976831,0.12087831023790575,4,4
acid,41.5,True,0.32871195633232125,0.13437338311863734,0.05100719584879426,0.01446002141834493,0.620280847244789,0.12027477730982258,4,4
acid,42.0,True,0.33083833906196597,0.13361202103145742,0.050903557090829776,0.01430686833442878,0.6182581032728798,0.11965553690455523,4,4
acid,42.5,True,0.332947181754209,0.13283650290600904,0.050804347413654916,0.014155214015054134,0.6162484702569582,0.1190209769244331,4,4
acid,43.0,True,0.33503801352231105,0.13204722301253402,0.05070955373713548,0.014005051155719298,0.6142524321654728,0.1183714899832388,4,4
acid,43.5,True,0.3371103708372375,0.1312445796135885,0.050619163144013934,0.01385637231211972,0.6122704654424118,0.11770747299175938,4,4
acid,44.0,True,0.3391637978118686,0.13042897454563931,0.05053316288339965,0.013709169902533529,0.6103030387283881,0.11702932674453766,4,4
acid,44.5,True,0.3411978464665025,0.12960081280732705,0.05045154037550126,0.013563436205660542,0.6083506125823188,0.11633745550433339,4,4
acid,45.0,True,0.34321207699479495,0.12876050214345436,0.05037428321279236,0.013419163360451732,0.6064136392156596,0.11563226658572545,4,4
acid,45.5,True,0.3452060580117697,0.12790845262970674,0.05030137916722105,0.013276343368954743,0.6044925622446379,0.11491416994401196,4,4
acid,46.0,True,0.34717936679144745,0.12704507626719327,0.05023281619177811,0.01313496809483148,0.6025878164399451,0.1141835777610656,4,4
acid,46.5,True,0.3491315894979252,0.12617078657017508,0.05016858242768568,0.012995029269425097,0.6006998274979345,0.11344090403492099,4,4
acid,47.0,True,0.3510623214012312,0.1252859981630177,0.05010866620251686,0.012856518484965196,0.5988290118192421,0.11268656417585418,4,4
acid,47.5,True,0.35297116708136667,0.12439112638087438,0.05005305604209587,0.012719427203533506,0.5969757762996665,0.11192097460464003,4,4
acid,48.0,True,0.3548577406243848,0.12348658687582188,0.05000174066806251,0.012583746753866153,0.5951405181312055,0.11114455235451264,4,4
acid,48.5,True,0.35672166580032194,0.12257279522852274,0.04995470900721888,0.012449468337341877,0.5933236246158414,0.1103577146782005,4,4
acid,49.0,True,0.358562576236586,0.12165016656439959,0.0499119501927818,0.01231658302671419,0.5915254729941567,0.10956087866575913,4,4
acid,49.5,True,0.36038011557289196,0.12071911518141298,0.04987345356965295,0.012185081768959318,0.5897464302813196,0.10875446086422601,4,4
acid,50.0,True,0.3621739376048691,0.1197800541806619,0.04983920870051117,0.012054955391883693,0.5879868531183802,0.10793887690714007,4,4
acid,50.5,True,0.3639437064209272,0.11883339510985877,0.04980920536847358,0.011926194601587156,0.5862470876347204,0.10711454114948886,4,4
acid,51.0,True,0.3656890965183547,0.11787954761111707,0.04978343358183479,0.011798789986697877,0.584527469323734,0.10628186631756201,4,4
acid,51.5,True,0.36740979291259235,0.11691891908352738,0.049761883579687444,0.011672732024609216,0.5828283229315535,0.10544126316112595,4,4
acid,52.0,True,0.36910549123467945,0.11595191434921104,0.049744545835138376,0.01154801108078573,0.5811499623541976,0.10459314011745466,4,4
acid,52.5,True,0.37077589781247566,0.11497893533463019,0.04973141106140791,0.011424617413745031,0.5794926905503573,0.10373790298488361,4,4
acid,53.0,True,0.37242072973979123,0.11400038076295987,0.04972247021607125,0.01130254118062403,0.5778567994687394,0.10287595461128855,4,4
acid,53.5,True,0.37403971494060806,0.11301664585002484,0.04971771450488355,0.011181772437309319,0.5762425699790356,0.10200769458480809,4,4
acid,54.0,True,0.37563259221271017,0.11202812202208838,0.04971713538645152,0.011062301142657001,0.5746502718252077,0.10113351894439183,4,4
acid,54.5,True,0.3771991112630924,0.11103519663720283,0.04972072457832492,0.010944117166618424,0.5730801635827741,0.1002538198957162,4,4
acid,55.0,True,0.3787390327331941,0.11003825272188458,0.049728474059530965,0.010827210289477522,0.5715324926316113,0.09936898554220694,4,4
acid,55.5,True,0.3802521282106185,0.10903766871904254,0.04974037607681763,0.010711570208662955,0.5700074951374674,0.09847939962276034,4,4
acid,56.0,True,0.3817381802297529,0.10803381824824708,0.04975642314750421,0.010597186541053879,0.5685053960476547,0.09758544127234778,4,4
acid,56.5,True,0.3831969822639053,0.10702706987760219,0.0497766080651634,0.01048404882898212,0.5670264090955667,0.09668748478121145,4,4
acid,57.0,True,0.3846283387031437,0.10601778690938096,0.049800923903859574,0.010372146544444958,0.5655707368174218,0.09578589937558062,4,4
acid,57.5,True,0.38603206482395536,0.10500632717769795,0.04982936402208628,0.010261469092226194,0.5641385705782502,0.09488104900999438,4,4
acid,58.0,True,0.38740798675031274,0.10399304285709264,0.04986192206803694,0.01015200581754106,0.5627300906060726,0.09397329216618894,4,4
acid,58.5,True,0.3887559414007978,0.10297828028444923,0.04989859198099248,0.01004374600471464,0.5613454660419563,0.09306298167011572,4,4
acid,59.0,True,0.3900757764312267,0.10196237979467236,0.04993936799998957,0.009936678888302618,0.5599848549933013,0.09215046452163995,4,4
acid,59.5,True,0.39136735016220403,0.1009456755691663,0.04998424466318586,0.009830793653641241,0.5586484045984833,0.0912360817296592,4,4
acid,60.0,True,0.39263053150525795,0.09992849549156915,0.05003321681540385,0.009726079441871142,0.5573362511026633,0.09032016816971943,4,4
acid,60.5,True,0.39386519987388496,0.09891116102139488,0.05008627961156781,0.009622525358057592,0.5560485199380942,0.0894030524436387,4,4
acid,61.0,True,0.3950712450891316,0.09789398707789501,0.05014342851688246,0.009520120468856032,0.5547853258165234,0.0884850567585918,4,4
acid,61.5,True,0.39624856728103297,0.09687728193202558,0.0502046593158223,0.009418853815311918,0.5535467728253005,0.08756649681305204,4,4
acid,62.0,True,0.3973970767748892,0.09586134711646543,0.0502699681119087,0.009318714409832729,0.5523329545347733,0.08664768169872468,4,4
acid,62.5,True,0.3985166939776278,0.09484647734182586,0.050339351333760635,0.009219691247183281,0.5511439541099937,0.08572891380899612,4,4
acid,63.0,True,0.39960734925373853,0.09383296042661395,0.05041280573631242,0.009121773304597642,0.5499798444307596,0.08481048876120999,4,4
acid,63.5,True,0.4006689827974041,0.0928210772363162,0.050490328405439384,0.009024949547581103,0.5488406882175161,0.0838926953323871,4,4
acid,64.0,True,0.4017015444950458,0.09181110163427089,0.05057191676151708,0.00892920893616098,0.5477265381620562,0.08297581539974248,4,4
acid,64.5,True,0.4027049937893857,0.09080330044290313,0.0506575685620933,0.008834540426862048,0.5466374370670581,0.08206012389676015,4,4
acid,65.0,True,0.4036792995290248,0.08979793341313119,0.05074728190288111,0.008740932976232157,0.5455734179856273,0.0811458887745909,4,4
acid,65.5,True,0.4046244398210317,0.08879525320582195,0.050841055224599016,0.008648375548595216,0.5445345043709007,0.08023337097941295,4,4
acid,66.0,True,0.40554040187468826,0.08779550538178481,0.05093888731307278,0.008556857118790376,0.5435207102276827,0.07932282443132813,4,4
acid,66.5,True,0.4064271818449289,0.0867989283993387,0.05104077730203483,0.008466366674858974,0.5425320402673035,0.07841449602065834,4,4
acid,67.0,True,0.407284784667613,0.08580575362174457,0.051146724676547246,0.008376893222743632,0.541568490068858,0.07750862560678144,4,4
acid,67.5,True,0.4081132238954698,0.08481620533404574,0.051256729274487545,0.00828842579110404,0.5406300462417173,0.07660544602709937,4,4
acid,68.0,True,0.4089125215287238,0.08383050076529665,0.051370791289575765,0.008200953435228253,0.5397166865922614,0.07570518311608683,4,4
acid,68.5,True,0.40968270784335487,0.08284885011977366,0.051488911273151264,0.008114465239111987,0.5388283802922004,0.07480805572942013,4,4
acid,69.0,True,0.4104238212193131,0.08187145661681117,0.05161109013701766,0.008028950321161072,0.5379650880508822,0.0739142757761607,4,4
acid,69.5,True,0.4111359079627154,0.08089851653254507,0.05173732915406213,0.007944397836781376,0.5371267622888871,0.0730240482591997,4,4
acid,70.0,True,0.4118190221291725,0.07993021925699671,0.05186762996079938,0.007860796981796788,0.5363133473137499,0.07213757132119458,4,4
acid,70.5,True,0.41247322534625425,0.07896674734641106,0.052001994558953726,0.007778136995378725,0.5355247794963827,0.07125503629708567,4,4
acid,71.0,True,0.41309858663169785,0.07800827659100916,0.05214042531798808,0.007696407165382308,0.5347609874504564,0.07037662777211924,4,4
acid,71.5,True,0.4136951822136836,0.07705497608156675,0.05228292497457298,0.007615596828597849,0.5340218922094988,0.06950252364591863,4,4
acid,72.0,True,0.4142630953502273,0.07610700828579903,0.052429496635516236,0.007535695376037541,0.5333074074100963,0.06863289520283244,4,4
acid,72.5,True,0.4148024161453193,0.07516452912558157,0.05258014377846048,0.007456692254787739,0.5326174394691667,0.06776790718465948,4,4
acid,73.0,True,0.41531324137084824,0.07422768806115505,0.052734870253407125,0.007378576971937983,0.5319518877666494,0.06690771787097499,4,4
acid,73.5,True,0.41579567428008923,0.07329662817912407,0.05289368028298536,0.0073013390955832674,0.5313106448251101,0.0660524791609762,4,4
acid,74.0,True,0.4162498244320023,0.07237148628398192,0.05305657846390276,0.007224968258609007,0.5306935964893774,0.06520233666039259,4,4
acid,74.5,True,0.4166758075061505,0.07145239299099337,0.05322356976792189,0.007149454162156581,0.5301006221085768,0.06435742977459448,4,4
acid,75.0,True,0.4170737451259909,0.07053947282781943,0.05339465954129485,0.007074786574999078,0.5295315947125723,0.06351789179962178,4,4
acid,75.5,True,0.4174437646778627,0.06963284433194382,0.0535698535069672,0.007000955338974597,0.5289863811918519,0.0626838500202315,4,4
acid,76.0,True,0.4177859991351751,0.06873262015645261,0.05374915776404452,0.006927950369909546,0.5284648424739657,0.06185542581108871,4,4
acid,76.5,True,0.4181005868813736,0.06783890717528189,0.05393257878836448,0.006855761658441754,0.5279668337003829,0.061032734737427416,4,4
acid,77.0,True,0.4183876715344492,0.06695180659128418,0.054120123432700645,0.0067843792747909306,0.5274922043991426,0.06021588665989271,4,4
acid,77.5,True,0.4186474017759489,0.06607141404493982,0.0543117989270425,0.006713793368157952,0.5270407986599446,0.05940498584159504,4,4
acid,78.0,True,0.41887993117657296,0.06519781972810886,0.05450761287853273,0.006643994169546431,0.5266124553038849,0.05860013105565101,4,4
acid,78.5,True,0.4190854180299913,0.06433110849423772,0.05470757327151552,0.006574971992854544,0.5262070080537733,0.05780141569498224,4,4
acid,79.0,True,0.4192640251831428,0.06347135997270018,0.0549116884672584,0.0065067172376564765,0.5258242857007056,0.05700892788329513,4,4
acid,79.5,True,0.41941591987243365,0.06261864868396537,0.05511996720385104,0.006439220388627995,0.5254641122706023,0.056222750587007764,4,4
acid,80.0,True,0.4195412735599792,0.061773044155520214,0.05533241859556441,0.006372472018779479,0.5251263071867108,0.055442961727705596,4,4
acid,80.5,True,0.4196402617738151,0.06093461103457634,0.05554905213344882,0.0063064627899454,0.5248106854309609,0.05466963429484134,4,4
acid,81.0,True,0.4197130639482551,0.0601034092081469,0.05576987768305362,0.006241183453429966,0.5245170577022704,0.053902836460406035,4,4
acid,81.5,True,0.41975986327068454,0.05927949391549811,0.055994905485074256,0.006176624851641968,0.5242452305729302,0.053142631692652195,4,4
acid,82.0,True,0.4197808465261181,0.05846291586625654,0.056224146155321036,0.006112777919438455,0.5239950066425331,0.05238907886902299,4,4
acid,82.5,True,0.4197762039479941,0.05765372135557895,0.056457610682063286,0.0060496336836164686,0.5237661846891756,0.05164223239117674,4,4
acid,83.0,True,0.41974612907006575,0.05685195238002349,0.05669531042672149,0.005987183265589975,0.5235585598166066,0.05090214229694821,4,4
acid,83.5,True,0.41969081858239665,0.056057646751291185,0.05693725712252809,0.005925417880990455,0.5233719236033413,0.050168854376598106,4,4
acid,84.0,True,0.41961047218735603,0.055270838210915205,0.05718346287349532,0.005864328839751998,0.5232060642416936,0.04944241028113687,4,4
acid,84.5,True,0.41950529246183654,0.05449155654435895,0.05743394015278111,0.005803907547529224,0.5230607666821679,0.04872284763761509,4,4
acid,85.0,True,0.4193754847196147,0.053719827693367334,0.057688701803358666,0.005744145506529547,0.5229358127681709,0.04801020015896379,4,4
acid,85.5,True,0.4192212568790189,0.05295567386598372,0.057947761033998874,0.005685034314209826,0.5228309813722181,0.047304497754226314,4,4
acid,86.0,True,0.41904281932977905,0.05219911364890428,0.05821113142094603,0.005626565665596657,0.5227460485282519,0.04660576663784965,4,4
acid,86.5,True,0.41884038480795305,0.05145016211562998,0.058478826904781456,0.005568731352359832,0.5226807875600946,0.04591402943789347,4,4
acid,87.0,True,0.4186141682686606,0.050708830934293056,0.05875086178927513,0.005511523263060426,0.5226349692082632,0.04522930530266904,4,4
acid,87.5,True,0.41836438676477045,0.04997512847511721,0.05902725074043158,0.0054549333831502905,0.5226083617541899,0.04455161000717085,4,4
acid,88.0,True,0.4180912593279226,0.049249059914686186,0.059308008784571264,0.005398953796381314,0.5226007311403824,0.04388095605664465,4,4
acid,88.5,True,0.41779500685141385,0.04853062733929019,0.0595931513066722,0.005343576682328911,0.522611841087546,0.043217352789698966,4,4
acid,89.0,True,0.41747585197729475,0.04781982984857982,0.059882694049544216,0.005288794318706718,0.5226414532119444,0.04256080647960909,4,4
acid,89.5,True,0.4171340189850839,0.04711666365398293,0.060176653110602385,0.005234599079637282,0.5226893271356031,0.04191132043445097,4,4
acid,90.0,True,0.416769733683979,0.04642112217933703,0.06047504494186701,0.00518098343649529,0.5227552205978938,0.041268895095997606,4,4
acid,90.5,True,0.41638322330889155,0.045733196156752545,0.06077788634670234,0.005127939956405322,0.5228388895604716,0.04063352813481729,4,4
acid,91.0,True,0.4159747164161204,0.045052873722777144,0.061085194479060245,0.0050754613038753804,0.522940088313155,0.04000521454764011,4,4
acid,91.5,True,0.41554444278586733,0.04438014051145331,0.06139698684070466,0.005023540238727031,0.5230585695739156,0.0393839467484555,4,4
acid,92.0,True,0.41509263332346197,0.043714979746673946,0.06171328127958092,0.004972169615782888,0.5231940845889793,0.03876971466134148,4,4
acid,92.5,True,0.41461951996691476,0.043057372332113826,0.06203409598878884,0.004921342386764222,0.5233463832280266,0.03816250581099093,4,4
acid,93.0,True,0.4141253355948657,0.0424072969389044,0.062359449502134845,0.004871051595648012,0.5235152140783544,0.037562305409207256,4,4
acid,93.5,True,0.41361031393623987,0.04176473009365482,0.06268936069474956,0.004821290382609597,0.5237003245356087,0.03696909644261286,4,4
acid,94.0,True,0.4130746894864326,0.04112964626036951,0.06302384877920203,0.004772051980279969,0.5239014608922066,0.036382859757169365,4,4
acid,94.5,True,0.4125186974217668,0.04050201792583324,0.06336293330337639,0.004723329714921492,0.5241183684236497,0.03580357414018297,4,4
acid,95.0,True,0.41194257351842567,0.03988181567867554,0.06370663414949351,0.0046751170047818974,0.5243507914716659,0.035231216401629004,4,4
acid,95.5,True,0.41134655407371046,0.03926900828942055,0.06405497153044032,0.004627407360218955,0.5245984735262263,0.034665761454255664,4,4
acid,96.0,True,0.4107308758300038,0.038663562786890385,0.06440796598793097,0.004580194382590095,0.5248611573027071,0.034107182389314525,4,4
acid,96.5,True,0.41009577589990603,0.038065444533793465,0.0647656383903697,0.00453347176365383,0.5251385848205545,0.033555450553628074,4,4
acid,97.0,True,0.40944149169497984,0.03747461730052491,0.06512800993030421,0.00448723328510398,0.5254304974758941,0.03301053562303866,4,4
acid,97.5,True,0.40876826085552154,0.0368910433365617,0.06549510212192078,0.004441472817248395,0.5257366361138203,0.03247240567297551,4,4
acid,98.0,True,0.4080763211837257,0.03631468344045878,0.06586693679817845,0.00439618431844126,0.5260567410989501,0.031941027251444584,4,4
acid,98.5,True,0.4073659105787858,0.035745497026993284,0.0662435361092617,0.0043513618351763254,0.5263905523827384,0.031416365445324015,4,4
acid,99.0,True,0.40663726697279245,0.0351834421953545,0.06662492251888197,0.0043069994994459964,0.5267378095683145,0.030898383947291105,4,4
acid,99.5,True,0.40589062827105227,0.03462847579136052,0.06701111880230703,0.004263091530031743,0.5270982519760825,0.030387045122034516,4,4
acid,100.0,True,0.40512623229124745,0.03408055347222129,0.0674021480435022,0.004219632229831737,0.5274716187036871,0.029882310068676386,4,4
acid,100.5,True,0.40434431670895166,0.03353962976674343,0.06779803363281267,0.0041766159859480045,0.5278576486856673,0.029384138682516832,4,4
acid,101.0,True,0.40354511899975964,0.033005658134311146,0.0681987992635219,0.004134037269020798,0.5282560807527703,0.02889248971506258,4,4
acid,101.5,True,0.4027288763885639,0.032478591023521755,0.0686044689295201,0.004091890631675355,0.528666653686713,0.028407320832125278,4,4
acid,102.0,True,0.4018958257965277,0.031958379927725156,0.06901506692261195,0.004050170707575536,0.5290891062742081,0.027928588670780925,4,4
acid,102.5,True,0.40104620379145806,0.03144497543919033,0.06943061782917204,0.004008872211333236,0.5295231773606301,0.027456248894418105,4,4
acid,103.0,True,0.40018024654167594,0.030938327302359188,0.06985114652818813,0.003967989936952107,0.5299686059001552,0.02699025624631725,4,4
acid,103.5,True,0.39929818976724984,0.030438384465399763,0.07027667818647332,0.0039275187567557705,0.5304251310038477,0.02653056460115926,4,4
acid,104.0,True,0.3984002686976823,0.029945095129135645,0.07070723825844394,0.0038874536211517155,0.5308924919890795,0.026077127015740657,4,4
acid,104.5,True,0.3974867180279035,0.02945840679585715,0.07114285248037422,0.003847789556841176,0.5313704284247434,0.02562989577830382,4,4
acid,105.0,True,0.3965577718767488,0.02897826631610227,0.07158354686902235,0.0038085216666998733,0.531858680174857,0.025188822455396942,4,4
acid,105.5,True,0.39561366374735174,0.028504619934013126,0.07202934771799452,0.0037696451278453782,0.5323569874424727,0.02475385793791281,4,4
acid,106.0,True,0.3946546264887302,0.028037413330333685,0.07248028159463626,0.0037311551917425453,0.5328650908114491,0.02432495248657544,4,4
acid,106.5,True,0.39368089225913505,0.027576591666073638,0.0729363753367851,0.003693047182716363,0.5333827312859335,0.023902055774102517,4,4
acid,107.0,True,0.3926926924893992,0.02712209962290163,0.0733976560499533,0.0036553164966889773,0.5339096503293866,0.023485116927413122,4,4
acid,107.5,True,0.3916902578494086,0.026673881443491802,0.0738641511034005,0.0036179586009401606,0.5344455899026768,0.023074084568841777,4,4
acid,108.0,True,0.39067381821485114,0.0262318809689669,0.07433588812760794,0.0035809690324472765,0.5349902924994682,0.02266890685420676,4,4
acid,108.5,True,0.38964360263617215,0.025796041677433164,0.07481289500990695,0.0035443433973644236,0.5355435011823867,0.02226953151222663,4,4
acid,109.0,True,0.3885998393058365,0.025366306718790536,0.07529519989235567,0.0035080773700593196,0.5361049596161738,0.02187590587984268,4,4
acid,109.5,True,0.3875427555324884,0.024942618950086443,0.07578283116725648,0.0034721666916072403,0.5366744121008682,0.021487976938638038,4,4
acid,110.0,True,0.3864725777089073,0.024524920969288738,0.07627581747442214,0.0034366071700232407,0.5372516036031283,0.02110569134835243,4,4
acid,110.5,True,0.3853895312879996,0.024113155146853034,0.07677418769673483,0.0034013946774138367,0.5378362797873182,0.020728995481954064,4,4
acid,111.0,True,0.3842938407549179,0.023707263657322616,0.07727797095799516,0.003366525151141092,0.5384281870449842,0.020357835455042956,4,4
acid,111.5,True,0.38318572960255315,0.023307188509817833,0.0777871966178012,0.003331994591493198,0.5390270725227214,0.019992157158919936,4,4
acid,112.0,True,0.38206542030773394,0.02291287157675377,0.07830189426898115,0.003297799061216658,0.5396326841517057,0.019631906289339966,4,4
acid,112.5,True,0.3809331343080091,0.022524254622202942,0.07882209373333282,0.003263934684254407,0.540244770672535,0.019277028376093713,4,4
acid,113.0,True,0.37978909197899924,0.02214127932806882,0.07934782505790439,0.0032303976451603,0.5408630816618742,0.018927468809708775,4,4
acid,113.5,True,0.3786335126144541,0.02176388732199245,0.07987911851167762,0.0031971841883255523,0.5414873675576304,0.01858317286954975,4,4
acid,114.0,True,0.37746661440431206,0.021392020199012245,0.08041600458096043,0.003164290616317466,0.5421173796830575,0.01824408574928496,4,4
acid,114.5,True,0.3762886144164923,0.02102561954986855,0.08095851396656972,0.003131713289901126,0.5427528702700024,0.01791015258076836,4,4
acid,115.0,True,0.37509972857735496,0.020664626980637823,0.08150667757844676,0.0030994486266966584,0.5433935924815392,0.01758131845972669,4,4
acid,115.5,True,0.37390017165447875,0.020308984137071325,0.08206052653292328,0.0030674930996377786,0.5440393004342708,0.017257528467266275,4,4
acid,116.0,True,0.37269015723875865,0.019958632725284763,0.08262009214807242,0.003035843237352969,0.5446897492192015,0.01693872769306808,4,4
acid,116.5,True,0.3714698977280162,0.01961351453234937,0.0831854059399062,0.0030044956220435,0.5453446949220814,0.01662486125680493,4,4
acid,117.0,True,0.37023960431251113,0.019273571446348305,0.08375649961744891,0.0029734468897663793,0.5460038946438761,0.0163158743279568,4,4
acid,117.5,True,0.3689994869580243,0.018938745475161504,0.08433340508014198,0.002942693728743732,0.5466671065194606,0.016011712146170032,4,4
acid,118.0,True,0.36774975439261837,0.01860897876443794,0.08491615441193201,0.0029122328784518723,0.5473340897369228,0.015712320039987553,4,4
acid,118.5,True,0.36649061409256556,0.01828421361542581,0.08550477987737115,0.0028820611294306346,0.5480046045550774,0.015417643445269065,4,4
acid,119.0,True,0.365222272269608,0.017964392502165194,0.0860993139181615,0.002852175322192075,0.5486784123207716,0.015127627922221772,4,4
acid,119.5,True,0.36394493385724647,0.017649458086033992,0.08669978914756238,0.002822572345593853,0.5493552754868153,0.014842219172836213,4,4
acid,120.0,True,0.3626588025000266,0.017339353232284953,0.0873062383468931,0.002793249137126847,0.5500349576281621,0.014561363056764628,4,4
acid,120.5,True,0.3613640805410351,0.017034021024592002,0.08791869445988476,0.002764202681956757,0.5507172234569258,0.01428500560621804,4,4
acid,121.0,True,0.36006096901192164,0.01673340477872886,0.08853719058916909,0.0027354300108875696,0.5514018388397546,0.01401309304123407,4,4
acid,121.5,True,0.35874966762144966,0.016437448056236825,0.08916175999093556,0.0027069282015712735,0.5520885708113765,0.013745571784198185,4,4
acid,122.0,True,0.3574303747463231,0.016146094676956275,0.08979243607057374,0.002678694375599134,0.5527771875894066,0.013482388472163152,4,4
acid,122.5,True,0.3561032874212777,0.015859288731442378,0.09042925237801036,0.0026507256994863834,0.5534674585901261,0.013223489971108159,4,4
acid,123.0,True,0.3547686013298662,0.015576974592735986,0.09107224260175573,0.0026230193828447,0.5541591544401536,0.012968823386986964,4,4
acid,123.5,True,0.35342651079668663,0.015299096927397893,0.09172144056561471,0.0025955726778686687,0.5548520469919604,0.012718336079094419,4,4
acid,124.0,True,0.35207720877813986,0.015025600705222913,0.09237688022288582,0.0025683828789158053,0.5555459093354448,0.012471975669801232,4,4
acid,124.5,True,0.3507208868554629,0.014756431210547845,0.09303859565112926,0.0025414473211063607,0.5562405158119621,0.012229690055885,4,4
acid,125.0,True,0.3493577352269295,0.014491534051704221,0.0937066210479065,0.002514763380566839,0.5569356420260657,0.011991427419352064,4,4
acid,125.5,True,0.3479879427010085,0.014230855168825246,0.09438099072411887,0.002488328472638278,0.5576310648579136,0.011757136236209127,4,4
acid,126.0,True,0.34661169668935565,0.013974340843635769,0.09506173910074633,0.002462140051535903,0.5583265624747868,0.011526765285830902,4,4
acid,126.5,True,0.345229183201165,0.013721937707037217,0.09574890070190856,0.0024361956104795995,0.5590219143436354,0.011300263660485903,4,4
acid,127.0,True,0.34384058683664676,0.01347359274677241,0.09644251015035465,0.0024104926793557264,0.5597169012414999,0.011077580773123343,4,4
acid,127.5,True,0.34244609078146193,0.013229253315503372,0.09714260216196757,0.002385028825842613,0.560411305266656,0.010858666365137866,4,4
acid,128.0,True,0.34104587680187926,0.01298886713629644,0.09784921153965787,0.0023598016532072035,0.5611049098500076,0.010643470514018994,4,4
acid,128.5,True,0.339640125238988,0.012752382309964049,0.09856237316893668,0.002334808800476747,0.5617974997654124,0.010431943640804577,4,4
acid,129.0,True,0.33822901500450697,0.01251974732124925,0.09928212201106013,0.0023100479420003557,0.5624888611392015,0.010224036516097048,4,4
acid,129.5,True,0.33681272357607983,0.012290911044064724,0.1000084930980194,0.002285516785727059,0.5631787814621841,0.01001970026697798,4,4
acid,130.0,True,0.33539142699343105,0.012065822746995136,0.10074152152661497,0.002261213073671283,0.5638670495975162,0.009818886382643124,4,4
acid,130.5,True,0.3339652998538556,0.011844432098250613,0.10148124245271117,0.002237134580919058,0.5645534557920939,0.009621546719556569,4,4
acid,131.0,True,0.33253451530923517,0.011626689170454304,0.10222769108525487,0.0022132791146923657,0.5652377916853524,0.009427633507991938,4,4
acid,131.5,True,0.3310992450623329,0.011412544444928186,0.10298090267985005,0.0021896445142380707,0.5659198503187579,0.009237099355352975,4,4
acid,132.0,True,0.3296596593631296,0.01120194881549988,0.10374091253353979,0.002166228649793597,0.5665994261452867,0.009049897251746725,4,4
acid,132.5,True,0.328215927006964,0.010994853592571529,0.1045077559780061,0.0021430294223936867,0.5672763150380844,0.008865980573869992,4,4
acid,133.0,True,0.3267682153309248,0.010791210506208763,0.10528146837338048,0.0021200447630762413,0.5679503142996256,0.008685303089230182,4,4
acid,133.5,True,0.3253166902115745,0.010590971709579294,0.10606208510233195,0.002097272632227751,0.5686212226709009,0.008507818959686083,4,4
acid,134.0,True,0.3238615160625624,0.010394089781475376,0.1068496415634057,0.002074711019310373,0.5692888403395768,0.008333482744820344,4,4
acid,134.5,True,0.3224028558335146,0.01020051772918765,0.1076441731648059,0.0020523579423860528,0.5699529689482119,0.00816224940481784,4,4
acid,135.0,True,0.3209408710062589,0.010010208990766474,0.10844571531729019,0.002030211446595326,0.5706134116036654,0.007994074303887336,4,4
acid,135.5,True,0.31947572159490845,0.00982311743699058,0.10925430342847986,0.0020082696051227592,0.5712699728846471,0.007828913212673759,4,4
acid,136.0,True,0.31800756614336345,0.009639197373748354,0.11006997289553233,0.0019865305175666916,0.5719224588497385,0.007666722309891704,4,4
acid,136.5,True,0.31653656172447864,0.009458403542335075,0.11089275909842433,0.0019649923097530904,0.5725706770463024,0.007507458185793616,4,4
acid,137.0,True,0.3150628639388975,0.009280691123166858,0.1117226973935126,0.0019436531335733911,0.5732144365173386,0.00735107784289451,4,4
acid,137.5,True,0.3135866269134979,0.009106015734487365,0.11255982310634516,0.0019225111657906143,0.5738535478106432,0.0071975386980911455,4,4
acid,138.0,True,0.3121080033013368,0.008934333435041075,0.11340417152436166,0.001901564608222827,0.5744878229854145,0.007046798584446123,4,4
acid,138.5,True,0.31062714428070626,0.008765600723933028,0.11425577789050956,0.0018808116868613447,0.5751170756201907,0.006898815751742217,4,4
acid,139.0,True,0.30914419955485606,0.008599774542062889,0.11511467739591663,0.0018602506514028146,0.5757411208214547,0.006753548868093803,4,4
acid,139.5,True,0.30765931735127205,0.008436812271929744,0.11598090517192516,0.0018398797751289218,0.5763597752293514,0.006610957020573751,4,4
acid,140.0,True,0.30617264442178715,0.00827667173788828,0.11685449628401345,0.0018196973542782804,0.5769728570270971,0.006470999716097134,4,4
acid,140.5,True,0.3046843260431642,0.008119311206611022,0.11773548572333037,0.0017997017073394055,0.5775801859470298,0.006333636881360235,4,4
acid,141.0,True,0.30319450601593023,0.007964689386855024,0.11862390839989523,0.0017798911749285465,0.5781815832780202,0.006198828864184139,4,4
acid,141.5,True,0.3017033266659308,0.007812765428725096,0.11951979913477073,0.0017602641190995548,0.5787768718734376,0.006066536432614352,4,4
acid,142.0,True,0.3002109288444965,0.007663498924242175,0.12042319265251344,0.0017408189233472132,0.5793658761576725,0.0059367207757702965,4,4
acid,142.5,True,0.29871745192830423,0.007516849905910572,0.12133412357367979,0.001721553991679149,0.5799484221332696,0.005809343503023076,4,4
acid,143.0,True,0.29722303382076487,0.007372778846544343,0.12225262640633283,0.0017024677486522396,0.5805243373883662,0.005684366643887042,4,4
acid,143.5,True,0.29572781095341116,0.007231246657928723,0.12317873553926995,0.0016835586387164022,0.5810934511032706,0.0055617526485530104,4,4
acid,144.0,True,0.2942319182856201,0.007092214690615617,0.12411248523336305,0.001664825125914197,0.5816555940575674,0.005441464385367408,4,4
acid,144.5,True,0.2927354893067502,0.006955644732382637,0.12505390961342622,0.001646265693309932,0.5822105986366399,0.005323465141886884,4,4
acid,145.0,True,0.29123865603711274,0.006821499007209165,0.1260030426606662,0.0016278788428959745,0.5827582988396363,0.0052077186231216,4,4
acid,145.5,True,0.28974154902955407,0.006689740173287894,0.12695991820391161,0.001609663095352797,0.5832985302843818,0.0050941889513820265,4,4
acid,146.0,True,0.28824429737051016,0.006560331323257284,0.12792456991220225,0.001591616988732687,0.5838311302156785,0.0049828406638454045,4,4
acid,146.5,True,0.2867470286822549,0.006433235980026929,0.1288970312854909,0.0015737390794574413,0.5843559375112439,0.0048736387127930065,4,4
acid,147.0,True,0.28524986912439876,0.00630841809835484,0.1298773356467886,0.0015560279411571778,0.5848727926882069,0.004766548463338048,4,4
acid,147.5,True,0.2837529433960262,0.006185842060370096,0.1308655161336436,0.0015384821644548077,0.5853815379104066,0.004661535692844392,4,4
acid,148.0,True,0.28225637473736076,0.006065472675604973,0.13186160568970373,0.0015211003566978475,0.5858820169934997,0.004558566588724018,4,4
acid,148.5,True,0.28076028493267957,0.005947275177833633,0.1328656370553627,0.001503881141380985,0.5863740754131208,0.004457607747083077,4,4
acid,149.0,True,0.2792647943116455,0.005831215223502436,0.13387764276026615,0.0014868231582107747,0.5868575603100723,0.004358626171231263,4,4
acid,149.5,True,0.2777700217523327,0.005717258890187861,0.1348976551133474,0.0014699250628563982,0.5873323204969305,0.004261589269713079,4,4
acid,150.0,True,0.2762760846840573,0.005605372674043463,0.13592570619461175,0.0014531855259601,0.5877982064647069,0.004166464854482891,4,4
acid,150.5,True,0.2747830990892375,0.005495523486777138,0.13696182784600497,0.0014366032336260784,0.5882550703888711,0.004073221138847758,4,4
acid,151.0,True,0.27329117950686266,0.005387678654969576,0.13800605166289226,0.0014201768866457752,0.5887027661352906,0.003981826735684856,4,4
acid,151.5,True,0.2718004390353801,0.005281805916124754,0.13905840898384425,0.0014039052000278374,0.5891411492667809,0.0038922506552306183,4,4
acid,152.0,True,0.2703109893348876,0.005177873417421892,0.14011893088272664,0.0013877869038269733,0.5895700770491841,0.003804462303295734,4,4
acid,152.5,True,0.2688229406317688,0.005075849712341605,0.14118764815868046,0.0013718207413150622,0.5899894084574198,0.003718431477749033,4,4
acid,153.0,True,0.2673364017201918,0.004975703758595679,0.14226459132754554,0.0013560054697228892,0.5903990041811746,0.0036341283681085444,4,4
acid,153.5,True,0.2658514799674938,0.0048774049155620525,0.14334979061156328,0.0013403398596405491,0.5907987266310366,0.0035515235514431056,4,4
acid,154.0,True,0.2643682813156245,0.0047809229413910935,0.14444327593077233,0.001324822694996132,0.5911884399450174,0.0034705879917861517,4,4
acid,154.5,True,0.26288691028628075,0.004686227989933374,0.14554507689312768,0.0013094527723958047,0.5915680099931875,0.00339129303522061,4,4
acid,155.0,True,0.2614074699840985,0.004593290609080674,0.14665522278492493,0.0012942289011901905,0.591937304384782,0.0033136104098823328,4,4
acid,155.5,True,0.25993006210062175,0.004502081736763509,0.1477737425618353,0.00127914990329291,0.5922961924729464,0.003237512221745129,4,4
acid,156.0,True,0.2584547869177445,0.004412572698849604,0.14890066483802533,0.0012642146125064055,0.5926445453608431,0.0031629709525444276,4,4
acid,156.5,True,0.2569817433128452,0.004324735205529885,0.15003601787783039,0.0012494218748309751,0.5929822359077574,0.0030899594572463395,4,4
acid,157.0,True,0.2555110287620066,0.004238541349574569,0.151179829584569,0.0012347705477279945,0.593309138733511,0.00301845096089669,4,4
acid,157.5,True,0.2540427393446787,0.00415396360202274,0.15233212749171665,0.0012202595001061705,0.5936251302254281,0.0029484190564872765,4,4
acid,158.0,True,0.2525769697484248,0.004070974809707421,0.15349293875269177,0.0012058876126732608,0.5939300885425824,0.002879837701308402,4,4
acid,158.5,True,0.25111381327294624,0.003989548192938484,0.15466229013058608,0.0011916537762743512,0.5942238936221256,0.0028126812150605154,4,4
acid,159.0,True,0.2496533618349117,0.00390965734122031,0.15584020798881104,0.0011775568932566594,0.5945064271837552,0.0027469242763167195,4,4
acid,159.5,True,0.2481957059731199,0.0038312762106814066,0.1570267182803009,0.0011635958764556734,0.5947775727362103,0.0026825419200696378,4,4
acid,160.0,True,0.24674093485244075,0.0037543791215493374,0.15822184653818683,0.0011497696490541487,0.5950372155812123,0.002619509534227801,4,4
acid,160.5,True,0.2452891362700882,0.0036789407537428783,0.1594256178645559,0.0011360771445831995,0.5952852428194877,0.002557802857411077,4,4
acid,161.0,True,0.2438403966594782,0.003604936144881823,0.16063805692145827,0.0011225173061504559,0.5955215433556538,0.0024973979754029495,4,4
acid,161.5,True,0.24239480109594647,0.0035323406863942523,0.16185918791991605,0.0011090890872553505,0.5957460079032695,0.00243827131832054,4,4
acid,162.0,True,0.24095243330260474,0.0034611301207536035,0.16308903460965363,0.0010957914507117236,0.5959585289895819,0.0023803996575886637,4,4
acid,162.5,True,0.23951337565461528,0.003391280537696742,0.16432762026902248,0.001082623368903552,0.5961590009607998,0.002323760103279851,4,4
acid,163.0,True,0.2380777091858799,0.0033227683715072254,0.1655749676948981,0.0010695838235410921,0.5963473199866176,0.0022683300998553894,4,4
acid,163.5,True,0.23664551359373065,0.003255570397889656,0.16683109919121697,0.0010566718054108497,0.596523384065073,0.002214087424690463,4,4
acid,164.0,True,0.23521686724542468,0.003189663729871718,0.16809603656023353,0.0010438863143679689,0.5966870930276535,0.0021610101838303968,4,4
acid,164.5,True,0.23379184718319568,0.003125025815439365,0.16936980109011346,0.0010312263589846622,0.5968383485432383,0.002109076808945045,4,4
acid,165.0,True,0.23237052913124834,0.0030616344334395184,0.17065241354594085,0.0010186909561247727,0.5969770541227604,0.002058266055386189,4,4
acid,165.5,True,0.23095298750092086,0.002999467691293537,0.17194389415853273,0.0010062791316030751,0.5971031151238149,0.0020085569968157422,4,4
acid,166.0,True,0.22953929539692997,0.002938504020820252,0.17324426261439152,0.00099398991900957,0.5972164387556822,0.001959929024508292,4,4
acid,166.5,True,0.2281295246243098,0.0028787221748631376,0.1745535380444363,0.0009818223610964629,0.597316934081854,0.0019123618426224792,4,4
acid,167.0,True,0.22672374569396303,0.0028201012250912683,0.17587173901401076,0.000969775507522703,0.5974045120263616,0.0018658354651885317,4,4
acid,167.5,True,0.22532202783015487,0.0027626205573959626,0.17719888351197532,0.0009578484162186698,0.5974790853764678,0.0018203302137768712,4,4
acid,168.0,True,0.2239244389752315,0.002706259869047731,0.17853498894040976,0.0009460401530179369,0.5975405687871083,0.0017758267132958177,4,4
acid,168.5,True,0.22253104579825211,0.002650999166172571,0.17988007210364976,0.0009343497912121058,0.5975888787848049,0.0017323058892211131,4,4
acid,169.0,True,0.22114191370109504,0.0025968187589024165,0.18123414919846148,0.000922776411422212,0.5976239337717182,0.001689748964983596,4,4
acid,169.5,True,0.21975710682467509,0.002543699259381421,0.18259723580191234,0.0009113191017903475,0.5976456540292829,0.001648137457846196,4,4
acid,170.0,True,0.218376688056382,0.0024916215774463783,0.1839693468624337,0.0008999769573994781,0.5976539617216503,0.0016074531759059647,4,4
acid,170.5,True,0.21700071903776874,0.0024405669188382884,0.18535049668827464,0.0008887490809875833,0.5976487808994069,0.001567678215672611,4,4
acid,171.0,True,0.21562926017021367,0.0023905167795827613,0.18674069893709344,0.0008776345815260071,0.5976300375030719,0.0015287949579019615,4,4
acid,171.5,True,0.21426237062330267,0.0023414529450357722,0.18813996660541066,0.0008666325752353279,0.5975976593668164,0.0014907860651294897,4,4
acid,172.0,True,0.21290010834215667,0.0022933574850507957,0.18954831201789535,0.0008557421848232204,0.5975515762208505,0.0014536344779418444,4,4
acid,172.5,True,0.21154253005395418,0.0022462127516502794,0.19096574681734535,0.0008449625400027212,0.5974917196950869,0.0014173234121780385,4,4
acid,173.0,True,0.21018969127600817,0.0022000013745727626,0.19239228195325198,0.0008342927762461704,0.5974180233225823,0.001381836355752862,4,4
acid,173.5,True,0.2088416463238152,0.002154706259560419,0.1938279276721966,0.0008237320363601723,0.5973304225419529,0.001347157065108188,4,4
acid,174.0,True,0.20749844831738362,0.0021103105839485386,0.19527269350669285,0.0008132794684520678,0.5972288546997884,0.0013132695627037438,4,4
acid,174.5,True,0.20616014919064285,0.0020667977936332754,0.19672658826488942,0.000802934227494575,0.5971132590543993,0.0012801581329666219,4,4
acid,175.0,True,0.20482679969754947,0.002024151600294122,0.19818962002082774,0.0007926954743700288,0.5969835767777876,0.001247807320376338,4,4
acid,175.5,True,0.20349844942166295,0.0019823559777055783,0.19966179610300672,0.0007825623760636885,0.5968397509580059,0.001216201924900563,4,4
acid,176.0,True,0.2021751467830013,0.0019413951586178613,0.20114312308477933,0.0007725341048017692,0.5966817266016833,0.0011853270004095493,4,4
acid,176.5,True,0.20085693904609014,0.001901253631808909,0.20263360677374997,0.0007626098393665163,0.5965094506362734,0.001155167849989354,4,4
acid,177.0,True,0.19954387232890003,0.001861916138646192,0.20413325220197676,0.0007527887638266228,0.5963228719122471,0.0011257100242078207,4,4
acid,177.5,True,0.19823599161028493,0.00182336767004461,0.20564206361500803,0.0007430700680317124,0.5961219412050356,0.0010969393169581686,4,4
acid,178.0,True,0.19693334073897506,0.0017855934632389143,0.20716004446247327,0.0007334529475384013,0.5959066112162514,0.0010688417632971525,4,4
acid,178.5,True,0.19563596244123738,0.0017485789987187247,0.20868719738778574,0.0007239366025136497,0.5956768365761866,0.0010414036358778861,4,4
acid,179.0,True,0.19434389832934107,0.00171230999717087,0.21022352421831703,0.0007145202394798146,0.5954325738452559,0.0010146114419124592,4,4
acid,179.5,True,0.1930571889110777,0.0016767724163621088,0.21176902595496094,0.000705203069645887,0.5951737815149682,0.0009884519200445865,4,4
acid,180.0,True,0.1917758735963948,0.0016419524475108547,0.2133237027630297,0.0006959843096039024,0.5949004200095642,0.0009629120379535227,4,4
acid,180.5,True,0.1904999907084981,0.0016078365136491936,0.21488755396195658,0.0006868631811247377,0.5946124516870432,0.0009379789886431888,4,4
acid,181.0,True,0.18922957748995772,0.0015744112646761102,0.21646057801577578,0.0006778389109286785,0.594309840839996,0.0009136401876376414,4,4
acid,181.5,True,0.18796467011364393,0.0015416635764197275,0.2180427725238243,0.0006689107307909142,0.5939925536970481,0.000889883270310076,4,4
acid,182.0,True,0.1867053036898325,0.001509580545170538,0.21963413421080547,0.0006600778770277806,0.5936605584226373,0.0008666960888402504,4,4
acid,182.5,True,0.18545151227647438,0.001478149487049304,0.2212346589176295,0.0006513395916635145,0.5933138251182635,0.0008440667086585047,4,4
acid,183.0,True,0.18420332888688384,0.0014473579337790298,0.22284434159214328,0.0006426951204809984,0.5929523258227376,0.0008219834066377709,4,4
acid,183.5,True,0.18296078549939754,0.0014171936300891288,0.22446317627988766,0.0006341437146554762,0.5925760345118491,0.000800434667561441,4,4
acid,184.0,True,0.18172391306650604,0.001387644530572202,0.22609115611518793,0.0006256846295288421,0.5921849270991986,0.0007794091806630085,4,4
acid,184.5,True,0.1804927415233193,0.0013586987968391352,0.22772827331185574,0.0006173171254475248,0.591778981435559,0.0007588958380777862,4,4
acid,185.0,True,0.17926729979680922,0.0013303447951209938,0.22937451915489016,0.0006090404671257326,0.5913581773090981,0.0007388837313507488,4,4
acid,185.5,True,0.17804761581596829,0.0013025710926755911,0.23102988399129054,0.0006008539237069801,0.5909224964439908,0.000719362148051319,4,4
acid,186.0,True,0.17683371651944224,0.0012753664555173229,0.23269435722153564,0.0005927567687144589,0.5904719225006683,0.0007003205701026427,4,4
acid,186.5,True,0.17562562786588298,0.0012487198453371502,0.23436792729158995,0.000584748280141615,0.5900064410749306,0.000681748669971377,4,4
acid,187.0,True,0.1744233748427193,0.0012226204166305074,0.23605058168396642,0.0005768277400422558,0.589526039696614,0.0006636363087381402,4,4
acid,187.5,True,0.1732269814756493,0.0011970575143770007,0.237742306910399,0.0005689944349157328,0.5890307078282031,0.0006459735327888066,4,4
acid,188.0,True,0.1720364708381883,0.0011720206704953426,0.23944308850318285,0.000561247655694197,0.588520436864387,0.000628750571492993,4,4
acid,188.5,True,0.17085186506046735,0.0011474996026251518,0.24115291100731961,0.0005535866967505137,0.5879952201294503,0.0006119578340514588,4,4
acid,189.0,True,0.1696731853391975,0.0011234842092092206,0.24287175797305105,0.0005460108573384539,0.587455052876662,0.0005955859073414817,4,4
acid,189.5,True,0.1685004519472455,0.0010999645689750437,0.24459961194872593,0.0005385194402678063,0.5868999322850843,0.0005796255529173446,4,4
acid,190.0,True,0.1673336842420714,0.0010769309364495432,0.24633645447252883,0.000531111752284933,0.5863298574586839,0.0005640677048563591,4,4
acid,190.5,True,0.16617290067660884,0.0010543737417556332,0.2480822660662907,0.0005237871049233368,0.5857448294226686,0.0005489034661821379,4,4
acid,191.0,False,0.16501811880789696,0.0010322835850498052,0.2498370262277727,0.0005165448123099929,0.585144851122571,0.0005341241071312226,4,3
acid,191.5,False,0.1638693553069337,0.0010106512361115767,0.25160071342406054,0.0005093841936319695,0.5845299274202798,0.0005197210625454428,4,3
acid,192.0,False,0.16272662596783505,0.0009894676312045864,0.25337330508534706,0.000502304571420372,0.5839000650911808,0.0005056859293435567,4,3
acid,192.5,False,0.1615899457181047,0.0009687238700287285,0.2551547775977159,0.0004953052718100786,0.5832552728216589,0.0004920104630539116,4,3
acid,193.0,False,0.1604593286281264,0.0009484112140027782,0.2569451062977013,0.000488385624965141,0.5825955612054068,0.00047868657690542315,4,3
acid,193.5,False,0.15933478791949063,0.0009285210835482499,0.2587442654657379,0.00048154496512967484,0.5819209427396221,0.00046570633805804,4,2
acid,194.0,False,0.15821633597695728,0.0009090450551805472,0.26055222832047087,0.00047478262941319776,0.5812314318215661,0.0004530619659718541,4,1
acid,194.5,False,0.1571039843557831,0.0008899748597069977,0.2623689670133156,0.0004680979592282159,0.5805270447440669,0.0004407458293700537,4,1
acid,195.0,False,0.15599774379287945,0.0008713023796621419,0.26419445262290675,0.0004614902993624193,0.5798077996918005,0.0004287504442162916,4,1
acid,195.5,False,0.1548976242157496,0.0008530196466453218,0.2660286551498525,0.00045495899804286113,0.5790737167366278,0.0004170684714833784,4,1
acid,196.0,False,0.15380363475234193,0.0008351188395429389,0.2678715435120993,0.00044850340731545946,0.5783248178326816,0.00040569271452613317,4,1
acid,196.5,False,0.15271578374090322,0.0008175922812452701,0.2697230855398247,0.00044212288292115,0.5775611268115932,0.00039461611636029106,4,1
acid,197.0,False,0.1516340787389714,0.0008004324377113423,0.2715832479714686,0.0004358167836709874,0.5767826693772182,0.00038383175863148484,4,1
acid,197.5,False,0.15055852653386714,0.0007836319145128752,0.27345199644873697,0.00042958447187910415,0.5759894731007242,0.00037333285770002654,4,1
acid,198.0,False,0.14948913315182555,0.0007671834554085603,0.2753292955134379,0.00042342531371504386,0.5751815674139016,0.00036311276376328175,4,1
acid,198.5,False,0.14842590386787702,0.0007510799392459252,0.27721510860315157,0.0004173386784488148,0.5743589836041674,0.0003531649582245821,4,1
acid,199.0,False,0.14736884321514543,0.000735314378639522,0.27910939804812185,0.0004113239386603537,0.5735217548082094,0.00034348305063731124,4,1
acid,199.5,False,0.14631795499475686,0.0007198799174810503,0.28101212506775886,0.00040538047057784947,0.572669916005436,0.0003340607779161,4,1
acid,200.0,False,0.1452732422857761,0.0007047698290442372,0.28292324976791905,0.00039950765343932366,0.5718035040110092,0.00032489200121796135,4,0
