condition,family,eta_mV,X_V,X_H,X_T,theta_H,inside_fitted_support,fitted_support_min_mV,fitted_support_max_mV
acid,A1,1.0,0.1412504012412441,0.061685743540262905,0.7970638548004949,0.12775006421839888,False,1.9686851280921605,193.10298692977724
acid,A1,1.5,0.1436563862426965,0.061279237296485434,0.7950643760388232,0.12961555934533403,False,1.9686851280921605,193.10298692977724
acid,A1,2.0,0.14608779239821956,0.06087807427501701,0.7930341328767909,0.13150071422615087,True,1.9686851280921605,193.10298692977724
acid,A1,2.5,0.14854427780219837,0.06048223356680538,0.7909734881836883,0.13340550199132845,True,1.9686851280921605,193.10298692977724
acid,A1,3.0,0.15102547864165317,0.060091694354280634,0.7888828265261161,0.13532988898707413,True,1.9686851280921605,193.10298692977724
acid,A1,3.5,0.15353100940718178,0.05970643602171144,0.7867625541204681,0.1372738347222341,True,1.9686851280921605,193.10298692977724
acid,A1,4.0,0.15606046279748043,0.05932643798045589,0.7846130987505529,0.13923729182211284,True,1.9686851280921605,193.10298692977724
acid,A1,4.5,0.15861340988854167,0.058951679897223386,0.7824349097498295,0.14122020598937846,True,1.9686851280921605,193.10298692977724
acid,A1,5.0,0.16118940020870554,0.05858214145604279,0.7802284578626306,0.14322251597221808,True,1.9686851280921605,193.10298692977724
acid,A1,5.5,0.16378796187987987,0.05821780254788855,0.777994235102053,0.14524415353989145,True,1.9686851280921605,193.10298692977724
acid,A1,6.0,0.16640860186356576,0.0578586431034811,0.7757327545543369,0.14728504346581622,True,1.9686851280921605,193.10298692977724
acid,A1,6.5,0.16905080609075362,0.05750464319032034,0.7734445502296516,0.14934510351830205,True,1.9686851280921605,193.10298692977724
acid,A1,7.0,0.17171403981119937,0.057155782998696836,0.7711301766950562,0.15142424445903388,True,1.9686851280921605,193.10298692977724
acid,A1,7.5,0.17439774785787954,0.056812042767973026,0.7687902088837628,0.15352237004938693,True,1.9686851280921605,193.10298692977724
acid,A1,8.0,0.1771013549503042,0.05647340285008795,0.7664252417003414,0.15563937706463926,True,1.9686851280921605,193.10298692977724
acid,A1,8.5,0.17982426611906632,0.05613984367713876,0.7640358896994215,0.15777515531612799,True,1.9686851280921605,193.10298692977724
acid,A1,9.0,0.18256586709086697,0.055811345750944596,0.7616227866455993,0.15992958768137763,True,1.9686851280921605,193.10298692977724
acid,A1,9.5,0.18532552472017016,0.05548788966014406,0.759186585093774,0.16210255014220995,True,1.9686851280921605,193.10298692977724
acid,A1,10.0,0.18810258748436226,0.055169456042891696,0.7567279559432816,0.16429391183082523,True,1.9686851280921605,193.10298692977724
acid,A1,10.5,0.19089638599223413,0.05485602560373337,0.7542475878747901,0.1665035350838261,True,1.9686851280921605,193.10298692977724
acid,A1,11.0,0.1937062335024553,0.05454757910627883,0.7517461868584707,0.1687312755041344,True,1.9686851280921605,193.10298692977724
acid,A1,11.5,0.19653142654507683,0.05424409735232949,0.749224475562027,0.17097698203073505,True,1.9686851280921605,193.10298692977724
acid,A1,12.0,0.19937124548641272,0.05394556120719152,0.746683192765385,0.1732404970161581,True,1.9686851280921605,193.10298692977724
acid,A1,12.5,0.20222495518651407,0.053651951557043276,0.7441230927081044,0.17552165631159405,True,1.9686851280921605,193.10298692977724
acid,A1,13.0,0.20509180565642104,0.053363249345128594,0.7415449444441169,0.17782028935951752,True,1.9686851280921605,193.10298692977724
acid,A1,13.5,0.20797103276115614,0.05307943552868011,0.7389495311509453,0.18013621929367551,True,1.9686851280921605,193.10298692977724
acid,A1,14.0,0.21086185890806242,0.052800491111781866,0.736337649424712,0.18246926304628017,True,1.9686851280921605,193.10298692977724
acid,A1,14.5,0.21376349381796445,0.05252639710384699,0.7337101085156394,0.18481923146222626,True,1.9686851280921605,193.10298692977724
acid,A1,15.0,0.2166751352639107,0.05225713454581893,0.7310677296186174,0.18718592942013934,True,1.9686851280921605,193.10298692977724
acid,A1,15.5,0.21959596986498298,0.05199268450573058,0.7284113450545249,0.18956915596004156,True,1.9686851280921605,193.10298692977724
acid,A1,16.0,0.22252517388410276,0.05173302805361324,0.7257417974839697,0.19196870441740907,True,1.9686851280921605,193.10298692977724
acid,A1,16.5,0.22546191403560734,0.0514781462823688,0.7230599391028214,0.19438436256337763,True,1.9686851280921605,193.10298692977724
acid,A1,17.0,0.22840534832258008,0.051228020293558885,0.7203666307988854,0.19681591275084245,True,1.9686851280921605,193.10298692977724
acid,A1,17.5,0.23135462688661512,0.05098263119740487,0.7176627413261194,0.19926313206618204,True,1.9686851280921605,193.10298692977724
acid,A1,18.0,0.23430889284847822,0.050741960117672846,0.7149491464428781,0.20172579248632494,True,1.9686851280921605,193.10298692977724
acid,A1,18.5,0.23726728318218537,0.05050598818190366,0.7122267280419425,0.20420366104086837,True,1.9686851280921605,193.10298692977724
acid,A1,19.0,0.24022892957009656,0.05027469652540972,0.7094963733056403,0.2066964999789458,True,1.9686851280921605,193.10298692977724
acid,A1,19.5,0.2431929592986437,0.050048066295049765,0.7067589738106728,0.20920406694053217,True,1.9686851280921605,193.10298692977724
acid,A1,20.0,0.24615849610754026,0.04982607863657229,0.7040154246554797,0.21172611513186784,True,1.9686851280921605,193.10298692977724
acid,A1,20.5,0.24912466109172637,0.04960871470849337,0.7012666235957088,0.2142623935046761,True,1.9686851280921605,193.10298692977724
acid,A1,21.0,0.25209057355879416,0.04939595567832189,0.6985134701539275,0.21681264693883973,True,1.9686851280921605,193.10298692977724
acid,A1,21.5,0.255055351911615,0.04918778272555713,0.6957568647535384,0.2193766164282037,True,1.9686851280921605,193.10298692977724
acid,A1,22.0,0.25801811450876233,0.048984177031252685,0.692997707848475,0.2219540392691615,True,1.9686851280921605,193.10298692977724
acid,A1,22.5,0.2609779805304857,0.04878511979944378,0.6902368990562291,0.22454464925168352,True,1.9686851280921605,193.10298692977724
acid,A1,23.0,0.2639340708210369,0.04859059224515683,0.6874753363194097,0.22714817685244412,True,1.9686851280921605,193.10298692977724
acid,A1,23.5,0.2668855087405442,0.04840057560040467,0.6847139150447656,0.22976434942970328,True,1.9686851280921605,193.10298692977724
acid,A1,24.0,0.2698314209765851,0.04821505112151403,0.6819535272825084,0.23239289141959935,True,1.9686851280921605,193.10298692977724
acid,A1,24.5,0.27277093838129485,0.04803400008723813,0.6791950609135178,0.23503352453351348,True,1.9686851280921605,193.10298692977724
acid,A1,25.0,0.2757031967401957,0.04785740380697234,0.6764393988333284,0.2376859679561656,True,1.9686851280921605,193.10298692977724
acid,A1,25.5,0.2786273375793291,0.047685243615980255,0.6736874181835217,0.2403499385441095,True,1.9686851280921605,193.10298692977724
acid,A1,26.0,0.2815425089119916,0.047517500890714715,0.6709399895747925,0.24302515102429673,True,1.9686851280921605,193.10298692977724
acid,A1,26.5,0.2844478659870253,0.0473541570485958,0.6681979763419887,0.2457113181923869,True,1.9686851280921605,193.10298692977724
acid,A1,27.0,0.2873425720111289,0.047195193549787184,0.6654622338181371,0.24840815111048628,True,1.9686851280921605,193.10298692977724
acid,A1,27.5,0.29022579884530053,0.04704059190430154,0.6627336086263425,0.2511153593040069,True,1.9686851280921605,193.10298692977724
acid,A1,28.0,0.29309672768296213,0.04689033368443507,0.6600129380089914,0.2538326509573442,True,1.9686851280921605,193.10298692977724
acid,A1,28.5,0.2959545496968863,0.04674440051888329,0.6573010491623954,0.25655973310808167,True,1.9686851280921605,193.10298692977724
acid,A1,29.0,0.29879846667602017,0.04660277410417635,0.6545987585976354,0.25929631183943913,True,1.9686851280921605,193.10298692977724
acid,A1,29.5,0.3016276916174565,0.04646543621322774,0.6519068715472587,0.26204209247069427,True,1.9686851280921605,193.10298692977724
acid,A1,30.0,0.30444144930408257,0.0463323686943351,0.649226181378082,0.26479677974531357,True,1.9686851280921605,193.10298692977724
acid,A1,30.5,0.3072389768515871,0.04620355348938787,0.6465574690377451,0.26756007801654447,True,1.9686851280921605,193.10298692977724
acid,A1,31.0,0.3100195242267123,0.04607897262576266,0.6439015025269113,0.2703316914302289,True,1.9686851280921605,193.10298692977724
acid,A1,31.5,0.312782354739527,0.045958608235863174,0.641259036403885,0.27311132410461264,True,1.9686851280921605,193.10298692977724
acid,A1,32.0,0.31552674550783255,0.04584244255589898,0.6386308113166539,0.27589868030693493,True,1.9686851280921605,193.10298692977724
acid,A1,32.5,0.3182519878902612,0.04573045793798691,0.6360175535533585,0.2786934646265982,True,1.9686851280921605,193.10298692977724
acid,A1,33.0,0.32095738789328365,0.04562263685337076,0.6334199746365066,0.28149538214472886,True,1.9686851280921605,193.10298692977724
acid,A1,33.5,0.32364226654457706,0.04551896190407856,0.6308387709352825,0.28430413859995146,True,1.9686851280921605,193.10298692977724
acid,A1,34.0,0.32630596024996184,0.04541941582558717,0.6282746233121639,0.2871194405502166,True,1.9686851280921605,193.10298692977724
acid,A1,34.5,0.32894782110204357,0.0453239814964812,0.6257281967880779,0.28994099553053027,True,1.9686851280921605,193.10298692977724
acid,A1,35.0,0.33156721718174964,0.04523264194955523,0.6232001402570742,0.29276851220644773,True,1.9686851280921605,193.10298692977724
acid,A1,35.5,0.3341635328172332,0.045145380371758304,0.6206910862021076,0.29560170052321105,True,1.9686851280921605,193.10298692977724
acid,A1,36.0,0.3367361688185744,0.04506218011385288,0.6182016504597265,0.2984402718504157,True,1.9686851280921605,193.10298692977724
acid,A1,36.5,0.33928454268677966,0.04498302470701265,0.6157324319999713,0.30128393912211093,True,1.9686851280921605,193.10298692977724
acid,A1,37.0,0.3418080887961916,0.04490789785788207,0.6132840127434647,0.30413241697224663,True,1.9686851280921605,193.10298692977724
acid,A1,37.5,0.3443062585495871,0.044836783458235274,0.6108569573902711,0.3069854218653941,True,1.9686851280921605,193.10298692977724
acid,A1,38.0,0.34677852050174485,0.04476966560412743,0.6084518132958294,0.30984267222268025,True,1.9686851280921605,193.10298692977724
acid,A1,38.5,0.3492243604707457,0.04470652858690194,0.6060691103453308,0.31270388854288345,True,1.9686851280921605,193.10298692977724
acid,A1,39.0,0.3516432816092485,0.044647356913785075,0.603709360883109,0.31556879351865624,True,1.9686851280921605,193.10298692977724
acid,A1,39.5,0.3540348044636654,0.04459213530300099,0.6013730596405864,0.31843711214784526,True,1.9686851280921605,193.10298692977724
acid,A1,40.0,0.3563984670068576,0.04454084870564312,0.5990606836988599,0.3213085718398939,True,1.9686851280921605,193.10298692977724
acid,A1,40.5,0.35873382463968984,0.04449348229834671,0.5967726924754335,0.32418290251732157,True,1.9686851280921605,193.10298692977724
acid,A1,41.0,0.36104045018653386,0.04445002149983113,0.5945095277300472,0.3270598367122831,True,1.9686851280921605,193.10298692977724
acid,A1,41.5,0.36331793385740996,0.044410451974674636,0.5922716135861039,0.3299391096582232,True,1.9686851280921605,193.10298692977724
acid,A1,42.0,0.36556588319391903,0.044374759638976524,0.5900593565884016,0.33282045937664745,True,1.9686851280921605,193.10298692977724
acid,A1,42.5,0.3677839229966895,0.04434293066701844,0.5878731457594211,0.33570362675904275,True,1.9686851280921605,193.10298692977724
acid,A1,43.0,0.3699716952327292,0.044314951502699707,0.5857133526904756,0.3385883556439853,True,1.9686851280921605,193.10298692977724
acid,A1,43.5,0.3721288589259575,0.04429080885998138,0.583580331641631,0.341474392889485,True,1.9686851280921605,193.10298692977724
acid,A1,44.0,0.3742550900349695,0.04427048972988068,0.581474419666661,0.3443614884406197,True,1.9686851280921605,193.10298692977724
acid,A1,44.5,0.3763500813027121,0.04425398138935277,0.5793959367421109,0.34724939539252225,True,1.9686851280921605,193.10298692977724
acid,A1,45.0,0.37841354210821354,0.044241271405953686,0.5773451859235612,0.3501378700487866,True,1.9686851280921605,193.10298692977724
acid,A1,45.5,0.38044519828744905,0.04423234764200368,0.5753224535100521,0.3530266719753684,True,1.9686851280921605,193.10298692977724
acid,A1,46.0,0.3824447919560381,0.04422719826391308,0.5733280092223292,0.3559155640500582,True,1.9686851280921605,193.10298692977724
acid,A1,46.5,0.3844120813050744,0.04422581174362561,0.5713621063976881,0.35880431250761247,True,1.9686851280921605,193.10298692977724
acid,A1,47.0,0.3863468403969006,0.044228176864113955,0.5694249821869835,0.3616926869806297,True,1.9686851280921605,193.10298692977724
acid,A1,47.5,0.3882488589441735,0.04423428272898322,0.567516857778283,0.36458046053626797,True,1.9686851280921605,193.10298692977724
acid,A1,48.0,0.39011794207899353,0.044244118761749274,0.5656379386134447,0.3674674097088964,True,1.9686851280921605,193.10298692977724
acid,A1,48.5,0.3919539101166769,0.04425767471402664,0.5637884146259542,0.3703533145287842,True,1.9686851280921605,193.10298692977724
acid,A1,49.0,0.393756598303846,0.0442749406682208,0.5619684604875053,0.3732379585469287,True,1.9686851280921605,193.10298692977724
acid,A1,49.5,0.3955258565680464,0.04429590704324582,0.5601782358511942,0.37612112885612814,True,1.9686851280921605,193.10298692977724
acid,A1,50.0,0.39726154925176504,0.04432056459721667,0.5584178856151978,0.3790026161084072,True,1.9686851280921605,193.10298692977724
acid,A1,50.5,0.39896355484775325,0.04434890443352768,0.5566875401862847,0.38188221452890486,True,1.9686851280921605,193.10298692977724
acid,A1,51.0,0.40063176572102677,0.04438091800257338,0.5549873157464358,0.3847597219263363,True,1.9686851280921605,193.10298692977724
acid,A1,51.5,0.40226608783233697,0.04441659710538448,0.5533173145346737,0.3876349397001386,True,1.9686851280921605,193.10298692977724
acid,A1,52.0,0.40386644045697917,0.04445593389826308,0.551677625119873,0.39050767284441834,True,1.9686851280921605,193.10298692977724
acid,A1,52.5,0.4054327558926374,0.04449892089711249,0.5500683226877523,0.3933777299488077,True,1.9686851280921605,193.10298692977724
acid,A1,53.0,0.4069649791753338,0.04454555097715973,0.5484894693273124,0.3962449231963505,True,1.9686851280921605,193.10298692977724
acid,A1,53.5,0.4084630677837764,0.04459581737648044,0.5469411143213532,0.39910906835852655,True,1.9686851280921605,193.10298692977724
acid,A1,54.0,0.40992699134614896,0.04464971370429782,0.545423294433911,0.4019699847875297,True,1.9686851280921605,193.10298692977724
acid,A1,54.5,0.4113567313449862,0.04470723393448783,0.5439360342077704,0.4048274954059142,True,1.9686851280921605,193.10298692977724
acid,A1,55.0,0.41275228082057747,0.04476837241521037,0.5424793462527056,0.4076814266937204,True,1.9686851280921605,193.10298692977724
acid,A1,55.5,0.41411364407595297,0.04483312386635574,0.5410532315483496,0.4105316086731907,True,1.9686851280921605,193.10298692977724
acid,A1,56.0,0.41544083637651275,0.044901483387496666,0.5396576797293412,0.413377874891188,True,1.9686851280921605,193.10298692977724
acid,A1,56.5,0.41673388365820463,0.04497344645114365,0.5382926693854317,0.41622006239942505,True,1.9686851280921605,193.10298692977724
acid,A1,57.0,0.4179928222279583,0.045049008913708444,0.5369581683542374,0.41905801173261187,True,1.9686851280921605,193.10298692977724
acid,A1,57.5,0.4192176984751106,0.0451281670100917,0.5356541340131166,0.4218915668846289,True,1.9686851280921605,193.10298692977724
acid,A1,58.0,0.4204085685749481,0.04521091735892879,0.5343805135658991,0.42472057528282836,True,1.9686851280921605,193.10298692977724
acid,A1,58.5,0.42156549819796774,0.045297256962825716,0.5331372443406479,0.4275448877605685,True,1.9686851280921605,193.10298692977724
acid,A1,59.0,0.4226885622257842,0.04538718320870605,0.5319242540681723,0.43036435852807975,True,1.9686851280921605,193.10298692977724
acid,A1,59.5,0.42377784446354094,0.045480693870100786,0.5307414611706168,0.43317884514176264,True,1.9686851280921605,193.10298692977724
acid,A1,60.0,0.42483343735565116,0.045577787107661805,0.5295887750414313,0.43598820847201275,True,1.9686851280921605,193.10298692977724
acid,A1,60.5,0.42585544171146184,0.0456784614698072,0.528466096325307,0.4387923126696684,True,1.9686851280921605,193.10298692977724
acid,A1,61.0,0.42684396642222316,0.04578271589195798,0.5273733171934566,0.44159102513117116,True,1.9686851280921605,193.10298692977724
acid,A1,61.5,0.4277991281949889,0.04589054970027123,0.526310321613134,0.4443842164625308,True,1.9686851280921605,193.10298692977724
acid,A1,62.0,0.42872105128064636,0.04600196260935718,0.525276985620271,0.44717176044218077,True,1.9686851280921605,193.10298692977724
acid,A1,62.5,0.42960986720845873,0.04611695472249433,0.524273177578461,0.4499535339828088,True,1.9686851280921605,193.10298692977724
acid,A1,63.0,0.4304657145289756,0.04623552653531399,0.5232987584467795,0.45272941709224607,True,1.9686851280921605,193.10298692977724
acid,A1,63.5,0.43128873855396294,0.0463576789296212,0.5223535820282066,0.4554992928334933,True,1.9686851280921605,193.10298692977724
acid,A1,64.0,0.4320790911042597,0.04648341317917311,0.5214374952274333,0.45826304728396294,True,1.9686851280921605,193.10298692977724
acid,A1,64.5,0.43283693026823467,0.04661273094769659,0.520550338295967,0.4610205694940108,True,1.9686851280921605,193.10298692977724
acid,A1,65.0,0.4335624201485858,0.04674563428625454,0.5196919450767474,0.46377175144483035,True,1.9686851280921605,193.10298692977724
acid,A1,65.5,0.4342557306327658,0.04688212563731982,0.5188621432416999,0.4665164880057787,True,1.9686851280921605,193.10298692977724
acid,A1,66.0,0.4349170371558651,0.047022207829103616,0.5180607545266294,0.4692546768912035,True,1.9686851280921605,193.10298692977724
acid,A1,66.5,0.4355465204716885,0.047165884080203196,0.5172875949593438,0.4719862186168325,True,1.9686851280921605,193.10298692977724
acid,A1,67.0,0.4361443664284148,0.04731315799673744,0.5165424750852784,0.47471101645579206,True,1.9686851280921605,193.10298692977724
acid,A1,67.5,0.43671076575157314,0.04746403357003964,0.5158252001886965,0.4774289763943114,True,1.9686851280921605,193.10298692977724
acid,A1,68.0,0.43724591382766215,0.04761851517855881,0.5151355705030058,0.48014000708717175,True,1.9686851280921605,193.10298692977724
acid,A1,68.5,0.4377500104960144,0.04777660758616131,0.5144733814259062,0.48284401981295555,True,1.9686851280921605,193.10298692977724
acid,A1,69.0,0.4382232598453273,0.047938315940639076,0.5138384237213245,0.4855409284291487,True,1.9686851280921605,193.10298692977724
acid,A1,69.5,0.43866587001094304,0.04810364577396975,0.513230483720907,0.4882306493271448,True,1.9686851280921605,193.10298692977724
acid,A1,70.0,0.4390780529852645,0.04827260299987424,0.5126493435194529,0.490913101387203,True,1.9686851280921605,193.10298692977724
acid,A1,70.5,0.4394600244233132,0.048445193914017914,0.5120947811657478,0.49358820593340236,True,1.9686851280921605,193.10298692977724
acid,A1,71.0,0.43981200346206173,0.04862142519256041,0.5115665708470551,0.4962558866886388,True,1.9686851280921605,193.10298692977724
acid,A1,71.5,0.4401342125373575,0.04880130388965065,0.5110644830723932,0.49891606972970476,True,1.9686851280921605,193.10298692977724
acid,A1,72.0,0.44042687721243534,0.04898483743921711,0.5105882848460419,0.5015686834424933,True,1.9686851280921605,193.10298692977724
acid,A1,72.5,0.4406902260040563,0.049172033650402014,0.5101377398411822,0.5042136584773627,True,1.9686851280921605,193.10298692977724
acid,A1,73.0,0.44092449021970737,0.04936290070832461,0.5097126085657766,0.5068509277046983,True,1.9686851280921605,193.10298692977724
acid,A1,73.5,0.4411299037943711,0.049557447171486024,0.5093126485246346,0.5094804261707045,True,1.9686851280921605,193.10298692977724
acid,A1,74.0,0.44130670313821674,0.049755681972810106,0.5089376143771612,0.5121020910534603,True,1.9686851280921605,193.10298692977724
acid,A1,74.5,0.44145512697997547,0.0499576144140923,0.5085872580916778,0.5147158616192669,True,1.9686851280921605,193.10298692977724
acid,A1,75.0,0.441575416224263,0.050163254168095195,0.5082613290906673,0.517321679179317,True,1.9686851280921605,193.10298692977724
acid,A1,75.5,0.4416678138053215,0.05037261127507908,0.5079595743992943,0.5199194870467122,True,1.9686851280921605,193.10298692977724
acid,A1,76.0,0.44173256455115606,0.050585696143579106,0.507681738781518,0.5225092304938516,True,1.9686851280921605,193.10298692977724
acid,A1,76.5,0.4417699150491561,0.050802519545145586,0.5074275648785376,0.5250908567102188,True,1.9686851280921605,193.10298692977724
acid,A1,77.0,0.44178011351453383,0.0510230926160371,0.507196793338327,0.527664314760587,True,1.9686851280921605,193.10298692977724
acid,A1,77.5,0.4417634096668399,0.051247426854444944,0.5069891629441714,0.5302295555436592,True,1.9686851280921605,193.10298692977724
acid,A1,78.0,0.4417200546066036,0.0514755341174955,0.5068044107370273,0.5327865317511707,True,1.9686851280921605,193.10298692977724
acid,A1,78.5,0.4416503006990091,0.05170742662266581,0.506642272136093,0.5353351978274619,True,1.9686851280921605,193.10298692977724
acid,A1,79.0,0.4415544014584327,0.051943116942537726,0.5065024810519125,0.5378755099295444,True,1.9686851280921605,193.10298692977724
acid,A1,79.5,0.4414326114411393,0.052182618006046955,0.5063847700015611,0.540407425887673,True,1.9686851280921605,193.10298692977724
acid,A1,80.0,0.44128518613612,0.05242594309448623,0.5062888702131452,0.542930905166435,True,1.9686851280921605,193.10298692977724
acid,A1,80.5,0.4411123818647278,0.05267310584161633,0.5062145117328831,0.5454459088263739,True,1.9686851280921605,193.10298692977724
acid,A1,81.0,0.44091445568067433,0.05292412023014115,0.506161423523388,0.5479523994861532,True,1.9686851280921605,193.10298692977724
acid,A1,81.5,0.4406916652751891,0.0531790005904309,0.5061293335633377,0.550450341285275,True,1.9686851280921605,193.10298692977724
acid,A1,82.0,0.44044426888381616,0.053437761600799716,0.5061179689392625,0.5529396998473611,True,1.9686851280921605,193.10298692977724
acid,A1,82.5,0.44017252519826244,0.05370041828167693,0.506127055938721,0.5554204422440016,True,1.9686851280921605,193.10298692977724
acid,A1,83.0,0.43987669328132695,0.053966985997272454,0.5061563201337049,0.5578925369591836,True,1.9686851280921605,193.10298692977724
acid,A1,83.5,0.4395570324852993,0.05423748045144117,0.5062054864701793,0.560355953854301,True,1.9686851280921605,193.10298692977724
acid,A1,84.0,0.4392138023692205,0.05451191768698904,0.506274279344382,0.5628106641337544,True,1.9686851280921605,193.10298692977724
acid,A1,84.5,0.43884726262563567,0.05479031408367474,0.506362422684814,0.565256640311142,True,1.9686851280921605,193.10298692977724
acid,A1,85.0,0.4384576730078471,0.0550726863559059,0.5064696400244595,0.5676938561760491,True,1.9686851280921605,193.10298692977724
acid,A1,85.5,0.43804529325586206,0.05535905155046317,0.5065956545752537,0.5701222867614344,True,1.9686851280921605,193.10298692977724
acid,A1,86.0,0.43761038303080646,0.05564942704583409,0.5067401892985546,0.5725419083116199,True,1.9686851280921605,193.10298692977724
acid,A1,86.5,0.4371532018508928,0.05594383054866037,0.5069029669685088,0.5749526982508818,True,1.9686851280921605,193.10298692977724
acid,A1,87.0,0.4366740090257504,0.05624228009296073,0.5070837102419956,0.5773546351526451,True,1.9686851280921605,193.10298692977724
acid,A1,87.5,0.4361730635986938,0.05654479403810475,0.5072821417166917,0.5797476987092818,True,1.9686851280921605,193.10298692977724
acid,A1,88.0,0.43565062428857493,0.05685139106512138,0.5074979839926608,0.5821318697025124,True,1.9686851280921605,193.10298692977724
acid,A1,88.5,0.43510694943421635,0.05716209017708751,0.5077309597269208,0.5845071299744071,True,1.9686851280921605,193.10298692977724
acid,A1,89.0,0.4345422969412316,0.057476910695575256,0.5079807916940071,0.5868734623989901,True,1.9686851280921605,193.10298692977724
acid,A1,89.5,0.4339569242323704,0.05779587225901439,0.50824720283138,0.5892308508544388,True,1.9686851280921605,193.10298692977724
acid,A1,90.0,0.433351088197087,0.058118994820333114,0.5085299162967405,0.5915792801958806,True,1.9686851280921605,193.10298692977724
acid,A1,90.5,0.43272504514707544,0.05844629864582007,0.5088286555129939,0.5939187362287799,True,1.9686851280921605,193.10298692977724
acid,A1,91.0,0.4320790507706951,0.05877780431129409,0.5091431442155181,0.5962492056829161,True,1.9686851280921605,193.10298692977724
acid,A1,91.5,0.43141336008983844,0.059113532702548266,0.5094731064965718,0.5985706761869439,True,1.9686851280921605,193.10298692977724
acid,A1,92.0,0.4307282274204627,0.05945350501013191,0.5098182668494822,0.6008831362435357,True,1.9686851280921605,193.10298692977724
acid,A1,92.5,0.43002390633256615,0.05979774273029426,0.510178350207724,0.6031865752050998,True,1.9686851280921605,193.10298692977724
acid,A1,93.0,0.4293006496153273,0.060146267660265984,0.5105530819861093,0.6054809832500677,True,1.9686851280921605,193.10298692977724
acid,A1,93.5,0.42855870923796946,0.060499101897815155,0.5109421881164811,0.6077663513597494,True,1.9686851280921605,193.10298692977724
acid,A1,94.0,0.427798336319396,0.060856267838527156,0.511345395084517,0.6100426712957483,True,1.9686851280921605,193.10298692977724
acid,A1,94.5,0.42701978109449534,0.0612177881728071,0.5117624299649237,0.6123099355779279,True,1.9686851280921605,193.10298692977724
acid,A1,95.0,0.4262232928841092,0.06158368588571328,0.5121930204526892,0.6145681374629296,True,1.9686851280921605,193.10298692977724
acid,A1,95.5,0.425409120063891,0.06195398425229426,0.5126368948968896,0.616817270923231,True,1.9686851280921605,193.10298692977724
acid,A1,96.0,0.4245775100400473,0.0623287068363676,0.5130937823261128,0.6190573306267393,True,1.9686851280921605,193.10298692977724
acid,A1,96.5,0.423728709219362,0.06270787748924311,0.5135634124833199,0.6212883119169148,True,1.9686851280921605,193.10298692977724
acid,A1,97.0,0.42286296298632564,0.06309152034572607,0.5140455158488821,0.6235102107934128,True,1.9686851280921605,193.10298692977724
acid,A1,97.5,0.42198051567921,0.06347965982334003,0.5145398236676146,0.6257230238932456,True,1.9686851280921605,193.10298692977724
acid,A1,98.0,0.42108161056525484,0.06387232061877413,0.5150460679750335,0.6279267484724458,True,1.9686851280921605,193.10298692977724
acid,A1,98.5,0.42016648982196036,0.06426952770605121,0.5155639816200597,0.6301213823882343,True,1.9686851280921605,193.10298692977724
acid,A1,99.0,0.4192353945153826,0.06467130633447393,0.5160932982870015,0.6323069240816801,True,1.9686851280921605,193.10298692977724
acid,A1,99.5,0.4182885645800938,0.0650776820254606,0.5166337525193687,0.6344833725608432,True,1.9686851280921605,193.10298692977724
acid,A1,100.0,0.41732623880313957,0.06548868057071333,0.5171850797396349,0.6366507273843972,True,1.9686851280921605,193.10298692977724
acid,A1,100.5,0.41634865480449923,0.06590432803005308,0.5177470162668896,0.6388089886457214,True,1.9686851280921605,193.10298692977724
acid,A1,101.0,0.41535604902165346,0.06632465072831106,0.518319299339598,0.6409581569574545,True,1.9686851280921605,193.10298692977724
acid,A1,101.5,0.41434865669531806,0.06674967525216458,0.5189016671299229,0.6430982334365016,True,1.9686851280921605,193.10298692977724
acid,A1,102.0,0.4133267118527906,0.06717942844980396,0.5194938587624875,0.6452292196894889,True,1.9686851280921605,193.10298692977724
acid,A1,102.5,0.4122904472955713,0.0676139374265472,0.520095614329974,0.6473511177986565,True,1.9686851280921605,193.10298692977724
acid,A1,103.0,0.41124009458726185,0.06805322954284154,0.5207066749098321,0.6494639303081801,True,1.9686851280921605,193.10298692977724
acid,A1,103.5,0.4101758840386327,0.06849733241132139,0.5213267825768253,0.6515676602109162,True,1.9686851280921605,193.10298692977724
acid,A1,104.0,0.4090980446995185,0.0689462738948099,0.5219556804192393,0.6536623109355609,True,1.9686851280921605,193.10298692977724
acid,A1,104.5,0.408006804345995,0.06940008210354343,0.5225931125508176,0.6557478863342163,True,1.9686851280921605,193.10298692977724
acid,A1,105.0,0.40690238947133084,0.0698587853914523,0.5232388241241392,0.6578243906703529,True,1.9686851280921605,193.10298692977724
acid,A1,105.5,0.4057850252761619,0.07032241235510606,0.5238925613423873,0.659891828607163,True,1.9686851280921605,193.10298692977724
acid,A1,106.0,0.40465493565866595,0.07079099182971671,0.5245540714712282,0.661950205196297,True,1.9686851280921605,193.10298692977724
acid,A1,106.5,0.40351234321012175,0.07126455288652966,0.5252231028492482,0.6639995258669734,True,1.9686851280921605,193.10298692977724
acid,A1,107.0,0.40235746920264104,0.07174312483004819,0.5258994048992216,0.6660397964154537,True,1.9686851280921605,193.10298692977724
acid,A1,107.5,0.4011905335845056,0.07222673719581296,0.5265827281373259,0.6680710229948776,True,1.9686851280921605,193.10298692977724
acid,A1,108.0,0.400011754973284,0.07271541974723794,0.5272728241832447,0.6700932121054464,True,1.9686851280921605,193.10298692977724
acid,A1,108.5,0.3988213506506688,0.07320920247055884,0.5279694457682171,0.6721063705849508,True,1.9686851280921605,193.10298692977724
acid,A1,109.0,0.397619536553262,0.07370811557555479,0.5286723467455845,0.6741105055996316,True,1.9686851280921605,193.10298692977724
acid,A1,109.5,0.3964065272728523,0.07421218948983066,0.5293812820967858,0.6761056246353682,True,1.9686851280921605,193.10298692977724
acid,A1,110.0,0.3951825360455352,0.07472145485670767,0.5300960079424599,0.6780917354891857,True,1.9686851280921605,193.10298692977724
acid,A1,110.5,0.3939477747529341,0.07523594253200372,0.530816281544666,0.680068846261074,True,1.9686851280921605,193.10298692977724
acid,A1,111.0,0.39270245391365144,0.07575568358070273,0.5315418613199285,0.6820369653461106,True,1.9686851280921605,193.10298692977724
acid,A1,111.5,0.3914467826826029,0.076280709273846,0.5322725068425682,0.6839961014268781,True,1.9686851280921605,193.10298692977724
acid,A1,112.0,0.390180968845133,0.07681105108586772,0.5330079788523068,0.6859462634661739,True,1.9686851280921605,193.10298692977724
acid,A1,112.5,0.38890521881673745,0.07734674068976544,0.5337480392614835,0.687887460699998,True,1.9686851280921605,193.10298692977724
acid,A1,113.0,0.3876197376371793,0.0778878099556013,0.5344924511592741,0.6898197026308168,True,1.9686851280921605,193.10298692977724
acid,A1,113.5,0.3863247289713212,0.07843429094622767,0.5352409788189627,0.6917429990210934,True,1.9686851280921605,193.10298692977724
acid,A1,114.0,0.3850203951032416,0.0789862159135124,0.5359933877032708,0.6936573598870763,True,1.9686851280921605,193.10298692977724
acid,A1,114.5,0.3837069369377888,0.0795436172957853,0.5367494444701859,0.6955627954928437,True,1.9686851280921605,193.10298692977724
acid,A1,115.0,0.3823845539969728,0.08010652771306415,0.5375089169772362,0.6974593163445894,True,1.9686851280921605,193.10298692977724
acid,A1,115.5,0.3810534444181335,0.0806749799653339,0.5382715742877076,0.6993469331851515,True,1.9686851280921605,193.10298692977724
acid,A1,116.0,0.379713804953441,0.08124900702655147,0.5390371866748622,0.7012256569887688,True,1.9686851280921605,193.10298692977724
acid,A1,116.5,0.37836583096845233,0.08182864204292484,0.5398055256267131,0.7030954989560659,True,1.9686851280921605,193.10298692977724
acid,A1,117.0,0.37700971644205605,0.08241391832775058,0.5405763638511307,0.7049564705092545,True,1.9686851280921605,193.10298692977724
acid,A1,117.5,0.37564565396380756,0.08300486935969298,0.5413494752802839,0.7068085832875469,True,1.9686851280921605,193.10298692977724
acid,A1,118.0,0.37427383473537246,0.08360152877640026,0.5421246350755804,0.7086518491427756,True,1.9686851280921605,193.10298692977724
acid,A1,118.5,0.37289444856847265,0.08420393037122942,0.542901619630054,0.7104862801352105,True,1.9686851280921605,193.10298692977724
acid,A1,119.0,0.37150768388705124,0.08481210809069273,0.5436802065749702,0.7123118885295706,True,1.9686851280921605,193.10298692977724
acid,A1,119.5,0.37011372772266515,0.08542609602957274,0.5444601747828237,0.7141286867912202,True,1.9686851280921605,193.10298692977724
acid,A1,120.0,0.36871276571925904,0.08604592842642589,0.5452413043720017,0.7159366875825467,True,1.9686851280921605,193.10298692977724
acid,A1,120.5,0.36730498213083385,0.08667163965953018,0.546023376709448,0.7177359037595117,True,1.9686851280921605,193.10298692977724
acid,A1,121.0,0.3658905598214468,0.08730326424316592,0.5468061744174912,0.7195263483683726,True,1.9686851280921605,193.10298692977724
acid,A1,121.5,0.36446968026626614,0.08794083682295284,0.5475894813752324,0.7213080346425635,True,1.9686851280921605,193.10298692977724
acid,A1,122.0,0.3630425235517931,0.08858439217201974,0.5483730827227085,0.7230809759997358,True,1.9686851280921605,193.10298692977724
acid,A1,122.5,0.36160926837630614,0.08923396518578652,0.5491567648662765,0.7248451860389483,True,1.9686851280921605,193.10298692977724
acid,A1,123.0,0.36017009205008277,0.08988959087791182,0.5499403154820559,0.7266006785380039,True,1.9686851280921605,193.10298692977724
acid,A1,123.5,0.3587251704975092,0.09055130437601866,0.5507235235185926,0.7283474674509265,True,1.9686851280921605,193.10298692977724
acid,A1,124.0,0.35727467825463766,0.09121914091675398,0.5515061792024656,0.7300855669055716,True,1.9686851280921605,193.10298692977724
acid,A1,124.5,0.355818788473794,0.09189313584079262,0.5522880740406189,0.7318149912013684,True,1.9686851280921605,193.10298692977724
acid,A1,125.0,0.35435767292113507,0.09257332458956213,0.5530690008260786,0.7335357548071846,True,1.9686851280921605,193.10298692977724
acid,A1,125.5,0.3528915019808121,0.09325974269769333,0.5538487536396186,0.7352478723593124,True,1.9686851280921605,193.10298692977724
acid,A1,126.0,0.35142044465164,0.09395242579213203,0.5546271278558113,0.7369513586595676,True,1.9686851280921605,193.10298692977724
acid,A1,126.5,0.34994466855242656,0.09465140958220264,0.5554039201456362,0.7386462286734987,True,1.9686851280921605,193.10298692977724
acid,A1,127.0,0.34846433992052894,0.09535672985983012,0.5561789284813656,0.7403324975287018,True,1.9686851280921605,193.10298692977724
acid,A1,127.5,0.34697962361329715,0.09606842248999214,0.5569519521395616,0.7420101805132338,True,1.9686851280921605,193.10298692977724
acid,A1,128.0,0.3454906831098503,0.09678652340805449,0.5577227917056282,0.743679293074124,True,1.9686851280921605,193.10298692977724
acid,A1,128.5,0.3439976805109657,0.09751106861466408,0.5584912490788074,0.7453398508159742,True,1.9686851280921605,193.10298692977724
acid,A1,129.0,0.3425007765425203,0.09824209416875451,0.5592571274742886,0.7469918694996475,True,1.9686851280921605,193.10298692977724
acid,A1,129.5,0.3410001305538257,0.09897963618310524,0.5600202314296476,0.7486353650410387,True,1.9686851280921605,193.10298692977724
acid,A1,130.0,0.3394959005216247,0.09972373081901242,0.5607803668066236,0.7502703535099231,True,1.9686851280921605,193.10298692977724
acid,A1,130.5,0.33798824304864805,0.10047441428107096,0.5615373407980018,0.7518968511288803,True,1.9686851280921605,193.10298692977724
acid,A1,131.0,0.3364773133679444,0.10123172281084614,0.5622909619296124,0.7535148742722878,True,1.9686851280921605,193.10298692977724
acid,A1,131.5,0.33496326534188103,0.10199569268087849,0.5630410400661034,0.7551244394653801,True,1.9686851280921605,193.10298692977724
acid,A1,132.0,0.33344625146380924,0.10276636019024288,0.5637873864152709,0.7567255633833725,True,1.9686851280921605,193.10298692977724
acid,A1,132.5,0.3319264228610619,0.1035437616576651,0.5645298135313892,0.7583182628506411,True,1.9686851280921605,193.10298692977724
acid,A1,133.0,0.33040392929450935,0.1043279334149716,0.5652681353207623,0.7599025548399605,True,1.9686851280921605,193.10298692977724
acid,A1,133.5,0.328878919161224,0.10511891180320365,0.5660021670461646,0.7614784564717917,True,1.9686851280921605,193.10298692977724
acid,A1,134.0,0.32735153949448037,0.10591673316451278,0.5667317253317261,0.7630459850136178,True,1.9686851280921605,193.10298692977724
acid,A1,134.5,0.3258219359675296,0.1067214338371647,0.567456628166596,0.7646051578793266,True,1.9686851280921605,193.10298692977724
acid,A1,135.0,0.3242902528929337,0.10753305014798986,0.5681766949104938,0.7661559926286324,True,1.9686851280921605,193.10298692977724
acid,A1,135.5,0.3227566332250076,0.10835161840805352,0.5688917462984833,0.7676985069665381,True,1.9686851280921605,193.10298692977724
acid,A1,136.0,0.32122121856170693,0.1091771749043291,0.5696016044458574,0.7692327187428305,True,1.9686851280921605,193.10298692977724
acid,A1,136.5,0.3196841491448499,0.11000975589436912,0.5703060928524684,0.7707586459516105,True,1.9686851280921605,193.10298692977724
acid,A1,137.0,0.318145563864336,0.11084939759919976,0.5710050364083896,0.7722763067308515,True,1.9686851280921605,193.10298692977724
acid,A1,137.5,0.3166056002569251,0.11169613619632646,0.5716982613990229,0.7737857193619816,True,1.9686851280921605,193.10298692977724
acid,A1,138.0,0.3150643945086795,0.11255000781418278,0.5723855955094281,0.7752869022694956,True,1.9686851280921605,193.10298692977724
acid,A1,138.5,0.313522081457851,0.11341104852424788,0.5730668678298745,0.7767798740205812,True,1.9686851280921605,193.10298692977724
acid,A1,139.0,0.31197879459599065,0.11427929433460715,0.5737419088619466,0.7782646533247698,True,1.9686851280921605,193.10298692977724
acid,A1,139.5,0.31043466606850423,0.11515478118262479,0.5744105505214314,0.7797412590335978,True,1.9686851280921605,193.10298692977724
acid,A1,140.0,0.3088898266778717,0.1160375449280604,0.5750726261465333,0.7812097101402861,True,1.9686851280921605,193.10298692977724
acid,A1,140.5,0.3073444058852015,0.11692762134596357,0.5757279705015383,0.7826700257794271,True,1.9686851280921605,193.10298692977724
acid,A1,141.0,0.30579853181111893,0.11782504611912437,0.576376419782032,0.7841222252266835,True,1.9686851280921605,193.10298692977724
acid,A1,141.5,0.3042523312386525,0.11872985483185605,0.5770178116216718,0.785566327898491,True,1.9686851280921605,193.10298692977724
acid,A1,142.0,0.30270592961523235,0.11964208296066925,0.5776519850964057,0.7870023533517679,True,1.9686851280921605,193.10298692977724
acid,A1,142.5,0.30115945105302355,0.1205617658687208,0.578278780730912,0.7884303212836256,True,1.9686851280921605,193.10298692977724
acid,A1,143.0,0.29961301833247855,0.12148893879648792,0.5788980405034838,0.7898502515310798,True,1.9686851280921605,193.10298692977724
acid,A1,143.5,0.29806675290400264,0.12242363685555091,0.5795096078529127,0.7912621640707622,True,1.9686851280921605,193.10298692977724
acid,A1,144.0,0.29652077489006334,0.12336589502048856,0.5801133276821524,0.7926660790186257,True,1.9686851280921605,193.10298692977724
acid,A1,144.5,0.29497520308630065,0.12431574812010737,0.5807090463662012,0.7940620166296471,True,1.9686851280921605,193.10298692977724
acid,A1,145.0,0.2934301549645246,0.1252732308311133,0.5812966117569873,0.7954499972975217,True,1.9686851280921605,193.10298692977724
acid,A1,145.5,0.291885746675713,0.12623837766823076,0.5818758731888085,0.796830041554351,True,1.9686851280921605,193.10298692977724
acid,A1,146.0,0.2903420930502332,0.12721122297842946,0.5824466814845497,0.7982021700703188,True,1.9686851280921605,193.10298692977724
acid,A1,146.5,0.2887993076006179,0.1281918009308214,0.583008888961678,0.7995664036533575,True,1.9686851280921605,193.10298692977724
acid,A1,147.0,0.28725750252578397,0.12918014550911128,0.5835623494386821,0.8009227632487995,True,1.9686851280921605,193.10298692977724
acid,A1,147.5,0.2857167887108103,0.13017629050338098,0.5841069182395131,0.8022712699390179,True,1.9686851280921605,193.10298692977724
acid,A1,148.0,0.2841772757311567,0.13118026950165174,0.584642452201134,0.8036119449430473,True,1.9686851280921605,193.10298692977724
acid,A1,148.5,0.2826390718542182,0.13219211588166857,0.5851688096784047,0.8049448096161923,True,1.9686851280921605,193.10298692977724
acid,A1,149.0,0.2811022840417676,0.1332118628016854,0.5856858505511875,0.8062698854496146,True,1.9686851280921605,193.10298692977724
acid,A1,149.5,0.27956701795306405,0.13423954319236042,0.586193436229232,0.8075871940699033,True,1.9686851280921605,193.10298692977724
acid,A1,150.0,0.27803337794785055,0.13527518974831843,0.5866914296592807,0.8088967572386243,True,1.9686851280921605,193.10298692977724
acid,A1,150.5,0.2765014670870203,0.13631883491804775,0.5871796953307307,0.8101985968518486,True,1.9686851280921605,193.10298692977724
acid,A1,151.0,0.2749713871380566,0.13737051089712793,0.5876580992811853,0.8114927349396599,True,1.9686851280921605,193.10298692977724
acid,A1,151.5,0.27344323857658726,0.13843024961690542,0.5881265091037813,0.8127791936656371,True,1.9686851280921605,193.10298692977724
acid,A1,152.0,0.27191712058804995,0.13949808273772124,0.5885847939519628,0.8140579953263151,True,1.9686851280921605,193.10298692977724
acid,A1,152.5,0.27039313107279916,0.14057404163836384,0.5890328245473642,0.8153291623506208,True,1.9686851280921605,193.10298692977724
acid,A1,153.0,0.26887136664766054,0.14165815740774246,0.5894704731838063,0.8165927172992831,True,1.9686851280921605,193.10298692977724
acid,A1,153.5,0.2673519226505938,0.14275046083489507,0.5898976137348466,0.8178486828642182,True,1.9686851280921605,193.10298692977724
acid,A1,154.0,0.2658348931409149,0.1438509824004397,0.5903141216601071,0.8190970818678878,True,1.9686851280921605,193.10298692977724
acid,A1,154.5,0.2643203709055131,0.1449597522664714,0.5907198740098263,0.8203379372626302,True,1.9686851280921605,193.10298692977724
acid,A1,155.0,0.26280844746107146,0.14607680026834657,0.59111474943363,0.8215712721299658,True,1.9686851280921605,193.10298692977724
acid,A1,155.5,0.26129921305673154,0.1472021559038028,0.5914986281839729,0.8227971096798712,True,1.9686851280921605,193.10298692977724
acid,A1,156.0,0.25979275667831203,0.14833584832374402,0.5918713921232444,0.8240154732500281,True,1.9686851280921605,193.10298692977724
acid,A1,156.5,0.2582891660519726,0.1494779063240248,0.5922329247309843,0.8252263863050425,True,1.9686851280921605,193.10298692977724
acid,A1,157.0,0.2567885276466564,0.15062835833368204,0.5925831111081026,0.8264298724356335,True,1.9686851280921605,193.10298692977724
acid,A1,157.5,0.2552909266789749,0.15178723240627523,0.5929218379844281,0.8276259553577952,True,1.9686851280921605,193.10298692977724
acid,A1,158.0,0.2537964471170939,0.1529545562103385,0.5932489937240382,0.8288146589119274,True,1.9686851280921605,193.10298692977724
acid,A1,158.5,0.2523051716831759,0.15413035701872246,0.5935644683311425,0.8299960070619365,True,1.9686851280921605,193.10298692977724
acid,A1,159.0,0.250817181858376,0.15531466169982355,0.5938681534565227,0.8311700238943077,True,1.9686851280921605,193.10298692977724
acid,A1,159.5,0.24933255788683883,0.15650749670603759,0.5941599424039712,0.8323367336171456,True,1.9686851280921605,193.10298692977724
acid,A1,160.0,0.24785137877869623,0.15770888806554417,0.5944397301346216,0.8334961605591859,True,1.9686851280921605,193.10298692977724
acid,A1,160.5,0.24637372231595123,0.15891886137042732,0.5947074132743868,0.8346483291687768,True,1.9686851280921605,193.10298692977724
acid,A1,161.0,0.24489966505536476,0.16013744176834876,0.5949628901192883,0.8357932640128299,True,1.9686851280921605,193.10298692977724
acid,A1,161.5,0.24342928233322958,0.16136465395100164,0.5952060606416731,0.8369309897757404,True,1.9686851280921605,193.10298692977724
acid,A1,162.0,0.24196264826914504,0.16260052214445153,0.5954368264944332,0.8380615312582789,True,1.9686851280921605,193.10298692977724
acid,A1,162.5,0.24049983577201228,0.16384507009903349,0.5956550910194425,0.8391849133764514,True,1.9686851280921605,193.10298692977724
acid,A1,163.0,0.2390409165433649,0.16509832107924893,0.595860759250666,0.8403011611603308,True,1.9686851280921605,193.10298692977724
acid,A1,163.5,0.2375859610820319,0.16636029785233042,0.596053737921376,0.8414102997528587,True,1.9686851280921605,193.10298692977724
acid,A1,164.0,0.23613503868991081,0.16763102267947083,0.5962339354694812,0.8425123544086166,True,1.9686851280921605,193.10298692977724
acid,A1,164.5,0.23468821747496538,0.1689105173043881,0.596401262042523,0.8436073504925684,True,1.9686851280921605,193.10298692977724
acid,A1,165.0,0.23324556435855293,0.1701988029432222,0.596555629503559,0.8446953134787752,True,1.9686851280921605,193.10298692977724
acid,A1,165.5,0.23180714507831102,0.1714959002735439,0.5966969514363818,0.8457762689490793,True,1.9686851280921605,193.10298692977724
acid,A1,166.0,0.23037302419393058,0.17280182942591704,0.5968251431520688,0.8468502425917612,True,1.9686851280921605,193.10298692977724
acid,A1,166.5,0.22894326509403928,0.17411660997002087,0.5969401216913139,0.8479172602001674,True,1.9686851280921605,193.10298692977724
acid,A1,167.0,0.22751792999797793,0.17544026090765552,0.5970418058335314,0.8489773476713128,True,1.9686851280921605,193.10298692977724
acid,A1,167.5,0.22609707996446016,0.17677280065953038,0.597130116098965,0.8500305310044515,True,1.9686851280921605,193.10298692977724
acid,A1,168.0,0.22468077489512517,0.17811424705693746,0.5972049747552388,0.8510768362996264,True,1.9686851280921605,193.10298692977724
acid,A1,168.5,0.223269073540866,0.17946461732876173,0.5972663058215755,0.8521162897561859,True,1.9686851280921605,193.10298692977724
acid,A1,169.0,0.2218620335066035,0.18082392809370962,0.5973140350749029,0.8531489176712812,True,1.9686851280921605,193.10298692977724
acid,A1,169.5,0.2204597112589468,0.18219219534720832,0.5973480900532957,0.8541747464383308,True,1.9686851280921605,193.10298692977724
acid,A1,170.0,0.21906216212919105,0.1835694344533012,0.5973684000617485,0.8551938025454671,True,1.9686851280921605,193.10298692977724
acid,A1,170.5,0.21766944032175495,0.18495566013132514,0.5973748961761727,0.856206112573952,True,1.9686851280921605,193.10298692977724
acid,A1,171.0,0.2162815989182887,0.1863508864475838,0.5973675112480592,0.8572117031965735,True,1.9686851280921605,193.10298692977724
acid,A1,171.5,0.2148986898845573,0.18775512680413442,0.5973461799100299,0.8582106011760152,True,1.9686851280921605,193.10298692977724
acid,A1,172.0,0.213520764077213,0.18916839392846274,0.597310838578502,0.8592028333632047,True,1.9686851280921605,193.10298692977724
acid,A1,172.5,0.2121478712483471,0.19059069986226973,0.5972614254587949,0.8601884266956377,True,1.9686851280921605,193.10298692977724
acid,A1,173.0,0.2107800600529286,0.19202205595170163,0.5971978805501266,0.8611674081956833,True,1.9686851280921605,193.10298692977724
acid,A1,173.5,0.20941737805546534,0.19346247283669182,0.5971201456487218,0.8621398049688643,True,1.9686851280921605,193.10298692977724
acid,A1,174.0,0.20805987173544427,0.19491196044030268,0.5970281643510322,0.8631056442021195,True,1.9686851280921605,193.10298692977724
acid,A1,174.5,0.2067075864945478,0.19637052795873355,0.596921882059509,0.8640649531620448,True,1.9686851280921605,193.10298692977724
acid,A1,175.0,0.20536056666298208,0.19783818385066265,0.5968012459851568,0.8650177591931146,True,1.9686851280921605,193.10298692977724
acid,A1,175.5,0.20401885550680454,0.199314935827144,0.5966662051511973,0.8659640897158857,True,1.9686851280921605,193.10298692977724
acid,A1,176.0,0.20268249523358595,0.20080079084094926,0.5965167103970659,0.8669039722251819,True,1.9686851280921605,193.10298692977724
acid,A1,176.5,0.20135152700040404,0.20229575507679787,0.5963527143814096,0.8678374342882595,True,1.9686851280921605,193.10298692977724
acid,A1,177.0,0.2000259909191726,0.20379983394103185,0.5961741715850843,0.8687645035429611,True,1.9686851280921605,193.10298692977724
acid,A1,177.5,0.1987059260660784,0.20531303205095774,0.5959810383154851,0.8696852076958463,True,1.9686851280921605,193.10298692977724
acid,A1,178.0,0.19739137048646604,0.2068353532254097,0.5957732727075449,0.8705995745203132,True,1.9686851280921605,193.10298692977724
acid,A1,178.5,0.19608236120338685,0.20836680047475742,0.5955508347288418,0.8715076318547004,True,1.9686851280921605,193.10298692977724
acid,A1,179.0,0.19477893422314985,0.20990737599080322,0.5953136861810426,0.8724094076003766,True,1.9686851280921605,193.10298692977724
acid,A1,179.5,0.19348112454486976,0.21145708113623485,0.5950617907020117,0.8733049297198189,True,1.9686851280921605,193.10298692977724
acid,A1,180.0,0.19218896616490788,0.21301591643607676,0.5947951137696972,0.8741942262346732,True,1.9686851280921605,193.10298692977724
acid,A1,180.5,0.1909024920886404,0.214583881566921,0.5945136227037962,0.8750773252238071,True,1.9686851280921605,193.10298692977724
acid,A1,181.0,0.18962173433245688,0.21616097534793433,0.5942172866668649,0.8759542548213504,True,1.9686851280921605,193.10298692977724
acid,A1,181.5,0.1883467239363057,0.2177471957307553,0.5939060766687598,0.876825043214722,True,1.9686851280921605,193.10298692977724
acid,A1,182.0,0.18707749096769088,0.21934253979150053,0.5935799655655272,0.8776897186426517,True,1.9686851280921605,193.10298692977724
acid,A1,182.5,0.18581406453199723,0.2209470037182193,0.5932389280633998,0.8785483093931876,True,1.9686851280921605,193.10298692977724
acid,A1,183.0,0.18455647277781928,0.22256058280556434,0.5928829407197966,0.8794008438016987,True,1.9686851280921605,193.10298692977724
acid,A1,183.5,0.18330474290650933,0.2241832714429126,0.5925119819429892,0.8802473502488676,True,1.9686851280921605,193.10298692977724
acid,A1,184.0,0.18205890117961587,0.22581506310648258,0.5921260319963206,0.8810878571586769,True,1.9686851280921605,193.10298692977724
acid,A1,184.5,0.18081897292598903,0.22745595034967536,0.5917250729963186,0.8819223929963884,True,1.9686851280921605,193.10298692977724
acid,A1,185.0,0.17958498255077338,0.22910592479552516,0.5913090889156924,0.882750986266517,True,1.9686851280921605,193.10298692977724
acid,A1,185.5,0.17835695354306846,0.23076497712659627,0.5908780655827783,0.8835736655107986,True,1.9686851280921605,193.10298692977724
acid,A1,186.0,0.17713490848336733,0.23243309707687843,0.5904319906823163,0.8843904593061552,True,1.9686851280921605,193.10298692977724
acid,A1,186.5,0.17591886905277132,0.23411027342434831,0.5899708537560056,0.8852013962626548,True,1.9686851280921605,193.10298692977724
acid,A1,187.0,0.17470885604020658,0.23579649398142166,0.5894946462026152,0.8860065050214677,True,1.9686851280921605,193.10298692977724
acid,A1,187.5,0.1735048893507507,0.23749174558718167,0.5890033612770962,0.8868058142528222,True,1.9686851280921605,193.10298692977724
acid,A1,188.0,0.17230698801418143,0.23919601410016256,0.5884969940921358,0.887599352653958,True,1.9686851280921605,193.10298692977724
acid,A1,188.5,0.17111517019330336,0.24090928438935677,0.587975541615271,0.888387148947077,True,1.9686851280921605,193.10298692977724
acid,A1,189.0,0.16992945319171948,0.24263154032722056,0.5874390026708864,0.8891692318772955,True,1.9686851280921605,193.10298692977724
acid,A1,189.5,0.16874985346271298,0.24436276478245755,0.5868873779367734,0.8899456302105953,True,1.9686851280921605,193.10298692977724
acid,A1,190.0,0.1675763866170188,0.24610293961169205,0.5863206699452395,0.8907163727317776,True,1.9686851280921605,193.10298692977724
acid,A1,190.5,0.16640906743226047,0.2478520456536959,0.5857388830804444,0.8914814882424157,True,1.9686851280921605,193.10298692977724
acid,A1,191.0,0.1652479098602777,0.24961006272072872,0.5851420235778448,0.8922410055588118,True,1.9686851280921605,193.10298692977724
acid,A1,191.5,0.16409292703667422,0.2513769695934309,0.5845300995218627,0.8929949535099566,True,1.9686851280921605,193.10298692977724
acid,A1,192.0,0.1629441312875901,0.2531527440131631,0.5839031208442202,0.8937433609354901,True,1.9686851280921605,193.10298692977724
acid,A1,192.5,0.16180153414058207,0.25493736267601097,0.583261099321275,0.8944862566836694,True,1.9686851280921605,193.10298692977724
acid,A1,193.0,0.1606651463317288,0.2567308012261238,0.5826040485739092,0.8952236696093401,True,1.9686851280921605,193.10298692977724
acid,A1,193.5,0.1595349778137356,0.25853303425049656,0.5819319840609793,0.8959556285719098,False,1.9686851280921605,193.10298692977724
acid,A1,194.0,0.15841103776648158,0.26034403527241956,0.5812449230806482,0.896682162433334,False,1.9686851280921605,193.10298692977724
acid,A1,194.5,0.15729333460334782,0.2621637767454832,0.5805428847646121,0.8974033000561006,False,1.9686851280921605,193.10298692977724
acid,A1,195.0,0.15618187598143152,0.26399223005058037,0.5798258900761022,0.8981190703012274,False,1.9686851280921605,193.10298692977724
acid,A1,195.5,0.15507666880953952,0.26582936548769087,0.5790939618055546,0.8988295020262643,False,1.9686851280921605,193.10298692977724
acid,A1,196.0,0.15397771925695913,0.26767515227243965,0.5783471245680571,0.8995346240833039,False,1.9686851280921605,193.10298692977724
acid,A1,196.5,0.1528850327624509,0.2695295585315449,0.5775854047983531,0.900234465317,False,1.9686851280921605,193.10298692977724
acid,A1,197.0,0.15179861404279738,0.27139255129837725,0.5768088307467334,0.9009290545625975,False,1.9686851280921605,193.10298692977724
acid,A1,197.5,0.1507184671006856,0.2732640965077415,0.57601743247504,0.9016184206439681,False,1.9686851280921605,193.10298692977724
acid,A1,198.0,0.1496445952346992,0.27514415899332345,0.5752112418514477,0.9023025923716607,False,1.9686851280921605,193.10298692977724
acid,A1,198.5,0.14857700104753402,0.2770327024821384,0.5743902925458011,0.9029815985409584,False,1.9686851280921605,193.10298692977724
acid,A1,199.0,0.1475156864539917,0.2789296895936433,0.5735546200240638,0.9036554679299488,False,1.9686851280921605,193.10298692977724
acid,A1,199.5,0.14646065269086073,0.2808350818338523,0.572704261543544,0.9043242292976047,False,1.9686851280921605,193.10298692977724
acid,A1,200.0,0.14541190032468787,0.28274883959433783,0.5718392561460117,0.9049879113818787,False,1.9686851280921605,193.10298692977724
acid,A2,1.0,0.07009875886776484,0.08679007423051388,0.8431111666147295,0.08829006533276379,False,4.996725179678231,193.62931084982472
acid,A2,1.5,0.07160746666468043,0.08615964031921663,0.8422328927819578,0.08975337234020266,False,4.996725179678231,193.62931084982472
acid,A2,2.0,0.07314270942027079,0.08553594169224965,0.8413213486289095,0.09123687481733454,False,4.996725179678231,193.62931084982472
acid,A2,2.5,0.07470465498116141,0.08491895236462099,0.8403763924365037,0.09274070387586614,False,4.996725179678231,193.62931084982472
acid,A2,3.0,0.07629345899662354,0.08430864639885627,0.8393978943530556,0.09426498639623865,False,4.996725179678231,193.62931084982472
acid,A2,3.5,0.07790926463169257,0.08370499810927967,0.8383857370422021,0.09580984485561031,False,4.996725179678231,193.62931084982472
acid,A2,4.0,0.07955220166611099,0.08310798190791502,0.8373398161607426,0.09737539715589648,False,4.996725179678231,193.62931084982472
acid,A2,4.5,0.0812223862327599,0.08251757258515013,0.8362600409062004,0.09896175645213882,False,4.996725179678231,193.62931084982472
acid,A2,5.0,0.08291992011555394,0.08193374502996065,0.8351463345959154,0.10056903098148202,True,4.996725179678231,193.62931084982472
acid,A2,5.5,0.08464489031512201,0.08135647433160642,0.8339986350733852,0.10219732389304623,True,4.996725179678231,193.62931084982472
acid,A2,6.0,0.08639736851723256,0.08078573587755322,0.8328168953362081,0.10384673307899071,True,4.996725179678231,193.62931084982472
acid,A2,6.5,0.08817741054190087,0.08022150518005589,0.8316010839797272,0.10551735100707212,True,4.996725179678231,193.62931084982472
acid,A2,7.0,0.08998505589108419,0.07966375799428604,0.83035118582786,0.10720926455500626,True,4.996725179678231,193.62931084982472
acid,A2,7.5,0.0918203272799456,0.07911247026126667,0.8290672021529222,0.10892255484695049,True,4.996725179678231,193.62931084982472
acid,A2,8.0,0.0936832300428847,0.07856761819957647,0.8277491514381285,0.11065729709242653,True,4.996725179678231,193.62931084982472
acid,A2,8.5,0.09557375180735406,0.07802917813459764,0.8263970697448553,0.11241356042800979,True,4.996725179678231,193.62931084982472
acid,A2,9.0,0.09749186192764547,0.07749712666194064,0.8250110110965547,0.11419140776211456,True,4.996725179678231,193.62931084982472
acid,A2,9.5,0.09943751113428156,0.07697144055351934,0.8235910479896802,0.11599089562320655,True,4.996725179678231,193.62931084982472
acid,A2,10.0,0.10141063107771409,0.07645209679596476,0.8221372718031361,0.11781207401177714,True,4.996725179678231,193.62931084982472
acid,A2,10.5,0.10341113393175227,0.07593907255443177,0.8206497931786405,0.11965498625641356,True,4.996725179678231,193.62931084982472
acid,A2,11.0,0.10543891204561895,0.07543234520035469,0.8191287424148541,0.1215196688742993,True,4.996725179678231,193.62931084982472
acid,A2,11.5,0.10749383755981334,0.07493189228968689,0.8175742698082189,0.12340615143647894,True,4.996725179678231,193.62931084982472
acid,A2,12.0,0.1095757620754867,0.07443769156978419,0.8159865460044546,0.12531445643821695,True,4.996725179678231,193.62931084982472
acid,A2,12.5,0.11168451637777466,0.07394972095364771,0.8143657623016498,0.12724459917477918,True,4.996725179678231,193.62931084982472
acid,A2,13.0,0.11381991013736936,0.07346795858098609,0.8127121309153829,0.1291965876229594,True,4.996725179678231,193.62931084982472
acid,A2,13.5,0.11598173168270165,0.07299238270430664,0.8110258852345176,0.13117042232866832,True,4.996725179678231,193.62931084982472
acid,A2,14.0,0.11816974773659616,0.07252297179372036,0.8093072800916534,0.1331660963008952,True,4.996725179678231,193.62931084982472
acid,A2,14.5,0.12038370327704939,0.07205970446100274,0.8075565918801431,0.13518359491234533,True,4.996725179678231,193.62931084982472
acid,A2,15.0,0.12262332135293263,0.07160255947824545,0.8057741187812439,0.13722289580704475,True,4.996725179678231,193.62931084982472
acid,A2,15.5,0.12488830295542819,0.07115151578762635,0.8039601808595975,0.13928396881519706,True,4.996725179678231,193.62931084982472
acid,A2,16.0,0.12717832694386644,0.07070655247654045,0.802115120181579,0.14136677587556193,True,4.996725179678231,193.62931084982472
acid,A2,16.5,0.12949304997089683,0.07026764875850411,0.8002393008648134,0.14347127096561432,True,4.996725179678231,193.62931084982472
acid,A2,17.0,0.1318321064671668,0.06983478401667575,0.7983331091083734,0.14559740003972974,True,4.996725179678231,193.62931084982472
acid,A2,17.5,0.13419510867818119,0.06940793774279364,0.7963969531570303,0.14774510097562404,True,4.996725179678231,193.62931084982472
acid,A2,18.0,0.1365816466878389,0.06898708956626365,0.7944312633176853,0.14991430352926347,True,4.996725179678231,193.62931084982472
acid,A2,18.5,0.138991288513024,0.06857221924039258,0.7924364918137083,0.15210492929844,True,4.996725179678231,193.62931084982472
acid,A2,19.0,0.14142358023838675,0.06816330662751113,0.7904131126925673,0.1543168916951929,True,4.996725179678231,193.62931084982472
acid,A2,19.5,0.1438780461866518,0.06776033170141638,0.7883616216719513,0.15655009592723568,True,4.996725179678231,193.62931084982472
acid,A2,20.0,0.1463541891197906,0.06736327453116253,0.7862825358959658,0.15880443898852964,True,4.996725179678231,193.62931084982472
acid,A2,20.5,0.14885149047039192,0.06697211530037883,0.7841763937730395,0.16107980965912458,True,4.996725179678231,193.62931084982472
acid,A2,21.0,0.15136941063431664,0.06658683427551715,0.7820437546310899,0.16337608851436533,True,4.996725179678231,193.62931084982472
acid,A2,21.5,0.15390738929865755,0.06620741178609002,0.7798851984484045,0.16569314794354276,True,4.996725179678231,193.62931084982472
acid,A2,22.0,0.15646484578235587,0.0658338282721882,0.7777013254657295,0.16803085217804423,True,4.996725179678231,193.62931084982472
acid,A2,22.5,0.1590411794389901,0.06546606422963563,0.775492755847873,0.17038905732903567,True,4.996725179678231,193.62931084982472
acid,A2,23.0,0.16163577009287167,0.06510410022486646,0.7732601291929875,0.17276761143468705,True,4.996725179678231,193.62931084982472
acid,A2,23.5,0.16424797851266604,0.06474791687827164,0.7710041041160132,0.17516635451692536,True,4.996725179678231,193.62931084982472
acid,A2,24.0,0.16687714689300748,0.06439749487086033,0.7687253577370878,0.17758511864768042,True,4.996725179678231,193.62931084982472
acid,A2,24.5,0.16952259942448755,0.06405281492871673,0.7664245851386475,0.18002372802456265,True,4.996725179678231,193.62931084982472
acid,A2,25.0,0.17218364285076504,0.06371385783277006,0.7641024988052081,0.1824819990558884,True,4.996725179678231,193.62931084982472
acid,A2,25.5,0.1748595670693076,0.06338060438482174,0.7617598280243998,0.1849597404549467,True,4.996725179678231,193.62931084982472
acid,A2,26.0,0.1775496457848691,0.06305303543430174,0.7593973182523639,0.18745675334337758,True,4.996725179678231,193.62931084982472
acid,A2,26.5,0.18025313716507618,0.06273113185617518,0.7570157304495062,0.18997283136350848,True,4.996725179678231,193.62931084982472
acid,A2,27.0,0.18296928453509498,0.06241487454805572,0.754615840383499,0.19250776079947438,True,4.996725179678231,193.62931084982472
acid,A2,27.5,0.1856973171049381,0.06210424442598672,0.7521984379286195,0.19506132070692503,True,4.996725179678231,193.62931084982472
acid,A2,28.0,0.18843645071975335,0.06179922242732783,0.7497643263055798,0.197633283051101,True,4.996725179678231,193.62931084982472
acid,A2,28.5,0.19118588862854224,0.06149978949876456,0.7473143213171385,0.20022341285304032,True,4.996725179678231,193.62931084982472
acid,A2,29.0,0.1939448222685325,0.06120592660396884,0.7448492505679472,0.20283146834365864,True,4.996725179678231,193.62931084982472
acid,A2,29.5,0.19671243209573586,0.060917614703392964,0.7423699526381,0.2054572011254254,True,4.996725179678231,193.62931084982472
acid,A2,30.0,0.19948788839474485,0.060634834769812684,0.7398772762668981,0.2081003563413422,True,4.996725179678231,193.62931084982472
acid,A2,30.5,0.20227035214903655,0.0603575677702306,0.7373720795069705,0.21076067285091232,True,4.996725179678231,193.62931084982472
acid,A2,31.0,0.20505897587896893,0.060085794683528704,0.7348552288597432,0.2134378834127749,True,4.996725179678231,193.62931084982472
acid,A2,31.5,0.20785290453373406,0.05981949647682061,0.7323275984068012,0.21613171487366134,True,4.996725179678231,193.62931084982472
acid,A2,32.0,0.21065127635944147,0.0595586541179971,0.7297900689328118,0.21884188836332222,True,4.996725179678231,193.62931084982472
acid,A2,32.5,0.2134532237988429,0.05930324857728042,0.7272435270312405,0.2215681194950547,True,4.996725179678231,193.62931084982472
acid,A2,33.0,0.21625787438117605,0.05905326081689921,0.7246888642040705,0.2243101185714563,True,4.996725179678231,193.62931084982472
acid,A2,33.5,0.21906435162599713,0.05880867179930416,0.7221269759735138,0.22706759079501718,True,4.996725179678231,193.62931084982472
acid,A2,34.0,0.22187177593957497,0.0585694624837263,0.7195587609706289,0.2298402364831552,True,4.996725179678231,193.62931084982472
acid,A2,34.5,0.2246792655216101,0.05833561383039587,0.7169851200407029,0.23262775128729485,True,4.996725179678231,193.62931084982472
acid,A2,35.0,0.22748593725041566,0.05810710679521325,0.7144069553416399,0.23542982641558097,True,4.996725179678231,193.62931084982472
acid,A2,35.5,0.23029090759452142,0.05788392234329365,0.7118251694462341,0.23824614885881806,True,4.996725179678231,193.62931084982472
acid,A2,36.0,0.2330932934810903,0.0576660414393082,0.7092406644592097,0.24107640161922117,True,4.996725179678231,193.62931084982472
acid,A2,36.5,0.2358922131815433,0.057453445058697206,0.706654341135593,0.24392026394156385,True,4.996725179678231,193.62931084982472
acid,A2,37.0,0.2386867871818632,0.05724611418578274,0.7040670980039687,0.24677741154631005,True,4.996725179678231,193.62931084982472
acid,A2,37.5,0.24147613902736342,0.0570440298194308,0.701479830522378,0.24964751686431436,True,4.996725179678231,193.62931084982472
acid,A2,38.0,0.24425939617023218,0.05684717297693709,0.6988934302167849,0.25253024927268286,True,4.996725179678231,193.62931084982472
acid,A2,38.5,0.24703569080331,0.05665552469957813,0.6963087838594006,0.2554252753313869,True,4.996725179678231,193.62931084982472
acid,A2,39.0,0.24980416064823707,0.056469066049946726,0.6937267726612184,0.25833225902022844,True,4.996725179678231,193.62931084982472
acid,A2,39.5,0.252563949760809,0.05628777812805019,0.6911482714686557,0.26125086197576225,True,4.996725179678231,193.62931084982472
acid,A2,40.0,0.2553142092973637,0.056111642068534806,0.6885741479891738,0.2641807437277875,True,4.996725179678231,193.62931084982472
acid,A2,40.5,0.25805409825785386,0.055940639050011676,0.6860052620446533,0.2671215619350291,True,4.996725179678231,193.62931084982472
acid,A2,41.0,0.26078278421481915,0.0557747502998307,0.6834424648344273,0.270072972619639,True,4.996725179678231,193.62931084982472
acid,A2,41.5,0.2634994440190441,0.055613957099298617,0.6808865982291801,0.27303463040015735,True,4.996725179678231,193.62931084982472
acid,A2,42.0,0.26620326446846754,0.05545824079322692,0.6783384940828308,0.27600618872258686,True,4.996725179678231,193.62931084982472
acid,A2,42.5,0.2688934429656564,0.055307582793817645,0.6757989735829417,0.27898730008924133,True,4.996725179678231,193.62931084982472
acid,A2,43.0,0.27156918813930897,0.05516196459043332,0.6732688466114523,0.28197761628504636,True,4.996725179678231,193.62931084982472
acid,A2,43.5,0.27422972044444105,0.055021367752983164,0.6707489111408838,0.2849767886009809,True,4.996725179678231,193.62931084982472
acid,A2,44.0,0.2768742727301543,0.05488577394507921,0.6682399526617977,0.2879844680543626,True,4.996725179678231,193.62931084982472
acid,A2,44.5,0.27950209078142496,0.05475516492703392,0.6657427436280172,0.29100030560569534,True,4.996725179678231,193.62931084982472
acid,A2,45.0,0.28211243383341467,0.05462952256457543,0.6632580429350998,0.2940239523718103,True,4.996725179678231,193.62931084982472
acid,A2,45.5,0.28470457505325175,0.0545088288410045,0.6607865954396108,0.2970550598350491,True,4.996725179678231,193.62931084982472
acid,A2,46.0,0.2872778019932798,0.05439306585752757,0.6583291314812834,0.30009328004825025,True,4.996725179678231,193.62931084982472
acid,A2,46.5,0.289831417018549,0.054282215852186066,0.6558863664601899,0.3031382658353195,True,4.996725179678231,193.62931084982472
acid,A2,47.0,0.2923647376990579,0.05417626119746943,0.653459000433565,0.30618967098717603,True,4.996725179678231,193.62931084982472
acid,A2,47.5,0.2948770971751835,0.05407518441991055,0.6510477177332774,0.30924715045288637,True,4.996725179678231,193.62931084982472
acid,A2,48.0,0.2973678444984085,0.053978968195478316,0.648653186633541,0.31231036052581085,True,4.996725179678231,193.62931084982472
acid,A2,48.5,0.29983634492741773,0.053887595374224606,0.6462760590255634,0.31537895902460455,True,4.996725179678231,193.62931084982472
acid,A2,49.0,0.30228198021875485,0.05380104897340088,0.6439169701344949,0.3184526054689306,True,4.996725179678231,193.62931084982472
acid,A2,49.5,0.3047041488664637,0.05371931219633197,0.6415765382642435,0.3215309612497582,True,4.996725179678231,193.62931084982472
acid,A2,50.0,0.30710226632107984,0.053642368439965615,0.6392553645642174,0.3246136897941343,True,4.996725179678231,193.62931084982472
acid,A2,50.5,0.30947576519441133,0.053570201299757425,0.636954032830539,0.32770045672433207,True,4.996725179678231,193.62931084982472
acid,A2,51.0,0.31182409541025136,0.053502794583049074,0.6346731093328506,0.33079093001129467,True,4.996725179678231,193.62931084982472
acid,A2,51.5,0.31414672434998403,0.0534401323135647,0.6324131426614921,0.3338847801223076,True,4.996725179678231,193.62931084982472
acid,A2,52.0,0.31644313696732596,0.0533821987422356,0.6301746636152572,0.3369816801628453,True,4.996725179678231,193.62931084982472
acid,A2,52.5,0.31871283587209254,0.05332897835613748,0.6279581850973659,0.3400813060125539,True,4.996725179678231,193.62931084982472
acid,A2,53.0,0.32095534138526505,0.05328045588626207,0.6257642020541798,0.3431833364553439,True,4.996725179678231,193.62931084982472
acid,A2,53.5,0.3231701915920038,0.05323661631762011,0.6235931914161941,0.34628745330357874,True,4.996725179678231,193.62931084982472
acid,A2,54.0,0.32535694234320234,0.053197444893626766,0.6214456120888778,0.34939334151635953,True,4.996725179678231,193.62931084982472
acid,A2,54.5,0.3275151672519905,0.053162927128869164,0.6193219049433485,0.3525006893119156,True,4.996725179678231,193.62931084982472
acid,A2,55.0,0.32964445766675565,0.05313304881365832,0.6172224928451264,0.35560918827412397,True,4.996725179678231,193.62931084982472
acid,A2,55.5,0.3317444226151878,0.053107796025242404,0.6151477806869976,0.358718533453191,True,4.996725179678231,193.62931084982472
acid,A2,56.0,0.3338146887375826,0.05308715513055451,0.6130981554582637,0.36182842346053773,True,4.996725179678231,193.62931084982472
acid,A2,56.5,0.3358549001969968,0.05307111280122845,0.6110739863288417,0.36493856055794416,True,4.996725179678231,193.62931084982472
acid,A2,57.0,0.33786471857116807,0.053059656011711365,0.6090756247436602,0.36804865074101223,True,4.996725179678231,193.62931084982472
acid,A2,57.5,0.33984382272433944,0.053052772055667274,0.6071034045461443,0.37115840381702003,True,4.996725179678231,193.62931084982472
acid,A2,58.0,0.3417919086690091,0.05305044854911345,0.6051576421090554,0.37426753347724334,True,4.996725179678231,193.62931084982472
acid,A2,58.5,0.34370868940825083,0.05305267343336251,0.6032386364855924,0.3773757573638332,True,4.996725179678231,193.62931084982472
acid,A2,59.0,0.3455938947643511,0.05305943498951082,0.6013466695751479,0.38048279713134003,True,4.996725179678231,193.62931084982472
acid,A2,59.5,0.3474472711870735,0.05307072183799444,0.5994820063027761,0.3835883785029843,True,4.996725179678231,193.62931084982472
acid,A2,60.0,0.3492685815654206,0.05308652294946925,0.5976448948137869,0.3866922313217789,True,4.996725179678231,193.62931084982472
acid,A2,60.5,0.35105760500633854,0.0531068276502511,0.5958355666726423,0.3897940895966126,True,4.996725179678231,193.62931084982472
acid,A2,61.0,0.3528141366172244,0.05313162562534113,0.5940542370864721,0.3928936915434105,True,4.996725179678231,193.62931084982472
acid,A2,61.5,0.3545379872775256,0.053160906925475704,0.5923011051264249,0.39599077962148876,True,4.996725179678231,193.62931084982472
acid,A2,62.0,0.35622898338960596,0.05319466197359346,0.5905763539658382,0.39908510056522956,True,4.996725179678231,193.62931084982472
acid,A2,62.5,0.3578869666305551,0.05323288157180195,0.5888801511287622,0.4021764054111982,True,4.996725179678231,193.62931084982472
acid,A2,63.0,0.35951179369278496,0.053275556900600485,0.5872126487377893,0.40526444952083557,True,4.996725179678231,193.62931084982472
acid,A2,63.5,0.361103336020685,0.053322679528344796,0.585573983782367,0.4083489925988537,True,4.996725179678231,193.62931084982472
acid,A2,64.0,0.3626614795330385,0.053374241414508306,0.5839642783818932,0.41142979870746993,True,4.996725179678231,193.62931084982472
acid,A2,64.5,0.3641861243504907,0.05343023491630183,0.5823836400635773,0.4145066362766135,True,4.996725179678231,193.62931084982472
acid,A2,65.0,0.36567718450698783,0.05349065278588416,0.5808321620380807,0.41757927811024037,True,4.996725179678231,193.62931084982472
acid,A2,65.5,0.36713458766200746,0.053555488182255306,0.5793099234860655,0.42064750138889373,True,4.996725179678231,193.62931084982472
acid,A2,66.0,0.36855827481160897,0.053624734671242624,0.577816989847546,0.423711087668646,True,4.996725179678231,193.62931084982472
acid,A2,66.5,0.3699481999918375,0.05369838622851231,0.5763534131103115,0.42676982287656084,True,4.996725179678231,193.62931084982472
acid,A2,67.0,0.3713043299810731,0.053776437243330255,0.5749192321056057,0.429823497302812,True,4.996725179678231,193.62931084982472
acid,A2,67.5,0.3726266440004303,0.053858882523606655,0.573514472805979,0.4328719055895935,True,4.996725179678231,193.62931084982472
acid,A2,68.0,0.3739151334114163,0.05394571729348818,0.5721391486251115,0.43591484671696096,True,4.996725179678231,193.62931084982472
acid,A2,68.5,0.37516980141546336,0.054036937203578994,0.5707932607096274,0.43895212398573374,True,4.996725179678231,193.62931084982472
acid,A2,69.0,0.3763906627515176,0.05413253832753373,0.5694767982491813,0.441983544997596,True,4.996725179678231,193.62931084982472
acid,A2,69.5,0.3775777433929345,0.054232517165884314,0.5681897387697573,0.44500892163252487,True,4.996725179678231,193.62931084982472
acid,A2,70.0,0.3787310802422575,0.05433687064700099,0.5669320484381589,0.4480280700236778,True,4.996725179678231,193.62931084982472
acid,A2,70.5,0.3798507208358729,0.05444559613253935,0.5657036823576138,0.45104081052986816,True,4.996725179678231,193.62931084982472
acid,A2,71.0,0.3809367230383463,0.054558691415309245,0.5645045848716844,0.45404696770575276,True,4.996725179678231,193.62931084982472
acid,A2,71.5,0.3819891547473526,0.05467615472293095,0.5633346898542796,0.45704637026985745,True,4.996725179678231,193.62931084982472
acid,A2,72.0,0.3830080935958357,0.054797984717008114,0.5621939210110234,0.4600388510705626,True,4.996725179678231,193.62931084982472
acid,A2,72.5,0.38399362665595194,0.05492418049682021,0.5610821921691669,0.4630242470501665,True,4.996725179678231,193.62931084982472
acid,A2,73.0,0.38494585015307403,0.05505474159785487,0.5599994075702122,0.4660023992071429,True,4.996725179678231,193.62931084982472
acid,A2,73.5,0.385864869167956,0.05518966799545125,0.558945462156131,0.4689731525567103,True,4.996725179678231,193.62931084982472
acid,A2,74.0,0.38675079736100876,0.05532896010178312,0.5579202418552683,0.471936356089818,True,4.996725179678231,193.62931084982472
acid,A2,74.5,0.387603756680982,0.0554726187694185,0.5569236238657584,0.47489186273066447,True,4.996725179678231,193.62931084982472
acid,A2,75.0,0.38842387709221715,0.05562064529054944,0.5559554769319214,0.47783952929284707,True,4.996725179678231,193.62931084982472
acid,A2,75.5,0.38921129629621715,0.05577304139658262,0.5550156616203478,0.48077921643425064,True,4.996725179678231,193.62931084982472
acid,A2,76.0,0.38996615946193525,0.055929809257712626,0.5541040305902106,0.48371078861077116,True,4.996725179678231,193.62931084982472
acid,A2,76.5,0.39068861895966145,0.056090951486120755,0.5532204288633685,0.48663411402897194,True,4.996725179678231,193.62931084982472
acid,A2,77.0,0.39137883409452734,0.056256471131041486,0.5523646940812088,0.48954906459776876,True,4.996725179678231,193.62931084982472
acid,A2,77.5,0.39203697085209155,0.056426371680837195,0.5515366567711982,0.4924555158792284,True,4.996725179678231,193.62931084982472
acid,A2,78.0,0.3926632016421905,0.0566006570633798,0.5507361405958228,0.49535334703857486,True,4.996725179678231,193.62931084982472
acid,A2,78.5,0.3932577050512198,0.0567793316441495,0.549962962603387,0.49824244079348196,True,4.996725179678231,193.62931084982472
acid,A2,79.0,0.39382066559581763,0.05696240022431964,0.5492169334758296,0.5011226833627378,True,4.996725179678231,193.62931084982472
acid,A2,79.5,0.3943522734828203,0.05714986804235267,0.5484978577671717,0.5039939644143568,True,4.996725179678231,193.62931084982472
acid,A2,80.0,0.3948527243775729,0.0573417407716964,0.5478055341398003,0.5068561770132166,True,4.996725179678231,193.62931084982472
acid,A2,80.5,0.3953222191701855,0.0575380245191881,0.5471397555975449,0.5097092175682901,True,4.996725179678231,193.62931084982472
acid,A2,81.0,0.39576096374945025,0.057738725824513226,0.5465003097096521,0.5125529857795456,True,4.996725179678231,193.62931084982472
acid,A2,81.5,0.39616916878654207,0.057943851659220114,0.5458869788330656,0.5153873845845766,True,4.996725179678231,193.62931084982472
acid,A2,82.0,0.396547049518331,0.05815340942566527,0.5452995403319449,0.5182123201050312,True,4.996725179678231,193.62931084982472
acid,A2,82.5,0.3968948255336502,0.058367406953196976,0.5447377667851805,0.5210277015928962,True,4.996725179678231,193.62931084982472
acid,A2,83.0,0.39721272057269275,0.05858585249940429,0.544201426195795,0.5238334413766991,True,4.996725179678231,193.62931084982472
acid,A2,83.5,0.3975009623226611,0.05880875474645331,0.5436902821942535,0.5266294548076789,True,4.996725179678231,193.62931084982472
acid,A2,84.0,0.3977597822245327,0.05903612280155901,0.5432040942329186,0.5294156602059833,True,4.996725179678231,193.62931084982472
acid,A2,84.5,0.39798941528096377,0.059267966192100285,0.5427426177811168,0.5321919788069397,True,4.996725179678231,193.62931084982472
acid,A2,85.0,0.3981900998720478,0.059504294866535856,0.5423056045112118,0.5349583347074476,True,4.996725179678231,193.62931084982472
acid,A2,85.5,0.3983620775724339,0.05974511919079606,0.5418928024819025,0.5377146548125395,True,4.996725179678231,193.62931084982472
acid,A2,86.0,0.3985055929771608,0.05999044994683955,0.5415039563159418,0.5404608687821539,True,4.996725179678231,193.62931084982472
acid,A2,86.5,0.3986208935283231,0.06024029833018307,0.541138807376329,0.5431969089781553,True,4.996725179678231,193.62931084982472
acid,A2,87.0,0.3987082293495092,0.06049467594915203,0.5407970939309004,0.5459227104116496,True,4.996725179678231,193.62931084982472
acid,A2,87.5,0.3987678530848471,0.06075359481941267,0.5404785513191956,0.5486382106906208,True,4.996725179678231,193.62931084982472
acid,A2,88.0,0.3988000197398256,0.061017067366414546,0.5401829121123858,0.5513433499679292,True,4.996725179678231,193.62931084982472
acid,A2,88.5,0.3988049865273624,0.06128510641784102,0.5399099062667057,0.5540380708897022,True,4.996725179678231,193.62931084982472
acid,A2,89.0,0.3987830127234193,0.06155772520616276,0.5396592612769702,0.5567223185441456,True,4.996725179678231,193.62931084982472
acid,A2,89.5,0.3987343595183712,0.06183493736125478,0.5394307023201816,0.5593960404108042,True,4.996725179678231,193.62931084982472
acid,A2,90.0,0.3986592898801433,0.06211675691270013,0.5392239524009412,0.5620591863102999,True,4.996725179678231,193.62931084982472
acid,A2,90.5,0.398558068417737,0.0624031982837947,0.539038732485092,0.564711708354569,True,4.996725179678231,193.62931084982472
acid,A2,91.0,0.398430961249141,0.06269427629129742,0.5388747616404121,0.5673535608976203,True,4.996725179678231,193.62931084982472
acid,A2,91.5,0.3982782358761261,0.06299000613887995,0.5387317571586836,0.5699847004868412,True,4.996725179678231,193.62931084982472
acid,A2,92.0,0.3981001610577073,0.0632904034202908,0.5386094346877257,0.5726050858148602,True,4.996725179678231,193.62931084982472
acid,A2,92.5,0.3978970066947085,0.06359548411247196,0.5385075083513546,0.5752146776719957,True,4.996725179678231,193.62931084982472
acid,A2,93.0,0.39766904371124623,0.06390526457292212,0.5384256908674001,0.5778134388992962,True,4.996725179678231,193.62931084982472
acid,A2,93.5,0.397416543942819,0.06421976153905828,0.5383636936619474,0.5804013343421952,True,4.996725179678231,193.62931084982472
acid,A2,94.0,0.39713978003103056,0.06453899212321978,0.5383212269816084,0.5829783308047884,True,4.996725179678231,193.62931084982472
acid,A2,94.5,0.39683902531667536,0.06486297381108619,0.5382980000006032,0.5855443970047483,True,4.996725179678231,193.62931084982472
acid,A2,95.0,0.39651455373890254,0.06519172445790256,0.5382937209229555,0.5880995035288834,True,4.996725179678231,193.62931084982472
acid,A2,95.5,0.3961666397388486,0.06552526228664757,0.5383080970858822,0.590643622789358,True,4.996725179678231,193.62931084982472
acid,A2,96.0,0.39579555816388057,0.06586360588389795,0.5383408350547736,0.5931767289805723,True,4.996725179678231,193.62931084982472
acid,A2,96.5,0.39540158417872284,0.06620677419716392,0.5383916407180056,0.595698798036717,True,4.996725179678231,193.62931084982472
acid,A2,97.0,0.39498499317563995,0.06655478653205815,0.53846021937759,0.5982098075900055,True,4.996725179678231,193.62931084982472
acid,A2,97.5,0.3945460606896156,0.06690766254896507,0.5385462758376591,0.6007097369295878,True,4.996725179678231,193.62931084982472
acid,A2,98.0,0.3940850623184722,0.06726542226026533,0.5386495144881764,0.6031985669611529,True,4.996725179678231,193.62931084982472
acid,A2,98.5,0.39360227364387823,0.06762808602633896,0.538769639387815,0.6056762801672204,True,4.996725179678231,193.62931084982472
acid,A2,99.0,0.39309797015224524,0.06799567455406663,0.5389063543417838,0.6081428605681266,True,4.996725179678231,193.62931084982472
acid,A2,99.5,0.39257242716717045,0.06836820889061235,0.5390593629801543,0.6105982936837014,True,4.996725179678231,193.62931084982472
acid,A2,100.0,0.39202591977294254,0.06874571042431166,0.5392283688309685,0.6130425664956431,True,4.996725179678231,193.62931084982472
acid,A2,100.5,0.39145872275231364,0.06912820087728866,0.5394130753885173,0.6154756674105872,True,4.996725179678231,193.62931084982472
acid,A2,101.0,0.3908711105160556,0.06951570230473436,0.539613186186505,0.6178975862238665,True,4.996725179678231,193.62931084982472
acid,A2,101.5,0.39026335704483994,0.06990823709174254,0.539828404860998,0.6203083140839674,True,4.996725179678231,193.62931084982472
acid,A2,102.0,0.38963573582512234,0.07030582794675944,0.540058435214652,0.6227078434576737,True,4.996725179678231,193.62931084982472
acid,A2,102.5,0.38898851979307647,0.0707084979024164,0.5403029812796611,0.6250961680959007,True,4.996725179678231,193.62931084982472
acid,A2,103.0,0.3883219812784722,0.07111627031025636,0.5405617473761559,0.6274732830002105,True,4.996725179678231,193.62931084982472
acid,A2,103.5,0.38763639195027455,0.07152916883490512,0.5408344381681585,0.62983918439001,True,4.996725179678231,193.62931084982472
acid,A2,104.0,0.3869320227661288,0.07194721745579225,0.5411207587200373,0.6321938696704258,True,4.996725179678231,193.62931084982472
acid,A2,104.5,0.3862091439221227,0.07237044045821373,0.5414204145504087,0.6345373374008492,True,4.996725179678231,193.62931084982472
acid,A2,105.0,0.3854680248049358,0.07279886243360956,0.5417331116802093,0.6368695872641478,True,4.996725179678231,193.62931084982472
acid,A2,105.5,0.3847089339480414,0.07323250827406813,0.5420585566844882,0.6391906200365399,True,4.996725179678231,193.62931084982472
acid,A2,106.0,0.38393213898568757,0.0736714031696617,0.5423964567392581,0.6415004375581207,True,4.996725179678231,193.62931084982472
acid,A2,106.5,0.3831379066133178,0.0741155726036169,0.5427465196657377,0.64379904270404,True,4.996725179678231,193.62931084982472
acid,A2,107.0,0.38232650254371725,0.07456504235037187,0.5431084539758713,0.64608643935632,True,4.996725179678231,193.62931084982472
acid,A2,107.5,0.3814981914733173,0.07501983847002514,0.5434819689141834,0.6483626323763086,True,4.996725179678231,193.62931084982472
acid,A2,108.0,0.3806532370413951,0.07547998730617067,0.5438667744970815,0.6506276275777614,True,4.996725179678231,193.62931084982472
acid,A2,108.5,0.37979190179748823,0.07594551548056883,0.5442625815538227,0.6528814317005415,True,4.996725179678231,193.62931084982472
acid,A2,109.0,0.37891444716425804,0.07641644989103691,0.5446691017633176,0.6551240523849355,True,4.996725179678231,193.62931084982472
acid,A2,109.5,0.37802113340956733,0.07689281770589806,0.5450860476901576,0.6573554981465702,True,4.996725179678231,193.62931084982472
acid,A2,110.0,0.3771122196109533,0.07737464636198288,0.5455131328187535,0.6595757783519289,True,4.996725179678231,193.62931084982472
acid,A2,110.5,0.37618796363025897,0.07786196355841213,0.5459500715895294,0.6617849031944539,True,4.996725179678231,193.62931084982472
acid,A2,111.0,0.37524862208171417,0.07835479725465389,0.5463965794284542,0.66398288367123,True,4.996725179678231,193.62931084982472
acid,A2,111.5,0.3742944503072332,0.07885317566580508,0.5468523727774621,0.6661697315602376,True,4.996725179678231,193.62931084982472
acid,A2,112.0,0.37332570235076856,0.07935712725759547,0.5473171691283696,0.6683454593981702,True,4.996725179678231,193.62931084982472
acid,A2,112.5,0.3723426309309441,0.07986668074455583,0.5477906870474114,0.6705100804588028,True,4.996725179678231,193.62931084982472
acid,A2,113.0,0.3713454874211264,0.08038186508341205,0.5482726462035514,0.6726636087319064,True,4.996725179678231,193.62931084982472
acid,A2,113.5,0.3703345218259435,0.0809027094705872,0.5487627673972373,0.6748060589026994,True,4.996725179678231,193.62931084982472
acid,A2,114.0,0.3693099827578039,0.08142924333714996,0.5492607725836041,0.6769374463318215,True,4.996725179678231,193.62931084982472
acid,A2,114.5,0.368272117420243,0.08196149634603911,0.5497663848981205,0.6790577870358283,True,4.996725179678231,193.62931084982472
acid,A2,115.0,0.36722117158466405,0.08249949838473603,0.5502793286797925,0.6811670976681924,True,4.996725179678231,193.62931084982472
acid,A2,115.5,0.3661573895756831,0.08304327956487612,0.5507993294935343,0.6832653955008037,True,4.996725179678231,193.62931084982472
acid,A2,116.0,0.3650810142513672,0.08359287021431072,0.5513261141533721,0.6853526984059592,True,4.996725179678231,193.62931084982472
acid,A2,116.5,0.3639922869865253,0.08414830087527525,0.5518594107417618,0.6874290248388326,True,4.996725179678231,193.62931084982472
acid,A2,117.0,0.3628914476589973,0.08470960229828295,0.552398948630628,0.6894943938204167,True,4.996725179678231,193.62931084982472
acid,A2,117.5,0.3617787346322787,0.08527680543857219,0.5529444585015142,0.6915488249209236,True,4.996725179678231,193.62931084982472
acid,A2,118.0,0.36065438474269795,0.08584994145088842,0.5534956723629025,0.6935923382436431,True,4.996725179678231,193.62931084982472
acid,A2,118.5,0.35951863328514966,0.08642904168587595,0.5540523235696981,0.6956249544092388,True,4.996725179678231,193.62931084982472
acid,A2,119.0,0.35837171400210366,0.08701413768369415,0.5546141468391053,0.6976466945404824,True,4.996725179678231,193.62931084982472
acid,A2,119.5,0.3572138590690055,0.08760526117140843,0.5551808782680023,0.6996575802474108,True,4.996725179678231,193.62931084982472
acid,A2,120.0,0.35604529908500604,0.08820244405682853,0.5557522553504834,0.701657633612899,True,4.996725179678231,193.62931084982472
acid,A2,120.5,0.35486626306108215,0.08880571842340146,0.556328016990626,0.7036468771786418,True,4.996725179678231,193.62931084982472
acid,A2,121.0,0.3536769784109328,0.08941511652754697,0.5569079035206981,0.7056253339315305,True,4.996725179678231,193.62931084982472
acid,A2,121.5,0.3524776709398769,0.09003067079027538,0.5574916567121502,0.7075930272904213,True,4.996725179678231,193.62931084982472
acid,A2,122.0,0.3512685648376368,0.09065241379574429,0.5580790197919905,0.7095499810932809,True,4.996725179678231,193.62931084982472
acid,A2,122.5,0.3500498826686793,0.09128037828420865,0.5586697374559413,0.7114962195847064,True,4.996725179678231,193.62931084982472
acid,A2,123.0,0.34882184536477734,0.09191459714658068,0.5592635558802628,0.7134317674038048,True,4.996725179678231,193.62931084982472
acid,A2,123.5,0.34758467221795986,0.09255510342093265,0.5598602227354643,0.7153566495724286,True,4.996725179678231,193.62931084982472
acid,A2,124.0,0.3463385808727404,0.09320193028627966,0.5604594871979063,0.7172708914837562,True,4.996725179678231,193.62931084982472
acid,A2,124.5,0.3450837873207324,0.09385511105725053,0.5610610999615684,0.7191745188912082,True,4.996725179678231,193.62931084982472
acid,A2,125.0,0.34382050589304436,0.09451467917964695,0.5616648132497626,0.7210675578976941,True,4.996725179678231,193.62931084982472
acid,A2,125.5,0.34254894925667134,0.095180668223116,0.562270380825125,0.722950034945178,True,4.996725179678231,193.62931084982472
acid,A2,126.0,0.34126932840788937,0.09585311187793044,0.5628775580006629,0.7248219768045565,True,4.996725179678231,193.62931084982472
acid,A2,126.5,0.3399818526685916,0.09653204394932668,0.5634861016513004,0.7266834105658432,True,4.996725179678231,193.62931084982472
acid,A2,127.0,0.3386867296807372,0.09721749834895599,0.5640957702216509,0.7285343636286449,True,4.996725179678231,193.62931084982472
acid,A2,127.5,0.33738416540252114,0.09790950909416285,0.564706323736397,0.7303748636929309,True,4.996725179678231,193.62931084982472
acid,A2,128.0,0.33607436410654223,0.09860811029682726,0.5653175238117258,0.7322049387500804,True,4.996725179678231,193.62931084982472
acid,A2,128.5,0.33475752837308637,0.09931333616308713,0.5659291336608252,0.7340246170742023,True,4.996725179678231,193.62931084982472
acid,A2,129.0,0.3334338590906816,0.10002522098284672,0.5665409181052627,0.7358339272137239,True,4.996725179678231,193.62931084982472
acid,A2,129.5,0.33210355545065795,0.10074379912683451,0.5671526435830909,0.7376328979832342,True,4.996725179678231,193.62931084982472
acid,A2,130.0,0.3307668149463705,0.10146910503905371,0.5677640781565074,0.7394215584555799,True,4.996725179678231,193.62931084982472
acid,A2,130.5,0.32942383337075665,0.10220117323200828,0.568374991520737,0.7411999379542057,True,4.996725179678231,193.62931084982472
acid,A2,131.0,0.3280748048142268,0.10294003827937548,0.5689851550111369,0.74296806604573,True,4.996725179678231,193.62931084982472
acid,A2,131.5,0.326719921662888,0.10368573481089882,0.5695943416125226,0.7447259725327511,True,4.996725179678231,193.62931084982472
acid,A2,132.0,0.32535937459776676,0.10443829750517164,0.5702023259644973,0.7464736874468775,True,4.996725179678231,193.62931084982472
acid,A2,132.5,0.32399335259447604,0.10519776108441903,0.5708088843698889,0.7482112410419716,True,4.996725179678231,193.62931084982472
acid,A2,133.0,0.32262204292066166,0.10596416030683731,0.5714137948023001,0.7499386637876075,True,4.996725179678231,193.62931084982472
acid,A2,133.5,0.32124563113644644,0.10673752996159802,0.5720168369131029,0.7516559863627287,True,4.996725179678231,193.62931084982472
acid,A2,134.0,0.3198643010944302,0.10751790486063229,0.572617792036878,0.7533632396495047,True,4.996725179678231,193.62931084982472
acid,A2,134.5,0.3184782349390236,0.10830531983430092,0.5732164431998532,0.7550604547273777,True,4.996725179678231,193.62931084982472
acid,A2,135.0,0.3170876131065592,0.10909980972217959,0.5738125751254541,0.7567476628672948,True,4.996725179678231,193.62931084982472
acid,A2,135.5,0.31569261432606854,0.10990140936784076,0.5744059742411878,0.758424895526119,True,4.996725179678231,193.62931084982472
acid,A2,136.0,0.31429341561883817,0.11071015361252545,0.5749964286846376,0.7600921843412134,True,4.996725179678231,193.62931084982472
acid,A2,136.5,0.31289019230063,0.11152607728603936,0.5755837283102361,0.7617495611251913,True,4.996725179678231,193.62931084982472
acid,A2,137.0,0.3114831179814592,0.11234921520208996,0.5761676646938163,0.7633970578608312,True,4.996725179678231,193.62931084982472
acid,A2,137.5,0.31007236456581655,0.11317960215107004,0.5767480311413831,0.7650347066961454,True,4.996725179678231,193.62931084982472
acid,A2,138.0,0.30865810225644275,0.11401727289039876,0.5773246226921103,0.7666625399396005,True,4.996725179678231,193.62931084982472
acid,A2,138.5,0.30724049955344057,0.11486226214085793,0.5778972361251133,0.7682805900554843,True,4.996725179678231,193.62931084982472
acid,A2,139.0,0.30581972325716134,0.11571460457659999,0.5784656699666657,0.7698888896594122,True,4.996725179678231,193.62931084982472
acid,A2,139.5,0.30439593846887103,0.11657433481904178,0.5790297244927523,0.771487471513971,True,4.996725179678231,193.62931084982472
acid,A2,140.0,0.30296930859374793,0.11744148742987015,0.5795892017376181,0.7730763685244909,True,4.996725179678231,193.62931084982472
acid,A2,140.5,0.30153999534254794,0.11831609690204914,0.5801439054975432,0.7746556137349466,True,4.996725179678231,193.62931084982472
acid,A2,141.0,0.30010815873293684,0.11919819765360273,0.5806936413359498,0.7762252403239779,True,4.996725179678231,193.62931084982472
acid,A2,141.5,0.29867395709382016,0.12008782401895512,0.5812382165899521,0.7777852816010267,True,4.996725179678231,193.62931084982472
acid,A2,142.0,0.2972375470657873,0.1209850102423804,0.5817774403750198,0.7793357710025884,True,4.996725179678231,193.62931084982472
acid,A2,142.5,0.2957990836049973,0.12188979046956483,0.5823111235895295,0.7808767420885696,True,4.996725179678231,193.62931084982472
acid,A2,143.0,0.2943587199853992,0.12280219873839204,0.5828390789205384,0.7824082285387514,True,4.996725179678231,193.62931084982472
acid,A2,143.5,0.29291660780206286,0.12372226897361394,0.583361120849224,0.7839302641493509,True,4.996725179678231,193.62931084982472
acid,A2,144.0,0.29147289697362133,0.12465003497730276,0.5838770656546588,0.7854428828296787,True,4.996725179678231,193.62931084982472
acid,A2,144.5,0.29002773574593466,0.1255855304203024,0.5843867314194728,0.7869461185988912,True,4.996725179678231,193.62931084982472
acid,A2,145.0,0.28858127069608663,0.12652878883501195,0.5848899380351824,0.788440005582826,True,4.996725179678231,193.62931084982472
acid,A2,145.5,0.2871336467341612,0.1274798436066149,0.585386507206187,0.7899245780109274,True,4.996725179678231,193.62931084982472
acid,A2,146.0,0.2856850071077943,0.1284387279650856,0.5858762624544323,0.7913998702132481,True,4.996725179678231,193.62931084982472
acid,A2,146.5,0.28423549340628185,0.1294054749764184,0.5863590291256271,0.7928659166175318,True,4.996725179678231,193.62931084982472
acid,A2,147.0,0.282785245563022,0.13038011753385703,0.5868346343913533,0.7943227517463683,True,4.996725179678231,193.62931084982472
acid,A2,147.5,0.2813344018615105,0.13136268835045595,0.587302907257059,0.7957704102144191,True,4.996725179678231,193.62931084982472
acid,A2,148.0,0.279883098936784,0.13235321994953253,0.58776367856328,0.7972089267257133,True,4.996725179678231,193.62931084982472
acid,A2,148.5,0.27843147178241434,0.13335174465534116,0.5882167809925232,0.7986383360710048,True,4.996725179678231,193.62931084982472
acid,A2,149.0,0.27697965375184097,0.1343582945864119,0.58866204907293,0.8000586731251929,True,4.996725179678231,193.62931084982472
acid,A2,149.5,0.2755277765653652,0.13537290164389315,0.5890993191823846,0.8014699728448017,True,4.996725179678231,193.62931084982472
acid,A2,150.0,0.2740759703131479,0.13639559750533436,0.5895284295539538,0.8028722702655156,True,4.996725179678231,193.62931084982472
acid,A2,150.5,0.27262436346053853,0.13742641361336183,0.5899492202792178,0.8042656004997665,True,4.996725179678231,193.62931084982472
acid,A2,151.0,0.271173082852183,0.1384653811685732,0.5903615333134882,0.8056499987343748,True,4.996725179678231,193.62931084982472
acid,A2,151.5,0.2697222537174637,0.13951253111865736,0.5907652124786944,0.8070255002282355,True,4.996725179678231,193.62931084982472
acid,A2,152.0,0.26827199967505155,0.14056789415040072,0.5911601034702674,0.8083921403100504,True,4.996725179678231,193.62931084982472
acid,A2,152.5,0.26682244273812383,0.14163150067980634,0.5915460538583606,0.8097499543761065,True,4.996725179678231,193.62931084982472
acid,A2,153.0,0.2653737033200265,0.1427033808436562,0.5919229130941783,0.8110989778880919,True,4.996725179678231,193.62931084982472
acid,A2,153.5,0.263925900238382,0.1437835644878538,0.5922905325126404,0.8124392463709522,True,4.996725179678231,193.62931084982472
acid,A2,154.0,0.2624791507210844,0.14487208116065187,0.5926487653382662,0.8137707954107842,True,4.996725179678231,193.62931084982472
acid,A2,154.5,0.26103357041262765,0.14596896010166116,0.5929974666869509,0.8150936606527633,True,4.996725179678231,193.62931084982472
acid,A2,155.0,0.25958927337854654,0.14707423023174737,0.5933364935719609,0.816407877799105,True,4.996725179678231,193.62931084982472
acid,A2,155.5,0.25814637211163394,0.1481879201451486,0.5936657049070426,0.8177134826070537,True,4.996725179678231,193.62931084982472
acid,A2,156.0,0.25670497753682575,0.14931005809804,0.5939849615099746,0.8190105108869078,True,4.996725179678231,193.62931084982472
acid,A2,156.5,0.2552651990196386,0.15044067199954103,0.594294126107564,0.8202989985000637,True,4.996725179678231,193.62931084982472
acid,A2,157.0,0.2538271443689455,0.15157978940127936,0.5945930633379781,0.8215789813570911,True,4.996725179678231,193.62931084982472
acid,A2,157.5,0.25239091984474715,0.15272743748873108,0.5948816397565171,0.8228504954158317,True,4.996725179678231,193.62931084982472
acid,A2,158.0,0.2509566301652777,0.15388364306945235,0.5951597238368356,0.8241135766795168,True,4.996725179678231,193.62931084982472
acid,A2,158.5,0.24952437851133435,0.15504843256464174,0.5954271859774929,0.8253682611949131,True,4.996725179678231,193.62931084982472
acid,A2,159.0,0.24809426653393807,0.15622183199837103,0.5956838985030632,0.8266145850504802,True,4.996725179678231,193.62931084982472
acid,A2,159.5,0.2466663943605507,0.1574038669874822,0.5959297356692428,0.8278525843745516,True,4.996725179678231,193.62931084982472
acid,A2,160.0,0.24524086060162542,0.1585945627318175,0.5961645736657362,0.8290822953335322,True,4.996725179678231,193.62931084982472
acid,A2,160.5,0.2438177623581561,0.1597939440032281,0.5963882906202533,0.83030375413011,True,4.996725179678231,193.62931084982472
acid,A2,161.0,0.24239719522656245,0.16100203513591538,0.5966007666013962,0.8315169970014848,True,4.996725179678231,193.62931084982472
acid,A2,161.5,0.24097925330712755,0.16221886001632768,0.5968018836227662,0.832722060217608,True,4.996725179678231,193.62931084982472
acid,A2,162.0,0.23956402921165854,0.16344444207205822,0.5969915256450742,0.8339189800794374,True,4.996725179678231,193.62931084982472
acid,A2,162.5,0.23815161406826046,0.16467880426218606,0.5971695785809139,0.8351077929172032,True,4.996725179678231,193.62931084982472
acid,A2,163.0,0.2367420975305512,0.1659219690668401,0.5973359302968717,0.8362885350886833,True,4.996725179678231,193.62931084982472
acid,A2,163.5,0.23533556778387865,0.16717395847587468,0.5974904706168571,0.8374612429774896,True,4.996725179678231,193.62931084982472
acid,A2,164.0,0.23393211155364746,0.16843479397998795,0.5976330913259886,0.8386259529913647,True,4.996725179678231,193.62931084982472
acid,A2,164.5,0.23253181411153623,0.1697044965586203,0.5977636861727031,0.839782701560484,True,4.996725179678231,193.62931084982472
acid,A2,165.0,0.2311347592842683,0.1709830866698514,0.5978821508719756,0.8409315251357671,True,4.996725179678231,193.62931084982472
acid,A2,165.5,0.22974102946071717,0.17227058424074126,0.5979883831076505,0.8420724601871958,True,4.996725179678231,193.62931084982472
acid,A2,166.0,0.22835070559945603,0.1735670086557839,0.5980822825374377,0.8432055432021405,True,4.996725179678231,193.62931084982472
acid,A2,166.5,0.22696386723675133,0.17487237874713735,0.5981637507925797,0.8443308106836859,True,4.996725179678231,193.62931084982472
acid,A2,167.0,0.2255805924950005,0.17618671278230025,0.5982326914826253,0.8454482991489702,True,4.996725179678231,193.62931084982472
acid,A2,167.5,0.2242009580902815,0.17751002845600716,0.5982890101976501,0.8465580451275226,True,4.996725179678231,193.62931084982472
acid,A2,168.0,0.2228250393400133,0.17884234287757206,0.5983326145102552,0.8476600851596087,True,4.996725179678231,193.62931084982472
acid,A2,168.5,0.22145291017194868,0.18018367256122936,0.5983634139788974,0.8487544557945761,True,4.996725179678231,193.62931084982472
acid,A2,169.0,0.22008464313183485,0.18153403341536478,0.5983813201487775,0.8498411935892072,True,4.996725179678231,193.62931084982472
acid,A2,169.5,0.21872030939273923,0.18289344073119107,0.5983862465568368,0.8509203351060732,True,4.996725179678231,193.62931084982472
acid,A2,170.0,0.21735997876171087,0.18426190917320007,0.598378108730091,0.851991916911889,True,4.996725179678231,193.62931084982472
acid,A2,170.5,0.2160037196903275,0.18563945276794946,0.5983568241915149,0.8530559755758745,True,4.996725179678231,193.62931084982472
acid,A2,171.0,0.21465159928168998,0.18702608489318262,0.5983223124594872,0.8541125476681147,True,4.996725179678231,193.62931084982472
acid,A2,171.5,0.21330368329974814,0.18842181826828064,0.598274495051565,0.8551616697579233,True,4.996725179678231,193.62931084982472
acid,A2,172.0,0.2119600361786267,0.1898266649414948,0.5982132954845953,0.8562033784122071,True,4.996725179678231,193.62931084982472
acid,A2,172.5,0.21062072103006368,0.191240636282064,0.5981386392780452,0.8572377101938334,True,4.996725179678231,193.62931084982472
acid,A2,173.0,0.20928579965295846,0.19266374296755817,0.5980504539547793,0.8582647016599986,True,4.996725179678231,193.62931084982472
acid,A2,173.5,0.20795533254414078,0.19409599497455243,0.5979486690426139,0.8592843893605959,True,4.996725179678231,193.62931084982472
acid,A2,174.0,0.20662937890281174,0.1955374015677469,0.5978332160765376,0.8602968098365877,True,4.996725179678231,193.62931084982472
acid,A2,174.5,0.20530799664542076,0.1969879712885314,0.5977040285991553,0.8613019996183772,True,4.996725179678231,193.62931084982472
acid,A2,175.0,0.20399124240988442,0.1984477119467698,0.5975610421620203,0.8622999952241815,True,4.996725179678231,193.62931084982472
acid,A2,175.5,0.20267917156846504,0.1999166306082545,0.5974041943282993,0.8632908331584073,True,4.996725179678231,193.62931084982472
acid,A2,176.0,0.2013718382350982,0.20139473358549154,0.5972334246714395,0.8642745499100248,True,4.996725179678231,193.62931084982472
acid,A2,176.5,0.20006929527383033,0.20288202642704256,0.5970486747771675,0.8652511819509467,True,4.996725179678231,193.62931084982472
acid,A2,177.0,0.1987715943119195,0.20437851390742168,0.5968498882459317,0.8662207657344063,True,4.996725179678231,193.62931084982472
acid,A2,177.5,0.19747878574527533,0.20588420001599328,0.5966370106906815,0.8671833376933366,True,4.996725179678231,193.62931084982472
acid,A2,178.0,0.19619091875067163,0.20739908794908946,0.5964099897396435,0.868138934238753,True,4.996725179678231,193.62931084982472
acid,A2,178.5,0.19490804129429495,0.2089231800971314,0.5961687750352107,0.8690875917581364,True,4.996725179678231,193.62931084982472
acid,A2,179.0,0.19363020014151466,0.21045647803652479,0.5959133182360521,0.8700293466138184,True,4.996725179678231,193.62931084982472
acid,A2,179.5,0.19235744086676387,0.21199898251955673,0.5956435730156695,0.8709642351413669,True,4.996725179678231,193.62931084982472
acid,A2,180.0,0.19108980786308738,0.21355069346307154,0.5953594950635077,0.8718922936479778,True,4.996725179678231,193.62931084982472
acid,A2,180.5,0.18982734435246673,0.21511160994125422,0.5950610420842883,0.8728135584108645,True,4.996725179678231,193.62931084982472
acid,A2,181.0,0.18857009239481304,0.216681730173085,0.5947481737982319,0.8737280656756525,True,4.996725179678231,193.62931084982472
acid,A2,181.5,0.18731809289918022,0.21826105151512287,0.5944208519406136,0.8746358516547775,True,4.996725179678231,193.62931084982472
acid,A2,182.0,0.18607138563175862,0.21984957045040332,0.5940790402609863,0.8755369525258815,True,4.996725179678231,193.62931084982472
acid,A2,182.5,0.18483000922897563,0.22144728257977864,0.5937227045234028,0.8764314044302197,True,4.996725179678231,193.62931084982472
acid,A2,183.0,0.18359400120437908,0.22305418261259202,0.5933518125045278,0.8773192434710646,True,4.996725179678231,193.62931084982472
acid,A2,183.5,0.18236339795985046,0.2246702643573517,0.5929663339937497,0.8782005057121162,True,4.996725179678231,193.62931084982472
acid,A2,184.0,0.1811382347967072,0.22629552071207204,0.5925662407911814,0.879075227175915,True,4.996725179678231,193.62931084982472
acid,A2,184.5,0.17991854592525058,0.22792994365694597,0.59215150670755,0.8799434438422615,True,4.996725179678231,193.62931084982472
acid,A2,185.0,0.1787043644733144,0.22957352424368693,0.5917221075623091,0.8808051916466372,True,4.996725179678231,193.62931084982472
acid,A2,185.5,0.17749572250003176,0.2312262525882014,0.5912780211813073,0.8816605064786315,True,4.996725179678231,193.62931084982472
acid,A2,186.0,0.17629265100305158,0.23288811786037478,0.5908192273965662,0.8825094241803754,True,4.996725179678231,193.62931084982472
acid,A2,186.5,0.17509517992964074,0.23455910827763216,0.5903457080432828,0.8833519805449764,True,4.996725179678231,193.62931084982472
acid,A2,187.0,0.17390333818789738,0.2362392110946132,0.5898574469587192,0.8841882113149636,True,4.996725179678231,193.62931084982472
acid,A2,187.5,0.17271715365585472,0.23792841259739905,0.5893544299788722,0.8850181521807338,True,4.996725179678231,193.62931084982472
acid,A2,188.0,0.1715366531932494,0.23962669809307613,0.5888366449373628,0.8858418387790097,True,4.996725179678231,193.62931084982472
acid,A2,188.5,0.17036186264951514,0.2413340519030749,0.5883040816621055,0.8866593066912979,True,4.996725179678231,193.62931084982472
acid,A2,189.0,0.16919280687754945,0.2430504573553982,0.5877567319729771,0.8874705914423591,True,4.996725179678231,193.62931084982472
acid,A2,189.5,0.16802950974215136,0.24477589677740497,0.5871945896783748,0.8882757284986823,True,4.996725179678231,193.62931084982472
acid,A2,190.0,0.16687199412968035,0.24651035148737233,0.5866176505731069,0.8890747532669684,True,4.996725179678231,193.62931084982472
acid,A2,190.5,0.16572028196026878,0.24825380178850054,0.5860259124331746,0.8898677010926181,True,4.996725179678231,193.62931084982472
acid,A2,191.0,0.16457439419748088,0.2500062269618075,0.5854193750154391,0.8906546072582336,True,4.996725179678231,193.62931084982472
acid,A2,191.5,0.16343435085897084,0.25176760525724706,0.584798040051071,0.8914355069821216,True,4.996725179678231,193.62931084982472
acid,A2,192.0,0.16230017102669692,0.2535379138910443,0.5841619112425533,0.8922104354168108,True,4.996725179678231,193.62931084982472
acid,A2,192.5,0.16117187285791257,0.25531712903503756,0.583510994260461,0.8929794276475752,True,4.996725179678231,193.62931084982472
acid,A2,193.0,0.1600494735950475,0.2571052258132367,0.5828452967383546,0.8937425186909675,True,4.996725179678231,193.62931084982472
acid,A2,193.5,0.15893298957658786,0.25890217829493967,0.582164828268672,0.8944997434933621,True,4.996725179678231,193.62931084982472
acid,A2,194.0,0.15782243624806735,0.2607079594882933,0.5814696003977327,0.8952511369295072,False,4.996725179678231,193.62931084982472
acid,A2,194.5,0.15671782817128221,0.2625225413359633,0.5807596266209636,0.8959967338010881,False,4.996725179678231,193.62931084982472
acid,A2,195.0,0.15561917903628153,0.2643458947082511,0.5800349223780144,0.8967365688353016,False,4.996725179678231,193.62931084982472
acid,A2,195.5,0.15452650167024906,0.2661779893993188,0.579295505047317,0.8974706766834373,False,4.996725179678231,193.62931084982472
acid,A2,196.0,0.1534398080502708,0.26801879412086116,0.5785413939404238,0.8981990919194753,False,4.996725179678231,193.62931084982472
acid,A2,196.5,0.15235910931132857,0.2698682764989968,0.5777726102962344,0.8989218490386927,False,4.996725179678231,193.62931084982472
acid,A2,197.0,0.15128441575773532,0.2717264030687172,0.5769891772753333,0.8996389824562777,False,4.996725179678231,193.62931084982472
acid,A2,197.5,0.1502157368747925,0.27359313926900164,0.5761911199535508,0.9003505265059646,False,4.996725179678231,193.62931084982472
acid,A2,198.0,0.1491530813371167,0.27546844944037474,0.5753784653154126,0.9010565154386734,False,4.996725179678231,193.62931084982472
acid,A2,198.5,0.14809645702096308,0.2773522968204656,0.5745512422472565,0.9017569834211638,False,4.996725179678231,193.62931084982472
acid,A2,199.0,0.1470458710132183,0.2792446435401219,0.5737094815312371,0.9024519645347033,False,4.996725179678231,193.62931084982472
acid,A2,199.5,0.14600132962305779,0.2811454506207456,0.5728532158374433,0.9031414927737474,False,4.996725179678231,193.62931084982472
acid,A2,200.0,0.14496283839082746,0.28305467797096195,0.5719824797157935,0.9038256020446325,False,4.996725179678231,193.62931084982472
acid,A3,1.0,0.0384597656397645,0.11439081650577165,0.847149417691373,0.06502784399533361,False,4.829595760580851,199.98232887360095
acid,A3,1.5,0.039384396442354586,0.11353525596113911,0.8470803473779043,0.06617243083724865,False,4.829595760580851,199.98232887360095
acid,A3,2.0,0.040328940581702,0.11268766019467691,0.8469833989490638,0.06733494700775126,False,4.829595760580851,199.98232887360095
acid,A3,2.5,0.04129369342820155,0.11184800176478049,0.8468583046514766,0.06851558691302352,False,4.829595760580851,199.98232887360095
acid,A3,3.0,0.0422789479794794,0.11101625298293172,0.8467047988371945,0.06971454383984516,False,4.829595760580851,199.98232887360095
acid,A3,3.5,0.0432849953648784,0.11019238629250694,0.8465226181564312,0.07093200981491792,False,4.829595760580851,199.98232887360095
acid,A3,4.0,0.044312123713030616,0.10937637420793678,0.8463115018617628,0.07216817546068792,False,4.829595760580851,199.98232887360095
acid,A3,4.5,0.045360618236234274,0.10856818936888502,0.8460711922504416,0.07342322984772946,False,4.829595760580851,199.98232887360095
acid,A3,5.0,0.04643076050170336,0.10776780438304101,0.8458014349428389,0.07469736034376068,True,4.829595760580851,199.98232887360095
acid,A3,5.5,0.047522828261481465,0.1069751921431994,0.8455019794371132,0.07599075245937335,True,4.829595760580851,199.98232887360095
acid,A3,6.0,0.048637095107384454,0.10619032533432105,0.8451725793814369,0.07730358969056857,True,4.829595760580851,199.98232887360095
acid,A3,6.5,0.049773829759125476,0.10541317703305353,0.8448129930256343,0.07863605335819997,True,4.829595760580851,199.98232887360095
acid,A3,7.0,0.050933295875132956,0.10464372028584634,0.8444229836692685,0.07998832244443821,True,4.829595760580851,199.98232887360095
acid,A3,7.5,0.05211575143926339,0.10388192823818088,0.8440023200995128,0.08136057342638005,True,4.829595760580851,199.98232887360095
acid,A3,8.0,0.053321448510335046,0.10312777424825725,0.8435507770303552,0.08275298010693731,True,4.829595760580851,199.98232887360095
acid,A3,8.5,0.054550632562655466,0.10238123170136504,0.8430681355191538,0.08416571344315193,True,4.829595760580851,199.98232887360095
acid,A3,9.0,0.055803542119647886,0.10164227415376814,0.8425541835155315,0.08559894137209548,True,4.829595760580851,199.98232887360095
acid,A3,9.5,0.05708040819785154,0.10091087532937415,0.8420087162646084,0.08705282863452202,True,4.829595760580851,199.98232887360095
acid,A3,10.0,0.0583814539139027,0.10018700900715771,0.8414315368485692,0.08852753659645632,True,4.829595760580851,199.98232887360095
acid,A3,10.5,0.05970689394674267,0.099470649232547,0.8408224565832345,0.09002322306890963,True,4.829595760580851,199.98232887360095
acid,A3,11.0,0.06105693401181611,0.09876177009759957,0.8401812956482235,0.09154004212592892,True,4.829595760580851,199.98232887360095
acid,A3,11.5,0.062431770389670405,0.0980603458997642,0.8395078834695369,0.09307814392119447,True,4.829595760580851,199.98232887360095
acid,A3,12.0,0.06383158938660927,0.09736635108459346,0.8388020592895451,0.09463767450339601,True,4.829595760580851,199.98232887360095
acid,A3,12.5,0.06525656686640069,0.09667976024307912,0.8380636726452728,0.0962187756306252,True,4.829595760580851,199.98232887360095
acid,A3,13.0,0.06670686768872613,0.09600054815406267,0.8372925839026379,0.09782158458403692,True,4.829595760580851,199.98232887360095
acid,A3,13.5,0.06818264522401307,0.09532868976758202,0.836488664755608,0.09944623398104056,True,4.829595760580851,199.98232887360095
acid,A3,14.0,0.06968404080431867,0.09466416017600565,0.8356517987506695,0.10109285158829519,True,4.829595760580851,199.98232887360095
acid,A3,14.5,0.07121118326747222,0.09400693466887766,0.8347818817984187,0.10276156013479124,True,4.829595760580851,199.98232887360095
acid,A3,15.0,0.07276418833446208,0.09335698870582831,0.833878822693368,0.104452477125313,True,4.829595760580851,199.98232887360095
acid,A3,15.5,0.07434315822640869,0.0927142979059159,0.8329425435904536,0.10616571465458496,True,4.829595760580851,199.98232887360095
acid,A3,16.0,0.07594818107126144,0.09207883810558037,0.8319729805423837,0.10790137922241458,True,4.829595760580851,199.98232887360095
acid,A3,16.5,0.07757933040952736,0.09145058528603478,0.8309700840134493,0.10965957155015203,True,4.829595760580851,199.98232887360095
acid,A3,17.0,0.07923666472398061,0.09082951563388342,0.8299338193424877,0.11144038639879668,True,4.829595760580851,199.98232887360095
acid,A3,17.5,0.08092022696715162,0.09021560548272411,0.8288641672451469,0.11324391238908613,True,4.829595760580851,199.98232887360095
acid,A3,18.0,0.0826300440512906,0.08960883137998366,0.8277611242608618,0.1150702318239108,True,4.829595760580851,199.98232887360095
acid,A3,18.5,0.08436612635276397,0.08900917004983633,0.8266247032910901,0.11691942051340223,True,4.829595760580851,199.98232887360095
acid,A3,19.0,0.08612846735078783,0.08841659837299787,0.8254549339650197,0.11879154760304975,True,4.829595760580851,199.98232887360095
acid,A3,19.5,0.08791704309740744,0.0878310934282478,0.824251863147607,0.12068667540520125,True,4.829595760580851,199.98232887360095
acid,A3,20.0,0.0897318118662227,0.08725263247910675,0.8230155553248242,0.12260485923431058,True,4.829595760580851,199.98232887360095
acid,A3,20.5,0.09157271367654651,0.08668119294941157,0.8217460930384224,0.12454614724629232,True,4.829595760580851,199.98232887360095
acid,A3,21.0,0.09343966994435071,0.08611675245062678,0.820443577264518,0.12651058028234857,True,4.829595760580851,199.98232887360095
acid,A3,21.5,0.09533258310323589,0.08555928876075036,0.8191081277850731,0.12849819171763083,True,4.829595760580851,199.98232887360095
acid,A3,22.0,0.09725133627358495,0.08500877983164123,0.8177398835473859,0.13050900731509937,True,4.829595760580851,199.98232887360095
acid,A3,22.5,0.09919579289352498,0.08446520377280997,0.8163390029698459,0.13254304508493922,True,4.829595760580851,199.98232887360095
acid,A3,23.0,0.10116579646068935,0.08392853887495555,0.8149056643029784,0.13460031514988977,True,4.829595760580851,199.98232887360095
acid,A3,23.5,0.1031611702104751,0.08339876357710274,0.8134400658312835,0.13668081961683837,True,4.829595760580851,199.98232887360095
acid,A3,24.0,0.1051817169290814,0.08287585648547591,0.8119424262031938,0.138784552455024,True,4.829595760580851,199.98232887360095
acid,A3,24.5,0.10722721865663587,0.08235979634885204,0.81041298460649,0.14091149938118822,True,4.829595760580851,199.98232887360095
acid,A3,25.0,0.10929743653553814,0.08185056208098729,0.8088520009936762,0.1430616377520031,True,4.829595760580851,199.98232887360095
acid,A3,25.5,0.11139211063970755,0.08134813273197317,0.8072597562300832,0.14523493646409458,True,4.829595760580851,199.98232887360095
acid,A3,26.0,0.11351095984180049,0.08085248748535001,0.8056365522597364,0.14743135586197106,True,4.829595760580851,199.98232887360095
acid,A3,26.5,0.11565368170263213,0.08036360569074752,0.8039827121950616,0.14965084765415143,True,4.829595760580851,199.98232887360095
acid,A3,27.0,0.11781995240967014,0.07988146678905572,0.8022985803766147,0.15189335483777575,True,4.829595760580851,199.98232887360095
acid,A3,27.5,0.12000942674328385,0.07940605037903836,0.8005845224430264,0.15415881163196568,True,4.829595760580851,199.98232887360095
acid,A3,28.0,0.12222173808562609,0.07893733616781695,0.7988409253156803,0.1564471434201857,True,4.829595760580851,199.98232887360095
acid,A3,28.5,0.12445649842285356,0.07847530397331326,0.7970681971647409,0.1587582667018397,True,4.829595760580851,199.98232887360095
acid,A3,29.0,0.12671329845836965,0.07801993374045857,0.7952667673531977,0.161092089053319,True,4.829595760580851,199.98232887360095
acid,A3,29.5,0.12899170770119817,0.0775712055014477,0.7934370863429407,0.163448509098698,True,4.829595760580851,199.98232887360095
acid,A3,30.0,0.13129127460898005,0.0771290993952789,0.7915796255373309,0.16582741649025437,True,4.829595760580851,199.98232887360095
acid,A3,30.5,0.1336115267718263,0.07669359565665168,0.7896948771024537,0.16822869189896902,True,4.829595760580851,199.98232887360095
acid,A3,31.0,0.13595197113236424,0.07626467460042363,0.787783353789484,0.17065220701513886,True,4.829595760580851,199.98232887360095
acid,A3,31.5,0.138312094237536,0.07584231663471108,0.7858455886438076,0.17309782455921355,True,4.829595760580851,199.98232887360095
acid,A3,32.0,0.14069136254912795,0.07542650222647218,0.7838821347364577,0.17556539830294227,True,4.829595760580851,199.98232887360095
acid,A3,32.5,0.1430892227302083,0.07501721193825528,0.7818935648352676,0.17805477310089518,True,4.829595760580851,199.98232887360095
acid,A3,33.0,0.1455051020728959,0.07461442636425009,0.7798804710648088,0.18056578493239675,True,4.829595760580851,199.98232887360095
acid,A3,33.5,0.14793840884264053,0.07421812618146895,0.7778434644678534,0.18309826095388548,True,4.829595760580851,199.98232887360095
acid,A3,34.0,0.15038853274595976,0.073828292115663,0.7757831746235677,0.1856520195616884,True,4.829595760580851,199.98232887360095
acid,A3,34.5,0.15285484540350502,0.07344490493677025,0.7737002491360334,0.18822687046517367,True,4.829595760580851,199.98232887360095
acid,A3,35.0,0.15533670083389683,0.07306794545958173,0.7715953531712838,0.19082261477021784,True,4.829595760580851,199.98232887360095
acid,A3,35.5,0.15783343602404631,0.07269739453952262,0.7694691688969746,0.19343904507290255,True,4.829595760580851,199.98232887360095
acid,A3,36.0,0.16034437147049996,0.0723332330528903,0.767322394930825,0.1960759455633245,True,4.829595760580851,199.98232887360095
acid,A3,36.5,0.1628688117925048,0.07197544192427685,0.765155745734214,0.19873309213938284,True,4.829595760580851,199.98232887360095
acid,A3,37.0,0.16540604636861023,0.07162400207783026,0.7629699509954513,0.20141025253038006,True,4.829595760580851,199.98232887360095
acid,A3,37.5,0.16795534998614858,0.07127889447811064,0.7607657549723035,0.20410718643024944,True,4.829595760580851,199.98232887360095
acid,A3,38.0,0.17051598352635366,0.07094010009356388,0.7585439158090956,0.20682364564019864,True,4.829595760580851,199.98232887360095
acid,A3,38.5,0.1730871946877821,0.07060759990695775,0.7563052048271679,0.2095593742205341,True,4.829595760580851,199.98232887360095
acid,A3,39.0,0.1756682187007419,0.07028137491515984,0.7540504057986785,0.21231410865141193,True,4.829595760580851,199.98232887360095
acid,A3,39.5,0.17825827910133984,0.0699614061132614,0.7517803141959822,0.2150875780022357,True,4.829595760580851,199.98232887360095
acid,A3,40.0,0.18085658849220643,0.06964767450179377,0.7494957364068133,0.21787950410940485,True,4.829595760580851,199.98232887360095
acid,A3,40.5,0.18346234935140426,0.06934016108572916,0.747197488958018,0.22068960176209296,True,4.829595760580851,199.98232887360095
acid,A3,41.0,0.186074754828236,0.06903884686459971,0.7448863976983189,0.22351757889572374,True,4.829595760580851,199.98232887360095
acid,A3,41.5,0.1886929895748013,0.06874371283593916,0.742563296974863,0.22636313679278677,True,4.829595760580851,199.98232887360095
acid,A3,42.0,0.19131623058743497,0.06845473999550489,0.7402290287975566,0.22922597029062808,True,4.829595760580851,199.98232887360095
acid,A3,42.5,0.1939436480445922,0.06817190933494643,0.7378844419937414,0.2321057679958276,True,4.829595760580851,199.98232887360095
acid,A3,43.0,0.1965744061737107,0.06789520183902997,0.7355303913555433,0.23500221250476835,True,4.829595760580851,199.98232887360095
acid,A3,43.5,0.19920766410286284,0.06762459848907998,0.7331677367683476,0.23791498062998656,True,4.829595760580851,199.98232887360095
acid,A3,44.0,0.20184257673994122,0.06736008026286822,0.7307973423509306,0.2408437436318839,True,4.829595760580851,199.98232887360095
acid,A3,44.5,0.20447829562941777,0.06710162813661213,0.7284200755836023,0.24378816745537132,True,4.829595760580851,199.98232887360095
acid,A3,45.0,0.20711396983075225,0.06684922308053398,0.7260368064305744,0.2467479129710086,True,4.829595760580851,199.98232887360095
acid,A3,45.5,0.20974874678969524,0.06660284606774258,0.7236484064794269,0.24972263622019675,True,4.829595760580851,199.98232887360095
acid,A3,46.0,0.21238177319016227,0.06636247807267903,0.7212557480679171,0.25271198866397454,True,4.829595760580851,199.98232887360095
acid,A3,46.5,0.2150121958266471,0.06612810008077563,0.7188597034190058,0.2557156174349703,True,4.829595760580851,199.98232887360095
acid,A3,47.0,0.21763916245320925,0.06589969307624344,0.7164611437899815,0.2587331655920542,True,4.829595760580851,199.98232887360095
acid,A3,47.5,0.2202618226243569,0.06567723806172321,0.7140609386291352,0.26176427237724115,True,4.829595760580851,199.98232887360095
acid,A3,48.0,0.22287932852949055,0.06546071605273429,0.7116599547296598,0.26480857347438874,True,4.829595760580851,199.98232887360095
acid,A3,48.5,0.2254908358116925,0.06525010808600129,0.7092590554086398,0.2678657012692464,True,4.829595760580851,199.98232887360095
acid,A3,49.0,0.22809550437685733,0.06504539522378394,0.7068590997016955,0.2709352851104056,True,4.829595760580851,199.98232887360095
acid,A3,49.5,0.23069249918061807,0.06484655855465427,0.7044609415614023,0.274016951570715,True,4.829595760580851,199.98232887360095
acid,A3,50.0,0.23328099100450306,0.06465357920837356,0.7020654290813555,0.2771103247087252,True,4.829595760580851,199.98232887360095
acid,A3,50.5,0.23586015720655773,0.06446643835317234,0.6996734037303942,0.2802150263297386,True,4.829595760580851,199.98232887360095
acid,A3,51.0,0.2384291824628071,0.06428511720174557,0.6972856996189103,0.2833306762460462,True,4.829595760580851,199.98232887360095
acid,A3,51.5,0.24098725947396815,0.06410959702635166,0.6949031427791463,0.2864568925359464,True,4.829595760580851,199.98232887360095
acid,A3,52.0,0.24353358966289207,0.0639398591563145,0.6925265504568734,0.28959329180114857,True,4.829595760580851,199.98232887360095
acid,A3,52.5,0.24606738384080895,0.06377588498951425,0.6901567304412604,0.2927394894221766,True,4.829595760580851,199.98232887360095
acid,A3,53.0,0.24858786284737144,0.06361765600310099,0.6877944804178915,0.29589509981140366,True,4.829595760580851,199.98232887360095
acid,A3,53.5,0.2510942581782083,0.0634651537539388,0.6854405873328862,0.29905973666335806,True,4.829595760580851,199.98232887360095
acid,A3,54.0,0.25358581257334256,0.0633183598880982,0.683095826798763,0.3022330132019575,True,4.829595760580851,199.98232887360095
acid,A3,54.5,0.2560617805846266,0.06317725615700986,0.6807609625152367,0.30541454242434357,True,4.829595760580851,199.98232887360095
acid,A3,55.0,0.2585214291161986,0.06304182441602135,0.6784367457219331,0.3086039373410028,True,4.829595760580851,199.98232887360095
acid,A3,55.5,0.26096403793901546,0.06291204663899652,0.6761239146725329,0.311800811211877,True,4.829595760580851,199.98232887360095
acid,A3,56.0,0.2633889001729117,0.06278790492297848,0.6738231941523787,0.3150047777781828,True,4.829595760580851,199.98232887360095
acid,A3,56.5,0.26579532274628725,0.06266938149951384,0.6715352949989151,0.3182154514896748,True,4.829595760580851,199.98232887360095
acid,A3,57.0,0.2681826268213783,0.06255645874636562,0.6692609136741967,0.32143244772710744,True,4.829595760580851,199.98232887360095
acid,A3,57.5,0.2705501481943817,0.062449119190621794,0.6670007318536619,0.3246553830196625,True,4.829595760580851,199.98232887360095
acid,A3,58.0,0.27289723767137675,0.062347345525293196,0.6647554160398861,0.32788387525713214,True,4.829595760580851,199.98232887360095
acid,A3,58.5,0.2752232614071648,0.062251120608480814,0.662525617216525,0.33111754389666004,True,4.829595760580851,199.98232887360095
acid,A3,59.0,0.27752760122207176,0.062160427485302705,0.6603119705245741,0.33435601016386335,True,4.829595760580851,199.98232887360095
acid,A3,59.5,0.2798096548845552,0.06207524938717235,0.658115094957612,0.3375988972481738,True,4.829595760580851,199.98232887360095
acid,A3,60.0,0.28206883637593716,0.06199556974584297,0.6559355931040067,0.34084583049225403,True,4.829595760580851,199.98232887360095
acid,A3,60.5,0.28430457611844373,0.061921372207007774,0.6537740508996692,0.3440964375753612,True,4.829595760580851,199.98232887360095
acid,A3,61.0,0.2865163211777655,0.06185264062608109,0.6516310374170553,0.34735034869054965,True,4.829595760580851,199.98232887360095
acid,A3,61.5,0.2887035354463552,0.061789359096453556,0.6495071046759837,0.3506071967156134,True,4.829595760580851,199.98232887360095
acid,A3,62.0,0.2908656997874237,0.061731511941942596,0.6474027874867616,0.3538666173776961,True,4.829595760580851,199.98232887360095
acid,A3,62.5,0.2930023121668346,0.061679083738191975,0.6453186033097968,0.35712824941149934,True,4.829595760580851,199.98232887360095
acid,A3,63.0,0.29511288774919375,0.06163205931464244,0.6432550521485725,0.360391734711046,True,4.829595760580851,199.98232887360095
acid,A3,63.5,0.2971969589772583,0.06159042376674417,0.641212616466047,0.3636567184749639,True,4.829595760580851,199.98232887360095
acid,A3,64.0,0.2992540756223683,0.061554162467253315,0.6391917611180964,0.3669228493452691,True,4.829595760580851,199.98232887360095
acid,A3,64.5,0.3012838048163935,0.061523261070395296,0.6371929333206239,0.37018977953964655,True,4.829595760580851,199.98232887360095
acid,A3,65.0,0.30328573105806167,0.061497705520746626,0.6352165626258011,0.37345716497723275,True,4.829595760580851,199.98232887360095
acid,A3,65.5,0.3052594561999966,0.06147748206786208,0.6332630609354184,0.3767246653979224,True,4.829595760580851,199.98232887360095
acid,A3,66.0,0.30720459940961065,0.06146257727160376,0.6313328225198145,0.379991944475231,True,4.829595760580851,199.98232887360095
acid,A3,66.5,0.30912079712150375,0.061452978007831005,0.6294262240695292,0.383258669922756,True,4.829595760580851,199.98232887360095
acid,A3,67.0,0.31100770295891533,0.0614486714794471,0.6275436247595578,0.38652451359429196,True,4.829595760580851,199.98232887360095
acid,A3,67.5,0.3128649876428524,0.06144964522303287,0.6256853663295925,0.3897891515776628,True,4.829595760580851,199.98232887360095
acid,A3,68.0,0.3146923388847589,0.061455887120559494,0.6238517731889104,0.3930522642823466,True,4.829595760580851,199.98232887360095
acid,A3,68.5,0.3164894612582292,0.06146738539972163,0.6220431525348902,0.39631353652097473,True,4.829595760580851,199.98232887360095
acid,A3,69.0,0.31825607605909245,0.06148412864914743,0.6202597944822974,0.39957265758479726,True,4.829595760580851,199.98232887360095
acid,A3,69.5,0.3199919211508001,0.061506105820549606,0.6185019722177859,0.40282932131321325,True,4.829595760580851,199.98232887360095
acid,A3,70.0,0.32169675078903837,0.061533306238023555,0.6167699421601308,0.406083226157471,True,4.829595760580851,199.98232887360095
acid,A3,70.5,0.32337033544571625,0.061565719601475166,0.6150639441381833,0.40933407523865434,True,4.829595760580851,199.98232887360095
acid,A3,71.0,0.3250124616065164,0.061603335999971254,0.6133842015783736,0.41258157640006854,True,4.829595760580851,199.98232887360095
acid,A3,71.5,0.3266229315679464,0.06164614590954687,0.6117309217051753,0.41582544225415413,True,4.829595760580851,199.98232887360095
acid,A3,72.0,0.32820156321779204,0.0616941402055704,0.610104295757738,0.4190653902240549,True,4.829595760580851,199.98232887360095
acid,A3,72.5,0.3297481898076743,0.06174731016546364,0.6085044992048677,0.42230114257997453,True,4.829595760580851,199.98232887360095
acid,A3,73.0,0.33126265971776536,0.06180564747733375,0.6069316919816992,0.4255324264704577,True,4.829595760580851,199.98232887360095
acid,A3,73.5,0.3327448362078905,0.06186914424027856,0.6053860187274148,0.42875897394873635,True,4.829595760580851,199.98232887360095
acid,A3,74.0,0.33419459716737404,0.061937792973552896,0.6038676090309655,0.4319805219942838,True,4.829595760580851,199.98232887360095
acid,A3,74.5,0.3356118348565168,0.06201158662224454,0.6023765776923262,0.43519681252972287,True,4.829595760580851,199.98232887360095
acid,A3,75.0,0.3369964556364721,0.06209051855529668,0.6009130249773134,0.4384075924332331,True,4.829595760580851,199.98232887360095
acid,A3,75.5,0.33834837970127957,0.062174582577869536,0.5994770368870951,0.44161261354660725,True,4.829595760580851,199.98232887360095
acid,A3,76.0,0.33966754080039585,0.06226377293157628,0.5980686854327906,0.4448116326791059,True,4.829595760580851,199.98232887360095
acid,A3,76.5,0.3409538859567816,0.06235808429611196,0.5966880289090346,0.448004411607261,True,4.829595760580851,199.98232887360095
acid,A3,77.0,0.3422073751841465,0.06245751179833302,0.5953351121762775,0.45119071707077685,True,4.829595760580851,199.98232887360095
acid,A3,77.5,0.3434279812017597,0.06256205101149706,0.5940099669441063,0.45437032076468103,True,4.829595760580851,199.98232887360095
acid,A3,78.0,0.3446156891373335,0.06267169795937631,0.5927126120581528,0.457542999327875,True,4.829595760580851,199.98232887360095
acid,A3,78.5,0.3457704962433715,0.06278644911851886,0.5914430537899816,0.46070853432823067,True,4.829595760580851,199.98232887360095
acid,A3,79.0,0.3468924116001304,0.06290630142390813,0.5902012861251151,0.4638667122443851,True,4.829595760580851,199.98232887360095
acid,A3,79.5,0.34798145582274825,0.06303125226671258,0.5889872910574273,0.46701732444437755,True,4.829595760580851,199.98232887360095
acid,A3,80.0,0.3490376607628576,0.06316129949974353,0.5878010388808558,0.4701601671612746,True,4.829595760580851,199.98232887360095
acid,A3,80.5,0.350061069221079,0.0632964414401388,0.5866424884798451,0.4732950414659279,True,4.829595760580851,199.98232887360095
acid,A3,81.0,0.35105173464536343,0.06343667686719429,0.5855115876251051,0.4764217532370041,True,4.829595760580851,199.98232887360095
acid,A3,81.5,0.35200972084415555,0.06358200502663142,0.584408273264371,0.4795401131284301,True,4.829595760580851,199.98232887360095
acid,A3,82.0,0.35293510168778186,0.06373242563283144,0.583332471811443,0.48264993653438565,True,4.829595760580851,199.98232887360095
acid,A3,82.5,0.35382796082289447,0.06388793886707989,0.5822840994396117,0.48575104355198273,True,4.829595760580851,199.98232887360095
acid,A3,83.0,0.3546883913785881,0.06404854538111238,0.5812630623646536,0.4888432589417596,True,4.829595760580851,199.98232887360095
acid,A3,83.5,0.35551649568529853,0.0642142462974199,0.5802692571388879,0.4919264120861225,True,4.829595760580851,199.98232887360095
acid,A3,84.0,0.3563123849856936,0.06438504320731286,0.5793025709248389,0.4950003369458572,True,4.829595760580851,199.98232887360095
acid,A3,84.5,0.3570761791551885,0.0645609381731832,0.5783628817859487,0.49806487201483857,True,4.829595760580851,199.98232887360095
acid,A3,85.0,0.357808006419838,0.0647419337309052,0.577450058959747,0.5011198602730528,True,4.829595760580851,199.98232887360095
acid,A3,85.5,0.3585080030879123,0.06492803288339621,0.576563963135282,0.5041651491380545,True,4.829595760580851,199.98232887360095
acid,A3,86.0,0.35917631326820576,0.06511923910781925,0.5757044467262634,0.507200590414969,True,4.829595760580851,199.98232887360095
acid,A3,86.5,0.3598130886093842,0.06531555635094777,0.5748713541381539,0.5102260402451534,True,4.829595760580851,199.98232887360095
acid,A3,87.0,0.36041848803092247,0.06551698902798608,0.5740645220350671,0.5132413590536204,True,4.829595760580851,199.98232887360095
acid,A3,87.5,0.3609926774609806,0.06572354202463715,0.5732837796035006,0.5162464114953329,True,4.829595760580851,199.98232887360095
acid,A3,88.0,0.3615358295823712,0.06593522069484048,0.5725289488071883,0.5192410664004661,True,4.829595760580851,199.98232887360095
acid,A3,88.5,0.36204812357931715,0.06615203085891252,0.5717998446418127,0.5222251967187389,True,4.829595760580851,199.98232887360095
acid,A3,89.0,0.36252974488534817,0.0663739788044071,0.5710962753853188,0.5251986794629047,True,4.829595760580851,199.98232887360095
acid,A3,89.5,0.36298088494310377,0.06660107128272919,0.5704180428440508,0.5281613956514946,True,4.829595760580851,199.98232887360095
acid,A3,90.0,0.36340174096097244,0.06683331550946803,0.569764942594253,0.5311132302509004,True,4.829595760580851,199.98232887360095
acid,A3,90.5,0.3637925156814992,0.06707071916026153,0.5691367642173262,0.534054072116881,True,4.829595760580851,199.98232887360095
acid,A3,91.0,0.3641534171463512,0.06731329037268363,0.5685332915340013,0.5369838139355742,True,4.829595760580851,199.98232887360095
acid,A3,91.5,0.3644846584738848,0.06756103774219202,0.5679543028318801,0.5399023521640889,True,4.829595760580851,199.98232887360095
acid,A3,92.0,0.36478645763482476,0.06781397031815906,0.5673995710884505,0.5428095869707577,True,4.829595760580851,199.98232887360095
acid,A3,92.5,0.36505903723682565,0.06807209760831268,0.5668688641909669,0.545705422175114,True,4.829595760580851,199.98232887360095
acid,A3,93.0,0.36530262431319627,0.06833542956724559,0.5663619451493351,0.5485897651876703,True,4.829595760580851,199.98232887360095
acid,A3,93.5,0.36551745011190184,0.06860397660318762,0.5658785723078874,0.5514625269495551,True,4.829595760580851,199.98232887360095
acid,A3,94.0,0.36570374989827736,0.06887774956962356,0.565418499549053,0.5543236218720763,True,4.829595760580851,199.98232887360095
acid,A3,94.5,0.36586176275224536,0.06915675976459923,0.5649814764933925,0.5571729677762682,True,4.829595760580851,199.98232887360095
acid,A3,95.0,0.36599173137752405,0.06944101892908394,0.564567248696829,0.5600104858324806,True,4.829595760580851,199.98232887360095
acid,A3,95.5,0.3660939019118348,0.06973053924261285,0.5641755578420782,0.5628361005000592,True,4.829595760580851,199.98232887360095
acid,A3,96.0,0.3661685237446033,0.07002533332123306,0.5638061419231122,0.5656497394671752,True,4.829595760580851,199.98232887360095
acid,A3,96.5,0.36621584933563267,0.07032541421467253,0.5634587354309273,0.5684513335908471,True,4.829595760580851,199.98232887360095
acid,A3,97.0,0.36623613404165867,0.07063079540375883,0.5631330695292369,0.5712408168372024,True,4.829595760580851,199.98232887360095
acid,A3,97.5,0.3662296359452366,0.07094149079622802,0.562828872225668,0.5740181262220245,True,4.829595760580851,199.98232887360095
acid,A3,98.0,0.3661966156894292,0.07125751472325526,0.5625458685458995,0.5767832017516206,True,4.829595760580851,199.98232887360095
acid,A3,98.5,0.3661373363174625,0.0715788819395935,0.5622837806942838,0.5795359863640552,True,4.829595760580851,199.98232887360095
acid,A3,99.0,0.3660520631139086,0.07190560761466402,0.5620423282137743,0.5822764258707818,True,4.829595760580851,199.98232887360095
acid,A3,99.5,0.3659410634542781,0.07223770733516544,0.5618212281453538,0.5850044688987055,True,4.829595760580851,199.98232887360095
acid,A3,100.0,0.36580460665369685,0.07257519709619187,0.5616201951759714,0.5877200668327138,True,4.829595760580851,199.98232887360095
acid,A3,100.5,0.36564296382607386,0.07291809330206567,0.5614389417888943,0.5904231737586985,True,4.829595760580851,199.98232887360095
acid,A3,101.0,0.3654564077421596,0.07326641276028667,0.5612771784058723,0.5931137464071022,True,4.829595760580851,199.98232887360095
acid,A3,101.5,0.36524521269393206,0.07362017267792398,0.5611346135274142,0.5957917440970105,True,4.829595760580851,199.98232887360095
acid,A3,102.0,0.3650096543632575,0.07397939065939552,0.5610109538675134,0.5984571286808182,True,4.829595760580851,199.98232887360095
acid,A3,102.5,0.3647500096923828,0.07434408470075038,0.5609059044870968,0.6011098644894868,True,4.829595760580851,199.98232887360095
acid,A3,103.0,0.36446655676269923,0.07471427318772594,0.5608191689209785,0.6037499182784178,True,4.829595760580851,199.98232887360095
acid,A3,103.5,0.36415957467028637,0.07508997488969715,0.5607504493010396,0.606377259173958,True,4.829595760580851,199.98232887360095
acid,A3,104.0,0.3638293434129469,0.07547120895845527,0.5606994464793513,0.6089918586205544,True,4.829595760580851,199.98232887360095
acid,A3,104.5,0.36347614377552073,0.07585799492126899,0.5606658601441383,0.6115936903285741,True,4.829595760580851,199.98232887360095
acid,A3,105.0,0.36310025721997263,0.07625035267899705,0.5606493889326325,0.6141827302228031,True,4.829595760580851,199.98232887360095
acid,A3,105.5,0.3627019657788111,0.07664830250037058,0.5606497305414848,0.6167589563916377,True,4.829595760580851,199.98232887360095
acid,A3,106.0,0.36228155195550116,0.07705186501899552,0.5606665818353451,0.6193223490369766,True,4.829595760580851,199.98232887360095
acid,A3,106.5,0.3618392986214358,0.07746106122896723,0.5606996389487251,0.6218728904248277,True,4.829595760580851,199.98232887360095
acid,A3,107.0,0.36137548892278826,0.07787591247987447,0.5607485973857518,0.6244105648366344,True,4.829595760580851,199.98232887360095
acid,A3,107.5,0.360890406184311,0.07829644047308015,0.5608131521199211,0.626935358521332,True,4.829595760580851,199.98232887360095
acid,A3,108.0,0.36038433382301616,0.07872266725700294,0.5608929976856358,0.6294472596481372,True,4.829595760580851,199.98232887360095
acid,A3,108.5,0.3598575552588579,0.07915461522284284,0.5609878282726299,0.6319462582600789,True,4.829595760580851,199.98232887360095
acid,A3,109.0,0.35931035383129917,0.07959230710041787,0.5610973378108453,0.6344323462282739,True,4.829595760580851,199.98232887360095
acid,A3,109.5,0.35874301271965336,0.08003576595272399,0.5612212200589162,0.6369055172069477,True,4.829595760580851,199.98232887360095
acid,A3,110.0,0.35815581486198234,0.08048501517288198,0.5613591686844943,0.6393657665892072,True,4.829595760580851,199.98232887360095
acid,A3,110.5,0.3575490428820438,0.08094007847675444,0.5615108773479038,0.6418130914635629,True,4.829595760580851,199.98232887360095
acid,A3,111.0,0.3569229790162387,0.08140097990250172,0.5616760397757492,0.6442474905712047,True,4.829595760580851,199.98232887360095
acid,A3,111.5,0.3562779050412246,0.08186774380164463,0.5618543498388529,0.6466689642640254,True,4.829595760580851,199.98232887360095
acid,A3,112.0,0.35561410220774636,0.08234039483739908,0.5620455016240866,0.6490775144633996,True,4.829595760580851,199.98232887360095
acid,A3,112.5,0.3549318511752997,0.08281895797745964,0.5622491895041493,0.6514731446197051,True,4.829595760580851,199.98232887360095
acid,A3,113.0,0.3542314319477935,0.08330345849066889,0.5624651082058452,0.6538558596725965,True,4.829595760580851,199.98232887360095
acid,A3,113.5,0.3535131238124878,0.08379392194246549,0.5626929528756985,0.6562256660120176,True,4.829595760580851,199.98232887360095
acid,A3,114.0,0.3527772052853151,0.08429037418816732,0.5629324191444574,0.6585825714399549,True,4.829595760580851,199.98232887360095
acid,A3,114.5,0.3520239540480419,0.08479284137008491,0.5631832031859352,0.6609265851329271,True,4.829595760580851,199.98232887360095
acid,A3,115.0,0.3512536469001404,0.08530134991141525,0.5634450017791282,0.6632577176052039,True,4.829595760580851,199.98232887360095
acid,A3,115.5,0.3504665597029444,0.08581592650980241,0.5637175123641147,0.6655759806727516,True,4.829595760580851,199.98232887360095
acid,A3,116.0,0.34966296733007773,0.08633659813556127,0.5640004330973447,0.6678813874178978,True,4.829595760580851,199.98232887360095
acid,A3,116.5,0.34884314361938173,0.0868633920233508,0.5642934629059848,0.6701739521547099,True,4.829595760580851,199.98232887360095
acid,A3,117.0,0.34800736132689636,0.08739633566839933,0.5645963015391553,0.672453690395081,True,4.829595760580851,199.98232887360095
acid,A3,117.5,0.34715589208095254,0.0879354568220636,0.5649086496170574,0.6747206188155173,True,4.829595760580851,199.98232887360095
acid,A3,118.0,0.3462890063402613,0.08848078348444588,0.565230208680989,0.676974755224617,True,4.829595760580851,199.98232887360095
acid,A3,118.5,0.3454069733527243,0.08903234389989745,0.5655606812387526,0.6792161185312375,True,4.829595760580851,199.98232887360095
acid,A3,119.0,0.34451006111407834,0.08959016655368801,0.565899770808731,0.6814447287133379,True,4.829595760580851,199.98232887360095
acid,A3,119.5,0.343598536332812,0.09015428016229121,0.566247181966073,0.6836606067874947,True,4.829595760580851,199.98232887360095
acid,A3,120.0,0.34267266439169664,0.09072471367216339,0.5666026203825503,0.6858637747790765,True,4.829595760580851,199.98232887360095
acid,A3,120.5,0.34173270931253663,0.09130149625208306,0.5669657928667471,0.6880542556930739,True,4.829595760580851,199.98232887360095
acid,A3,121.0,0.34077893372447265,0.09188465728654505,0.5673364074043064,0.6902320734855748,True,4.829595760580851,199.98232887360095
acid,A3,121.5,0.33981159883028633,0.0924742263736511,0.5677141731962876,0.6923972530358727,True,4.829595760580851,199.98232887360095
acid,A3,122.0,0.33883096437647975,0.09307023331506237,0.5680988006925847,0.6945498201192044,True,4.829595760580851,199.98232887360095
acid,A3,122.5,0.337837288623577,0.09367270811422301,0.5684900016315608,0.6966898013801044,True,4.829595760580851,199.98232887360095
acid,A3,123.0,0.3368308283172583,0.09428168096720091,0.5688874890687479,0.6988172243063676,True,4.829595760580851,199.98232887360095
acid,A3,123.5,0.33581183866243647,0.0948971822591349,0.5692909774154264,0.7009321172036125,True,4.829595760580851,199.98232887360095
acid,A3,124.0,0.3347805732981657,0.09551924255790656,0.5697001824647718,0.7030345091704305,True,4.829595760580851,199.98232887360095
acid,A3,124.5,0.33373728427099625,0.09614789260709022,0.5701148214262153,0.7051244300741202,True,4.829595760580851,199.98232887360095
acid,A3,125.0,0.33268222201304765,0.09678316332184522,0.5705346129531996,0.7072019105269866,True,4.829595760580851,199.98232887360095
acid,A3,125.5,0.33161563531908245,0.09742508578058917,0.5709592771723782,0.7092669818632059,True,4.829595760580851,199.98232887360095
acid,A3,126.0,0.33053777132541207,0.0980736912206126,0.5713885357093718,0.7113196761162384,True,4.829595760580851,199.98232887360095
acid,A3,126.5,0.32944887548930213,0.09872901103136211,0.5718221117178013,0.7133600259967836,True,4.829595760580851,199.98232887360095
acid,A3,127.0,0.3283491915702097,0.09939107674805658,0.5722597299034349,0.7153880648712663,True,4.829595760580851,199.98232887360095
acid,A3,127.5,0.32723896161024335,0.10005992004585851,0.5727011165487239,0.7174038267408464,True,4.829595760580851,199.98232887360095
acid,A3,128.0,0.3261184259179539,0.10073557273304612,0.5731459995363952,0.7194073462209389,True,4.829595760580851,199.98232887360095
acid,A3,128.5,0.3249878230517922,0.10141806674446308,0.5735941083744867,0.7213986585212357,True,4.829595760580851,199.98232887360095
acid,A3,129.0,0.32384738980212324,0.10210743413635592,0.5740451742149433,0.7233777994262248,True,4.829595760580851,199.98232887360095
acid,A3,129.5,0.3226973611792916,0.10280370707771436,0.574498929879097,0.7253448052761855,True,4.829595760580851,199.98232887360095
acid,A3,130.0,0.32153797039791154,0.10350691784577482,0.5749551098750416,0.7272997129486639,True,4.829595760580851,199.98232887360095
acid,A3,130.5,0.32036944886359997,0.10421709881824892,0.5754134504188935,0.729242559840407,True,4.829595760580851,199.98232887360095
acid,A3,131.0,0.3191920261607084,0.10493428246705072,0.5758736894555527,0.7311733838497566,True,4.829595760580851,199.98232887360095
acid,A3,131.5,0.31800593004094324,0.10565850135080268,0.5763355666738024,0.7330922233594822,True,4.829595760580851,199.98232887360095
acid,A3,132.0,0.31681138641104223,0.10638978810928457,0.576798823527569,0.7349991172200556,True,4.829595760580851,199.98232887360095
acid,A3,132.5,0.31560861932300455,0.10712817545543984,0.5772632032515768,0.7368941047333475,True,4.829595760580851,199.98232887360095
acid,A3,133.0,0.3143978509647649,0.10787369616915843,0.5777284508782232,0.7387772256367446,True,4.829595760580851,199.98232887360095
acid,A3,133.5,0.31317930164997954,0.1086263830893941,0.5781943132544543,0.7406485200876716,True,4.829595760580851,199.98232887360095
acid,A3,134.0,0.3119531898100325,0.10938626910850235,0.5786605390571964,0.7425080286485158,True,4.829595760580851,199.98232887360095
acid,A3,134.5,0.31071973198726344,0.11015338716391376,0.5791268788066795,0.7443557922719402,True,4.829595760580851,199.98232887360095
acid,A3,135.0,0.3094791428246424,0.1109277702304734,0.5795930848842001,0.746191852286577,True,4.829595760580851,199.98232887360095
acid,A3,135.5,0.30823163506210616,0.11170945131533383,0.5800589115441124,0.7480162503830967,True,4.829595760580851,199.98232887360095
acid,A3,136.0,0.3069774195281205,0.11249846344818515,0.5805241149263729,0.7498290286006387,True,4.829595760580851,199.98232887360095
acid,A3,136.5,0.3057167051361276,0.1132948396753708,0.5809884530729725,0.751630229313599,True,4.829595760580851,199.98232887360095
acid,A3,137.0,0.30444969887610807,0.11409861305233804,0.5814516859375951,0.753419895218765,True,4.829595760580851,199.98232887360095
acid,A3,137.5,0.30317660581347106,0.11490981663486721,0.5819135753991622,0.7551980693227888,True,4.829595760580851,199.98232887360095
acid,A3,138.0,0.30189762908217066,0.1157284834729655,0.5823738852739346,0.7569647949299918,True,4.829595760580851,199.98232887360095
acid,A3,138.5,0.30061296988259656,0.11655464660209613,0.5828323813257263,0.7587201156304922,True,4.829595760580851,199.98232887360095
acid,A3,139.0,0.2993228274769111,0.11738833903662815,0.5832888312783391,0.760464075288648,True,4.829595760580851,199.98232887360095
acid,A3,139.5,0.29802739918727283,0.11822959376039943,0.5837430048252212,0.7621967180318058,True,4.829595760580851,199.98232887360095
acid,A3,140.0,0.2967268803926171,0.1190784437206105,0.5841946736409032,0.7639180882393495,True,4.829595760580851,199.98232887360095
acid,A3,140.5,0.2954214645276565,0.11993492181838761,0.5846436113893239,0.7656282305320429,True,4.829595760580851,199.98232887360095
acid,A3,141.0,0.2941113430796616,0.12079906090167736,0.5850895937352663,0.7673271897616546,True,4.829595760580851,199.98232887360095
acid,A3,141.5,0.29279670558868265,0.1216708937565869,0.5855323983524618,0.7690150110008603,True,4.829595760580851,199.98232887360095
acid,A3,142.0,0.2914777396462176,0.12255045309972346,0.5859718049332496,0.7706917395334176,True,4.829595760580851,199.98232887360095
acid,A3,142.5,0.29015463089410165,0.1234377715695345,0.5864075951965697,0.7723574208446022,True,4.829595760580851,199.98232887360095
acid,A3,143.0,0.2888275630248405,0.12433288171853629,0.5868395528972892,0.7740121006118994,True,4.829595760580851,199.98232887360095
acid,A3,143.5,0.2874967177833865,0.12523581600465405,0.5872674638339737,0.7756558246959471,True,4.829595760580851,199.98232887360095
acid,A3,144.0,0.28616227496447433,0.1261466067825623,0.5876911158563258,0.7772886391317216,True,4.829595760580851,199.98232887360095
acid,A3,144.5,0.2848244124161736,0.12706528629524705,0.588110298872957,0.7789105901199584,True,4.829595760580851,199.98232887360095
acid,A3,145.0,0.2834833060394448,0.1279918866657903,0.5885248048600467,0.7805217240188036,True,4.829595760580851,199.98232887360095
acid,A3,145.5,0.282139129791692,0.1289264398885992,0.5889344278663389,0.7821220873356898,True,4.829595760580851,199.98232887360095
acid,A3,146.0,0.28079205568554144,0.12986897782019113,0.5893389640215796,0.7837117267194282,True,4.829595760580851,199.98232887360095
acid,A3,146.5,0.27944225379505916,0.13081953217108921,0.589738211542401,0.7852906889525154,True,4.829595760580851,199.98232887360095
acid,A3,147.0,0.2780898922536412,0.13177813449694042,0.5901319707388719,0.78685902094364,True,4.829595760580851,199.98232887360095
acid,A3,147.5,0.27673513726023113,0.13274481618896772,0.590520044021603,0.7884167697203966,True,4.829595760580851,199.98232887360095
acid,A3,148.0,0.27537815308020797,0.1337196084658654,0.5909022359056326,0.7899639824221899,True,4.829595760580851,199.98232887360095
acid,A3,148.5,0.27401910205016033,0.134702542363363,0.5912783530189758,0.791500706293327,True,4.829595760580851,199.98232887360095
acid,A3,149.0,0.272658144580884,0.1356936487267868,0.5916482041060656,0.7930269886762957,True,4.829595760580851,199.98232887360095
acid,A3,149.5,0.2712954391597133,0.1366929582012899,0.5920116000341924,0.7945428770052221,True,4.829595760580851,199.98232887360095
acid,A3,150.0,0.2699311423565165,0.13770050122119404,0.5923683537983893,0.7960484187994967,True,4.829595760580851,199.98232887360095
acid,A3,150.5,0.2685654088275813,0.1387163080031062,0.5927182805267606,0.7975436616575726,True,4.829595760580851,199.98232887360095
acid,A3,151.0,0.2671983913188347,0.13974040853503844,0.5930611974847011,0.7990286532509275,True,4.829595760580851,199.98232887360095
acid,A3,151.5,0.2658302406726154,0.1407728325663049,0.5933969240807802,0.800503441318181,True,4.829595760580851,199.98232887360095
acid,A3,152.0,0.26446110583011606,0.14181360960041633,0.5937252818704053,0.8019680736593674,True,4.829595760580851,199.98232887360095
acid,A3,152.5,0.2630911338398212,0.14286276888275662,0.5940460945599302,0.8034225981303601,True,4.829595760580851,199.98232887360095
acid,A3,153.0,0.26172046985883934,0.14392033939281124,0.5943591880119836,0.8048670626374367,True,4.829595760580851,199.98232887360095
acid,A3,153.5,0.2603492571627841,0.14498634983384218,0.5946643902481341,0.8063015151319876,True,4.829595760580851,199.98232887360095
acid,A3,154.0,0.25897763714832767,0.14606082862311798,0.5949615314551071,0.8077260036053617,True,4.829595760580851,199.98232887360095
acid,A3,154.5,0.25760574934108327,0.14714380388192172,0.5952504439851181,0.8091405760838404,True,4.829595760580851,199.98232887360095
acid,A3,155.0,0.2562337314004903,0.1482353034260031,0.5955309623629779,0.8105452806237453,True,4.829595760580851,199.98232887360095
acid,A3,155.5,0.254861719127919,0.1493353547562526,0.5958029232870921,0.811940165306665,True,4.829595760580851,199.98232887360095
acid,A3,156.0,0.25348984647155515,0.150443985046822,0.5960661656342348,0.8133252782348089,True,4.829595760580851,199.98232887360095
acid,A3,156.5,0.252118245534505,0.15156122113757498,0.5963205304626573,0.8147006675264697,True,4.829595760580851,199.98232887360095
acid,A3,157.0,0.2507470465809014,0.15268708952165255,0.5965658610139757,0.8160663813116085,True,4.829595760580851,199.98232887360095
acid,A3,157.5,0.24937637804389734,0.15382161633648028,0.5968020027179444,0.817422467727542,True,4.829595760580851,199.98232887360095
acid,A3,158.0,0.24800636653232733,0.15496482735477546,0.5970288031936777,0.8187689749147417,True,4.829595760580851,199.98232887360095
acid,A3,158.5,0.24663713683814592,0.1561167479711134,0.5972461122535355,0.8201059510127336,True,4.829595760580851,199.98232887360095
acid,A3,159.0,0.24526881194475436,0.15727740319504413,0.5974537819045667,0.8214334441560995,True,4.829595760580851,199.98232887360095
acid,A3,159.5,0.24390151303521623,0.15844681763876878,0.5976516663528386,0.8227515024705733,True,4.829595760580851,199.98232887360095
acid,A3,160.0,0.24253535949803062,0.15962501550759178,0.5978396220034377,0.8240601740692336,True,4.829595760580851,199.98232887360095
acid,A3,160.5,0.24117046893834537,0.16081202058870758,0.5980175074644656,0.8253595070487872,True,4.829595760580851,199.98232887360095
acid,A3,161.0,0.2398069571840633,0.16200785624143066,0.5981851835485941,0.8266495494859385,True,4.829595760580851,199.98232887360095
acid,A3,161.5,0.23844493829505709,0.16321254538687047,0.598342513274619,0.8279303494338478,True,4.829595760580851,199.98232887360095
acid,A3,162.0,0.237084524572162,0.16442611049660716,0.5984893618704579,0.8292019549186697,True,4.829595760580851,199.98232887360095
acid,A3,162.5,0.23572582656528063,0.16564857358269958,0.5986255967739273,0.8304644139361733,True,4.829595760580851,199.98232887360095
acid,A3,163.0,0.23436895308315275,0.1668799561874712,0.5987510876341862,0.8317177744484403,True,4.829595760580851,199.98232887360095
acid,A3,163.5,0.23301401120101595,0.16812027937163077,0.5988657063147329,0.8329620843806378,True,4.829595760580851,199.98232887360095
acid,A3,164.0,0.2316611062713747,0.1693695637056125,0.5989693268938501,0.8341973916178645,True,4.829595760580851,199.98232887360095
acid,A3,164.5,0.2303103419321051,0.17062782925625353,0.5990618256654923,0.8354237440020682,True,4.829595760580851,199.98232887360095
acid,A3,165.0,0.2289618201173349,0.171895095578245,0.5991430811419507,0.836641189329031,True,4.829595760580851,199.98232887360095
acid,A3,165.5,0.22761564106510423,0.173171381702808,0.599212974052965,0.8378497753454215,True,4.829595760580851,199.98232887360095
acid,A3,166.0,0.22627190332824565,0.17445670612659114,0.5992713873491651,0.8390495497459125,True,4.829595760580851,199.98232887360095
acid,A3,166.5,0.2249307037849313,0.1757510868020118,0.5993182062007385,0.840240560170358,True,4.829595760580851,199.98232887360095
acid,A3,167.0,0.2235921376465555,0.17705454112493246,0.5993533179997623,0.8414228542010362,True,4.829595760580851,199.98232887360095
acid,A3,167.5,0.22225629847061334,0.17836708592444683,0.599376612360536,0.8425964793599459,True,4.829595760580851,199.98232887360095
acid,A3,168.0,0.22092327816747304,0.17968873745299874,0.5993879811194702,0.8437614831061624,True,4.829595760580851,199.98232887360095
acid,A3,168.5,0.21959316701292142,0.1810195113746138,0.5993873183357534,0.8449179128332485,True,4.829595760580851,199.98232887360095
acid,A3,169.0,0.21826605365993235,0.18235942275490746,0.5993745202934608,0.8460658158667201,True,4.829595760580851,199.98232887360095
acid,A3,169.5,0.21694202514466188,0.1837084860489835,0.5993494854990011,0.8472052394615616,True,4.829595760580851,199.98232887360095
acid,A3,170.0,0.21562116690176936,0.1850667150918861,0.5993121146834479,0.8483362307997929,True,4.829595760580851,199.98232887360095
acid,A3,170.5,0.21430356277207796,0.1864341230882749,0.5992623108014294,0.8494588369880866,True,4.829595760580851,199.98232887360095
acid,A3,171.0,0.2129892950151202,0.1878107225998793,0.5991999790317948,0.8505731050554307,True,4.829595760580851,199.98232887360095
acid,A3,171.5,0.21167844431868588,0.18919652553583965,0.5991250267772807,0.8516790819508392,True,4.829595760580851,199.98232887360095
acid,A3,172.0,0.2103710898111455,0.1905915431421601,0.5990373636637347,0.8527768145411065,True,4.829595760580851,199.98232887360095
acid,A3,172.5,0.20906730907110926,0.19199578599138345,0.5989369015397816,0.8538663496086065,True,4.829595760580851,199.98232887360095
acid,A3,173.0,0.20776717814041668,0.19340926396982372,0.59882355447749,0.8549477338491336,True,4.829595760580851,199.98232887360095
acid,A3,173.5,0.2064707715330183,0.19483198627012754,0.5986972387705958,0.8560210138697842,True,4.829595760580851,199.98232887360095
acid,A3,174.0,0.2051781622486315,0.1962639613771744,0.5985578729335028,0.8570862361868805,True,4.829595760580851,199.98232887360095
acid,A3,174.5,0.20388942178306557,0.197705197060416,0.5984053777013942,0.8581434472239305,True,4.829595760580851,199.98232887360095
acid,A3,175.0,0.20260462013910185,0.19915570036221908,0.5982396760300102,0.859192693309629,True,4.829595760580851,199.98232887360095
acid,A3,175.5,0.20132382583937236,0.20061547758698506,0.5980606930913179,0.8602340206758929,True,4.829595760580851,199.98232887360095
acid,A3,176.0,0.20004710593735098,0.202084534290492,0.5978683562762876,0.8612674754559356,True,4.829595760580851,199.98232887360095
acid,A3,176.5,0.19877452602889978,0.20356287527079076,0.5976625951910064,0.8622931036823736,True,4.829595760580851,199.98232887360095
acid,A3,177.0,0.19750615026414842,0.20505050455710272,0.5974433416561231,0.8633109512853686,True,4.829595760580851,199.98232887360095
acid,A3,177.5,0.1962420413593735,0.20654742539949478,0.5972105297055164,0.8643210640908051,True,4.829595760580851,199.98232887360095
acid,A3,178.0,0.19498226060954416,0.2080536402584432,0.5969640955837408,0.8653234878184973,True,4.829595760580851,199.98232887360095
acid,A3,178.5,0.19372686789886906,0.20956915079461957,0.5967039777454719,0.8663182680804293,True,4.829595760580851,199.98232887360095
acid,A3,179.0,0.19247592171345307,0.21109395786034213,0.5964301168526198,0.8673054503790281,True,4.829595760580851,199.98232887360095
acid,A3,179.5,0.19122947915450883,0.21262806148680813,0.5961424557726636,0.8682850801054649,True,4.829595760580851,199.98232887360095
acid,A3,180.0,0.18998759594845982,0.21417146087709948,0.5958409395765418,0.8692572025379872,True,4.829595760580851,199.98232887360095
acid,A3,180.5,0.18875032646037404,0.21572415439385928,0.5955255155359884,0.870221862840281,True,4.829595760580851,199.98232887360095
acid,A3,181.0,0.18751772370606545,0.21728613955118714,0.5951961331212008,0.8711791060598578,True,4.829595760580851,199.98232887360095
acid,A3,181.5,0.18628983936330723,0.21885741300442518,0.5948527439988416,0.8721289771264767,True,4.829595760580851,199.98232887360095
acid,A3,182.0,0.18506672378659772,0.22043797053972192,0.5944953020289301,0.8730715208505864,True,4.829595760580851,199.98232887360095
acid,A3,182.5,0.18384842601615325,0.22202780706703784,0.5941237632609564,0.8740067819217987,True,4.829595760580851,199.98232887360095
acid,A3,183.0,0.1826349937925631,0.22362691660726686,0.5937380859332153,0.8749348049073877,True,4.829595760580851,199.98232887360095
acid,A3,183.5,0.1814264735686688,0.225235292285908,0.5933382304676993,0.8758556342508149,True,4.829595760580851,199.98232887360095
acid,A3,184.0,0.1802229105219988,0.22685292632274034,0.5929241594669898,0.8767693142702776,True,4.829595760580851,199.98232887360095
acid,A3,184.5,0.17902434856664762,0.22847981002249718,0.5924958377120371,0.8776758891572871,True,4.829595760580851,199.98232887360095
acid,A3,185.0,0.17783083036615466,0.23011593376698336,0.5920532321581629,0.8785754029752669,True,4.829595760580851,199.98232887360095
acid,A3,185.5,0.17664239734671572,0.23176128700508336,0.5915963119297318,0.8794678996581787,True,4.829595760580851,199.98232887360095
acid,A3,186.0,0.17545908970806323,0.2334158582451007,0.591125048318486,0.8803534230091695,True,4.829595760580851,199.98232887360095
acid,A3,186.5,0.1742809464376771,0.23507963504576512,0.5906394147787708,0.8812320166992447,True,4.829595760580851,199.98232887360095
acid,A3,187.0,0.17310800532210902,0.23675260400779496,0.5901393869228722,0.8821037242659632,True,4.829595760580851,199.98232887360095
acid,A3,187.5,0.17194030296019402,0.23843475076623655,0.5896249425167976,0.8829685891121563,True,4.829595760580851,199.98232887360095
acid,A3,188.0,0.1707778747759292,0.2401260599824706,0.5890960614763907,0.8838266545046677,True,4.829595760580851,199.98232887360095
acid,A3,188.5,0.16962075502957585,0.24182651533466437,0.5885527258615575,0.8846779635731185,True,4.829595760580851,199.98232887360095
acid,A3,189.0,0.1684689768320924,0.24353609951222044,0.5879949198729362,0.8855225593086907,True,4.829595760580851,199.98232887360095
acid,A3,189.5,0.16732257215645863,0.24525479420700602,0.5874226298453467,0.886360484562938,True,4.829595760580851,199.98232887360095
acid,A3,190.0,0.1661815718512205,0.2469825801056924,0.5868358442441268,0.887191782046611,True,4.829595760580851,199.98232887360095
acid,A3,190.5,0.16504600565125926,0.24871943688442588,0.5862345536576941,0.888016494328511,True,4.829595760580851,199.98232887360095
acid,A3,191.0,0.16391590219333452,0.2504653431981696,0.5856187507938815,0.8888346638343599,True,4.829595760580851,199.98232887360095
acid,A3,191.5,0.1627912890259653,0.2522202766782611,0.5849884304739428,0.889646332845694,True,4.829595760580851,199.98232887360095
acid,A3,192.0,0.1616721926228637,0.25398421392219817,0.5843435896260019,0.8904515434987772,True,4.829595760580851,199.98232887360095
acid,A3,192.5,0.1605586383962576,0.255757130488532,0.5836842272789466,0.8912503377835356,True,4.829595760580851,199.98232887360095
acid,A3,193.0,0.15945065070932518,0.25753900089109383,0.5830103445567669,0.8920427575425115,True,4.829595760580851,199.98232887360095
acid,A3,193.5,0.1583482528861868,0.25932979859233374,0.582321944672004,0.89282884446984,True,4.829595760580851,199.98232887360095
acid,A3,194.0,0.1572514672288916,0.26112949599677027,0.5816190329187565,0.8936086401102422,True,4.829595760580851,199.98232887360095
acid,A3,194.5,0.15616031502607708,0.2629380644468826,0.5809016166654635,0.8943821858580416,True,4.829595760580851,199.98232887360095
acid,A3,195.0,0.15507481656718003,0.2647554742164493,0.5801697053486876,0.8951495229562004,True,4.829595760580851,199.98232887360095
acid,A3,195.5,0.1539949911552041,0.2665816945053301,0.5794233104662316,0.8959106924953711,True,4.829595760580851,199.98232887360095
acid,A3,196.0,0.15292085711715586,0.26841669343602437,0.5786624455681455,0.8966657354129742,True,4.829595760580851,199.98232887360095
acid,A3,196.5,0.15185243181981,0.2702604380470097,0.577887126249621,0.8974146924922904,True,4.829595760580851,199.98232887360095
acid,A3,197.0,0.15078973167825804,0.27211289428907826,0.5770973701442195,0.8981576043615751,True,4.829595760580851,199.98232887360095
acid,A3,197.5,0.14973277217111836,0.2739740270208957,0.5762931969147678,0.8988945114931894,True,4.829595760580851,199.98232887360095
acid,A3,198.0,0.14868156785163844,0.27584380000567066,0.5754746282446987,0.8996254542027542,True,4.829595760580851,199.98232887360095
acid,A3,198.5,0.14763613236046247,0.2777221759062698,0.5746416878312788,0.9003504726483196,True,4.829595760580851,199.98232887360095
acid,A3,199.0,0.14659647843739965,0.27960911628222007,0.5737944013746166,0.9010696068295548,True,4.829595760580851,199.98232887360095
acid,A3,199.5,0.14556261793319258,0.28150458158682223,0.5729327965703357,0.9017828965869581,True,4.829595760580851,199.98232887360095
acid,A3,200.0,0.14453456182361712,0.2834085311634871,0.5720569030996936,0.9024903816010837,False,4.829595760580851,199.98232887360095
acid,A4,1.0,0.32939108024265806,0.03939464961089101,0.631214269271485,0.21044608482495608,False,1.6881645932567042,190.52904406667454
acid,A4,1.5,0.3322962895540016,0.03921649082849754,0.6284872187478641,0.21260232309141347,False,1.6881645932567042,190.52904406667454
acid,A4,2.0,0.335195234831831,0.03904192970693998,0.6257628345822663,0.21476905292348022,True,1.6881645932567042,190.52904406667454
acid,A4,2.5,0.3380872226057541,0.03887094777343947,0.6230418287456185,0.21694610394024572,True,1.6881645932567042,190.52904406667454
acid,A4,3.0,0.3409715623667875,0.038703526606731486,0.6203249101568442,0.21913330375893234,True,1.6881645932567042,190.52904406667454
acid,A4,3.5,0.34384756708072395,0.038539647913005126,0.6176127841417411,0.2213304781032292,True,1.6881645932567042,190.52904406667454
acid,A4,4.0,0.34671455374968296,0.038379293450407914,0.6149061519340471,0.22353745091237587,True,1.6881645932567042,190.52904406667454
acid,A4,4.5,0.349571843905494,0.03822244506213046,0.6122057101680678,0.22575404445083344,True,1.6881645932567042,190.52904406667454
acid,A4,5.0,0.35241876412372974,0.03806908469239367,0.6095121503235656,0.2279800794183789,True,1.6881645932567042,190.52904406667454
acid,A4,5.5,0.35525464649666105,0.03791919435514046,0.6068261582927725,0.230215375060462,True,1.6881645932567042,190.52904406667454
acid,A4,6.0,0.358078829145958,0.037772756176446265,0.6041484138263886,0.23245974927866472,True,1.6881645932567042,190.52904406667454
acid,A4,6.5,0.36089065667699316,0.03762975236298871,0.6014795901105874,0.23471301874110542,True,1.6881645932567042,190.52904406667454
acid,A4,7.0,0.3636894806122726,0.03749016522847093,0.5988203533091596,0.23697499899263394,True,1.6881645932567042,190.52904406667454
acid,A4,7.5,0.3664746598814883,0.03735397719095701,0.5961713620847853,0.23924550456466534,True,1.6881645932567042,190.52904406667454
acid,A4,8.0,0.36924556119477536,0.03722117076510045,0.5935332672031279,0.2415243490845035,True,1.6881645932567042,190.52904406667454
acid,A4,8.5,0.37200155948302616,0.03709172858123999,0.5909067111016242,0.24381134538401097,True,1.6881645932567042,190.52904406667454
acid,A4,9.0,0.37474203828335995,0.036965633386731866,0.5882923275013496,0.2461063056074834,True,1.6881645932567042,190.52904406667454
acid,A4,9.5,0.37746639012348204,0.03684286803840031,0.5856907410113354,0.24840904131859234,True,1.6881645932567042,190.52904406667454
acid,A4,10.0,0.3801740168816181,0.03672341552185543,0.583102566778626,0.25071936360626423,True,1.6881645932567042,190.52904406667454
acid,A4,10.5,0.38286433012291177,0.036607258945720034,0.5805284101181307,0.25303708318936835,True,1.6881645932567042,190.52904406667454
acid,A4,11.0,0.3855367514393748,0.03649438154118556,0.5779688662088667,0.25536201052009116,True,1.6881645932567042,190.52904406667454
acid,A4,11.5,0.3881907127584183,0.03638476668677004,0.5754245197513441,0.2576939558858801,True,1.6881645932567042,190.52904406667454
acid,A4,12.0,0.39082565663184354,0.036278397889000225,0.5728959446807957,0.26003272950984463,True,1.6881645932567042,190.52904406667454
acid,A4,12.5,0.3934410365140639,0.03617525879928696,0.5703837038936177,0.262378141649507,True,1.6881645932567042,190.52904406667454
acid,A4,13.0,0.3960363170231185,0.036075333217588934,0.5678883489733666,0.2647300026938042,True,1.6881645932567042,190.52904406667454
acid,A4,13.5,0.39861097417381863,0.03597860508797179,0.5654104199525056,0.2670881232582424,True,1.6881645932567042,190.52904406667454
acid,A4,14.0,0.4011644956160021,0.03588505852203383,0.5629504450865852,0.269452314278117,True,1.6881645932567042,190.52904406667454
acid,A4,14.5,0.40369638081672043,0.0357946777770346,0.560508940635418,0.2718223870997131,True,1.6881645932567042,190.52904406667454
acid,A4,15.0,0.4062061412691831,0.03570744728342845,0.5580864106810024,0.2741981535694087,True,1.6881645932567042,190.52904406667454
acid,A4,15.5,0.4086933006525184,0.035623351639757495,0.555683346946112,0.2765794261206081,True,1.6881645932567042,190.52904406667454
acid,A4,16.0,0.4111573949865388,0.035542375613761834,0.5533002286470801,0.27896601785843994,True,1.6881645932567042,190.52904406667454
acid,A4,16.5,0.41359797276885324,0.03546450414959601,0.5509375223320401,0.2813577426421584,True,1.6881645932567042,190.52904406667454
acid,A4,17.0,0.41601459509332805,0.03538972237770999,0.5485956817871118,0.2837544151651943,True,1.6881645932567042,190.52904406667454
acid,A4,17.5,0.4184068357508952,0.03531801561040826,0.5462751479032857,0.28615585103280533,True,1.6881645932567042,190.52904406667454
acid,A4,18.0,0.4207742813208126,0.03524936935161982,0.5439763485974858,0.28856186683728374,True,1.6881645932567042,190.52904406667454
acid,A4,18.5,0.4231165312340579,0.03518376929989575,0.541699698742848,0.29097228023068294,True,1.6881645932567042,190.52904406667454
acid,A4,19.0,0.4254331978359449,0.035121201350296616,0.5394456000967773,0.2933869099950313,True,1.6881645932567042,190.52904406667454
acid,A4,19.5,0.4277239064200966,0.035061651603274235,0.5372144412664204,0.29580557611000585,True,1.6881645932567042,190.52904406667454
acid,A4,20.0,0.429988295253092,0.03500510636456067,0.5350065976789109,0.2982280998180454,True,1.6881645932567042,190.52904406667454
acid,A4,20.5,0.4322260155896762,0.03495155214949808,0.5328224315631624,0.3006543036868851,True,1.6881645932567042,190.52904406667454
acid,A4,21.0,0.4344367316623243,0.03490097569236461,0.5306622919540871,0.30308401166950294,True,1.6881645932567042,190.52904406667454
acid,A4,21.5,0.43662012066780775,0.03485336394049021,0.5285265147063622,0.30551704916146966,True,1.6881645932567042,190.52904406667454
acid,A4,22.0,0.4387758727392166,0.03480870406769032,0.5264154225147477,0.30795324305570226,True,1.6881645932567042,190.52904406667454
acid,A4,22.5,0.44090369089333503,0.03476698347260054,0.5243293249610481,0.3103924217946221,True,1.6881645932567042,190.52904406667454
acid,A4,23.0,0.44300329098867497,0.03472818978467185,0.5222685185616305,0.31283441541972584,True,1.6881645932567042,190.52904406667454
acid,A4,23.5,0.44507440164365253,0.03469231086694613,0.520233286830929,0.3152790556185782,True,1.6881645932567042,190.52904406667454
acid,A4,24.0,0.4471167641695306,0.0346593348155011,0.5182239003607148,0.31772617576924583,True,1.6881645932567042,190.52904406667454
acid,A4,24.5,0.44913013247804834,0.03462924997388317,0.5162406169001432,0.3201756109821861,True,1.6881645932567042,190.52904406667454
acid,A4,25.0,0.45111427298194506,0.03460204492367058,0.5142836814554519,0.3226271981396173,True,1.6881645932567042,190.52904406667454
acid,A4,25.5,0.45306896447872,0.0345777084964638,0.5123533263928781,0.32508077593239443,True,1.6881645932567042,190.52904406667454
acid,A4,26.0,0.45499399804715956,0.03455622977166506,0.5104497715548995,0.32753618489442,True,1.6881645932567042,190.52904406667454
acid,A4,26.5,0.4568891769075045,0.03453759808308421,0.5085732243892416,0.3299932674346219,True,1.6881645932567042,190.52904406667454
acid,A4,27.0,0.45875431629249785,0.03452180302271346,0.5067238800720575,0.332451867866534,True,1.6881645932567042,190.52904406667454
acid,A4,27.5,0.46058924330028006,0.034508834437729785,0.5049019216548656,0.3349118324355168,True,1.6881645932567042,190.52904406667454
acid,A4,28.0,0.4623937967470071,0.03449868243882159,0.5031075202138191,0.3373730093436577,True,1.6881645932567042,190.52904406667454
acid,A4,28.5,0.4641678270117522,0.034491337401520994,0.50134083499348,0.3398352487723943,True,1.6881645932567042,190.52904406667454
acid,A4,29.0,0.4659111958639217,0.03448678996725851,0.499602013580569,0.34229840290290486,True,1.6881645932567042,190.52904406667454
acid,A4,29.5,0.4676237763062141,0.034485031047970516,0.49789119206467003,0.3447623259343122,True,1.6881645932567042,190.52904406667454
acid,A4,30.0,0.4693054523880469,0.034486051826487785,0.496208495209538,0.347226874099749,True,1.6881645932567042,190.52904406667454
acid,A4,30.5,0.47095611903652523,0.03448984376025477,0.49455403663445363,0.34969190568033515,True,1.6881645932567042,190.52904406667454
acid,A4,31.0,0.4725756818634852,0.034496398580219356,0.4929279189931357,0.3521572810171173,True,1.6881645932567042,190.52904406667454
acid,A4,31.5,0.4741640569822514,0.0345057083003808,0.4913302341608694,0.35462286252102293,True,1.6881645932567042,190.52904406667454
acid,A4,32.0,0.4757211708140696,0.0345177652097961,0.4897610634257421,0.3570885146808836,True,1.6881645932567042,190.52904406667454
acid,A4,32.5,0.47724695989243004,0.03453256188234999,0.4882204776807675,0.3595541040695805,True,1.6881645932567042,190.52904406667454
acid,A4,33.0,0.4787413706647814,0.03455009117475649,0.4867085376209501,0.36201949934836725,True,1.6881645932567042,190.52904406667454
acid,A4,33.5,0.4802043592963545,0.03457034622939004,0.4852252939420709,0.36448457126942707,True,1.6881645932567042,190.52904406667454
acid,A4,34.0,0.48163589145722163,0.03459332047495156,0.4837707875405828,0.366949192676719,True,1.6881645932567042,190.52904406667454
acid,A4,34.5,0.48303594212889545,0.034619007628966525,0.48234504972000103,0.369413238505171,True,1.6881645932567042,190.52904406667454
acid,A4,35.0,0.48440449539299824,0.03464740169928371,0.4809481023919093,0.37187658577827515,True,1.6881645932567042,190.52904406667454
acid,A4,35.5,0.48574154422220683,0.034678496984186236,0.47957995828407096,0.37433911360414446,True,1.6881645932567042,190.52904406667454
acid,A4,36.0,0.4870470902765267,0.03471228807233606,0.4782406211472079,0.3768007031700854,True,1.6881645932567042,190.52904406667454
acid,A4,36.5,0.4883211436940149,0.03474876984971287,0.47693008595817155,0.37926123773574427,True,1.6881645932567042,190.52904406667454
acid,A4,37.0,0.4895637228802818,0.03478793749323028,0.47564833913360527,0.3817206026248852,True,1.6881645932567042,190.52904406667454
acid,A4,37.5,0.4907748543017676,0.03482978647711965,0.4743953587335037,0.38417868521585313,True,1.6881645932567042,190.52904406667454
acid,A4,38.0,0.4919545722763541,0.03487431257021001,0.4731711146707118,0.3866353749307808,True,1.6881645932567042,190.52904406667454
acid,A4,38.5,0.4931029187683067,0.03492151184064651,0.4719755689143179,0.38909056322359326,True,1.6881645932567042,190.52904406667454
acid,A4,39.0,0.49421994317741524,0.034971380650783424,0.4708086756995411,0.3915441435668654,True,1.6881645932567042,190.52904406667454
acid,A4,39.5,0.49530570213787706,0.03502391566548302,0.46967038172934794,0.3939960114375868,True,1.6881645932567042,190.52904406667454
acid,A4,40.0,0.4963602593104355,0.035079113844649346,0.4685606263820363,0.3964460643018874,True,1.6881645932567042,190.52904406667454
acid,A4,40.5,0.4973836851803193,0.03513697245050018,0.4674793419109091,0.3988942015987763,True,1.6881645932567042,190.52904406667454
acid,A4,41.0,0.49837605685887354,0.035197489043292673,0.4664264536445306,0.4013403247229471,True,1.6881645932567042,190.52904406667454
acid,A4,41.5,0.49933745787802963,0.03526066148526463,0.4654018801890092,0.40378433700669913,True,1.6881645932567042,190.52904406667454
acid,A4,42.0,0.5002679779980423,0.03532648793561077,0.4644055336227304,0.40622614370102555,True,1.6881645932567042,190.52904406667454
acid,A4,42.5,0.5011677130098979,0.03539496685883714,0.4634373196917285,0.4086656519559184,True,1.6881645932567042,190.52904406667454
acid,A4,43.0,0.5020367645434953,0.03546609701637893,0.4624971380044196,0.4111027707999378,True,1.6881645932567042,190.52904406667454
acid,A4,43.5,0.5028752398756886,0.03553987747401122,0.46158488221878513,0.41353741111909176,True,1.6881645932567042,190.52904406667454
acid,A4,44.0,0.5036832517424095,0.0356163075957705,0.460700440234163,0.41596948563507596,True,1.6881645932567042,190.52904406667454
acid,A4,44.5,0.5044609181524551,0.03569538704900621,0.4598436943755446,0.418398908882914,True,1.6881645932567042,190.52904406667454
acid,A4,45.0,0.5052083622067993,0.03577711580010634,0.45901452157340317,0.42082559718804646,True,1.6881645932567042,190.52904406667454
acid,A4,45.5,0.5059257119166827,0.03586149411813344,0.45821279354946176,0.423249468642909,True,1.6881645932567042,190.52904406667454
acid,A4,46.0,0.5066131000263097,0.03594852257299275,0.45743837698825063,0.42567044308304214,True,1.6881645932567042,190.52904406667454
acid,A4,46.5,0.5072706638414304,0.03603820203415542,0.4566911337148538,0.42808844206277225,True,1.6881645932567042,190.52904406667454
acid,A4,47.0,0.5078985450557572,0.03613053367224062,0.45597092086643864,0.43050338883050576,True,1.6881645932567042,190.52904406667454
acid,A4,47.5,0.5084968895817527,0.03622551895776649,0.4552775910579704,0.432915208303671,True,1.6881645932567042,190.52904406667454
acid,A4,48.0,0.5090658473906468,0.03632315966228816,0.4546109925481767,0.43532382704334904,True,1.6881645932567042,190.52904406667454
acid,A4,48.5,0.5096055723455006,0.036423457854622976,0.45397096940320847,0.4377291732286249,True,1.6881645932567042,190.52904406667454
acid,A4,49.0,0.5101162220468858,0.03652641590572159,0.4533573616529313,0.44013117663069856,True,1.6881645932567042,190.52904406667454
acid,A4,49.5,0.5105979576764397,0.03663203648437974,0.4527700054484385,0.4425297685867848,True,1.6881645932567042,190.52904406667454
acid,A4,50.0,0.5110509438421285,0.03674032255648885,0.45220873321275,0.4449248819738381,True,1.6881645932567042,190.52904406667454
acid,A4,50.5,0.5114753484349865,0.036851277387436876,0.45167337379166395,0.44731645118213176,True,1.6881645932567042,190.52904406667454
acid,A4,51.0,0.5118713424793336,0.036964904539971144,0.45116375259673935,0.44970441208872136,True,1.6881645932567042,190.52904406667454
acid,A4,51.5,0.5122390999940801,0.03708120787344893,0.45067969175090206,0.4520887020308228,True,1.6881645932567042,190.52904406667454
acid,A4,52.0,0.5125787978515206,0.037200191543740324,0.45022101022478694,0.45446925977913194,True,1.6881645932567042,190.52904406667454
acid,A4,52.5,0.5128906156443638,0.03732186000286741,0.44978752397505095,0.456846025511112,True,1.6881645932567042,190.52904406667454
acid,A4,53.0,0.5131747355511945,0.03744621799776221,0.44937904607557366,0.45921894078427694,True,1.6881645932567042,190.52904406667454
acid,A4,53.5,0.5134313422084438,0.03757327057149484,0.4489953868457089,0.4615879485094916,True,1.6881645932567042,190.52904406667454
acid,A4,54.0,0.5136606225881468,0.03770302305978329,0.4486363539792787,0.46395299292431597,True,1.6881645932567042,190.52904406667454
acid,A4,54.5,0.5138627658707664,0.037835481092932804,0.4483017526647412,0.4663140195664137,True,1.6881645932567042,190.52904406667454
acid,A4,55.0,0.5140379633292447,0.03797065059323382,0.4479913857066801,0.46867097524704804,True,1.6881645932567042,190.52904406667454
acid,A4,55.5,0.5141864082123179,0.03810853777667586,0.44770505364198976,0.471023808024683,True,1.6881645932567042,190.52904406667454
acid,A4,56.0,0.5143082956320048,0.03824914914898718,0.4474425548506352,0.47337246717871434,True,1.6881645932567042,190.52904406667454
acid,A4,56.5,0.5144038224541326,0.038392491508767654,0.4472036856690781,0.4757169031833423,True,1.6881645932567042,190.52904406667454
acid,A4,57.0,0.5144731871920701,0.03853857194365288,0.4469882404975925,0.47805706768161077,True,1.6881645932567042,190.52904406667454
acid,A4,57.5,0.5145165899019897,0.03868739783196434,0.4467960119000783,0.4803929134596239,True,1.6881645932567042,190.52904406667454
acid,A4,58.0,0.514534232085917,0.038838976838812336,0.4466267907094496,0.4827243944209601,True,1.6881645932567042,190.52904406667454
acid,A4,58.5,0.5145263165898077,0.038993316919300886,0.4464803661250599,0.48505146556129575,True,1.6881645932567042,190.52904406667454
acid,A4,59.0,0.5144930475126999,0.0391504263164387,0.44635652580531093,0.4873740829432545,True,1.6881645932567042,190.52904406667454
acid,A4,59.5,0.5144346301136464,0.03931031355747586,0.4462550559629283,0.48969220367149563,True,1.6881645932567042,190.52904406667454
acid,A4,60.0,0.5143512707240228,0.03947298745864136,0.4461757414514281,0.4920057858680521,True,1.6881645932567042,190.52904406667454
acid,A4,60.5,0.5142431766592959,0.03963845711920516,0.4461183658547585,0.4943147886479329,True,1.6881645932567042,190.52904406667454
acid,A4,61.0,0.5141105561393133,0.03980673192414963,0.4460827115691096,0.49661917209499906,True,1.6881645932567042,190.52904406667454
acid,A4,61.5,0.5139536182052623,0.0399778215410887,0.4460685598856595,0.49891889723812294,True,1.6881645932567042,190.52904406667454
acid,A4,62.0,0.5137725726418809,0.04015173592274157,0.44607569106622225,0.5012139260276436,True,1.6881645932567042,190.52904406667454
acid,A4,62.5,0.5135676299046626,0.040328485302554284,0.4461038844229548,0.5035042213121239,True,1.6881645932567042,190.52904406667454
acid,A4,63.0,0.5133390010439998,0.040508080194692764,0.4461529183898971,0.5057897468154191,True,1.6881645932567042,190.52904406667454
acid,A4,63.5,0.5130868976377101,0.04069053139704737,0.4462225705934436,0.508070467114065,True,1.6881645932567042,190.52904406667454
acid,A4,64.0,0.5128115317205167,0.040875849985133605,0.4463126179208021,0.5103463476149919,True,1.6881645932567042,190.52904406667454
acid,A4,64.5,0.5125131157224239,0.0410640473139795,0.4464228365880646,0.5126173545335714,True,1.6881645932567042,190.52904406667454
acid,A4,65.0,0.5121918624024641,0.04125513501863909,0.4465530022018799,0.5148834548720024,True,1.6881645932567042,190.52904406667454
acid,A4,65.5,0.511847984789357,0.041449125010958876,0.44670288982041895,0.5171446163980402,True,1.6881645932567042,190.52904406667454
acid,A4,66.0,0.5114816961216684,0.04164602948034113,0.4468722740167408,0.5194008076240746,True,1.6881645932567042,190.52904406667454
acid,A4,66.5,0.5110932097946858,0.04184586089159281,0.44706092893002924,0.5216519977865616,True,1.6881645932567042,190.52904406667454
acid,A4,67.0,0.5106827393020485,0.04204863198667419,0.4472686283249899,0.5238981568258121,True,1.6881645932567042,190.52904406667454
acid,A4,67.5,0.5102504981870232,0.042254355781271014,0.4474951456426013,0.5261392553661408,True,1.6881645932567042,190.52904406667454
acid,A4,68.0,0.509796699991058,0.04246304556569658,0.44774025405201756,0.5283752646963783,True,1.6881645932567042,190.52904406667454
acid,A4,68.5,0.5093215582037125,0.04267471490314312,0.4480037264983777,0.5306061567507493,True,1.6881645932567042,190.52904406667454
acid,A4,69.0,0.508825286221315,0.0428893776307504,0.4482853357507255,0.5328319040901185,True,1.6881645932567042,190.52904406667454
acid,A4,69.5,0.508308097296184,0.04310704785584485,0.4485848544470983,0.5350524798836068,True,1.6881645932567042,190.52904406667454
acid,A4,70.0,0.5077702045001298,0.04332773995829875,0.4489020551372569,0.5372678578905765,True,1.6881645932567042,190.52904406667454
acid,A4,70.5,0.5072118206801146,0.04355146858778247,0.4492367103239858,0.5394780124429911,True,1.6881645932567042,190.52904406667454
acid,A4,71.0,0.5066331584198669,0.0437782486641114,0.4495885925047127,0.541682918428144,True,1.6881645932567042,190.52904406667454
acid,A4,71.5,0.506034430002078,0.04400809537616346,0.4499574742061474,0.5438825512717637,True,1.6881645932567042,190.52904406667454
acid,A4,72.0,0.505415847374846,0.04424102418026932,0.4503431280255821,0.5460768869214877,True,1.6881645932567042,190.52904406667454
acid,A4,72.5,0.5047776221135947,0.04447705080115605,0.4507453266614503,0.5482659018307118,True,1.6881645932567042,190.52904406667454
acid,A4,73.0,0.5041199653928463,0.044716191230115276,0.45116384294890954,0.5504495729428083,True,1.6881645932567042,190.52904406667454
acid,A4,73.5,0.5034430879501395,0.04495846172472562,0.45159844989225983,0.5526278776757167,True,1.6881645932567042,190.52904406667454
acid,A4,74.0,0.5027472000614097,0.0452038788074649,0.45204892069411473,0.5548007939069026,True,1.6881645932567042,190.52904406667454
acid,A4,74.5,0.5020325115071278,0.04545245926593222,0.45251502878454475,0.5569682999586846,True,1.6881645932567042,190.52904406667454
acid,A4,75.0,0.5012992315510112,0.045704220151238095,0.45299654785038723,0.5591303745839277,True,1.6881645932567042,190.52904406667454
acid,A4,75.5,0.5005475689086325,0.04595917877833755,0.45349325186067047,0.5612869969521013,True,1.6881645932567042,190.52904406667454
acid,A4,76.0,0.4997777317272134,0.04621735272331007,0.4540049150913439,0.5634381466356979,True,1.6881645932567042,190.52904406667454
acid,A4,76.5,0.49898992755989524,0.04647875982607963,0.45453131215059117,0.5655838035970133,True,1.6881645932567042,190.52904406667454
acid,A4,77.0,0.49818436334458926,0.04674341818539096,0.45507221800075714,0.5677239481752834,True,1.6881645932567042,190.52904406667454
acid,A4,77.5,0.49736124538310444,0.0470113461613908,0.45562740798030243,0.5698585610741747,True,1.6881645932567042,190.52904406667454
acid,A4,78.0,0.49652077932016425,0.04728256237387929,0.4561966578245369,0.5719876233496285,True,1.6881645932567042,190.52904406667454
acid,A4,78.5,0.49566317012636474,0.04755708570072792,0.45677974368563135,0.5741111163980517,True,1.6881645932567042,190.52904406667454
acid,A4,79.0,0.4947886220781905,0.0478349352782681,0.45737644214996487,0.5762290219448545,True,1.6881645932567042,190.52904406667454
acid,A4,79.5,0.49389733874302677,0.048116130500291954,0.45798653025624914,0.5783413220333297,True,1.6881645932567042,190.52904406667454
acid,A4,80.0,0.4929895229633663,0.04840069101633149,0.4586097855130422,0.5804479990138705,True,1.6881645932567042,190.52904406667454
acid,A4,80.5,0.492065376839268,0.048688636732852064,0.45924598591357,0.5825490355335243,True,1.6881645932567042,190.52904406667454
acid,A4,81.0,0.4911251017175322,0.04897998781036583,0.4598949099509364,0.5846444145258775,True,1.6881645932567042,190.52904406667454
acid,A4,81.5,0.4901688981768515,0.04927476466401459,0.4605563366309462,0.586734119201267,True,1.6881645932567042,190.52904406667454
acid,A4,82.0,0.48919696601454343,0.049572987961987725,0.4612300454874818,0.5888181330373174,True,1.6881645932567042,190.52904406667454
acid,A4,82.5,0.48820950423716925,0.04987467862629935,0.46191581659318914,0.5908964397697966,True,1.6881645932567042,190.52904406667454
acid,A4,83.0,0.4872067110476552,0.05017985782909684,0.4626134305722729,0.5929690233837864,True,1.6881645932567042,190.52904406667454
acid,A4,83.5,0.4861887838363277,0.05048854699479799,0.46332266861004445,0.5950358681051676,True,1.6881645932567042,190.52904406667454
acid,A4,84.0,0.48515591916997725,0.05080076779812037,0.4640433124646348,0.5970969583924084,True,1.6881645932567042,190.52904406667454
acid,A4,84.5,0.4841083127855583,0.05111654216216621,0.46477514447679225,0.5991522789286589,True,1.6881645932567042,190.52904406667454
acid,A4,85.0,0.4830461595787261,0.05143589226008771,0.4655179475772653,0.6012018146141429,True,1.6881645932567042,190.52904406667454
acid,A4,85.5,0.48196965359986743,0.051758840511340054,0.4662715052964339,0.6032455505588442,True,1.6881645932567042,190.52904406667454
acid,A4,86.0,0.48087898804294316,0.05208540958329122,0.4670356017722477,0.6052834720754818,True,1.6881645932567042,190.52904406667454
acid,A4,86.5,0.4797743552432121,0.052415622389334615,0.4678100217573866,0.6073155646727721,True,1.6881645932567042,190.52904406667454
acid,A4,87.0,0.47865594666846034,0.05274950208700169,0.4685945506250899,0.60934181404897,True,1.6881645932567042,190.52904406667454
acid,A4,87.5,0.4775239529145603,0.05308707207957175,0.4693889743773716,0.6113622060856869,True,1.6881645932567042,190.52904406667454
acid,A4,88.0,0.4763785637009188,0.05342835601190865,0.4701930796492948,0.6133767268419805,True,1.6881645932567042,190.52904406667454
acid,A4,88.5,0.4752199678647595,0.05377337777284774,0.47100665371474504,0.61538536254871,True,1.6881645932567042,190.52904406667454
acid,A4,89.0,0.47404835335917994,0.05412216149203175,0.47182948449148165,0.6173880996031551,True,1.6881645932567042,190.52904406667454
acid,A4,89.5,0.4728639072464902,0.05447473153941118,0.47266136054679997,0.619384924563892,True,1.6881645932567042,190.52904406667454
acid,A4,90.0,0.4716668156977133,0.05483111252496675,0.4735020710996407,0.6213758241459203,True,1.6881645932567042,190.52904406667454
acid,A4,90.5,0.4704572639892546,0.055191329296933045,0.4743514060264742,0.6233607852160412,True,1.6881645932567042,190.52904406667454
acid,A4,91.0,0.46923543649829424,0.055555406940965835,0.4752091558626881,0.6253397947884758,True,1.6881645932567042,190.52904406667454
acid,A4,91.5,0.46800151670362,0.0559233707791984,0.47607511180852713,0.6273128400207242,True,1.6881645932567042,190.52904406667454
acid,A4,92.0,0.46675568718085314,0.056295246369741925,0.47694906573025886,0.6292799082096568,True,1.6881645932567042,190.52904406667454
acid,A4,92.5,0.46549812960355874,0.05667105950407647,0.47783081016206097,0.6312409867878362,True,1.6881645932567042,190.52904406667454
acid,A4,93.0,0.46422902473969296,0.05705083620810569,0.47872013831057325,0.6331960633200615,True,1.6881645932567042,190.52904406667454
acid,A4,93.5,0.4629485524522692,0.05743460273893719,0.4796168440561188,0.6351451255001336,True,1.6881645932567042,190.52904406667454
acid,A4,94.0,0.4616568916970265,0.05782238558543762,0.4805207219536478,0.6370881611478357,True,1.6881645932567042,190.52904406667454
acid,A4,94.5,0.46035422052365105,0.058214211465013044,0.4814315672356795,0.6390251582061229,True,1.6881645932567042,190.52904406667454
acid,A4,95.0,0.4590407160731669,0.058610107325274274,0.48234917581418957,0.640956104738517,True,1.6881645932567042,190.52904406667454
acid,A4,95.5,0.4577165545802675,0.059010100340206595,0.4832733442800552,0.6428809889267032,True,1.6881645932567042,190.52904406667454
acid,A4,96.0,0.456381911371484,0.059414217910225275,0.4842038699068296,0.6447997990683226,True,1.6881645932567042,190.52904406667454
acid,A4,96.5,0.4550369608659066,0.059822487660399215,0.4851405506499651,0.6467125235749555,True,1.6881645932567042,190.52904406667454
acid,A4,97.0,0.4536818765762951,0.060234937439673786,0.4860831851478675,0.6486191509702922,True,1.6881645932567042,190.52904406667454
acid,A4,97.5,0.4523168311080239,0.06065159531914999,0.48703157272433906,0.6505196698884859,True,1.6881645932567042,190.52904406667454
acid,A4,98.0,0.4509419961617467,0.06107248959041911,0.4879855133866906,0.6524140690726824,True,1.6881645932567042,190.52904406667454
acid,A4,98.5,0.4495575425318421,0.06149764876506314,0.488944807828795,0.6543023373737243,True,1.6881645932567042,190.52904406667454
acid,A4,99.0,0.4481636401096334,0.061927101572323284,0.48990925743069846,0.6561844637490226,True,1.6881645932567042,190.52904406667454
acid,A4,99.5,0.4467604578826667,0.06236087695798975,0.49087866425945315,0.6580604372615935,True,1.6881645932567042,190.52904406667454
acid,A4,100.0,0.4453481639352108,0.06279900408279193,0.49185283106817357,0.6599302470792521,True,1.6881645932567042,190.52904406667454
acid,A4,100.5,0.4439269254529199,0.06324151232184327,0.492831561298368,0.6617938824739649,True,1.6881645932567042,190.52904406667454
acid,A4,101.0,0.4424969087191699,0.06368843126075552,0.49381465907910593,0.6636513328213507,True,1.6881645932567042,190.52904406667454
acid,A4,101.5,0.4410582791201656,0.06413979069624931,0.4948019292285166,0.6655025876003282,True,1.6881645932567042,190.52904406667454
acid,A4,102.0,0.43961120114494046,0.06459562063448887,0.49579317725217953,0.6673476363929054,True,1.6881645932567042,190.52904406667454
acid,A4,102.5,0.43815583838480165,0.06505595128697417,0.4967882093457887,0.669186468884107,True,1.6881645932567042,190.52904406667454
acid,A4,103.0,0.4366923535382705,0.0655208130719287,0.49778683239365407,0.671019074862036,True,1.6881645932567042,190.52904406667454
acid,A4,103.5,0.43522090840980576,0.06599023660996961,0.49878885396936745,0.672845444218062,True,1.6881645932567042,190.52904406667454
acid,A4,104.0,0.433741663912135,0.06646425272471834,0.49979408233769007,0.6746655669471374,True,1.6881645932567042,190.52904406667454
acid,A4,104.5,0.43225478006797546,0.06694289243847074,0.5008023264536088,0.6764794331482329,True,1.6881645932567042,190.52904406667454
acid,A4,105.0,0.4307604160107559,0.06742618697203051,0.5018133959624471,0.6782870330248882,True,1.6881645932567042,190.52904406667454
acid,A4,105.5,0.4292587299863926,0.0679141677424333,0.5028271012015306,0.6800883568858797,True,1.6881645932567042,190.52904406667454
acid,A4,106.0,0.42774987935506603,0.06840686636017113,0.5038432531999648,0.6818833951459903,True,1.6881645932567042,190.52904406667454
acid,A4,106.5,0.4262340205916648,0.0689043146280266,0.5048616636800229,0.6836721383268912,True,1.6881645932567042,190.52904406667454
acid,A4,107.0,0.42471130928845024,0.06940654453951867,0.5058821450567019,0.6854545770581174,True,1.6881645932567042,190.52904406667454
acid,A4,107.5,0.4231819001555004,0.06991358827468375,0.5069045104392766,0.6872307020781444,True,1.6881645932567042,190.52904406667454
acid,A4,108.0,0.4216459470217093,0.07042547820002021,0.5079285736319106,0.6890005042355554,True,1.6881645932567042,190.52904406667454
acid,A4,108.5,0.4201036028376737,0.07094224686565731,0.508954149134877,0.6907639744902987,True,1.6881645932567042,190.52904406667454
acid,A4,109.0,0.4185550196745269,0.07146392700241311,0.5099810521449477,0.6925211039150299,True,1.6881645932567042,190.52904406667454
acid,A4,109.5,0.4170003487278806,0.07199055152057321,0.5110090985576132,0.6942718836965353,True,1.6881645932567042,190.52904406667454
acid,A4,110.0,0.41543974031715836,0.07252215350611602,0.5120381049668055,0.6960163051372322,True,1.6881645932567042,190.52904406667454
acid,A4,110.5,0.41387334388676145,0.07305876621976903,0.5130678886671736,0.697754359656746,True,1.6881645932567042,190.52904406667454
acid,A4,111.0,0.4123013080080673,0.07360042309412229,0.5140982676558048,0.6994860387935545,True,1.6881645932567042,190.52904406667454
acid,A4,111.5,0.4107237803791519,0.0741471577299091,0.5151290606320025,0.7012113342067018,True,1.6881645932567042,190.52904406667454
acid,A4,112.0,0.40914090782728785,0.07469900389506234,0.51616008700206,0.7029302376775728,True,1.6881645932567042,190.52904406667454
acid,A4,112.5,0.40755283630905526,0.07525599552155038,0.5171911668770957,0.7046427411117308,True,1.6881645932567042,190.52904406667454
acid,A4,113.0,0.4059597109098978,0.07581816670193531,0.5182221210788263,0.7063488365408096,True,1.6881645932567042,190.52904406667454
acid,A4,113.5,0.40436167584806393,0.07638555168743011,0.519252771138623,0.7080485161244581,True,1.6881645932567042,190.52904406667454
acid,A4,114.0,0.40275887447088765,0.07695818488501205,0.5202829393008979,0.7097417721523376,True,1.6881645932567042,190.52904406667454
acid,A4,114.5,0.40115144925989554,0.07753610085436957,0.5213124485257681,0.7114285970461622,True,1.6881645932567042,190.52904406667454
acid,A4,115.0,0.3995395418276426,0.07811933430457163,0.5223411224899999,0.7131089833617852,True,1.6881645932567042,190.52904406667454
acid,A4,115.5,0.397923292921154,0.0787079200916807,0.5233687855917268,0.714782923791323,True,1.6881645932567042,190.52904406667454
acid,A4,116.0,0.3963028424201487,0.07930189321586623,0.5243952629512272,0.7164504111653196,True,1.6881645932567042,190.52904406667454
acid,A4,116.5,0.3946783293377054,0.0799012888180739,0.5254203804138657,0.718111438454941,True,1.6881645932567042,190.52904406667454
acid,A4,117.0,0.3930498918220948,0.08050614217536278,0.5264439645545904,0.7197659987742028,True,1.6881645932567042,190.52904406667454
acid,A4,117.5,0.39141766715505844,0.08111648870023913,0.5274658426789869,0.7214140853822257,True,1.6881645932567042,190.52904406667454
acid,A4,118.0,0.3897817917521418,0.08173236393599348,0.5284858428282191,0.7230556916855153,True,1.6881645932567042,190.52904406667454
acid,A4,118.5,0.38814240116391563,0.08235380355248179,0.5295037937818048,0.724690811240263,True,1.6881645932567042,190.52904406667454
acid,A4,119.0,0.38649963007519883,0.08298084334457112,0.5305195250602801,0.7263194377546683,True,1.6881645932567042,190.52904406667454
acid,A4,119.5,0.3848536123045032,0.08361351922697713,0.5315328669303621,0.7279415650912766,True,1.6881645932567042,190.52904406667454
acid,A4,120.0,0.3832044808041446,0.08425186723215461,0.5325436504076131,0.729557187269328,True,1.6881645932567042,190.52904406667454
acid,A4,120.5,0.3815523676596877,0.08489592350452435,0.533551707260882,0.7311662984671223,True,1.6881645932567042,190.52904406667454
acid,A4,121.0,0.3798974040908343,0.08554572429941842,0.5345568700165226,0.7327688930243881,True,1.6881645932567042,190.52904406667454
acid,A4,121.5,0.37823972044936927,0.08620130597686293,0.5355589719618359,0.7343649654446592,True,1.6881645932567042,190.52904406667454
acid,A4,122.0,0.3765794462193828,0.08686270499946858,0.5365578471503429,0.735954510397654,True,1.6881645932567042,190.52904406667454
acid,A4,122.5,0.37491671001654847,0.08752995792782325,0.5375533304067259,0.7375375227216555,True,1.6881645932567042,190.52904406667454
acid,A4,123.0,0.3732516395873464,0.0882031014153295,0.5385452573295479,0.7391139974258899,True,1.6881645932567042,190.52904406667454
acid,A4,123.5,0.371584361808841,0.08888217220637262,0.5395334642983585,0.7406839296929009,True,1.6881645932567042,190.52904406667454
acid,A4,124.0,0.3699150026870157,0.08956720713060307,0.5405177884766355,0.742247314880917,True,1.6881645932567042,190.52904406667454
acid,A4,124.5,0.36824368735632884,0.09025824309938368,0.5414980678194459,0.7438041485262112,True,1.6881645932567042,190.52904406667454
acid,A4,125.0,0.36657054008049084,0.0909553171005717,0.5424741410752221,0.7453544263454485,True,1.6881645932567042,190.52904406667454
acid,A4,125.5,0.3648956842474682,0.091658466195077,0.5434458477945325,0.7468981442380207,True,1.6881645932567042,190.52904406667454
acid,A4,126.0,0.36321924237248115,0.09236772751231026,0.5444130283333015,0.7484352982883666,True,1.6881645932567042,190.52904406667454
acid,A4,126.5,0.3615413360943398,0.09308313824474279,0.5453755238598035,0.7499658847682724,True,1.6881645932567042,190.52904406667454
acid,A4,127.0,0.3598620861751112,0.09380473564457592,0.546333176359548,0.7514899001391567,True,1.6881645932567042,190.52904406667454
acid,A4,127.5,0.3581816124997861,0.09453255701785679,0.5472858286419413,0.7530073410543298,True,1.6881645932567042,190.52904406667454
acid,A4,128.0,0.35650003407317055,0.0952666397207036,0.5482333243462811,0.7545182043612317,True,1.6881645932567042,190.52904406667454
acid,A4,128.5,0.3548174690201078,0.09600702115353243,0.5491755079475302,0.7560224871036451,True,1.6881645932567042,190.52904406667454
acid,A4,129.0,0.35313403458270276,0.09675373875628335,0.5501122247623114,0.7575201865238808,True,1.6881645932567042,190.52904406667454
acid,A4,129.5,0.35144984712054406,0.0975068300044235,0.551043320956901,0.7590113000649338,True,1.6881645932567042,190.52904406667454
acid,A4,130.0,0.34976502210781746,0.09826633240261895,0.5519686435518922,0.7604958253726088,True,1.6881645932567042,190.52904406667454
acid,A4,130.5,0.3480796741324177,0.09903228347951654,0.5528880404307435,0.7619737602976143,True,1.6881645932567042,190.52904406667454
acid,A4,131.0,0.34639391689406107,0.09980472078374714,0.5538013603451075,0.7634451028976222,True,1.6881645932567042,190.52904406667454
acid,A4,131.5,0.34470786320361935,0.10058368187682021,0.5547084529226032,0.7649098514392908,True,1.6881645932567042,190.52904406667454
acid,A4,132.0,0.3430216249799001,0.10136920432946006,0.5556091686738096,0.7663680044002525,True,1.6881645932567042,190.52904406667454
acid,A4,132.5,0.34133531324931354,0.10216132571450043,0.5565033589994828,0.767819560471061,True,1.6881645932567042,190.52904406667454
acid,A4,133.0,0.33964903814376335,0.1029600836025546,0.5573908761972168,0.7692645185571018,True,1.6881645932567042,190.52904406667454
acid,A4,133.5,0.337962908898648,0.10376551555513203,0.5582715734698818,0.7707028777804554,True,1.6881645932567042,190.52904406667454
acid,A4,134.0,0.3362770338513066,0.10457765911997541,0.5591453049325068,0.7721346374817238,True,1.6881645932567042,190.52904406667454
acid,A4,134.5,0.33459152044024165,0.10539655182384422,0.5600119256197189,0.7735597972218101,True,1.6881645932567042,190.52904406667454
acid,A4,135.0,0.33290647520090033,0.10622223116851792,0.5608712914945135,0.7749783567836522,True,1.6881645932567042,190.52904406667454
acid,A4,135.5,0.3312220037664515,0.10705473462269133,0.561723259454805,0.7763903161739119,True,1.6881645932567042,190.52904406667454
acid,A4,136.0,0.3295382108647882,0.10789409961708962,0.562567687342086,0.7777956756246137,True,1.6881645932567042,190.52904406667454
acid,A4,136.5,0.3278552003163071,0.10874036353791805,0.5634044339495325,0.7791944355947374,True,1.6881645932567042,190.52904406667454
acid,A4,137.0,0.32617307503368664,0.10959356372042262,0.5642333590295534,0.7805865967717611,True,1.6881645932567042,190.52904406667454
acid,A4,137.5,0.324491937017779,0.11045373744311693,0.5650543233030048,0.7819721600731488,True,1.6881645932567042,190.52904406667454
acid,A4,138.0,0.32281188735805433,0.11132092191989962,0.5658671884661848,0.7833511266477924,True,1.6881645932567042,190.52904406667454
acid,A4,138.5,0.3211330262289369,0.11219515429483629,0.5666718172000484,0.784723497877397,True,1.6881645932567042,190.52904406667454
acid,A4,139.0,0.31945545288936117,0.11307647163583123,0.5674680731788673,0.7860892753778136,True,1.6881645932567042,190.52904406667454
acid,A4,139.5,0.3177792656804401,0.11396491092563465,0.5682558210780009,0.7874484610003168,True,1.6881645932567042,190.52904406667454
acid,A4,140.0,0.31610456202291193,0.11486050905751277,0.5690349265833339,0.7888010568328299,True,1.6881645932567042,190.52904406667454
acid,A4,140.5,0.31443143841725085,0.11576330282692116,0.5698052563997136,0.7901470652010895,True,1.6881645932567042,190.52904406667454
acid,A4,141.0,0.3127599904400036,0.11667332892517646,0.5705666782588326,0.7914864886697581,True,1.6881645932567042,190.52904406667454
acid,A4,141.5,0.31109031274256793,0.11759062393168485,0.5713190609296648,0.7928193300434767,True,1.6881645932567042,190.52904406667454
acid,A4,142.0,0.3094224990507488,0.11851522430728068,0.5720622742260151,0.7941455923678599,True,1.6881645932567042,190.52904406667454
acid,A4,142.5,0.30775664216109444,0.119447166386899,0.5727961890160671,0.7954652789304332,True,1.6881645932567042,190.52904406667454
acid,A4,143.0,0.30609283394034126,0.12038648637191507,0.5735206772321533,0.796778393261511,True,1.6881645932567042,190.52904406667454
acid,A4,143.5,0.3044311653241927,0.12133322032326088,0.574235611876972,0.7980849391350165,True,1.6881645932567042,190.52904406667454
acid,A4,144.0,0.3027717263143215,0.12228740415309858,0.5749408670371325,0.7993849205692378,True,1.6881645932567042,190.52904406667454
acid,A4,144.5,0.30111460597859185,0.12324907361804804,0.5756363178879287,0.8006783418275296,True,1.6881645932567042,190.52904406667454
acid,A4,145.0,0.2994598924483949,0.12421826431074923,0.5763218407063286,0.8019652074189492,True,1.6881645932567042,190.52904406667454
acid,A4,145.5,0.2978076729166501,0.1251950116522016,0.5769973128761929,0.8032455220988342,True,1.6881645932567042,190.52904406667454
acid,A4,146.0,0.2961580336384717,0.1261793508851028,0.5776626129021523,0.8045192908693188,True,1.6881645932567042,190.52904406667454
acid,A4,146.5,0.2945110599270606,0.1271713170636346,0.5783176204152696,0.8057865189797897,True,1.6881645932567042,190.52904406667454
acid,A4,147.0,0.29286683615514786,0.1281709450472457,0.5789622161839203,0.8070472119272767,True,1.6881645932567042,190.52904406667454
acid,A4,147.5,0.29122544575155285,0.1291782694917698,0.5795962821234513,0.808301375456786,True,1.6881645932567042,190.52904406667454
acid,A4,148.0,0.2895869712012944,0.13019332484176527,0.5802197013039523,0.8095490155615704,True,1.6881645932567042,190.52904406667454
acid,A4,148.5,0.2879514940439254,0.13121614532107806,0.5808323579625796,0.8107901384833364,True,1.6881645932567042,190.52904406667454
acid,A4,149.0,0.2863190948720895,0.13224676492618048,0.5814341375101062,0.8120247507123891,True,1.6881645932567042,190.52904406667454
acid,A4,149.5,0.2846898533311881,0.1332852174158461,0.5820249265419131,0.8132528589877194,True,1.6881645932567042,190.52904406667454
acid,A4,150.0,0.2830638481187142,0.13433153630360017,0.582604612847204,0.8144744702970237,True,1.6881645932567042,190.52904406667454
acid,A4,150.5,0.2814411569818098,0.1353857548495041,0.5831730854187755,0.8156895918766657,True,1.6881645932567042,190.52904406667454
acid,A4,151.0,0.27982185671837634,0.13644790605082946,0.5837302344617878,0.8168982312115753,True,1.6881645932567042,190.52904406667454
acid,A4,151.5,0.278206023174854,0.13751802263350932,0.5842759514038676,0.8181003960350867,True,1.6881645932567042,190.52904406667454
acid,A4,152.0,0.2765937312463329,0.13859613704236828,0.5848101289041008,0.8192960943287129,True,1.6881645932567042,190.52904406667454
acid,A4,152.5,0.27498505487633107,0.13968228143379502,0.5853326608640241,0.8204853343218631,True,1.6881645932567042,190.52904406667454
acid,A4,153.0,0.2733800670542408,0.14077648766597228,0.5858434424347303,0.8216681244914954,True,1.6881645932567042,190.52904406667454
acid,A4,153.5,0.27177883981821527,0.14187878728966208,0.5863423700285253,0.8228444735617118,True,1.6881645932567042,190.52904406667454
acid,A4,154.0,0.27018144425217105,0.14298921153887978,0.586829341326589,0.824014390503291,True,1.6881645932567042,190.52904406667454
acid,A4,154.5,0.268587950485899,0.14410779132245644,0.5873042552908547,0.8251778845331623,True,1.6881645932567042,190.52904406667454
acid,A4,155.0,0.26699842769628557,0.14523455721360268,0.5877670121705592,0.8263349651138203,True,1.6881645932567042,190.52904406667454
acid,A4,155.5,0.26541294410620253,0.14636953944213715,0.588217513513678,0.8274856419526795,True,1.6881645932567042,190.52904406667454
acid,A4,156.0,0.263831566984285,0.14751276788349532,0.5886556621759187,0.8286299250013709,True,1.6881645932567042,190.52904406667454
acid,A4,156.5,0.26225436264526447,0.14866427205018073,0.5890813623298241,0.8297678244549797,True,1.6881645932567042,190.52904406667454
acid,A4,157.0,0.2606813964515231,0.149824081081662,0.5894945194739876,0.8308993507512271,True,1.6881645932567042,190.52904406667454
acid,A4,157.5,0.25911273281109537,0.15099222373538002,0.5898950404428227,0.8320245145695926,True,1.6881645932567042,190.52904406667454
acid,A4,158.0,0.2575484351790003,0.15216872837620077,0.5902828334157784,0.83314332683038,True,1.6881645932567042,190.52904406667454
acid,A4,158.5,0.2559885660591288,0.1533536229678667,0.5906578079263314,0.8342557986937303,True,1.6881645932567042,190.52904406667454
acid,A4,159.0,0.25443318700257844,0.15454693506200545,0.5910198748708684,0.8353619415585736,True,1.6881645932567042,190.52904406667454
acid,A4,159.5,0.25288235860987385,0.15574869178891504,0.5913689465187888,0.8364617670615317,True,1.6881645932567042,190.52904406667454
acid,A4,160.0,0.25133614053141073,0.15695891984779387,0.5917049365210536,0.8375552870757627,True,1.6881645932567042,190.52904406667454
acid,A4,160.5,0.24979459146790006,0.15817764549586055,0.592027759918845,0.8386425137097536,True,1.6881645932567042,190.52904406667454
acid,A4,161.0,0.24825776917192233,0.1594048945401383,0.5923373331533366,0.8397234593060594,True,1.6881645932567042,190.52904406667454
acid,A4,161.5,0.24672573044837165,0.1606406923254644,0.5926335740740196,0.8407981364399901,True,1.6881645932567042,190.52904406667454
acid,A4,162.0,0.24519853115745338,0.1618850637254976,0.5929164019483624,0.8418665579182477,True,1.6881645932567042,190.52904406667454
acid,A4,162.5,0.24367622621290774,0.1631380331321708,0.5931857374689153,0.8429287367775088,True,1.6881645932567042,190.52904406667454
acid,A4,163.0,0.24215886958645072,0.16439962444603218,0.5934415027647466,0.8439846862829607,True,1.6881645932567042,190.52904406667454
acid,A4,163.5,0.2406465143079961,0.165669861065032,0.593683621407326,0.8450344199267877,True,1.6881645932567042,190.52904406667454
acid,A4,164.0,0.23913921246676573,0.16694876587586283,0.5939120184212943,0.846077951426607,True,1.6881645932567042,190.52904406667454
acid,A4,164.5,0.23763701521417602,0.1682363612411919,0.5941266202922346,0.847115294723859,True,1.6881645932567042,190.52904406667454
acid,A4,165.0,0.23613997276483722,0.1695326689924448,0.5943273549735562,0.8481464639821502,True,1.6881645932567042,190.52904406667454
acid,A4,165.5,0.234648134399551,0.17083771041703777,0.5945141518982622,0.84917147358555,True,1.6881645932567042,190.52904406667454
acid,A4,166.0,0.2331615484660876,0.172151506249274,0.5946869419840572,0.850190338136843,True,1.6881645932567042,190.52904406667454
acid,A4,166.5,0.2316802623815173,0.17347407665857517,0.5948456576427841,0.8512030724557357,True,1.6881645932567042,190.52904406667454
acid,A4,167.0,0.23020432263631818,0.17480544124115482,0.5949902327895273,0.8522096915770218,True,1.6881645932567042,190.52904406667454
acid,A4,167.5,0.22873377479526447,0.17614561900791692,0.5951206028487199,0.8532102107487038,True,1.6881645932567042,190.52904406667454
acid,A4,168.0,0.22726866349831454,0.17749462837413077,0.5952367047634688,0.8542046454300741,True,1.6881645932567042,190.52904406667454
acid,A4,168.5,0.22580903246727235,0.17885248714999413,0.5953384770029935,0.8551930112897533,True,1.6881645932567042,190.52904406667454
acid,A4,169.0,0.22435492450600947,0.18021921252986406,0.5954258595697315,0.8561753242036927,True,1.6881645932567042,190.52904406667454
acid,A4,169.5,0.22290638150235242,0.18159482108026648,0.5954987940079981,0.8571516002531333,True,1.6881645932567042,190.52904406667454
acid,A4,170.0,0.2214634444328567,0.18297932873134748,0.5955572234113138,0.8581218557225319,True,1.6881645932567042,190.52904406667454
acid,A4,170.5,0.22002615336691456,0.18437275076554904,0.5956010924285104,0.8590861070974465,True,1.6881645932567042,190.52904406667454
acid,A4,171.0,0.2185945474657558,0.18577510180772805,0.5956303472729463,0.8600443710623887,True,1.6881645932567042,190.52904406667454
acid,A4,171.5,0.21716866499021936,0.18718639581338792,0.59564493572839,0.8609966644986391,True,1.6881645932567042,190.52904406667454
acid,A4,172.0,0.2157485433016415,0.18860664605946376,0.5956448071565701,0.8619430044820297,True,1.6881645932567042,190.52904406667454
acid,A4,172.5,0.21433421886629667,0.19003586513366422,0.5956299125037257,0.8628834082806937,True,1.6881645932567042,190.52904406667454
acid,A4,173.0,0.21292572725772896,0.19147406492392438,0.5956002043079334,0.8638178933527836,True,1.6881645932567042,190.52904406667454
acid,A4,173.5,0.21152310316263634,0.19292125660741455,0.5955556367058801,0.8647464773441574,True,1.6881645932567042,190.52904406667454
acid,A4,174.0,0.21012638038264697,0.19437745064154743,0.5954961654380808,0.8656691780860353,True,1.6881645932567042,190.52904406667454
acid,A4,174.5,0.20873559183953727,0.19584265675187673,0.5954217478575385,0.8665860135926273,True,1.6881645932567042,190.52904406667454
acid,A4,175.0,0.2073507695782295,0.19731688392365943,0.595332342933963,0.8674970020587344,True,1.6881645932567042,190.52904406667454
acid,A4,175.5,0.20597194477200986,0.19880014038964333,0.5952279112612091,0.8684021618573209,True,1.6881645932567042,190.52904406667454
acid,A4,176.0,0.2045991477259701,0.20029243362218452,0.5951084150619401,0.8693015115370607,True,1.6881645932567042,190.52904406667454
acid,A4,176.5,0.20323240788122643,0.20179377032036871,0.59497381819551,0.8701950698198608,True,1.6881645932567042,190.52904406667454
acid,A4,177.0,0.2018717538203596,0.20330415640235078,0.5948240861618492,0.8710828555983594,True,1.6881645932567042,190.52904406667454
acid,A4,177.5,0.2005172132704125,0.20482359699358632,0.5946591861084594,0.8719648879334012,True,1.6881645932567042,190.52904406667454
acid,A4,178.0,0.1991688131092184,0.20635209641695074,0.5944790868340766,0.8728411860514909,True,1.6881645932567042,190.52904406667454
acid,A4,178.5,0.19782657936839865,0.20788965818463456,0.5942837587952221,0.8737117693422259,True,1.6881645932567042,190.52904406667454
acid,A4,179.0,0.1964905372392467,0.20943628498559796,0.5940731741113092,0.8745766573557101,True,1.6881645932567042,190.52904406667454
acid,A4,179.5,0.19516071107816835,0.21099197867724406,0.5938473065695282,0.8754358697999459,True,1.6881645932567042,190.52904406667454
acid,A4,180.0,0.19383712440912415,0.21255674027587101,0.5936061316285102,0.876289426538212,True,1.6881645932567042,190.52904406667454
acid,A4,180.5,0.19251979993251123,0.21413056994579183,0.5933496264241,0.8771373475864223,True,1.6881645932567042,190.52904406667454
acid,A4,181.0,0.19120875952649552,0.21571346699089666,0.5930777697736866,0.877979653110468,True,1.6881645932567042,190.52904406667454
acid,A4,181.5,0.18990402425578257,0.2173054298449939,0.5927905421799773,0.8788163634235473,True,1.6881645932567042,190.52904406667454
acid,A4,182.0,0.18860561437328283,0.2189064560615961,0.5924879258351057,0.8796474989834795,True,1.6881645932567042,190.52904406667454
acid,A4,182.5,0.18731354932877142,0.22051654230548223,0.5921699046252948,0.8804730803900055,True,1.6881645932567042,190.52904406667454
acid,A4,183.0,0.18602784777277392,0.2221356843431499,0.5918364641334106,0.8812931283820781,True,1.6881645932567042,190.52904406667454
acid,A4,183.5,0.18474852756256155,0.2237638770333783,0.5914875916429585,0.8821076638351395,True,1.6881645932567042,190.52904406667454
acid,A4,184.0,0.18347560576770228,0.22540111431945675,0.5911232761423024,0.882916707758391,True,1.6881645932567042,190.52904406667454
acid,A4,184.5,0.18220909867538992,0.22704738921830447,0.5907435083263302,0.8837202812920494,True,1.6881645932567042,190.52904406667454
acid,A4,185.0,0.18094902179699446,0.22870269381336517,0.590348280600228,0.8845184057046005,True,1.6881645932567042,190.52904406667454
acid,A4,185.5,0.1796953898740572,0.23036701924528113,0.5899375870821455,0.8853111023900412,True,1.6881645932567042,190.52904406667454
acid,A4,186.0,0.17844821688328683,0.23204035570378867,0.5895114236053045,0.8860983928651164,True,1.6881645932567042,190.52904406667454
acid,A4,186.5,0.17720751604344276,0.2337226924186142,0.5890697877216633,0.886880298766551,True,1.6881645932567042,190.52904406667454
acid,A4,187.0,0.17597329982066423,0.23541401765203585,0.5886126787022494,0.8876568418482768,True,1.6881645932567042,190.52904406667454
acid,A4,187.5,0.17474557993579776,0.2371143186907787,0.5881400975400464,0.8884280439786558,True,1.6881645932567042,190.52904406667454
acid,A4,188.0,0.17352436736939314,0.23882358183702213,0.5876520469516588,0.8891939271377017,True,1.6881645932567042,190.52904406667454
acid,A4,188.5,0.17230967236947503,0.24054179240218243,0.5871485313788671,0.8899545134142954,True,1.6881645932567042,190.52904406667454
acid,A4,189.0,0.1711015044554287,0.242268934697365,0.5866295569898483,0.8907098250034062,True,1.6881645932567042,190.52904406667454
acid,A4,189.5,0.16989987242765903,0.24400499202803516,0.5860951316798424,0.8914598842033076,True,1.6881645932567042,190.52904406667454
acid,A4,190.0,0.16870478437036596,0.24574994668535854,0.5855452650722626,0.892204713412793,True,1.6881645932567042,190.52904406667454
acid,A4,190.5,0.16751624766264683,0.24750377993854045,0.5849799685193613,0.8929443351283989,True,1.6881645932567042,190.52904406667454
acid,A4,191.0,0.16633426898049475,0.249266472030385,0.5843992551031185,0.8936787719416229,False,1.6881645932567042,190.52904406667454
acid,A4,191.5,0.16515885430612443,0.2510380021673031,0.5838031396342425,0.8944080465361505,False,1.6881645932567042,190.52904406667454
acid,A4,192.0,0.16399000893418947,0.25281834851498264,0.5831916386519476,0.8951321816850822,False,1.6881645932567042,190.52904406667454
acid,A4,192.5,0.16282773747766655,0.254607488191283,0.5825647704259529,0.8958512002481676,False,1.6881645932567042,190.52904406667454
acid,A4,193.0,0.1616720438764041,0.25640539726035083,0.5819225549525964,0.8965651251690421,False,1.6881645932567042,190.52904406667454
acid,A4,193.5,0.16052293140145224,0.2582120507251817,0.5812650139568332,0.8972739794724726,False,1.6881645932567042,190.52904406667454
acid,A4,194.0,0.15938040266438858,0.26002742252440036,0.5805921708891271,0.897977786261609,False,1.6881645932567042,190.52904406667454
acid,A4,194.5,0.15824445962242528,0.2618514855249332,0.5799040509252285,0.8986765687152422,False,1.6881645932567042,190.52904406667454
acid,A4,195.0,0.15711510358662473,0.26368421151634625,0.5792006809643979,0.8993703500850719,False,1.6881645932567042,190.52904406667454
acid,A4,195.5,0.1559923352280057,0.2655255712070703,0.5784820896274079,0.9000591536929834,False,1.6881645932567042,190.52904406667454
acid,A4,196.0,0.15487615458498194,0.267375534219072,0.5777483072541001,0.9007430029283312,False,1.6881645932567042,190.52904406667454
acid,A4,196.5,0.1537665610700234,0.2692340690817474,0.5769993659021644,0.9014219212452389,False,1.6881645932567042,190.52904406667454
acid,A4,197.0,0.15266355347709482,0.2711011432297017,0.5762352993425868,0.9020959321599032,False,1.6881645932567042,190.52904406667454
acid,A4,197.5,0.15156712998887212,0.272976722997309,0.5754561430595384,0.9027650592479144,False,1.6881645932567042,190.52904406667454
acid,A4,198.0,0.15047728818384787,0.27486077361438266,0.5746619342440473,0.9034293261415878,False,1.6881645932567042,190.52904406667454
acid,A4,198.5,0.1493940250425485,0.2767532592037325,0.5738527117923331,0.9040887565273068,False,1.6881645932567042,190.52904406667454
acid,A4,199.0,0.14831733695597205,0.27865414277650213,0.5730285163029203,0.9047433741428811,False,1.6881645932567042,190.52904406667454
acid,A4,199.5,0.14724721973191635,0.2805633862296153,0.5721893900704211,0.9053932027749194,False,1.6881645932567042,190.52904406667454
acid,A4,200.0,0.14618366860397192,0.28248095034288934,0.571335377082538,0.9060382662562135,False,1.6881645932567042,190.52904406667454
KOH,B1,1.0,0.08939525769058321,0.01566439292588484,0.894940349434048,0.06551410017314456,False,2.9970392219607667,298.45509086355537
KOH,B1,1.5,0.09136084953098589,0.01553620291661062,0.893102947525648,0.0666073889964543,False,2.9970392219607667,298.45509086355537
KOH,B1,2.0,0.09336118748448641,0.015409470233596068,0.8912293422156381,0.06771599712485336,False,2.9970392219607667,298.45509086355537
KOH,B1,2.5,0.0953964757166581,0.015284185122865779,0.8893193391217302,0.06884002987247316,False,2.9970392219607667,298.45509086355537
KOH,B1,3.0,0.09746690118772605,0.01516033797521743,0.8873727607707771,0.06997958947193174,True,2.9970392219607667,298.45509086355537
KOH,B1,3.5,0.09957263333992827,0.015037919421700963,0.8853894472240498,0.07113477494538557,True,2.9970392219607667,298.45509086355537
KOH,B1,4.0,0.10171382313650668,0.01491692006760914,0.8833692567518092,0.07230568197584414,True,2.9970392219607667,298.45509086355537
KOH,B1,4.5,0.10389060255011628,0.014797330702087663,0.8813120667143792,0.07349240277897101,True,2.9970392219607667,298.45509086355537
KOH,B1,5.0,0.10610308365954779,0.014679142300355608,0.879217773997576,0.07469502597560158,True,2.9970392219607667,298.45509086355537
KOH,B1,5.5,0.1083513581725537,0.014562345878710303,0.8770862959062153,0.07591363646521423,True,2.9970392219607667,298.45509086355537
KOH,B1,6.0,0.11063549665046857,0.014446932607548035,0.87491757069591,0.0771483153005972,True,2.9970392219607667,298.45509086355537
KOH,B1,6.5,0.11295554788692819,0.01433289377494873,0.8727115582900513,0.07839913956395905,True,2.9970392219607667,298.45509086355537
KOH,B1,7.0,0.11531153826527252,0.014220220801330896,0.8704682408686715,0.07966618224473457,True,2.9970392219607667,298.45509086355537
KOH,B1,7.5,0.11770347118433833,0.014108905206589029,0.8681876235494546,0.08094951211934288,True,2.9970392219607667,298.45509086355537
KOH,B1,8.0,0.1201313264138637,0.01399893861186996,0.8658697349304134,0.08224919363315647,True,2.9970392219607667,298.45509086355537
KOH,B1,8.5,0.12259505953782224,0.013890312778208624,0.8635146276281258,0.08356528678494386,True,2.9970392219607667,298.45509086355537
KOH,B1,9.0,0.125094601456599,0.013783019564339583,0.8611223789285471,0.08489784701404908,True,2.9970392219607667,298.45509086355537
KOH,B1,9.5,0.12762985783520975,0.013677050928917467,0.8586930911820279,0.08624692509057245,True,2.9970392219607667,298.45509086355537
KOH,B1,10.0,0.13020070860014776,0.013572398969374788,0.856226892368861,0.08761256700881793,True,2.9970392219607667,298.45509086355537
KOH,B1,10.5,0.13280700753415253,0.01346905584598268,0.8537239365689064,0.0889948138842701,True,2.9970392219607667,298.45509086355537
KOH,B1,11.0,0.13544858183189845,0.013367013848686327,0.8511844042760064,0.09039370185436296,True,2.9970392219607667,298.45509086355537
KOH,B1,11.5,0.1381252316881021,0.013266265345812656,0.848608502905801,0.09180926198330056,True,2.9970392219607667,298.45509086355537
KOH,B1,12.0,0.14083673004594566,0.013166802814934542,0.8459964670741726,0.09324152017118366,True,2.9970392219607667,298.45509086355537
KOH,B1,12.5,0.143582822168975,0.013068618837985824,0.8433485589418588,0.09469049706769511,True,2.9970392219607667,298.45509086355537
KOH,B1,13.0,0.1463632254579128,0.012971706056408294,0.8406650684213979,0.096156207990588,True,2.9970392219607667,298.45509086355537
KOH,B1,13.5,0.149177629203745,0.012876057243760286,0.8379463135022025,0.09763866284921617,True,2.9970392219607667,298.45509086355537
KOH,B1,14.0,0.1520256944151921,0.012781665223560168,0.8351926403058485,0.09913786607333777,True,2.9970392219607667,298.45509086355537
KOH,B1,14.5,0.15490705369081148,0.012688522912362998,0.8324044233307681,0.10065381654741465,True,2.9970392219607667,298.45509086355537
KOH,B1,15.0,0.1578213111261828,0.012596623330862755,0.8295820654804498,0.10218650755062078,True,2.9970392219607667,298.45509086355537
KOH,B1,15.5,0.1607680422788249,0.012505959555930701,0.8267259981094011,0.10373592670276136,True,2.9970392219607667,298.45509086355537
KOH,B1,16.0,0.16374679418484916,0.012416524736158507,0.8238366810173758,0.1053020559162949,True,2.9970392219607667,298.45509086355537
KOH,B1,16.5,0.16675708544977574,0.012328312110954087,0.8209146023767655,0.10688487135463563,True,2.9970392219607667,298.45509086355537
KOH,B1,17.0,0.16979840630648724,0.012241314988559182,0.8179602786404505,0.10848434339690266,True,2.9970392219607667,298.45509086355537
KOH,B1,17.5,0.17287021884015985,0.01215552672140241,0.8149742543737126,0.11010043660926644,True,2.9970392219607667,298.45509086355537
KOH,B1,18.0,0.17597195717655723,0.012070940765829263,0.8119571019962191,0.11173310972302984,True,2.9970392219607667,298.45509086355537
KOH,B1,18.5,0.17910302775647757,0.011987550607051034,0.8089094215670833,0.1133823156195636,True,2.9970392219607667,298.45509086355537
KOH,B1,19.0,0.1822628096803669,0.011905349808438714,0.805831840445359,0.11504800132220275,True,2.9970392219607667,298.45509086355537
KOH,B1,19.5,0.18545065505759517,0.01182433198754218,0.8027250128859187,0.11673010799518906,True,2.9970392219607667,298.45509086355537
KOH,B1,20.0,0.1886658894638682,0.011744490809428854,0.7995896196550945,0.11842857094973311,True,2.9970392219607667,298.45509086355537
KOH,B1,20.5,0.19190781239442067,0.011665819999784333,0.7964263675357408,0.12014331965724585,True,2.9970392219607667,298.45509086355537
KOH,B1,21.0,0.19517569781890565,0.0115883133240402,0.7932359887867779,0.12187427776977564,True,2.9970392219607667,298.45509086355537
KOH,B1,21.5,0.1984687947398367,0.011511964610022574,0.7900192405763118,0.12362136314766536,True,2.9970392219607667,298.45509086355537
KOH,B1,22.0,0.2017863278604981,0.011436767711536788,0.7867769043565787,0.12538448789442758,True,2.9970392219607667,298.45509086355537
KOH,B1,22.5,0.20512749821699483,0.011362716531793104,0.7835097851777162,0.1271635583988148,True,2.9970392219607667,298.45509086355537
KOH,B1,23.0,0.20849148394097572,0.011289805016190257,0.7802187109688941,0.128958475384044,True,2.9970392219607667,298.45509086355537
KOH,B1,23.5,0.21187744101103245,0.01121802714476594,0.7769045317679302,0.13076913396411544,True,2.9970392219607667,298.45509086355537
KOH,B1,24.0,0.21528450406815836,0.01114737693286294,0.7735681189255939,0.13259542370714616,True,2.9970392219607667,298.45509086355537
KOH,B1,24.5,0.21871178727905782,0.01107784842324655,0.770210364220314,0.13443722870562158,True,2.9970392219607667,298.45509086355537
KOH,B1,25.0,0.2221583852226594,0.011009435693321024,0.7668321790064159,0.13629442765344743,True,2.9970392219607667,298.45509086355537
KOH,B1,25.5,0.22562337381970554,0.010942132851909925,0.7634344932505588,0.13816689392966894,True,2.9970392219607667,298.45509086355537
KOH,B1,26.0,0.22910581130042296,0.010875934027043677,0.7600182545931533,0.14005449568870504,True,2.9970392219607667,298.45509086355537
KOH,B1,26.5,0.23260473921349334,0.0108108333756185,0.7565844273320632,0.1419570959569283,True,2.9970392219607667,298.45509086355537
KOH,B1,27.0,0.23611918343358074,0.010746825072405208,0.7531339914162993,0.14387455273540545,True,2.9970392219607667,298.45509086355537
KOH,B1,27.5,0.23964815523069838,0.01068390332292779,0.7496679413695473,0.14580671910859763,True,2.9970392219607667,298.45509086355537
KOH,B1,28.0,0.24319065234801318,0.010622062338039306,0.7461872852334572,0.1477534433588026,True,2.9970392219607667,298.45509086355537
KOH,B1,28.5,0.24674566010929322,0.010561296358235772,0.7426930434539791,0.14971456908611067,True,2.9970392219607667,298.45509086355537
KOH,B1,29.0,0.25031215252224737,0.010501599638224057,0.7391862477635902,0.1516899353336279,True,2.9970392219607667,298.45509086355537
KOH,B1,29.5,0.25388909343060373,0.010442966438262147,0.7356679400541966,0.15367937671771253,True,2.9970392219607667,298.45509086355537
KOH,B1,30.0,0.2574754376611921,0.010385391046585646,0.7321391712146186,0.1556827235629552,True,2.9970392219607667,298.45509086355537
KOH,B1,30.5,0.26107013217846475,0.010328867755982074,0.7286009999889487,0.1576998020416258,True,2.9970392219607667,298.45509086355537
KOH,B1,31.0,0.26467211724867656,0.01027339087367185,0.7250544917988266,0.15973043431729908,True,2.9970392219607667,298.45509086355537
KOH,B1,31.5,0.2682803276269352,0.010218954720420115,0.7215007175728205,0.1617744386923635,True,2.9970392219607667,298.45509086355537
KOH,B1,32.0,0.27189369371038996,0.01016555362487459,0.7179407525857995,0.1638316297591096,True,2.9970392219607667,298.45509086355537
KOH,B1,32.5,0.2755111427238388,0.010113181928006476,0.7143756752736596,0.1659018185540901,True,2.9970392219607667,298.45509086355537
KOH,B1,33.0,0.2791315998701416,0.010061833974672751,0.7108065660758056,0.1679848127154374,True,2.9970392219607667,298.45509086355537
KOH,B1,33.5,0.28275398950428077,0.010011504132712012,0.7072345062837382,0.17008041664282056,True,2.9970392219607667,298.45509086355537
KOH,B1,34.0,0.2863772362744488,0.009962186761636183,0.7036605768840909,0.1721884316597225,True,2.9970392219607667,298.45509086355537
KOH,B1,34.5,0.2900002662569179,0.00991387624915685,0.7000858574167657,0.17430865617771496,True,2.9970392219607667,298.45509086355537
KOH,B1,35.0,0.29362200807925287,0.009866566977656532,0.6965114248649318,0.17644088586241047,True,2.9970392219607667,298.45509086355537
KOH,B1,35.5,0.2972413940247609,0.009820253348502561,0.6929383525536847,0.1785849138007689,True,2.9970392219607667,298.45509086355537
KOH,B1,36.0,0.30085736110641026,0.00977492976461658,0.6893677090533679,0.18074053066944065,True,2.9970392219607667,298.45509086355537
KOH,B1,36.5,0.3044688521421923,0.00973059064612869,0.6858005571357406,0.18290752490382936,True,2.9970392219607667,298.45509086355537
KOH,B1,37.0,0.3080748167749725,0.009687230425492466,0.6822379527248179,0.1850856828675617,True,2.9970392219607667,298.45509086355537
KOH,B1,37.5,0.3116742124880112,0.00964484354026851,0.6786809438966701,0.18727478902205666,True,2.9970392219607667,298.45509086355537
KOH,B1,38.0,0.31526600559184104,0.009603424443449526,0.6751305698903254,0.1894746260958937,True,2.9970392219607667,298.45509086355537
KOH,B1,38.5,0.3188491721640152,0.009562967605292183,0.671587860158529,0.19168497525368197,True,2.9970392219607667,298.45509086355537
KOH,B1,39.0,0.322422698973035,0.009523467500660576,0.6680538334544184,0.19390561626414562,True,2.9970392219607667,298.45509086355537
KOH,B1,39.5,0.3259855843623094,0.009484918628177574,0.6645294969369053,0.1961363276671438,True,2.9970392219607667,298.45509086355537
KOH,B1,40.0,0.3295368391028619,0.009447315500454856,0.6610158453271842,0.1983768869393557,True,2.9970392219607667,298.45509086355537
KOH,B1,40.5,0.33307548720890034,0.009410652643482287,0.6575138600791175,0.20062707065836896,True,2.9970392219607667,298.45509086355537
KOH,B1,41.0,0.3366005667072569,0.009374924608396284,0.6540245086147367,0.20288665466492156,True,2.9970392219607667,298.45509086355537
KOH,B1,41.5,0.34011113039172924,0.009340125961765366,0.6505487435800594,0.20515541422305508,True,2.9970392219607667,298.45509086355537
KOH,B1,42.0,0.34360624651530447,0.009306251291307799,0.6470875021274414,0.2074331241779524,True,2.9970392219607667,298.45509086355537
KOH,B1,42.5,0.3470849994563485,0.009273295209499821,0.6436417052687604,0.2097195591112407,True,2.9970392219607667,298.45509086355537
KOH,B1,43.0,0.350546490340109,0.009241252355074447,0.6402122572404245,0.21201449349355486,True,2.9970392219607667,298.45509086355537
KOH,B1,43.5,0.3539898376304085,0.009210117388025463,0.6368000449192279,0.21431770183416698,True,2.9970392219607667,298.45509086355537
KOH,B1,44.0,0.357414177659221,0.00917988499865574,0.6334059372797296,0.21662895882750138,True,2.9970392219607667,298.45509086355537
KOH,B1,44.5,0.3608186651484213,0.00915054990546782,0.6300307848866593,0.218948039496366,True,2.9970392219607667,298.45509086355537
KOH,B1,45.0,0.36420247365637204,0.009122106858661105,0.6266754194255153,0.22127471933174436,True,2.9970392219607667,298.45509086355537
KOH,B1,45.5,0.36756479601746106,0.009094550639521248,0.6233406532856756,0.22360877442900412,True,2.9970392219607667,298.45509086355537
KOH,B1,46.0,0.37090484471524743,0.009067876066137792,0.6200272791619388,0.22594998162039212,True,2.9970392219607667,298.45509086355537
KOH,B1,46.5,0.37422185223429105,0.009042077990850661,0.6167360697190705,0.22829811860369678,True,2.9970392219607667,298.45509086355537
KOH,B1,47.0,0.37751507136751794,0.009017151304080429,0.6134677772747232,0.23065296406697286,True,2.9970392219607667,298.45509086355537
KOH,B1,47.5,0.38078377548084186,0.008993090936604275,0.610223133531318,0.2330142978092351,True,2.9970392219607667,298.45509086355537
KOH,B1,48.0,0.3840272587518623,0.0089698918586123,0.6070028493397883,0.23538190085703903,True,2.9970392219607667,298.45509086355537
KOH,B1,48.5,0.38724483635893536,0.008947549087146012,0.6038076145070681,0.23775555557687947,True,2.9970392219607667,298.45509086355537
KOH,B1,49.0,0.3904358446419065,0.008926057680852528,0.6006380976297521,0.24013504578335057,True,2.9970392219607667,298.45509086355537
KOH,B1,49.5,0.39359964123467095,0.008905412747867159,0.5974949459723877,0.2425201568430184,True,2.9970392219607667,298.45509086355537
KOH,B1,50.0,0.39673560514616457,0.008885609444037046,0.5943787853665838,0.24491067577397366,True,2.9970392219607667,298.45509086355537
KOH,B1,50.5,0.39984313682667194,0.008866642975696726,0.5912902201559433,0.2473063913410373,True,2.9970392219607667,298.45509086355537
KOH,B1,51.0,0.40292165818825443,0.008848508601277949,0.5882298331699454,0.24970709414660672,True,2.9970392219607667,298.45509086355537
KOH,B1,51.5,0.4059706126069429,0.00883120163433504,0.5851981857204758,0.25211257671713677,True,2.9970392219607667,298.45509086355537
KOH,B1,52.0,0.40898946488460153,0.008814717443433873,0.5821958176359943,0.25452263358526117,True,2.9970392219607667,298.45509086355537
KOH,B1,52.5,0.4119777011927228,0.008799051453706186,0.5792232473181835,0.2569370613675685,True,2.9970392219607667,298.45509086355537
KOH,B1,53.0,0.4149348289803345,0.008784199151706806,0.5762809718357909,0.2593556588380547,True,2.9970392219607667,298.45509086355537
KOH,B1,53.5,0.4178603768602851,0.00877015608402587,0.5733694670255474,0.26177822699728426,True,2.9970392219607667,298.45509086355537
KOH,B1,54.0,0.4207538944727973,0.008756917858315783,0.5704891876406604,0.2642045691372977,True,2.9970392219607667,298.45509086355537
KOH,B1,54.5,0.4236149523206001,0.008744480147898637,0.5676405675041352,0.26663449090231034,True,2.9970392219607667,298.45509086355537
KOH,B1,55.0,0.42644314158890584,0.00873283869176622,0.5648240196943488,0.26906780034525773,True,2.9970392219607667,298.45509086355537
KOH,B1,55.5,0.42923807393636937,0.008721989294899202,0.5620399367447515,0.27150430798024355,True,2.9970392219607667,298.45509086355537
KOH,B1,56.0,0.43199938127354287,0.008711927832708022,0.5592886908721284,0.27394382683095647,True,2.9970392219607667,298.45509086355537
KOH,B1,56.5,0.4347267155204171,0.008702650250089206,0.5565706342110788,0.27638617247512576,True,2.9970392219607667,298.45509086355537
KOH,B1,57.0,0.4374197483431319,0.008694152562133128,0.5538860990773609,0.27883116308509115,True,2.9970392219607667,298.45509086355537
KOH,B1,57.5,0.4400781708858159,0.008686430858093064,0.5512353982403406,0.28127861946456556,True,2.9970392219607667,298.45509086355537
KOH,B1,58.0,0.4427016934730882,0.008679481301274161,0.5486188252117052,0.28372836508167626,True,2.9970392219607667,298.45509086355537
KOH,B1,58.5,0.4452900453113112,0.00867330013126777,0.5460366545466666,0.28618022609836946,True,2.9970392219607667,298.45509086355537
KOH,B1,59.0,0.44784297416766705,0.008667883661911402,0.5434891421606802,0.2886340313962723,True,2.9970392219607667,298.45509086355537
KOH,B1,59.5,0.4503602460489975,0.00866322828817212,0.5409765256546156,0.29108961259910177,True,2.9970392219607667,298.45509086355537
KOH,B1,60.0,0.45284164486075057,0.00865933048120604,0.5384990246524862,0.2935468040917204,True,2.9970392219607667,298.45509086355537
KOH,B1,60.5,0.455286972060355,0.008656186793670057,0.5360568411429157,0.2960054430359345,True,2.9970392219607667,298.45509086355537
KOH,B1,61.0,0.4576960463025421,0.008653793858812847,0.533650159837258,0.2984653693831362,True,2.9970392219607667,298.45509086355537
KOH,B1,61.5,0.46006870307934744,0.008652148393113387,0.5312791485278002,0.3009264258838893,True,2.9970392219607667,298.45509086355537
KOH,B1,62.0,0.46240479435202864,0.00865124719495649,0.5289439584551477,0.30338845809456283,True,2.9970392219607667,298.45509086355537
KOH,B1,62.5,0.4647041881754099,0.008651087147277386,0.526644724681463,0.3058513143811146,True,2.9970392219607667,298.45509086355537
KOH,B1,63.0,0.4669667683231387,0.008651665217580817,0.5243815664647752,0.30831484592012876,True,2.9970392219607667,298.45509086355537
KOH,B1,63.5,0.4691924339071188,0.008652978460386984,0.5221545876399891,0.3107789066972115,True,2.9970392219607667,298.45509086355537
KOH,B1,64.0,0.4713810989895942,0.00865502401416196,0.519963877005973,0.31324335350284827,True,2.9970392219607667,298.45509086355537
KOH,B1,64.5,0.47353269220415384,0.00865779910688702,0.5178095087017484,0.3157080459258269,True,2.9970392219607667,298.45509086355537
KOH,B1,65.0,0.4756471563615028,0.00866130105241919,0.5156915425995542,0.31817284634432946,True,2.9970392219607667,298.45509086355537
KOH,B1,65.5,0.4777244480684631,0.008665527255910521,0.5136100246917393,0.3206376199147944,True,2.9970392219607667,298.45509086355537
KOH,B1,66.0,0.4797645373382023,0.008670475209034134,0.5115649874709721,0.32310223455865256,True,2.9970392219607667,298.45509086355537
KOH,B1,66.5,0.4817674072030709,0.008676142494071226,0.5095564503218436,0.3255665609470347,True,2.9970392219607667,298.45509086355537
KOH,B1,67.0,0.48373305333200556,0.008682526784486999,0.5075844199057267,0.32803047248355205,True,2.9970392219607667,298.45509086355537
KOH,B1,67.5,0.4856614836438733,0.008689625842189797,0.5056488905370721,0.3304938452852468,True,2.9970392219607667,298.45509086355537
KOH,B1,68.0,0.4875527179316469,0.008697437522728335,0.5037498445707445,0.33295655816180736,True,2.9970392219607667,298.45509086355537
KOH,B1,68.5,0.4894067874793434,0.008705959772148386,0.50188725277589,0.33541849259314543,True,2.9970392219607667,298.45509086355537
KOH,B1,69.0,0.49122373469068226,0.008715190628755254,0.5000610747096512,0.33787953270542503,True,2.9970392219607667,298.45509086355537
KOH,B1,69.5,0.49300361271946425,0.008725128222100698,0.49827125908935566,0.3403395652456361,True,2.9970392219607667,298.45509086355537
KOH,B1,70.0,0.49474648509902075,0.0087357707759389,0.49651774415858385,0.34279847955480025,True,2.9970392219607667,298.45509086355537
KOH,B1,70.5,0.4964524253837366,0.008747116605534178,0.49480045804595196,0.3452561675398961,True,2.9970392219607667,298.45509086355537
KOH,B1,71.0,0.49812151679018424,0.008759164120603069,0.4931193191258232,0.3477125236445882,True,2.9970392219607667,298.45509086355537
KOH,B1,71.5,0.4997538518461686,0.008771911823884926,0.49147423636863863,0.3501674448188427,True,2.9970392219607667,298.45509086355537
KOH,B1,72.0,0.5013495320424222,0.008785358310919866,0.48986510968676567,0.3526208304875089,True,2.9970392219607667,298.45509086355537
KOH,B1,72.5,0.5029086674928906,0.008799502271311654,0.48829183027773726,0.3550725825179458,True,2.9970392219607667,298.45509086355537
KOH,B1,73.0,0.5044313765979469,0.008814342490059968,0.48675428095515394,0.3575226051867678,True,2.9970392219607667,298.45509086355537
KOH,B1,73.5,0.5059177857168196,0.008829877844646061,0.4852523364836936,0.3599708051457843,True,2.9970392219607667,298.45509086355537
KOH,B1,74.0,0.5073680288442683,0.008846107306142992,0.48378586389583034,0.3624170913872024,True,2.9970392219607667,298.45509086355537
KOH,B1,74.5,0.5087822472926717,0.00886302994296262,0.48235472281402125,0.36486137520816336,True,2.9970392219607667,298.45509086355537
KOH,B1,75.0,0.5101605893820249,0.008880644912723223,0.4809587657557124,0.3673035701746772,True,2.9970392219607667,298.45509086355537
KOH,B1,75.5,0.5115032101384032,0.008898951472324779,0.4795978384412036,0.3697435920850198,True,2.9970392219607667,298.45509086355537
KOH,B1,76.0,0.512810270994285,0.008917948970288414,0.47827178008916227,0.3721813589326548,True,2.9970392219607667,298.45509086355537
KOH,B1,76.5,0.5140819394993945,0.00893763684997606,0.4769804237052533,0.3746167908687393,True,2.9970392219607667,298.45509086355537
KOH,B1,77.0,0.5153183890381496,0.008958014649729229,0.4757235963684936,0.37704981016426803,True,2.9970392219607667,298.45509086355537
KOH,B1,77.5,0.5165197985517178,0.008979082001786542,0.47450111950503304,0.37948034117191565,True,2.9970392219607667,298.45509086355537
KOH,B1,78.0,0.5176863522694808,0.009000838631229025,0.4733128091592709,0.38190831028762406,True,2.9970392219607667,298.45509086355537
KOH,B1,78.5,0.5188182394442464,0.009023284360171191,0.47215847625675655,0.38433364591198804,True,2.9970392219607667,298.45509086355537
KOH,B1,79.0,0.5199156540992289,0.009046419102459735,0.47103792686109536,0.3867562784114879,True,2.9970392219607667,298.45509086355537
KOH,B1,79.5,0.5209787947758615,0.009070242866782152,0.4699509624213616,0.38917614007961193,True,2.9970392219607667,298.45509086355537
KOH,B1,80.0,0.5220078642934611,0.009094755756278161,0.46889738001620884,0.39159316509791614,True,2.9970392219607667,298.45509086355537
KOH,B1,80.5,0.5230030695124732,0.009119957967262948,0.4678769725872667,0.3940072894970599,True,2.9970392219607667,298.45509086355537
KOH,B1,81.0,0.523964621106876,0.009145849790503924,0.4668895291711772,0.39641845111785984,True,2.9970392219607667,298.45509086355537
KOH,B1,81.5,0.5248927333413311,0.00917243160941661,0.46593483511936373,0.39882658957239786,True,2.9970392219607667,298.45509086355537
KOH,B1,82.0,0.5257876238550785,0.009199703901952017,0.4650126723148018,0.40123164620522045,True,2.9970392219607667,298.45509086355537
KOH,B1,82.5,0.5266495134541027,0.009227667238320691,0.46412281938007505,0.40363356405466255,True,2.9970392219607667,298.45509086355537
KOH,B1,83.0,0.5274786259082398,0.009256322283324181,0.46326505188226674,0.40603228781432915,True,2.9970392219607667,298.45509086355537
KOH,B1,83.5,0.5282751877555558,0.009285669794800722,0.4624391425251395,0.40842776379476353,True,2.9970392219607667,298.45509086355537
KOH,B1,84.0,0.5290394281116106,0.009315710621904394,0.4616448613429802,0.410819939885333,True,2.9970392219607667,298.45509086355537
KOH,B1,84.5,0.5297715784857715,0.009346445709046414,0.4608819758833982,0.41320876551635793,True,2.9970392219607667,298.45509086355537
KOH,B1,85.0,0.5304718726053537,0.009377876091343218,0.46015025138224086,0.4155941916215091,True,2.9970392219607667,298.45509086355537
KOH,B1,85.5,0.5311405462426477,0.009410002897558556,0.4594494509395086,0.417976170600499,True,2.9970392219607667,298.45509086355537
KOH,B1,86.0,0.5317778370502735,0.009442827348993266,0.4587793356817249,0.42035465628208835,True,2.9970392219607667,298.45509086355537
KOH,B1,86.5,0.5323839844009193,0.009476350758486074,0.45813966492269653,0.4227296038874291,True,2.9970392219607667,298.45509086355537
KOH,B1,87.0,0.532959229233243,0.009510574531634841,0.4575301963182232,0.4251009699937635,True,2.9970392219607667,298.45509086355537
KOH,B1,87.5,0.5335038139028803,0.009545500166685539,0.4569506860145345,0.4274687124984986,True,2.9970392219607667,298.45509086355537
KOH,B1,88.0,0.5340179820410573,0.009581129252422826,0.45640088879167484,0.4298327905836705,True,2.9970392219607667,298.45509086355537
KOH,B1,88.5,0.5345019784153138,0.009617463469446808,0.4558805582019487,0.432193164680817,True,2.9970392219607667,298.45509086355537
KOH,B1,89.0,0.5349560487971639,0.009654504591005697,0.4553894466988173,0.4345497964362718,True,2.9970392219607667,298.45509086355537
KOH,B1,89.5,0.5353804398354756,0.009692254482163154,0.45492730577084695,0.43690264867689366,True,2.9970392219607667,298.45509086355537
KOH,B1,90.0,0.5357753989328473,0.009730715096911702,0.4544938860588932,0.43925168537624254,True,2.9970392219607667,298.45509086355537
KOH,B1,90.5,0.5361411741293121,0.009769888483779354,0.4540889374767265,0.44159687162121575,True,2.9970392219607667,298.45509086355537
KOH,B1,91.0,0.536478013988817,0.0098097767797789,0.45371220932177714,0.4439381735791501,True,2.9970392219607667,298.45509086355537
KOH,B1,91.5,0.5367861674908658,0.009850382213960618,0.45336345038671233,0.446275558465405,True,2.9970392219607667,298.45509086355537
KOH,B1,92.0,0.5370658839262132,0.009891707106413072,0.453042409059079,0.4486089945114302,True,2.9970392219607667,298.45509086355537
KOH,B1,92.5,0.537317412799887,0.009933753868485162,0.4527488334246099,0.45093845093332774,True,2.9970392219607667,298.45509086355537
KOH,B1,93.0,0.537541003732489,0.009976525000621184,0.4524824713605935,0.45326389790091315,True,2.9970392219607667,298.45509086355537
KOH,B1,93.5,0.537736906372599,0.010020023095469455,0.4522430706261349,0.4555853065072845,True,2.9970392219607667,298.45509086355537
KOH,B1,94.0,0.5379053703078451,0.010064250835606359,0.45203037895086284,0.45790264873890074,True,2.9970392219607667,298.45509086355537
KOH,B1,94.5,0.5380466449833032,0.0101092109943135,0.4518441441181964,0.46021589744617575,True,2.9970392219607667,298.45509086355537
KOH,B1,95.0,0.5381609796199505,0.010154906434522992,0.45168411404211684,0.46252502631459136,True,2.9970392219607667,298.45509086355537
KOH,B1,95.5,0.5382486231411687,0.010201340111037904,0.45155003684438366,0.46483000983633177,True,2.9970392219607667,298.45509086355537
KOH,B1,96.0,0.5383098241016904,0.010248515067312614,0.4514416609280869,0.46713082328244154,True,2.9970392219607667,298.45509086355537
KOH,B1,96.5,0.5383448306159333,0.010296434438117341,0.4513587350436499,0.4694274426755102,True,2.9970392219607667,298.45509086355537
KOH,B1,97.0,0.5383538902953289,0.010345101447872818,0.4513010083544433,0.47171984476288137,True,2.9970392219607667,298.45509086355537
KOH,B1,97.5,0.538337250186538,0.010394519411704994,0.4512682304998461,0.47400800699039164,True,2.9970392219607667,298.45509086355537
KOH,B1,98.0,0.5382951567102223,0.010444691734612377,0.4512601516538095,0.47629190747663447,True,2.9970392219607667,298.45509086355537
KOH,B1,98.5,0.5382278556096409,0.010495621911188469,0.45127652257798134,0.4785715249877522,True,2.9970392219607667,298.45509086355537
KOH,B1,99.0,0.5381355918929742,0.010547313527564661,0.4513170946786049,0.48084683891275304,True,2.9970392219607667,298.45509086355537
KOH,B1,99.5,0.5380186097880268,0.010599770258412633,0.45138162005287086,0.4831178292393537,True,2.9970392219607667,298.45509086355537
KOH,B1,100.0,0.5378771526920456,0.010652995869830928,0.4514698515378224,0.48538447653034417,True,2.9970392219607667,298.45509086355537
KOH,B1,100.5,0.5377114631286983,0.010706994217513088,0.4515815427540426,0.48764676190047285,True,2.9970392219607667,298.45509086355537
KOH,B1,101.0,0.5375217827057743,0.010761769247913389,0.4517164481469549,0.48990466699385193,True,2.9970392219607667,298.45509086355537
KOH,B1,101.5,0.5373083520757715,0.01081732499652599,0.451874323028012,0.49215817396187617,True,2.9970392219607667,298.45509086355537
KOH,B1,102.0,0.5370714109000363,0.01087366559077152,0.45205492360955724,0.49440726544165586,True,2.9970392219607667,298.45509086355537
KOH,B1,102.5,0.536811197812237,0.010930795247610092,0.452258007040518,0.4966519245349581,True,2.9970392219607667,298.45509086355537
KOH,B1,103.0,0.5365279503878329,0.010988718273763354,0.4524833314384358,0.4988921347876547,True,2.9970392219607667,298.45509086355537
KOH,B1,103.5,0.5362219051120443,0.011047439068767595,0.4527306559196642,0.5011278801696707,True,2.9970392219607667,298.45509086355537
KOH,B1,104.0,0.5358932973528185,0.011106962120033259,0.4529997406277353,0.5033591450554308,True,2.9970392219607667,298.45509086355537
KOH,B1,104.5,0.5355423613343513,0.011167292007452367,0.45329034675889446,0.5055859142048003,True,2.9970392219607667,298.45509086355537
KOH,B1,105.0,0.5351693301129945,0.011228433400956028,0.4536022365863035,0.5078081727445131,True,2.9970392219607667,298.45509086355537
KOH,B1,105.5,0.5347744355541639,0.01129039106206875,0.45393517348413237,0.510025906150085,True,2.9970392219607667,298.45509086355537
KOH,B1,106.0,0.534357908312022,0.011353169842798216,0.45428892194521175,0.5122391002282061,True,2.9970392219607667,298.45509086355537
KOH,B1,106.5,0.5339199778109371,0.01141677468663449,0.4546632476021273,0.5144477410996071,True,2.9970392219607667,298.45509086355537
KOH,B1,107.0,0.5334608722279421,0.011481210628438987,0.45505791724320677,0.5166518151823953,True,2.9970392219607667,298.45509086355537
KOH,B1,107.5,0.5329808184754148,0.011546482794777546,0.4554726988291735,0.5188513091758538,True,2.9970392219607667,298.45509086355537
KOH,B1,108.0,0.5324800421897535,0.011612596403254294,0.4559073615056919,0.5210462100446991,True,2.9970392219607667,298.45509086355537
KOH,B1,108.5,0.5319587677156123,0.01167955676373289,0.4563616756184663,0.5232365050037929,True,2.9970392219607667,298.45509086355537
KOH,B1,109.0,0.531417218097352,0.011747369278780617,0.456835412721901,0.5254221815032994,True,2.9970392219607667,298.45509086355537
KOH,B1,109.5,0.5308556150657173,0.011816039441669979,0.45732834559042423,0.5276032272142854,True,2.9970392219607667,298.45509086355537
KOH,B1,110.0,0.5302741790317311,0.011885572839154257,0.45784024822592695,0.5297796300147558,True,2.9970392219607667,298.45509086355537
KOH,B1,110.5,0.5296731290770351,0.011955975151134446,0.4583708958683097,0.5319513779761202,True,2.9970392219607667,298.45509086355537
KOH,B1,111.0,0.5290526829494491,0.01202725214866085,0.45892006499792526,0.5341184593500817,True,2.9970392219607667,298.45509086355537
KOH,B1,111.5,0.5284130570555323,0.012099409697707841,0.45948753334235093,0.5362808625559462,True,2.9970392219607667,298.45509086355537
KOH,B1,112.0,0.5277544664575862,0.012172453755954216,0.46007307988071844,0.5384385761683423,True,2.9970392219607667,298.45509086355537
KOH,B1,112.5,0.5270771248701012,0.012246390376891014,0.4606764848470446,0.5405915889053489,True,2.9970392219607667,298.45509086355537
KOH,B1,113.0,0.5263812446573146,0.012321225705269612,0.46129752973089744,0.5427398896170218,True,2.9970392219607667,298.45509086355537
KOH,B1,113.5,0.5256670368314342,0.01239696598120954,0.4619359972799497,0.5448834672743157,True,2.9970392219607667,298.45509086355537
KOH,B1,114.0,0.524934711052305,0.012473617539976445,0.46259167149953484,0.5470223109583939,True,2.9970392219607667,298.45509086355537
KOH,B1,114.5,0.5241844756292968,0.012551186809761639,0.4632643376518697,0.5491564098503199,True,2.9970392219607667,298.45509086355537
KOH,B1,115.0,0.5234165375188615,0.012629680315345837,0.4639537822553885,0.5512857532211265,True,2.9970392219607667,298.45509086355537
KOH,B1,115.5,0.5226311023301955,0.01270910467576769,0.4646597930831886,0.5534103304222521,True,2.9970392219607667,298.45509086355537
KOH,B1,116.0,0.5218283743241292,0.012789466606100142,0.46538215915803427,0.5555301308763447,True,2.9970392219607667,298.45509086355537
KOH,B1,116.5,0.5210085564203437,0.012870772916562245,0.46612067074991437,0.5576451440684201,True,2.9970392219607667,298.45509086355537
KOH,B1,117.0,0.5201718501971486,0.012953030515627795,0.4668751193730447,0.5597553595373764,True,2.9970392219607667,298.45509086355537
KOH,B1,117.5,0.5193184558994757,0.013036246405917495,0.4676452977796508,0.5618607668678492,True,2.9970392219607667,298.45509086355537
KOH,B1,118.0,0.5184485724408772,0.013120427687973724,0.46843099995452775,0.5639613556824118,True,2.9970392219607667,298.45509086355537
KOH,B1,118.5,0.5175623974115195,0.013205581560704616,0.46923202111104345,0.5660571156341052,True,2.9970392219607667,298.45509086355537
KOH,B1,119.0,0.5166601270824023,0.013291715318386466,0.4700481576810356,0.5681480363992997,True,2.9970392219607667,298.45509086355537
KOH,B1,119.5,0.5157419564131294,0.013378836354882573,0.4708792073123691,0.5702341076708771,True,2.9970392219607667,298.45509086355537
KOH,B1,120.0,0.5148080790584597,0.013466952161977908,0.4717249688582781,0.5723153191517277,True,2.9970392219607667,298.45509086355537
KOH,B1,120.5,0.5138586873760786,0.013556070330933423,0.47258524237070443,0.5743916605485608,True,2.9970392219607667,298.45509086355537
KOH,B1,121.0,0.5128939724327042,0.013646198550931743,0.47345982909252626,0.5764631215660183,True,2.9970392219607667,298.45509086355537
KOH,B1,121.5,0.5119141240155223,0.013737344611519653,0.474348531447788,0.5785296919010873,True,2.9970392219607667,298.45509086355537
KOH,B1,122.0,0.5109193306369608,0.01382951640216401,0.4752511530347059,0.5805913612378062,True,2.9970392219607667,298.45509086355537
KOH,B1,122.5,0.5099097795455698,0.013922721912362768,0.47616749861401075,0.5826481192422589,True,2.9970392219607667,298.45509086355537
KOH,B1,123.0,0.5088856567355693,0.014016969232755194,0.47709737410217556,0.5846999555578501,True,2.9970392219607667,298.45509086355537
KOH,B1,123.5,0.5078471469549539,0.014112266555343922,0.47804058655886994,0.5867468598008581,True,2.9970392219607667,298.45509086355537
KOH,B1,124.0,0.506794433715152,0.014208622173494945,0.47899694417896654,0.5887888215562573,True,2.9970392219607667,298.45509086355537
KOH,B1,124.5,0.5057276993017945,0.01430604448249273,0.47996625628132783,0.5908258303738086,True,2.9970392219607667,298.45509086355537
KOH,B1,125.0,0.5046471247841522,0.014404541981094532,0.48094833329881403,0.5928578757644066,True,2.9970392219607667,298.45509086355537
KOH,B1,125.5,0.5035528900253494,0.01450412327064221,0.4819429867664038,0.594884947196684,True,2.9970392219607667,298.45509086355537
KOH,B1,126.0,0.5024451736928004,0.014604797055395302,0.4829500293125344,0.5969070340938649,True,2.9970392219607667,298.45509086355537
KOH,B1,126.5,0.5013241532690893,0.014706572144418395,0.48396927464600115,0.5989241258308617,True,2.9970392219607667,298.45509086355537
KOH,B1,127.0,0.5001900050610741,0.01480945745102602,0.48500053754474415,0.6009362117316114,True,2.9970392219607667,298.45509086355537
KOH,B1,127.5,0.49904290421398656,0.014913461993559807,0.4860436338479657,0.6029432810666453,True,2.9970392219607667,298.45509086355537
KOH,B1,128.0,0.4978830247180932,0.01501859489527746,0.487098380440254,0.6049453230508886,True,2.9970392219607667,298.45509086355537
KOH,B1,128.5,0.49671053942379473,0.015124865386240138,0.4881645952417024,0.6069423268416818,True,2.9970392219607667,298.45509086355537
KOH,B1,129.0,0.49552562004817613,0.01523228280242428,0.4892420971988054,0.6089342815370227,True,2.9970392219607667,298.45509086355537
KOH,B1,129.5,0.49432843719154906,0.015340856586498752,0.4903307062694706,0.6109211761740205,True,2.9970392219607667,298.45509086355537
KOH,B1,130.0,0.4931191603427809,0.01545059628982326,0.49143024341291586,0.6129029997275599,True,2.9970392219607667,298.45509086355537
KOH,B1,130.5,0.4918979578947269,0.01556151157056096,0.49254053057823377,0.6148797411091683,True,2.9970392219607667,298.45509086355537
KOH,B1,131.0,0.49066499715355594,0.01567361219589891,0.4936613906916243,0.6168513891660834,True,2.9970392219607667,298.45509086355537
KOH,B1,131.5,0.4894204443500749,0.015786908042381143,0.4947926476467357,0.6188179326805141,True,2.9970392219607667,298.45509086355537
KOH,B1,132.0,0.48816446465083096,0.015901409095353536,0.49593412629045375,0.6207793603690923,True,2.9970392219607667,298.45509086355537
KOH,B1,132.5,0.4868972221702128,0.016017125451406322,0.4970856524129097,0.6227356608825083,True,2.9970392219607667,298.45509086355537
KOH,B1,133.0,0.48561887997888853,0.016134067317263856,0.49824705273604497,0.6246868228053299,True,2.9970392219607667,298.45509086355537
KOH,B1,133.5,0.4843296001194597,0.016252245011116884,0.49941815489995545,0.6266328346559935,True,2.9970392219607667,298.45509086355537
KOH,B1,134.0,0.48302954361145733,0.016371668962289476,0.5005987874541207,0.6285736848869707,True,2.9970392219607667,298.45509086355537
KOH,B1,134.5,0.48171887046799533,0.01649234971368152,0.5017887798434151,0.6305093618850999,True,2.9970392219607667,298.45509086355537
KOH,B1,135.0,0.48039773970309785,0.016614297921102583,0.5029879623987821,0.6324398539720816,True,2.9970392219607667,298.45509086355537
KOH,B1,135.5,0.47906630934313466,0.01673752435293885,0.5041961663240224,0.6343651494051318,True,2.9970392219607667,298.45509086355537
KOH,B1,136.0,0.47772473643903357,0.016862039892706626,0.5054132236864683,0.6362852363777912,True,2.9970392219607667,298.45509086355537
KOH,B1,136.5,0.47637317707416305,0.016987855537498042,0.5066389674038829,0.6382001030208818,True,2.9970392219607667,298.45509086355537
KOH,B1,137.0,0.4750117863774328,0.01711498240153375,0.5078732312338019,0.6401097374036127,True,2.9970392219607667,298.45509086355537
KOH,B1,137.5,0.4736407185316205,0.017243431713720447,0.509115849764763,0.6420141275348251,True,2.9970392219607667,298.45509086355537
KOH,B1,138.0,0.47226012678602824,0.01737321481953824,0.5103666584020949,0.6439132613643768,True,2.9970392219607667,298.45509086355537
KOH,B1,138.5,0.4708701634633661,0.017504343182372928,0.5116254933585918,0.6458071267846593,True,2.9970392219607667,298.45509086355537
KOH,B1,139.0,0.46947097997374065,0.017636828382183722,0.5128921916454088,0.6476957116322459,True,2.9970392219607667,298.45509086355537
KOH,B1,139.5,0.46806272682020644,0.017770682118833925,0.5141665910601834,0.6495790036896649,True,2.9970392219607667,298.45509086355537
KOH,B1,140.0,0.4666455536117553,0.017905916209759454,0.5154485301748224,0.651456990687294,True,2.9970392219607667,298.45509086355537
KOH,B1,140.5,0.46521960907164317,0.018042542592744404,0.516737848329285,0.6533296603053765,True,2.9970392219607667,298.45509086355537
KOH,B1,141.0,0.4637850410467159,0.018180573325365934,0.5180343856182601,0.6551970001761461,True,2.9970392219607667,298.45509086355537
KOH,B1,141.5,0.4623419965175124,0.018320020586437558,0.5193379828832834,0.6570589978860678,True,2.9970392219607667,298.45509086355537
KOH,B1,142.0,0.4608906216065911,0.01846089667689732,0.5206484817013024,0.658915640978183,True,2.9970392219607667,298.45509086355537
KOH,B1,142.5,0.4594310615864128,0.018603214018142467,0.5219657243769049,0.6607669169545581,True,2.9970392219607667,298.45509086355537
KOH,B1,143.0,0.45796346089166384,0.01874698515591522,0.5232895539308835,0.6626128132788341,True,2.9970392219607667,298.45509086355537
KOH,B1,143.5,0.45648796312436346,0.01889222275786029,0.5246198140927971,0.6644533173788714,True,2.9970392219607667,298.45509086355537
KOH,B1,144.0,0.4550047110631894,0.019038939617965767,0.5259563492908681,0.6662884166494861,True,2.9970392219607667,298.45509086355537
KOH,B1,144.5,0.45351384667335903,0.019187148652788366,0.5272990046434334,0.6681180984552791,True,2.9970392219607667,298.45509086355537
KOH,B1,145.0,0.4520155111121804,0.019336862904006935,0.5286476259496187,0.6699423501335465,True,2.9970392219607667,298.45509086355537
KOH,B1,145.5,0.45050984473871125,0.019488095542086192,0.530002059682122,0.6717611589972757,True,2.9970392219607667,298.45509086355537
KOH,B1,146.0,0.44899698712141944,0.019640859860836635,0.5313621529772217,0.673574512338219,True,2.9970392219607667,298.45509086355537
KOH,B1,146.5,0.44747707704506645,0.019795169283187697,0.5327277536276709,0.6753823974300428,True,2.9970392219607667,298.45509086355537
KOH,B1,147.0,0.4459502525180348,0.019951037359855484,0.5340987100748151,0.6771848015315507,True,2.9970392219607667,298.45509086355537
KOH,B1,147.5,0.44441665077987746,0.020108477770008903,0.5354748713994884,0.678981711889973,True,2.9970392219607667,298.45509086355537
KOH,B1,148.0,0.4428764083082015,0.020267504321935803,0.5368560873157957,0.6807731157443254,True,2.9970392219607667,298.45509086355537
KOH,B1,148.5,0.4413296608253292,0.020428130953931145,0.538242208163231,0.6825590003288288,True,2.9970392219607667,298.45509086355537
KOH,B1,149.0,0.43977654330507043,0.020590371734963142,0.5396330848992381,0.6843393528763871,True,2.9970392219607667,298.45509086355537
KOH,B1,149.5,0.43821718997782977,0.020754240865450413,0.5410285690922167,0.686114160622127,True,2.9970392219607667,298.45509086355537
KOH,B1,150.0,0.43665173433948823,0.020919752677373005,0.542428512915083,0.6878834108069853,True,2.9970392219607667,298.45509086355537
KOH,B1,150.5,0.4350803091545119,0.021086921635715683,0.5438327691381639,0.6896470906813498,True,2.9970392219607667,298.45509086355537
KOH,B1,151.0,0.43350304646339044,0.021255762338801,0.5452411911228694,0.6914051875087491,True,2.9970392219607667,298.45509086355537
KOH,B1,151.5,0.4319200775877441,0.02142628951740111,0.5466536328160299,0.693157688569584,True,2.9970392219607667,298.45509086355537
KOH,B1,152.0,0.4303315331358748,0.021598518039511738,0.5480699487424578,0.6949045811649031,True,2.9970392219607667,298.45509086355537
KOH,B1,152.5,0.42873754300731814,0.021772462906022305,0.5494899940003961,0.6966458526202156,True,2.9970392219607667,298.45509086355537
KOH,B1,153.0,0.42713823639894954,0.02194813925571193,0.5509136242558554,0.698381490289343,True,2.9970392219607667,298.45509086355537
KOH,B1,153.5,0.425533741808537,0.022125562361807738,0.5523406957360644,0.7001114815583012,True,2.9970392219607667,298.45509086355537
KOH,B1,154.0,0.42392418704007007,0.022304747637202915,0.5537710652255834,0.7018358138492139,True,2.9970392219607667,298.45509086355537
KOH,B1,154.5,0.42230969920831196,0.022485710630681943,0.5552045900600877,0.7035544746242562,True,2.9970392219607667,298.45509086355537
KOH,B1,155.0,0.420690404741908,0.022668467031028428,0.5566411281217043,0.7052674513896202,True,2.9970392219607667,298.45509086355537
KOH,B1,155.5,0.41906642938915883,0.02285303266613692,0.5580805378359033,0.7069747316995061,True,2.9970392219607667,298.45509086355537
KOH,B1,156.0,0.41743789821935273,0.02303942350290189,0.5595226781647256,0.7086763031601303,True,2.9970392219607667,298.45509086355537
KOH,B1,156.5,0.4158049356294269,0.023227655649882273,0.5609674086040073,0.7103721534337549,True,2.9970392219607667,298.45509086355537
KOH,B1,157.0,0.4141676653444115,0.023417745356302255,0.5624145891786059,0.712062270242728,True,2.9970392219607667,298.45509086355537
KOH,B1,157.5,0.4125262104220928,0.02360970901438275,0.5638640804390693,0.7137466413735395,True,2.9970392219607667,298.45509086355537
KOH,B1,158.0,0.41088069325667664,0.023803563157120955,0.5653157434577505,0.715425254680885,True,2.9970392219607667,298.45509086355537
KOH,B1,158.5,0.4092312355798988,0.023999324462398164,0.5667694398248102,0.7170980980917391,True,2.9970392219607667,298.45509086355537
KOH,B1,159.0,0.407577958465688,0.024197009751869558,0.5682250316458859,0.7187651596094312,True,2.9970392219607667,298.45509086355537
KOH,B1,159.5,0.40592098232983265,0.024396635991075222,0.5696823815382057,0.720426427317727,True,2.9970392219607667,298.45509086355537
KOH,B1,160.0,0.40426042693586517,0.024598220291105477,0.5711413526280351,0.7220818893849088,True,2.9970392219607667,298.45509086355537
KOH,B1,160.5,0.4025964113941738,0.02480177990926702,0.5726018085474571,0.723731534067854,True,2.9970392219607667,298.45509086355537
KOH,B1,161.0,0.40092905416511115,0.025007332249082914,0.5740636134328181,0.7253753497161101,True,2.9970392219607667,298.45509086355537
KOH,B1,161.5,0.39925847306010454,0.025214894861513848,0.5755266319205088,0.7270133247759644,True,2.9970392219607667,298.45509086355537
KOH,B1,162.0,0.3975847852458747,0.025424485445180167,0.5769907291472975,0.7286454477945024,True,2.9970392219607667,298.45509086355537
KOH,B1,162.5,0.39590810724010606,0.02563612184769415,0.5784557707463334,0.7302717074236585,True,2.9970392219607667,298.45509086355537
KOH,B1,163.0,0.3942285549194402,0.0258498220646608,0.5799216228453696,0.7318920924242531,True,2.9970392219607667,298.45509086355537
KOH,B1,163.5,0.3925462435155902,0.026065604243119544,0.581388152066542,0.733506591670014,True,2.9970392219607667,298.45509086355537
KOH,B1,164.0,0.3908612876186712,0.026283486679101742,0.582855225523593,0.7351151941515823,True,2.9970392219607667,298.45509086355537
KOH,B1,164.5,0.38917380117653444,0.026503487819962146,0.5843227108204285,0.7367178889804992,True,2.9970392219607667,298.45509086355537
KOH,B1,165.0,0.38748389749565515,0.026725626265600155,0.5857904760510069,0.7383146653931711,True,2.9970392219607667,298.45509086355537
KOH,B1,165.5,0.3857916892434643,0.02694992076734959,0.5872583897972294,0.7399055127548134,True,2.9970392219607667,298.45509086355537
KOH,B1,166.0,0.38409728844535085,0.027176390229310954,0.5887263211289406,0.7414904205633688,True,2.9970392219607667,298.45509086355537
KOH,B1,166.5,0.38240080648688224,0.027405053709794736,0.5901941396025956,0.7430693784533992,True,2.9970392219607667,298.45509086355537
KOH,B1,167.0,0.38070235411313824,0.02763593042054424,0.5916617152608161,0.7446423761999496,True,2.9970392219607667,298.45509086355537
KOH,B1,167.5,0.37900204142904403,0.02786903972862298,0.5931289186329458,0.7462094037223822,True,2.9970392219607667,298.45509086355537
KOH,B1,168.0,0.3772999778973718,0.028104401155748526,0.5945956207324965,0.7477704510881773,True,2.9970392219607667,298.45509086355537
KOH,B1,168.5,0.37559627234085013,0.028342034380401948,0.5960616930601459,0.7493255085167032,True,2.9970392219607667,298.45509086355537
KOH,B1,169.0,0.37389103293894443,0.02858195923671758,0.5975270076012951,0.7508745663829471,True,2.9970392219607667,298.45509086355537
KOH,B1,169.5,0.3721843672289671,0.02882419571614836,0.5989914368271787,0.7524176152212141,True,2.9970392219607667,298.45509086355537
KOH,B1,170.0,0.3704763821043011,0.029068763967909916,0.6004548536954202,0.7539546457287816,True,2.9970392219607667,298.45509086355537
KOH,B1,170.5,0.36876718381362306,0.029315684299313638,0.6019171316504757,0.7554856487695192,True,2.9970392219607667,298.45509086355537
KOH,B1,171.0,0.3670568779593486,0.02956497717621076,0.603378144622968,0.7570106153774654,True,2.9970392219607667,298.45509086355537
KOH,B1,171.5,0.3653455694969665,0.029816663224213613,0.6048377670326843,0.7585295367603571,True,2.9970392219607667,298.45509086355537
KOH,B1,172.0,0.36363336273403934,0.03007076322880664,0.6062958737865776,0.7600424043031213,True,2.9970392219607667,298.45509086355537
KOH,B1,172.5,0.3619203613269839,0.03032729813523538,0.6077523402828744,0.7615492095713162,True,2.9970392219607667,298.45509086355537
KOH,B1,173.0,0.3602066682811822,0.030586289049949755,0.6092070424092988,0.7630499443145248,True,2.9970392219607667,298.45509086355537
KOH,B1,173.5,0.35849238594898303,0.03084775724071509,0.6106598565459587,0.7645446004697029,True,2.9970392219607667,298.45509086355537
KOH,B1,174.0,0.3567776160270375,0.03111172413761132,0.612110659566123,0.7660331701644743,True,2.9970392219607667,298.45509086355537
KOH,B1,174.5,0.3550624595552998,0.03137821133303298,0.6135593288378871,0.7675156457203748,True,2.9970392219607667,298.45509086355537
KOH,B1,175.0,0.35334701691491777,0.03164724058213331,0.6150057422247279,0.768992019656045,True,2.9970392219607667,298.45509086355537
KOH,B1,175.5,0.35163138782545733,0.03191883380282423,0.6164497780885014,0.7704622846903684,True,2.9970392219607667,298.45509086355537
KOH,B1,176.0,0.34991567134357027,0.03219301307866296,0.6178913152898868,0.7719264337455539,True,2.9970392219607667,298.45509086355537
KOH,B1,176.5,0.34819996586044066,0.032469800655965386,0.6193302331914952,0.7733844599501624,True,2.9970392219607667,298.45509086355537
KOH,B1,177.0,0.3464843690991204,0.03274921894569349,0.6207664116580913,0.7748363566420787,True,2.9970392219607667,298.45509086355537
KOH,B1,177.5,0.34476897811264173,0.03303129052567577,0.6221997310598137,0.7762821173714196,True,2.9970392219607667,298.45509086355537
KOH,B1,178.0,0.34305388928135283,0.03331603813805373,0.6236300722742838,0.7777217359033889,True,2.9970392219607667,298.45509086355537
KOH,B1,178.5,0.3413391983100311,0.03360348469105823,0.625057316687605,0.7791552062210672,True,2.9970392219607667,298.45509086355537
KOH,B1,179.0,0.339625000226107,0.03389365326023075,0.6264813461978047,0.7805825225281432,True,2.9970392219607667,298.45509086355537
KOH,B1,179.5,0.3379113893757779,0.03418656708742418,0.6279020432159443,0.7820036792515812,True,2.9970392219607667,298.45509086355537
KOH,B1,180.0,0.3361984594228984,0.03448224958191304,0.629319290669561,0.783418671044227,True,2.9970392219607667,298.45509086355537
KOH,B1,180.5,0.3344863033445389,0.034780724320393475,0.6307329720045551,0.7848274927873485,True,2.9970392219607667,298.45509086355537
KOH,B1,181.0,0.33277501342965365,0.03508201504776043,0.6321429711875215,0.7862301395931119,True,2.9970392219607667,298.45509086355537
KOH,B1,181.5,0.3310646812740847,0.03538614567766274,0.6335491727085252,0.7876266068069941,True,2.9970392219607667,298.45509086355537
KOH,B1,182.0,0.329355397781006,0.035693140291503944,0.6349514615826557,0.7890168900101254,True,2.9970392219607667,298.45509086355537
KOH,B1,182.5,0.32764725315503895,0.03600302314021864,0.6363497233552451,0.7904009850215685,True,2.9970392219607667,298.45509086355537
KOH,B1,183.0,0.32594033690014346,0.03631581864438349,0.6377438441012018,0.7917788879005286,True,2.9970392219607667,298.45509086355537
KOH,B1,183.5,0.324234737816842,0.03663155139355112,0.6391337104305617,0.7931505949484957,True,2.9970392219607667,298.45509086355537
KOH,B1,184.0,0.3225305440003323,0.036950246147027244,0.6405192094887102,0.7945161027113166,True,2.9970392219607667,298.45509086355537
KOH,B1,184.5,0.3208278428344924,0.03727192783509192,0.6419002289619335,0.7958754079812005,True,2.9970392219607667,298.45509086355537
KOH,B1,185.0,0.3191267209912141,0.03759662155788934,0.6432766570776405,0.7972285077986516,True,2.9970392219607667,298.45509086355537
KOH,B1,185.5,0.31742726442784974,0.037924352585094745,0.6446483826086924,0.798575399454334,True,2.9970392219607667,298.45509086355537
KOH,B1,186.0,0.315729558381328,0.03825514635957816,0.6460152948760678,0.7999160804908639,True,2.9970392219607667,298.45509086355537
KOH,B1,186.5,0.3140336873679317,0.038589028492852506,0.6473772837516378,0.8012505487045315,True,2.9970392219607667,298.45509086355537
KOH,B1,187.0,0.312339735178746,0.0389260247687373,0.6487342396600537,0.8025788021469524,True,2.9970392219607667,298.45509086355537
KOH,B1,187.5,0.31064778487643885,0.03926616114191539,0.6500860535842978,0.8039008391266446,True,2.9970392219607667,298.45509086355537
KOH,B1,188.0,0.3089579187933733,0.039609463739154194,0.6514326170654616,0.8052166582105359,True,2.9970392219607667,298.45509086355537
KOH,B1,188.5,0.3072702185269449,0.03995595885797343,0.6527738222079638,0.8065262582253968,True,2.9970392219607667,298.45509086355537
KOH,B1,189.0,0.3055847649389154,0.0403056729680884,0.6541095616816595,0.8078296382592034,True,2.9970392219607667,298.45509086355537
KOH,B1,189.5,0.30390163814852933,0.04065863271063286,0.655439728724394,0.8091267976624247,True,2.9970392219607667,298.45509086355537
KOH,B1,190.0,0.3022209175342905,0.041014864898603065,0.6567642171459998,0.810417736049238,True,2.9970392219607667,298.45509086355537
KOH,B1,190.5,0.3005426817264123,0.04137439651707986,0.6580829213305162,0.8117024532986722,True,2.9970392219607667,298.45509086355537
KOH,B1,191.0,0.2988670086077061,0.041737254722784556,0.6593957362388547,0.8129809495556763,True,2.9970392219607667,298.45509086355537
KOH,B1,191.5,0.297193975308252,0.04210346684407895,0.6607025574121295,0.8142532252321166,True,2.9970392219607667,298.45509086355537
KOH,B1,192.0,0.29552365820251225,0.042473060381187366,0.6620032809763199,0.8155192810076974,True,2.9970392219607667,298.45509086355537
KOH,B1,192.5,0.2938561329082212,0.04284606300641869,0.6632978036402726,0.8167791178308131,True,2.9970392219607667,298.45509086355537
KOH,B1,193.0,0.2921914742817222,0.04322250256372229,0.664586022704805,0.818032736919322,True,2.9970392219607667,298.45509086355537
KOH,B1,193.5,0.2905297564168574,0.04360240706824392,0.6658678360609294,0.8192801397612521,True,2.9970392219607667,298.45509086355537
KOH,B1,194.0,0.2888710526403049,0.04398580470676983,0.667143142194071,0.8205213281154293,True,2.9970392219607667,298.45509086355537
KOH,B1,194.5,0.2872154355106904,0.044372723837282635,0.6684118401882877,0.821756304012036,True,2.9970392219607667,298.45509086355537
KOH,B1,195.0,0.2855629768152568,0.0447631929896275,0.6696738297269356,0.8229850697530957,True,2.9970392219607667,298.45509086355537
KOH,B1,195.5,0.2839137475669773,0.04515724086329165,0.6709290110966659,0.8242076279128846,True,2.9970392219607667,298.45509086355537
KOH,B1,196.0,0.28226781800233525,0.04555489632962484,0.6721772851900898,0.8254239813382727,True,2.9970392219607667,298.45509086355537
KOH,B1,196.5,0.28062525757976964,0.04595618842984095,0.6734185535082204,0.8266341331489908,True,2.9970392219607667,298.45509086355537
KOH,B1,197.0,0.2789861349752343,0.04636114637546207,0.6746527181622497,0.8278380867378281,True,2.9970392219607667,298.45509086355537
KOH,B1,197.5,0.2773505180821978,0.0467697995483185,0.6758796818779889,0.8290358457707561,True,2.9970392219607667,298.45509086355537
KOH,B1,198.0,0.2757184740074248,0.04718217749899445,0.6770993479969789,0.8302274141869839,True,2.9970392219607667,298.45509086355537
KOH,B1,198.5,0.27409006907075373,0.04759830994793823,0.6783116204802653,0.8314127961989404,True,2.9970392219607667,298.45509086355537
KOH,B1,199.0,0.27246536880154437,0.04801822678368595,0.679516403909286,0.8325919962921895,True,2.9970392219607667,298.45509086355537
KOH,B1,199.5,0.2708444379366792,0.048441958063749624,0.6807136034894246,0.833765019225271,True,2.9970392219607667,298.45509086355537
KOH,B1,200.0,0.2692273404198975,0.048869534013284976,0.681903125051786,0.8349318700294778,True,2.9970392219607667,298.45509086355537
KOH,B1,200.5,0.2676141393986864,0.04930098502486935,0.6830848750571938,0.8360925540085594,True,2.9970392219607667,298.45509086355537
KOH,B1,201.0,0.2660048972227269,0.04973634165827967,0.684258760594636,0.8372470767383603,True,2.9970392219607667,298.45509086355537
KOH,B1,201.5,0.26439967544344967,0.05017563463893815,0.6854246893892579,0.8383954440663891,True,2.9970392219607667,298.45509086355537
KOH,B1,202.0,0.26279853481026016,0.0506188948585784,0.6865825697979222,0.8395376621113203,True,2.9970392219607667,298.45509086355537
KOH,B1,202.5,0.261201535271649,0.05106615337369114,0.6877323108169797,0.8406737372624316,True,2.9970392219607667,298.45509086355537
KOH,B1,203.0,0.25960873597119516,0.051517441405968256,0.6888738220807156,0.8418036761789723,True,2.9970392219607667,298.45509086355537
KOH,B1,203.5,0.25802019524823194,0.05197279033986035,0.6900070138649017,0.8429274857894699,True,2.9970392219607667,298.45509086355537
KOH,B1,204.0,0.2564359706360708,0.05243223172368694,0.6911317970892394,0.8440451732909682,True,2.9970392219607667,298.45509086355537
KOH,B1,204.5,0.2548561188600029,0.052895797267193956,0.6922480833171374,0.8451567461482031,True,2.9970392219607667,298.45509086355537
KOH,B1,205.0,0.2532806958379652,0.05336351884310808,0.6933557847588201,0.8462622120927185,True,2.9970392219607667,298.45509086355537
KOH,B1,205.5,0.2517097566780979,0.053835428483139935,0.6944548142744367,0.8473615791219131,True,2.9970392219607667,298.45509086355537
KOH,B1,206.0,0.25014335567807855,0.05431155837998247,0.6955450853729506,0.8484548554980312,True,2.9970392219607667,298.45509086355537
KOH,B1,206.5,0.2485815463268981,0.054791940884424406,0.6966265122152482,0.8495420497470892,True,2.9970392219607667,298.45509086355537
KOH,B1,207.0,0.24702438130042026,0.055276608505572256,0.6976990096161373,0.8506231706577447,True,2.9970392219607667,298.45509086355537
KOH,B1,207.5,0.24547191246404587,0.05576559390929603,0.698762493044347,0.851698227280102,True,2.9970392219607667,298.45509086355537
KOH,B1,208.0,0.24392419087049255,0.056258929917563094,0.6998168786258585,0.8527672289244642,True,2.9970392219607667,298.45509086355537
KOH,B1,208.5,0.2423812667595726,0.056756649506661816,0.7008620831434609,0.8538301851600237,True,2.9970392219607667,298.45509086355537
KOH,B1,209.0,0.24084318955974737,0.05725878580675747,0.7018980240383055,0.8548871058134965,True,2.9970392219607667,298.45509086355537
KOH,B1,209.5,0.23931000788701695,0.057765372101004075,0.7029246194125705,0.8559380009677037,True,2.9970392219607667,298.45509086355537
KOH,B1,210.0,0.23778176954425412,0.05827644182332392,0.7039417880290166,0.8569828809600932,True,2.9970392219607667,298.45509086355537
KOH,B1,210.5,0.23625852152231452,0.05879202855729737,0.7049494493127639,0.85802175638121,True,2.9970392219607667,298.45509086355537
KOH,B1,211.0,0.23474031000070283,0.059312166035940805,0.7059475233512913,0.8590546380731134,True,2.9970392219607667,298.45509086355537
KOH,B1,211.5,0.23322718034668455,0.05983688813970822,0.7069359308977674,0.8600815371277412,True,2.9970392219607667,298.45509086355537
KOH,B1,212.0,0.2317191771172844,0.060366228894048746,0.7079145933686082,0.8611024648852216,True,2.9970392219607667,298.45509086355537
KOH,B1,212.5,0.23021634405862024,0.06090022247029481,0.7088834328465854,0.8621174329321364,True,2.9970392219607667,298.45509086355537
KOH,B1,213.0,0.22871872410834548,0.061438903181443294,0.7098423720817149,0.8631264530997351,True,2.9970392219607667,298.45509086355537
KOH,B1,213.5,0.2272263593943169,0.06198230548304373,0.7107913344894801,0.8641295374620975,True,2.9970392219607667,298.45509086355537
KOH,B1,214.0,0.2257392912377032,0.0625304639703117,0.711730244155051,0.8651266983342525,True,2.9970392219607667,298.45509086355537
KOH,B1,214.5,0.22425756015209686,0.06308341337679657,0.7126590258303978,0.8661179482702485,True,2.9970392219607667,298.45509086355537
KOH,B1,215.0,0.22278120584773298,0.06364118857105083,0.7135776049354003,0.867103300061178,True,2.9970392219607667,298.45509086355537
KOH,B1,215.5,0.22131026722993496,0.06420382455951668,0.7144859075616239,0.8680827667331596,True,2.9970392219607667,298.45509086355537
KOH,B1,216.0,0.2198447824004468,0.06477135647897647,0.7153838604672114,0.8690563615452761,True,2.9970392219607667,298.45509086355537
KOH,B1,216.5,0.21838478866276212,0.06534381959810709,0.7162713910815466,0.8700240979874674,True,2.9970392219607667,298.45509086355537
KOH,B1,217.0,0.21693032251945965,0.06592124931570353,0.7171484275036999,0.8709859897783873,True,2.9970392219607667,298.45509086355537
KOH,B1,217.5,0.21548141967575596,0.06650368115712624,0.718014898501762,0.8719420508632155,True,2.9970392219607667,298.45509086355537
KOH,B1,218.0,0.21403811504372428,0.0670911507725247,0.7188707335148425,0.8728922954114325,True,2.9970392219607667,298.45509086355537
KOH,B1,218.5,0.21260044273962997,0.06768369393594931,0.7197158626512934,0.8738367378145567,True,2.9970392219607667,298.45509086355537
KOH,B1,219.0,0.21116843608992575,0.0682813465426868,0.7205502166902633,0.8747753926838439,True,2.9970392219607667,298.45509086355537
KOH,B1,219.5,0.20974212763325006,0.06888414460570758,0.7213737270801435,0.8757082748479488,True,2.9970392219607667,298.45509086355537
KOH,B1,220.0,0.20832154911998302,0.06949212425566564,0.7221863259398997,0.8766353993505578,True,2.9970392219607667,298.45509086355537
KOH,B1,220.5,0.20690673151779748,0.07010532173690187,0.7229879460568522,0.8775567814479781,True,2.9970392219607667,298.45509086355537
KOH,B1,221.0,0.20549770501276932,0.07072377340633373,0.7237785208882297,0.8784724366067047,True,2.9970392219607667,298.45509086355537
KOH,B1,221.5,0.20409449901381826,0.07134751572923648,0.7245579845605032,0.8793823805009487,True,2.9970392219607667,298.45509086355537
KOH,B1,222.0,0.20269714215226387,0.07197658527879902,0.7253262718684983,0.8802866290101365,True,2.9970392219607667,298.45509086355537
KOH,B1,222.5,0.2013056622884868,0.07261101873190512,0.7260833182756166,0.8811851982163804,True,2.9970392219607667,298.45509086355537
KOH,B1,223.0,0.19992008651303905,0.07325085286757904,0.7268290599116156,0.8820781044019217,True,2.9970392219607667,298.45509086355537
KOH,B1,223.5,0.19854044114953062,0.07389612456343286,0.7275634335754955,0.8829653640465436,True,2.9970392219607667,298.45509086355537
KOH,B1,224.0,0.19716675175884824,0.07454687079455624,0.7282863767315018,0.8838469938249597,True,2.9970392219607667,298.45509086355537
KOH,B1,224.5,0.19579904314315222,0.07520312862774325,0.7289978275109021,0.8847230106041781,True,2.9970392219607667,298.45509086355537
KOH,B1,225.0,0.19443733934654261,0.07586493522127036,0.7296977247099878,0.8855934314408385,True,2.9970392219607667,298.45509086355537
KOH,B1,225.5,0.19308166366283075,0.07653232782112163,0.7303860077900737,0.88645827357853,True,2.9970392219607667,298.45509086355537
KOH,B1,226.0,0.19173203863576127,0.07720534375765808,0.731062616877054,0.8873175544450833,True,2.9970392219607667,298.45509086355537
KOH,B1,226.5,0.1903884860647853,0.07788402044273113,0.7317274927594042,0.888171291649845,True,2.9970392219607667,298.45509086355537
KOH,B1,227.0,0.18905102700772503,0.07856839536568572,0.7323805768897351,0.8890195029809285,True,2.9970392219607667,298.45509086355537
KOH,B1,227.5,0.18771968178654674,0.07925850609225016,0.7330218113810183,0.8898622064024516,True,2.9970392219607667,298.45509086355537
KOH,B1,228.0,0.1863944699884712,0.07995439025876294,0.7336511390090283,0.89069942005175,True,2.9970392219607667,298.45509086355537
KOH,B1,228.5,0.18507541047396714,0.08065608557039639,0.7342685032081242,0.8915311622365785,True,2.9970392219607667,298.45509086355537
KOH,B1,229.0,0.18376252137830562,0.08136362979671574,0.7348738480739136,0.8923574514322943,True,2.9970392219607667,298.45509086355537
KOH,B1,229.5,0.18245582011666706,0.08207706076923671,0.7354671183597006,0.8931783062790277,True,2.9970392219607667,298.45509086355537
KOH,B1,230.0,0.18115532338902618,0.08279641637654045,0.736048259476485,0.8939937455788369,True,2.9970392219607667,298.45509086355537
KOH,B1,230.5,0.17986104718459295,0.08352173456160905,0.736617217492741,0.8948037882928512,True,2.9970392219607667,298.45509086355537
KOH,B1,231.0,0.17857300678580934,0.08425305331694055,0.7371739391321963,0.8956084535384027,True,2.9970392219607667,298.45509086355537
KOH,B1,231.5,0.1772912167750107,0.08499041068255053,0.7377183717744984,0.8964077605861479,True,2.9970392219607667,298.45509086355537
KOH,B1,232.0,0.17601569103598003,0.085733844740421,0.73825046345255,0.8972017288571783,True,2.9970392219607667,298.45509086355537
KOH,B1,232.5,0.1747464427623857,0.08648339360961543,0.7387701628533971,0.8979903779201229,True,2.9970392219607667,298.45509086355537
KOH,B1,233.0,0.17348348446044604,0.08723909544605668,0.7392774193157869,0.8987737274882438,True,2.9970392219607667,298.45509086355537
KOH,B1,233.5,0.17222682795559052,0.08800098843364523,0.7397721828292791,0.899551797416525,True,2.9970392219607667,298.45509086355537
KOH,B1,234.0,0.17097648439534652,0.08876911078359306,0.7402544040360226,0.9003246076987533,True,2.9970392219607667,298.45509086355537
KOH,B1,234.5,0.16973246425822097,0.08954350072865047,0.7407240342252042,0.9010921784645978,True,2.9970392219607667,298.45509086355537
KOH,B1,235.0,0.16849477735458862,0.09032419651777701,0.7411810253363793,0.9018545299766828,True,2.9970392219607667,298.45509086355537
KOH,B1,235.5,0.16726343283557377,0.09111123641347696,0.7416253299563635,0.9026116826276586,True,2.9970392219607667,298.45509086355537
KOH,B1,236.0,0.16603843919704708,0.09190465868691433,0.7420569013185663,0.9033636569372706,True,2.9970392219607667,298.45509086355537
KOH,B1,236.5,0.16481980428517673,0.09270450161125154,0.7424756933025467,0.9041104735494273,True,2.9970392219607667,298.45509086355537
KOH,B1,237.0,0.16360753530242356,0.09351080345965102,0.7428816604337918,0.904852153229267,True,2.9970392219607667,298.45509086355537
KOH,B1,237.5,0.16240163881309222,0.09432360249905791,0.7432747578808296,0.9055887168602261,True,2.9970392219607667,298.45509086355537
KOH,B1,238.0,0.16120212074821616,0.09514293698509313,0.7436549414567839,0.9063201854411085,True,2.9970392219607667,298.45509086355537
KOH,B1,238.5,0.16000898641221895,0.09596884515739035,0.7440221676171532,0.9070465800831564,True,2.9970392219607667,298.45509086355537
KOH,B1,239.0,0.15882224048890947,0.09680136523515515,0.7443763934598113,0.9077679220071274,True,2.9970392219607667,298.45509086355537
KOH,B1,239.5,0.15764188704681104,0.0976405354107257,0.7447175767232306,0.9084842325403703,True,2.9970392219607667,298.45509086355537
KOH,B1,240.0,0.15646792954537858,0.09848639384513191,0.7450456757871482,0.9091955331139114,True,2.9970392219607667,298.45509086355537
KOH,B1,240.5,0.15530037084054982,0.09933897866254426,0.745360649671678,0.9099018452595407,True,2.9970392219607667,298.45509086355537
KOH,B1,241.0,0.15413921319074042,0.10019832794516681,0.7456624580355342,0.9106031906069103,True,2.9970392219607667,298.45509086355537
KOH,B1,241.5,0.1529844582646156,0.10106447972746402,0.7459510611762532,0.9112995908806337,True,2.9970392219607667,298.45509086355537
KOH,B1,242.0,0.15183610714486484,0.10193747198994352,0.7462264200308599,0.9119910678974003,True,2.9970392219607667,298.45509086355537
KOH,B1,242.5,0.15069416033530736,0.10281734265493725,0.746488496172315,0.9126776435630897,True,2.9970392219607667,298.45509086355537
KOH,B1,243.0,0.14955861776755341,0.10370412957905195,0.7467372518130677,0.9133593398699021,True,2.9970392219607667,298.45509086355537
KOH,B1,243.5,0.14842947880744362,0.10459787054828418,0.7469726498015028,0.9140361788934983,True,2.9970392219607667,298.45509086355537
KOH,B1,244.0,0.14730674225926776,0.10549860327246918,0.747194653622163,0.914708182790145,True,2.9970392219607667,298.45509086355537
KOH,B1,244.5,0.14619040637531278,0.10640636537839754,0.7474032273977471,0.9153753737938779,True,2.9970392219607667,298.45509086355537
KOH,B1,245.0,0.14508046885919335,0.10732119440359789,0.7475983358855576,0.9160377742136737,True,2.9970392219607667,298.45509086355537
KOH,B1,245.5,0.14397692687428965,0.10824312779056378,0.7477799444803868,0.9166954064306333,True,2.9970392219607667,298.45509086355537
KOH,B1,246.0,0.14287977704952048,0.1091722028814246,0.7479480192116306,0.917348292895183,True,2.9970392219607667,298.45509086355537
KOH,B1,246.5,0.14178901548556055,0.11010845690839766,0.7481025267459529,0.9179964561242859,True,2.9970392219607667,298.45509086355537
KOH,B1,247.0,0.14070463776105768,0.11105192699067956,0.7482434343852873,0.9186399186986683,True,2.9970392219607667,298.45509086355537
KOH,B1,247.5,0.13962663893973826,0.11200265012667465,0.748370710067725,0.9192787032600616,True,2.9970392219607667,298.45509086355537
KOH,B1,248.0,0.1385550135772906,0.11296066318533526,0.7484843223688475,0.9199128325084629,True,2.9970392219607667,298.45509086355537
KOH,B1,248.5,0.13748975572691613,0.11392600290283106,0.7485842404990617,0.9205423291994067,True,2.9970392219607667,298.45509086355537
KOH,B1,249.0,0.1364308589459906,0.11489870587366724,0.7486704343067085,0.9211672161412559,True,2.9970392219607667,298.45509086355537
KOH,B1,249.5,0.13537831630316965,0.11587880854335708,0.7487428742773972,0.921787516192513,True,2.9970392219607667,298.45509086355537
KOH,B1,250.0,0.13433212038416187,0.11686634720242672,0.7488015315342267,0.9224032522591433,True,2.9970392219607667,298.45509086355537
KOH,B1,250.5,0.13329226330016652,0.11786135797864361,0.7488463778391186,0.9230144472919228,True,2.9970392219607667,298.45509086355537
KOH,B1,251.0,0.13225873669253652,0.11886387683013311,0.7488773855928166,0.9236211242837992,True,2.9970392219607667,298.45509086355537
KOH,B1,251.5,0.13123153173921764,0.11987393953849512,0.748894527835331,0.9242233062672781,True,2.9970392219607667,298.45509086355537
KOH,B1,252.0,0.13021063916340836,0.12089158169947822,0.7488977782477146,0.9248210163118223,True,2.9970392219607667,298.45509086355537
KOH,B1,252.5,0.12919604923800065,0.12191683871742853,0.7488871111522855,0.9254142775212794,True,2.9970392219607667,298.45509086355537
KOH,B1,253.0,0.1281877517942398,0.12294974579729612,0.7488625015137362,0.9260031130313214,True,2.9970392219607667,298.45509086355537
KOH,B1,253.5,0.12718573622572116,0.12399033793664138,0.7488239249404671,0.926587546006914,True,2.9970392219607667,298.45509086355537
KOH,B1,254.0,0.12618999149793808,0.12503864991764146,0.7487713576848076,0.9271675996397998,True,2.9970392219607667,298.45509086355537
KOH,B1,254.5,0.12520050615227873,0.12609471629954072,0.7487047766459032,0.9277432971460089,True,2.9970392219607667,298.45509086355537
KOH,B1,255.0,0.12421726831490787,0.12715857141065712,0.7486241593694931,0.9283146617633897,True,2.9970392219607667,298.45509086355537
KOH,B1,255.5,0.12324026570142976,0.12823024934061067,0.7485294840507972,0.9288817167491613,True,2.9970392219607667,298.45509086355537
KOH,B1,256.0,0.12226948562532591,0.1293097839316637,0.7484207295334055,0.9294444853774909,True,2.9970392219607667,298.45509086355537
KOH,B1,256.5,0.12130491500239593,0.13039720877117134,0.7482978753141634,0.9300029909370932,True,2.9970392219607667,298.45509086355537
KOH,B1,257.0,0.12034654035941728,0.1314925571822556,0.7481609015438373,0.9305572567288545,True,2.9970392219607667,298.45509086355537
KOH,B1,257.5,0.1193943478388082,0.1325958622169221,0.7480097890273374,0.9311073060634791,True,2.9970392219607667,298.45509086355537
KOH,B1,258.0,0.11844832320728749,0.13370715664606792,0.7478445192272698,0.9316531622591615,True,2.9970392219607667,298.45509086355537
KOH,B1,258.5,0.11750845186098147,0.13482647295171013,0.7476650742659352,0.9321948486392824,True,2.9970392219607667,298.45509086355537
KOH,B1,259.0,0.11657471883119719,0.1359538433185481,0.747471436926217,0.9327323885301295,True,2.9970392219607667,298.45509086355537
KOH,B1,259.5,0.1156471087933042,0.1370892996248596,0.747263590655356,0.9332658052586432,True,2.9970392219607667,298.45509086355537
KOH,B1,260.0,0.11472560607095339,0.1382328734345073,0.7470415195658386,0.9337951221501883,True,2.9970392219607667,298.45509086355537
KOH,B1,260.5,0.11381019464384856,0.13938459598605846,0.7468052084389498,0.9343203625263493,True,2.9970392219607667,298.45509086355537
KOH,B1,261.0,0.11290085815307549,0.14054449818701187,0.746554642726549,0.9348415497027537,True,2.9970392219607667,298.45509086355537
KOH,B1,261.5,0.11199757990953962,0.14171261060158535,0.7462898085537351,0.9353587069869201,True,2.9970392219607667,298.45509086355537
KOH,B1,262.0,0.11110034289640858,0.1428889634433883,0.7460106927223986,0.9358718576761311,True,2.9970392219607667,298.45509086355537
KOH,B1,262.5,0.11020912978132458,0.1440735865660958,0.7457172827127767,0.9363810250553346,True,2.9970392219607667,298.45509086355537
KOH,B1,263.0,0.10932392291640447,0.14526650945456687,0.7454095666867833,0.9368862323950714,True,2.9970392219607667,298.45509086355537
KOH,B1,263.5,0.10844470434978604,0.1464677612144083,0.7450875334915619,0.9373875029494254,True,2.9970392219607667,298.45509086355537
KOH,B1,264.0,0.10757145582807048,0.14767737056309294,0.7447511726623723,0.9378848599540069,True,2.9970392219607667,298.45509086355537
KOH,B1,264.5,0.10670415880476014,0.14889536582152196,0.7444004744252553,0.9383783266239566,True,2.9970392219607667,298.45509086355537
KOH,B1,265.0,0.10584279444603162,0.15012177490270062,0.7440354297012508,0.9388679261519807,True,2.9970392219607667,298.45509086355537
KOH,B1,265.5,0.1049873436351767,0.1513566253037446,0.7436560301083972,0.9393536817064108,True,2.9970392219607667,298.45509086355537
KOH,B1,266.0,0.10413778698259435,0.1525999440961101,0.7432622679668377,0.9398356164292913,True,2.9970392219607667,298.45509086355537
KOH,B1,266.5,0.10329410482756707,0.15385175791449157,0.7428541363017072,0.9403137534344954,True,2.9970392219607667,298.45509086355537
KOH,B1,267.0,0.10245627724669859,0.1551120929488281,0.7424316288457966,0.9407881158058644,True,2.9970392219607667,298.45509086355537
KOH,B1,267.5,0.10162428406013113,0.1563809749329792,0.7419947400459925,0.9412587265953798,True,2.9970392219607667,298.45509086355537
KOH,B1,268.0,0.10079810483576424,0.15765842913739725,0.741543465064165,0.9417256088213578,True,2.9970392219607667,298.45509086355537
KOH,B1,268.5,0.09997771889658225,0.15894448035513875,0.7410777997836071,0.9421887854666751,True,2.9970392219607667,298.45509086355537
KOH,B1,269.0,0.0991631053270936,0.16023915289564705,0.740597740810367,0.9426482794770177,True,2.9970392219607667,298.45509086355537
KOH,B1,269.5,0.09835424297666151,0.16154247057431625,0.7401032854805756,0.9431041137591619,True,2.9970392219607667,298.45509086355537
KOH,B1,270.0,0.09755111046794163,0.16285445669872445,0.7395944318628889,0.9435563111792797,True,2.9970392219607667,298.45509086355537
KOH,B1,270.5,0.09675368620176705,0.16417513406397077,0.7390711787615967,0.9440048945612713,True,2.9970392219607667,298.45509086355537
KOH,B1,271.0,0.09596194836225536,0.1655045249391307,0.7385335257243941,0.9444498866851279,True,2.9970392219607667,298.45509086355537
KOH,B1,271.5,0.09517587492258173,0.16684265105748608,0.737981473043936,0.9448913102853174,True,2.9970392219607667,298.45509086355537
KOH,B1,272.0,0.09439544365164032,0.16818953360675515,0.73741502176361,0.9453291880492032,True,2.9970392219607667,298.45509086355537
KOH,B1,272.5,0.09362063211804106,0.16954519321954464,0.7368341736826434,0.9457635426154843,True,2.9970392219607667,298.45509086355537
KOH,B1,273.0,0.09285141769788119,0.17090964996180347,0.7362389313587681,0.9461943965726671,True,2.9970392219607667,298.45509086355537
KOH,B1,273.5,0.09208777757785391,0.17228292332283068,0.7356292981157697,0.9466217724575616,True,2.9970392219607667,298.45509086355537
KOH,B1,274.0,0.09132968876124359,0.17366503220661578,0.7350052780468186,0.947045692753808,True,2.9970392219607667,298.45509086355537
KOH,B1,274.5,0.09057712807480911,0.17505599491896007,0.7343668760193545,0.9474661798904256,True,2.9970392219607667,298.45509086355537
KOH,B1,275.0,0.08983007217189254,0.17645582915859492,0.7337140976808598,0.9478832562403928,True,2.9970392219607667,298.45509086355537
KOH,B1,275.5,0.08908849754019066,0.1778645520069677,0.7330469494633007,0.948296944119253,True,2.9970392219607667,298.45509086355537
KOH,B1,276.0,0.08835238050353134,0.17928217991691753,0.7323654385880118,0.9487072657837459,True,2.9970392219607667,298.45509086355537
KOH,B1,276.5,0.08762169723142144,0.18070872870312726,0.7316695730721356,0.9491142434304675,True,2.9970392219607667,298.45509086355537
KOH,B1,277.0,0.08689642374060114,0.18214421353168753,0.7309593617326193,0.9495178991945544,True,2.9970392219607667,298.45509086355537
KOH,B1,277.5,0.08617653590103913,0.1835886489094385,0.7302348141930981,0.9499182551483965,True,2.9970392219607667,298.45509086355537
KOH,B1,278.0,0.08546200944259397,0.18504204867286767,0.7294959408865598,0.950315333300376,True,2.9970392219607667,298.45509086355537
KOH,B1,278.5,0.0847528199567904,0.18650442597989425,0.7287427530633384,0.9507091555936316,True,2.9970392219607667,298.45509086355537
KOH,B1,279.0,0.0840489429057012,0.18797579329699055,0.727975262796221,0.9510997439048491,True,2.9970392219607667,298.45509086355537
KOH,B1,279.5,0.08335035362283527,0.18945616239030016,0.727193482984001,0.9514871200430778,True,2.9970392219607667,298.45509086355537
KOH,B1,280.0,0.0826570273209093,0.1909455443149799,0.726397427360137,0.9518713057485753,True,2.9970392219607667,298.45509086355537
KOH,B1,280.5,0.08196893909495628,0.19244394940476361,0.7255871104943079,0.9522523226916721,True,2.9970392219607667,298.45509086355537
KOH,B1,281.0,0.08128606392787674,0.19395138726152616,0.7247625478030706,0.9526301924716687,True,2.9970392219607667,298.45509086355537
KOH,B1,281.5,0.08060837669487952,0.19546786674617955,0.7239237555505262,0.9530049366157535,True,2.9970392219607667,298.45509086355537
KOH,B1,282.0,0.0799358521665905,0.19699339596579435,0.7230707508572021,0.9533765765779455,True,2.9970392219607667,298.45509086355537
KOH,B1,282.5,0.07926846501660201,0.1985279822671604,0.7222035517053804,0.9537451337380672,True,2.9970392219607667,298.45509086355537
KOH,B1,283.0,0.0786061898228052,0.20007163222213187,0.7213221769422073,0.9541106294007365,True,2.9970392219607667,298.45509086355537
KOH,B1,283.5,0.07794900107516156,0.20162435162163206,0.7204266462892406,0.9544730847943838,True,2.9970392219607667,298.45509086355537
KOH,B1,284.0,0.07729687317592493,0.20318614546344094,0.7195169803457802,0.9548325210703003,True,2.9970392219607667,298.45509086355537
KOH,B1,284.5,0.07664978044674697,0.20475701794242518,0.7185932005944196,0.955188959301701,True,2.9970392219607667,298.45509086355537
KOH,B1,285.0,0.0760076971333401,0.20633697244032412,0.7176553294083732,0.9555424204828191,True,2.9970392219607667,298.45509086355537
KOH,B1,285.5,0.07537059740791996,0.2079260115175341,0.7167033900556952,0.9558929255280204,True,2.9970392219607667,298.45509086355537
KOH,B1,286.0,0.07473845537364632,0.20952413690022986,0.7157374067059408,0.9562404952709436,True,2.9970392219607667,298.45509086355537
KOH,B1,286.5,0.07411124507017419,0.21113134947348122,0.7147574044352734,0.9565851504636625,True,2.9970392219607667,298.45509086355537
KOH,B1,287.0,0.0734889404754302,0.21274764926992873,0.7137634092322376,0.9569269117758725,True,2.9970392219607667,298.45509086355537
KOH,B1,287.5,0.07287151551116366,0.21437303546112396,0.7127554480044207,0.9572657997941001,True,2.9970392219607667,298.45509086355537
KOH,B1,288.0,0.07225894404738753,0.2160075063464273,0.7117335485815612,0.9576018350209344,True,2.9970392219607667,298.45509086355537
KOH,B1,288.5,0.0716511999037106,0.21765105934590245,0.7106977397246528,0.9579350378742831,True,2.9970392219607667,298.45509086355537
KOH,B1,289.0,0.07104825685599891,0.21930369098877023,0.7096480511290526,0.9582654286866482,True,2.9970392219607667,298.45509086355537
KOH,B1,289.5,0.07045008863815205,0.22096539690497075,0.7085845134293667,0.958593027704428,True,2.9970392219607667,298.45509086355537
KOH,B1,290.0,0.06985666894654408,0.22263617181694784,0.7075071582081094,0.9589178550872355,True,2.9970392219607667,298.45509086355537
KOH,B1,290.5,0.06926797144379826,0.2243160095285468,0.706416017997924,0.9592399309072439,True,2.9970392219607667,298.45509086355537
KOH,B1,291.0,0.06868396976233981,0.22600490291835307,0.7053111262891321,0.9595592751485521,True,2.9970392219607667,298.45509086355537
KOH,B1,291.5,0.06810463750683837,0.22770284392903406,0.7041925175335084,0.9598759077065684,True,2.9970392219607667,298.45509086355537
KOH,B1,292.0,0.06752994825953706,0.22940982355823536,0.7030602271504982,0.9601898483874196,True,2.9970392219607667,298.45509086355537
KOH,B1,292.5,0.06695987558247296,0.23112583185369573,0.7019142915312138,0.9605011169073798,True,2.9970392219607667,298.45509086355537
KOH,B1,293.0,0.0663943930205857,0.23285085790014648,0.7007547480459841,0.960809732892317,True,2.9970392219607667,298.45509086355537
KOH,B1,293.5,0.06583347410571427,0.23458488981331627,0.6995816350470196,0.9611157158771638,True,2.9970392219607667,298.45509086355537
KOH,B1,294.0,0.06527709235992774,0.23632791473171544,0.6983949918735188,0.9614190853054085,True,2.9970392219607667,298.45509086355537
KOH,B1,294.5,0.0647252212981897,0.23807991880819834,0.6971948588581078,0.9617198605286003,True,2.9970392219607667,298.45509086355537
KOH,B1,295.0,0.06417783443124492,0.2398408872024138,0.695981277330171,0.9620180608058817,True,2.9970392219607667,298.45509086355537
KOH,B1,295.5,0.06363490527028226,0.2416108040721454,0.69475428962118,0.9623137053035357,True,2.9970392219607667,298.45509086355537
KOH,B1,296.0,0.06309640732782285,0.24338965256731626,0.6935139390680245,0.9626068130945538,True,2.9970392219607667,298.45509086355537
KOH,B1,296.5,0.06256231412171687,0.24517741482066313,0.6922602700194513,0.9628974031582221,True,2.9970392219607667,298.45509086355537
KOH,B1,297.0,0.062032599179362435,0.24697407194307353,0.6909933278393954,0.9631854943797282,True,2.9970392219607667,298.45509086355537
KOH,B1,297.5,0.06150723603814967,0.24877960401314958,0.689713158910088,0.9634711055497834,True,2.9970392219607667,298.45509086355537
KOH,B1,298.0,0.060986198249679546,0.2505939900729892,0.6884198106380524,0.9637542553642645,True,2.9970392219607667,298.45509086355537
KOH,B1,298.5,0.06046945938265047,0.2524172081215248,0.6871133314565459,0.9640349624238759,False,2.9970392219607667,298.45509086355537
KOH,B1,299.0,0.05995699302507873,0.25424923510475317,0.6857937708306672,0.9643132452338264,False,2.9970392219607667,298.45509086355537
KOH,B1,299.5,0.059448772786518944,0.25609004691418136,0.6844611792591326,0.9645891222035239,False,2.9970392219607667,298.45509086355537
KOH,B1,300.0,0.05894477230294903,0.25793961837727863,0.6831156082796053,0.9648626116462885,False,2.9970392219607667,298.45509086355537
KOH,B2,1.0,0.639762029730484,0.005988902169740129,0.35424906793846134,0.27432572065510513,True,0.6995918183772663,305.1002395112058
KOH,B2,1.5,0.6414706525645908,0.005977043873617305,0.3525523033900413,0.27571900329691107,True,0.6995918183772663,305.1002395112058
KOH,B2,2.0,0.6431565458691058,0.005965601090229811,0.3508778528658052,0.27711386320956516,True,0.6995918183772663,305.1002395112058
KOH,B2,2.5,0.644819650027717,0.005954571455912827,0.34922577834461954,0.2785102885883594,True,0.6995918183772663,305.1002395112058
KOH,B2,3.0,0.6464599097535384,0.005943952643860939,0.34759613743284845,0.27990826813519415,True,0.6995918183772663,305.1002395112058
KOH,B2,3.5,0.6480772740276031,0.005933742383223972,0.3459889834236396,0.28130779105356674,True,0.6995918183772663,305.1002395112058
KOH,B2,4.0,0.6496716960209259,0.0059239384482268065,0.3444043653675344,0.2827088470433164,True,0.6995918183772663,305.1002395112058
KOH,B2,4.5,0.6512431330416568,0.005914538661722091,0.3428423281359727,0.2841114262951315,True,0.6995918183772663,305.1002395112058
KOH,B2,5.0,0.6527915464966672,0.005905540886530503,0.3413029124583744,0.2855155194848276,True,0.6995918183772663,305.1002395112058
KOH,B2,5.5,0.6543169018093931,0.005896943039651603,0.33978615499519194,0.28692111776740375,True,0.6995918183772663,305.1002395112058
KOH,B2,6.0,0.6558191683716519,0.005888743087600901,0.3382920883885365,0.2883282127708841,True,0.6995918183772663,305.1002395112058
KOH,B2,6.5,0.6572983194839122,0.005880939029090371,0.33682074133567497,0.28973679658995233,True,0.6995918183772663,305.1002395112058
KOH,B2,7.0,0.6587543322964518,0.005873528922784033,0.3353721386323283,0.29114686177938803,True,0.6995918183772663,305.1002395112058
KOH,B2,7.5,0.6601871877376375,0.0058665108714217595,0.3339463012449473,0.2925584013473092,True,0.6995918183772663,305.1002395112058
KOH,B2,8.0,0.6615968704618558,0.005859883020042922,0.3325432463743283,0.2939714087482328,True,0.6995918183772663,305.1002395112058
KOH,B2,8.5,0.662983368788117,0.0058536435633138595,0.3311629875101252,0.29538587787595605,True,0.6995918183772663,305.1002395112058
KOH,B2,9.0,0.6643466746254489,0.005847790739310632,0.3298055344953532,0.2968018030562698,True,0.6995918183772663,305.1002395112058
KOH,B2,9.5,0.6656867834307079,0.005842322834959113,0.3284708935983316,0.2982191790395093,True,0.6995918183772663,305.1002395112058
KOH,B2,10.0,0.6670036941216484,0.005837238179373649,0.32715906756664026,0.2996380009929498,True,0.6995918183772663,305.1002395112058
KOH,B2,10.5,0.6682974090322924,0.005832535149741247,0.32587005568718297,0.3010582644930549,True,0.6995918183772663,305.1002395112058
KOH,B2,11.0,0.6695679338387661,0.005828212170100322,0.3246038538625706,0.3024799655175842,True,0.6995918183772663,305.1002395112058
KOH,B2,11.5,0.6708152775015686,0.005824267705345498,0.3233604546649671,0.30390310043756813,True,0.6995918183772663,305.1002395112058
KOH,B2,12.0,0.6720394522008455,0.005820700269998369,0.3221398474040349,0.305327666009156,True,0.6995918183772663,305.1002395112058
KOH,B2,12.5,0.6732404732679997,0.005817508421213091,0.3209420181889966,0.30675365936534443,True,0.6995918183772663,305.1002395112058
KOH,B2,13.0,0.6744183591268493,0.005814690762107055,0.3197669499896971,0.30818107800759453,True,0.6995918183772663,305.1002395112058
KOH,B2,13.5,0.6755731312322322,0.005812245940095551,0.31861462271109975,0.3096099197973422,True,0.6995918183772663,305.1002395112058
KOH,B2,14.0,0.6767048140005061,0.005810172647668921,0.31748501323658473,0.3110401829474096,True,0.6995918183772663,305.1002395112058
KOH,B2,14.5,0.6778134347477094,0.005808469621615409,0.31637809551743334,0.312471866013325,True,0.6995918183772663,305.1002395112058
KOH,B2,15.0,0.6788990236330505,0.005807135642688088,0.3152938406130179,0.313904967884556,True,0.6995918183772663,305.1002395112058
KOH,B2,15.5,0.6799616135859665,0.005806169537936334,0.31423221676718516,0.3153394877756633,True,0.6995918183772663,305.1002395112058
KOH,B2,16.0,0.6810012402519439,0.005805570176597996,0.3131931894648776,0.31677542521738145,True,0.6995918183772663,305.1002395112058
KOH,B2,16.5,0.6820179419257943,0.005805336471986777,0.3121767214983029,0.3182127800476324,True,0.6995918183772663,305.1002395112058
KOH,B2,17.0,0.6830117594914809,0.005805467382491436,0.31118277302422115,0.3196515524024781,True,0.6995918183772663,305.1002395112058
KOH,B2,17.5,0.6839827363595008,0.00580596190891125,0.31021130163111366,0.32109174270701835,True,0.6995918183772663,305.1002395112058
KOH,B2,18.0,0.6849309184085994,0.0058068190971205524,0.30926226239536003,0.3225333516662386,True,0.6995918183772663,305.1002395112058
KOH,B2,18.5,0.685856353921932,0.00580803803662544,0.30833560794529813,0.3239763802558151,True,0.6995918183772663,305.1002395112058
KOH,B2,19.0,0.6867590935273893,0.00580961785739964,0.30743128852056545,0.32542082971288205,True,0.6995918183772663,305.1002395112058
KOH,B2,19.5,0.6876391901406986,0.0058115577367123805,0.30654925203088546,0.3268667015267658,True,0.6995918183772663,305.1002395112058
KOH,B2,20.0,0.6884966989015306,0.005813856891356828,0.3056894441160196,0.32831399742969264,True,0.6995918183772663,305.1002395112058
KOH,B2,20.5,0.6893316771204305,0.005816514585255117,0.30485180820621904,0.3297627193874744,True,0.6995918183772663,305.1002395112058
KOH,B2,21.0,0.6901441842150358,0.005819530120354521,0.30403628557867934,0.3312128695901779,True,0.6995918183772663,305.1002395112058
KOH,B2,21.5,0.6909342816590058,0.005822902844343503,0.3032428154128852,0.33266445044278187,True,0.6995918183772663,305.1002395112058
KOH,B2,22.0,0.6917020329184065,0.005826632147931665,0.30247133485206135,0.3341174645558278,True,0.6995918183772663,305.1002395112058
KOH,B2,22.5,0.6924475033989741,0.005830717462407264,0.30172177905807285,0.3355719147360687,True,0.6995918183772663,305.1002395112058
KOH,B2,23.0,0.6931707603915482,0.005835158262024187,0.30099408126665894,0.33702780397712,True,0.6995918183772663,305.1002395112058
KOH,B2,23.5,0.6938718730164495,0.005839954065944841,0.3002881728415008,0.33848513545011844,True,0.6995918183772663,305.1002395112058
KOH,B2,24.0,0.6945509121635829,0.005845104431467796,0.2996039833292885,0.3399439124943908,True,0.6995918183772663,305.1002395112058
KOH,B2,24.5,0.6952079504495834,0.00585060896074463,0.29894144051695326,0.34140413860814106,True,0.6995918183772663,305.1002395112058
KOH,B2,25.0,0.6958430621539224,0.005856467296505574,0.29830047047829655,0.3428658174391544,True,0.6995918183772663,305.1002395112058
KOH,B2,25.5,0.6964563231749432,0.005862679123502801,0.29768099763166633,0.3443289527755277,True,0.6995918183772663,305.1002395112058
KOH,B2,26.0,0.6970478109731282,0.005869244169565135,0.29708294478941744,0.3457935485364265,True,0.6995918183772663,305.1002395112058
KOH,B2,26.5,0.6976176045224158,0.005876162203044544,0.29650623320798264,0.34725960876287376,True,0.6995918183772663,305.1002395112058
KOH,B2,27.0,0.6981657842599631,0.005883433033759822,0.29595078264205155,0.34872713760857477,True,0.6995918183772663,305.1002395112058
KOH,B2,27.5,0.6986924320354637,0.005891056513107618,0.29541651138870195,0.3501961393307795,True,0.6995918183772663,305.1002395112058
KOH,B2,28.0,0.6991976310665726,0.005899032534228965,0.2949033363385811,0.35166661828118884,True,0.6995918183772663,305.1002395112058
KOH,B2,28.5,0.6996814658843942,0.005907361031065594,0.2944111730250887,0.3531385788969053,True,0.6995918183772663,305.1002395112058
KOH,B2,29.0,0.7001440222926258,0.005916041979303621,0.2939399356698402,0.35461202569143324,True,0.6995918183772663,305.1002395112058
KOH,B2,29.5,0.7005853873176537,0.005925075395901702,0.2934895372304902,0.3560869632457306,True,0.6995918183772663,305.1002395112058
KOH,B2,30.0,0.7010056491656702,0.005934461337953056,0.29305988944275385,0.3575633961993158,True,0.6995918183772663,305.1002395112058
KOH,B2,30.5,0.701404897173602,0.005944199903878955,0.2926509028701174,0.35904132924143284,True,0.6995918183772663,305.1002395112058
KOH,B2,31.0,0.7017832217701137,0.005954291233706277,0.2922624869456103,0.3605207671022762,True,0.6995918183772663,305.1002395112058
KOH,B2,31.5,0.7021407144286729,0.005964735507402175,0.291894550015076,0.3620017145442799,True,0.6995918183772663,305.1002395112058
KOH,B2,32.0,0.7024774676269163,0.005975532946012052,0.2915469993795272,0.3634841763534718,True,0.6995918183772663,305.1002395112058
KOH,B2,32.5,0.7027935748034342,0.005986683811770588,0.29121974133847206,0.36496815733089655,True,0.6995918183772663,305.1002395112058
KOH,B2,33.0,0.7030891303210218,0.0059981884066862,0.29091268122818925,0.3664536622841093,True,0.6995918183772663,305.1002395112058
KOH,B2,33.5,0.7033642294184406,0.006010047073373714,0.2906257234649712,0.36794069601874235,True,0.6995918183772663,305.1002395112058
KOH,B2,34.0,0.7036189681801364,0.0060222601965254086,0.2903587715822331,0.3694292633301466,True,0.6995918183772663,305.1002395112058
KOH,B2,34.5,0.703853443491137,0.006034828198359099,0.29011172827037024,0.3709193689951108,True,0.6995918183772663,305.1002395112058
KOH,B2,35.0,0.7040677530021078,0.006047751544752122,0.2898844954147828,0.37241101776365987,True,0.6995918183772663,305.1002395112058
KOH,B2,35.5,0.7042619950915485,0.006061030740328599,0.2896769741310701,0.37390421435093446,True,0.6995918183772663,305.1002395112058
KOH,B2,36.0,0.7044362688302108,0.006074666330152523,0.2894890648043602,0.37539896342915285,True,0.6995918183772663,305.1002395112058
KOH,B2,36.5,0.7045906739435726,0.006088658899505717,0.2893206671228665,0.3768952696196587,True,0.6995918183772663,305.1002395112058
KOH,B2,37.0,0.7047253107797247,0.006103009074290289,0.289171680112818,0.3783931374850541,True,0.6995918183772663,305.1002395112058
KOH,B2,37.5,0.70484028027408,0.006117717521444965,0.28904200217337583,0.3798925715214212,True,0.6995918183772663,305.1002395112058
KOH,B2,38.0,0.7049356839143317,0.006132784946280556,0.28893153110970404,0.3813935761506329,True,0.6995918183772663,305.1002395112058
KOH,B2,38.5,0.7050116237109078,0.006148212095907768,0.2888401641642502,0.3828961557127544,True,0.6995918183772663,305.1002395112058
KOH,B2,39.0,0.7050682021639554,0.00616399975782167,0.28876779805096786,0.384400314458537,True,0.6995918183772663,305.1002395112058
KOH,B2,39.5,0.7051055222313252,0.006180148758000437,0.28871432898515403,0.3859060565420055,True,0.6995918183772663,305.1002395112058
KOH,B2,40.0,0.7051236872991917,0.006196659964388673,0.28867965271250906,0.38741338601313935,True,0.6995918183772663,305.1002395112058
KOH,B2,40.5,0.70512280115205,0.006213534284219002,0.28866366454080583,0.38892230681065076,True,0.6995918183772663,305.1002395112058
KOH,B2,41.0,0.7051029679447235,0.006230772665545559,0.2886662593677772,0.3904328227548582,True,0.6995918183772663,305.1002395112058
KOH,B2,41.5,0.7050642921729161,0.006248376095925601,0.2886873317107033,0.3919449375406591,True,0.6995918183772663,305.1002395112058
KOH,B2,42.0,0.7050068786453589,0.006266345604230561,0.288726775731489,0.39345865473059943,True,0.6995918183772663,305.1002395112058
KOH,B2,42.5,0.7049308324591843,0.0062846822586615225,0.2887844852642943,0.39497397774804466,True,0.6995918183772663,305.1002395112058
KOH,B2,43.0,0.7048362589712822,0.006303387167679031,0.2888603538445389,0.3964909098704496,True,0.6995918183772663,305.1002395112058
KOH,B2,43.5,0.704723263774288,0.006322461481030051,0.288954274729563,0.3980094542227298,True,0.6995918183772663,305.1002395112058
KOH,B2,44.0,0.7045919526718729,0.006341906387166696,0.28906614092725,0.39952961377073487,True,0.6995918183772663,305.1002395112058
KOH,B2,44.5,0.7044424316525865,0.006361723117026194,0.2891958452177351,0.4010513913148235,True,0.6995918183772663,305.1002395112058
KOH,B2,45.0,0.7042748068703296,0.0063819129403498015,0.28934328017802496,0.4025747894835421,True,0.6995918183772663,305.1002395112058
KOH,B2,45.5,0.7040891846164408,0.0064024771681764694,0.289508338205142,0.4040998107274064,True,0.6995918183772663,305.1002395112058
KOH,B2,46.0,0.7038856713034898,0.006423417150909494,0.28969091153602505,0.40562645731278707,True,0.6995918183772663,305.1002395112058
KOH,B2,46.5,0.7036643734375548,0.006444734281600348,0.2898908922728937,0.40715473131589947,True,0.6995918183772663,305.1002395112058
KOH,B2,47.0,0.7034253976016813,0.00646642999174718,0.29010817239960224,0.4086846346168984,True,0.6995918183772663,305.1002395112058
KOH,B2,47.5,0.7031688504340571,0.006488505754527474,0.29034264380546276,0.4102161688940778,True,0.6995918183772663,305.1002395112058
KOH,B2,48.0,0.7028948386081507,0.006510963084925547,0.2905941983026017,0.4117493356181754,True,0.6995918183772663,305.1002395112058
KOH,B2,48.5,0.7026034688133731,0.006533803536559746,0.29086272764701493,0.4132841360467832,True,0.6995918183772663,305.1002395112058
KOH,B2,49.0,0.7022948477374696,0.0065570287051536225,0.29114812355477554,0.4148205712188638,True,0.6995918183772663,305.1002395112058
KOH,B2,49.5,0.7019690820492738,0.006580640227654699,0.29145027772176785,0.4163586419493724,True,0.6995918183772663,305.1002395112058
KOH,B2,50.0,0.7016262783774498,0.006604639782345489,0.2917690818399418,0.41789834882398486,True,0.6995918183772663,305.1002395112058
KOH,B2,50.5,0.7012665432996057,0.006629029087171223,0.29210442761416766,0.41943969219393223,True,0.6995918183772663,305.1002395112058
KOH,B2,51.0,0.7008899833205046,0.006653809903042762,0.29245620677866013,0.4209826721709408,True,0.6995918183772663,305.1002395112058
KOH,B2,51.5,0.7004967048604704,0.006678984030963897,0.2928243111115503,0.42252728862227906,True,0.6995918183772663,305.1002395112058
KOH,B2,52.0,0.7000868142381378,0.006704553314154649,0.29320863245188566,0.4240735411659108,True,0.6995918183772663,305.1002395112058
KOH,B2,52.5,0.6996604176557758,0.0067305196374822795,0.2936090627121135,0.4256214291657535,True,0.6995918183772663,305.1002395112058
KOH,B2,53.0,0.6992176211856466,0.006756884926920059,0.2940254938930964,0.4271709517270446,True,0.6995918183772663,305.1002395112058
KOH,B2,53.5,0.6987585307576538,0.0067836511513513775,0.294457818097435,0.42872210769181185,True,0.6995918183772663,305.1002395112058
KOH,B2,54.0,0.6982832521451321,0.0068108203200439865,0.2949059275422633,0.43027489563445087,True,0.6995918183772663,305.1002395112058
KOH,B2,54.5,0.697791890950164,0.0068383944856892365,0.29536971457212735,0.4318293138574079,True,0.6995918183772663,305.1002395112058
KOH,B2,55.0,0.6972845525968357,0.006866375742625719,0.29584907166989305,0.4333853603869686,True,0.6995918183772663,305.1002395112058
KOH,B2,55.5,0.6967613423139313,0.0068947662279356114,0.2963438914685146,0.4349430329691522,True,0.6995918183772663,305.1002395112058
KOH,B2,56.0,0.6962223651275634,0.006923568120098533,0.29685406676333015,0.43650232906570985,True,0.6995918183772663,305.1002395112058
KOH,B2,56.5,0.6956677258490029,0.00695278364190588,0.29737949052136003,0.4380632458502301,True,0.6995918183772663,305.1002395112058
KOH,B2,57.0,0.6950975290646033,0.006982415057671387,0.2979200558906603,0.4396257802043469,True,0.6995918183772663,305.1002395112058
KOH,B2,57.5,0.6945118791267246,0.007012464675437702,0.2984756562119384,0.44118992871405277,True,0.6995918183772663,305.1002395112058
KOH,B2,58.0,0.6939108801433669,0.007042934845685744,0.2990461850254089,0.44275568766611767,True,0.6995918183772663,305.1002395112058
KOH,B2,58.5,0.6932946359706205,0.007073827962889023,0.29963153608184023,0.44432305304460934,True,0.6995918183772663,305.1002395112058
KOH,B2,59.0,0.6926632502027297,0.007105146464458922,0.30023160334882726,0.44589202052751864,True,0.6995918183772663,305.1002395112058
KOH,B2,59.5,0.6920168261650428,0.007136892832160235,0.3008462810197843,0.4474625854834882,True,0.6995918183772663,305.1002395112058
KOH,B2,60.0,0.6913554669066291,0.007169069590806654,0.30147546352038423,0.4490347429686435,True,0.6995918183772663,305.1002395112058
KOH,B2,60.5,0.6906792751920077,0.007201679309259967,0.302119045517385,0.450608487723526,True,0.6995918183772663,305.1002395112058
KOH,B2,61.0,0.6899883534945417,0.007234724601484777,0.30277692192332006,0.45218381417013004,True,0.6995918183772663,305.1002395112058
KOH,B2,61.5,0.6892828039912202,0.007268208125299491,0.303448987903715,0.4537607164090397,True,0.6995918183772663,305.1002395112058
KOH,B2,62.0,0.6885627285551088,0.007302132582598375,0.30413513888313815,0.45533918821666874,True,0.6995918183772663,305.1002395112058
KOH,B2,62.5,0.6878282287502424,0.007336500721349948,0.30483527055000237,0.45691922304259996,True,0.6995918183772663,305.1002395112058
KOH,B2,63.0,0.6870794058266572,0.00737131533323776,0.3055492788618108,0.4585008140070263,True,0.6995918183772663,305.1002395112058
KOH,B2,63.5,0.6863163607147005,0.0074065792566857525,0.3062770600510134,0.4600839538982914,True,0.6995918183772663,305.1002395112058
KOH,B2,64.0,0.6855391940208677,0.007442295374221475,0.30701851062836516,0.4616686351705304,True,0.6995918183772663,305.1002395112058
KOH,B2,64.5,0.6847480060229449,0.007478466615085111,0.3077735273859239,0.4632548499414102,True,0.6995918183772663,305.1002395112058
KOH,B2,65.0,0.6839428966669281,0.007515095953758433,0.3085420074037115,0.46484258998996747,True,0.6995918183772663,305.1002395112058
KOH,B2,65.5,0.6831239655628041,0.007552186411324824,0.3093238480509908,0.46643184675454624,True,0.6995918183772663,305.1002395112058
KOH,B2,66.0,0.6822913119813034,0.00758974105527499,0.3101189469888188,0.4680226113308331,True,0.6995918183772663,305.1002395112058
KOH,B2,66.5,0.6814450348508194,0.007627762999451448,0.31092720217562597,0.46961487446998984,True,0.6995918183772663,305.1002395112058
KOH,B2,67.0,0.6805852327552431,0.007666255405408551,0.3117485118660779,0.4712086265768829,True,0.6995918183772663,305.1002395112058
KOH,B2,67.5,0.679712003930022,0.007705221481218993,0.3125827746159049,0.47280385770840944,True,0.6995918183772663,305.1002395112058
KOH,B2,68.0,0.6788254462621879,0.007744664482806085,0.3134298892825682,0.4744005575719205,True,0.6995918183772663,305.1002395112058
KOH,B2,68.5,0.6779256572870263,0.007784587713166591,0.31428975502773016,0.475998715523738,True,0.6995918183772663,305.1002395112058
KOH,B2,69.0,0.6770127341874099,0.007824994524230355,0.3151622713172819,0.4775983205677687,True,0.6995918183772663,305.1002395112058
KOH,B2,69.5,0.676086773791218,0.007865888315361502,0.3160473379225093,0.47919936135421104,True,0.6995918183772663,305.1002395112058
KOH,B2,70.0,0.6751478725715576,0.00790727253513479,0.31694485492256286,0.4808018261783578,True,0.6995918183772663,305.1002395112058
KOH,B2,70.5,0.6741961266455987,0.007949150680752748,0.31785472270312587,0.48240570297949137,True,0.6995918183772663,305.1002395112058
KOH,B2,71.0,0.673231631774962,0.007991526298267715,0.31877684195669165,0.48401097933987236,True,0.6995918183772663,305.1002395112058
KOH,B2,71.5,0.6722544833624444,0.008034402983636557,0.31971111368400695,0.485617642483822,True,0.6995918183772663,305.1002395112058
KOH,B2,72.0,0.6712647764562374,0.00807778438244311,0.32065743919207357,0.4872256792768945,True,0.6995918183772663,305.1002395112058
KOH,B2,72.5,0.6702626057456529,0.008121674189953687,0.32161572009486994,0.48883507622514355,True,0.6995918183772663,305.1002395112058
KOH,B2,73.0,0.6692480655664523,0.008166076152560375,0.32258585831229647,0.49044581947447874,True,0.6995918183772663,305.1002395112058
KOH,B2,73.5,0.6682212498966833,0.008210994066559785,0.32356775606834365,0.49205789481011264,True,0.6995918183772663,305.1002395112058
KOH,B2,74.0,0.6671822523612314,0.008256431779152251,0.3245613158913141,0.4936712876560986,True,0.6995918183772663,305.1002395112058
KOH,B2,74.5,0.6661311662302105,0.008302393189996149,0.32556644061176865,0.4952859830749582,True,0.6995918183772663,305.1002395112058
KOH,B2,75.0,0.6650680844219048,0.008348882249653578,0.32658303336047245,0.49690196576739776,True,0.6995918183772663,305.1002395112058
KOH,B2,75.5,0.6639930995041565,0.008395902960589563,0.32761099756789536,0.49851922007211374,True,0.6995918183772663,305.1002395112058
KOH,B2,76.0,0.6629063036948102,0.008443459377227569,0.32865023696049267,0.5001377299656861,True,0.6995918183772663,305.1002395112058
KOH,B2,76.5,0.6618077888646545,0.008491555607892387,0.32970065556020556,0.5017574790625601,True,0.6995918183772663,305.1002395112058
KOH,B2,77.0,0.6606976465390324,0.008540195812922757,0.33076215768101935,0.5033784506151141,True,0.6995918183772663,305.1002395112058
KOH,B2,77.5,0.6595759679002833,0.00858938420666977,0.33183464792602146,0.5050006275138156,True,0.6995918183772663,305.1002395112058
KOH,B2,78.0,0.6584428437897416,0.008639125056608687,0.33291803118679075,0.5066239922874625,True,0.6995918183772663,305.1002395112058
KOH,B2,78.5,0.6572983647098463,0.008689422684893255,0.3340122126381795,0.5082485271035103,True,0.6995918183772663,305.1002395112058
KOH,B2,79.0,0.6561426208285259,0.008740281467745081,0.33511709773637044,0.5098742137684851,True,0.6995918183772663,305.1002395112058
KOH,B2,79.5,0.6549757019800873,0.008791705837063457,0.33623259221549073,0.5115010337284803,True,0.6995918183772663,305.1002395112058
KOH,B2,80.0,0.6537976976692117,0.008843700278704514,0.3373586020846697,0.5131289680697386,True,0.6995918183772663,305.1002395112058
KOH,B2,80.5,0.6526086970737865,0.008896269335589846,0.3384950336235426,0.5147579975193176,True,0.6995918183772663,305.1002395112058
KOH,B2,81.0,0.6514087890477915,0.008949417605430554,0.33964179337947487,0.5163881024458374,True,0.6995918183772663,305.1002395112058
KOH,B2,81.5,0.6501980621260728,0.009003149742725647,0.340798788163732,0.5180192628603132,True,0.6995918183772663,305.1002395112058
KOH,B2,82.0,0.6489766045257861,0.009057470459428174,0.34196592504731615,0.5196514584170682,True,0.6995918183772663,305.1002395112058
KOH,B2,82.5,0.647744504151726,0.009112384523835004,0.34314311135680287,0.5212846684147286,True,0.6995918183772663,305.1002395112058
KOH,B2,83.0,0.6465018485990459,0.009167896762418692,0.3443302546706217,0.522918871797302,True,0.6995918183772663,305.1002395112058
KOH,B2,83.5,0.6452487251581984,0.009224012059272368,0.34552726281411594,0.5245540471553322,True,0.6995918183772663,305.1002395112058
KOH,B2,84.0,0.6439852208170449,0.00928073535771956,0.34673404385671125,0.5261901727271389,True,0.6995918183772663,305.1002395112058
KOH,B2,84.5,0.6427114222677388,0.009338071658926417,0.347950506104866,0.5278272264001347,True,0.6995918183772663,305.1002395112058
KOH,B2,85.0,0.6414274159072808,0.009396026024177662,0.3491765580998507,0.5294651857122211,True,0.6995918183772663,305.1002395112058
KOH,B2,85.5,0.6401332878450128,0.009454603573988418,0.35041210861219696,0.531104027853265,True,0.6995918183772663,305.1002395112058
KOH,B2,86.0,0.6388291239051158,0.009513809489436476,0.35165706663609075,0.5327437296666514,True,0.6995918183772663,305.1002395112058
KOH,B2,86.5,0.6375150096325499,0.009573649011995755,0.3529113413857643,0.5343842676509151,True,0.6995918183772663,305.1002395112058
KOH,B2,87.0,0.6361910302944418,0.009634127444368978,0.3541748422910551,0.5360256179614499,True,0.6995918183772663,305.1002395112058
KOH,B2,87.5,0.6348572708891886,0.009695250150820733,0.355447478989801,0.5376677564122936,True,0.6995918183772663,305.1002395112058
KOH,B2,88.0,0.6335138161472353,0.00975702255695543,0.356729161325231,0.539310658477989,True,0.6995918183772663,305.1002395112058
KOH,B2,88.5,0.6321607505374027,0.009819450151882236,0.35801979933930417,0.5409542992955226,True,0.6995918183772663,305.1002395112058
KOH,B2,89.0,0.6307981582724387,0.009882538486605252,0.3593193032691011,0.5425986536663356,True,0.6995918183772663,305.1002395112058
KOH,B2,89.5,0.6294261233121268,0.009946293175966403,0.3606275835392747,0.544243696058412,True,0.6995918183772663,305.1002395112058
KOH,B2,90.0,0.6280447293690039,0.010010719899034015,0.36194455075927445,0.5458894006084395,True,0.6995918183772663,305.1002395112058
KOH,B2,90.5,0.6266540599130233,0.01007582439827015,0.36327011571501977,0.5475357411240444,True,0.6995918183772663,305.1002395112058
KOH,B2,91.0,0.6252541981777715,0.010141612481695539,0.36460418936640204,0.5491826910860992,True,0.6995918183772663,305.1002395112058
KOH,B2,91.5,0.6238452271636885,0.010208090022445493,0.365946682839291,0.5508302236511042,True,0.6995918183772663,305.1002395112058
KOH,B2,92.0,0.6224272296436184,0.010275262959213993,0.3672975074217044,0.5524783116536393,True,0.6995918183772663,305.1002395112058
KOH,B2,92.5,0.621000288169471,0.010343137296919824,0.3686565745575354,0.5541269276088869,True,0.6995918183772663,305.1002395112058
KOH,B2,93.0,0.6195644850749416,0.01041171910792782,0.3700237958405017,0.5557760437152297,True,0.6995918183772663,305.1002395112058
KOH,B2,93.5,0.6181199024820616,0.01048101453110517,0.37139908300937163,0.5574256318569133,True,0.6995918183772663,305.1002395112058
KOH,B2,94.0,0.6166666223061945,0.010551029773431253,0.37278234794230203,0.5590756636067825,True,0.6995918183772663,305.1002395112058
KOH,B2,94.5,0.6152047262610316,0.010621771110441713,0.37417350264984384,0.5607261102290862,True,0.6995918183772663,305.1002395112058
KOH,B2,95.0,0.6137342958638659,0.01069324488572887,0.37557245927033467,0.5623769426823497,True,0.6995918183772663,305.1002395112058
KOH,B2,95.5,0.6122554124408652,0.01076545751327318,0.37697913006506933,0.5640281316223167,True,0.6995918183772663,305.1002395112058
KOH,B2,96.0,0.6107681571322354,0.010838415476499552,0.37839342740997317,0.5656796474049574,True,0.6995918183772663,305.1002395112058
KOH,B2,96.5,0.6092726108970492,0.010912125328721434,0.3798152637918273,0.567331460089545,True,0.6995918183772663,305.1002395112058
KOH,B2,97.0,0.6077688545195192,0.010986593694639613,0.3812445518024954,0.5689835394417988,True,0.6995918183772663,305.1002395112058
KOH,B2,97.5,0.6062569686126063,0.01106182727095284,0.3826812041319849,0.5706358549370903,True,0.6995918183772663,305.1002395112058
KOH,B2,98.0,0.604737033624847,0.011137832825192095,0.38412513356411715,0.5722883757637187,True,0.6995918183772663,305.1002395112058
KOH,B2,98.5,0.603209129844906,0.011214617198884724,0.3855762529699769,0.5739410708262471,True,0.6995918183772663,305.1002395112058
KOH,B2,99.0,0.6016733374051841,0.011292187305500523,0.3870344753015287,0.5755939087489059,True,0.6995918183772663,305.1002395112058
KOH,B2,99.5,0.6001297362910885,0.011370550132672186,0.38849971358767554,0.5772468578790573,True,0.6995918183772663,305.1002395112058
KOH,B2,100.0,0.5985784063406996,0.011449712742583884,0.38997188092726454,0.5788998862907238,True,0.6995918183772663,305.1002395112058
KOH,B2,100.5,0.5970194272545415,0.011529682271471664,0.39145089048353565,0.5805529617881782,True,0.6995918183772663,305.1002395112058
KOH,B2,101.0,0.5954528785980795,0.011610465931566338,0.39293665547834866,0.5822060519095958,True,0.6995918183772663,305.1002395112058
KOH,B2,101.5,0.5938788398082151,0.011692071010704908,0.3944290891877422,0.5838591239307668,True,0.6995918183772663,305.1002395112058
KOH,B2,102.0,0.5922973901965056,0.011774504874106917,0.3959281049350505,0.5855121448688684,True,0.6995918183772663,305.1002395112058
KOH,B2,102.5,0.5907086089560476,0.011857774962931167,0.397433616085352,0.5871650814862985,True,0.6995918183772663,305.1002395112058
KOH,B2,103.0,0.5891125751656956,0.011941888796718203,0.3989455360406957,0.5888179002945652,True,0.6995918183772663,305.1002395112058
KOH,B2,103.5,0.587509367794059,0.012026853973279295,0.4004637782343279,0.590470567558237,True,0.6995918183772663,305.1002395112058
KOH,B2,104.0,0.5858990657064966,0.012112678168807456,0.4019882561251409,0.5921230492989494,True,0.6995918183772663,305.1002395112058
KOH,B2,104.5,0.5842817476671147,0.012199369139209715,0.4035188831923442,0.5937753112994681,True,0.6995918183772663,305.1002395112058
KOH,B2,105.0,0.5826574923460948,0.012286934721550402,0.40505557293002425,0.5954273191078087,True,0.6995918183772663,305.1002395112058
KOH,B2,105.5,0.581026378322691,0.012375382831941728,0.4065982388415934,0.5970790380414106,True,0.6995918183772663,305.1002395112058
KOH,B2,106.0,0.5793884840901153,0.012464721468874451,0.408146794435682,0.5987304331913679,True,0.6995918183772663,305.1002395112058
KOH,B2,106.5,0.5777438880615327,0.012554958712218678,0.4097011532193662,0.6003814694267111,True,0.6995918183772663,305.1002395112058
KOH,B2,107.0,0.5760926685728363,0.01264610272455613,0.41126122869439286,0.6020321113987438,True,0.6995918183772663,305.1002395112058
KOH,B2,107.5,0.5744349038874219,0.012738161751735255,0.41282693435096274,0.6036823235454315,True,0.6995918183772663,305.1002395112058
KOH,B2,108.0,0.5727706722011838,0.012831144123426341,0.4143981836637334,0.6053320700958411,True,0.6995918183772663,305.1002395112058
KOH,B2,108.5,0.5711000516469555,0.012925058253121513,0.4159748900867122,0.6069813150746318,True,0.6995918183772663,305.1002395112058
KOH,B2,109.0,0.5694231202973965,0.013019912640244158,0.4175569670473722,0.6086300223065959,True,0.6995918183772663,305.1002395112058
KOH,B2,109.5,0.5677399561705432,0.013115715869704836,0.4191443279434326,0.6102781554212484,True,0.6995918183772663,305.1002395112058
KOH,B2,110.0,0.5660506372331398,0.013212476611457191,0.4207368861367522,0.611925677857465,True,0.6995918183772663,305.1002395112058
KOH,B2,110.5,0.5643552414055231,0.01331020362427271,0.42233455494988803,0.6135725528681679,True,0.6995918183772663,305.1002395112058
KOH,B2,111.0,0.562653846563621,0.01340890575340925,0.4239372476605441,0.6152187435250573,True,0.6995918183772663,305.1002395112058
KOH,B2,111.5,0.5609465305450589,0.013508591932942515,0.42554487749779657,0.6168642127233902,True,0.6995918183772663,305.1002395112058
KOH,B2,112.0,0.5592333711514907,0.013609271185321958,0.42715735763754203,0.6185089231868021,True,0.6995918183772663,305.1002395112058
KOH,B2,112.5,0.557514446152263,0.013710952622592032,0.42877460119761235,0.6201528374721742,True,0.6995918183772663,305.1002395112058
KOH,B2,113.0,0.5557898332884115,0.01381364544750241,0.4303965212345551,0.6217959179745434,True,0.6995918183772663,305.1002395112058
KOH,B2,113.5,0.5540596102762141,0.013917358953063896,0.43202303073863746,0.6234381269320531,True,0.6995918183772663,305.1002395112058
KOH,B2,114.0,0.5523238548104104,0.014022102524768876,0.4336540426312929,0.6250794264309485,True,0.6995918183772663,305.1002395112058
KOH,B2,114.5,0.550582644566977,0.014127885638925974,0.4352894697583487,0.626719778410608,True,0.6995918183772663,305.1002395112058
KOH,B2,115.0,0.5488360572066808,0.014234717866212776,0.4369292248892487,0.6283591446686173,True,0.6995918183772663,305.1002395112058
KOH,B2,115.5,0.547084170378076,0.014342608870010487,0.43857322071227944,0.6299974868658805,True,0.6995918183772663,305.1002395112058
KOH,B2,116.0,0.5453270617203909,0.01445156840806927,0.44022136982957427,0.6316347665317689,True,0.6995918183772663,305.1002395112058
KOH,B2,116.5,0.5435648088666367,0.01456160633306336,0.4418735847560029,0.6332709450693057,True,0.6995918183772663,305.1002395112058
KOH,B2,117.0,0.5417974894459388,0.014672732593479232,0.4435297779142866,0.6349059837603875,True,0.6995918183772663,305.1002395112058
KOH,B2,117.5,0.5400251810865342,0.014784957233615614,0.4451898616312233,0.6365398437710389,True,0.6995918183772663,305.1002395112058
KOH,B2,118.0,0.5382479614174374,0.014898290395359837,0.44685374813613343,0.6381724861567009,True,0.6995918183772663,305.1002395112058
KOH,B2,118.5,0.5364659080722145,0.015012742317854766,0.4485213495566409,0.6398038718675524,True,0.6995918183772663,305.1002395112058
KOH,B2,119.0,0.534679098689872,0.015128323339275163,0.4501925779153426,0.6414339617538618,True,0.6995918183772663,305.1002395112058
KOH,B2,119.5,0.5328876109178537,0.01524504389582848,0.45186734512847604,0.6430627165713703,True,0.6995918183772663,305.1002395112058
KOH,B2,120.0,0.531091522413929,0.015362914524197357,0.45354556300158944,0.6446900969867029,True,0.6995918183772663,305.1002395112058
KOH,B2,120.5,0.5292909108475241,0.015481945861428592,0.4552271432283206,0.6463160635828081,True,0.6995918183772663,305.1002395112058
KOH,B2,121.0,0.5274858539024985,0.015602148645488256,0.45691199738673305,0.6479405768644265,True,0.6995918183772663,305.1002395112058
KOH,B2,121.5,0.5256764292775884,0.01572353371692703,0.4586000369378729,0.6495635972635807,True,0.6995918183772663,305.1002395112058
KOH,B2,122.0,0.5238627146896269,0.01584611201799202,0.4602911732221049,0.6511850851450958,True,0.6995918183772663,305.1002395112058
KOH,B2,122.5,0.5220447878729884,0.015969894594514145,0.46198531745966775,0.652805000812138,True,0.6995918183772663,305.1002395112058
KOH,B2,123.0,0.5202227265822534,0.016094892596796306,0.463682380745456,0.65442330451178,True,0.6995918183772663,305.1002395112058
KOH,B2,123.5,0.5183966085930969,0.01622111727983544,0.46538227404935295,0.6560399564405858,True,0.6995918183772663,305.1002395112058
KOH,B2,124.0,0.5165665117021767,0.016348580003655577,0.4670849082135664,0.6576549167502147,True,0.6995918183772663,305.1002395112058
KOH,B2,124.5,0.5147325137303538,0.016477292234418073,0.4687901939518513,0.6592681455530468,True,0.6995918183772663,305.1002395112058
KOH,B2,125.0,0.5128946925214706,0.016607265545420802,0.4704980418470672,0.6608796029278242,True,0.6995918183772663,305.1002395112058
KOH,B2,125.5,0.5110531259431284,0.016738511618097363,0.47220836234995733,0.6624892489253096,True,0.6995918183772663,305.1002395112058
KOH,B2,126.0,0.5092078918881304,0.01687104224168401,0.473921065778371,0.66409704357396,True,0.6995918183772663,305.1002395112058
KOH,B2,126.5,0.5073590682748153,0.01700486931421885,0.4756360623164868,0.6657029468856153,True,0.6995918183772663,305.1002395112058
KOH,B2,127.0,0.5055067330455021,0.017140004844429235,0.47735326201281403,0.6673069188611984,True,0.6995918183772663,305.1002395112058
KOH,B2,127.5,0.5036509641694886,0.017276460950510497,0.4790725747800817,0.668908919496428,True,0.6995918183772663,305.1002395112058
KOH,B2,128.0,0.5017918396393872,0.017414249863234588,0.48079391039412833,0.670508908787542,True,0.6995918183772663,305.1002395112058
KOH,B2,128.5,0.49992943747501073,0.017553383924284738,0.4825171784945681,0.6721068467370284,True,0.6995918183772663,305.1002395112058
KOH,B2,129.0,0.49806383571993074,0.017693875588475905,0.4842422885823483,0.6737026933593664,True,0.6995918183772663,305.1002395112058
KOH,B2,129.5,0.4961951124418107,0.01783573742464295,0.4859691500213037,0.6752964086867717,True,0.6995918183772663,305.1002395112058
KOH,B2,130.0,0.49432334573273895,0.01797898211519655,0.48769767203682424,0.6768879527749495,True,0.6995918183772663,305.1002395112058
KOH,B2,130.5,0.4924486137073414,0.018123622457677513,0.48942776371685426,0.6784772857088484,True,0.6995918183772663,305.1002395112058
KOH,B2,131.0,0.4905709945023373,0.018269671365089835,0.49115933401111533,0.6800643676084202,True,0.6995918183772663,305.1002395112058
KOH,B2,131.5,0.48869056627576235,0.01841714186823218,0.4928922917317724,0.681649158634378,True,0.6995918183772663,305.1002395112058
KOH,B2,132.0,0.486807407205303,0.018566047113144357,0.49462654555387786,0.683231618993958,True,0.6995918183772663,305.1002395112058
KOH,B2,132.5,0.48492159548796376,0.01871640036488209,0.4963620040165928,0.6848117089466752,True,0.6995918183772663,305.1002395112058
KOH,B2,133.0,0.4830332093367362,0.01886821500751701,0.49809857552174375,0.6863893888100804,True,0.6995918183772663,305.1002395112058
KOH,B2,133.5,0.48114232698071024,0.01902150454435869,0.49983616833748634,0.6879646189655118,True,0.6995918183772663,305.1002395112058
KOH,B2,134.0,0.4792490266636307,0.01917628259773263,0.5015746905978613,0.6895373598638398,True,0.6995918183772663,305.1002395112058
KOH,B2,134.5,0.4773533866405666,0.01933256291275498,0.5033140503029054,0.6911075720312084,True,0.6995918183772663,305.1002395112058
KOH,B2,135.0,0.4754554851765791,0.01949035935466803,0.5050541553213161,0.6926752160747648,True,0.6995918183772663,305.1002395112058
KOH,B2,135.5,0.4735554005447229,0.01964968591239291,0.5067949133924499,0.6942402526883822,True,0.6995918183772663,305.1002395112058
KOH,B2,136.0,0.4716532110230487,0.0198105566975304,0.5085362321254339,0.6958026426583697,True,0.6995918183772663,305.1002395112058
KOH,B2,136.5,0.4697489948947142,0.019972985944916033,0.5102780190034961,0.6973623468691723,True,0.6995918183772663,305.1002395112058
KOH,B2,137.0,0.46784283044110087,0.02013698801484054,0.5120201813835212,0.6989193263090554,True,0.6995918183772663,305.1002395112058
KOH,B2,137.5,0.4659347959430349,0.020302577392827814,0.5137626264993811,0.700473542075775,True,0.6995918183772663,305.1002395112058
KOH,B2,138.0,0.4640249696765686,0.020469768691189216,0.5155052614644884,0.7020249553822309,True,0.6995918183772663,305.1002395112058
KOH,B2,138.5,0.4621134299094276,0.020638576647913354,0.5172479932714635,0.7035735275621041,True,0.6995918183772663,305.1002395112058
KOH,B2,139.0,0.4602002548984574,0.020809016129219593,0.5189907287974638,0.7051192200754725,True,0.6995918183772663,305.1002395112058
KOH,B2,139.5,0.45828552288673663,0.020981102129891127,0.5207333748052934,0.7066619945144073,True,0.6995918183772663,305.1002395112058
KOH,B2,140.0,0.4563693120993584,0.02115484977394111,0.5224758379446248,0.7082018126085476,True,0.6995918183772663,305.1002395112058
KOH,B2,140.5,0.45445170074109864,0.021330274314723674,0.5242180247582162,0.7097386362306528,True,0.6995918183772663,305.1002395112058
KOH,B2,141.0,0.4525327669919754,0.021507391137043363,0.5259598416816891,0.7112724274021263,True,0.6995918183772663,305.1002395112058
KOH,B2,141.5,0.450612589003474,0.021686215756044902,0.5277011950473032,0.7128031482985182,True,0.6995918183772663,305.1002395112058
KOH,B2,142.0,0.4486912448947722,0.0218667638202108,0.5294419910882864,0.7143307612549971,True,0.6995918183772663,305.1002395112058
KOH,B2,142.5,0.44676881274963165,0.02204905110936295,0.531182135940389,0.7158552287717944,True,0.6995918183772663,305.1002395112058
KOH,B2,143.0,0.44484537061084684,0.022233093538215343,0.5329215356464356,0.7173765135196181,True,0.6995918183772663,305.1002395112058
KOH,B2,143.5,0.4429209964770253,0.022418907155707934,0.5346600961595449,0.7188945783450347,True,0.6995918183772663,305.1002395112058
KOH,B2,144.0,0.4409957682971477,0.022606508144673576,0.536397723346238,0.7204093862758187,True,0.6995918183772663,305.1002395112058
KOH,B2,144.5,0.4390697639683472,0.022795912825279707,0.5381343229911018,0.7219209005262678,True,0.6995918183772663,305.1002395112058
KOH,B2,145.0,0.43714306132769387,0.022987137653029954,0.539869800800119,0.7234290845024814,True,0.6995918183772663,305.1002395112058
KOH,B2,145.5,0.4352157381510846,0.0231801992210956,0.5416040624044438,0.7249339018076038,True,0.6995918183772663,305.1002395112058
KOH,B2,146.0,0.4332878721470257,0.0233751142604266,0.5433370133651749,0.7264353162470262,True,0.6995918183772663,305.1002395112058
KOH,B2,146.5,0.43135954095008255,0.02357189964152795,0.545068559177686,0.7279332918335533,True,0.6995918183772663,305.1002395112058
KOH,B2,147.0,0.42943082211766015,0.02377057237268332,0.5467986052741791,0.7294277927925236,True,0.6995918183772663,305.1002395112058
KOH,B2,147.5,0.4275017931260061,0.023971149604395947,0.5485270570306788,0.730918783566892,True,0.6995918183772663,305.1002395112058
KOH,B2,148.0,0.42557253136110695,0.024173648626168998,0.5502538197702522,0.7324062288222664,True,0.6995918183772663,305.1002395112058
KOH,B2,148.5,0.4236431141170227,0.024378086869392135,0.5519787987670055,0.7338900934518983,True,0.6995918183772663,305.1002395112058
KOH,B2,149.0,0.4217136185882264,0.02458448190889584,0.5537018992524123,0.73537034258163,True,0.6995918183772663,305.1002395112058
KOH,B2,149.5,0.41978412186427505,0.024792851461175047,0.5554230264195326,0.7368469415747921,True,0.6995918183772663,305.1002395112058
KOH,B2,150.0,0.4178547009259237,0.025003213386831646,0.5571420854281195,0.7383198560370523,True,0.6995918183772663,305.1002395112058
KOH,B2,150.5,0.4159254326365769,0.025215585691351627,0.5588589814089495,0.7397890518212155,True,0.6995918183772663,305.1002395112058
KOH,B2,151.0,0.41399639373862485,0.02542998652432793,0.5605736194701505,0.7412544950319699,True,0.6995918183772663,305.1002395112058
KOH,B2,151.5,0.41206766084633806,0.0256464341812368,0.5622859047013096,0.7427161520305847,True,0.6995918183772663,305.1002395112058
KOH,B2,152.0,0.41013931043931695,0.025864947104992098,0.5639957421802455,0.7441739894395489,True,0.6995918183772663,305.1002395112058
KOH,B2,152.5,0.4082114188586061,0.026085543884502016,0.5657030369775606,0.7456279741471594,True,0.6995918183772663,305.1002395112058
KOH,B2,153.0,0.40628406229736846,0.026308243256667474,0.567407694162303,0.7470780733120507,True,0.6995918183772663,305.1002395112058
KOH,B2,153.5,0.4043573167979986,0.0265330641072703,0.5691096188070732,0.7485242543676672,True,0.6995918183772663,305.1002395112058
KOH,B2,154.0,0.40243125824146464,0.026760025470862203,0.5708087159955744,0.7499664850266791,True,0.6995918183772663,305.1002395112058
KOH,B2,154.5,0.40050596234553204,0.026989146531875008,0.5725048908266084,0.7514047332853351,True,0.6995918183772663,305.1002395112058
KOH,B2,155.0,0.39858150465466036,0.027220446625175754,0.5741980484201825,0.7528389674277581,True,0.6995918183772663,305.1002395112058
KOH,B2,155.5,0.3966579605346743,0.027453945236288746,0.5758880939246147,0.754269156030176,True,0.6995918183772663,305.1002395112058
KOH,B2,156.0,0.3947354051666574,0.02768966200317191,0.5775749325217516,0.7556952679650915,True,0.6995918183772663,305.1002395112058
KOH,B2,156.5,0.39281391353951367,0.02792761671499555,0.5792584694325198,0.757117272405387,True,0.6995918183772663,305.1002395112058
KOH,B2,157.0,0.39089356044286205,0.028167829315584036,0.5809386099245861,0.758535138828364,True,0.6995918183772663,305.1002395112058
KOH,B2,157.5,0.3889744204602641,0.028410319901084335,0.5826152593171319,0.7599488370197186,True,0.6995918183772663,305.1002395112058
KOH,B2,158.0,0.3870565679636728,0.028655108721742373,0.5842883229887352,0.7613583370774463,True,0.6995918183772663,305.1002395112058
KOH,B2,158.5,0.38514007710432896,0.028902216183568363,0.5859577063820343,0.7627636094156822,True,0.6995918183772663,305.1002395112058
KOH,B2,159.0,0.38322502180720974,0.029151662847559656,0.5876233150110544,0.7641646247684702,True,0.6995918183772663,305.1002395112058
KOH,B2,159.5,0.3813114757635905,0.02940346943036687,0.5892850544676476,0.7655613541934632,True,0.6995918183772663,305.1002395112058
KOH,B2,160.0,0.37939951242327297,0.029657656805182064,0.590942830428598,0.7669537690755504,True,0.6995918183772663,305.1002395112058
KOH,B2,160.5,0.3774892049891454,0.029914246003404088,0.5925965486607288,0.7683418411304174,True,0.6995918183772663,305.1002395112058
KOH,B2,161.0,0.3755806264067463,0.03017325821286221,0.5942461150285627,0.7697255424080267,True,0.6995918183772663,305.1002395112058
KOH,B2,161.5,0.37367384936193293,0.030434714780591676,0.5958914355018718,0.7711048452960324,True,0.6995918183772663,305.1002395112058
KOH,B2,162.0,0.3717689462678919,0.030698637212389634,0.597532416159674,0.7724797225231146,True,0.6995918183772663,305.1002395112058
KOH,B2,162.5,0.36986598926269654,0.03096504717281512,0.599168963200114,0.7738501471622415,True,0.6995918183772663,305.1002395112058
KOH,B2,163.0,0.3679650501994258,0.03123396648674337,0.6008009829447936,0.7752160926338554,True,0.6995918183772663,305.1002395112058
KOH,B2,163.5,0.36606620063950324,0.03150541713980992,0.6024283818475418,0.7765775327089814,True,0.6995918183772663,305.1002395112058
KOH,B2,164.0,0.36416951184436996,0.03177942127863265,0.6040510664996335,0.7779344415122595,True,0.6995918183772663,305.1002395112058
KOH,B2,164.5,0.362275054770822,0.0320560012100346,0.6056689436372276,0.7792867935248989,True,0.6995918183772663,305.1002395112058
KOH,B2,165.0,0.3603829000599079,0.03233517940459674,0.6072819201488056,0.7806345635875517,True,0.6995918183772663,305.1002395112058
KOH,B2,165.5,0.3584931180331541,0.03261697849432643,0.6088899030819439,0.7819777269031102,True,0.6995918183772663,305.1002395112058
KOH,B2,166.0,0.35660577868190657,0.032901421274100784,0.6104927996487541,0.7833162590394226,True,0.6995918183772663,305.1002395112058
KOH,B2,166.5,0.3547209516624461,0.03318853070277683,0.6120905172352087,0.7846501359319281,True,0.6995918183772663,305.1002395112058
KOH,B2,167.0,0.35283870628766145,0.03347832990230337,0.6136829634060259,0.7859793338862113,True,0.6995918183772663,305.1002395112058
KOH,B2,167.5,0.35095911151883374,0.03377084215916426,0.6152700459135518,0.7873038295804765,True,0.6995918183772663,305.1002395112058
KOH,B2,168.0,0.34908223596008536,0.03406609092482249,0.6168516727024231,0.7886236000679365,True,0.6995918183772663,305.1002395112058
KOH,B2,168.5,0.34720814784905407,0.03436409981560917,0.6184277519182269,0.7899386227791234,True,0.6995918183772663,305.1002395112058
KOH,B2,169.0,0.34533691505100883,0.03466489261305661,0.6199981919142727,0.791248875524113,True,0.6995918183772663,305.1002395112058
KOH,B2,169.5,0.34346860505118926,0.03496849326467544,0.6215629012579216,0.7925543364946668,True,0.6995918183772663,305.1002395112058
KOH,B2,170.0,0.341603284946812,0.035274925884953845,0.6231217887378016,0.7938549842662922,True,0.6995918183772663,305.1002395112058
KOH,B2,170.5,0.33974102144063156,0.03558421475402529,0.6246747633710248,0.7951507978002148,True,0.6995918183772663,305.1002395112058
KOH,B2,171.0,0.33788188083294646,0.03589638431866771,0.6262217344096266,0.7964417564452719,True,0.6995918183772663,305.1002395112058
KOH,B2,171.5,0.33602592901504913,0.036211459194523954,0.6277626113473378,0.797727839939715,True,0.6995918183772663,305.1002395112058
KOH,B2,172.0,0.3341732314614543,0.036529464162882164,0.6292973039279115,0.7990090284129331,True,0.6995918183772663,305.1002395112058
KOH,B2,172.5,0.33232385322368163,0.03685042417478357,0.6308257221497859,0.8002853023870877,True,0.6995918183772663,305.1002395112058
KOH,B2,173.0,0.3304778589217072,0.037174364347247746,0.6323477762739671,0.8015566427786636,True,0.6995918183772663,305.1002395112058
KOH,B2,173.5,0.3286353127390784,0.03750130996815759,0.6338633768320223,0.8028230308999339,True,0.6995918183772663,305.1002395112058
KOH,B2,174.0,0.3267962784124778,0.03783128649181844,0.6353724346301881,0.8040844484603403,True,0.6995918183772663,305.1002395112058
KOH,B2,174.5,0.32496081922905873,0.03816431954251076,0.636874860758696,0.8053408775677868,True,0.6995918183772663,305.1002395112058
KOH,B2,175.0,0.3231289980154539,0.038500434913824044,0.6383705665962136,0.8065923007298493,True,0.6995918183772663,305.1002395112058
KOH,B2,175.5,0.32130087713466704,0.03883965856776861,0.6398594638191701,0.8078387008548967,True,0.6995918183772663,305.1002395112058
KOH,B2,176.0,0.3194765184755255,0.039182016636551964,0.6413414644050874,0.8090800612531298,True,0.6995918183772663,305.1002395112058
KOH,B2,176.5,0.3176559834490167,0.03952753542157961,0.6428164806421277,0.8103163656375318,True,0.6995918183772663,305.1002395112058
KOH,B2,177.0,0.3158393329805165,0.039876241394343204,0.6442844251336455,0.8115475981247339,True,0.6995918183772663,305.1002395112058
KOH,B2,177.5,0.3140266275030168,0.04022816119575445,0.6457452108056261,0.8127737432357977,True,0.6995918183772663,305.1002395112058
KOH,B2,178.0,0.3122179269502423,0.04058332163681122,0.6471987509125698,0.8139947858969083,True,0.6995918183772663,305.1002395112058
KOH,B2,178.5,0.3104132907518764,0.04094174969904163,0.6486449590444865,0.8152107114399851,True,0.6995918183772663,305.1002395112058
KOH,B2,179.0,0.3086127778253456,0.041303472533282815,0.6500837491323352,0.8164215056032066,True,0.6995918183772663,305.1002395112058
KOH,B2,179.5,0.3068164465708234,0.041668517460791143,0.6515150354549082,0.8176271545314503,True,0.6995918183772663,305.1002395112058
KOH,B2,180.0,0.3050243548642362,0.04203691197379733,0.6529387326444924,0.8188276447766487,True,0.6995918183772663,305.1002395112058
KOH,B2,180.5,0.30323656005126765,0.042408683732619856,0.6543547556941975,0.8200229632980601,True,0.6995918183772663,305.1002395112058
KOH,B2,181.0,0.30145311894236304,0.042783860569994836,0.6557630199616193,0.821213097462456,True,0.6995918183772663,305.1002395112058
KOH,B2,181.5,0.2996740878052906,0.043162470486857174,0.6571634411774996,0.8223980350442252,True,0.6995918183772663,305.1002395112058
KOH,B2,182.0,0.2978995223607006,0.043544541654894076,0.6585559354495008,0.8235777642253936,True,0.6995918183772663,305.1002395112058
KOH,B2,182.5,0.29612947777546417,0.04393010241621198,0.6599404192696445,0.8247522735955629,True,0.6995918183772663,305.1002395112058
KOH,B2,183.0,0.29436400865701096,0.044319181281116116,0.6613168095185307,0.8259215521517644,True,0.6995918183772663,305.1002395112058
KOH,B2,183.5,0.2926031690493325,0.04471180693077503,0.6626850234727755,0.8270855892982332,True,0.6995918183772663,305.1002395112058
KOH,B2,184.0,0.2908470124253215,0.045108008214667095,0.6640449788085645,0.8282443748460984,True,0.6995918183772663,305.1002395112058
KOH,B2,184.5,0.2890955916831084,0.04550781415235683,0.665396593608758,0.8293978990129962,True,0.6995918183772663,305.1002395112058
KOH,B2,185.0,0.2873489591401768,0.0459112539318296,0.6667397863675539,0.8305461524225978,True,0.6995918183772663,305.1002395112058
KOH,B2,185.5,0.2856071665293669,0.04631835691015773,0.668074475996483,0.8316891261040614,True,0.6995918183772663,305.1002395112058
KOH,B2,186.0,0.28387026499132606,0.04672915261183519,0.6694005818286275,0.8328268114914017,True,0.6995918183772663,305.1002395112058
KOH,B2,186.5,0.28213830507295423,0.04714367072988779,0.6707180236247279,0.8339592004227838,True,0.6995918183772663,305.1002395112058
KOH,B2,187.0,0.28041133671996565,0.047561941125318086,0.6720267215779563,0.835086285139736,True,0.6995918183772663,305.1002395112058
KOH,B2,187.5,0.27868940927477936,0.04798399382577312,0.6733265963183577,0.836208058286288,True,0.6995918183772663,305.1002395112058
KOH,B2,188.0,0.27697257146919174,0.04840985902687667,0.674617568919178,0.8373245129080304,True,0.6995918183772663,305.1002395112058
KOH,B2,188.5,0.2752608714223781,0.048839567089009606,0.6758995608999729,0.8384356424510993,True,0.6995918183772663,305.1002395112058
KOH,B2,189.0,0.2735543566351195,0.0492731485397524,0.6771724942318258,0.8395414407610852,True,0.6995918183772663,305.1002395112058
KOH,B2,189.5,0.27185307398724934,0.04971063407210874,0.6784362913434538,0.8406419020818675,True,0.6995918183772663,305.1002395112058
KOH,B2,190.0,0.27015706973199105,0.05015205454328431,0.6796908751235398,0.8417370210543755,True,0.6995918183772663,305.1002395112058
KOH,B2,190.5,0.26846638949340473,0.05059744097524188,0.6809361689263937,0.8428267927152774,True,0.6995918183772663,305.1002395112058
KOH,B2,191.0,0.2667810782616131,0.05104682455336906,0.6821720965758393,0.8439112124955943,True,0.6995918183772663,305.1002395112058
KOH,B2,191.5,0.2651011803906922,0.05150023662647829,0.6833985823695432,0.8449902762192466,True,0.6995918183772663,305.1002395112058
KOH,B2,192.0,0.263426739592898,0.05195770870558558,0.6846155510839003,0.8460639801015291,True,0.6995918183772663,305.1002395112058
KOH,B2,192.5,0.2617577989383335,0.05241927246368849,0.6858229279768091,0.847132320747514,True,0.6995918183772663,305.1002395112058
KOH,B2,193.0,0.26009440084906466,0.05288495973332363,0.687020638792224,0.8481952951503903,True,0.6995918183772663,305.1002395112058
KOH,B2,193.5,0.2584365870975658,0.053354802509342214,0.6882086097639295,0.8492529006897301,True,0.6995918183772663,305.1002395112058
KOH,B2,194.0,0.2567843988032781,0.05382883294402507,0.6893867676194265,0.8503051351296939,True,0.6995918183772663,305.1002395112058
KOH,B2,194.5,0.2551378764308332,0.054307083349081076,0.6905550395834847,0.8513519966171653,True,0.6995918183772663,305.1002395112058
KOH,B2,195.0,0.2534970597850572,0.05478958619287155,0.6917133533811404,0.8523934836798247,True,0.6995918183772663,305.1002395112058
KOH,B2,195.5,0.25186198801163684,0.05527637410140951,0.692861637242026,0.8534295952241576,True,0.6995918183772663,305.1002395112058
KOH,B2,196.0,0.25023269959256744,0.05576747985513997,0.6939998199038122,0.8544603305333993,True,0.6995918183772663,305.1002395112058
KOH,B2,196.5,0.24860923234404364,0.05626293638960611,0.695127830613651,0.8554856892654228,True,0.6995918183772663,305.1002395112058
KOH,B2,197.0,0.24699162341601522,0.05676277679422803,0.6962455991332828,0.8565056714505578,True,0.6995918183772663,305.1002395112058
KOH,B2,197.5,0.24537990928852338,0.05726703430986024,0.6973530557417007,0.8575202774893602,True,0.6995918183772663,305.1002395112058
KOH,B2,198.0,0.2437741257708126,0.05777574232879168,0.6984501312365943,0.8585295081503145,True,0.6995918183772663,305.1002395112058
KOH,B2,198.5,0.24217430799922113,0.05828893439352445,0.6995367569394562,0.8595333645674854,True,0.6995918183772663,305.1002395112058
KOH,B2,199.0,0.240580490436626,0.058806644195108504,0.7006128646969145,0.8605318482381081,True,0.6995918183772663,305.1002395112058
KOH,B2,199.5,0.23899270686977836,0.0593289055724755,0.7016783868828425,0.8615249610201278,True,0.6995918183772663,305.1002395112058
KOH,B2,200.0,0.2374109904094146,0.05985575250933017,0.7027332564023547,0.8625127051296819,True,0.6995918183772663,305.1002395112058
KOH,B2,200.5,0.23583537348803585,0.06038721913559364,0.7037774066938063,0.8634950831385333,True,0.6995918183772663,305.1002395112058
KOH,B2,201.0,0.2342658878604631,0.06092333972318453,0.7048107717303465,0.8644720979714465,True,0.6995918183772663,305.1002395112058
KOH,B2,201.5,0.2327025646012837,0.061464148686463105,0.7058332860224725,0.8654437529035197,True,0.6995918183772663,305.1002395112058
KOH,B2,202.0,0.2311454341051844,0.06200968057978873,0.7068448846213604,0.8664100515574618,True,0.6995918183772663,305.1002395112058
KOH,B2,202.5,0.22959452608750652,0.06255997009629866,0.7078455031193087,0.8673709979008253,True,0.6995918183772663,305.1002395112058
KOH,B2,203.0,0.22804986958158135,0.06311505206557655,0.7088350776522923,0.8683265962431911,True,0.6995918183772663,305.1002395112058
KOH,B2,203.5,0.2265114929402845,0.06367496145298635,0.7098135449028486,0.8692768512333053,True,0.6995918183772663,305.1002395112058
KOH,B2,204.0,0.22497942383603586,0.0642397333568967,0.7107808420995232,0.8702217678561762,True,0.6995918183772663,305.1002395112058
KOH,B2,204.5,0.2234536892599115,0.06480940300801485,0.7117369070210877,0.8711613514301232,True,0.6995918183772663,305.1002395112058
KOH,B2,205.0,0.2219343155223097,0.06538400576616699,0.7126816779968737,0.8720956076037859,True,0.6995918183772663,305.1002395112058
KOH,B2,205.5,0.22042132825361715,0.0659635771197431,0.7136150939082153,0.8730245423530932,True,0.6995918183772663,305.1002395112058
KOH,B2,206.0,0.21891475240443103,0.06654815268336556,0.7145370941903373,0.8739481619781891,True,0.6995918183772663,305.1002395112058
KOH,B2,206.5,0.2174146122464471,0.06713776819444739,0.7154476188339087,0.8748664731003254,True,0.6995918183772663,305.1002395112058
KOH,B2,207.0,0.2159209313729038,0.06773245951330331,0.7163466083850434,0.8757794826587104,True,0.6995918183772663,305.1002395112058
KOH,B2,207.5,0.21443373270002564,0.068332262619486,0.7172340039482972,0.8766871979073296,True,0.6995918183772663,305.1002395112058
KOH,B2,208.0,0.21295303846724511,0.06893721361023175,0.7181097471867792,0.8775896264117224,True,0.6995918183772663,305.1002395112058
KOH,B2,208.5,0.21147887023986733,0.06954734869790702,0.71897378032304,0.878486776045735,True,0.6995918183772663,305.1002395112058
KOH,B2,209.0,0.21001124890884793,0.07016270420834303,0.7198260461406258,0.8793786549882315,True,0.6995918183772663,305.1002395112058
KOH,B2,209.5,0.2085501946930135,0.070783316576839,0.7206664879844116,0.8802652717197816,True,0.6995918183772663,305.1002395112058
KOH,B2,210.0,0.20709572714017188,0.0714092223483842,0.7214950497624883,0.8811466350193128,True,0.6995918183772663,305.1002395112058
KOH,B2,210.5,0.2056478651306648,0.07204045817177374,0.7223116759450532,0.8820227539607383,True,0.6995918183772663,305.1002395112058
KOH,B2,211.0,0.20420662687670177,0.07267706080060776,0.7231163115671846,0.8828936379095534,True,0.6995918183772663,305.1002395112058
KOH,B2,211.5,0.2027720299249136,0.07331906708740732,0.7239089022288425,0.8837592965194082,True,0.6995918183772663,305.1002395112058
KOH,B2,212.0,0.20134409116079333,0.0739665139830592,0.7246893940935362,0.8846197397286553,True,0.6995918183772663,305.1002395112058
KOH,B2,212.5,0.199922826808141,0.07461943853392938,0.7254577338924317,0.885474977756872,True,0.6995918183772663,305.1002395112058
KOH,B2,213.0,0.19850825243272752,0.07527787787720008,0.72621386892191,0.8863250211013611,True,0.6995918183772663,305.1002395112058
KOH,B2,213.5,0.19710038294373788,0.07594186923998159,0.7269577470443433,0.8871698805336304,True,0.6995918183772663,305.1002395112058
KOH,B2,214.0,0.19569923259865618,0.07661144993620361,0.7276893166903164,0.8880095670958497,True,0.6995918183772663,305.1002395112058
KOH,B2,214.5,0.19430481500326557,0.07728665736173035,0.7284085268568496,0.888844092097293,True,0.6995918183772663,305.1002395112058
KOH,B2,215.0,0.19291714311697739,0.07796752899302817,0.7291153271089534,0.8896734671107586,True,0.6995918183772663,305.1002395112058
KOH,B2,215.5,0.19153622925327518,0.07865410238383497,0.7298096675789623,0.890497703968975,True,0.6995918183772663,305.1002395112058
KOH,B2,216.0,0.19016208508415566,0.07934641516094132,0.7304914989676448,0.8913168147609897,True,0.6995918183772663,305.1002395112058
KOH,B2,216.5,0.1887947216447916,0.08004450502174798,0.7311607725433156,0.8921308118285447,True,0.6995918183772663,305.1002395112058
KOH,B2,217.0,0.18743414933353186,0.08074840973049113,0.7318174401427235,0.8929397077624392,True,0.6995918183772663,305.1002395112058
KOH,B2,217.5,0.18608037791834064,0.08145816711468967,0.7324614541710517,0.8937435153988779,True,0.6995918183772663,305.1002395112058
KOH,B2,218.0,0.18473341653790776,0.08217381506137045,0.7330927676012511,0.8945422478158109,True,0.6995918183772663,305.1002395112058
KOH,B2,218.5,0.18339327370697767,0.0828953915152919,0.7337113339755952,0.8953359183292617,True,0.6995918183772663,305.1002395112058
KOH,B2,219.0,0.18205995731968017,0.0836229344720607,0.7343171074032373,0.8961245404896494,True,0.6995918183772663,305.1002395112058
KOH,B2,219.5,0.18073347465219491,0.08435648197657741,0.7349100425633193,0.8969081280780984,True,0.6995918183772663,305.1002395112058
KOH,B2,220.0,0.1794138323680805,0.08509607211948378,0.7354900947016407,0.8976866951027461,True,0.6995918183772663,305.1002395112058
KOH,B2,220.5,0.17810103652271536,0.08584174303072345,0.7360572196326576,0.8984602557950436,True,0.6995918183772663,305.1002395112058
KOH,B2,221.0,0.17679509256507409,0.08659353287865379,0.7366113737394819,0.8992288246060516,True,0.6995918183772663,305.1002395112058
KOH,B2,221.5,0.17549600534372267,0.08735147986405067,0.7371525139723278,0.8999924162027325,True,0.6995918183772663,305.1002395112058
KOH,B2,222.0,0.1742037791108153,0.08811562221655578,0.7376805978500656,0.9007510454642415,True,0.6995918183772663,305.1002395112058
KOH,B2,222.5,0.17291841752609116,0.08888599818979159,0.7381955834586673,0.9015047274782145,True,0.6995918183772663,305.1002395112058
KOH,B2,223.0,0.1716399236622035,0.08966264605736463,0.7386974294516513,0.9022534775370599,True,0.6995918183772663,305.1002395112058
KOH,B2,223.5,0.1703683000078282,0.09044560411020086,0.7391860950509699,0.9029973111342445,True,0.6995918183772663,305.1002395112058
KOH,B2,224.0,0.16910354847321507,0.09123491064766398,0.7396615400452333,0.9037362439605877,True,0.6995918183772663,305.1002395112058
KOH,B2,224.5,0.16784567039596077,0.0920306039777774,0.7401237247897097,0.9044702919005535,True,0.6995918183772663,305.1002395112058
KOH,B2,225.0,0.16659466654145305,0.09283272241011886,0.7405726102087673,0.9051994710285495,True,0.6995918183772663,305.1002395112058
KOH,B2,225.5,0.16535053711486114,0.09364130425093542,0.7410081577923222,0.9059237976052283,True,0.6995918183772663,305.1002395112058
KOH,B2,226.0,0.16411328175891526,0.09445638779936871,0.7414303295969482,0.9066432880737965,True,0.6995918183772663,305.1002395112058
KOH,B2,226.5,0.16288289956389868,0.0952780113412377,0.7418390882472092,0.9073579590563271,True,0.6995918183772663,305.1002395112058
KOH,B2,227.0,0.16165938906920196,0.09610621314593004,0.742234396934327,0.9080678273500823,True,0.6995918183772663,305.1002395112058
KOH,B2,227.5,0.16044274827087257,0.09694103145929667,0.7426162194168473,0.9087729099238435,True,0.6995918183772663,305.1002395112058
KOH,B2,228.0,0.15923297462627772,0.09778250449898884,0.7429845200190854,0.9094732239142502,True,0.6995918183772663,305.1002395112058
KOH,B2,228.5,0.15803006505854533,0.09863067045090546,0.7433392636322367,0.910168786622147,True,0.6995918183772663,305.1002395112058
KOH,B2,229.0,0.15683401596189306,0.09948556746075532,0.7436804157165966,0.9108596155089459,True,0.6995918183772663,305.1002395112058
KOH,B2,229.5,0.15564482320895578,0.1003472336307265,0.7440079422968982,0.9115457281929967,True,0.6995918183772663,305.1002395112058
KOH,B2,230.0,0.15446248215300606,0.10121570701482341,0.7443218099660864,0.912227142445971,True,0.6995918183772663,305.1002395112058
KOH,B2,230.5,0.15328698763572568,0.10209102561109518,0.7446219858846526,0.9129038761892576,True,0.6995918183772663,305.1002395112058
KOH,B2,231.0,0.1521183339929788,0.1029732273560846,0.7449084377801896,0.913575947490376,True,0.6995918183772663,305.1002395112058
KOH,B2,231.5,0.1509565150572545,0.10386235011994316,0.7451811339489467,0.9142433745594005,True,0.6995918183772663,305.1002395112058
KOH,B2,232.0,0.14980152416854686,0.10475843170154597,0.7454400432540531,0.9149061757454021,True,0.6995918183772663,305.1002395112058
KOH,B2,232.5,0.148653354173911,0.10566150981983213,0.7456851351279603,0.9155643695329065,True,0.6995918183772663,305.1002395112058
KOH,B2,233.0,0.1475119974387873,0.10657162210958582,0.7459163795708879,0.9162179745383675,True,0.6995918183772663,305.1002395112058
KOH,B2,233.5,0.14637744584788948,0.10748880611477496,0.74613374715371,0.9168670095066596,True,0.6995918183772663,305.1002395112058
KOH,B2,234.0,0.14524969081519679,0.10841309928344423,0.746337209015957,0.9175114933075891,True,0.6995918183772663,305.1002395112058
KOH,B2,234.5,0.14412872328639637,0.10934453895816709,0.7465267368669259,0.9181514449324231,True,0.6995918183772663,305.1002395112058
KOH,B2,235.0,0.14301453374665485,0.1102831623738254,0.7467023029890107,0.9187868834904379,True,0.6995918183772663,305.1002395112058
KOH,B2,235.5,0.14190711222639152,0.11122900664717328,0.7468638802337058,0.9194178282054897,True,0.6995918183772663,305.1002395112058
KOH,B2,236.0,0.1408064483052751,0.11218210877350643,0.7470114420258245,0.9200442984126037,True,0.6995918183772663,305.1002395112058
KOH,B2,236.5,0.1397125311206615,0.11314250561800243,0.7471449623634996,0.920666313554586,True,0.6995918183772663,305.1002395112058
KOH,B2,237.0,0.13862534937270077,0.11411023390905939,0.747264415818627,0.921283893178658,True,0.6995918183772663,305.1002395112058
KOH,B2,237.5,0.13754489132900005,0.11508533023141254,0.747369777537088,0.9218970569331112,True,0.6995918183772663,305.1002395112058
KOH,B2,238.0,0.13647114483261724,0.11606783102058316,0.7474610232418577,0.9225058245639878,True,0.6995918183772663,305.1002395112058
KOH,B2,238.5,0.13540409730650182,0.1170577725537747,0.7475381292325611,0.9231102159117837,True,0.6995918183772663,305.1002395112058
KOH,B2,239.0,0.1343437357599342,0.11805519094409966,0.7476010723863613,0.9237102509081755,True,0.6995918183772663,305.1002395112058
KOH,B2,239.5,0.13329004679563106,0.11906012213236394,0.7476498301606238,0.9243059495727719,True,0.6995918183772663,305.1002395112058
KOH,B2,240.0,0.13224301661329818,0.12007260188040547,0.7476843805922506,0.9248973320098923,True,0.6995918183772663,305.1002395112058
KOH,B2,240.5,0.1312026310187342,0.12109266576376676,0.7477047023014549,0.9254844184053673,True,0.6995918183772663,305.1002395112058
KOH,B2,241.0,0.1301688754273833,0.12212034916347925,0.7477107744908729,0.9260672290233691,True,0.6995918183772663,305.1002395112058
KOH,B2,241.5,0.1291417348716628,0.12315568725873582,0.7477025769491163,0.9266457842032659,True,0.6995918183772663,305.1002395112058
KOH,B2,242.0,0.1281211940069582,0.12419871501956337,0.747680090050773,0.9272201043565049,True,0.6995918183772663,305.1002395112058
KOH,B2,242.5,0.12710723711784055,0.12524946719860708,0.7476432947586265,0.9277902099635205,True,0.6995918183772663,305.1002395112058
KOH,B2,243.0,0.1260998481225073,0.1263079783231369,0.7475921726272095,0.9283561215706718,True,0.6995918183772663,305.1002395112058
KOH,B2,243.5,0.12509901058144202,0.12737428268794204,0.7475267058014712,0.9289178597872073,True,0.6995918183772663,305.1002395112058
KOH,B2,244.0,0.12410470770141124,0.12844841434578314,0.7474468770214404,0.9294754452822602,True,0.6995918183772663,305.1002395112058
KOH,B2,244.5,0.12311692234256988,0.12953040710073083,0.7473526696228916,0.9300288987818672,True,0.6995918183772663,305.1002395112058
KOH,B2,245.0,0.12213563702379027,0.13062029449972812,0.7472440675411196,0.9305782410660233,True,0.6995918183772663,305.1002395112058
KOH,B2,245.5,0.12116083392976762,0.13171810982304244,0.7471210553098295,0.9311234929657591,True,0.6995918183772663,305.1002395112058
KOH,B2,246.0,0.12019249491634909,0.13282388607627205,0.746983618067798,0.9316646753602538,True,0.6995918183772663,305.1002395112058
KOH,B2,246.5,0.1192306015156408,0.13393765598390672,0.7468317415586512,0.932201809173973,True,0.6995918183772663,305.1002395112058
KOH,B2,247.0,0.11827513494422348,0.1350594519784476,0.7466654121335292,0.9327349153738399,True,0.6995918183772663,305.1002395112058
KOH,B2,247.5,0.11732607610714929,0.1361893061921915,0.7464846167548611,0.9332640149664365,True,0.6995918183772663,305.1002395112058
KOH,B2,248.0,0.11638340560526927,0.1373272504485712,0.746289342998141,0.9337891289952329,True,0.6995918183772663,305.1002395112058
KOH,B2,248.5,0.1154471037398963,0.1384733162546059,0.7460795790557029,0.9343102785378518,True,0.6995918183772663,305.1002395112058
KOH,B2,249.0,0.11451715051968847,0.13962753479068724,0.745855313737831,0.9348274847033594,True,0.6995918183772663,305.1002395112058
KOH,B2,249.5,0.11359352566686631,0.1407899369012533,0.7456165364776446,0.9353407686295907,True,0.6995918183772663,305.1002395112058
KOH,B2,250.0,0.11267620862209782,0.14196055308790534,0.7453632373342067,0.9358501514805057,True,0.6995918183772663,305.1002395112058
KOH,B2,250.5,0.11176517855115975,0.14313941349719528,0.7450954069940785,0.9363556544435754,True,0.6995918183772663,305.1002395112058
KOH,B2,251.0,0.11086041434982263,0.1443265479146305,0.7448130367764261,0.9368572987272022,True,0.6995918183772663,305.1002395112058
KOH,B2,251.5,0.10996189465117823,0.1455219857526835,0.744516118634797,0.9373551055581697,True,0.6995918183772663,305.1002395112058
KOH,B2,252.0,0.10906959783008041,0.14672575604390836,0.7442046451628936,0.9378490961791256,True,0.6995918183772663,305.1002395112058
KOH,B2,252.5,0.10818350200958449,0.1479378874298387,0.7438786095952388,0.9383392918460971,True,0.6995918183772663,305.1002395112058
KOH,B2,253.0,0.10730358506672033,0.1491584081521058,0.7435380058140595,0.9388257138260374,True,0.6995918183772663,305.1002395112058
KOH,B2,253.5,0.10642982463804351,0.15038734604311266,0.743182828349731,0.9393083833944054,True,0.6995918183772663,305.1002395112058
KOH,B2,254.0,0.10556219812496437,0.15162472851604214,0.7428130723881043,0.939787321832776,True,0.6995918183772663,305.1002395112058
KOH,B2,254.5,0.10470068270018729,0.15287058255575303,0.7424287337718383,0.9402625504264865,True,0.6995918183772663,305.1002395112058
KOH,B2,255.0,0.10384525531170752,0.15412493470878807,0.7420298090055066,0.9407340904623103,True,0.6995918183772663,305.1002395112058
KOH,B2,255.5,0.10299589269124887,0.15538781107293786,0.7416162952598171,0.9412019632261669,True,0.6995918183772663,305.1002395112058
KOH,B2,256.0,0.10215257135692823,0.1566592372894693,0.7411881903756079,0.9416661900008643,True,0.6995918183772663,305.1002395112058
KOH,B2,256.5,0.10131526762058307,0.15793923853069103,0.740745492869177,0.9421267920638708,True,0.6995918183772663,305.1002395112058
KOH,B2,257.0,0.10048395759243434,0.159227839492182,0.7402882019347246,0.9425837906851218,True,0.6995918183772663,305.1002395112058
KOH,B2,257.5,0.09965861718530533,0.1605250643805789,0.7398163174507921,0.9430372071248603,True,0.6995918183772663,305.1002395112058
KOH,B2,258.0,0.09883922212372553,0.16183093690735895,0.7393298399844817,0.9434870626315052,True,0.6995918183772663,305.1002395112058
KOH,B2,258.5,0.09802574794504082,0.16314548027418496,0.738828770794342,0.9439333784395583,True,0.6995918183772663,305.1002395112058
KOH,B2,259.0,0.0972181700080732,0.16446871716535583,0.7383131118385844,0.9443761757675366,True,0.6995918183772663,305.1002395112058
KOH,B2,259.5,0.09641646349556332,0.16580066973825858,0.7377828657770813,0.9448154758159453,True,0.6995918183772663,305.1002395112058
KOH,B2,260.0,0.09562060342105383,0.167141359611378,0.7372380359762509,0.9452512997652738,True,0.6995918183772663,305.1002395112058
KOH,B2,260.5,0.09483056463466255,0.16849080785541481,0.7366786265174952,0.9456836687740326,True,0.6995918183772663,305.1002395112058
KOH,B2,261.0,0.0940463218261911,0.16984903498196147,0.7361046421976436,0.9461126039768164,True,0.6995918183772663,305.1002395112058
KOH,B2,261.5,0.09326784953178624,0.1712160609352864,0.7355160885369472,0.9465381264824011,True,0.6995918183772663,305.1002395112058
KOH,B2,262.0,0.09249512213838074,0.1725919050792335,0.7349129717850733,0.9469602573718743,True,0.6995918183772663,305.1002395112058
KOH,B2,262.5,0.09172811388924451,0.1739765861892284,0.7342952989228824,0.9473790176967951,True,0.6995918183772663,305.1002395112058
KOH,B2,263.0,0.09096679888731529,0.17537012244028816,0.7336630776717534,0.9477944284773883,True,0.6995918183772663,305.1002395112058
KOH,B2,263.5,0.09021115110341427,0.17677253139813942,0.733016316496693,0.9482065107007678,True,0.6995918183772663,305.1002395112058
KOH,B2,264.0,0.08946114437691222,0.17818383000789417,0.7323550246116639,0.9486152853191925,True,0.6995918183772663,305.1002395112058
KOH,B2,264.5,0.0887167524226129,0.17960403458427976,0.7316792119880233,0.9490207732483549,True,0.6995918183772663,305.1002395112058
KOH,B2,265.0,0.08797794883785848,0.18103316079987053,0.7309888893558547,0.9494229953656974,True,0.6995918183772663,305.1002395112058
KOH,B2,265.5,0.08724470710252952,0.18247122367731627,0.7302840682126277,0.949821972508765,True,0.6995918183772663,305.1002395112058
KOH,B2,266.0,0.08651700058570633,0.1839182375757975,0.7295647608291933,0.9502177254735847,True,0.6995918183772663,305.1002395112058
KOH,B2,266.5,0.08579480255366256,0.18537421618347594,0.7288309802524484,0.9506102750130757,True,0.6995918183772663,305.1002395112058
KOH,B2,267.0,0.08507808616764478,0.18683917250528204,0.7280827403151058,0.950999641835494,True,0.6995918183772663,305.1002395112058
KOH,B2,267.5,0.08436682449430855,0.1883131188538112,0.7273200556388026,0.9513858466029023,True,0.6995918183772663,305.1002395112058
KOH,B2,268.0,0.08366099050793885,0.1897960668373333,0.726542941640762,0.9517689099296753,True,0.6995918183772663,305.1002395112058
KOH,B2,268.5,0.08296055709355876,0.19128802735024486,0.7257514145402322,0.9521488523810311,True,0.6995918183772663,305.1002395112058
KOH,B2,269.0,0.08226549705381281,0.19278901056463127,0.7249454913642595,0.952525694471594,True,0.6995918183772663,305.1002395112058
KOH,B2,269.5,0.08157578311207558,0.19429902591694415,0.7241251899527956,0.9528994566639879,True,0.6995918183772663,305.1002395112058
KOH,B2,270.0,0.08089138791556039,0.1958180820993416,0.7232905289658031,0.9532701593674575,True,0.6995918183772663,305.1002395112058
KOH,B2,270.5,0.08021228404109237,0.1973461870492521,0.7224415278890284,0.9536378229365206,True,0.6995918183772663,305.1002395112058
KOH,B2,271.0,0.07953844399954946,0.19888334793916052,0.7215782070395527,0.9540024676696468,True,0.6995918183772663,305.1002395112058
KOH,B2,271.5,0.07886984023808274,0.2004295711657278,0.7207005875731198,0.9543641138079682,True,0.6995918183772663,305.1002395112058
KOH,B2,272.0,0.07820644514633379,0.20198486234179747,0.7198086914876889,0.9547227815340165,True,0.6995918183772663,305.1002395112058
KOH,B2,272.5,0.07754823105821096,0.2035492262839611,0.7189025416327599,0.9550784909704899,True,0.6995918183772663,305.1002395112058
KOH,B2,273.0,0.07689517025744053,0.2051226670030104,0.7179821617133708,0.9554312621790468,True,0.6995918183772663,305.1002395112058
KOH,B2,273.5,0.0762472349811194,0.20670518769527746,0.7170475762960926,0.9557811151591291,True,0.6995918183772663,305.1002395112058
KOH,B2,274.0,0.07560439742326786,0.2082967907319766,0.7160988108165789,0.9561280698468122,True,0.6995918183772663,305.1002395112058
KOH,B2,274.5,0.0749666297383822,0.20989747764854627,0.7151358915840067,0.9564721461136814,True,0.6995918183772663,305.1002395112058
KOH,B2,275.0,0.07433390404565365,0.21150724913621133,0.71415884578796,0.9568133637657387,True,0.6995918183772663,305.1002395112058
KOH,B2,275.5,0.07370619243274312,0.21312610503199103,0.7131677015044247,0.9571517425423328,True,0.6995918183772663,305.1002395112058
KOH,B2,276.0,0.07308346695800161,0.21475404430759681,0.712162487701784,0.9574873021151193,True,0.6995918183772663,305.1002395112058
KOH,B2,276.5,0.07246569965690952,0.21639106506321504,0.7111432342468138,0.9578200620870452,True,0.6995918183772663,305.1002395112058
KOH,B2,277.0,0.07185286254229872,0.2180371645141843,0.7101099719095672,0.9581500419913597,True,0.6995918183772663,305.1002395112058
KOH,B2,277.5,0.0712449276096816,0.2196923389845562,0.7090627323711463,0.9584772612906519,True,0.6995918183772663,305.1002395112058
KOH,B2,278.0,0.07064186684035967,0.22135658389621504,0.7080015482279212,0.9588017393759147,True,0.6995918183772663,305.1002395112058
KOH,B2,278.5,0.07004365220475428,0.22302989376044025,0.7069264529986352,0.9591234955656315,True,0.6995918183772663,305.1002395112058
KOH,B2,279.0,0.06945025566529317,0.22471226216880247,0.7058374811288459,0.9594425491048912,True,0.6995918183772663,305.1002395112058
KOH,B2,279.5,0.06886164918018522,0.22640368178472592,0.7047346679971422,0.9597589191645268,True,0.6995918183772663,305.1002395112058
KOH,B2,280.0,0.06827780470675116,0.2281041443332743,0.7036180499215838,0.960072624840278,True,0.6995918183772663,305.1002395112058
KOH,B2,280.5,0.0676986942034219,0.2298136405940454,0.7024876641636979,0.9603836851519787,True,0.6995918183772663,305.1002395112058
KOH,B2,281.0,0.06712428963462358,0.231532160390735,0.7013435489353625,0.9606921190427697,True,0.6995918183772663,305.1002395112058
KOH,B2,281.5,0.0665545629709996,0.23325969258558565,0.7001857434030256,0.960997945378334,True,0.6995918183772663,305.1002395112058
KOH,B2,282.0,0.06598948619651601,0.2349962250685067,0.6990142876941441,0.9613011829461554,True,0.6995918183772663,305.1002395112058
KOH,B2,282.5,0.06542903130779543,0.23674174474930254,0.6978292229011807,0.9616018504548011,True,0.6995918183772663,305.1002395112058
KOH,B2,283.0,0.06487317031855788,0.23849623755145544,0.6966305910882653,0.9618999665332283,True,0.6995918183772663,305.1002395112058
KOH,B2,283.5,0.06432187526161925,0.2402596884014674,0.6954184352945258,0.9621955497301102,True,0.6995918183772663,305.1002395112058
KOH,B2,284.0,0.0637751181931101,0.24203208122441922,0.6941927995398611,0.9624886185131896,True,0.6995918183772663,305.1002395112058
KOH,B2,284.5,0.0632328711935859,0.24381339893286835,0.6929537288302701,0.9627791912686495,True,0.6995918183772663,305.1002395112058
KOH,B2,285.0,0.0626951063720238,0.24560362342307407,0.6917012691614044,0.963067286300508,True,0.6995918183772663,305.1002395112058
KOH,B2,285.5,0.06216179586715498,0.24740273556500547,0.6904354675236757,0.9633529218300364,True,0.6995918183772663,305.1002395112058
KOH,B2,286.0,0.06163291185190545,0.24921071519612426,0.6891563719080285,0.9636361159951957,True,0.6995918183772663,305.1002395112058
KOH,B2,286.5,0.06110842653361814,0.25102754111561154,0.6878640313059403,0.9639168868500954,True,0.6995918183772663,305.1002395112058
KOH,B2,287.0,0.06058831215849381,0.25285319107681836,0.6865584957200799,0.9641952523644739,True,0.6995918183772663,305.1002395112058
KOH,B2,287.5,0.060072541012479164,0.25468764178016023,0.6852398161620865,0.9644712304231979,True,0.6995918183772663,305.1002395112058
KOH,B2,288.0,0.05956108542592986,0.25653086886801013,0.683908044661008,0.964744838825783,True,0.6995918183772663,305.1002395112058
KOH,B2,288.5,0.05905391777250024,0.2583828469182592,0.6825632342639665,0.9650160952859346,True,0.6995918183772663,305.1002395112058
KOH,B2,289.0,0.058551010474694465,0.2602435494383215,0.6812054390414879,0.9652850174311076,True,0.6995918183772663,305.1002395112058
KOH,B2,289.5,0.05805233600497672,0.26211294885913894,0.6798347140908323,0.965551622802085,True,0.6995918183772663,305.1002395112058
KOH,B2,290.0,0.057557866886215336,0.2639910165302961,0.6784511155375483,0.9658159288525782,True,0.6995918183772663,305.1002395112058
KOH,B2,290.5,0.0570675756979,0.2658777227153575,0.6770547005414684,0.9660779529488428,True,0.6995918183772663,305.1002395112058
KOH,B2,291.0,0.05658143507325519,0.267773036585206,0.6756455272960427,0.9663377123693158,True,0.6995918183772663,305.1002395112058
KOH,B2,291.5,0.05609941770612359,0.2696769262140464,0.674223655034556,0.9665952243042688,True,0.6995918183772663,305.1002395112058
KOH,B2,292.0,0.05562149634918967,0.27158935857651834,0.672789144029684,0.9668505058554805,True,0.6995918183772663,305.1002395112058
KOH,B2,292.5,0.05514764381731041,0.2735102995401473,0.6713420555972682,0.9671035740359286,True,0.6995918183772663,305.1002395112058
KOH,B2,293.0,0.054677832991512076,0.275439713864678,0.6698824520989799,0.967354445769494,True,0.6995918183772663,305.1002395112058
KOH,B2,293.5,0.05421203681721387,0.27737756519541357,0.6684103969427646,0.9676031378906885,True,0.6995918183772663,305.1002395112058
KOH,B2,294.0,0.05375022830800269,0.2793238160616607,0.6669259545855066,0.9678496671443951,True,0.6995918183772663,305.1002395112058
KOH,B2,294.5,0.05329238054874175,0.28127842787228907,0.6654291905345833,0.9680940501856261,True,0.6995918183772663,305.1002395112058
KOH,B2,295.0,0.052838466694682396,0.283241360913955,0.6639201713476428,0.9683363035792986,True,0.6995918183772663,305.1002395112058
KOH,B2,295.5,0.05238845997346253,0.28521257434643843,0.6623989646363793,0.9685764438000253,True,0.6995918183772663,305.1002395112058
KOH,B2,296.0,0.05194233369087975,0.2871920262019767,0.660865639064534,0.9688144872319212,True,0.6995918183772663,305.1002395112058
KOH,B2,296.5,0.051500061226006366,0.289179673381712,0.6593202643501161,0.9690504501684242,True,0.6995918183772663,305.1002395112058
KOH,B2,297.0,0.0510616160380728,0.2911754716550252,0.6577629112651806,0.9692843488121369,True,0.6995918183772663,305.1002395112058
KOH,B2,297.5,0.05062697166602348,0.29317937565687124,0.65619365163605,0.9695161992746745,True,0.6995918183772663,305.1002395112058
KOH,B2,298.0,0.050196101729627074,0.2951913388864469,0.6546125583430928,0.9697460175765348,True,0.6995918183772663,305.1002395112058
KOH,B2,298.5,0.04976897993147489,0.29721131370696874,0.6530197053213893,0.9699738196469827,True,0.6995918183772663,305.1002395112058
KOH,B2,299.0,0.04934558005920131,0.29923925134345275,0.651415167557623,0.9701996213239416,True,0.6995918183772663,305.1002395112058
KOH,B2,299.5,0.04892587598614995,0.30127510188426854,0.6497990210914129,0.970423438353907,True,0.6995918183772663,305.1002395112058
KOH,B2,300.0,0.04850984167048544,0.30331881427847485,0.6481713430133151,0.9706452863918712,True,0.6995918183772663,305.1002395112058
KOH,B3,1.0,0.1776085816156403,0.006422439633446686,0.8159689787783364,0.05849116282853723,False,7.006570826303612,301.9113768032642
KOH,B3,1.5,0.18095928215666746,0.006370461407279038,0.8126702563515664,0.059379633728851126,False,7.006570826303612,301.9113768032642
KOH,B3,2.0,0.18435006903416706,0.006319129006282509,0.8093308019661016,0.06027838039606855,False,7.006570826303612,301.9113768032642
KOH,B3,2.5,0.18778052934997902,0.006268438561995993,0.8059510320825858,0.06118741493652141,False,7.006570826303612,301.9113768032642
KOH,B3,3.0,0.1912502173453401,0.006218386294332134,0.8025313963226921,0.062106746346927845,False,7.006570826303612,301.9113768032642
KOH,B3,3.5,0.19475865423190797,0.006168968499142835,0.7990723771931219,0.06303638048000652,False,7.006570826303612,301.9113768032642
KOH,B3,4.0,0.1983053281868763,0.006120181477609066,0.7955744902659045,0.06397632001359961,False,7.006570826303612,301.9113768032642
KOH,B3,4.5,0.20188969444934202,0.006072021568437336,0.7920382839257112,0.06492656442341659,False,7.006570826303612,301.9113768032642
KOH,B3,5.0,0.20551117555100973,0.0060244851440849345,0.7884643392381818,0.06588710995950371,False,7.006570826303612,301.9113768032642
KOH,B3,5.5,0.2091691614940494,0.0059775686285235,0.7848532698397914,0.06685794962653528,False,7.006570826303612,301.9113768032642
KOH,B3,6.0,0.21286301000378316,0.005931268420855673,0.781205721535283,0.06783907316801441,False,7.006570826303612,301.9113768032642
KOH,B3,6.5,0.21659204690704925,0.005885581032760712,0.7775223720023483,0.06883046705446143,False,7.006570826303612,301.9113768032642
KOH,B3,7.0,0.2203555665634127,0.005840502945053672,0.7738039304370226,0.06983211447565868,False,7.006570826303612,301.9113768032642
KOH,B3,7.5,0.2241528322284303,0.005796030675631059,0.7700511370318797,0.07084399533700984,True,7.006570826303612,301.9113768032642
KOH,B3,8.0,0.22798307672489138,0.005752160798788708,0.7662647624215868,0.07186608626006222,True,7.006570826303612,301.9113768032642
KOH,B3,8.5,0.23184550293908757,0.005708889858180299,0.7624456071571029,0.07289836058722855,True,7.006570826303612,301.9113768032642
KOH,B3,9.0,0.23573928446740666,0.005666214459632002,0.7585945010195605,0.07394078839073537,True,7.006570826303612,301.9113768032642
KOH,B3,9.5,0.23966356642080022,0.005624131209414074,0.7547123023146085,0.07499333648581186,True,7.006570826303612,301.9113768032642
KOH,B3,10.0,0.24361746610757073,0.005582636730672164,0.7507998971196805,0.07605596844812341,True,7.006570826303612,301.9113768032642
KOH,B3,10.5,0.24760007385449256,0.005541727663205265,0.7468581984286793,0.07712864463544147,True,7.006570826303612,301.9113768032642
KOH,B3,11.0,0.25161045398358617,0.005501400683005642,0.7428881452891112,0.07821132221352971,True,7.006570826303612,301.9113768032642
KOH,B3,11.5,0.25564764563923426,0.005461652434979314,0.7388907018721635,0.07930395518621584,True,7.006570826303612,301.9113768032642
KOH,B3,12.0,0.2597106638386748,0.0054224796159907385,0.7348668564899352,0.08040649442960571,True,7.006570826303612,301.9113768032642
KOH,B3,12.5,0.26379850048297016,0.005383878909581696,0.7308176205589323,0.08151888773038529,True,7.006570826303612,301.9113768032642
KOH,B3,13.0,0.2679101254212668,0.005345847008397797,0.7267440275180448,0.08264107982814532,True,7.006570826303612,301.9113768032642
KOH,B3,13.5,0.2720444876127548,0.005308380623958442,0.7226471317125505,0.08377301246165143,True,7.006570826303612,301.9113768032642
KOH,B3,14.0,0.2762005162484371,0.0052714764577910245,0.7185280072425915,0.08491462441897231,True,7.006570826303612,301.9113768032642
KOH,B3,14.5,0.2803771219570539,0.005235131223191303,0.7143877467667981,0.08606585159136819,True,7.006570826303612,301.9113768032642
KOH,B3,15.0,0.2845731980638533,0.005199341641226596,0.7102274602388547,0.0872266270308308,True,7.006570826303612,301.9113768032642
KOH,B3,15.5,0.2887876218258256,0.005164104421973015,0.7060482737002438,0.08839688101115732,True,7.006570826303612,301.9113768032642
KOH,B3,16.0,0.29301925570679455,0.005129416285054589,0.7018513279504202,0.08957654109243136,True,7.006570826303612,301.9113768032642
KOH,B3,16.5,0.29726694875020776,0.005095273946653656,0.6976377772567322,0.0907655321887741,True,7.006570826303612,301.9113768032642
KOH,B3,17.0,0.3015295378323568,0.0050616741249509545,0.6934087879968409,0.09196377663922269,True,7.006570826303612,301.9113768032642
KOH,B3,17.5,0.3058058490799098,0.005028613528801351,0.6891655373452155,0.0931711942815829,True,7.006570826303612,301.9113768032642
KOH,B3,18.0,0.31009469919429655,0.004996088867170734,0.6849092118899058,0.0943877025290983,True,7.006570826303612,301.9113768032642
KOH,B3,18.5,0.31439489683338095,0.00496409685191157,0.6806410062674129,0.09561321644976944,True,7.006570826303612,301.9113768032642
KOH,B3,19.0,0.3187052439830307,0.004932634186438634,0.6763621217821258,0.09684764884815361,True,7.006570826303612,301.9113768032642
KOH,B3,19.5,0.3230245373537777,0.0049016975670612695,0.6720737650387498,0.09809091034946761,True,7.006570826303612,301.9113768032642
KOH,B3,20.0,0.3273515697220786,0.004871283680651928,0.6677771465475324,0.09934290948581413,True,7.006570826303612,301.9113768032642
KOH,B3,20.5,0.33168513135117816,0.004841389224741199,0.6634734793802277,0.10060355278434731,True,7.006570826303612,301.9113768032642
KOH,B3,21.0,0.3360240113065016,0.004812010874766237,0.6591639777758784,0.1018727448571901,True,7.006570826303612,301.9113768032642
KOH,B3,21.5,0.34036699883854826,0.004783145306608283,0.6548498558088811,0.10315038849291479,True,7.006570826303612,301.9113768032642
KOH,B3,22.0,0.34471288470805383,0.004754789196259601,0.6505323260522777,0.10443638474939522,True,7.006570826303612,301.9113768032642
KOH,B3,22.5,0.3490604625013827,0.004726939202726044,0.6462125982510392,0.10573063304783928,True,7.006570826303612,301.9113768032642
KOH,B3,23.0,0.353408529935928,0.004699591983792217,0.6418918780352056,0.10703303126780976,True,7.006570826303612,301.9113768032642
KOH,B3,23.5,0.3577558901192157,0.004672744197686818,0.637571365641576,0.10834347584304224,True,7.006570826303612,301.9113768032642
KOH,B3,24.0,0.36210135280534406,0.004646392486096218,0.633252254665706,0.10966186185786969,True,7.006570826303612,301.9113768032642
KOH,B3,24.5,0.3664437356067918,0.004620533492483148,0.6289357308603138,0.11098808314406615,True,7.006570826303612,301.9113768032642
KOH,B3,25.0,0.3707818651760286,0.004595163854315132,0.6246229709320206,0.11232203237792254,True,7.006570826303612,301.9113768032642
KOH,B3,25.5,0.37511457834504824,0.004570280201621202,0.6203151414152508,0.11366360117737288,True,7.006570826303612,301.9113768032642
KOH,B3,26.0,0.37944072326179246,0.0045458791662067455,0.6160133975351423,0.1150126801989906,True,7.006570826303612,301.9113768032642
KOH,B3,26.5,0.38375916043553726,0.0045219573684418535,0.6117188821576081,0.11636915923468114,True,7.006570826303612,301.9113768032642
KOH,B3,27.0,0.3880687637884961,0.004498511433914665,0.6074327247423961,0.11773292730789915,True,7.006570826303612,301.9113768032642
KOH,B3,27.5,0.3923684216347034,0.004475537976778021,0.6031560403527703,0.11910387276922539,True,7.006570826303612,301.9113768032642
KOH,B3,28.0,0.3966570376361389,0.004453033624174374,0.5988899287097116,0.12048188339114375,True,7.006570826303612,301.9113768032642
KOH,B3,28.5,0.4009335316991214,0.004430994986592829,0.5946354732839776,0.12186684646186384,True,7.006570826303612,301.9113768032642
KOH,B3,29.0,0.40519684083922813,0.0044094186795740065,0.5903937404503901,0.12325864887804162,True,7.006570826303612,301.9113768032642
KOH,B3,29.5,0.4094459199797673,0.00438830132987178,0.5861657786622732,0.12465717723625698,True,7.006570826303612,301.9113768032642
KOH,B3,30.0,0.41367974273404107,0.004367639545865831,0.5819526176912282,0.1260623179231137,True,7.006570826303612,301.9113768032642
KOH,B3,30.5,0.41789730209795817,0.00434742996041626,0.5777552679161468,0.1274739572038347,True,7.006570826303612,301.9113768032642
KOH,B3,31.0,0.42209761113765065,0.004327669194281736,0.5735747196412011,0.1288919813092317,True,7.006570826303612,301.9113768032642
KOH,B3,31.5,0.42627970359943035,0.004308353878712534,0.5694119424958233,0.13031627652093825,True,7.006570826303612,301.9113768032642
KOH,B3,32.0,0.4304426344823864,0.00428948065356316,0.5652678848415693,0.1317467292547986,True,7.006570826303612,301.9113768032642
KOH,B3,32.5,0.4345854805618554,0.004271046159354253,0.5611434732573084,0.13318322614231712,True,7.006570826303612,301.9113768032642
KOH,B3,33.0,0.4387073408662068,0.00425304704576579,0.5570396120683774,0.13462565411007685,True,7.006570826303612,301.9113768032642
KOH,B3,33.5,0.44280733710488906,0.0042354799774657614,0.5529571829007152,0.13607390045704515,True,7.006570826303612,301.9113768032642
KOH,B3,34.0,0.4468846140470717,0.004218341620620958,0.5488970443163765,0.13752785292969225,True,7.006570826303612,301.9113768032642
KOH,B3,34.5,0.4509383398612621,0.00420162865683027,0.5448600314676977,0.13898739979485522,True,7.006570826303612,301.9113768032642
KOH,B3,35.0,0.45496770640046647,0.004185337779682996,0.5408469558071394,0.14045242991028728,True,7.006570826303612,301.9113768032642
KOH,B3,35.5,0.4589719294522676,0.004169465694758845,0.5368586048412616,0.14192283279284182,True,7.006570826303612,301.9113768032642
KOH,B3,36.0,0.4629502489372217,0.004154009122903091,0.5328957419303837,0.14339849868424415,True,7.006570826303612,301.9113768032642
KOH,B3,36.5,0.4669019290666765,0.004138964801669864,0.5289591061249377,0.14487931861441447,True,7.006570826303612,301.9113768032642
KOH,B3,37.0,0.4708262584644518,0.004124329482435574,0.5250494120458415,0.14636518446231125,True,7.006570826303612,301.9113768032642
KOH,B3,37.5,0.47472255024860743,0.0041100999368937075,0.5211673498093372,0.14785598901426952,True,7.006570826303612,301.9113768032642
KOH,B3,38.0,0.47859014206186323,0.0040962729542237675,0.517313584979473,0.14935162601981813,True,7.006570826303612,301.9113768032642
KOH,B3,38.5,0.48242839608259036,0.004082845342701091,0.5134887585721837,0.15085199024496312,True,7.006570826303612,301.9113768032642
KOH,B3,39.0,0.4862366989859812,0.004069813934304278,0.509693487080326,0.1523569775229331,True,7.006570826303612,301.9113768032642
KOH,B3,39.5,0.4900144618793234,0.004057175580690631,0.5059283625433175,0.15386648480238607,True,7.006570826303612,301.9113768032642
KOH,B3,40.0,0.49376112019794416,0.004044927156332534,0.5021939526503871,0.1553804101930845,True,7.006570826303612,301.9113768032642
KOH,B3,40.5,0.49747613357759013,0.004033065560848925,0.4984908008670019,0.15689865300904937,True,7.006570826303612,301.9113768032642
KOH,B3,41.0,0.5011589856907528,0.004021587719699182,0.4948194265956829,0.15842111380921026,True,7.006570826303612,301.9113768032642
KOH,B3,41.5,0.5048091840485769,0.00401049058471048,0.4911803253769831,0.15994769443557108,True,7.006570826303612,301.9113768032642
KOH,B3,42.0,0.508426259796968,0.003999771131885099,0.48757396908150064,0.16147829804891864,True,7.006570826303612,301.9113768032642
KOH,B3,42.5,0.5120097674667368,0.00398942636703481,0.48400080617957975,0.16301282916210214,True,7.006570826303612,301.9113768032642
KOH,B3,43.0,0.5155592847041202,0.0039794533243375785,0.4804612619862536,0.16455119367091786,True,7.006570826303612,301.9113768032642
KOH,B3,43.5,0.5190744119892288,0.00396984907105602,0.4769557389565915,0.16609329888263571,True,7.006570826303612,301.9113768032642
KOH,B3,44.0,0.5225547723230473,0.003960610698794387,0.47348461699658895,0.167639053542208,True,7.006570826303612,301.9113768032642
KOH,B3,44.5,0.526000010900779,0.00395173533493387,0.4700482537849937,0.169188367856204,True,7.006570826303612,301.9113768032642
KOH,B3,45.0,0.5294097947648319,0.003943220138857839,0.46664698512077774,0.17074115351451602,True,7.006570826303612,301.9113768032642
KOH,B3,45.5,0.5327838124402628,0.0039350623011746855,0.463281125282905,0.17229732370988612,True,7.006570826303612,301.9113768032642
KOH,B3,46.0,0.5361217735677798,0.003927259046659914,0.4599509674121788,0.17385679315530364,True,7.006570826303612,301.9113768032642
KOH,B3,46.5,0.5394234084972471,0.003919807638030903,0.45665678389233966,0.17541947809932687,True,7.006570826303612,301.9113768032642
KOH,B3,47.0,0.5426884678992466,0.003912705367759006,0.4533988267624578,0.1769852963393832,True,7.006570826303612,301.9113768032642
KOH,B3,47.5,0.5459167223463013,0.0039059495671595057,0.4501773281188476,0.1785541672331041,True,7.006570826303612,301.9113768032642
KOH,B3,48.0,0.5491079618873546,0.0038995376034772766,0.44699250054321127,0.1801260117077515,True,7.006570826303612,301.9113768032642
KOH,B3,48.5,0.5522619956201749,0.003893466878748808,0.4438445375381239,0.18170075226779506,True,7.006570826303612,301.9113768032642
KOH,B3,49.0,0.5553786512508402,0.0038877348357696517,0.4407336139513815,0.18327831300069874,True,7.006570826303612,301.9113768032642
KOH,B3,49.5,0.5584577746499918,0.003882338954576403,0.43765988643535214,0.18485861958097694,True,7.006570826303612,301.9113768032642
KOH,B3,50.0,0.5614992294054001,0.0038772767517840367,0.4346234938845794,0.18644159927258053,True,7.006570826303612,301.9113768032642
KOH,B3,50.5,0.5645028963617197,0.003872545785213715,0.4316245578965551,0.1880271809296734,True,7.006570826303612,301.9113768032642
KOH,B3,51.0,0.5674686731717334,0.0038681436510014378,0.42866318322172003,0.18961529499586072,True,7.006570826303612,301.9113768032642
KOH,B3,51.5,0.5703964738373278,0.003864067983482683,0.42573945822638876,0.19120587350192883,True,7.006570826303612,301.9113768032642
KOH,B3,52.0,0.5732862282399366,0.0038603164620801267,0.42285345534792684,0.19279885006215858,True,7.006570826303612,301.9113768032642
KOH,B3,52.5,0.5761378816950408,0.003856886799859238,0.420005231556074,0.19439415986927097,True,7.006570826303612,301.9113768032642
KOH,B3,53.0,0.5789513944842589,0.0038537767557828007,0.4171948288135621,0.19599173968806632,True,7.006570826303612,301.9113768032642
KOH,B3,53.5,0.581726741397455,0.003850984129208368,0.4144222745292442,0.1975915278478154,True,7.006570826303612,301.9113768032642
KOH,B3,54.0,0.5844639112776717,0.0038485067594962175,0.4116875820199678,0.199193464233461,True,7.006570826303612,301.9113768032642
KOH,B3,54.5,0.5871629065736933,0.003846342526453439,0.4089907509580576,0.20079749027568866,True,7.006570826303612,301.9113768032642
KOH,B3,55.0,0.5898237428778735,0.0038444893556977,0.4063317678266176,0.20240354893992282,True,7.006570826303612,301.9113768032642
KOH,B3,55.5,0.5924464484923092,0.0038429452125232633,0.4037106063577711,0.2040115847143043,True,7.006570826303612,301.9113768032642
KOH,B3,56.0,0.5950310639776385,0.003841708102733654,0.4011272279849376,0.2056215435967046,True,7.006570826303612,301.9113768032642
KOH,B3,56.5,0.597577641720165,0.003840776076610708,0.39858158226964424,0.2072333730808309,True,7.006570826303612,301.9113768032642
KOH,B3,57.0,0.600086245499995,0.003840147227207602,0.3960736073413962,0.20884702214147388,True,7.006570826303612,301.9113768032642
KOH,B3,57.5,0.6025569500640038,0.003839819688572499,0.39360323031768785,0.21046244121895102,True,7.006570826303612,301.9113768032642
KOH,B3,58.0,0.6049898407067822,0.003839791637649803,0.3911703677269007,0.21207958220279474,True,7.006570826303612,301.9113768032642
KOH,B3,58.5,0.6073850128556768,0.003840061296001007,0.38877492592143126,0.21369839841473479,True,7.006570826303612,301.9113768032642
KOH,B3,59.0,0.609742571666988,0.0038406269241841873,0.3864168014839908,0.21531884459102293,True,7.006570826303612,301.9113768032642
KOH,B3,59.5,0.6120626316214184,0.0038414868289426973,0.38409588162632846,0.21694087686414562,True,7.006570826303612,301.9113768032642
KOH,B3,60.0,0.6143453161380763,0.0038426393573487427,0.3818120445835682,0.2185644527439706,True,7.006570826303612,301.9113768032642
KOH,B3,60.5,0.6165907571823448,0.003844082900550383,0.3795651599975969,0.2201895310983701,True,7.006570826303612,301.9113768032642
KOH,B3,61.0,0.618799094894984,0.0038458158925780417,0.3773550892958999,0.22181607213336388,True,7.006570826303612,301.9113768032642
KOH,B3,61.5,0.6209704772176527,0.003847836807985283,0.37518168605849,0.2234440373728224,True,7.006570826303612,301.9113768032642
KOH,B3,62.0,0.6231050595363052,0.0038501441669835934,0.37304479638269883,0.22507338963776927,True,7.006570826303612,301.9113768032642
KOH,B3,62.5,0.6252030043249202,0.003852736529058598,0.37094425923353547,0.22670409302532238,True,7.006570826303612,301.9113768032642
KOH,B3,63.0,0.6272644808000827,0.0038556124992705776,0.3688799067910198,0.22833611288730896,True,7.006570826303612,301.9113768032642
KOH,B3,63.5,0.6292896645844481,0.00385877072159313,0.3668515647846926,0.22996941580859084,True,7.006570826303612,301.9113768032642
KOH,B3,64.0,0.6312787373818352,0.003862209886101864,0.36485905282618303,0.2316039695851329,True,7.006570826303612,301.9113768032642
KOH,B3,64.5,0.6332318866495434,0.0038659287208697712,0.36290218472487257,0.23323974320184904,True,7.006570826303612,301.9113768032642
KOH,B3,65.0,0.6351493052946244,0.003869925998378765,0.3609807688033928,0.23487670681025472,True,7.006570826303612,301.9113768032642
KOH,B3,65.5,0.6370311913644622,0.0038742005334935214,0.3590946082005497,0.23651483170595783,True,7.006570826303612,301.9113768032642
KOH,B3,66.0,0.6388777477532304,0.0038787511800197905,0.35724350116578263,0.23815409030601542,True,7.006570826303612,301.9113768032642
KOH,B3,66.5,0.6406891819177862,0.0038835768358946865,0.3554272413469062,0.2397944561261844,True,7.006570826303612,301.9113768032642
KOH,B3,67.0,0.6424657055948968,0.003888676439800509,0.3536456180685543,0.24143590375809185,True,7.006570826303612,301.9113768032642
KOH,B3,67.5,0.6442075345310938,0.0038940489698879865,0.351898416603158,0.2430784088463496,True,7.006570826303612,301.9113768032642
KOH,B3,68.0,0.6459148882254073,0.0038996934475510336,0.350185418433957,0.24472194806563785,True,7.006570826303612,301.9113768032642
KOH,B3,68.5,0.6475879896665204,0.0039056089334854605,0.34850640150835277,0.24636649909777916,True,7.006570826303612,301.9113768032642
KOH,B3,69.0,0.6492270650941823,0.003911794529465329,0.3468611404863209,0.24801204060882504,True,7.006570826303612,301.9113768032642
KOH,B3,69.5,0.6508323437566799,0.0039182493793421536,0.34524940697533424,0.24965855222617447,True,7.006570826303612,301.9113768032642
KOH,B3,70.0,0.6524040576819101,0.003924972662827653,0.3436709697681173,0.25130601451574514,True,7.006570826303612,301.9113768032642
KOH,B3,70.5,0.6539424414502837,0.0039319636051526885,0.342125595058973,0.25295440895921345,True,7.006570826303612,301.9113768032642
KOH,B3,71.0,0.6554477319844487,0.003939221467519349,0.34061304666327397,0.2546037179313427,True,7.006570826303612,301.9113768032642
KOH,B3,71.5,0.6569201683375714,0.003946745552707576,0.33913308622735006,0.2562539246774135,True,7.006570826303612,301.9113768032642
KOH,B3,72.0,0.6583599914918303,0.00395453520118938,0.33768547342577504,0.2579050132907726,True,7.006570826303612,301.9113768032642
KOH,B3,72.5,0.6597674441674029,0.00396258979473707,0.3362699661580426,0.2595569686905155,True,7.006570826303612,301.9113768032642
KOH,B3,73.0,0.6611427706330608,0.0039709087527040055,0.33488632073608304,0.26120977659931305,True,7.006570826303612,301.9113768032642
KOH,B3,73.5,0.6624862165266476,0.003979491533301349,0.33353429206373075,0.2628634235213987,True,7.006570826303612,301.9113768032642
KOH,B3,74.0,0.6637980286817724,0.00398833763354256,0.3322136338095305,0.26451789672072407,True,7.006570826303612,301.9113768032642
KOH,B3,74.5,0.6650784549604438,0.003997446589742992,0.3309240985757689,0.26617318419929725,True,7.006570826303612,301.9113768032642
KOH,B3,75.0,0.6663277440944748,0.004006817975965582,0.3296654380571251,0.26782927467571044,True,7.006570826303612,301.9113768032642
KOH,B3,75.5,0.667546145528275,0.004016451402855115,0.32843740319854486,0.26948615756386984,True,7.006570826303612,301.9113768032642
KOH,B3,76.0,0.6687339092735778,0.004026346520080715,0.32723974433701564,0.27114382295193395,True,7.006570826303612,301.9113768032642
KOH,B3,76.5,0.6698912857656114,0.004036503014781534,0.32607221135144693,0.2728022615814687,True,7.006570826303612,301.9113768032642
KOH,B3,77.0,0.6710185257271517,0.004046920611899818,0.32493455379428715,0.27446146482682776,True,7.006570826303612,301.9113768032642
KOH,B3,77.5,0.6721158800386817,0.004057599072460061,0.3238265210241953,0.27612142467476375,True,7.006570826303612,301.9113768032642
KOH,B3,78.0,0.6731835996118818,0.004068538194068605,0.32274786233077446,0.2777821337042767,True,7.006570826303612,301.9113768032642
KOH,B3,78.5,0.6742219352707801,0.004079737813633688,0.3216983270539764,0.27944358506670525,True,7.006570826303612,301.9113768032642
KOH,B3,79.0,0.6752311376368447,0.004091197802258417,0.32067766470039727,0.28110577246606594,True,7.006570826303612,301.9113768032642
KOH,B3,79.5,0.6762114570214028,0.004102918067350192,0.3196856250529678,0.28276869013964434,True,7.006570826303612,301.9113768032642
KOH,B3,80.0,0.6771631433166725,0.004114898553175816,0.3187219582720946,0.2844323328388429,True,7.006570826303612,301.9113768032642
KOH,B3,80.5,0.6780864459021152,0.004127139241028033,0.31778641500118665,0.28609669581028807,True,7.006570826303612,301.9113768032642
KOH,B3,81.0,0.67898161354224,0.004139640146394452,0.3168787464569167,0.28776177477720005,True,7.006570826303612,301.9113768032642
KOH,B3,81.5,0.6798488943037806,0.004152401320456356,0.31599870452214684,0.28942756592102853,True,7.006570826303612,301.9113768032642
KOH,B3,82.0,0.6806885354631587,0.004165422851198919,0.31514604183313644,0.2910940658633553,True,7.006570826303612,301.9113768032642
KOH,B3,82.5,0.6815007834276576,0.004178704860358096,0.31432051186081056,0.2927612716480668,True,7.006570826303612,301.9113768032642
KOH,B3,83.0,0.6822858836575962,0.004192247505308,0.31352186898792045,0.2944291807237968,True,7.006570826303612,301.9113768032642
KOH,B3,83.5,0.6830440805910554,0.004206050979227438,0.31274986858242926,0.29609779092664185,True,7.006570826303612,301.9113768032642
KOH,B3,84.0,0.6837756175743226,0.004220115507824751,0.3120042670713419,0.2977671004631483,True,7.006570826303612,301.9113768032642
KOH,B3,84.5,0.6844807367971661,0.004234441353667684,0.31128482200354357,0.29943710789357464,True,7.006570826303612,301.9113768032642
KOH,B3,85.0,0.6851596792283865,0.004249028812575162,0.31059129211452596,0.3011078121154242,True,7.006570826303612,301.9113768032642
KOH,B3,85.5,0.6858126845564749,0.004263878216170802,0.30992343738411865,0.3027792123472537,True,7.006570826303612,301.9113768032642
KOH,B3,86.0,0.6864399911362673,0.004278989927053445,0.30928101909410977,0.30445130811275406,True,7.006570826303612,301.9113768032642
KOH,B3,86.5,0.6870418359330444,0.004294364345791557,0.308663799880482,0.3061240992251026,True,7.006570826303612,301.9113768032642
KOH,B3,87.0,0.6876184544754027,0.004310001903817806,0.3080715437813186,0.30779758577158817,True,7.006570826303612,301.9113768032642
KOH,B3,87.5,0.6881700808075708,0.00432590306731484,0.30750401628643065,0.3094717680985062,True,7.006570826303612,301.9113768032642
KOH,B3,88.0,0.6886969474473315,0.004342068337104266,0.3069609843784349,0.31114664679632303,True,7.006570826303612,301.9113768032642
KOH,B3,88.5,0.6891992853436113,0.004358498245760067,0.30644221657505355,0.3128222226851085,True,7.006570826303612,301.9113768032642
KOH,B3,89.0,0.6896773238392884,0.004375193360606211,0.3059474829653075,0.3144984968002345,True,7.006570826303612,301.9113768032642
KOH,B3,89.5,0.6901312906373303,0.0043921542821623305,0.30547655524704176,0.31617547037833876,True,7.006570826303612,301.9113768032642
KOH,B3,90.0,0.690561411765489,0.004409381642811461,0.3050292067594551,0.31785314484355087,True,7.006570826303612,301.9113768032642
KOH,B3,90.5,0.6909679115471024,0.0044268761094645726,0.30460521251218786,0.3195315217939794,True,7.006570826303612,301.9113768032642
KOH,B3,91.0,0.691351012573338,0.004444638382006261,0.3042043492151869,0.32121060298845744,True,7.006570826303612,301.9113768032642
KOH,B3,91.5,0.6917109356764373,0.004462669191962476,0.30382639530290856,0.32289039033354455,True,7.006570826303612,301.9113768032642
KOH,B3,92.0,0.6920478999076218,0.004480969304720972,0.3034711309605198,0.3245708858707831,True,7.006570826303612,301.9113768032642
KOH,B3,92.5,0.6923621225123355,0.004499539518754148,0.30313833814188396,0.3262520917642056,True,7.006570826303612,301.9113768032642
KOH,B3,93.0,0.6926538189170328,0.004518380664286781,0.3028278005933194,0.32793401028809177,True,7.006570826303612,301.9113768032642
KOH,B3,93.5,0.6929232027024224,0.004537493604517273,0.3025393038689206,0.32961664381497097,True,7.006570826303612,301.9113768032642
KOH,B3,94.0,0.6931704855956955,0.004556879235395606,0.3022726353457683,0.3312999948038695,True,7.006570826303612,301.9113768032642
KOH,B3,94.5,0.6933958774523186,0.004576538484846182,0.3020275842404718,0.33298406578879874,True,7.006570826303612,301.9113768032642
KOH,B3,95.0,0.6935995862443756,0.004596472313989075,0.3018039416204932,0.3346688593674801,True,7.006570826303612,301.9113768032642
KOH,B3,95.5,0.6937818180510202,0.004616681715474691,0.30160150041325107,0.3363543781903071,True,7.006570826303612,301.9113768032642
KOH,B3,96.0,0.6939427770463746,0.004637167715815238,0.30142005541811123,0.3380406249495392,True,7.006570826303612,301.9113768032642
KOH,B3,96.5,0.6940826654967536,0.004657931372276103,0.30125940331293677,0.3397276023687241,True,7.006570826303612,301.9113768032642
KOH,B3,97.0,0.6942016837483411,0.004678973774652206,0.30111934266019436,0.34141531319234836,True,7.006570826303612,301.9113768032642
KOH,B3,97.5,0.6943000302266356,0.004700296046378227,0.3009996739111731,0.3431037601757101,True,7.006570826303612,301.9113768032642
KOH,B3,98.0,0.6943779014325635,0.004721899340864866,0.30090019941142465,0.34479294607501276,True,7.006570826303612,301.9113768032642
KOH,B3,98.5,0.694435491937484,0.0047437848458287135,0.30082072340265054,0.3464828736376763,True,7.006570826303612,301.9113768032642
KOH,B3,99.0,0.6944729943846317,0.004765953780516696,0.300761052021814,0.348173545592863,True,7.006570826303612,301.9113768032642
KOH,B3,99.5,0.6944905994875628,0.004788407396594252,0.30072099330391566,0.34986496464221406,True,7.006570826303612,301.9113768032642
KOH,B3,100.0,0.6944884960322639,0.004811146977701242,0.30070035717943977,0.3515571334507951,True,7.006570826303612,301.9113768032642
KOH,B3,100.5,0.6944668708784851,0.004834173839340927,0.30069895547235603,0.3532500546382469,True,7.006570826303612,301.9113768032642
KOH,B3,101.0,0.6944259089627369,0.00485748932976815,0.30071660189845417,0.35494373077013774,True,7.006570826303612,301.9113768032642
KOH,B3,101.5,0.6943657933036196,0.004881094830877508,0.3007531120575724,0.356638164349516,True,7.006570826303612,301.9113768032642
KOH,B3,102.0,0.6942867050049317,0.0049049917537624665,0.3008083034335973,0.35833335780865816,True,7.006570826303612,301.9113768032642
KOH,B3,102.5,0.694188823263997,0.004929181545265671,0.3008819953842501,0.36002931350100975,True,7.006570826303612,301.9113768032642
KOH,B3,103.0,0.6940723253745507,0.00495366568231681,0.30097400913742245,0.3617260336933173,True,7.006570826303612,301.9113768032642
KOH,B3,103.5,0.6939373867385079,0.0049784456751522654,0.301084167781851,0.363423520557947,True,7.006570826303612,301.9113768032642
KOH,B3,104.0,0.6937841808700718,0.005003523066648974,0.3012122962597896,0.36512177616538755,True,7.006570826303612,301.9113768032642
KOH,B3,104.5,0.6936128794083896,0.0050288994315472735,0.3013582213574617,0.3668208024769345,True,7.006570826303612,301.9113768032642
KOH,B3,105.0,0.693423652122771,0.005054576377672149,0.30152177169728844,0.3685206013375524,True,7.006570826303612,301.9113768032642
KOH,B3,105.5,0.6932166669274542,0.0050805555454891405,0.3017027777255654,0.3702211744689139,True,7.006570826303612,301.9113768032642
KOH,B3,106.0,0.6929920898886,0.005106838608770481,0.30190107170180447,0.37192252346260957,True,7.006570826303612,301.9113768032642
KOH,B3,106.5,0.6927500852379476,0.005133427273151803,0.30211648768962984,0.37362464977352955,True,7.006570826303612,301.9113768032642
KOH,B3,107.0,0.6924908153826959,0.005160323277020318,0.30234886154156815,0.37532755471341045,True,7.006570826303612,301.9113768032642
KOH,B3,107.5,0.6922144409204911,0.005187528393180152,0.3025980308889453,0.37703123944454814,True,7.006570826303612,301.9113768032642
KOH,B3,108.0,0.6919211206491971,0.005215044425077586,0.302863835128675,0.37873570497367093,True,7.006570826303612,301.9113768032642
KOH,B3,108.5,0.6916110115826601,0.005242873212352173,0.30314611540893655,0.3804409521459726,True,7.006570826303612,301.9113768032642
KOH,B3,109.0,0.6912842689628107,0.005271016625174596,0.30344471461596356,0.3821469816393014,True,7.006570826303612,301.9113768032642
KOH,B3,109.5,0.6909410462753174,0.005299476568909611,0.303759477360388,0.383853793958502,True,7.006570826303612,301.9113768032642
KOH,B3,110.0,0.6905814952621325,0.005328254981784575,0.3040902499622522,0.3855613894299101,True,7.006570826303612,301.9113768032642
KOH,B3,110.5,0.6902057659377014,0.005357353835333534,0.3044368804334674,0.387269768195994,True,7.006570826303612,301.9113768032642
KOH,B3,111.0,0.6898140066040614,0.005386775134952337,0.3047992184685988,0.3889789302101436,True,7.006570826303612,301.9113768032642
KOH,B3,111.5,0.6894063638651637,0.005416520919565571,0.3051771154225502,0.39068887523160206,True,7.006570826303612,301.9113768032642
KOH,B3,112.0,0.6889829826453031,0.0054465932635139325,0.3055704242995727,0.39239960282053965,True,7.006570826303612,301.9113768032642
KOH,B3,112.5,0.6885440062005532,0.005476994273778679,0.3059789997352791,0.39411111233326535,True,7.006570826303612,301.9113768032642
KOH,B3,113.0,0.688089576140638,0.005507726091091847,0.30640269797865827,0.3958234029175762,True,7.006570826303612,301.9113768032642
KOH,B3,113.5,0.687619832439923,0.005538790892378742,0.3068413768779754,0.39753647350823995,True,7.006570826303612,301.9113768032642
KOH,B3,114.0,0.6871349134591753,0.005570190888204429,0.3072948958634525,0.3992503228226108,True,7.006570826303612,301.9113768032642
KOH,B3,114.5,0.68663495595922,0.00560192832321782,0.3077631159290606,0.4009649493563738,True,7.006570826303612,301.9113768032642
KOH,B3,115.0,0.6861200951184809,0.00563400547803905,0.30824589961575555,0.4026803513794179,True,7.006570826303612,301.9113768032642
KOH,B3,115.5,0.685590464551078,0.00566642466759415,0.30874311099438057,0.4043965269318341,True,7.006570826303612,301.9113768032642
KOH,B3,116.0,0.685046196323591,0.005699188242447306,0.30925461564723644,0.4061134738200374,True,7.006570826303612,301.9113768032642
KOH,B3,116.5,0.6844874209740448,0.005732298587801665,0.30978028065231644,0.4078311896130097,True,7.006570826303612,301.9113768032642
KOH,B3,117.0,0.6839142675270082,0.0057657581249426215,0.3103199745624341,0.4095496716386635,True,7.006570826303612,301.9113768032642
KOH,B3,117.5,0.6833268635138001,0.005799569311126795,0.31087356739045724,0.41126891698032114,True,7.006570826303612,301.9113768032642
KOH,B3,118.0,0.6827253349885876,0.005833734638693855,0.3114409305885468,0.4129889224733115,True,7.006570826303612,301.9113768032642
KOH,B3,118.5,0.6821098065474818,0.005868256636953895,0.31202193703128156,0.4147096847016797,True,7.006570826303612,301.9113768032642
KOH,B3,119.0,0.6814804013470788,0.005903137871299258,0.3126164609982274,0.4164311999950088,True,7.006570826303612,301.9113768032642
KOH,B3,119.5,0.6808372411205577,0.005938380943204535,0.31322437815295423,0.41815346442535195,True,7.006570826303612,301.9113768032642
KOH,B3,120.0,0.6801804461979977,0.005973988491114746,0.31384556552827014,0.4198764738042724,True,7.006570826303612,301.9113768032642
KOH,B3,120.5,0.6795101355231425,0.006009963191000445,0.3144799015037947,0.4216002236799913,True,7.006570826303612,301.9113768032642
KOH,B3,121.0,0.6788264266727184,0.006046307754470348,0.31512726579097095,0.4233247093346392,True,7.006570826303612,301.9113768032642
KOH,B3,121.5,0.6781294358731982,0.006083024932435066,0.31578753941297055,0.4250499257816127,True,7.006570826303612,301.9113768032642
KOH,B3,122.0,0.6774192780211186,0.006120117511887457,0.31646060468593085,0.4267758677630313,True,7.006570826303612,301.9113768032642
KOH,B3,122.5,0.6766960667006217,0.006157588318456142,0.31714634520030316,0.4285025297472957,True,7.006570826303612,301.9113768032642
KOH,B3,123.0,0.6759599142004413,0.006195440214962211,0.3178446458043105,0.4302299059267443,True,7.006570826303612,301.9113768032642
KOH,B3,123.5,0.6752109315336652,0.006233676104194785,0.3185553925821871,0.4319579902154083,True,7.006570826303612,301.9113768032642
KOH,B3,124.0,0.6744492284562753,0.0062722989253582995,0.31927847283863553,0.43368677624686036,True,7.006570826303612,301.9113768032642
KOH,B3,124.5,0.6736749134841347,0.00631131165818033,0.32001377507839823,0.43541625737216044,True,7.006570826303612,301.9113768032642
KOH,B3,125.0,0.6728880939120829,0.006350717320913191,0.32076118898793915,0.4371464266578928,True,7.006570826303612,301.9113768032642
KOH,B3,125.5,0.6720888758324772,0.006390518970222914,0.3215206054181241,0.43887727688429623,True,7.006570826303612,301.9113768032642
KOH,B3,126.0,0.6712773641522896,0.006430719704186849,0.322291916365125,0.44060880054348384,True,7.006570826303612,301.9113768032642
KOH,B3,126.5,0.6704536626127577,0.006471322658962997,0.3230750149501027,0.4423409898377529,True,7.006570826303612,301.9113768032642
KOH,B3,127.0,0.6696178738052616,0.0065123310113435195,0.3238697954052183,0.4440738366779819,True,7.006570826303612,301.9113768032642
KOH,B3,127.5,0.6687700991920842,0.006553747979753943,0.32467615305020736,0.4458073326821156,True,7.006570826303612,301.9113768032642
KOH,B3,128.0,0.6679104391225099,0.0065955768209224885,0.3254939842786131,0.4475414691737349,True,7.006570826303612,301.9113768032642
KOH,B3,128.5,0.6670389928512543,0.006637820834765051,0.32632318653624814,0.44927623718071147,True,7.006570826303612,301.9113768032642
KOH,B3,129.0,0.6661558585562277,0.006680483361498624,0.3271636583045412,0.4510116274339467,True,7.006570826303612,301.9113768032642
KOH,B3,129.5,0.6652611333570757,0.006723567782973561,0.32801529908310645,0.4527476303661913,True,7.006570826303612,301.9113768032642
KOH,B3,130.0,0.6643549133313886,0.00676707752211847,0.3288780093692045,0.4544842361109485,True,7.006570826303612,301.9113768032642
KOH,B3,130.5,0.6634372935344635,0.006811016045604745,0.3297516906425324,0.4562214345014559,True,7.006570826303612,301.9113768032642
KOH,B3,131.0,0.6625083680148469,0.006855386861404078,0.3306362453469047,0.4579592150697477,True,7.006570826303612,301.9113768032642
KOH,B3,131.5,0.6615682298320991,0.006900193520786857,0.3315315768703808,0.45969756704579473,True,7.006570826303612,301.9113768032642
KOH,B3,132.0,0.6606169710758891,0.006945439617322968,0.33243758952961056,0.46143647935672305,True,7.006570826303612,301.9113768032642
KOH,B3,132.5,0.6596546828819827,0.006991128789324286,0.33335418855151566,0.46317594062610773,True,7.006570826303612,301.9113768032642
KOH,B3,133.0,0.6586814554493392,0.007037264717513203,0.3342812800561923,0.464915939173344,True,7.006570826303612,301.9113768032642
KOH,B3,133.5,0.6576973780564321,0.007083851128020235,0.3352187710384813,0.46665646301309166,True,7.006570826303612,301.9113768032642
KOH,B3,134.0,0.6567025390816772,0.007130891789608462,0.336166569351648,0.4683974998547956,True,7.006570826303612,301.9113768032642
KOH,B3,134.5,0.6556970260157557,0.007178390517337263,0.3371245836893966,0.4701390371022773,True,7.006570826303612,301.9113768032642
KOH,B3,135.0,0.6546809254819319,0.007226351171341072,0.3380927235696607,0.47188106185340123,True,7.006570826303612,301.9113768032642
KOH,B3,135.5,0.6536543232513736,0.0072747776559412,0.3390708993155078,0.47362356089981134,True,7.006570826303612,301.9113768032642
KOH,B3,136.0,0.6526173042586958,0.007323673922088325,0.34005902204159444,0.4753665207267393,True,7.006570826303612,301.9113768032642
KOH,B3,136.5,0.6515699526213892,0.007373043967140447,0.34105700363395997,0.47710992751288306,True,7.006570826303612,301.9113768032642
KOH,B3,137.0,0.6505123516536981,0.007422891834196754,0.3420647567345947,0.47885376713035555,True,7.006570826303612,301.9113768032642
KOH,B3,137.5,0.649444583882719,0.0074732216138739815,0.3430821947252305,0.48059802514470124,True,7.006570826303612,301.9113768032642
KOH,B3,138.0,0.6483667310673846,0.007524037443640275,0.34410923171079855,0.4823426868149821,True,7.006570826303612,301.9113768032642
KOH,B3,138.5,0.6472788742108992,0.007575343509147459,0.34514578250177674,0.4840877370939319,True,7.006570826303612,301.9113768032642
KOH,B3,139.0,0.6461810935783907,0.007627144043564904,0.3461917625993127,0.4858331606281747,True,7.006570826303612,301.9113768032642
KOH,B3,139.5,0.6450734687142301,0.007679443328245661,0.3472470881787926,0.48757894175851463,True,7.006570826303612,301.9113768032642
KOH,B3,140.0,0.6439560784546883,0.007732245693725659,0.3483116760727434,0.4893250645202872,True,7.006570826303612,301.9113768032642
KOH,B3,140.5,0.6428290009452553,0.0077855555195016635,0.3493854437556232,0.49107151264377896,True,7.006570826303612,301.9113768032642
KOH,B3,141.0,0.6416923136562946,0.007839377235141498,0.350468309328944,0.49281826955471053,True,7.006570826303612,301.9113768032642
KOH,B3,141.5,0.6405460933969209,0.007893715319395866,0.3515601915031752,0.4945653183747852,True,7.006570826303612,301.9113768032642
KOH,B3,142.0,0.6393904163322084,0.007948574301863687,0.35266100958519786,0.49631264192230007,True,7.006570826303612,301.9113768032642
KOH,B3,142.5,0.6382253579968467,0.008003958762659025,0.3537706834595422,0.4980602227128226,True,7.006570826303612,301.9113768032642
KOH,B3,143.0,0.6370509933091295,0.00805987333363234,0.35488913357539786,0.499808042959927,True,7.006570826303612,301.9113768032642
KOH,B3,143.5,0.6358673965891626,0.008116322697704348,0.35601628093107074,0.5015560845759977,True,7.006570826303612,301.9113768032642
KOH,B3,144.0,0.6346746415701876,0.008173311589754206,0.3571520470571077,0.5033043291730891,True,7.006570826303612,301.9113768032642
KOH,B3,144.5,0.6334728014145696,0.008230844797285641,0.35829635400475013,0.5050527580638525,True,7.006570826303612,301.9113768032642
KOH,B3,145.0,0.6322619487277858,0.00828892716131513,0.3594491243275044,0.5068013522625205,True,7.006570826303612,301.9113768032642
KOH,B3,145.5,0.6310421555733026,0.00834756357503963,0.360610281067153,0.5085500924859537,True,7.006570826303612,301.9113768032642
KOH,B3,146.0,0.6298134934867861,0.008406758986057028,0.36177974774198596,0.5102989591547467,True,7.006570826303612,301.9113768032642
KOH,B3,146.5,0.6285760334889812,0.008466518396588185,0.3629574483292597,0.5120479323943955,True,7.006570826303612,301.9113768032642
KOH,B3,147.0,0.6273298461005883,0.008526846863032844,0.3641433072505418,0.5137969920365244,True,7.006570826303612,301.9113768032642
KOH,B3,147.5,0.6260750013560301,0.008587749495969632,0.3653372493608309,0.5155461176201698,True,7.006570826303612,301.9113768032642
KOH,B3,148.0,0.6248115688169964,0.008649231463708773,0.3665391999316814,0.5172952883931254,True,7.006570826303612,301.9113768032642
KOH,B3,148.5,0.6235396175859886,0.008711297988739375,0.3677490846369924,0.5190444833133459,True,7.006570826303612,301.9113768032642
KOH,B3,149.0,0.6222592163185325,0.008773954351060098,0.3689668295416837,0.5207936810504064,True,7.006570826303612,301.9113768032642
KOH,B3,149.5,0.620970433238277,0.008837205887068933,0.37019236108504217,0.5225428599870213,True,7.006570826303612,301.9113768032642
KOH,B3,150.0,0.6196733361496509,0.008901057990895467,0.37142560606917563,0.5242919982206222,True,7.006570826303612,301.9113768032642
KOH,B3,150.5,0.618367992449631,0.00896551611417884,0.37266649164546806,0.5260410735649893,True,7.006570826303612,301.9113768032642
KOH,B3,151.0,0.617054469140621,0.009030585767622057,0.37391494529948055,0.5277900635519422,True,7.006570826303612,301.9113768032642
KOH,B3,151.5,0.6157328328466605,0.009096272520547899,0.3751708948402932,0.529538945433087,True,7.006570826303612,301.9113768032642
KOH,B3,152.0,0.6144031498198643,0.009162582001120967,0.376434268385184,0.5312876961816181,True,7.006570826303612,301.9113768032642
KOH,B3,152.5,0.6130654859579643,0.00922951989767995,0.3777049943491928,0.5330362924941776,True,7.006570826303612,301.9113768032642
KOH,B3,153.0,0.611719906814967,0.009297091960513981,0.378983001429134,0.534784710792769,True,7.006570826303612,301.9113768032642
KOH,B3,153.5,0.6103664776118123,0.009365303997865837,0.38026821859382665,0.5365329272267267,True,7.006570826303612,301.9113768032642
KOH,B3,154.0,0.6090052632505838,0.009434161881705094,0.38156057507010566,0.5382809176747406,True,7.006570826303612,301.9113768032642
KOH,B3,154.5,0.6076363283251673,0.009503671544397463,0.3828600003314975,0.5400286577469344,True,7.006570826303612,301.9113768032642
KOH,B3,155.0,0.6062597371334633,0.009573838982035454,0.3841664240846754,0.5417761227869996,True,7.006570826303612,301.9113768032642
KOH,B3,155.5,0.6048755536891548,0.009644670252884069,0.38547977625769114,0.5435232878743813,True,7.006570826303612,301.9113768032642
KOH,B3,156.0,0.603483841731256,0.009716171477824886,0.3867999869890948,0.5452701278265213,True,7.006570826303612,301.9113768032642
KOH,B3,156.5,0.6020846647378786,0.009788348844130823,0.3881269866152781,0.5470166172011507,True,7.006570826303612,301.9113768032642
KOH,B3,157.0,0.6006780859362237,0.009861208600803195,0.38946070565848423,0.548762730298638,True,7.006570826303612,301.9113768032642
KOH,B3,157.5,0.5992641683145727,0.009934757064122834,0.39080107481614945,0.5505084411643897,True,7.006570826303612,301.9113768032642
KOH,B3,158.0,0.5978429746307246,0.010009000614985553,0.39214802494780265,0.5522537235913025,True,7.006570826303612,301.9113768032642
KOH,B3,158.5,0.5964145674259846,0.010083945699568275,0.39350148706640553,0.5539985511222688,True,7.006570826303612,301.9113768032642
KOH,B3,159.0,0.5949790090329365,0.010159598832881755,0.394861392325474,0.5557428970527333,True,7.006570826303612,301.9113768032642
KOH,B3,159.5,0.5935363615874323,0.010235966594995816,0.39622767200708786,0.5574867344333014,True,7.006570826303612,301.9113768032642
KOH,B3,160.0,0.5920866870385844,0.01031305563503615,0.39760025751434114,0.5592300360723995,True,7.006570826303612,301.9113768032642
KOH,B3,160.5,0.5906300471589798,0.010390872670962281,0.3989790803573534,0.5609727745389848,True,7.006570826303612,301.9113768032642
KOH,B3,161.0,0.5891665035544502,0.010469424487569157,0.4003640721437218,0.5627149221653068,True,7.006570826303612,301.9113768032642
KOH,B3,161.5,0.5876961176738416,0.010548717940928043,0.40175516456919524,0.5644564510497202,True,7.006570826303612,301.9113768032642
KOH,B3,162.0,0.5862189508192284,0.010628759956610168,0.403152289406572,0.5661973330595446,True,7.006570826303612,301.9113768032642
KOH,B3,162.5,0.5847350641556837,0.010709557531463076,0.4045553784941536,0.5679375398339765,True,7.006570826303612,301.9113768032642
KOH,B3,163.0,0.5832445187186064,0.010791117732722455,0.40596436372841715,0.5696770427870506,True,7.006570826303612,301.9113768032642
KOH,B3,163.5,0.5817473754266,0.010873447698678262,0.4073791770524693,0.5714158131106474,True,7.006570826303612,301.9113768032642
KOH,B3,164.0,0.5802436950872458,0.01095655464244949,0.40879975044672,0.573153821777553,True,7.006570826303612,301.9113768032642
KOH,B3,164.5,0.5787335384082049,0.011040445847987357,0.41022601591844676,0.574891039544565,True,7.006570826303612,301.9113768032642
KOH,B3,165.0,0.5772169660054338,0.011125128673628026,0.4116579054944669,0.576627436955645,True,7.006570826303612,301.9113768032642
KOH,B3,165.5,0.5756940384107345,0.01121061055142647,0.4130953512091473,0.5783629843451231,True,7.006570826303612,301.9113768032642
KOH,B3,166.0,0.574164816082412,0.011296898989598958,0.41453828509774304,0.5800976518409439,True,7.006570826303612,301.9113768032642
KOH,B3,166.5,0.572629359412602,0.011384001569636482,0.41598663918596124,0.5818314093679632,True,7.006570826303612,301.9113768032642
KOH,B3,167.0,0.5710877287350424,0.011471925950745643,0.41744034548063524,0.5835642266512903,True,7.006570826303612,301.9113768032642
KOH,B3,167.5,0.5695399843332893,0.01156067986762821,0.4188993359632853,0.5852960732196739,True,7.006570826303612,301.9113768032642
KOH,B3,168.0,0.5679861864502644,0.011650271133367696,0.4203635425790164,0.5870269184089378,True,7.006570826303612,301.9113768032642
KOH,B3,168.5,0.5664263952933624,0.011740707637653003,0.4218328972296348,0.5887567313654561,True,7.006570826303612,301.9113768032642
KOH,B3,169.0,0.5648606710442206,0.011831997349665002,0.4233073317647662,0.5904854810496789,True,7.006570826303612,301.9113768032642
KOH,B3,169.5,0.5632890738662688,0.01192414831696631,0.42478677797386233,0.5922131362396971,True,7.006570826303612,301.9113768032642
KOH,B3,170.0,0.5617116639096142,0.01201716866749969,0.42627116757776307,0.5939396655348551,True,7.006570826303612,301.9113768032642
KOH,B3,170.5,0.5601285013208113,0.012111066609143961,0.42776043222292337,0.5956650373594031,True,7.006570826303612,301.9113768032642
KOH,B3,171.0,0.5585396462493009,0.012205850430602183,0.42925450347053307,0.5973892199661957,True,7.006570826303612,301.9113768032642
KOH,B3,171.5,0.5569451588540719,0.012301528503178005,0.4307533127914098,0.5991121814404292,True,7.006570826303612,301.9113768032642
KOH,B3,172.0,0.5553450993098785,0.012398109278999314,0.4322567915577835,0.6008338897034243,True,7.006570826303612,301.9113768032642
KOH,B3,172.5,0.5537395278136792,0.012495601294570946,0.4337648710364128,0.6025543125164475,True,7.006570826303612,301.9113768032642
KOH,B3,173.0,0.5521285045921864,0.012594013170108553,0.43527748238036956,0.6042734174845744,True,7.006570826303612,301.9113768032642
KOH,B3,173.5,0.550512089908306,0.012693353607984292,0.4367945566241538,0.6059911720605922,True,7.006570826303612,301.9113768032642
KOH,B3,174.0,0.5488903440649118,0.012793631397833849,0.438316024675256,0.6077075435489445,True,7.006570826303612,301.9113768032642
KOH,B3,174.5,0.5472633274137273,0.012894855414113948,0.43984181730816196,0.609422499109712,True,7.006570826303612,301.9113768032642
KOH,B3,175.0,0.5456311003586567,0.012997034617212577,0.4413718651579135,0.6111360057626338,True,7.006570826303612,301.9113768032642
KOH,B3,175.5,0.5439937233637782,0.013100178054337164,0.44290609871322495,0.6128480303911656,True,7.006570826303612,301.9113768032642
KOH,B3,176.0,0.5423512569555644,0.013204294861290933,0.44444444831159835,0.6145585397465771,True,7.006570826303612,301.9113768032642
KOH,B3,176.5,0.5407037617326527,0.013309394261140639,0.4459868441322179,0.6162675004520842,True,7.006570826303612,301.9113768032642
KOH,B3,177.0,0.5390512983665108,0.013415485566881102,0.4475332161906209,0.6179748790070173,True,7.006570826303612,301.9113768032642
KOH,B3,177.5,0.5373939276094308,0.013522578179880895,0.4490834943322586,0.6196806417910282,True,7.006570826303612,301.9113768032642
KOH,B3,178.0,0.5357317102980819,0.013630681592768923,0.450637608228055,0.6213847550683274,True,7.006570826303612,301.9113768032642
KOH,B3,178.5,0.5340647073588389,0.013739805388990334,0.4521954873690781,0.6230871849919599,True,7.006570826303612,301.9113768032642
KOH,B3,179.0,0.5323929798108917,0.013849959243694698,0.4537570610596564,0.624787897608111,True,7.006570826303612,301.9113768032642
KOH,B3,179.5,0.530716588772906,0.013961152924624187,0.45532225841404816,0.6264868588604483,True,7.006570826303612,301.9113768032642
KOH,B3,180.0,0.5290355954652437,0.014073396291891527,0.4568910083515565,0.6281840345944926,True,7.006570826303612,301.9113768032642
KOH,B3,180.5,0.5273500612152926,0.014186699300644534,0.4584632395903121,0.6298793905620231,True,7.006570826303612,301.9113768032642
KOH,B3,181.0,0.5256600474603523,0.01430107199973385,0.46003888064372056,0.6315728924255117,True,7.006570826303612,301.9113768032642
KOH,B3,181.5,0.5239656157516315,0.014416524533045205,0.4616178598164655,0.6332645057625882,True,7.006570826303612,301.9113768032642
KOH,B3,182.0,0.5222668277582443,0.014533067140387601,0.46320010519917965,0.634954196070533,True,7.006570826303612,301.9113768032642
KOH,B3,182.5,0.5205637452703193,0.014650710159713753,0.4647855446651139,0.636641928770802,True,7.006570826303612,301.9113768032642
KOH,B3,183.0,0.5188564302021081,0.01476946402401147,0.46637410586591876,0.6383276692135744,True,7.006570826303612,301.9113768032642
KOH,B3,183.5,0.5171449445953158,0.014889339266188628,0.4679657162278694,0.6400113826823314,True,7.006570826303612,301.9113768032642
KOH,B3,184.0,0.5154293506213214,0.015010346516852735,0.4695603029485351,0.6416930343984592,True,7.006570826303612,301.9113768032642
KOH,B3,184.5,0.513709710584509,0.015132496506531368,0.47115779299256033,0.643372589525877,True,7.006570826303612,301.9113768032642
KOH,B3,185.0,0.5119860869251536,0.015255800066116265,0.4727581130892222,0.6450500131756909,True,7.006570826303612,301.9113768032642
KOH,B3,185.5,0.510258542221198,0.015380268127751506,0.474361189728878,0.6467252704108694,True,7.006570826303612,301.9113768032642
KOH,B3,186.0,0.5085271391906954,0.015505911723501242,0.47596694916030025,0.6483983262509437,True,7.006570826303612,301.9113768032642
KOH,B3,186.5,0.5067919406940291,0.015632741990456722,0.47757531738712444,0.6500691456767287,True,7.006570826303612,301.9113768032642
KOH,B3,187.0,0.5050530097356898,0.015760770166961535,0.47918622016585033,0.6517376936350651,True,7.006570826303612,301.9113768032642
KOH,B3,187.5,0.5033104094653851,0.01589000759638637,0.4807995830036216,0.6534039350435807,True,7.006570826303612,301.9113768032642
KOH,B3,188.0,0.5015642031818146,0.01602046572535265,0.4824153311553392,0.6550678347954739,True,7.006570826303612,301.9113768032642
KOH,B3,188.5,0.4998144543302274,0.016152156107729354,0.484033389621219,0.6567293577643114,True,7.006570826303612,301.9113768032642
KOH,B3,189.0,0.4980612265088613,0.016285090401302327,0.4856536831459035,0.6583884688088455,True,7.006570826303612,301.9113768032642
KOH,B3,189.5,0.4963045834645019,0.016419280372881317,0.48727613621535326,0.6600451327778479,True,7.006570826303612,301.9113768032642
KOH,B3,190.0,0.49454458909781174,0.016554737895413396,0.4889006730561807,0.6616993145149584,True,7.006570826303612,301.9113768032642
KOH,B3,190.5,0.492781307461998,0.016691474950869534,0.4905272176332076,0.6633509788635465,True,7.006570826303612,301.9113768032642
KOH,B3,191.0,0.49101480276347864,0.016829503629800513,0.4921556936494653,0.6650000906715888,True,7.006570826303612,301.9113768032642
KOH,B3,191.5,0.48924513936299263,0.01696883613244715,0.493786024543752,0.6666466147965577,True,7.006570826303612,301.9113768032642
KOH,B3,192.0,0.4874723817753779,0.017109484770960748,0.4954181334897445,0.6682905161103211,True,7.006570826303612,301.9113768032642
KOH,B3,192.5,0.4856965946697933,0.017251461967182635,0.4970519433955545,0.6699317595040524,True,7.006570826303612,301.9113768032642
KOH,B3,193.0,0.4839178428699409,0.01739478025597485,0.498687376903284,0.6715703098931515,True,7.006570826303612,301.9113768032642
KOH,B3,193.5,0.4821361913529554,0.017539452285220136,0.5003243563874715,0.6732061322221708,True,7.006570826303612,301.9113768032642
KOH,B3,194.0,0.4803517052509587,0.017685490815377847,0.5019628039557578,0.6748391914697526,True,7.006570826303612,301.9113768032642
KOH,B3,194.5,0.4785644498479513,0.017832908721926444,0.5036026414486638,0.6764694526535676,True,7.006570826303612,301.9113768032642
KOH,B3,195.0,0.4767744905811444,0.01798171899558554,0.5052437904380369,0.6780968808352639,True,7.006570826303612,301.9113768032642
KOH,B3,195.5,0.47498189303940563,0.01813193474320407,0.5068861722288265,0.6797214411254147,True,7.006570826303612,301.9113768032642
KOH,B3,196.0,0.47318672296126074,0.018283569187094173,0.5085297078590845,0.6813430986884729,True,7.006570826303612,301.9113768032642
KOH,B3,196.5,0.4713890462366699,0.01843663566769571,0.510174318099299,0.6829618187477254,True,7.006570826303612,301.9113768032642
KOH,B3,197.0,0.46958892890169857,0.018591147644464456,0.5118199234541709,0.6845775665902482,True,7.006570826303612,301.9113768032642
KOH,B3,197.5,0.46778643714007195,0.018747118693873688,0.5134664441623915,0.6861903075718612,True,7.006570826303612,301.9113768032642
KOH,B3,198.0,0.46598163728006625,0.018904562513410994,0.5151138001990851,0.6878000071220811,True,7.006570826303612,301.9113768032642
KOH,B3,198.5,0.46417459579317644,0.01906349292091214,0.5167619112746991,0.6894066307490733,True,7.006570826303612,301.9113768032642
KOH,B3,199.0,0.4623653792923399,0.01922392385478311,0.5184106968381119,0.6910101440445952,True,7.006570826303612,301.9113768032642
KOH,B3,199.5,0.4605540545288278,0.019385869375776466,0.5200600760764118,0.6926105126889405,True,7.006570826303612,301.9113768032642
KOH,B3,200.0,0.45874068839180104,0.019549343667435437,0.5217099679180048,0.6942077024558718,True,7.006570826303612,301.9113768032642
KOH,B3,200.5,0.4569253479034252,0.019714361036760053,0.5233602910330593,0.6958016792175503,True,7.006570826303612,301.9113768032642
KOH,B3,201.0,0.4551081002193147,0.019880935914429188,0.5250109638357259,0.6973924089494523,True,7.006570826303612,301.9113768032642
KOH,B3,201.5,0.45328901262231547,0.020049082856576916,0.5266619044863585,0.6989798577352799,True,7.006570826303612,301.9113768032642
KOH,B3,202.0,0.45146815252250505,0.020218816545680696,0.5283130308930684,0.7005639917718581,True,7.006570826303612,301.9113768032642
KOH,B3,202.5,0.4496455874527516,0.020390151789673183,0.5299642607146104,0.7021447773740211,True,7.006570826303612,301.9113768032642
KOH,B3,203.0,0.44782138506582747,0.02056310352482882,0.5316155113628263,0.7037221809794847,True,7.006570826303612,301.9113768032642
KOH,B3,203.5,0.4459956131313003,0.02073768681376542,0.53326670000442,0.7052961691537031,True,7.006570826303612,301.9113768032642
KOH,B3,204.0,0.44416833953153656,0.02091391684966304,0.5349177435638452,0.7068667085947119,True,7.006570826303612,301.9113768032642
KOH,B3,204.5,0.4423396322594808,0.02109180895448759,0.5365685587273017,0.7084337661379533,True,7.006570826303612,301.9113768032642
KOH,B3,205.0,0.4405095594117725,0.021271378580101086,0.5382190619447336,0.7099973087610815,True,7.006570826303612,301.9113768032642
KOH,B3,205.5,0.43867818918852386,0.021452641310704124,0.5398691694333824,0.7115573035887511,True,7.006570826303612,301.9113768032642
KOH,B3,206.0,0.43684558988754674,0.021635612860837483,0.5415187971800073,0.7131137178973826,True,7.006570826303612,301.9113768032642
KOH,B3,206.5,0.4350118298992456,0.021820309078712796,0.5431678609462143,0.7146665191199092,True,7.006570826303612,301.9113768032642
KOH,B3,207.0,0.43317697770461905,0.02200674594488028,0.5448162762706765,0.716215674850496,True,7.006570826303612,301.9113768032642
KOH,B3,207.5,0.43134110186859864,0.02219493957444918,0.5464639584726871,0.7177611528492388,True,7.006570826303612,301.9113768032642
KOH,B3,208.0,0.42950427103671807,0.022384906217753908,0.5481108226570441,0.7193029210468356,True,7.006570826303612,301.9113768032642
KOH,B3,208.5,0.4276665539300062,0.02257666226035404,0.549756783716715,0.7208409475492319,True,7.006570826303612,301.9113768032642
KOH,B3,209.0,0.42582801933988,0.022770224223478408,0.551401756339498,0.7223752006422379,True,7.006570826303612,301.9113768032642
KOH,B3,209.5,0.423988736124592,0.02296560876580145,0.553045655008022,0.7239056487961163,True,7.006570826303612,301.9113768032642
KOH,B3,210.0,0.4221487732014584,0.02316283268433139,0.5546883940079628,0.7254322606701401,True,7.006570826303612,301.9113768032642
KOH,B3,210.5,0.4203081995444169,0.02336191291374412,0.5563298874315947,0.7269550051171197,True,7.006570826303612,301.9113768032642
KOH,B3,211.0,0.41846708417647704,0.023562866528381576,0.5579700491802342,0.7284738511878948,True,7.006570826303612,301.9113768032642
KOH,B3,211.5,0.4166254961661675,0.023765710742251756,0.5596087929720106,0.7299887681357953,True,7.006570826303612,301.9113768032642
KOH,B3,212.0,0.4147835046206527,0.023970462910138934,0.5612460323451973,0.7314997254210652,True,7.006570826303612,301.9113768032642
KOH,B3,212.5,0.4129411786797377,0.024177140528935936,0.5628816806626524,0.7330066927152512,True,7.006570826303612,301.9113768032642
KOH,B3,213.0,0.4110985875118711,0.02438576123653391,0.5645156511187022,0.7345096399055525,True,7.006570826303612,301.9113768032642
KOH,B3,213.5,0.409255800306374,0.02459634281359868,0.5661478567426936,0.736008537099134,True,7.006570826303612,301.9113768032642
KOH,B3,214.0,0.4074128862678883,0.024808903186013254,0.5677782104043239,0.7375033546273981,True,7.006570826303612,301.9113768032642
KOH,B3,214.5,0.40556991461082603,0.025023460421547128,0.5694066248209673,0.7389940630502159,True,7.006570826303612,301.9113768032642
KOH,B3,215.0,0.40372695455248575,0.02524003273474129,0.5710330125610064,0.7404806331601169,True,7.006570826303612,301.9113768032642
KOH,B3,215.5,0.4018840753077235,0.025458638485575946,0.5726572860511592,0.7419630359864355,True,7.006570826303612,301.9113768032642
KOH,B3,216.0,0.4000413460805152,0.02567929617880438,0.5742793575802541,0.7434412427994114,True,7.006570826303612,301.9113768032642
KOH,B3,216.5,0.3981988360592936,0.025902024468393847,0.5758991393074453,0.744915225114247,True,7.006570826303612,301.9113768032642
KOH,B3,217.0,0.39635661440939884,0.026126842154194918,0.577516543266432,0.7463849546951183,True,7.006570826303612,301.9113768032642
KOH,B3,217.5,0.3945147502673052,0.02635376818571622,0.5791314813725634,0.7478504035591347,True,7.006570826303612,301.9113768032642
KOH,B3,218.0,0.39267331273218353,0.026582821661236267,0.5807438654275021,0.7493115439802543,True,7.006570826303612,301.9113768032642
KOH,B3,218.5,0.39083237086035005,0.026814021827803458,0.5823536071281055,0.7507683484931469,True,7.006570826303612,301.9113768032642
KOH,B3,219.0,0.38899199365816095,0.027047388083900614,0.5839606180695345,0.7522207898970078,True,7.006570826303612,301.9113768032642
KOH,B3,219.5,0.3871522500735747,0.02728293997922293,0.5855648097541355,0.7536688412593175,True,7.006570826303612,301.9113768032642
KOH,B3,220.0,0.385313208991267,0.027520697213789802,0.5871660935967693,0.7551124759195518,True,7.006570826303612,301.9113768032642
KOH,B3,220.5,0.38347493922397113,0.027760679641719577,0.5887643809314724,0.7565516674928342,True,7.006570826303612,301.9113768032642
KOH,B3,221.0,0.38163750950470643,0.02800290726878707,0.5903595830187847,0.7579863898735372,True,7.006570826303612,301.9113768032642
KOH,B3,221.5,0.3798009884807829,0.028247400255088095,0.5919516110517442,0.7594166172388253,True,7.006570826303612,301.9113768032642
KOH,B3,222.0,0.3779654447060299,0.02849417891415129,0.5935403761627711,0.7608423240521416,True,7.006570826303612,301.9113768032642
KOH,B3,222.5,0.3761309466321361,0.028743263715380607,0.5951257894307727,0.762263485066637,True,7.006570826303612,301.9113768032642
KOH,B3,223.0,0.3742975626022105,0.02899467528294508,0.5967077618882488,0.763680075328542,True,7.006570826303612,301.9113768032642
KOH,B3,223.5,0.37246536084367676,0.02924843439711111,0.5982862045270654,0.765092070180476,True,7.006570826303612,301.9113768032642
KOH,B3,224.0,0.3706344094596137,0.029504561995352674,0.599861028308668,0.7664994452646994,True,7.006570826303612,301.9113768032642
KOH,B3,224.5,0.3688047764205393,0.029763079171463147,0.6014321441663029,0.7679021765263008,True,7.006570826303612,301.9113768032642
KOH,B3,225.0,0.3669765295590821,0.030024007177775758,0.6029994630172286,0.7693002402163265,True,7.006570826303612,301.9113768032642
KOH,B3,225.5,0.3651497365584344,0.030287367424053357,0.6045628957658256,0.7706936128948436,True,7.006570826303612,301.9113768032642
KOH,B3,226.0,0.3633244649487999,0.030553181480597047,0.6061223533142535,0.7720822714339401,True,7.006570826303612,301.9113768032642
KOH,B3,226.5,0.36150078209651326,0.030821471075803686,0.6076777465668926,0.7734661930206608,True,7.006570826303612,301.9113768032642
KOH,B3,227.0,0.35967875519560266,0.03109225809794225,0.6092289864401135,0.7748453551598776,True,7.006570826303612,301.9113768032642
KOH,B3,227.5,0.35785845126357074,0.031365564597374274,0.6107759838678284,0.7762197356770956,True,7.006570826303612,301.9113768032642
KOH,B3,228.0,0.3560399371298484,0.03164141278388932,0.6123186498101507,0.7775893127211878,True,7.006570826303612,301.9113768032642
KOH,B3,228.5,0.3542232794297995,0.031919825029591564,0.6138568952602785,0.778954064767068,True,7.006570826303612,301.9113768032642
KOH,B3,229.0,0.35240854459428483,0.0322008238680116,0.615390631251822,0.7803139706182911,True,7.006570826303612,301.9113768032642
KOH,B3,229.5,0.3505957988461095,0.032484431996548935,0.6169197688672412,0.7816690094095872,True,7.006570826303612,301.9113768032642
KOH,B3,230.0,0.3487851081860338,0.03277067227425157,0.6184442192445072,0.7830191606093251,True,7.006570826303612,301.9113768032642
KOH,B3,230.5,0.3469765383905532,0.03305956772425844,0.6199638935848739,0.7843644040219059,True,7.006570826303612,301.9113768032642
KOH,B3,231.0,0.3451701549992414,0.03335114153379948,0.6214787031615376,0.7857047197900867,True,7.006570826303612,301.9113768032642
KOH,B3,231.5,0.3433660233109759,0.033645417053529414,0.6229885593251883,0.7870400883972325,True,7.006570826303612,301.9113768032642
KOH,B3,232.0,0.34156420837105905,0.03394241780063645,0.6244933735131131,0.7883704906694962,True,7.006570826303612,301.9113768032642
KOH,B3,232.5,0.3397647749667776,0.03424216745573361,0.6259930572574124,0.7896959077779269,True,7.006570826303612,301.9113768032642
KOH,B3,233.0,0.3379677876182985,0.03454468986596737,0.6274875221903287,0.791016321240506,True,7.006570826303612,301.9113768032642
KOH,B3,233.5,0.3361733105704534,0.03485000904479563,0.6289766800549046,0.7923317129241099,True,7.006570826303612,301.9113768032642
KOH,B3,234.0,0.33438140778430103,0.03515814917087745,0.6304604427098681,0.7936420650463974,True,7.006570826303612,301.9113768032642
KOH,B3,234.5,0.3325921429309098,0.03546913459029355,0.6319387221387363,0.794947360177627,True,7.006570826303612,301.9113768032642
KOH,B3,235.0,0.3308055793804776,0.03578298981654626,0.6334114304575866,0.7962475812423957,True,7.006570826303612,301.9113768032642
KOH,B3,235.5,0.32902178019766914,0.03609973953011547,0.634878479922607,0.7975427115213067,True,7.006570826303612,301.9113768032642
KOH,B3,236.0,0.3272408081300693,0.036419408579124735,0.6363397829358686,0.7988327346525604,True,7.006570826303612,301.9113768032642
KOH,B3,236.5,0.3254627256039644,0.03674202197978538,0.6377952520564278,0.8001176346334703,True,7.006570826303612,301.9113768032642
KOH,B3,237.0,0.32368759471368413,0.037067604916174446,0.63924480000499,0.8013973958219027,True,7.006570826303612,301.9113768032642
KOH,B3,237.5,0.3219154772151622,0.03739618274223311,0.6406883396730123,0.8026720029376438,True,7.006570826303612,301.9113768032642
KOH,B3,238.0,0.32014643451772073,0.03772778097888008,0.6421257841291439,0.8039414410636876,True,7.006570826303612,301.9113768032642
KOH,B3,238.5,0.31838052767541036,0.038062425317786364,0.643557046627441,0.8052056956474479,True,7.006570826303612,301.9113768032642
KOH,B3,239.0,0.3166178173823475,0.0384001416184887,0.6449820406146944,0.8064647525018976,True,7.006570826303612,301.9113768032642
KOH,B3,239.5,0.3148583639609459,0.03874095591061,0.6464006797390898,0.8077185978066265,True,7.006570826303612,301.9113768032642
KOH,B3,240.0,0.3131022273574757,0.039084894393415226,0.6478128778548697,0.808967218108827,True,7.006570826303612,301.9113768032642
KOH,B3,240.5,0.3113494671327377,0.03943198343536736,0.6492185490327707,0.8102106003242016,True,7.006570826303612,301.9113768032642
KOH,B3,241.0,0.30960014245562384,0.039782249575459616,0.6506176075646852,0.8114487317377936,True,7.006570826303612,301.9113768032642
KOH,B3,241.5,0.3078543120951238,0.04013571952254935,0.6520099679732105,0.812681600004741,True,7.006570826303612,301.9113768032642
KOH,B3,242.0,0.30611203441277546,0.04049242015580212,0.6533955450174211,0.8139091931509566,True,7.006570826303612,301.9113768032642
KOH,B3,242.5,0.3043733673564475,0.04085237852358148,0.6547742537013068,0.8151314995737269,True,7.006570826303612,301.9113768032642
KOH,B3,243.0,0.3026383684516798,0.041215621845225314,0.6561460092793236,0.8163485080422396,True,7.006570826303612,301.9113768032642
KOH,B3,243.5,0.30090709479591027,0.041582177510379736,0.6575107272652758,0.8175602076980315,True,7.006570826303612,301.9113768032642
KOH,B3,244.0,0.29917960304981506,0.041952073078999064,0.6588683234378667,0.8187665880553618,True,7.006570826303612,301.9113768032642
KOH,B3,244.5,0.29745594943220155,0.04232533628067969,0.6602187138486926,0.8199676390015085,True,7.006570826303612,301.9113768032642
KOH,B3,245.0,0.2957361897117927,0.04270199501599237,0.6615618148289037,0.8211633507969904,True,7.006570826303612,301.9113768032642
KOH,B3,245.5,0.29402037920034374,0.04308207735537195,0.6628975429965323,0.8223537140757117,True,7.006570826303612,301.9113768032642
KOH,B3,246.0,0.29230857274753497,0.04346561153889539,0.6642258152609326,0.823538719845033,True,7.006570826303612,301.9113768032642
KOH,B3,246.5,0.29060082473209015,0.043852625976947834,0.665546548833662,0.8247183594857666,True,7.006570826303612,301.9113768032642
KOH,B3,247.0,0.28889718905600326,0.04424314924977857,0.6668596612313671,0.8258926247520958,True,7.006570826303612,301.9113768032642
KOH,B3,247.5,0.2871977191400976,0.044637210107723035,0.6681650702851094,0.8270615077714238,True,7.006570826303612,301.9113768032642
KOH,B3,248.0,0.28550246791381184,0.045034837469648537,0.6694626941443627,0.8282250010441421,True,7.006570826303612,301.9113768032642
KOH,B3,248.5,0.2838114878125353,0.04543606042450854,0.6707524512863383,0.8293830974433312,True,7.006570826303612,301.9113768032642
KOH,B3,249.0,0.2821248307698365,0.04584090822934428,0.6720342605193164,0.830535790214386,True,7.006570826303612,301.9113768032642
KOH,B3,249.5,0.280442548211024,0.04624941031106111,0.673308040991305,0.8316830729745663,True,7.006570826303612,301.9113768032642
KOH,B3,250.0,0.2787646910489272,0.046661596264430116,0.674573712195814,0.8328249397124784,True,7.006570826303612,301.9113768032642
KOH,B3,250.5,0.2770913096759031,0.047077495851644,0.6758311939765171,0.833961384787481,True,7.006570826303612,301.9113768032642
KOH,B3,251.0,0.2754224539600614,0.04749713900409347,0.6770804065352465,0.8350924029290246,True,7.006570826303612,301.9113768032642
KOH,B3,251.5,0.27375817323793683,0.04792055582014676,0.6783212704368768,0.8362179892359145,True,7.006570826303612,301.9113768032642
KOH,B3,252.0,0.2720985163111589,0.048347776563595346,0.6795537066155433,0.8373381391755076,True,7.006570826303612,301.9113768032642
KOH,B3,252.5,0.27044353143867994,0.04877883166676256,0.6807776363801921,0.8384528485828376,True,7.006570826303612,301.9113768032642
KOH,B3,253.0,0.2687932663334447,0.049213751727172905,0.681992981420354,0.8395621136596714,True,7.006570826303612,301.9113768032642
KOH,B3,253.5,0.2671477681561729,0.04965256750755209,0.6831996638125837,0.8406659309734968,True,7.006570826303612,301.9113768032642
KOH,B3,254.0,0.26550708351180674,0.050095309935827004,0.684397606024012,0.8417642974564432,True,7.006570826303612,301.9113768032642
KOH,B3,254.5,0.26387125844262727,0.05054201010468162,0.685586730919896,0.8428572104041343,True,7.006570826303612,301.9113768032642
KOH,B3,255.0,0.26224033842425776,0.05099269926955863,0.6867669617685035,0.8439446674744736,True,7.006570826303612,301.9113768032642
KOH,B3,255.5,0.26061436836277707,0.051447408850657794,0.6879382222446662,0.8450266666863663,True,7.006570826303612,301.9113768032642
KOH,B3,256.0,0.25899339258783627,0.0519061704284951,0.6891004364371067,0.8461032064183726,True,7.006570826303612,301.9113768032642
KOH,B3,256.5,0.25737745484888386,0.05236901574701136,0.6902535288526579,0.8471742854073018,True,7.006570826303612,301.9113768032642
KOH,B3,257.0,0.2557665983131674,0.05283597671068563,0.6913974244202592,0.848239902746737,True,7.006570826303612,301.9113768032642
KOH,B3,257.5,0.2541608655588501,0.053307085383202946,0.6925320484980624,0.8493000578855009,True,7.006570826303612,301.9113768032642
KOH,B3,258.0,0.2525602985712361,0.05378237398856456,0.6936573268756518,0.8503547506260603,True,7.006570826303612,301.9113768032642
KOH,B3,258.5,0.2509649387418822,0.05426187490886747,0.6947731857798178,0.8514039811228642,True,7.006570826303612,301.9113768032642
KOH,B3,259.0,0.24937482686193668,0.05474562068341626,0.6958795518807737,0.8524477498806287,True,7.006570826303612,301.9113768032642
KOH,B3,259.5,0.24779000311991872,0.055233644008723104,0.6969763522932659,0.8534860577525567,True,7.006570826303612,301.9113768032642
KOH,B3,260.0,0.24621050709838777,0.055725977736065246,0.6980635145832359,0.8545189059385025,True,7.006570826303612,301.9113768032642
KOH,B3,260.5,0.2446363777692806,0.05622265487170708,0.6991409667720383,0.8555462959830774,True,7.006570826303612,301.9113768032642
KOH,B3,261.0,0.2430676534936893,0.05672370857534581,0.700208637339772,0.8565682297736975,True,7.006570826303612,301.9113768032642
KOH,B3,261.5,0.2415043720165322,0.05722917215900125,0.7012664552288328,0.857584709538579,True,7.006570826303612,301.9113768032642
KOH,B3,262.0,0.23994657046455536,0.05773907908523945,0.7023143498505746,0.858595737844675,True,7.006570826303612,301.9113768032642
KOH,B3,262.5,0.23839428534322415,0.05825346296672862,0.7033522510857537,0.8596013175955606,True,7.006570826303612,301.9113768032642
KOH,B3,263.0,0.2368475525353908,0.05877235756579502,0.7043800892903018,0.8606014520292635,True,7.006570826303612,301.9113768032642
KOH,B3,263.5,0.23530640729774177,0.05929579679087027,0.7053977952986568,0.8615961447160454,True,7.006570826303612,301.9113768032642
KOH,B3,264.0,0.23377088425902137,0.05982381469693543,0.7064053004270932,0.8625853995561276,True,7.006570826303612,301.9113768032642
KOH,B3,264.5,0.23224101741825542,0.06035644548330055,0.7074025364774972,0.8635692207773723,True,7.006570826303612,301.9113768032642
KOH,B3,265.0,0.23071684014186467,0.060893723492494445,0.7083894357404752,0.8645476129329107,True,7.006570826303612,301.9113768032642
KOH,B3,265.5,0.2291983851634427,0.0614356832087104,0.7093659309982403,0.8655205808987249,True,7.006570826303612,301.9113768032642
KOH,B3,266.0,0.22768568458086946,0.06198235925669593,0.7103319555290533,0.8664881298711824,True,7.006570826303612,301.9113768032642
KOH,B3,266.5,0.2261787698552009,0.06253378639864415,0.7112874431085547,0.8674502653645259,True,7.006570826303612,301.9113768032642
KOH,B3,267.0,0.22467767180889275,0.0630899995346379,0.7122323280148724,0.8684069932083158,True,7.006570826303612,301.9113768032642
KOH,B3,267.5,0.2231824206262445,0.06365103369887493,0.7131665450290647,0.8693583195448326,True,7.006570826303612,301.9113768032642
KOH,B3,268.0,0.22169304585029082,0.06421692406011204,0.7140900294397845,0.8703042508264323,True,7.006570826303612,301.9113768032642
KOH,B3,268.5,0.2202095763828016,0.06478770591722416,0.7150027170459428,0.8712447938128632,True,7.006570826303612,301.9113768032642
KOH,B3,269.0,0.21873204048428185,0.06536341470009255,0.7159045441573753,0.8721799555685432,True,7.006570826303612,301.9113768032642
KOH,B3,269.5,0.2172604657717514,0.06594408596583001,0.7167954475999494,0.8731097434597933,True,7.006570826303612,301.9113768032642
KOH,B3,270.0,0.21579487921985496,0.0665297553976707,0.7176753647162304,0.8740341651520364,True,7.006570826303612,301.9113768032642
KOH,B3,270.5,0.21433530715908589,0.06712045880163942,0.7185442333688119,0.8749532286069585,True,7.006570826303612,301.9113768032642
KOH,B3,271.0,0.21288177527734042,0.06771623210655164,0.7194019919418704,0.8758669420796319,True,7.006570826303612,301.9113768032642
KOH,B3,271.5,0.21143430861791934,0.06831711136023877,0.7202485793436075,0.8767753141156056,True,7.006570826303612,301.9113768032642
KOH,B3,272.0,0.20999293158174837,0.06892313272777173,0.7210839350082487,0.8776783535479605,True,7.006570826303612,301.9113768032642
KOH,B3,272.5,0.20855766792515773,0.06953433248968466,0.7219079988991517,0.8785760694943306,True,7.006570826303612,301.9113768032642
KOH,B3,273.0,0.2071285407629908,0.07015074703842217,0.7227207115085843,0.8794684713538964,True,7.006570826303612,301.9113768032642
KOH,B3,273.5,0.20570557256638367,0.07077241287811731,0.7235220138617215,0.8803555688043434,True,7.006570826303612,301.9113768032642
KOH,B3,274.0,0.20428878516631777,0.0713993666192625,0.7243118475170895,0.8812373717987934,True,7.006570826303612,301.9113768032642
KOH,B3,274.5,0.20287819975184362,0.07203164497848746,0.725090154568564,0.882113890562708,True,7.006570826303612,301.9113768032642
KOH,B3,275.0,0.2014738368725233,0.07266928477478451,0.7258568776475904,0.8829851355907611,True,7.006570826303612,301.9113768032642
KOH,B3,275.5,0.20007571643843036,0.07331232292839829,0.7266119599242948,0.8838511176436924,True,7.006570826303612,301.9113768032642
KOH,B3,276.0,0.19868385772348063,0.07396079645549669,0.7273553451085935,0.8847118477451265,True,7.006570826303612,301.9113768032642
KOH,B3,276.5,0.19729827936365574,0.07461474246772681,0.7280869774524135,0.8855673371783782,True,7.006570826303612,301.9113768032642
KOH,B3,277.0,0.19591899936122203,0.07527419816799608,0.7288068017505811,0.8864175974832246,True,7.006570826303612,301.9113768032642
KOH,B3,277.5,0.19454603508450852,0.07593920084913997,0.7295147633428201,0.8872626404526652,True,7.006570826303612,301.9113768032642
KOH,B3,278.0,0.19317940327079342,0.07660978788837092,0.7302108081135295,0.8881024781296551,True,7.006570826303612,301.9113768032642
KOH,B3,278.5,0.19181912002763646,0.07728599674705627,0.7308948824946704,0.8889371228038199,True,7.006570826303612,301.9113768032642
KOH,B3,279.0,0.19046520083487728,0.07796786496538921,0.7315669334655439,0.889766587008154,True,7.006570826303612,301.9113768032642
KOH,B3,279.5,0.18911766054641177,0.07865543016061238,0.7322269085547894,0.8905908835157008,True,7.006570826303612,301.9113768032642
KOH,B3,280.0,0.18777651339352275,0.07934873002302112,0.732874755841717,0.8914100253362145,True,7.006570826303612,301.9113768032642
KOH,B3,280.5,0.1864417729855461,0.08004780231307684,0.7335104239560852,0.89222402571281,True,7.006570826303612,301.9113768032642
KOH,B3,281.0,0.1851134523145337,0.08075268485741027,0.7341338620798776,0.8930328981185962,True,7.006570826303612,301.9113768032642
KOH,B3,281.5,0.1837915637552534,0.08146341554549075,0.7347450199470806,0.8938366562532984,True,7.006570826303612,301.9113768032642
KOH,B3,282.0,0.18247611906963002,0.08218003232740578,0.7353438478474583,0.894635314039867,True,7.006570826303612,301.9113768032642
KOH,B3,282.5,0.18116712940963176,0.08290257320742178,0.7359302966241099,0.8954288856210749,True,7.006570826303612,301.9113768032642
KOH,B3,283.0,0.17986460531926873,0.08363107624309585,0.7365043176748021,0.8962173853561071,True,7.006570826303612,301.9113768032642
KOH,B3,283.5,0.1785685567374795,0.08436557953994672,0.7370658629564097,0.8970008278171402,True,7.006570826303612,301.9113768032642
KOH,B3,284.0,0.17727899300301608,0.08510612124834616,0.7376148849791431,0.8977792277859125,True,7.006570826303612,301.9113768032642
KOH,B3,284.5,0.17599592285577614,0.0858527395579678,0.7381513368134307,0.8985526002502909,True,7.006570826303612,301.9113768032642
KOH,B3,285.0,0.1747193544403558,0.086605472696899,0.7386751720868112,0.8993209604008289,True,7.006570826303612,301.9113768032642
KOH,B3,285.5,0.17344929531026843,0.08736435892409133,0.7391863449865976,0.9000843236273204,True,7.006570826303612,301.9113768032642
KOH,B3,286.0,0.1721857524317194,0.08812943652691807,0.7396848102587672,0.9008427055153502,True,7.006570826303612,301.9113768032642
KOH,B3,286.5,0.17092873218649274,0.08890074381739943,0.7401705232104039,0.9015961218428418,True,7.006570826303612,301.9113768032642
KOH,B3,287.0,0.16967824037483759,0.08967831912665147,0.7406434397094763,0.9023445885766027,True,7.006570826303612,301.9113768032642
KOH,B3,287.5,0.1684342822219076,0.09046220080111134,0.7411035161843937,0.9030881218688682,True,7.006570826303612,301.9113768032642
KOH,B3,288.0,0.1671968623793152,0.09125242719765225,0.7415507096275586,0.9038267380538456,True,7.006570826303612,301.9113768032642
KOH,B3,288.5,0.16596598493001657,0.0920490366798088,0.74198497759137,0.904560453644261,True,7.006570826303612,301.9113768032642
KOH,B3,289.0,0.16474165339253055,0.09285206761155962,0.7424062781937746,0.9052892853279055,True,7.006570826303612,301.9113768032642
KOH,B3,289.5,0.16352387072449126,0.0936615583544409,0.742814570115824,0.9060132499641835,True,7.006570826303612,301.9113768032642
KOH,B3,290.0,0.1623126393277552,0.09447754726155111,0.7432098126021192,0.9067323645806689,True,7.006570826303612,301.9113768032642
KOH,B3,290.5,0.161107961052398,0.095300072672444,0.7435919654639189,0.90744664636966,True,7.006570826303612,301.9113768032642
KOH,B3,291.0,0.15990983720004515,0.09612917290913181,0.7439609890762533,0.9081561126847446,True,7.006570826303612,301.9113768032642
KOH,B3,291.5,0.15871826853097737,0.09696488626920186,0.7443168443819204,0.9088607810373689,True,7.006570826303612,301.9113768032642
KOH,B3,292.0,0.15753325526612905,0.09780725102337406,0.7446594928894879,0.9095606690934122,True,7.006570826303612,301.9113768032642
KOH,B3,292.5,0.15635479709263933,0.0986563054077294,0.7449888966757356,0.9102557946697731,True,7.006570826303612,301.9113768032642
KOH,B3,293.0,0.15518289316895917,0.09951208761882491,0.7453050183852117,0.9109461757309611,True,7.006570826303612,301.9113768032642
KOH,B3,293.5,0.15401754212951424,0.10037463580947481,0.7456078212311201,0.9116318303856983,True,7.006570826303612,301.9113768032642
KOH,B3,294.0,0.15285874208870176,0.10124398808208923,0.7458972689962096,0.9123127768835334,True,7.006570826303612,301.9113768032642
KOH,B3,294.5,0.15170649064666364,0.10212018248334509,0.7461733260341052,0.9129890336114629,True,7.006570826303612,301.9113768032642
KOH,B3,295.0,0.15056078489394942,0.10300325699841295,0.746435957268865,0.9136606190905682,True,7.006570826303612,301.9113768032642
KOH,B3,295.5,0.14942162141751147,0.10389324954518386,0.7466851281960896,0.9143275519726612,True,7.006570826303612,301.9113768032642
KOH,B3,296.0,0.14828899630270342,0.10479019796827416,0.7469208048846987,0.9149898510369462,True,7.006570826303612,301.9113768032642
KOH,B3,296.5,0.14716290514282804,0.10569414003325228,0.7471429539767094,0.9156475351866944,True,7.006570826303612,301.9113768032642
KOH,B3,297.0,0.14604334304113564,0.1066051134206436,0.7473515426883459,0.9163006234459318,True,7.006570826303612,301.9113768032642
KOH,B3,297.5,0.14493030461659728,0.10752315571860294,0.7475465388118163,0.9169491349561457,True,7.006570826303612,301.9113768032642
KOH,B3,298.0,0.143823784010344,0.10844830441913977,0.7477279107150903,0.9175930889730027,True,7.006570826303612,301.9113768032642
KOH,B3,298.5,0.14272377488988575,0.10938059690857038,0.7478956273430093,0.9182325048630877,True,7.006570826303612,301.9113768032642
KOH,B3,299.0,0.14163027045466237,0.11032007046396508,0.7480496582199514,0.9188674021006561,True,7.006570826303612,301.9113768032642
KOH,B3,299.5,0.1405432634413728,0.1112667622449326,0.7481899734496089,0.9194978002644064,True,7.006570826303612,301.9113768032642
KOH,B3,300.0,0.1394627461308584,0.11222070928718075,0.7483165437152106,0.9201237190342716,True,7.006570826303612,301.9113768032642
KOH,B4,1.0,0.40075252904570036,0.0050297721232439585,0.5942176987421277,0.12501141455303805,False,1.5938659914572373,312.32244316342417
KOH,B4,1.5,0.40461453405793435,0.005001759110445647,0.5903837067349205,0.12629510247076656,False,1.5938659914572373,312.32244316342417
KOH,B4,2.0,0.4084702275466423,0.004974249133038455,0.5865555232180686,0.12758539087696583,True,1.5938659914572373,312.32244316342417
KOH,B4,2.5,0.41231876561154124,0.004947238490204953,0.5827339957813482,0.12888219809961135,True,1.5938659914572373,312.32244316342417
KOH,B4,3.0,0.41615931173533127,0.004920723559953544,0.5789199645955811,0.13018544180448285,True,1.5938659914572373,312.32244316342417
KOH,B4,3.5,0.41999103746426236,0.004894700675883712,0.5751142617531624,0.13149503905713855,True,1.5938659914572373,312.32244316342417
KOH,B4,4.0,0.42381312303607643,0.004869166208454345,0.571317710660324,0.1328109063847084,True,1.5938659914572373,312.32244316342417
KOH,B4,4.5,0.4276247579775294,0.004844116526570019,0.5675311253858784,0.13413295983741427,True,1.5938659914572373,312.32244316342417
KOH,B4,5.0,0.43142514168437174,0.004819548043766275,0.5637553101673909,0.13546111504972863,True,1.5938659914572373,312.32244316342417
KOH,B4,5.5,0.43521348397379533,0.004795457135386982,0.5599910587839041,0.1367952873010843,True,1.5938659914572373,312.32244316342417
KOH,B4,6.0,0.43898900559780074,0.004771840258044335,0.556239154045457,0.13813539157605256,True,1.5938659914572373,312.32244316342417
KOH,B4,6.5,0.44275093879386773,0.004748693819056626,0.5525003672877116,0.1394813426239067,True,1.5938659914572373,312.32244316342417
KOH,B4,7.0,0.44649852774703014,0.004726014277256496,0.5487754578810122,0.1408330550174945,True,1.5938659914572373,312.32244316342417
KOH,B4,7.5,0.45023102903085643,0.0047037980959174774,0.5450651727771927,0.1421904432113437,True,1.5938659914572373,312.32244316342417
KOH,B4,8.0,0.4539477120886204,0.004682041760295519,0.5413702460597136,0.14355342159892903,True,1.5938659914572373,312.32244316342417
KOH,B4,8.5,0.4576478595941236,0.004660741764750398,0.537691398552198,0.14492190456903223,True,1.5938659914572373,312.32244316342417
KOH,B4,9.0,0.46133076787246985,0.004639894630842356,0.5340293374108684,0.14629580656113006,True,1.5938659914572373,312.32244316342417
KOH,B4,9.5,0.46499574724023773,0.004619496889790575,0.5303847557835972,0.1476750421197491,True,1.5938659914572373,312.32244316342417
KOH,B4,10.0,0.46864212234287717,0.004599545093242341,0.5267583324769509,0.14905952594772948,True,1.5938659914572373,312.32244316342417
KOH,B4,10.5,0.47226923246512786,0.004580035824153228,0.5231507316277861,0.15044917295834323,True,1.5938659914572373,312.32244316342417
KOH,B4,11.0,0.4758764318110176,0.004560965661148941,0.5195626024455668,0.15184389832621645,True,1.5938659914572373,312.32244316342417
KOH,B4,11.5,0.4794630897569929,0.0045423312300396645,0.5159945789326992,0.15324361753700952,True,1.5938659914572373,312.32244316342417
KOH,B4,12.0,0.4830285910898402,0.004524129161298518,0.512447279668482,0.15464824643581104,True,1.5938659914572373,312.32244316342417
KOH,B4,12.5,0.4865723362152963,0.004506356112043974,0.508921307594834,0.15605770127420682,True,1.5938659914572373,312.32244316342417
KOH,B4,13.0,0.4900937413258033,0.00448900876848235,0.5054172498331067,0.1574718987559883,True,1.5938659914572373,312.32244316342417
KOH,B4,13.5,0.49359223857892154,0.004472083830586726,0.5019356775189943,0.15889075608146766,True,1.5938659914572373,312.32244316342417
KOH,B4,14.0,0.497067276219898,0.0044555780261967826,0.4984771456847392,0.16031419099037225,True,1.5938659914572373,312.32244316342417
KOH,B4,14.5,0.5005183186896911,0.0044394881105747075,0.49504219313234454,0.1617421218032924,True,1.5938659914572373,312.32244316342417
KOH,B4,15.0,0.5039448467272223,0.004423810862075328,0.49163134234286865,0.16317446746166198,True,1.5938659914572373,312.32244316342417
KOH,B4,15.5,0.5073463574249981,0.004408543088918471,0.4882450994228016,0.1646111475662534,True,1.5938659914572373,312.32244316342417
KOH,B4,16.0,0.5107223642760728,0.004393681620751266,0.48488395404189255,0.16605208241417282,True,1.5938659914572373,312.32244316342417
KOH,B4,16.5,0.5140723971999162,0.004379223317863001,0.48154837942415707,0.16749719303434377,True,1.5938659914572373,312.32244316342417
KOH,B4,17.0,0.5173960025436353,0.0043651650678544485,0.4782388323310016,0.16894640122147153,True,1.5938659914572373,312.32244316342417
KOH,B4,17.5,0.5206927430652097,0.004351503790411826,0.47495575308920124,0.1703996295684832,True,1.5938659914572373,312.32244316342417
KOH,B4,18.0,0.5239621979074016,0.0043382364289801245,0.4716995656106615,0.17185680149744037,True,1.5938659914572373,312.32244316342417
KOH,B4,18.5,0.5272039625298097,0.0043253599619763605,0.46847067745670046,0.17331784128892724,True,1.5938659914572373,312.32244316342417
KOH,B4,19.0,0.5304176486462531,0.00431287139723846,0.4652694799079926,0.17478267410991527,True,1.5938659914572373,312.32244316342417
KOH,B4,19.5,0.5336028841387286,0.0043007677695827695,0.4620963480447271,0.17625122604011242,True,1.5938659914572373,312.32244316342417
KOH,B4,20.0,0.5367593129463888,0.00428904615557002,0.4589516408542993,0.17772342409680444,True,1.5938659914572373,312.32244316342417
KOH,B4,20.5,0.5398865949515219,0.00427770365185598,0.45583570135510065,0.1791991962582002,True,1.5938659914572373,312.32244316342417
KOH,B4,21.0,0.5429844058429945,0.004266737399560849,0.4527488567178106,0.18067847148529337,True,1.5938659914572373,312.32244316342417
KOH,B4,21.5,0.5460524369692576,0.004256144563341557,0.44969141842837734,0.18216117974225662,True,1.5938659914572373,312.32244316342417
KOH,B4,22.0,0.5490903951801962,0.004245922348544706,0.4466636824354553,0.1836472520153858,True,1.5938659914572373,312.32244316342417
KOH,B4,22.5,0.5520980026427758,0.004236067995044834,0.44366592932998383,0.18513662033061246,True,1.5938659914572373,312.32244316342417
KOH,B4,23.0,0.5550749966699575,0.004226578770860634,0.4406984245280965,0.18662921776960756,True,1.5938659914572373,312.32244316342417
KOH,B4,23.5,0.5580211295161952,0.00421745198608825,0.4377614184662426,0.18812497848449727,True,1.5938659914572373,312.32244316342417
KOH,B4,24.0,0.5609361681748748,0.00420868498618443,0.43485514681257387,0.18962383771121588,True,1.5938659914572373,312.32244316342417
KOH,B4,24.5,0.563819894156492,0.004200275148358301,0.43197983067111423,0.19112573178152237,True,1.5938659914572373,312.32244316342417
KOH,B4,25.0,0.5666721032734356,0.004192219889398441,0.4291356768136301,0.19263059813370534,True,1.5938659914572373,312.32244316342417
KOH,B4,25.5,0.5694926053974592,0.004184516665672877,0.42632287791594115,0.19413837532200692,True,1.5938659914572373,312.32244316342417
KOH,B4,26.0,0.5722812242302533,0.004177162965801617,0.42354161278734814,0.19564900302479216,True,1.5938659914572373,312.32244316342417
KOH,B4,26.5,0.5750377970470955,0.004170156317762075,0.4207920466190451,0.19716242205149662,True,1.5938659914572373,312.32244316342417
KOH,B4,27.0,0.5777621744521566,0.004163494289444181,0.4180743312458546,0.19867857434838032,True,1.5938659914572373,312.32244316342417
KOH,B4,27.5,0.5804542201114371,0.00415717448459807,0.4153886053939182,0.2001974030031219,True,1.5938659914572373,312.32244316342417
KOH,B4,28.0,0.5831138104983036,0.004151194547219461,0.4127349949463732,0.20171885224828306,True,1.5938659914572373,312.32244316342417
KOH,B4,28.5,0.5857408346210402,0.004145552160716992,0.41011361321158235,0.20324286746367845,True,1.5938659914572373,312.32244316342417
KOH,B4,29.0,0.588335193755507,0.004140245044526036,0.4075245611943612,0.20476939517768125,True,1.5938659914572373,312.32244316342417
KOH,B4,29.5,0.5908968011681948,0.004135270961325155,0.40496792786837155,0.20629838306750004,True,1.5938659914572373,312.32244316342417
KOH,B4,30.0,0.5934255818351164,0.004130627711207424,0.402443790453233,0.20782977995845983,True,1.5938659914572373,312.32244316342417
KOH,B4,30.5,0.5959214721756867,0.004126313132180037,0.3999522146934664,0.209363535822321,True,1.5938659914572373,312.32244316342417
KOH,B4,31.0,0.598384419761594,0.004122325106492575,0.3974932551361887,0.21089960177467035,True,1.5938659914572373,312.32244316342417
KOH,B4,31.5,0.6008143830360524,0.004118661553476066,0.3950669554169117,0.21243793007141762,True,1.5938659914572373,312.32244316342417
KOH,B4,32.0,0.6032113310355525,0.004115320433234482,0.3926733485402345,0.21397847410443255,True,1.5938659914572373,312.32244316342417
KOH,B4,32.5,0.6055752431061157,0.004112299746589221,0.39031245715800966,0.21552118839635456,True,1.5938659914572373,312.32244316342417
KOH,B4,33.0,0.6079061086214643,0.004109597534524001,0.3879842938575295,0.21706602859461036,True,1.5938659914572373,312.32244316342417
KOH,B4,33.5,0.6102039266961956,0.004107211878628947,0.3856888614390541,0.21861295146467125,True,1.5938659914572373,312.32244316342417
KOH,B4,34.0,0.6124687059155809,0.0041051409014059015,0.3834261532006389,0.22016191488258402,True,1.5938659914572373,312.32244316342417
KOH,B4,34.5,0.6147004640418008,0.004103382764575336,0.3811961532116659,0.22171287782680824,True,1.5938659914572373,312.32244316342417
KOH,B4,35.0,0.6168992277495733,0.004101935674766244,0.37899883659717193,0.22326580036939137,True,1.5938659914572373,312.32244316342417
KOH,B4,35.5,0.6190650323411873,0.004100797873135553,0.37683416980868745,0.22482064366651447,True,1.5938659914572373,312.32244316342417
KOH,B4,36.0,0.6211979214748586,0.0040999676468589374,0.37470211090326333,0.22637736994843924,True,1.5938659914572373,312.32244316342417
KOH,B4,36.5,0.6232979468945299,0.004099443321053942,0.372602609810313,0.22793594250888746,True,1.5938659914572373,312.32244316342417
KOH,B4,37.0,0.6253651681610711,0.004099223264289464,0.3705356086030481,0.22949632569388317,True,1.5938659914572373,312.32244316342417
KOH,B4,37.5,0.6273996523825931,0.004099305882659943,0.3685010417650292,0.23105848489008726,True,1.5938659914572373,312.32244316342417
KOH,B4,38.0,0.6294014739559317,0.004099689626752001,0.3664988364514149,0.2326223865126536,True,1.5938659914572373,312.32244316342417
KOH,B4,38.5,0.631370714305593,0.004100372983720235,0.36452891274600663,0.23418799799263526,True,1.5938659914572373,312.32244316342417
KOH,B4,39.0,0.633307461627694,0.004101354484864483,0.3625911839246626,0.23575528776396862,True,1.5938659914572373,312.32244316342417
KOH,B4,39.5,0.635211810637637,0.004102632701591391,0.36068555670085156,0.23732422525006266,True,1.5938659914572373,312.32244316342417
KOH,B4,40.0,0.6370838623231262,0.004104206243124575,0.35881193147471735,0.23889478085001997,True,1.5938659914572373,312.32244316342417
KOH,B4,40.5,0.6389237236964148,0.004106073763845974,0.35697020258266404,0.2404669259245151,True,1.5938659914572373,312.32244316342417
KOH,B4,41.0,0.6407315075585215,0.00410823395431692,0.3551602585316477,0.24204063278135585,True,1.5938659914572373,312.32244316342417
KOH,B4,41.5,0.6425073322588182,0.004110685548293358,0.35338198223995587,0.2436158746607512,True,1.5938659914572373,312.32244316342417
KOH,B4,42.0,0.6442513214662965,0.004113427317625762,0.3516352512650464,0.2451926257203108,True,1.5938659914572373,312.32244316342417
KOH,B4,42.5,0.6459636039386554,0.004116458077449425,0.34991993803452565,0.24677086101979764,True,1.5938659914572373,312.32244316342417
KOH,B4,43.0,0.6476443133051207,0.004119776679599452,0.3482359100677283,0.2483505565056572,True,1.5938659914572373,312.32244316342417
KOH,B4,43.5,0.6492935878409049,0.004123382016696028,0.3465830301965251,0.2499316889953443,True,1.5938659914572373,312.32244316342417
KOH,B4,44.0,0.6509115702587637,0.004127273024110776,0.3449611567736699,0.25151423616146845,True,1.5938659914572373,312.32244316342417
KOH,B4,44.5,0.6524984074978727,0.004131448672152482,0.3433701438879744,0.2530981765157781,True,1.5938659914572373,312.32244316342417
KOH,B4,45.0,0.6540542505191344,0.004135907974420205,0.34180984156661,0.254683489393003,True,1.5938659914572373,312.32244316342417
KOH,B4,45.5,0.6555792541033008,0.004140649982352362,0.34028009597656184,0.2562701549345735,True,1.5938659914572373,312.32244316342417
KOH,B4,46.0,0.6570735766606994,0.004145673787148141,0.338780749616803,0.257858154072235,True,1.5938659914572373,312.32244316342417
KOH,B4,46.5,0.6585373800349625,0.004150978518101256,0.3373116415127317,0.25944746851157435,True,1.5938659914572373,312.32244316342417
KOH,B4,47.0,0.659970829322204,0.004156563345812658,0.33587260739970093,0.26103808071547563,True,1.5938659914572373,312.32244316342417
KOH,B4,47.5,0.6613740926847758,0.004162427477666375,0.334463479907017,0.2626299738875208,True,1.5938659914572373,312.32244316342417
KOH,B4,48.0,0.6627473411790138,0.004168570160216489,0.3330840887316097,0.2642231319553508,True,1.5938659914572373,312.32244316342417
KOH,B4,48.5,0.6640907485814806,0.004174990679686741,0.33173426081165025,0.2658175395540015,True,1.5938659914572373,312.32244316342417
KOH,B4,49.0,0.6654044912228624,0.004181688358778635,0.33041382049421586,0.267413182009229,True,1.5938659914572373,312.32244316342417
KOH,B4,49.5,0.6666887478217198,0.004188662558579637,0.3291225896960015,0.26901004532083733,True,1.5938659914572373,312.32244316342417
KOH,B4,50.0,0.667943699329876,0.00419591268191466,0.3278603880659814,0.2706081161460216,True,1.5938659914572373,312.32244316342417
KOH,B4,50.5,0.6691695287809468,0.004203438164263051,0.32662703313429686,0.27220738178273846,True,1.5938659914572373,312.32244316342417
KOH,B4,51.0,0.6703664211323151,0.004211238482737523,0.3254223404664802,0.27380783015311655,True,1.5938659914572373,312.32244316342417
KOH,B4,51.5,0.6715345631309599,0.00421931315017221,0.3242461238030514,0.275409449786916,True,1.5938659914572373,312.32244316342417
KOH,B4,52.0,0.6726741431646449,0.004227661716968423,0.32309819520373595,0.27701222980504986,True,1.5938659914572373,312.32244316342417
KOH,B4,52.5,0.6737853511309955,0.004236283771275051,0.3219783651843555,0.278616159903176,True,1.5938659914572373,312.32244316342417
KOH,B4,53.0,0.6748683783027176,0.004245178938239169,0.3208864428468905,0.2802212303353685,True,1.5938659914572373,312.32244316342417
KOH,B4,53.5,0.6759234172026285,0.004254346880755433,0.3198222360070446,0.28182743189787945,True,1.5938659914572373,312.32244316342417
KOH,B4,54.0,0.6769506614757725,0.004263787296315824,0.3187855513192006,0.28343475591299727,True,1.5938659914572373,312.32244316342417
KOH,B4,54.5,0.6779503057749436,0.004273499921908508,0.31777619439654625,0.2850431942130106,True,1.5938659914572373,312.32244316342417
KOH,B4,55.0,0.6789225456406145,0.0042834845279671185,0.3167939699261213,0.2866527391242861,True,1.5938659914572373,312.32244316342417
KOH,B4,55.5,0.6798675773914409,0.004293740923949629,0.31583868178064467,0.28826338345146535,True,1.5938659914572373,312.32244316342417
KOH,B4,56.0,0.6807855980167921,0.004304268953897461,0.3149101331273163,0.28987512046178837,True,1.5938659914572373,312.32244316342417
KOH,B4,56.5,0.6816768050715294,0.004315068498156327,0.31400812652934706,0.2914879438695507,True,1.5938659914572373,312.32244316342417
KOH,B4,57.0,0.6825413965744764,0.0043261394736537895,0.3131324640519295,0.293101847820698,True,1.5938659914572373,312.32244316342417
KOH,B4,57.5,0.683379570916548,0.004337481832566992,0.3122829473532207,0.2947168268775653,True,1.5938659914572373,312.32244316342417
KOH,B4,58.0,0.684191526760275,0.0043490955612401905,0.31145937778176425,0.29633287600376457,True,1.5938659914572373,312.32244316342417
KOH,B4,58.5,0.6849774629550109,0.004360980684459115,0.3106615564660298,0.2979499905492264,True,1.5938659914572373,312.32244316342417
KOH,B4,59.0,0.6857375784495023,0.004373137259316984,0.30988928439745766,0.29956816623539834,True,1.5938659914572373,312.32244316342417
KOH,B4,59.5,0.6864720722085937,0.004385565380349288,0.3091423625198042,0.3011873991406062,True,1.5938659914572373,312.32244316342417
KOH,B4,60.0,0.6871811431321817,0.0043982651756480085,0.30842059180258286,0.30280768568557975,True,1.5938659914572373,312.32244316342417
KOH,B4,60.5,0.6878649899797473,0.004411236808804508,0.3077237733236926,0.30442902261914645,True,1.5938659914572373,312.32244316342417
KOH,B4,61.0,0.6885238112957492,0.004424480477716042,0.3070517083396951,0.3060514070040982,True,1.5938659914572373,312.32244316342417
KOH,B4,61.5,0.6891578053406511,0.004437996415779244,0.30640419835778476,0.30767483620323116,True,1.5938659914572373,312.32244316342417
KOH,B4,62.0,0.6897671700223373,0.0044517848900582635,0.30578104520345706,0.309299307865562,True,1.5938659914572373,312.32244316342417
KOH,B4,62.5,0.6903521028288617,0.004465846203172141,0.305182051084929,0.3109248199127235,True,1.5938659914572373,312.32244316342417
KOH,B4,63.0,0.6909128007715482,0.004480180690158431,0.30460701865708817,0.31255137052554105,True,1.5938659914572373,312.32244316342417
KOH,B4,63.5,0.6914494603194044,0.004494788722553267,0.30405575107850247,0.31417895813079033,True,1.5938659914572373,312.32244316342417
KOH,B4,64.0,0.6919622773474132,0.00450967070347863,0.303528052070845,0.31580758138813936,True,1.5938659914572373,312.32244316342417
KOH,B4,64.5,0.692451447080078,0.004524827072416304,0.3030237259706303,0.31743723917727645,True,1.5938659914572373,312.32244316342417
KOH,B4,65.0,0.6929171640399079,0.0045402583012665865,0.3025425777830604,0.31906793058522204,True,1.5938659914572373,312.32244316342417
KOH,B4,65.5,0.693359621999956,0.0045559648961801535,0.3020844132298195,0.3206996548938292,True,1.5938659914572373,312.32244316342417
KOH,B4,66.0,0.6937790139329159,0.004571947396891929,0.3016490387981463,0.3223324115674702,True,1.5938659914572373,312.32244316342417
KOH,B4,66.5,0.6941755319694876,0.004588206376665571,0.30123626178174545,0.3239662002409118,True,1.5938659914572373,312.32244316342417
KOH,B4,67.0,0.6945493673581327,0.004604742443459209,0.30084589032791653,0.32560102070737806,True,1.5938659914572373,312.32244316342417
KOH,B4,67.5,0.6949007104198324,0.00462155623703886,0.3004777334746356,0.32723687290680137,True,1.5938659914572373,312.32244316342417
KOH,B4,68.0,0.6952297505130045,0.004638648430810299,0.30013160118841364,0.3288737569142621,True,1.5938659914572373,312.32244316342417
KOH,B4,68.5,0.6955366759975323,0.004656019733317862,0.2998073044034877,0.3305116729286155,True,1.5938659914572373,312.32244316342417
KOH,B4,69.0,0.6958216741985157,0.004673670884081105,0.29950465505262924,0.3321506212613064,True,1.5938659914572373,312.32244316342417
KOH,B4,69.5,0.696084931378349,0.00469160265714752,0.29922346610156136,0.3337906023253719,True,1.5938659914572373,312.32244316342417
KOH,B4,70.0,0.6963266327006945,0.004709815859371691,0.29896355157771337,0.3354316166246296,True,1.5938659914572373,312.32244316342417
KOH,B4,70.5,0.6965469622063347,0.004728311331192447,0.2987247266018622,0.33707366474305206,True,1.5938659914572373,312.32244316342417
KOH,B4,71.0,0.6967461027851396,0.004747089945300598,0.29850680740972635,0.338716747334327,True,1.5938659914572373,312.32244316342417
KOH,B4,71.5,0.6969242361509198,0.004766152608359775,0.2983096113825523,0.3403608651116007,True,1.5938659914572373,312.32244316342417
KOH,B4,72.0,0.6970815428166133,0.004785500258841502,0.2981329570668212,0.3420060188374057,True,1.5938659914572373,312.32244316342417
KOH,B4,72.5,0.6972182020755224,0.0048051338698562596,0.2979766641985071,0.34365220931377033,True,1.5938659914572373,312.32244316342417
KOH,B4,73.0,0.6973343919768893,0.004825054446044863,0.29784055372195084,0.34529943737250873,True,1.5938659914572373,312.32244316342417
KOH,B4,73.5,0.6974302893101858,0.004845263026354019,0.2977244478095664,0.3469477038656917,True,1.5938659914572373,312.32244316342417
KOH,B4,74.0,0.6975060695869617,0.0048657606808166776,0.29762816987927154,0.34859700965629553,True,1.5938659914572373,312.32244316342417
KOH,B4,74.5,0.6975619070241357,0.004886548513716171,0.2975515446103638,0.3502473556090284,True,1.5938659914572373,312.32244316342417
KOH,B4,75.0,0.6975979745285632,0.0049076276624759885,0.2974943979588418,0.351898742581332,True,1.5938659914572373,312.32244316342417
KOH,B4,75.5,0.6976144436847131,0.0049289992966605745,0.2974565571690624,0.35355117141455794,True,1.5938659914572373,312.32244316342417
KOH,B4,76.0,0.6976114847431214,0.004950664619418621,0.2974378507890063,0.355204642925317,True,1.5938659914572373,312.32244316342417
KOH,B4,76.5,0.6975892666074568,0.0049726248660397765,0.29743810867938203,0.35685915789699973,True,1.5938659914572373,312.32244316342417
KOH,B4,77.0,0.6975479568254728,0.004994881305786514,0.29745716202328465,0.3585147170714662,True,1.5938659914572373,312.32244316342417
KOH,B4,77.5,0.6974877215792374,0.005017435239895729,0.2974948433361879,0.36017132114090455,True,1.5938659914572373,312.32244316342417
KOH,B4,78.0,0.6974087256809147,0.005040288003355098,0.297550986472328,0.3618289707398552,True,1.5938659914572373,312.32244316342417
KOH,B4,78.5,0.6973111325608294,0.0050634409641814315,0.2976254266325862,0.36348766643740044,True,1.5938659914572373,312.32244316342417
KOH,B4,79.0,0.6971951042660796,0.0050868955233096536,0.29771800036931806,0.36514740872951645,True,1.5938659914572373,312.32244316342417
KOH,B4,79.5,0.6970608014533752,0.005110653114204222,0.29782854559223804,0.3668081980315871,True,1.5938659914572373,312.32244316342417
KOH,B4,80.0,0.6969083833859302,0.005134715204857532,0.2979569015696959,0.36847003467107625,True,1.5938659914572373,312.32244316342417
KOH,B4,80.5,0.6967380079315189,0.005159083295014355,0.29810290893445,0.3701329188803593,True,1.5938659914572373,312.32244316342417
KOH,B4,81.0,0.6965498315580354,0.005183758919280468,0.2982664096847776,0.37179685078970887,True,1.5938659914572373,312.32244316342417
KOH,B4,81.5,0.6963440093350481,0.0052087436444026025,0.2984472471840305,0.37346183042043657,True,1.5938659914572373,312.32244316342417
KOH,B4,82.0,0.6961206949302468,0.005234039070656227,0.29864526616357745,0.375127857678185,True,1.5938659914572373,312.32244316342417
KOH,B4,82.5,0.6958800406123289,0.0052596468321786105,0.2988603127209166,0.3767949323463724,True,1.5938659914572373,312.32244316342417
KOH,B4,83.0,0.6956221972516663,0.005285568596136159,0.2990922343183433,0.37846305407978376,True,1.5938659914572373,312.32244316342417
KOH,B4,83.5,0.6953473143200273,0.005311806064389746,0.29934087978283896,0.3801322223983112,True,1.5938659914572373,312.32244316342417
KOH,B4,84.0,0.6950555398939073,0.005338360971662848,0.29960609930251847,0.3818024366808373,True,1.5938659914572373,312.32244316342417
KOH,B4,84.5,0.6947470206596917,0.005365235086651765,0.2998877444225778,0.3834736961592632,True,1.5938659914572373,312.32244316342417
KOH,B4,85.0,0.694421901913711,0.005392430212525223,0.30018566804346225,0.3851459999126778,True,1.5938659914572373,312.32244316342417
KOH,B4,85.5,0.6940803275693463,0.005419948185481083,0.30049972441636985,0.38681934686166586,True,1.5938659914572373,312.32244316342417
KOH,B4,86.0,0.6937224401595277,0.0054477908760786065,0.30082976913581305,0.3884937357627553,True,1.5938659914572373,312.32244316342417
KOH,B4,86.5,0.6933483808442276,0.005475960190293172,0.30117565913811983,0.3901691652029996,True,1.5938659914572373,312.32244316342417
KOH,B4,87.0,0.6929582894138475,0.005504458067129292,0.3015372526924409,0.3918456335946952,True,1.5938659914572373,312.32244316342417
KOH,B4,87.5,0.6925523042983217,0.005533286480341459,0.30191440939530967,0.39352313917023124,True,1.5938659914572373,312.32244316342417
KOH,B4,88.0,0.6921305625711138,0.00556244743898926,0.3023069901646469,0.39520167997707006,True,1.5938659914572373,312.32244316342417
KOH,B4,88.5,0.691693199958654,0.005591942985772036,0.3027148572313232,0.39688125387285744,True,1.5938659914572373,312.32244316342417
KOH,B4,89.0,0.691240350847,0.005621775199360357,0.303137874130166,0.3985618585206595,True,1.5938659914572373,312.32244316342417
KOH,B4,89.5,0.6907721482888318,0.005651946192508639,0.303575905695741,0.40024349138432624,True,1.5938659914572373,312.32244316342417
KOH,B4,90.0,0.690288724015331,0.005682458114053546,0.3040288180488071,0.40192614972397817,True,1.5938659914572373,312.32244316342417
KOH,B4,90.5,0.6897902084403995,0.0057133131469155884,0.30449647859120965,0.4036098305916165,True,1.5938659914572373,312.32244316342417
KOH,B4,91.0,0.6892767306745373,0.00574451351076366,0.304978755994334,0.4052945308268537,True,1.5938659914572373,312.32244316342417
KOH,B4,91.5,0.6887484185298387,0.005776061460016635,0.30547552018989066,0.4069802470527626,True,1.5938659914572373,312.32244316342417
KOH,B4,92.0,0.688205398534536,0.005807959285397679,0.3059866423611446,0.40866697567184457,True,1.5938659914572373,312.32244316342417
KOH,B4,92.5,0.6876477959382177,0.005840209313046074,0.3065119949302586,0.41035471286211234,True,1.5938659914572373,312.32244316342417
KOH,B4,93.0,0.6870757347263723,0.005872813905849483,0.30705145155007774,0.4120434545732885,True,1.5938659914572373,312.32244316342417
KOH,B4,93.5,0.6864893376286041,0.005905775462777818,0.30760488709169476,0.41373319652311596,True,1.5938659914572373,312.32244316342417
KOH,B4,94.0,0.6858887261314006,0.005939096418661194,0.30817217763356997,0.41542393419378093,True,1.5938659914572373,312.32244316342417
KOH,B4,94.5,0.6852740204880137,0.005972779245744242,0.308753200450651,0.41711566282844537,True,1.5938659914572373,312.32244316342417
KOH,B4,95.0,0.6846453397298946,0.006006826453464065,0.30934783400149435,0.41880837742788785,True,1.5938659914572373,312.32244316342417
KOH,B4,95.5,0.6840028016790178,0.006041240587895125,0.3099559579190503,0.42050207274725226,True,1.5938659914572373,312.32244316342417
KOH,B4,96.0,0.6833465229596491,0.006076024230750043,0.310577452995342,0.42219674329290185,True,1.5938659914572373,312.32244316342417
KOH,B4,96.5,0.6826766190111133,0.006111180004819694,0.31121220117058535,0.4238923833193773,True,1.5938659914572373,312.32244316342417
KOH,B4,97.0,0.681993204097564,0.0061467105672008415,0.3118600855223086,0.4255889868264587,True,1.5938659914572373,312.32244316342417
KOH,B4,97.5,0.681296391323194,0.006182618615069302,0.3125209902492543,0.42728654755632844,True,1.5938659914572373,312.32244316342417
KOH,B4,98.0,0.6805862926436701,0.006218906882016206,0.31319480066227534,0.4289850589908352,True,1.5938659914572373,312.32244316342417
KOH,B4,98.5,0.6798630188785681,0.006255578141600715,0.313881403168792,0.43068451434885635,True,1.5938659914572373,312.32244316342417
KOH,B4,99.0,0.6791266797239182,0.006292635204796504,0.31458068526046823,0.4323849065837589,True,1.5938659914572373,312.32244316342417
KOH,B4,99.5,0.6783773837670815,0.006330080922212211,0.31529253550055536,0.4340862283809564,True,1.5938659914572373,312.32244316342417
KOH,B4,100.0,0.6776152384976308,0.006367918182759169,0.316016843509237,0.4357884721555622,True,1.5938659914572373,312.32244316342417
KOH,B4,100.5,0.6768403503222276,0.006406149914983672,0.3167534999527488,0.437491630050136,True,1.5938659914572373,312.32244316342417
KOH,B4,101.0,0.6760528245768338,0.0064447790875110655,0.31750239652694745,0.4391956939325245,True,1.5938659914572373,312.32244316342417
KOH,B4,101.5,0.6752527655401463,0.0064838087072693895,0.31826342594365453,0.4409006553937928,True,1.5938659914572373,312.32244316342417
KOH,B4,102.0,0.6744402764485846,0.006523241823486181,0.31903648191999867,0.4426065057462483,True,1.5938659914572373,312.32244316342417
KOH,B4,102.5,0.6736154595070598,0.006563081523469627,0.31982145916165106,0.44431323602155287,True,1.5938659914572373,312.32244316342417
KOH,B4,103.0,0.6727784159061834,0.006603330936827412,0.3206182533496138,0.44602083696892436,True,1.5938659914572373,312.32244316342417
KOH,B4,103.5,0.6719292458332582,0.00664399323224707,0.3214267611271193,0.4477292990534266,True,1.5938659914572373,312.32244316342417
KOH,B4,104.0,0.6710680484861564,0.0066850716218258555,0.3222468800846423,0.44943861245434485,True,1.5938659914572373,312.32244316342417
KOH,B4,104.5,0.6701949220893066,0.006726569357295986,0.3230785087466881,0.45114876706364765,True,1.5938659914572373,312.32244316342417
KOH,B4,105.0,0.6693099639053512,0.0067684897325781535,0.3239215465556944,0.45285975248453314,True,1.5938659914572373,312.32244316342417
KOH,B4,105.5,0.6684132702492462,0.006810836083670502,0.3247758938609291,0.45457155803005983,True,1.5938659914572373,312.32244316342417
KOH,B4,106.0,0.6675049365034713,0.006853611788981695,0.32564145190161486,0.45628417272185934,True,1.5938659914572373,312.32244316342417
KOH,B4,106.5,0.6665850571307974,0.006896820268886827,0.3265181227942726,0.4579975852889321,True,1.5938659914572373,312.32244316342417
KOH,B4,107.0,0.6656537256886086,0.006940464988169914,0.3274058095174004,0.45971178416652336,True,1.5938659914572373,312.32244316342417
KOH,B4,107.5,0.6647110348440011,0.006984549452804245,0.32830441589781767,0.46142675749508,True,1.5938659914572373,312.32244316342417
KOH,B4,108.0,0.6637570763839973,0.007029077213283053,0.3292138465974537,0.4631424931192865,True,1.5938659914572373,312.32244316342417
KOH,B4,108.5,0.6627919412349748,0.0070740518645084904,0.3301340070953618,0.46485897858718017,True,1.5938659914572373,312.32244316342417
KOH,B4,109.0,0.6618157194722141,0.007119477043793232,0.33106480367905977,0.4665762011493433,True,1.5938659914572373,312.32244316342417
KOH,B4,109.5,0.660828500335886,0.007165356434746251,0.3320061434244348,0.4682941477581732,True,1.5938659914572373,312.32244316342417
KOH,B4,110.0,0.6598303722443744,0.0072116937649413515,0.33295793418575137,0.4700128050672278,True,1.5938659914572373,312.32244316342417
KOH,B4,110.5,0.6588214228084865,0.00725849280680535,0.33392008457966416,0.47173215943064806,True,1.5938659914572373,312.32244316342417
KOH,B4,111.0,0.6578017388458868,0.007305757379172384,0.334892503970341,0.473452196902654,True,1.5938659914572373,312.32244316342417
KOH,B4,111.5,0.6567714063926422,0.007353491345840624,0.3358751024572504,0.47517290323711564,True,1.5938659914572373,312.32244316342417
KOH,B4,112.0,0.6557305107206535,0.007401698615905339,0.33686779085839724,0.4768942638871974,True,1.5938659914572373,312.32244316342417
KOH,B4,112.5,0.65467913634909,0.007450383147977746,0.33787048069833236,0.4786162640050748,True,1.5938659914572373,312.32244316342417
KOH,B4,113.0,0.6536173670576018,0.007499548944522871,0.33888308419305346,0.4803388884417251,True,1.5938659914572373,312.32244316342417
KOH,B4,113.5,0.6525452859034164,0.007549200056633509,0.3399055142353502,0.48206212174678675,True,1.5938659914572373,312.32244316342417
KOH,B4,114.0,0.6514629752298884,0.007599340582253866,0.34093768438214767,0.48378594816849263,True,1.5938659914572373,312.32244316342417
KOH,B4,114.5,0.6503705166855944,0.007649974668844095,0.3419795088402955,0.48551035165367207,True,1.5938659914572373,312.32244316342417
KOH,B4,115.0,0.6492679912347699,0.007701106510049627,0.3430309024499145,0.4872353158478234,True,1.5938659914572373,312.32244316342417
KOH,B4,115.5,0.648155479169743,0.007752740349697973,0.344091780675182,0.4889608240952548,True,1.5938659914572373,312.32244316342417
KOH,B4,116.0,0.6470330601295871,0.0078048804801333915,0.3451620595843474,0.4906868594392957,True,1.5938659914572373,312.32244316342417
KOH,B4,116.5,0.6459008131065591,0.007857531243771199,0.34624165584373756,0.49241340462257416,True,1.5938659914572373,312.32244316342417
KOH,B4,117.0,0.6447588164655293,0.007910697031987546,0.3473304866961069,0.4941404420873642,True,1.5938659914572373,312.32244316342417
KOH,B4,117.5,0.6436071479538619,0.007964382287672933,0.3484284699522,0.4958679539759983,True,1.5938659914572373,312.32244316342417
KOH,B4,118.0,0.6424458847160697,0.008018591503011763,0.34953552397443133,0.4975959221313475,True,1.5938659914572373,312.32244316342417
KOH,B4,118.5,0.6412751033061381,0.008073329222368919,0.35065156766467265,0.49932432809736826,True,1.5938659914572373,312.32244316342417
KOH,B4,119.0,0.6400948797018469,0.008128600040735456,0.3517765204501533,0.501053153119714,True,1.5938659914572373,312.32244316342417
KOH,B4,119.5,0.6389052893165381,0.008184408605282911,0.35291030227035947,0.5027823781464122,True,1.5938659914572373,312.32244316342417
KOH,B4,120.0,0.6377064070125504,0.00824075961625148,0.3540528335630455,0.504511983828607,True,1.5938659914572373,312.32244316342417
KOH,B4,120.5,0.6364983071145414,0.008297657826172866,0.3552040352510222,0.5062419505213653,True,1.5938659914572373,312.32244316342417
KOH,B4,121.0,0.6352810634215889,0.008355108039759251,0.35636382873016625,0.5079722582845472,True,1.5938659914572373,312.32244316342417
KOH,B4,121.5,0.6340547492202919,0.008413115116123748,0.3575321358542105,0.5097028868837401,True,1.5938659914572373,312.32244316342417
KOH,B4,122.0,0.6328194372976492,0.008471683969668575,0.35870887892319736,0.5114338157912558,True,1.5938659914572373,312.32244316342417
KOH,B4,122.5,0.6315751999533825,0.008530819566754388,0.3598939806697121,0.5131650241871909,True,1.5938659914572373,312.32244316342417
KOH,B4,123.0,0.6303221090118161,0.00859052693047424,0.36108736424678156,0.5148964909605476,True,1.5938659914572373,312.32244316342417
KOH,B4,123.5,0.6290602358356434,0.00865081113921029,0.3622889532139961,0.5166281947104195,True,1.5938659914572373,312.32244316342417
KOH,B4,124.0,0.6277896513366965,0.008711677326189715,0.36349867152518645,0.5183601137472365,True,1.5938659914572373,312.32244316342417
KOH,B4,124.5,0.6265104259896015,0.008773130681150043,0.36471644351687704,0.5200922260940724,True,1.5938659914572373,312.32244316342417
KOH,B4,125.0,0.6252226298421037,0.0088351764515604,0.3659421938932983,0.5218245094880113,True,1.5938659914572373,312.32244316342417
KOH,B4,125.5,0.6239263325286126,0.008897819941400265,0.3671758477160614,0.5235569413815785,True,1.5938659914572373,312.32244316342417
KOH,B4,126.0,0.622621603282858,0.008961066511714577,0.3684173303910576,0.5252894989442259,True,1.5938659914572373,312.32244316342417
KOH,B4,126.5,0.6213085109462169,0.009024921582723167,0.36966656765580197,0.5270221590638832,True,1.5938659914572373,312.32244316342417
KOH,B4,127.0,0.6199871239837007,0.009089390632821548,0.3709234855674426,0.5287548983485634,True,1.5938659914572373,312.32244316342417
KOH,B4,127.5,0.61865751049206,0.009154479199358079,0.3721880104915476,0.5304876931280306,True,1.5938659914572373,312.32244316342417
KOH,B4,128.0,0.617319738213995,0.00922019288007725,0.37346006908856033,0.5322205194555262,True,1.5938659914572373,312.32244316342417
KOH,B4,128.5,0.6159738745475929,0.009286537331343325,0.37473958830258614,0.5339533531095515,True,1.5938659914572373,312.32244316342417
KOH,B4,129.0,0.6146199865589841,0.009353518271693062,0.376026495349846,0.5356861695957107,True,1.5938659914572373,312.32244316342417
KOH,B4,129.5,0.6132581409927784,0.009421141479393214,0.3773207177076854,0.537418944148611,True,1.5938659914572373,312.32244316342417
KOH,B4,130.0,0.6118884042828343,0.00948941279566018,0.3786221831005854,0.5391516517338196,True,1.5938659914572373,312.32244316342417
KOH,B4,130.5,0.6105108425649153,0.009558338122439558,0.3799308194907258,0.5408842670498779,True,1.5938659914572373,312.32244316342417
KOH,B4,131.0,0.6091255216855718,0.009627923424959661,0.38124655506666105,0.5426167645303737,True,1.5938659914572373,312.32244316342417
KOH,B4,131.5,0.6077325072135764,0.00969817473162049,0.3825693182309964,0.5443491183460675,True,1.5938659914572373,312.32244316342417
KOH,B4,132.0,0.6063318644515814,0.009769098134437826,0.3838990375891749,0.5460813024070783,True,1.5938659914572373,312.32244316342417
KOH,B4,132.5,0.6049236584454443,0.009840699789265273,0.38523564193948534,0.5478132903651213,True,1.5938659914572373,312.32244316342417
KOH,B4,133.0,0.6035079539943311,0.009912985917459594,0.38657906026129396,0.5495450556158049,True,1.5938659914572373,312.32244316342417
KOH,B4,133.5,0.6020848156632619,0.009985962804548443,0.3879292217044972,0.5512765713009788,True,1.5938659914572373,312.32244316342417
KOH,B4,134.0,0.600654307790105,0.010059636802228766,0.38928605557853047,0.553007810311142,True,1.5938659914572373,312.32244316342417
KOH,B4,134.5,0.5992164944985667,0.010134014329032937,0.39064949134237636,0.5547387452879,True,1.5938659914572373,312.32244316342417
KOH,B4,135.0,0.597771439705963,0.010209101869107506,0.3920194585933512,0.55646934862648,True,1.5938659914572373,312.32244316342417
KOH,B4,135.5,0.5963192071347656,0.010284905975765923,0.393395887056891,0.5581995924782981,True,1.5938659914572373,312.32244316342417
KOH,B4,136.0,0.5948598603208177,0.01036143326860195,0.3947787065767816,0.5599294487535801,True,1.5938659914572373,312.32244316342417
KOH,B4,136.5,0.5933934626232151,0.01043869043682033,0.3961678471047225,0.5616588891240366,True,1.5938659914572373,312.32244316342417
KOH,B4,137.0,0.5919200772361854,0.010516684237904528,0.39756323868933574,0.5633878850255893,True,1.5938659914572373,312.32244316342417
KOH,B4,137.5,0.5904397671940842,0.01059542149961512,0.39896481146839413,0.5651164076611508,True,1.5938659914572373,312.32244316342417
KOH,B4,138.0,0.5889525953841623,0.010674909119434695,0.40037249565716415,0.5668444280034555,True,1.5938659914572373,312.32244316342417
KOH,B4,138.5,0.5874586245538937,0.010755154066122152,0.40178622153952404,0.5685719167979442,True,1.5938659914572373,312.32244316342417
KOH,B4,139.0,0.5859579173204121,0.010836163379490671,0.40320591945819384,0.5702988445656969,True,1.5938659914572373,312.32244316342417
KOH,B4,139.5,0.5844505361797259,0.010917944171184857,0.40463151980540957,0.5720251816064202,True,1.5938659914572373,312.32244316342417
KOH,B4,140.0,0.5829365435153777,0.011000503625235858,0.40606295301437445,0.5737508980014817,True,1.5938659914572373,312.32244316342417
KOH,B4,140.5,0.5814160016057723,0.011083848999615675,0.40750014954837877,0.5754759636169975,True,1.5938659914572373,312.32244316342417
KOH,B4,141.0,0.5798889726336132,0.01116798762512694,0.4089430398931393,0.5772003481069674,True,1.5938659914572373,312.32244316342417
KOH,B4,141.5,0.5783555186955613,0.011252926906957228,0.4103915545482506,0.5789240209164613,True,1.5938659914572373,312.32244316342417
KOH,B4,142.0,0.5768157018068987,0.011338674325678255,0.4118456240164159,0.5806469512848524,True,1.5938659914572373,312.32244316342417
KOH,B4,142.5,0.5752695839127409,0.011425237437023839,0.4133051787970077,0.5823691082491019,True,1.5938659914572373,312.32244316342417
KOH,B4,143.0,0.573717226895365,0.011512623873111139,0.41477014937685297,0.584090460647088,True,1.5938659914572373,312.32244316342417
KOH,B4,143.5,0.5721586925803157,0.01160084134244066,0.4162404662211294,0.5858109771209865,True,1.5938659914572373,312.32244316342417
KOH,B4,144.0,0.5705940427458422,0.011689897630451362,0.4177160597651497,0.5875306261206961,True,1.5938659914572373,312.32244316342417
KOH,B4,144.5,0.5690233391294486,0.011779800602074175,0.41919686040847726,0.5892493759073111,True,1.5938659914572373,312.32244316342417
KOH,B4,145.0,0.5674466434356651,0.01187055819951155,0.42068279850326906,0.5909671945566408,True,1.5938659914572373,312.32244316342417
KOH,B4,145.5,0.565864017343265,0.011962178443791771,0.4221738043495016,0.5926840499627749,True,1.5938659914572373,312.32244316342417
KOH,B4,146.0,0.5642755225115925,0.01205466943710043,0.4236698081855339,0.594399909841693,True,1.5938659914572373,312.32244316342417
KOH,B4,146.5,0.5626812205887788,0.012148039361337126,0.4251707401824456,0.5961147417349204,True,1.5938659914572373,312.32244316342417
KOH,B4,147.0,0.5610811732174037,0.012242296479780812,0.42667653043360065,0.597828513013228,True,1.5938659914572373,312.32244316342417
KOH,B4,147.5,0.5594754420411574,0.012337449137200807,0.4281871089500955,0.5995411908803749,True,1.5938659914572373,312.32244316342417
KOH,B4,148.0,0.557864088713278,0.012433505760967023,0.4297024056527654,0.6012527423768964,True,1.5938659914572373,312.32244316342417
KOH,B4,148.5,0.556247174899549,0.01253047486116099,0.4312223503638579,0.6029631343839325,True,1.5938659914572373,312.32244316342417
KOH,B4,149.0,0.5546247622878475,0.012628365031797095,0.4327468728029249,0.6046723336271002,True,1.5938659914572373,312.32244316342417
KOH,B4,149.5,0.5529969125912526,0.012727184951488724,0.4342759025774967,0.606380306680407,True,1.5938659914572373,312.32244316342417
KOH,B4,150.0,0.5513636875572603,0.012826943383670297,0.4358093691775311,0.6080870199702056,True,1.5938659914572373,312.32244316342417
KOH,B4,150.5,0.5497251489698929,0.01292764917715239,0.43734720196919596,0.6097924397791893,True,1.5938659914572373,312.32244316342417
KOH,B4,151.0,0.5480813586583588,0.013029311267120924,0.438889330188319,0.6114965322504258,True,1.5938659914572373,312.32244316342417
KOH,B4,151.5,0.5464323785007164,0.013131938676358423,0.4404356829345035,0.6131992633914333,True,1.5938659914572373,312.32244316342417
KOH,B4,152.0,0.5447782704306459,0.013235540514688893,0.44198618916424515,0.6149005990782923,True,1.5938659914572373,312.32244316342417
KOH,B4,152.5,0.5431190964402255,0.013340125980421114,0.44354077768660183,0.6166005050597972,True,1.5938659914572373,312.32244316342417
KOH,B4,153.0,0.5414549185884798,0.013445704360903754,0.4450993771555334,0.6182989469616449,True,1.5938659914572373,312.32244316342417
KOH,B4,153.5,0.5397857990027122,0.013552285033635592,0.4466619160665708,0.6199958902906599,True,1.5938659914572373,312.32244316342417
KOH,B4,154.0,0.5381117998852769,0.01365987746559938,0.4482283227491557,0.6216913004390554,True,1.5938659914572373,312.32244316342417
KOH,B4,154.5,0.5364329835182424,0.013768491215593315,0.4497985253639758,0.6233851426887309,True,1.5938659914572373,312.32244316342417
KOH,B4,155.0,0.5347494122664997,0.01387813593378695,0.45137245189508235,0.6250773822156023,True,1.5938659914572373,312.32244316342417
KOH,B4,155.5,0.5330611485827585,0.013988821363719595,0.4529500301464484,0.6267679840939685,True,1.5938659914572373,312.32244316342417
KOH,B4,156.0,0.5313682550127652,0.0141005573397468,0.454531187737528,0.6284569133009095,True,1.5938659914572373,312.32244316342417
KOH,B4,156.5,0.5296707941964129,0.01421335379325761,0.45611585209792693,0.6301441347207177,True,1.5938659914572373,312.32244316342417
KOH,B4,157.0,0.5279688288748474,0.014327220747789582,0.457703950462518,0.6318296131493599,True,1.5938659914572373,312.32244316342417
KOH,B4,157.5,0.5262624218911327,0.014442168322803539,0.4592954098685542,0.6335133132989731,True,1.5938659914572373,312.32244316342417
KOH,B4,158.0,0.5245516361962466,0.01455820673434971,0.4608901571494517,0.6351951998023864,True,1.5938659914572373,312.32244316342417
KOH,B4,158.5,0.5228365348506347,0.014675346293957503,0.46248811893256914,0.6368752372176759,True,1.5938659914572373,312.32244316342417
KOH,B4,159.0,0.5211171810282078,0.01479359741174413,0.46408922163432287,0.6385533900327465,True,1.5938659914572373,312.32244316342417
KOH,B4,159.5,0.5193936380190056,0.014912970595304387,0.46569339145663413,0.6402296226699412,True,1.5938659914572373,312.32244316342417
KOH,B4,160.0,0.5176659692327501,0.015033476451042915,0.4673005543849307,0.6419038994906784,True,1.5938659914572373,312.32244316342417
KOH,B4,160.5,0.5159342381995113,0.015155125684840343,0.46891063618104134,0.6435761848001146,True,1.5938659914572373,312.32244316342417
KOH,B4,161.0,0.5141985085761469,0.015277929103163501,0.4705235623836401,0.6452464428518326,True,1.5938659914572373,312.32244316342417
KOH,B4,161.5,0.5124588441429712,0.015401897613731563,0.47213925830336123,0.6469146378525538,True,1.5938659914572373,312.32244316342417
KOH,B4,162.0,0.5107153088117489,0.015527042224627863,0.47375764902035655,0.6485807339668739,True,1.5938659914572373,312.32244316342417
KOH,B4,162.5,0.5089679666252511,0.015653374047630564,0.4753786593814091,0.6502446953220218,True,1.5938659914572373,312.32244316342417
KOH,B4,163.0,0.5072168817565892,0.015780904297546527,0.47700221399704645,0.6519064860126392,True,1.5938659914572373,312.32244316342417
KOH,B4,163.5,0.50546211851632,0.015909644292433356,0.4786282372390982,0.6535660701055822,True,1.5938659914572373,312.32244316342417
KOH,B4,164.0,0.5037037413493373,0.016039605455597794,0.48025665324002986,0.6552234116447405,True,1.5938659914572373,312.32244316342417
KOH,B4,164.5,0.5019418148386467,0.01617079931559573,0.4818873858876138,0.6568784746558781,True,1.5938659914572373,312.32244316342417
KOH,B4,165.0,0.5001764037058098,0.016303237506454238,0.48352035882626154,0.6585312231514896,True,1.5938659914572373,312.32244316342417
KOH,B4,165.5,0.4984075728131643,0.01643693177055816,0.48515549545213865,0.6601816211356748,True,1.5938659914572373,312.32244316342417
KOH,B4,166.0,0.4966353871624918,0.01657189395531944,0.48679271891449716,0.6618296326090282,True,1.5938659914572373,312.32244316342417
KOH,B4,166.5,0.4948599118974606,0.016708136019616404,0.48843195211212276,0.6634752215735437,True,1.5938659914572373,312.32244316342417
KOH,B4,167.0,0.4930812123042916,0.016845670029574933,0.49007311769244666,0.6651183520375341,True,1.5938659914572373,312.32244316342417
KOH,B4,167.5,0.4912993538115362,0.016984508160344802,0.49171613805043535,0.666758988020561,True,1.5938659914572373,312.32244316342417
KOH,B4,168.0,0.48951440199052065,0.017124662700096493,0.49336093532836856,0.6683970935583798,True,1.5938659914572373,312.32244316342417
KOH,B4,168.5,0.48772642255645593,0.017266146045802344,0.49500743141384085,0.6700326327078915,True,1.5938659914572373,312.32244316342417
KOH,B4,169.0,0.4859354813655514,0.017408970708343574,0.49665554793887345,0.6716655695521081,True,1.5938659914572373,312.32244316342417
KOH,B4,169.5,0.4841416444179014,0.017553149310067795,0.49830520628080244,0.6732958682051237,True,1.5938659914572373,312.32244316342417
KOH,B4,170.0,0.4823449778559308,0.017698694588785813,0.49995632756094643,0.6749234928170942,True,1.5938659914572373,312.32244316342417
KOH,B4,170.5,0.4805455479641729,0.017845619393774825,0.5016088326439405,0.676548407579223,True,1.5938659914572373,312.32244316342417
KOH,B4,171.0,0.47874342116682733,0.01799393669243976,0.5032626421386244,0.678170576728754,True,1.5938659914572373,312.32244316342417
KOH,B4,171.5,0.47693866403042406,0.018143659566094428,0.5049176763982643,0.6797899645539638,True,1.5938659914572373,312.32244316342417
KOH,B4,172.0,0.47513134325916084,0.018294801213070144,0.5065738555194432,0.6814065353991636,True,1.5938659914572373,312.32244316342417
KOH,B4,172.5,0.4733215256957912,0.018447374948937778,0.5082310993427264,0.6830202536696971,True,1.5938659914572373,312.32244316342417
KOH,B4,173.0,0.47150927831984824,0.018601394208284106,0.5098893274559924,0.6846310838369425,True,1.5938659914572373,312.32244316342417
KOH,B4,173.5,0.46969466824653416,0.018756872543823633,0.5115484591904362,0.6862389904433139,True,1.5938659914572373,312.32244316342417
KOH,B4,174.0,0.46787776272427806,0.018913823626842685,0.5132084136256765,0.6878439381072592,True,1.5938659914572373,312.32244316342417
KOH,B4,174.5,0.46605862913340346,0.0190722612516403,0.5148691095882008,0.6894458915282571,True,1.5938659914572373,312.32244316342417
KOH,B4,175.0,0.46423733498435205,0.019232199331309374,0.5165304656540304,0.6910448154918101,True,1.5938659914572373,312.32244316342417
KOH,B4,175.5,0.4624139479154632,0.019393651901955522,0.5181924001482763,0.6926406748744316,True,1.5938659914572373,312.32244316342417
KOH,B4,176.0,0.46058853568986535,0.01955663312247502,0.5198548311498019,0.6942334346486271,True,1.5938659914572373,312.32244316342417
KOH,B4,176.5,0.458761166195476,0.019721157274110723,0.5215176764883367,0.6958230598878676,True,1.5938659914572373,312.32244316342417
KOH,B4,177.0,0.45693190743878453,0.019887238763338644,0.5231808537520255,0.6974095157715555,True,1.5938659914572373,312.32244316342417
KOH,B4,177.5,0.45510082754596226,0.02005489212186795,0.5248442802823217,0.6989927675899794,True,1.5938659914572373,312.32244316342417
KOH,B4,178.0,0.45326799475753354,0.020224132005752793,0.5265078731830908,0.7005727807492578,True,1.5938659914572373,312.32244316342417
KOH,B4,178.5,0.45143347742571116,0.020394973198278876,0.5281715493181682,0.702149520776272,True,1.5938659914572373,312.32244316342417
KOH,B4,179.0,0.4495973440117318,0.0205674306106296,0.529835225315578,0.7037229533235826,True,1.5938659914572373,312.32244316342417
KOH,B4,179.5,0.44775966308341353,0.020741519280775833,0.5314988175697533,0.7052930441743354,True,1.5938659914572373,312.32244316342417
KOH,B4,180.0,0.44592050330916067,0.02091725437614045,0.5331622422444227,0.7068597592471474,True,1.5938659914572373,312.32244316342417
KOH,B4,180.5,0.44407993345729757,0.02109465119382037,0.5348254152748311,0.7084230646009775,True,1.5938659914572373,312.32244316342417
KOH,B4,181.0,0.4422380223900735,0.02127372515992043,0.5364882523719583,0.7099829264399788,True,1.5938659914572373,312.32244316342417
KOH,B4,181.5,0.4403948390607759,0.021454491833106104,0.5381506690236293,0.7115393111183311,True,1.5938659914572373,312.32244316342417
KOH,B4,182.0,0.438550452510178,0.02163696690349326,0.5398125805007314,0.7130921851450512,True,1.5938659914572373,312.32244316342417
KOH,B4,182.5,0.4367049318618754,0.02182116619176,0.5414739018558823,0.7146415151887837,True,1.5938659914572373,312.32244316342417
KOH,B4,183.0,0.43485834631717957,0.022007105654919812,0.5431345479338656,0.7161872680825663,True,1.5938659914572373,312.32244316342417
KOH,B4,183.5,0.43301076515245285,0.022194801381658635,0.5447944333674126,0.7177294108285711,True,1.5938659914572373,312.32244316342417
KOH,B4,184.0,0.4311622577128915,0.02238426959610962,0.5464534725880821,0.7192679106028198,True,1.5938659914572373,312.32244316342417
KOH,B4,184.5,0.429312893409195,0.02257552665851925,0.5481115798253722,0.7208027347598733,True,1.5938659914572373,312.32244316342417
KOH,B4,185.0,0.42746274171179266,0.022768589064137146,0.5497686691129378,0.7223338508374914,True,1.5938659914572373,312.32244316342417
KOH,B4,185.5,0.42561187214529284,0.022963473446324656,0.5514246542923651,0.723861226561263,True,1.5938659914572373,312.32244316342417
KOH,B4,186.0,0.42376035428626224,0.023160196575666703,0.5530794490178348,0.7253848298492069,True,1.5938659914572373,312.32244316342417
KOH,B4,186.5,0.42190825775523244,0.02335877536085995,0.5547329667592305,0.7269046288163391,True,1.5938659914572373,312.32244316342417
KOH,B4,187.0,0.420055652212481,0.023559226850267123,0.556385120809022,0.728420591779209,True,1.5938659914572373,312.32244316342417
KOH,B4,187.5,0.418202607351148,0.023761568231250862,0.5580358242842642,0.7299326872603988,True,1.5938659914572373,312.32244316342417
KOH,B4,188.0,0.4163491928950158,0.023965816833060316,0.5596849901341461,0.731440883992989,True,1.5938659914572373,312.32244316342417
KOH,B4,188.5,0.41449547858940505,0.024171990125498866,0.5613325311428774,0.7329451509249867,True,1.5938659914572373,312.32244316342417
KOH,B4,189.0,0.4126415341973999,0.02438010572092253,0.56297835993524,0.7344454572237156,True,1.5938659914572373,312.32244316342417
KOH,B4,189.5,0.41078742949296476,0.024590181373573827,0.564622388982583,0.735941772280168,True,1.5938659914572373,312.32244316342417
KOH,B4,190.0,0.4089332342556151,0.02480223498135814,0.5662645306072633,0.7374340657133143,True,1.5938659914572373,312.32244316342417
KOH,B4,190.5,0.40707901826420034,0.025016284587620063,0.5679046969884194,0.7389223073743745,True,1.5938659914572373,312.32244316342417
KOH,B4,191.0,0.4052248512900203,0.025232348378922964,0.5695428001668557,0.7404064673510431,True,1.5938659914572373,312.32244316342417
KOH,B4,191.5,0.4033708030910521,0.025450444688157603,0.5711787520521483,0.7418865159716729,True,1.5938659914572373,312.32244316342417
KOH,B4,192.0,0.4015169434063992,0.02567059199432009,0.5728124644255317,0.7433624238094145,True,1.5938659914572373,312.32244316342417
KOH,B4,192.5,0.39966334194829756,0.025892808924066202,0.5744438489494463,0.7448341616863059,True,1.5938659914572373,312.32244316342417
KOH,B4,193.0,0.39781006839612054,0.02611711425015706,0.5760728171710916,0.7463017006773196,True,1.5938659914572373,312.32244316342417
KOH,B4,193.5,0.39595719238949556,0.026343526895233893,0.5776992805281989,0.7477650121143588,True,1.5938659914572373,312.32244316342417
KOH,B4,194.0,0.3941047835223088,0.0265720659295976,0.5793231503556928,0.7492240675902043,True,1.5938659914572373,312.32244316342417
KOH,B4,194.5,0.3922529113355999,0.026802750574761447,0.5809443378932411,0.750678838962413,True,1.5938659914572373,312.32244316342417
KOH,B4,195.0,0.39040164530912413,0.027035600200786547,0.5825627542888068,0.7521292983571621,True,1.5938659914572373,312.32244316342417
KOH,B4,195.5,0.3885510548562454,0.027270634330278654,0.5841783106075304,0.7535754181730432,True,1.5938659914572373,312.32244316342417
KOH,B4,196.0,0.38670120931683094,0.027507872635945674,0.585790917836615,0.7550171710848013,True,1.5938659914572373,312.32244316342417
KOH,B4,196.5,0.38485217794792526,0.027747334943928337,0.587400486892653,0.7564545300470203,True,1.5938659914572373,312.32244316342417
KOH,B4,197.0,0.38300402991908733,0.02798904123313406,0.5890069286276223,0.7578874682977523,True,1.5938659914572373,312.32244316342417
KOH,B4,197.5,0.3811568343030647,0.028233011635681038,0.5906101538359909,0.7593159593620911,True,1.5938659914572373,312.32244316342417
KOH,B4,198.0,0.3793106600709084,0.028479266437342332,0.592210073262045,0.7607399770556867,True,1.5938659914572373,312.32244316342417
KOH,B4,198.5,0.37746557608087095,0.028727826079766317,0.5938065976049955,0.7621594954882036,True,1.5938659914572373,312.32244316342417
KOH,B4,199.0,0.37562165107440926,0.02897871115914441,0.5953996375271942,0.763574489066717,True,1.5938659914572373,312.32244316342417
KOH,B4,199.5,0.37377895366619285,0.02923194242820948,0.5969891036616826,0.7649849324990515,True,1.5938659914572373,312.32244316342417
KOH,B4,200.0,0.3719375523389967,0.0294875407955697,0.5985749066170776,0.7663908007970572,True,1.5938659914572373,312.32244316342417
KOH,B4,200.5,0.3700975154323771,0.029745527327484922,0.6001569569866749,0.7677920692798228,True,1.5938659914572373,312.32244316342417
KOH,B4,201.0,0.36825891113934084,0.03000592324786666,0.6017351653546665,0.7691887135768274,True,1.5938659914572373,312.32244316342417
KOH,B4,201.5,0.36642180749502096,0.030268749938722195,0.603309442303468,0.770580709631029,True,1.5938659914572373,312.32244316342417
KOH,B4,202.0,0.3645862723704596,0.03053402894126478,0.6048796984206017,0.7719680337018859,True,1.5938659914572373,312.32244316342417
KOH,B4,202.5,0.3627523734650584,0.03080178195569161,0.6064458443064691,0.773350662368315,True,1.5938659914572373,312.32244316342417
KOH,B4,203.0,0.3609201782981408,0.03107203084273813,0.6080077905816772,0.7747285725315839,True,1.5938659914572373,312.32244316342417
KOH,B4,203.5,0.3590897542007365,0.03134479762256781,0.6095654478941448,0.7761017414181339,True,1.5938659914572373,312.32244316342417
KOH,B4,204.0,0.35726116830891996,0.031620104477436684,0.6111187269264295,0.7774701465823396,True,1.5938659914572373,312.32244316342417
KOH,B4,204.5,0.35543448755470664,0.031897973750361075,0.6126675384032776,0.7788337659091954,True,1.5938659914572373,312.32244316342417
KOH,B4,205.0,0.3536097786573933,0.03217842794644987,0.614211793098951,0.7801925776169358,True,1.5938659914572373,312.32244316342417
KOH,B4,205.5,0.351787108118895,0.0324614897337927,0.6157514018454435,0.7815465602595876,True,1.5938659914572373,312.32244316342417
KOH,B4,206.0,0.3499665422115328,0.0327471819427938,0.6172862755391417,0.7828956927294468,True,1.5938659914572373,312.32244316342417
KOH,B4,206.5,0.34814814697314844,0.03303552756728223,0.6188163251477086,0.7842399542594909,True,1.5938659914572373,312.32244316342417
KOH,B4,207.0,0.34633198819800093,0.03332654976584415,0.6203414617198533,0.7855793244257139,True,1.5938659914572373,312.32244316342417
KOH,B4,207.5,0.3445181314276624,0.03362027186071259,0.6218615963904384,0.7869137831493945,True,1.5938659914572373,312.32244316342417
KOH,B4,208.0,0.34270664194524514,0.033916717338211555,0.6233766403904717,0.7882433106992882,True,1.5938659914572373,312.32244316342417
KOH,B4,208.5,0.3408975847662976,0.0342159098507544,0.6248865050519914,0.7895678876937479,True,1.5938659914572373,312.32244316342417
KOH,B4,209.0,0.33909102462970075,0.03451787321617772,0.62639110181828,0.7908874951027703,True,1.5938659914572373,312.32244316342417
KOH,B4,209.5,0.33728702599189475,0.034822631417741334,0.6278903422491933,0.7922021142499707,True,1.5938659914572373,312.32244316342417
KOH,B4,210.0,0.33548565301733113,0.0351302086061267,0.6293841380307086,0.793511726814479,True,1.5938659914572373,312.32244316342417
KOH,B4,210.5,0.33368696957092325,0.035440629096994414,0.6308724009813638,0.7948163148327662,True,1.5938659914572373,312.32244316342417
KOH,B4,211.0,0.3318910392104968,0.03575391737431488,0.6323550430598068,0.7961158607003916,True,1.5938659914572373,312.32244316342417
KOH,B4,211.5,0.3300979251776859,0.036070098089258096,0.6338319763725675,0.797410347173677,True,1.5938659914572373,312.32244316342417
KOH,B4,212.0,0.32830769039238206,0.036389196059971596,0.6353031131824949,0.798699757371304,True,1.5938659914572373,312.32244316342417
KOH,B4,212.5,0.326520397441854,0.03671123627335682,0.6367683659149748,0.7999840747758361,True,1.5938659914572373,312.32244316342417
KOH,B4,213.0,0.3247361085751965,0.03703624388373683,0.6382276471657011,0.8012632832351647,True,1.5938659914572373,312.32244316342417
KOH,B4,213.5,0.32295488569600295,0.037364244214854736,0.6396808697093359,0.8025373669638759,True,1.5938659914572373,312.32244316342417
KOH,B4,214.0,0.321176790351263,0.037695262758541404,0.6411279465055042,0.8038063105445445,True,1.5938659914572373,312.32244316342417
KOH,B4,214.5,0.31940188372758804,0.03802932517582569,0.6425687907072319,0.8050700989289501,True,1.5938659914572373,312.32244316342417
KOH,B4,215.0,0.317630226641441,0.03836645729649035,0.6440033156678293,0.8063287174392129,True,1.5938659914572373,312.32244316342417
KOH,B4,215.5,0.31586187953158706,0.038706685120404316,0.6454314349486623,0.8075821517688568,True,1.5938659914572373,312.32244316342417
KOH,B4,216.0,0.3140969024526541,0.03905003481707858,0.6468530623264801,0.8088303879837933,True,1.5938659914572373,312.32244316342417
KOH,B4,216.5,0.31233535506602905,0.03939653272455601,0.6482681118005207,0.8100734125232267,True,1.5938659914572373,312.32244316342417
KOH,B4,217.0,0.3105772966345288,0.03974620535229789,0.649676497599394,0.8113112122004863,True,1.5938659914572373,312.32244316342417
KOH,B4,217.5,0.30882278601307434,0.040099079378297375,0.651078134189742,0.8125437742037755,True,1.5938659914572373,312.32244316342417
KOH,B4,218.0,0.3070718816422513,0.04045518165218809,0.6524729362822335,0.8137710860968486,True,1.5938659914572373,312.32244316342417
KOH,B4,218.5,0.3053246415414268,0.040814539191691424,0.6538608188384476,0.814993135819608,True,1.5938659914572373,312.32244316342417
KOH,B4,219.0,0.30358112330053366,0.04117717918727948,0.6552416970790897,0.8162099116886242,True,1.5938659914572373,312.32244316342417
KOH,B4,219.5,0.30184138407474137,0.04154312899729007,0.6566154864902085,0.8174214023975803,True,1.5938659914572373,312.32244316342417
KOH,B4,220.0,0.3001054805751302,0.04191241615147945,0.6579821028309674,0.8186275970176373,True,1.5938659914572373,312.32244316342417
KOH,B4,220.5,0.29837346906380624,0.042285068350134125,0.6593414621387517,0.8198284849977252,True,1.5938659914572373,312.32244316342417
KOH,B4,221.0,0.2966454053461298,0.0426611134627386,0.6606934807389386,0.821024056164756,True,1.5938659914572373,312.32244316342417
KOH,B4,221.5,0.2949213447640542,0.043040579529973755,0.6620380752486721,0.822214300723761,True,1.5938659914572373,312.32244316342417
KOH,B4,222.0,0.29320134218990823,0.04342349476149643,0.6633751625866324,0.8233992092579506,True,1.5938659914572373,312.32244316342417
KOH,B4,222.5,0.29148545201862497,0.043809887538381886,0.6647046599763673,0.824578772728702,True,1.5938659914572373,312.32244316342417
KOH,B4,223.0,0.28977372816307856,0.04419978641023725,0.6660264849553954,0.8257529824754671,True,1.5938659914572373,312.32244316342417
KOH,B4,223.5,0.2880662240460907,0.044593220096755815,0.6673405553812017,0.8269218302156088,True,1.5938659914572373,312.32244316342417
KOH,B4,224.0,0.28636299259554576,0.0449902174870509,0.6686467894370107,0.8280853080441589,True,1.5938659914572373,312.32244316342417
KOH,B4,224.5,0.28466408623639694,0.04539080763943382,0.6699451056388916,0.8292434084335066,True,1.5938659914572373,312.32244316342417
KOH,B4,225.0,0.28296955688600356,0.04579501978185796,0.6712354228419759,0.8303961242330078,True,1.5938659914572373,312.32244316342417
KOH,B4,225.5,0.2812794559490239,0.04620288331080857,0.672517660245342,0.8315434486685251,True,1.5938659914572373,312.32244316342417
KOH,B4,226.0,0.27959383430897766,0.04661442779041458,0.6737917374011193,0.8326853753418918,True,1.5938659914572373,312.32244316342417
KOH,B4,226.5,0.27791274232447094,0.04702968295378085,0.6750575742173748,0.833821898230304,True,1.5938659914572373,312.32244316342417
KOH,B4,227.0,0.2762362298232013,0.04744867870165592,0.6763150909661064,0.8349530116856438,True,1.5938659914572373,312.32244316342417
KOH,B4,227.5,0.2745643460961844,0.047871445102654064,0.6775642082879063,0.8360787104337255,True,1.5938659914572373,312.32244316342417
KOH,B4,228.0,0.27289713989153697,0.04829801239125686,0.678804847199066,0.8371989895734754,True,1.5938659914572373,312.32244316342417
KOH,B4,228.5,0.27123465941247815,0.048728410969145486,0.6800369290957953,0.8383138445760384,True,1.5938659914572373,312.32244316342417
KOH,B4,229.0,0.26957695230711565,0.04916267140431252,0.6812603757611058,0.8394232712838173,True,1.5938659914572373,312.32244316342417
KOH,B4,229.5,0.2679240656677795,0.04960082443017377,0.6824751093703618,0.8405272659094408,True,1.5938659914572373,312.32244316342417
KOH,B4,230.0,0.26627604602347255,0.0500429009451242,0.6836810524950554,0.8416258250346652,True,1.5938659914572373,312.32244316342417
KOH,B4,230.5,0.2646329393376501,0.05048893201164972,0.6848781281099114,0.8427189456092046,True,1.5938659914572373,312.32244316342417
KOH,B4,231.0,0.2629947910000041,0.05093894885654926,0.686066259598217,0.8438066249494997,True,1.5938659914572373,312.32244316342417
KOH,B4,231.5,0.2613616458255752,0.05139298286960248,0.6872453707549298,0.8448888607374146,True,1.5938659914572373,312.32244316342417
KOH,B4,232.0,0.2597335480478691,0.05185106560312569,0.6884153857946718,0.8459656510188718,True,1.5938659914572373,312.32244316342417
KOH,B4,232.5,0.25811054131574807,0.052313228771527776,0.6895762293537278,0.8470369942024206,True,1.5938659914572373,312.32244316342417
KOH,B4,233.0,0.2564926686898783,0.05277950424931177,0.6907278264975947,0.8481028890577416,True,1.5938659914572373,312.32244316342417
KOH,B4,233.5,0.2548799726358464,0.05324992407240714,0.6918701027240903,0.849163334714089,True,1.5938659914572373,312.32244316342417
KOH,B4,234.0,0.2532724950248255,0.05372452043550524,0.6930029839675722,0.8502183306586689,True,1.5938659914572373,312.32244316342417
KOH,B4,234.5,0.2516702771255819,0.05420332569183728,0.6941263966060429,0.8512678767349569,True,1.5938659914572373,312.32244316342417
KOH,B4,235.0,0.25007335960403054,0.05468637235206408,0.6952402674629266,0.8523119731409552,True,1.5938659914572373,312.32244316342417
KOH,B4,235.5,0.24848178251790642,0.05517369308427611,0.6963445238128418,0.8533506204273885,True,1.5938659914572373,312.32244316342417
KOH,B4,236.0,0.24689558531432176,0.05566532071155095,0.6974390933847108,0.8543838194958431,True,1.5938659914572373,312.32244316342417
KOH,B4,236.5,0.24531480682621343,0.056161288211731275,0.6985239043681979,0.8554115715968456,True,1.5938659914572373,312.32244316342417
KOH,B4,237.0,0.2437394852699004,0.05666162871653668,0.6995988854152646,0.8564338783278865,True,1.5938659914572373,312.32244316342417
KOH,B4,237.5,0.24216965824175318,0.057166375509787315,0.7006639656459424,0.8574507416313856,True,1.5938659914572373,312.32244316342417
KOH,B4,238.0,0.24060536271597321,0.05767556202673774,0.7017190746507751,0.8584621637926031,True,1.5938659914572373,312.32244316342417
KOH,B4,238.5,0.23904663504037416,0.05818922185230058,0.7027641424961484,0.8594681474374979,True,1.5938659914572373,312.32244316342417
KOH,B4,239.0,0.23749351093727,0.05870738872126857,0.7037990997262877,0.8604686955305297,True,1.5938659914572373,312.32244316342417
KOH,B4,239.5,0.2359460254970358,0.0592300965149839,0.7048238773683657,0.8614638113724106,True,1.5938659914572373,312.32244316342417
KOH,B4,240.0,0.23440421318010607,0.05975737926133817,0.7058384069349444,0.8624534985978046,True,1.5938659914572373,312.32244316342417
KOH,B4,240.5,0.23286810781164569,0.06028927113277405,0.70684262042775,0.8634377611729781,True,1.5938659914572373,312.32244316342417
KOH,B4,241.0,0.2313377425813279,0.06082580644561908,0.707836450341448,0.8644166033933993,True,1.5938659914572373,312.32244316342417
KOH,B4,241.5,0.22981315004200198,0.06136701965719915,0.7088198296645309,0.8653900298812905,True,1.5938659914572373,312.32244316342417
KOH,B4,242.0,0.22829436210680676,0.06191294536561642,0.70979269188709,0.8663580455831336,True,1.5938659914572373,312.32244316342417
KOH,B4,242.5,0.22678141004917052,0.06246361830797298,0.7107549709983729,0.867320655767127,True,1.5938659914572373,312.32244316342417
KOH,B4,243.0,0.2252743245001465,0.06301907335815038,0.7117066014934448,0.8682778660206015,True,1.5938659914572373,312.32244316342417
KOH,B4,243.5,0.22377313544841293,0.06357934552525535,0.7126475183740766,0.8692296822473878,True,1.5938659914572373,312.32244316342417
KOH,B4,244.0,0.2222778722389407,0.06414446995184342,0.7135776571527419,0.8701761106651456,True,1.5938659914572373,312.32244316342417
KOH,B4,244.5,0.2207885635721052,0.0647144819132528,0.7144969538543933,0.871117157802645,True,1.5938659914572373,312.32244316342417
KOH,B4,245.0,0.21930523750302022,0.06528941681360756,0.7154053450186826,0.8720528304970153,True,1.5938659914572373,312.32244316342417
KOH,B4,245.5,0.21782792144176,0.06586931018581765,0.71630276770418,0.8729831358909452,True,1.5938659914572373,312.32244316342417
KOH,B4,246.0,0.21635664215091666,0.06645419768869232,0.717189159488596,0.8739080814298505,True,1.5938659914572373,312.32244316342417
KOH,B4,246.5,0.21489142574715459,0.06704411510494168,0.7180644584718898,0.8748276748590033,True,1.5938659914572373,312.32244316342417
KOH,B4,247.0,0.21343229770187655,0.06763909833962245,0.7189286032787123,0.8757419242206231,True,1.5938659914572373,312.32244316342417
KOH,B4,247.5,0.21197928283900325,0.06823918341680724,0.719781533060404,0.8766508378509351,True,1.5938659914572373,312.32244316342417
KOH,B4,248.0,0.21053240533586148,0.06884440647936252,0.7206231874969937,0.8775544243771901,True,1.5938659914572373,312.32244316342417
KOH,B4,248.5,0.20909168872518258,0.06945480378472979,0.7214535067987526,0.8784526927146595,True,1.5938659914572373,312.32244316342417
KOH,B4,249.0,0.20765715589288192,0.0700704117035933,0.722272431708415,0.8793456520635885,True,1.5938659914572373,312.32244316342417
KOH,B4,249.5,0.20622882908072349,0.07069126671721548,0.7230799035027324,0.8802333119061271,True,1.5938659914572373,312.32244316342417
KOH,B4,250.0,0.20480672988654192,0.07131740541543863,0.7238758639953602,0.8811156820032258,True,1.5938659914572373,312.32244316342417
KOH,B4,250.5,0.20339087926446453,0.07194886449291005,0.7246602555355253,0.8819927723915059,True,1.5938659914572373,312.32244316342417
KOH,B4,251.0,0.20198129752690974,0.07258568074930416,0.7254330210133553,0.8828645933801015,True,1.5938659914572373,312.32244316342417
KOH,B4,251.5,0.2005780043448091,0.0732278910824391,0.7261941038583242,0.8837311555474754,True,1.5938659914572373,312.32244316342417
KOH,B4,252.0,0.19918101874938365,0.07387553248960899,0.7269434480432491,0.8845924697382098,True,1.5938659914572373,312.32244316342417
KOH,B4,252.5,0.19779035913325416,0.07452864206247689,0.7276809980825139,0.8854485470597723,True,1.5938659914572373,312.32244316342417
KOH,B4,253.0,0.19640604325332767,0.07518725698507644,0.7284066990362881,0.8862993988792622,True,1.5938659914572373,312.32244316342417
KOH,B4,253.5,0.19502808822990936,0.07585141453070321,0.7291204965105269,0.8871450368201299,True,1.5938659914572373,312.32244316342417
KOH,B4,254.0,0.1936565105511434,0.07652115205880605,0.7298223366578593,0.8879854727588796,True,1.5938659914572373,312.32244316342417
KOH,B4,254.5,0.19229132607212485,0.07719650701232261,0.7305121661793645,0.8888207188217523,True,1.5938659914572373,312.32244316342417
KOH,B4,255.0,0.19093255002067266,0.07787751691457068,0.73118993232546,0.8896507873813874,True,1.5938659914572373,312.32244316342417
KOH,B4,255.5,0.18958019699577555,0.07856421936525138,0.7318555828961237,0.8904756910534711,True,1.5938659914572373,312.32244316342417
KOH,B4,256.0,0.18823428097181072,0.07925665203867283,0.7325090662431144,0.8912954426933651,True,1.5938659914572373,312.32244316342417
KOH,B4,256.5,0.1868948153009864,0.07995485267819902,0.7331503312708598,0.8921100553927213,True,1.5938659914572373,312.32244316342417
KOH,B4,257.0,0.18556181271511818,0.08065885909580572,0.7337793274355686,0.8929195424760837,True,1.5938659914572373,312.32244316342417
KOH,B4,257.5,0.18423528532918176,0.08136870916586325,0.7343960047478948,0.8937239174974754,True,1.5938659914572373,312.32244316342417
KOH,B4,258.0,0.18291524464308928,0.08208444082358213,0.7350003137731598,0.8945231942369745,True,1.5938659914572373,312.32244316342417
KOH,B4,258.5,0.18160170154501998,0.0828060920590179,0.7355922056320185,0.8953173866972789,True,1.5938659914572373,312.32244316342417
KOH,B4,259.0,0.18029466631452884,0.08353370091707113,0.7361716320013478,0.8961065091002625,True,1.5938659914572373,312.32244316342417
KOH,B4,259.5,0.17899414862565521,0.0842673054894938,0.7367385451144681,0.8968905758835191,True,1.5938659914572373,312.32244316342417
KOH,B4,260.0,0.1777001575493653,0.08500694391444519,0.7372928977622539,0.8976696016969041,True,1.5938659914572373,312.32244316342417
KOH,B4,260.5,0.17641270155865918,0.08575265437071877,0.7378346432937999,0.8984436013990632,True,1.5938659914572373,312.32244316342417
KOH,B4,261.0,0.1751317885290149,0.08650447507396741,0.7383637356164208,0.8992125900539603,True,1.5938659914572373,312.32244316342417
KOH,B4,261.5,0.17385742574571594,0.08726244427292862,0.7388801291978719,0.8999765829273981,True,1.5938659914572373,312.32244316342417
KOH,B4,262.0,0.17258961990340715,0.08802660024542774,0.7393837790641289,0.9007355954835349,True,1.5938659914572373,312.32244316342417
KOH,B4,262.5,0.1713283771129781,0.08879698129371505,0.739874640803162,0.9014896433814006,True,1.5938659914572373,312.32244316342417
KOH,B4,263.0,0.1700737029035615,0.08957362574024685,0.7403526705624941,0.902238742471409,True,1.5938659914572373,312.32244316342417
KOH,B4,263.5,0.16882560222786225,0.09035657192324464,0.740817825052309,0.9029829087918695,True,1.5938659914572373,312.32244316342417
KOH,B4,264.0,0.1675840794637118,0.09114585819292031,0.7412700615436751,0.903722158565499,True,1.5938659914572373,312.32244316342417
KOH,B4,264.5,0.16634913842161758,0.09194152290459279,0.7417093378712103,0.9044565081959358,True,1.5938659914572373,312.32244316342417
KOH,B4,265.0,0.16512078234498517,0.09274360441735574,0.7421356124317491,0.9051859742642538,True,1.5938659914572373,312.32244316342417
KOH,B4,265.5,0.16389901391788975,0.09355214108697218,0.7425488441861194,0.905910573525481,True,1.5938659914572373,312.32244316342417
KOH,B4,266.0,0.16268383526751862,0.09436717126165561,0.7429489926586985,0.9066303229051216,True,1.5938659914572373,312.32244316342417
KOH,B4,266.5,0.16147524796772394,0.09518873327740707,0.7433360179396331,0.9073452394956791,True,1.5938659914572373,312.32244316342417
KOH,B4,267.0,0.16027325304701634,0.09601686545224197,0.7437098806823972,0.9080553405531927,True,1.5938659914572373,312.32244316342417
KOH,B4,267.5,0.15907785098834282,0.09685160608241539,0.7440705421080107,0.9087606434937718,True,1.5938659914572373,312.32244316342417
KOH,B4,268.0,0.15788904173730245,0.0976929934359827,0.7444179640023751,0.9094611658901425,True,1.5938659914572373,312.32244316342417
KOH,B4,268.5,0.15670682470592112,0.09854106574791466,0.7447521087189379,0.9101569254682013,True,1.5938659914572373,312.32244316342417
KOH,B4,269.0,0.15553119877664834,0.09939586121521238,0.7450729391780264,0.9108479401035747,True,1.5938659914572373,312.32244316342417
KOH,B4,269.5,0.1543621623072422,0.10025741799135623,0.7453804188681801,0.9115342278181952,True,1.5938659914572373,312.32244316342417
KOH,B4,270.0,0.1531997131372087,0.10112577417942248,0.7456745118472607,0.9122158067768785,True,1.5938659914572373,312.32244316342417
KOH,B4,270.5,0.1520438485906883,0.10200096782919665,0.7459551827408983,0.91289269528392,True,1.5938659914572373,312.32244316342417
KOH,B4,271.0,0.15089456548378344,0.10288303692784773,0.7462223967467096,0.9135649117796991,True,1.5938659914572373,312.32244316342417
KOH,B4,271.5,0.14975186012566866,0.10377201939815173,0.7464761196314118,0.9142324748372967,True,1.5938659914572373,312.32244316342417
KOH,B4,272.0,0.14861572832924885,0.10466795308849974,0.746716317734597,0.9148954031591267,True,1.5938659914572373,312.32244316342417
KOH,B4,272.5,0.1474861654116033,0.10557087577134361,0.7469429579667342,0.9155537155735801,True,1.5938659914572373,312.32244316342417
KOH,B4,273.0,0.14636316620175727,0.10648082513231572,0.7471560078127215,0.916207431031687,True,1.5938659914572373,312.32244316342417
KOH,B4,273.5,0.14524672504490077,0.10739783876823061,0.7473554353309986,0.9168565686037919,True,1.5938659914572373,312.32244316342417
KOH,B4,274.0,0.14413683580771774,0.10832195417820323,0.7475412091548783,0.9175011474762441,True,1.5938659914572373,312.32244316342417
KOH,B4,274.5,0.14303349188504733,0.10925320875876388,0.7477132984945456,0.9181411869481062,True,1.5938659914572373,312.32244316342417
KOH,B4,275.0,0.14193668620321453,0.11019163979675284,0.7478716731355028,0.9187767064278821,True,1.5938659914572373,312.32244316342417
KOH,B4,275.5,0.14084641122735775,0.11113728446265903,0.7480163034427889,0.9194077254302587,True,1.5938659914572373,312.32244316342417
KOH,B4,276.0,0.13976265896520346,0.11209017980440272,0.7481471603603129,0.9200342635728702,True,1.5938659914572373,312.32244316342417
KOH,B4,276.5,0.13868542097483783,0.11305036274067426,0.7482642154119645,0.920656340573078,True,1.5938659914572373,312.32244316342417
KOH,B4,277.0,0.13761468836759327,0.11401787005338448,0.7483674407036123,0.9212739762447747,True,1.5938659914572373,312.32244316342417
KOH,B4,277.5,0.136550451815598,0.11499273838255775,0.7484568089239918,0.921887190495204,True,1.5938659914572373,312.32244316342417
KOH,B4,278.0,0.13549270155688298,0.11597500421633988,0.7485322933460381,0.9224960033218041,True,1.5938659914572373,312.32244316342417
KOH,B4,278.5,0.13444142740048903,0.1169647038878896,0.7485938678284398,0.9231004348090739,True,1.5938659914572373,312.32244316342417
KOH,B4,279.0,0.13339661873312814,0.11796187356338805,0.7486415068174157,0.923700505125457,True,1.5938659914572373,312.32244316342417
KOH,B4,279.5,0.1323582645236243,0.11896654924026251,0.7486751853473805,0.9242962345202501,True,1.5938659914572373,312.32244316342417
KOH,B4,280.0,0.13132635332979703,0.11997876673541796,0.748694879044276,0.9248876433205369,True,1.5938659914572373,312.32244316342417
KOH,B4,280.5,0.13030087330312412,0.12099856167924194,0.7487005641240163,0.9254747519281411,True,1.5938659914572373,312.32244316342417
KOH,B4,281.0,0.12928181219606927,0.12202596950872113,0.7486922173993715,0.926057580816607,True,1.5938659914572373,312.32244316342417
KOH,B4,281.5,0.12826915736541267,0.12306102546033593,0.7486698162759708,0.9266361505281993,True,1.5938659914572373,312.32244316342417
KOH,B4,282.0,0.1272628957800226,0.12410376455962435,0.7486333387591859,0.9272104816709344,True,1.5938659914572373,312.32244316342417
KOH,B4,282.5,0.12626301402729467,0.12515422161629708,0.7485827634530207,0.9277805949156315,True,1.5938659914572373,312.32244316342417
KOH,B4,283.0,0.12526949831559442,0.12621243121491155,0.748518069563664,0.92834651099299,True,1.5938659914572373,312.32244316342417
KOH,B4,283.5,0.12428233448336101,0.1272784277075445,0.7484392369008219,0.9289082506906963,True,1.5938659914572373,312.32244316342417
KOH,B4,284.0,0.12330150800399231,0.12835224520468813,0.7483462458806045,0.92946583485055,True,1.5938659914572373,312.32244316342417
KOH,B4,284.5,0.12232700399028573,0.1294339175685888,0.7482390775277459,0.9300192843656245,True,1.5938659914572373,312.32244316342417
KOH,B4,285.0,0.1213588072026539,0.13052347840480927,0.7481177134771588,0.9305686201774489,True,1.5938659914572373,312.32244316342417
KOH,B4,285.5,0.12039690205245535,0.13162096105179266,0.7479821359783756,0.9311138632732184,True,1.5938659914572373,312.32244316342417
KOH,B4,286.0,0.11944127260998805,0.13272639857508928,0.7478323278948817,0.9316550346830335,True,1.5938659914572373,312.32244316342417
KOH,B4,286.5,0.11849190260826425,0.13383982375825276,0.7476682727112216,0.932192155477166,True,1.5938659914572373,312.32244316342417
KOH,B4,287.0,0.11754877545078202,0.13496126909351425,0.7474899545309999,0.9327252467633521,True,1.5938659914572373,312.32244316342417
KOH,B4,287.5,0.11661187421618813,0.1360907667731226,0.7472973580835429,0.9332543296841159,True,1.5938659914572373,312.32244316342417
KOH,B4,288.0,0.11568118166405128,0.1372283486817949,0.7470904687250091,0.93377942541412,True,1.5938659914572373,312.32244316342417
KOH,B4,288.5,0.11475668024107932,0.1383740463873906,0.7468692724403869,0.9343005551575442,True,1.5938659914572373,312.32244316342417
KOH,B4,289.0,0.11383835208600424,0.1395278911306974,0.7466337558494907,0.934817740145496,True,1.5938659914572373,312.32244316342417
KOH,B4,289.5,0.11292617903713165,0.14068991381921414,0.746383906207182,0.9353310016334458,True,1.5938659914572373,312.32244316342417
KOH,B4,290.0,0.11202014263633764,0.1418601450156043,0.7461197114098095,0.9358403608986976,True,1.5938659914572373,312.32244316342417
KOH,B4,290.5,0.11112022413573008,0.14303861492948045,0.7458411599945425,0.9363458392378827,True,1.5938659914572373,312.32244316342417
KOH,B4,291.0,0.11022640450186749,0.14422535340874454,0.7455482411469205,0.9368474579644861,True,1.5938659914572373,312.32244316342417
KOH,B4,291.5,0.10933866442441875,0.14542038993003992,0.7452409447008534,0.9373452384064056,True,1.5938659914572373,312.32244316342417
KOH,B4,292.0,0.10845698431882766,0.14662375358942548,0.7449192611448385,0.9378392019035352,True,1.5938659914572373,312.32244316342417
KOH,B4,292.5,0.10758134433430655,0.14783547309171752,0.7445831816250692,0.9383293698053832,True,1.5938659914572373,312.32244316342417
KOH,B4,293.0,0.10671172435627874,0.14905557674449454,0.7442326979485436,0.9388157634687176,True,1.5938659914572373,312.32244316342417
KOH,B4,293.5,0.10584810401659261,0.1502840924438864,0.7438678025861734,0.9392984042552444,True,1.5938659914572373,312.32244316342417
KOH,B4,294.0,0.10499046269463186,0.15152104766991137,0.7434884886805548,0.9397773135293147,True,1.5938659914572373,312.32244316342417
KOH,B4,294.5,0.10413877952530903,0.15276646947226524,0.7430947500455254,0.9402525126556609,True,1.5938659914572373,312.32244316342417
KOH,B4,295.0,0.1032930334050608,0.1540203844638821,0.7426865811719363,0.9407240229971683,True,1.5938659914572373,312.32244316342417
KOH,B4,295.5,0.10245320299517857,0.15528281881027617,0.7422639772336481,0.9411918659126713,True,1.5938659914572373,312.32244316342417
KOH,B4,296.0,0.10161926672846988,0.15655379821910564,0.7418269340890848,0.941656062754785,True,1.5938659914572373,312.32244316342417
KOH,B4,296.5,0.1007912028154756,0.15783334793106896,0.7413754482885615,0.942116634867765,True,1.5938659914572373,312.32244316342417
KOH,B4,297.0,0.09996898924802267,0.15912149270902454,0.7409095170756164,0.9425736035853992,True,1.5938659914572373,312.32244316342417
KOH,B4,297.5,0.0991526038067736,0.16041825682999722,0.7404291383941164,0.9430269902289291,True,1.5938659914572373,312.32244316342417
KOH,B4,298.0,0.09834202406477921,0.1617236640725217,0.7399343108918099,0.9434768161050034,True,1.5938659914572373,312.32244316342417
KOH,B4,298.5,0.09753722739347381,0.16303773770887098,0.7394250339252117,0.9439231025036607,True,1.5938659914572373,312.32244316342417
KOH,B4,299.0,0.09673819096778224,0.16436050049351003,0.7389013075638218,0.9443658706963435,True,1.5938659914572373,312.32244316342417
KOH,B4,299.5,0.09594489177189303,0.16569197465465813,0.7383631325970086,0.9448051419339446,True,1.5938659914572373,312.32244316342417
KOH,B4,300.0,0.09515730660347721,0.16703218188118818,0.737810510536896,0.9452409374448824,True,1.5938659914572373,312.32244316342417
