series,two_theta_degree,intensity_au
highly crystalline,10.0,94.243728039863
highly crystalline,10.031832651205093,96.32176572358459
highly crystalline,10.063665302410186,102.0832458756331
highly crystalline,10.09549795361528,102.36169808817829
highly crystalline,10.127330604820372,97.58984898004317
highly crystalline,10.159163256025465,98.72963287021813
highly crystalline,10.19099590723056,96.34273439062775
highly crystalline,10.222828558435653,101.40191637920672
highly crystalline,10.254661209640746,98.37865406582272
highly crystalline,10.28649386084584,94.90617761232211
highly crystalline,10.318326512050932,99.06010844820058
highly crystalline,10.350159163256025,105.03443293200469
highly crystalline,10.381991814461118,97.78592387180284
highly crystalline,10.413824465666211,98.3187121602871
highly crystalline,10.445657116871304,95.03013430229376
highly crystalline,10.4774897680764,102.5146388944231
highly crystalline,10.509322419281492,98.92732822498873
highly crystalline,10.541155070486585,103.62438778845403
highly crystalline,10.572987721691678,96.5554093082178
highly crystalline,10.604820372896771,99.25839292240174
highly crystalline,10.636653024101864,99.73138882093527
highly crystalline,10.668485675306957,100.24946873788812
highly crystalline,10.70031832651205,98.5434158468966
highly crystalline,10.732150977717144,96.08471504692534
highly crystalline,10.763983628922237,95.9807986223498
highly crystalline,10.795816280127331,101.15754613765047
highly crystalline,10.827648931332424,96.449021444377
highly crystalline,10.859481582537517,97.49838636685749
highly crystalline,10.89131423374261,93.8614963548005
highly crystalline,10.923146884947704,102.20001145329321
highly crystalline,10.954979536152797,102.72789602427689
highly crystalline,10.98681218735789,103.1520086759185
highly crystalline,11.018644838562983,99.73239721579291
highly crystalline,11.050477489768076,97.91880968958858
highly crystalline,11.08231014097317,92.2708386377143
highly crystalline,11.114142792178264,97.09890966259591
highly crystalline,11.145975443383357,102.7973154408277
highly crystalline,11.17780809458845,100.86570698396402
highly crystalline,11.209640745793543,101.45719061993327
highly crystalline,11.241473396998636,99.34148309348637
highly crystalline,11.273306048203729,101.04332219849934
highly crystalline,11.305138699408822,99.18980847444938
highly crystalline,11.336971350613915,101.5500643800838
highly crystalline,11.368804001819008,100.07245256575361
highly crystalline,11.400636653024101,97.66405828457022
highly crystalline,11.432469304229196,97.90456331831884
highly crystalline,11.464301955434289,98.45404784678871
highly crystalline,11.496134606639382,96.43178203305872
highly crystalline,11.527967257844475,101.39833058494636
highly crystalline,11.559799909049568,99.06000484943323
highly crystalline,11.591632560254661,100.32208181721718
highly crystalline,11.623465211459754,95.0919533239298
highly crystalline,11.655297862664847,99.55570622219702
highly crystalline,11.68713051386994,103.10546565520119
highly crystalline,11.718963165075035,106.30358645536765
highly crystalline,11.750795816280128,103.07895059665071
highly crystalline,11.782628467485221,100.73746837206721
highly crystalline,11.814461118690314,97.28090706102408
highly crystalline,11.846293769895407,95.67526116850712
highly crystalline,11.8781264211005,97.44121488694941
highly crystalline,11.909959072305593,102.61052685878144
highly crystalline,11.941791723510686,98.18667600326305
highly crystalline,11.97362437471578,99.12624670058335
highly crystalline,12.005457025920872,97.51265271302101
highly crystalline,12.037289677125965,95.01487401020086
highly crystalline,12.069122328331058,101.28699290942384
highly crystalline,12.100954979536153,98.10378836921484
highly crystalline,12.132787630741246,98.042830652391
highly crystalline,12.16462028194634,97.86702505679246
highly crystalline,12.196452933151432,100.4193216764296
highly crystalline,12.228285584356525,101.005132480204
highly crystalline,12.260118235561619,100.95973144918943
highly crystalline,12.291950886766712,98.95433472619696
highly crystalline,12.323783537971806,102.34840986172111
highly crystalline,12.3556161891769,97.5595036584132
highly crystalline,12.387448840381992,98.10082286926912
highly crystalline,12.419281491587085,102.88773061138524
highly crystalline,12.451114142792179,98.3011023525903
highly crystalline,12.482946793997272,95.43617139224888
highly crystalline,12.514779445202365,99.98601898347752
highly crystalline,12.546612096407458,95.66515742151329
highly crystalline,12.57844474761255,95.04267233557485
highly crystalline,12.610277398817644,90.44338259403766
highly crystalline,12.642110050022737,99.64666960639656
highly crystalline,12.67394270122783,96.3385841135365
highly crystalline,12.705775352432925,103.28350782959818
highly crystalline,12.737608003638018,96.0091978161794
highly crystalline,12.76944065484311,97.31111029459551
highly crystalline,12.801273306048204,106.3148955873163
highly crystalline,12.833105957253297,92.72039394556118
highly crystalline,12.86493860845839,98.01050528822545
highly crystalline,12.896771259663483,96.49022048217367
highly crystalline,12.928603910868576,100.37838917819934
highly crystalline,12.96043656207367,100.16123274472908
highly crystalline,12.992269213278764,99.750136145763
highly crystalline,13.024101864483857,93.02154813091285
highly crystalline,13.05593451568895,101.49297735258308
highly crystalline,13.087767166894043,94.044934870565
highly crystalline,13.119599818099136,95.77455879866243
highly crystalline,13.151432469304229,100.01825601507119
highly crystalline,13.183265120509322,93.8063164059054
highly crystalline,13.215097771714415,96.52980477380922
highly crystalline,13.246930422919508,100.77586454518526
highly crystalline,13.278763074124601,98.28043447190574
highly crystalline,13.310595725329694,92.25331968202413
highly crystalline,13.342428376534789,99.3885512617402
highly crystalline,13.374261027739882,95.98077936141881
highly crystalline,13.406093678944975,96.53770090997561
highly crystalline,13.437926330150068,99.21794706973611
highly crystalline,13.469758981355161,98.90678818027185
highly crystalline,13.501591632560254,97.53852955062517
highly crystalline,13.533424283765347,96.85435192786824
highly crystalline,13.565256934970442,92.98238706248256
highly crystalline,13.597089586175535,93.76869504899756
highly crystalline,13.628922237380628,100.07172376803489
highly crystalline,13.660754888585721,95.6430289466407
highly crystalline,13.692587539790814,97.48496701412705
highly crystalline,13.724420190995907,98.78734016523703
highly crystalline,13.756252842201,95.91039016599561
highly crystalline,13.788085493406093,101.28535780735508
highly crystalline,13.819918144611187,97.72125816419633
highly crystalline,13.85175079581628,103.52252853221806
highly crystalline,13.883583447021373,100.68565971738525
highly crystalline,13.915416098226466,94.65639321163663
highly crystalline,13.947248749431559,99.27843260071944
highly crystalline,13.979081400636653,93.8002899904135
highly crystalline,14.010914051841747,98.8695618423207
highly crystalline,14.04274670304684,98.92595323906728
highly crystalline,14.074579354251933,95.41764548285117
highly crystalline,14.106412005457026,98.14001691679918
highly crystalline,14.138244656662119,97.42194736394094
highly crystalline,14.170077307867214,96.23470056119977
highly crystalline,14.201909959072307,101.43128226850006
highly crystalline,14.2337426102774,101.5497841579772
highly crystalline,14.265575261482493,94.31575374590244
highly crystalline,14.297407912687586,94.794392756491
highly crystalline,14.329240563892679,97.57803147183516
highly crystalline,14.361073215097772,95.11635398285134
highly crystalline,14.392905866302865,90.6147773359459
highly crystalline,14.424738517507958,98.64708931202169
highly crystalline,14.456571168713051,100.69216549309655
highly crystalline,14.488403819918144,97.99392361957204
highly crystalline,14.520236471123237,96.8483048760419
highly crystalline,14.55206912232833,98.52098098664447
highly crystalline,14.583901773533423,98.41089128137887
highly crystalline,14.615734424738516,96.10474163215186
highly crystalline,14.647567075943611,101.38371462046662
highly crystalline,14.679399727148704,95.58680169723964
highly crystalline,14.711232378353797,94.66559359882254
highly crystalline,14.74306502955889,103.55325475420388
highly crystalline,14.774897680763983,96.660265416158
highly crystalline,14.806730331969078,97.45840141695489
highly crystalline,14.838562983174171,102.35426758613796
highly crystalline,14.870395634379264,99.33517933745078
highly crystalline,14.902228285584357,98.85677790409093
highly crystalline,14.93406093678945,93.28813530920775
highly crystalline,14.965893587994543,99.52079431708678
highly crystalline,14.997726239199636,99.85110069044386
highly crystalline,15.02955889040473,92.6372852783686
highly crystalline,15.061391541609822,92.86226468902771
highly crystalline,15.093224192814915,94.60201581495244
highly crystalline,15.125056844020008,97.6166704334092
highly crystalline,15.156889495225101,98.24562195786385
highly crystalline,15.188722146430194,94.95589373367314
highly crystalline,15.220554797635288,99.78823703827442
highly crystalline,15.252387448840382,97.95564028870497
highly crystalline,15.284220100045475,97.0667427666504
highly crystalline,15.316052751250568,102.2809065699944
highly crystalline,15.347885402455661,99.7622056529134
highly crystalline,15.379718053660755,97.37873413935675
highly crystalline,15.41155070486585,100.74369139658613
highly crystalline,15.443383356070942,94.31680173705776
highly crystalline,15.475216007276035,98.57526301512377
highly crystalline,15.507048658481128,104.06227166877375
highly crystalline,15.538881309686221,98.31397193625244
highly crystalline,15.570713960891315,97.17213398267235
highly crystalline,15.602546612096408,100.50477683401606
highly crystalline,15.6343792633015,98.3353400348164
highly crystalline,15.666211914506594,100.96381418524575
highly crystalline,15.698044565711687,97.23859273160123
highly crystalline,15.72987721691678,101.20853346105372
highly crystalline,15.761709868121873,98.58628482148198
highly crystalline,15.793542519326966,89.37083811149549
highly crystalline,15.825375170532059,99.1713093497041
highly crystalline,15.857207821737152,98.37029852445312
highly crystalline,15.889040472942247,93.4539742154122
highly crystalline,15.92087312414734,92.3541467617319
highly crystalline,15.952705775352433,100.2512142113784
highly crystalline,15.984538426557526,94.23901376851923
highly crystalline,16.01637107776262,93.77877972260222
highly crystalline,16.048203728967714,101.95906307429725
highly crystalline,16.080036380172807,97.46112547277001
highly crystalline,16.1118690313779,96.39350838879812
highly crystalline,16.143701682582993,93.61691538311783
highly crystalline,16.175534333788086,95.68664732431193
highly crystalline,16.20736698499318,95.95996136651219
highly crystalline,16.239199636198272,96.48933163235675
highly crystalline,16.271032287403365,100.5235058167724
highly crystalline,16.302864938608458,95.67360094515733
highly crystalline,16.33469758981355,101.97305493338635
highly crystalline,16.366530241018644,94.51062642452818
highly crystalline,16.398362892223737,96.34470995698237
highly crystalline,16.43019554342883,96.47348976044717
highly crystalline,16.462028194633923,97.61654724601013
highly crystalline,16.493860845839016,100.17908238845479
highly crystalline,16.52569349704411,99.68911287671595
highly crystalline,16.557526148249202,96.81840000658605
highly crystalline,16.589358799454295,97.87009204886283
highly crystalline,16.62119145065939,90.13016835249883
highly crystalline,16.65302410186448,92.19398724081083
highly crystalline,16.684856753069578,94.53887446173937
highly crystalline,16.71668940427467,96.0381374619045
highly crystalline,16.748522055479764,97.94168249524907
highly crystalline,16.780354706684857,95.97064638305322
highly crystalline,16.81218735788995,92.01824160390854
highly crystalline,16.844020009095043,95.49508138416844
highly crystalline,16.875852660300136,97.10366733044646
highly crystalline,16.90768531150523,102.70807001999086
highly crystalline,16.939517962710323,97.43040668423014
highly crystalline,16.971350613915416,96.19247961621484
highly crystalline,17.00318326512051,97.74600797590712
highly crystalline,17.0350159163256,94.84425273803846
highly crystalline,17.066848567530695,94.35639872129698
highly crystalline,17.098681218735788,96.33247835145607
highly crystalline,17.130513869940884,95.07246274716388
highly crystalline,17.162346521145977,97.10827617404183
highly crystalline,17.19417917235107,97.85882190569886
highly crystalline,17.226011823556163,100.67013246461478
highly crystalline,17.257844474761256,93.61962155461362
highly crystalline,17.28967712596635,94.19946740563431
highly crystalline,17.321509777171443,94.73002358974965
highly crystalline,17.353342428376536,96.37129913404489
highly crystalline,17.38517507958163,90.3031117009666
highly crystalline,17.41700773078672,96.95718513914899
highly crystalline,17.448840381991815,100.60719580976568
highly crystalline,17.480673033196908,94.69396153811137
highly crystalline,17.512505684402,90.22958494126122
highly crystalline,17.544338335607094,96.1743312831661
highly crystalline,17.576170986812187,92.80389078827766
highly crystalline,17.60800363801728,94.2253898125385
highly crystalline,17.639836289222373,98.0508239363858
highly crystalline,17.671668940427466,103.99634260359697
highly crystalline,17.70350159163256,95.75890195485768
highly crystalline,17.735334242837652,95.16997312077325
highly crystalline,17.767166894042745,93.27505381392314
highly crystalline,17.79899954524784,94.8433354225883
highly crystalline,17.83083219645293,93.90236692250694
highly crystalline,17.862664847658024,98.06857443043764
highly crystalline,17.894497498863117,99.24497475447072
highly crystalline,17.926330150068214,100.1716220286264
highly crystalline,17.958162801273307,98.40917604208785
highly crystalline,17.9899954524784,92.06033263953965
highly crystalline,18.021828103683493,94.76213997988454
highly crystalline,18.053660754888586,94.7249469830273
highly crystalline,18.08549340609368,94.8064895546594
highly crystalline,18.117326057298772,93.75976727208707
highly crystalline,18.149158708503865,97.6943243636502
highly crystalline,18.18099135970896,98.34171846839426
highly crystalline,18.21282401091405,90.33414399642571
highly crystalline,18.244656662119144,98.2573423832773
highly crystalline,18.276489313324237,100.32336566086472
highly crystalline,18.308321964529334,104.9092424781212
highly crystalline,18.340154615734427,109.65309097595953
highly crystalline,18.37198726693952,114.63645689096663
highly crystalline,18.403819918144613,127.98652648388811
highly crystalline,18.435652569349706,147.37654895332216
highly crystalline,18.4674852205548,164.57293782864474
highly crystalline,18.499317871759892,185.17317282888087
highly crystalline,18.531150522964985,219.76994297042984
highly crystalline,18.56298317417008,252.99370125740597
highly crystalline,18.59481582537517,292.6781066864948
highly crystalline,18.626648476580264,334.2050485703758
highly crystalline,18.658481127785358,377.6174736417697
highly crystalline,18.69031377899045,410.845737544015
highly crystalline,18.722146430195544,441.8050747320267
highly crystalline,18.753979081400637,460.61190992702876
highly crystalline,18.78581173260573,473.1687516192598
highly crystalline,18.817644383810823,468.9089568273633
highly crystalline,18.849477035015916,464.02685877457947
highly crystalline,18.88130968622101,434.52664038924587
highly crystalline,18.913142337426102,409.8598113489044
highly crystalline,18.944974988631195,370.86633870872197
highly crystalline,18.976807639836288,326.49592317584614
highly crystalline,19.00864029104138,287.34877091768
highly crystalline,19.040472942246474,251.08584141434287
highly crystalline,19.072305593451567,210.81619067310203
highly crystalline,19.10413824465666,181.19583900674698
highly crystalline,19.135970895861753,156.8443196787196
highly crystalline,19.167803547066846,139.26149373286307
highly crystalline,19.19963619827194,130.8441045483781
highly crystalline,19.231468849477032,118.5301073908543
highly crystalline,19.26330150068213,105.15785704422332
highly crystalline,19.295134151887222,102.53689924776364
highly crystalline,19.326966803092315,102.18934770317037
highly crystalline,19.358799454297408,103.71100771058609
highly crystalline,19.3906321055025,92.20764819735341
highly crystalline,19.422464756707594,96.24148626160417
highly crystalline,19.454297407912687,102.48305666620428
highly crystalline,19.48613005911778,94.01377537910412
highly crystalline,19.517962710322873,96.73695625597958
highly crystalline,19.549795361527966,98.91381438654753
highly crystalline,19.581628012733063,98.63806723247632
highly crystalline,19.613460663938156,99.6107062137267
highly crystalline,19.64529331514325,89.30626833042977
highly crystalline,19.677125966348342,92.62706799668629
highly crystalline,19.708958617553435,91.31187984229595
highly crystalline,19.740791268758528,99.48474046681986
highly crystalline,19.77262391996362,98.68722494668964
highly crystalline,19.804456571168714,102.61127203194638
highly crystalline,19.836289222373807,94.4836140551351
highly crystalline,19.8681218735789,93.0839902012004
highly crystalline,19.899954524783993,93.57405714722297
highly crystalline,19.931787175989086,96.56891496389326
highly crystalline,19.96361982719418,104.47265241131663
highly crystalline,19.995452478399272,95.44177586560417
highly crystalline,20.027285129604365,93.99553360627819
highly crystalline,20.05911778080946,96.27849946996704
highly crystalline,20.09095043201455,92.05390912740778
highly crystalline,20.122783083219645,97.44982628780011
highly crystalline,20.154615734424738,91.49662259734596
highly crystalline,20.18644838562983,89.62411611733505
highly crystalline,20.218281036834924,92.67405926793133
highly crystalline,20.250113688040017,93.20609209084776
highly crystalline,20.28194633924511,93.94709013498291
highly crystalline,20.313778990450203,93.71372369097263
highly crystalline,20.345611641655296,98.66897061462761
highly crystalline,20.37744429286039,90.13709679233317
highly crystalline,20.409276944065482,97.95785247008246
highly crystalline,20.441109595270575,94.52186616738352
highly crystalline,20.472942246475668,95.09764764938332
highly crystalline,20.504774897680765,91.30311876831138
highly crystalline,20.536607548885858,92.60909929195037
highly crystalline,20.56844020009095,91.96039889091965
highly crystalline,20.600272851296044,88.07728905370837
highly crystalline,20.632105502501137,98.07729213857155
highly crystalline,20.66393815370623,90.09705723448981
highly crystalline,20.695770804911323,90.71365394234182
highly crystalline,20.727603456116416,97.08565627801818
highly crystalline,20.75943610732151,91.90064149573735
highly crystalline,20.791268758526602,98.06088242475205
highly crystalline,20.8231014097317,99.21597540190281
highly crystalline,20.85493406093679,100.09604216557753
highly crystalline,20.886766712141885,95.81823870576001
highly crystalline,20.918599363346978,91.12862596358427
highly crystalline,20.95043201455207,100.85989165644565
highly crystalline,20.982264665757164,95.20357708378566
highly crystalline,21.014097316962257,93.81781662831712
highly crystalline,21.04592996816735,92.58357398710724
highly crystalline,21.077762619372443,94.20714542228336
highly crystalline,21.109595270577536,91.24686976813567
highly crystalline,21.14142792178263,97.71500441887588
highly crystalline,21.173260572987722,92.94767980650403
highly crystalline,21.205093224192815,93.48556947080215
highly crystalline,21.236925875397908,92.59151202478937
highly crystalline,21.268758526603,97.22718153989986
highly crystalline,21.300591177808094,96.41986356774439
highly crystalline,21.332423829013187,93.01851176660631
highly crystalline,21.36425648021828,93.59387051638716
highly crystalline,21.396089131423373,90.67373003290562
highly crystalline,21.427921782628466,94.38503790776988
highly crystalline,21.45975443383356,95.81015862697691
highly crystalline,21.491587085038653,93.88038509083465
highly crystalline,21.523419736243746,94.81156100983472
highly crystalline,21.55525238744884,93.69924963114332
highly crystalline,21.58708503865393,93.16308661954177
highly crystalline,21.618917689859025,93.57137670349873
highly crystalline,21.650750341064118,95.03467376426093
highly crystalline,21.68258299226921,92.09638522458255
highly crystalline,21.714415643474304,89.22958464187559
highly crystalline,21.746248294679397,90.62919338567838
highly crystalline,21.778080945884494,90.36435136967737
highly crystalline,21.809913597089587,95.7791722624741
highly crystalline,21.84174624829468,94.19845930736363
highly crystalline,21.873578899499773,96.33693821063919
highly crystalline,21.905411550704866,92.23569036319583
highly crystalline,21.93724420190996,91.5628413578105
highly crystalline,21.96907685311505,93.9789149328763
highly crystalline,22.000909504320145,99.81675285644504
highly crystalline,22.032742155525238,95.73782722880296
highly crystalline,22.06457480673033,94.47828778751021
highly crystalline,22.096407457935427,95.80552951054123
highly crystalline,22.12824010914052,91.57760316172201
highly crystalline,22.160072760345614,91.58061425098012
highly crystalline,22.191905411550707,92.15379081459473
highly crystalline,22.2237380627558,97.98018965569592
highly crystalline,22.255570713960893,93.06036127785755
highly crystalline,22.287403365165986,95.56849776116181
highly crystalline,22.31923601637108,89.51593065074621
highly crystalline,22.351068667576172,90.59801732822397
highly crystalline,22.382901318781265,89.39734004157492
highly crystalline,22.414733969986358,91.78835479759529
highly crystalline,22.44656662119145,95.25891122096365
highly crystalline,22.478399272396544,94.81857549063085
highly crystalline,22.510231923601637,99.85031561385419
highly crystalline,22.54206457480673,96.69470421724067
highly crystalline,22.573897226011823,95.69536725815688
highly crystalline,22.605729877216916,91.68025895759796
highly crystalline,22.63756252842201,92.47319193085717
highly crystalline,22.669395179627102,93.86041237415138
highly crystalline,22.701227830832195,89.95889421494094
highly crystalline,22.73306048203729,88.70876732859543
highly crystalline,22.76489313324238,93.44237828906496
highly crystalline,22.796725784447474,92.5608311722591
highly crystalline,22.828558435652567,87.84185858668226
highly crystalline,22.86039108685766,92.06579636900844
highly crystalline,22.892223738062754,91.56970618101207
highly crystalline,22.924056389267847,92.03005084143334
highly crystalline,22.95588904047294,92.49898743933325
highly crystalline,22.987721691678033,96.39939096483852
highly crystalline,23.01955434288313,89.55634948010243
highly crystalline,23.051386994088222,88.73857696081043
highly crystalline,23.083219645293315,93.29274027241537
highly crystalline,23.11505229649841,98.38344657349202
highly crystalline,23.1468849477035,91.64380202789978
highly crystalline,23.178717598908595,87.25392797606456
highly crystalline,23.210550250113688,94.0732466852171
highly crystalline,23.24238290131878,97.88356291193192
highly crystalline,23.274215552523874,94.14282430118925
highly crystalline,23.306048203728967,93.44195244067217
highly crystalline,23.337880854934063,87.46457906738922
highly crystalline,23.369713506139156,89.1131235545314
highly crystalline,23.40154615734425,101.64205710264159
highly crystalline,23.433378808549342,91.72899414841
highly crystalline,23.465211459754435,91.60550481334462
highly crystalline,23.49704411095953,96.1045849587862
highly crystalline,23.52887676216462,93.01267640643113
highly crystalline,23.560709413369715,97.4406919977405
highly crystalline,23.592542064574808,93.34361787204955
highly crystalline,23.6243747157799,93.84114082781481
highly crystalline,23.656207366984994,92.65562111523998
highly crystalline,23.688040018190087,94.47961106633379
highly crystalline,23.71987266939518,91.82882670233613
highly crystalline,23.751705320600273,95.19007259503984
highly crystalline,23.783537971805366,91.86833097656786
highly crystalline,23.81537062301046,90.99249118830822
highly crystalline,23.847203274215552,92.87933545847316
highly crystalline,23.879035925420645,93.36943459008336
highly crystalline,23.910868576625738,89.96115195164043
highly crystalline,23.94270122783083,93.79756106960095
highly crystalline,23.974533879035924,96.33072191433995
highly crystalline,24.006366530241017,97.6117222308324
highly crystalline,24.03819918144611,93.33226258592377
highly crystalline,24.070031832651203,95.47431113300861
highly crystalline,24.101864483856296,87.46777454115852
highly crystalline,24.13369713506139,94.19987961398996
highly crystalline,24.165529786266482,93.69934258717953
highly crystalline,24.197362437471575,96.69801791737643
highly crystalline,24.22919508867667,96.68848003994457
highly crystalline,24.261027739881765,90.18280746496355
highly crystalline,24.292860391086858,87.24081573060921
highly crystalline,24.32469304229195,89.94343852516732
highly crystalline,24.356525693497044,95.81157316575788
highly crystalline,24.388358344702137,87.77619367662881
highly crystalline,24.42019099590723,87.90404468645407
highly crystalline,24.452023647112323,98.29892801997946
highly crystalline,24.483856298317416,90.36639380102893
highly crystalline,24.51568894952251,95.53581871210832
highly crystalline,24.547521600727602,91.95563133856092
highly crystalline,24.5793542519327,90.57103952405453
highly crystalline,24.611186903137792,93.50037241338354
highly crystalline,24.643019554342885,100.04434880363792
highly crystalline,24.674852205547978,91.43310717371772
highly crystalline,24.70668485675307,91.98495949824874
highly crystalline,24.738517507958164,97.62103056328198
highly crystalline,24.770350159163257,89.80210056253671
highly crystalline,24.80218281036835,93.67927326326479
highly crystalline,24.834015461573443,95.6949596603405
highly crystalline,24.865848112778536,90.06249463464025
highly crystalline,24.89768076398363,93.4096691943807
highly crystalline,24.929513415188723,92.99551643760903
highly crystalline,24.961346066393816,93.50515383140863
highly crystalline,24.99317871759891,91.38783032607093
highly crystalline,25.025011368804,95.87278026988326
highly crystalline,25.056844020009095,86.5173282017075
highly crystalline,25.088676671214188,90.24422027889935
highly crystalline,25.12050932241928,89.35619911454977
highly crystalline,25.152341973624374,88.48105982364025
highly crystalline,25.184174624829467,96.8518878821033
highly crystalline,25.21600727603456,89.24231665889114
highly crystalline,25.247839927239653,86.05412391378579
highly crystalline,25.279672578444746,93.99073506350942
highly crystalline,25.31150522964984,92.39992209053777
highly crystalline,25.343337880854932,90.27474330439561
highly crystalline,25.375170532060025,92.86310971889658
highly crystalline,25.407003183265118,91.29563363483815
highly crystalline,25.43883583447021,90.3232973116861
highly crystalline,25.470668485675304,96.63655786437565
highly crystalline,25.502501136880397,87.70137530958874
highly crystalline,25.534333788085494,94.96746774939594
highly crystalline,25.566166439290587,89.92354271765123
highly crystalline,25.59799909049568,97.58913477777442
highly crystalline,25.629831741700773,96.42641226163616
highly crystalline,25.661664392905866,96.90832284857376
highly crystalline,25.69349704411096,89.69079365041988
highly crystalline,25.725329695316052,92.29030805788459
highly crystalline,25.757162346521145,93.39055252753603
highly crystalline,25.78899499772624,88.41638387351527
highly crystalline,25.82082764893133,90.7987820730835
highly crystalline,25.852660300136428,95.58267555509413
highly crystalline,25.88449295134152,95.72922054615562
highly crystalline,25.916325602546614,90.15421312226279
highly crystalline,25.948158253751707,86.75856111183342
highly crystalline,25.9799909049568,92.68354319566265
highly crystalline,26.011823556161893,94.53415564810756
highly crystalline,26.043656207366986,92.04213948517034
highly crystalline,26.07548885857208,92.53910411246899
highly crystalline,26.107321509777172,92.84308989408781
highly crystalline,26.139154160982265,93.4265222758624
highly crystalline,26.17098681218736,89.90550305912843
highly crystalline,26.20281946339245,92.80633128913358
highly crystalline,26.234652114597544,91.03745804511648
highly crystalline,26.266484765802637,90.47147591973417
highly crystalline,26.29831741700773,94.28021556526298
highly crystalline,26.330150068212824,90.40736060843928
highly crystalline,26.361982719417917,90.57060001476674
highly crystalline,26.39381537062301,88.48157035289796
highly crystalline,26.425648021828103,89.87282784647397
highly crystalline,26.457480673033196,95.2885207637495
highly crystalline,26.48931332423829,93.2987961094433
highly crystalline,26.521145975443382,91.00370239003848
highly crystalline,26.552978626648475,90.70247988188099
highly crystalline,26.584811277853568,94.71067850051284
highly crystalline,26.616643929058664,96.02184899380977
highly crystalline,26.648476580263758,88.11123180723064
highly crystalline,26.68030923146885,92.38330834118088
highly crystalline,26.712141882673944,94.07139297247076
highly crystalline,26.743974533879037,91.27152806400787
highly crystalline,26.77580718508413,93.59954321731608
highly crystalline,26.807639836289223,86.6309855300444
highly crystalline,26.839472487494316,92.66082756466925
highly crystalline,26.87130513869941,90.2115607615619
highly crystalline,26.903137789904502,93.56417023282582
highly crystalline,26.934970441109595,98.51366346548315
highly crystalline,26.966803092314688,92.61894171964475
highly crystalline,26.99863574351978,92.94469296706559
highly crystalline,27.030468394724874,88.71457939541396
highly crystalline,27.062301045929967,91.60250946453979
highly crystalline,27.09413369713506,95.52917112004467
highly crystalline,27.125966348340153,93.73414076270772
highly crystalline,27.157798999545246,89.38549630960063
highly crystalline,27.18963165075034,86.51487577277398
highly crystalline,27.221464301955432,90.30301906586426
highly crystalline,27.25329695316053,95.63882989271805
highly crystalline,27.285129604365622,96.80107637718379
highly crystalline,27.316962255570715,93.10356489983255
highly crystalline,27.348794906775808,92.65187415456153
highly crystalline,27.3806275579809,94.59514236963044
highly crystalline,27.412460209185994,94.56901344574878
highly crystalline,27.444292860391087,92.29405182702125
highly crystalline,27.47612551159618,88.06318865412217
highly crystalline,27.507958162801273,90.85095261257037
highly crystalline,27.539790814006366,90.86837521202023
highly crystalline,27.57162346521146,95.69884046942121
highly crystalline,27.603456116416552,91.25354880939607
highly crystalline,27.635288767621645,90.62578710292979
highly crystalline,27.66712141882674,89.97413636805496
highly crystalline,27.69895407003183,89.5879842751806
highly crystalline,27.730786721236925,92.24001243333419
highly crystalline,27.762619372442018,92.78869897118959
highly crystalline,27.79445202364711,100.19623377249877
highly crystalline,27.826284674852204,93.54919271445857
highly crystalline,27.858117326057297,98.84628211871284
highly crystalline,27.889949977262393,103.90339789634892
highly crystalline,27.921782628467486,108.18361161424552
highly crystalline,27.95361527967258,120.47075045547652
highly crystalline,27.985447930877672,131.67152649786
highly crystalline,28.017280582082766,150.44795017403604
highly crystalline,28.04911323328786,174.05282342626603
highly crystalline,28.08094588449295,215.62199747634443
highly crystalline,28.112778535698045,264.2389778321462
highly crystalline,28.144611186903138,312.9129712087291
highly crystalline,28.17644383810823,384.9701469013376
highly crystalline,28.208276489313324,471.44777949575854
highly crystalline,28.240109140518417,565.7910233482319
highly crystalline,28.27194179172351,669.2752585680099
highly crystalline,28.303774442928603,772.1013000566126
highly crystalline,28.335607094133696,876.3927916196491
highly crystalline,28.36743974533879,977.7129569808866
highly crystalline,28.399272396543882,1058.202815673369
highly crystalline,28.431105047748975,1133.549034418908
highly crystalline,28.462937698954068,1175.3030033886344
highly crystalline,28.494770350159165,1191.490085454567
highly crystalline,28.526603001364258,1185.0358628547112
highly crystalline,28.55843565256935,1145.5051016918853
highly crystalline,28.590268303774444,1080.0939657601
highly crystalline,28.622100954979537,1003.982551185822
highly crystalline,28.65393360618463,910.6406675475338
highly crystalline,28.685766257389723,807.1073561105433
highly crystalline,28.717598908594816,700.9053641069124
highly crystalline,28.74943155979991,595.1752335511779
highly crystalline,28.781264211005002,496.89945467613455
highly crystalline,28.813096862210095,413.23217113199723
highly crystalline,28.844929513415188,344.9750017603488
highly crystalline,28.87676216462028,273.90263711849104
highly crystalline,28.908594815825374,226.0739650630503
highly crystalline,28.940427467030467,189.23419554671207
highly crystalline,28.97226011823556,165.00701354010306
highly crystalline,29.004092769440653,139.66280384461095
highly crystalline,29.035925420645746,117.99882136946697
highly crystalline,29.06775807185084,110.2709548182365
highly crystalline,29.099590723055933,101.47827666104939
highly crystalline,29.13142337426103,99.05785905777368
highly crystalline,29.163256025466122,103.81364625639453
highly crystalline,29.195088676671215,89.16902812180146
highly crystalline,29.22692132787631,92.29954537019258
highly crystalline,29.2587539790814,91.31910361525775
highly crystalline,29.290586630286494,97.36828229726474
highly crystalline,29.322419281491587,97.40802488406872
highly crystalline,29.35425193269668,93.66262058158426
highly crystalline,29.386084583901773,93.44815357250596
highly crystalline,29.417917235106867,97.23282884531326
highly crystalline,29.44974988631196,90.52796089650646
highly crystalline,29.481582537517053,90.6778962935514
highly crystalline,29.513415188722146,89.32482838558701
highly crystalline,29.54524783992724,84.31907911236542
highly crystalline,29.57708049113233,93.48701419920293
highly crystalline,29.608913142337425,89.13078493449224
highly crystalline,29.640745793542518,91.46902016147303
highly crystalline,29.67257844474761,93.46728185358052
highly crystalline,29.704411095952704,90.48933340342853
highly crystalline,29.736243747157797,87.0584650264399
highly crystalline,29.768076398362894,89.60838328081235
highly crystalline,29.799909049567987,91.88175932500269
highly crystalline,29.83174170077308,89.6466289142062
highly crystalline,29.863574351978173,92.56021210391404
highly crystalline,29.895407003183266,95.27975887815604
highly crystalline,29.92723965438836,96.81863673027325
highly crystalline,29.959072305593452,91.33309207552301
highly crystalline,29.990904956798545,91.05685436794201
highly crystalline,30.022737608003638,92.84105157182532
highly crystalline,30.05457025920873,92.28398188694132
highly crystalline,30.086402910413824,87.94631174395747
highly crystalline,30.118235561618917,94.83254410193621
highly crystalline,30.15006821282401,91.208698172745
highly crystalline,30.181900864029103,98.41865898015777
highly crystalline,30.213733515234196,84.4729558249345
highly crystalline,30.24556616643929,88.1359534946426
highly crystalline,30.277398817644382,95.95451653508655
highly crystalline,30.309231468849475,91.51208792710565
highly crystalline,30.34106412005457,95.96664237399885
highly crystalline,30.37289677125966,90.41420565660022
highly crystalline,30.404729422464758,85.8360854538295
highly crystalline,30.43656207366985,89.77081649394779
highly crystalline,30.468394724874944,86.50454907434326
highly crystalline,30.500227376080037,95.70362861785863
highly crystalline,30.53206002728513,94.30736050016303
highly crystalline,30.563892678490223,93.90565251005265
highly crystalline,30.595725329695316,87.20709330030255
highly crystalline,30.62755798090041,90.82207682969828
highly crystalline,30.659390632105502,88.98953967745551
highly crystalline,30.691223283310595,86.92800208150986
highly crystalline,30.72305593451569,88.47474830822318
highly crystalline,30.75488858572078,93.46528499558968
highly crystalline,30.786721236925874,93.48521578857898
highly crystalline,30.818553888130968,94.21496809626126
highly crystalline,30.85038653933606,87.02427757669369
highly crystalline,30.882219190541154,94.88533161784686
highly crystalline,30.914051841746247,90.11393669584983
highly crystalline,30.94588449295134,92.37006902432343
highly crystalline,30.977717144156433,87.45222207077954
highly crystalline,31.00954979536153,93.62828435581027
highly crystalline,31.041382446566622,93.1143685968054
highly crystalline,31.073215097771715,86.5946357076845
highly crystalline,31.10504774897681,94.8142180622903
highly crystalline,31.1368804001819,84.19500569896107
highly crystalline,31.168713051386995,85.40356169359015
highly crystalline,31.200545702592088,93.01732950642156
highly crystalline,31.23237835379718,94.1838933469829
highly crystalline,31.264211005002274,88.49089961617248
highly crystalline,31.296043656207367,87.62625411865827
highly crystalline,31.32787630741246,88.60676337837653
highly crystalline,31.359708958617553,89.54589746769618
highly crystalline,31.391541609822646,88.93303659711577
highly crystalline,31.42337426102774,90.36267715991866
highly crystalline,31.455206912232832,88.66083458168853
highly crystalline,31.487039563437925,86.86707447043858
highly crystalline,31.518872214643018,87.1838366753618
highly crystalline,31.55070486584811,92.96981869701622
highly crystalline,31.582537517053204,90.83402270092783
highly crystalline,31.614370168258297,88.78377561418708
highly crystalline,31.646202819463394,91.06411205494837
highly crystalline,31.678035470668487,92.14624806888096
highly crystalline,31.70986812187358,84.03027221083904
highly crystalline,31.741700773078673,86.53290417833087
highly crystalline,31.773533424283766,93.27639169322283
highly crystalline,31.80536607548886,93.79028685204756
highly crystalline,31.837198726693952,92.3826646882804
highly crystalline,31.869031377899045,90.88547065440555
highly crystalline,31.900864029104138,86.81656481494961
highly crystalline,31.93269668030923,87.13845551818132
highly crystalline,31.964529331514324,89.43841477313072
highly crystalline,31.996361982719417,92.23647525051818
highly crystalline,32.028194633924514,92.0191710214494
highly crystalline,32.06002728512961,93.49639104664264
highly crystalline,32.0918599363347,89.54796713745478
highly crystalline,32.12369258753979,94.5679653148294
highly crystalline,32.155525238744886,90.41766175613736
highly crystalline,32.18735788994998,96.55126761453145
highly crystalline,32.21919054115507,92.25309752847733
highly crystalline,32.251023192360165,92.28031032782036
highly crystalline,32.28285584356526,86.91608432328522
highly crystalline,32.31468849477035,91.47508480616183
highly crystalline,32.346521145975444,92.04392415775737
highly crystalline,32.37835379718054,90.45754081221322
highly crystalline,32.41018644838563,91.06448018313338
highly crystalline,32.44201909959072,96.48935084542106
highly crystalline,32.473851750795816,87.7856082150969
highly crystalline,32.50568440200091,88.31359796369748
highly crystalline,32.537517053206,94.15529135293986
highly crystalline,32.569349704411096,84.1990931939502
highly crystalline,32.60118235561619,88.46187706751155
highly crystalline,32.63301500682128,90.78064404875452
highly crystalline,32.664847658026375,91.76119359600166
highly crystalline,32.69668030923147,86.45396572436208
highly crystalline,32.72851296043656,94.0348824879847
highly crystalline,32.760345611641654,87.59337218305654
highly crystalline,32.79217826284675,88.39206960614476
highly crystalline,32.82401091405184,85.73544835698121
highly crystalline,32.85584356525693,92.87281219182503
highly crystalline,32.887676216462026,93.40433763237967
highly crystalline,32.91950886766712,88.43230817166632
highly crystalline,32.95134151887221,88.14379669448188
highly crystalline,32.983174170077305,88.52529975346407
highly crystalline,33.0150068212824,97.21432797334786
highly crystalline,33.04683947248749,90.44010549305986
highly crystalline,33.078672123692584,87.09795103258307
highly crystalline,33.11050477489768,85.66988362930604
highly crystalline,33.14233742610277,85.72675581403519
highly crystalline,33.17417007730786,93.46248131505014
highly crystalline,33.206002728512956,86.2718847731908
highly crystalline,33.23783537971805,86.55836639647325
highly crystalline,33.26966803092314,90.87966024590806
highly crystalline,33.301500682128236,86.32678080821465
highly crystalline,33.33333333333333,89.09931332015182
highly crystalline,33.36516598453842,88.88875327946975
highly crystalline,33.396998635743515,91.27772150233417
highly crystalline,33.42883128694861,82.93852303144092
highly crystalline,33.4606639381537,88.190428004433
highly crystalline,33.492496589358794,83.48271275858536
highly crystalline,33.524329240563894,94.96504295224878
highly crystalline,33.55616189176899,88.6707281839629
highly crystalline,33.58799454297408,89.77805777584445
highly crystalline,33.61982719417917,86.72982252497309
highly crystalline,33.651659845384266,88.5042374259184
highly crystalline,33.68349249658936,86.8376164424435
highly crystalline,33.71532514779445,85.51237844403964
highly crystalline,33.747157798999545,88.11276167707494
highly crystalline,33.77899045020464,90.61010135723691
highly crystalline,33.81082310140973,92.91581576942119
highly crystalline,33.842655752614824,85.65287032836218
highly crystalline,33.87448840381992,91.26714087500574
highly crystalline,33.90632105502501,86.56248018254392
highly crystalline,33.9381537062301,93.00901895150146
highly crystalline,33.9699863574352,89.05906684063022
highly crystalline,34.00181900864029,90.0809862300258
highly crystalline,34.03365165984538,91.69694247759638
highly crystalline,34.065484311050476,88.97028078605304
highly crystalline,34.09731696225557,89.19126457577416
highly crystalline,34.12914961346066,84.28625047717331
highly crystalline,34.16098226466576,96.66205121470037
highly crystalline,34.192814915870855,88.01505906982578
highly crystalline,34.22464756707595,87.55806142831655
highly crystalline,34.25648021828104,88.1047616489127
highly crystalline,34.288312869486134,88.63586701525324
highly crystalline,34.32014552069123,86.46412085091853
highly crystalline,34.35197817189632,89.07212627334621
highly crystalline,34.38381082310141,81.86421059139134
highly crystalline,34.415643474306506,91.40611209248866
highly crystalline,34.4474761255116,91.56775709842599
highly crystalline,34.47930877671669,86.41573231183762
highly crystalline,34.511141427921785,90.89737223993546
highly crystalline,34.54297407912688,87.68151922659177
highly crystalline,34.57480673033197,85.67185045284805
highly crystalline,34.606639381537065,80.93459664186017
highly crystalline,34.63847203274216,88.85296899292386
highly crystalline,34.67030468394725,93.20030391818727
highly crystalline,34.702137335152344,88.50712962329655
highly crystalline,34.73396998635744,89.67865978064222
highly crystalline,34.76580263756253,92.14732309343633
highly crystalline,34.79763528876762,89.01194301269632
highly crystalline,34.829467939972716,87.0280456171081
highly crystalline,34.86130059117781,91.90144984644861
highly crystalline,34.8931332423829,88.59776102138035
highly crystalline,34.924965893587995,91.12265599219866
highly crystalline,34.95679854479309,90.74662134141401
highly crystalline,34.98863119599818,86.30962116189494
highly crystalline,35.020463847203274,90.70618322545751
highly crystalline,35.05229649840837,95.61998141785
highly crystalline,35.08412914961346,90.54574566809217
highly crystalline,35.11596180081855,90.12987774971562
highly crystalline,35.147794452023646,86.78746922288491
highly crystalline,35.17962710322874,88.52423145631356
highly crystalline,35.21145975443383,90.33507800568651
highly crystalline,35.243292405638925,88.13961811813577
highly crystalline,35.27512505684402,88.47618392926401
highly crystalline,35.30695770804911,88.20699586678865
highly crystalline,35.338790359254205,89.69837584773174
highly crystalline,35.3706230104593,89.94740189854234
highly crystalline,35.40245566166439,87.31284022435756
highly crystalline,35.434288312869484,92.49302637406232
highly crystalline,35.46612096407458,94.12829702126008
highly crystalline,35.49795361527967,90.97143822184808
highly crystalline,35.52978626648476,89.33674655749671
highly crystalline,35.561618917689856,91.65499683114699
highly crystalline,35.59345156889495,87.09605618329306
highly crystalline,35.62528422010004,87.63051255668796
highly crystalline,35.657116871305135,90.53408027427412
highly crystalline,35.68894952251023,90.32102776127608
highly crystalline,35.72078217371532,87.64806107653035
highly crystalline,35.752614824920414,87.83889186215892
highly crystalline,35.78444747612551,91.22232923263914
highly crystalline,35.8162801273306,85.5252035196977
highly crystalline,35.84811277853569,88.56002439338694
highly crystalline,35.879945429740786,90.85035074319795
highly crystalline,35.91177808094588,89.50286243514593
highly crystalline,35.94361073215097,90.0403440970629
highly crystalline,35.975443383356065,87.79533419131106
highly crystalline,36.00727603456116,87.4735779627953
highly crystalline,36.03910868576626,89.47680262667647
highly crystalline,36.07094133697135,88.69081451749491
highly crystalline,36.102773988176445,91.52969624806843
highly crystalline,36.13460663938154,91.97295510235014
highly crystalline,36.16643929058663,90.494083819213
highly crystalline,36.198271941791724,89.57187153414414
highly crystalline,36.23010459299682,89.1234610276117
highly crystalline,36.26193724420191,87.29296846349385
highly crystalline,36.293769895407,89.32081610929497
highly crystalline,36.325602546612096,93.17440546060368
highly crystalline,36.35743519781719,89.75527108863743
highly crystalline,36.38926784902228,87.0976211933072
highly crystalline,36.421100500227375,92.90066469137858
highly crystalline,36.45293315143247,88.97975311821013
highly crystalline,36.48476580263756,85.01289408069806
highly crystalline,36.516598453842654,90.04201650008147
highly crystalline,36.54843110504775,90.93536292228981
highly crystalline,36.58026375625284,90.98774600832148
highly crystalline,36.61209640745793,92.56129246075164
highly crystalline,36.64392905866303,100.23307306900205
highly crystalline,36.67576170986813,98.54604909138416
highly crystalline,36.70759436107322,107.70923864032977
highly crystalline,36.73942701227831,116.22764165616731
highly crystalline,36.771259663483406,131.05343101889923
highly crystalline,36.8030923146885,159.6016312843547
highly crystalline,36.83492496589359,186.1395141803133
highly crystalline,36.866757617098685,230.84680116513056
highly crystalline,36.89859026830378,287.459138631064
highly crystalline,36.93042291950887,348.7137339944106
highly crystalline,36.962255570713964,421.81830964922193
highly crystalline,36.99408822191906,501.18265714783416
highly crystalline,37.02592087312415,589.2569421082861
highly crystalline,37.05775352432924,677.2409353834748
highly crystalline,37.089586175534336,746.2132895882119
highly crystalline,37.12141882673943,814.8671259575991
highly crystalline,37.15325147794452,859.3393595296226
highly crystalline,37.185084129149615,886.0162466397048
highly crystalline,37.21691678035471,885.2266551719389
highly crystalline,37.2487494315598,858.1646776449844
highly crystalline,37.280582082764894,812.1577538644482
highly crystalline,37.31241473396999,741.6511969548224
highly crystalline,37.34424738517508,667.5755759521733
highly crystalline,37.37608003638017,584.0186258034369
highly crystalline,37.40791268758527,500.69209571770716
highly crystalline,37.43974533879036,417.01831020332867
highly crystalline,37.47157798999545,344.67899577295543
highly crystalline,37.503410641200546,280.66313640637935
highly crystalline,37.53524329240564,229.3204858921943
highly crystalline,37.56707594361073,188.3685274836357
highly crystalline,37.598908594815825,153.03453812472335
highly crystalline,37.63074124602092,137.27478578024954
highly crystalline,37.66257389722601,118.93382011316616
highly crystalline,37.694406548431104,107.57647461342007
highly crystalline,37.7262391996362,100.44476661639706
highly crystalline,37.75807185084129,93.6756124730222
highly crystalline,37.78990450204638,91.5193020643095
highly crystalline,37.821737153251476,91.73215593983267
highly crystalline,37.85356980445657,88.3980247677752
highly crystalline,37.88540245566166,92.32934129910964
highly crystalline,37.917235106866755,88.77120180202279
highly crystalline,37.94906775807185,93.58455692105774
highly crystalline,37.98090040927694,90.23654179391853
highly crystalline,38.012733060482034,90.10944462601779
highly crystalline,38.04456571168713,86.55471566851199
highly crystalline,38.07639836289222,89.43510027572376
highly crystalline,38.10823101409731,87.03831670592076
highly crystalline,38.14006366530241,81.81128215466624
highly crystalline,38.1718963165075,89.66349283613675
highly crystalline,38.20372896771259,86.78200031688625
highly crystalline,38.235561618917686,87.12553867228262
highly crystalline,38.26739427012278,85.49876443244331
highly crystalline,38.29922692132787,89.94240864839057
highly crystalline,38.331059572532965,85.65474185987023
highly crystalline,38.36289222373806,91.04073129875934
highly crystalline,38.39472487494315,87.82697541529548
highly crystalline,38.426557526148244,89.73353134126036
highly crystalline,38.45839017735334,88.99651677066683
highly crystalline,38.49022282855843,85.23408499532025
highly crystalline,38.52205547976353,88.70437313018128
highly crystalline,38.55388813096862,87.21569201941551
highly crystalline,38.585720782173716,92.79413046775012
highly crystalline,38.61755343337881,92.77309934389066
highly crystalline,38.6493860845839,90.38144673293444
highly crystalline,38.681218735788995,94.71507139787671
highly crystalline,38.71305138699409,87.56105230814826
highly crystalline,38.74488403819918,86.99989313833309
highly crystalline,38.776716689404275,88.73998478779845
highly crystalline,38.80854934060937,89.67491121041454
highly crystalline,38.84038199181446,92.75743094299764
highly crystalline,38.872214643019554,85.94893313461657
highly crystalline,38.90404729422465,89.09113986285007
highly crystalline,38.93587994542974,88.20569983902473
highly crystalline,38.96771259663483,88.9651476295829
highly crystalline,38.999545247839926,89.60138763889145
highly crystalline,39.03137789904502,86.73552703142875
highly crystalline,39.06321055025011,86.17266487811379
highly crystalline,39.095043201455205,93.29086605303688
highly crystalline,39.1268758526603,87.1816964169876
highly crystalline,39.1587085038654,88.81621972432177
highly crystalline,39.19054115507049,85.12105519421613
highly crystalline,39.222373806275584,91.19810069424274
highly crystalline,39.25420645748068,91.73021291107693
highly crystalline,39.28603910868577,80.72030021140579
highly crystalline,39.31787175989086,88.10034395954746
highly crystalline,39.349704411095956,84.07212618840671
highly crystalline,39.38153706230105,90.04254522913864
highly crystalline,39.41336971350614,90.95956481722303
highly crystalline,39.445202364711236,91.65405662760139
highly crystalline,39.47703501591633,83.58731010424808
highly crystalline,39.50886766712142,89.05372654394883
highly crystalline,39.540700318326515,90.76497943937497
highly crystalline,39.57253296953161,79.12234132450817
highly crystalline,39.6043656207367,90.7166836766901
highly crystalline,39.636198271941794,91.37869734360264
highly crystalline,39.66803092314689,83.85882156323207
highly crystalline,39.69986357435198,92.30819542750838
highly crystalline,39.73169622555707,86.02174134034642
highly crystalline,39.763528876762166,86.98315396364139
highly crystalline,39.79536152796726,90.93150329497182
highly crystalline,39.82719417917235,83.44985456638051
highly crystalline,39.859026830377445,89.70329251976355
highly crystalline,39.89085948158254,88.61238650788805
highly crystalline,39.92269213278763,86.35004771452164
highly crystalline,39.954524783992724,88.68795499020881
highly crystalline,39.98635743519782,87.44155180135944
highly crystalline,40.01819008640291,86.77455269583564
highly crystalline,40.050022737608,88.63431923048823
highly crystalline,40.081855388813096,85.94695621860491
highly crystalline,40.11368804001819,89.64354117443847
highly crystalline,40.14552069122328,84.43343439445792
highly crystalline,40.177353342428376,89.443021152906
highly crystalline,40.20918599363347,90.32890444800465
highly crystalline,40.24101864483856,89.56397300735112
highly crystalline,40.272851296043655,88.42293966751923
highly crystalline,40.30468394724875,91.41057079085061
highly crystalline,40.33651659845384,83.82822016262081
highly crystalline,40.368349249658934,84.76448522113581
highly crystalline,40.40018190086403,92.41679836297372
highly crystalline,40.43201455206912,91.56149235672615
highly crystalline,40.46384720327421,88.89219329688714
highly crystalline,40.495679854479306,86.08013096189934
highly crystalline,40.5275125056844,92.0458214722946
highly crystalline,40.55934515688949,88.25956005879442
highly crystalline,40.591177808094585,87.65207629940303
highly crystalline,40.62301045929968,89.02580443680704
highly crystalline,40.65484311050477,90.71454030423122
highly crystalline,40.686675761709864,88.49611679568206
highly crystalline,40.71850841291496,87.11931067358991
highly crystalline,40.75034106412005,92.19875349170309
highly crystalline,40.78217371532514,87.4430069621217
highly crystalline,40.814006366530236,90.81019803656001
highly crystalline,40.84583901773533,88.14234529458973
highly crystalline,40.87767166894042,84.54048785616362
highly crystalline,40.909504320145516,85.68050531912687
highly crystalline,40.94133697135061,86.77835105069512
highly crystalline,40.9731696225557,88.53860446961636
highly crystalline,41.005002273760795,87.69225867692954
highly crystalline,41.036834924965895,89.21732049820658
highly crystalline,41.06866757617099,90.67304496146345
highly crystalline,41.10050022737608,86.04470903754556
highly crystalline,41.132332878581174,88.53930594044975
highly crystalline,41.16416552978627,89.48736032345278
highly crystalline,41.19599818099136,87.3765487066307
highly crystalline,41.22783083219645,87.63083223897185
highly crystalline,41.259663483401546,92.25742046014902
highly crystalline,41.29149613460664,86.46492295242555
highly crystalline,41.32332878581173,91.46020260491586
highly crystalline,41.355161437016825,89.31689315532455
highly crystalline,41.38699408822192,77.9239526394187
highly crystalline,41.41882673942701,89.32117244245279
highly crystalline,41.450659390632104,91.92353832573178
highly crystalline,41.4824920418372,91.28267271604646
highly crystalline,41.51432469304229,89.92501427516476
highly crystalline,41.54615734424738,83.19241533122583
highly crystalline,41.57798999545248,84.83186037731424
highly crystalline,41.60982264665757,91.2107871900716
highly crystalline,41.64165529786266,94.95034101441017
highly crystalline,41.67348794906776,91.30184887877893
highly crystalline,41.705320600272856,89.35399920336384
highly crystalline,41.73715325147795,84.64562160778739
highly crystalline,41.76898590268304,87.61099510705657
highly crystalline,41.800818553888135,83.37420531288375
highly crystalline,41.83265120509323,89.30977947746901
highly crystalline,41.86448385629832,85.68870151491004
highly crystalline,41.896316507503414,90.53623638346527
highly crystalline,41.92814915870851,85.06353985726307
highly crystalline,41.9599818099136,84.593459064916
highly crystalline,41.99181446111869,86.64820675810354
highly crystalline,42.023647112323786,91.33993553417245
highly crystalline,42.05547976352888,88.9863752984984
highly crystalline,42.08731241473397,86.74855870664196
highly crystalline,42.119145065939065,90.98520711615447
highly crystalline,42.15097771714416,85.51151643864225
highly crystalline,42.18281036834925,87.8858763915042
highly crystalline,42.214643019554345,85.14744600507957
highly crystalline,42.24647567075944,90.41281591746123
highly crystalline,42.27830832196453,87.20845897026852
highly crystalline,42.310140973169624,83.2889499729905
highly crystalline,42.34197362437472,87.065823911659
highly crystalline,42.37380627557981,88.08265819119097
highly crystalline,42.4056389267849,88.692213637292
highly crystalline,42.437471577989996,88.574418719592
highly crystalline,42.46930422919509,91.28034403915696
highly crystalline,42.50113688040018,86.60345117518564
highly crystalline,42.532969531605275,89.273440255395
highly crystalline,42.56480218281037,88.91058651267122
highly crystalline,42.59663483401546,90.5920285407495
highly crystalline,42.628467485220554,80.52208513511749
highly crystalline,42.66030013642565,87.89728866247633
highly crystalline,42.69213278763074,88.63330156027033
highly crystalline,42.72396543883583,87.46738776888017
highly crystalline,42.755798090040926,82.12113074538487
highly crystalline,42.78763074124602,89.18117319336926
highly crystalline,42.81946339245111,90.00223654720101
highly crystalline,42.851296043656205,86.36437465381616
highly crystalline,42.8831286948613,85.73456728000774
highly crystalline,42.91496134606639,83.48277654307168
highly crystalline,42.946793997271484,87.88588482625885
highly crystalline,42.97862664847658,83.91971143868977
highly crystalline,43.01045929968167,92.26064426968512
highly crystalline,43.042291950886764,89.88206609107691
highly crystalline,43.07412460209186,85.01214601975171
highly crystalline,43.10595725329695,84.12393342045878
highly crystalline,43.13778990450204,90.59765164379502
highly crystalline,43.169622555707136,81.66902560502444
highly crystalline,43.20145520691223,86.70786720322681
highly crystalline,43.23328785811733,84.1307596857602
highly crystalline,43.26512050932242,86.25414275131646
highly crystalline,43.296953160527515,87.43121073294985
highly crystalline,43.32878581173261,89.19564403091206
highly crystalline,43.3606184629377,87.77146826928964
highly crystalline,43.392451114142794,88.651135656334
highly crystalline,43.42428376534789,86.83151210329304
highly crystalline,43.45611641655298,90.78415726400186
highly crystalline,43.48794906775807,95.11305977895742
highly crystalline,43.519781718963166,97.0931677744198
highly crystalline,43.55161437016826,99.56603921799172
highly crystalline,43.58344702137335,104.13804965167343
highly crystalline,43.615279672578446,114.17197622055829
highly crystalline,43.64711232378354,128.6579208010799
highly crystalline,43.67894497498863,137.53722836019497
highly crystalline,43.710777626193725,164.9615069990541
highly crystalline,43.74261027739882,189.50411025194285
highly crystalline,43.77444292860391,219.2908277836343
highly crystalline,43.806275579809004,257.03762794722735
highly crystalline,43.8381082310141,300.7833226144584
highly crystalline,43.86994088221919,345.82792085729966
highly crystalline,43.90177353342428,391.74073140547193
highly crystalline,43.933606184629376,443.02984705042223
highly crystalline,43.96543883583447,488.03746272804585
highly crystalline,43.99727148703956,528.5688826102341
highly crystalline,44.029104138244655,556.1147837187539
highly crystalline,44.06093678944975,578.5651263025908
highly crystalline,44.09276944065484,589.4649017250782
highly crystalline,44.124602091859934,579.9424203133615
highly crystalline,44.15643474306503,569.8339230853752
highly crystalline,44.18826739427012,539.5036817160361
highly crystalline,44.22010004547521,500.43052974001455
highly crystalline,44.251932696680306,460.65157550923533
highly crystalline,44.2837653478854,415.3634079721026
highly crystalline,44.31559799909049,368.8733994277463
highly crystalline,44.347430650295586,321.68612336900736
highly crystalline,44.37926330150068,277.58789412109286
highly crystalline,44.41109595270577,239.15548739889343
highly crystalline,44.442928603910865,201.93368126721174
highly crystalline,44.47476125511596,174.4951623799982
highly crystalline,44.50659390632106,148.01461625653562
highly crystalline,44.53842655752615,127.39148169506224
highly crystalline,44.570259208731244,112.12132746613065
highly crystalline,44.60209185993634,110.41844198645856
highly crystalline,44.63392451114143,103.46791951580782
highly crystalline,44.66575716234652,94.02618081124633
highly crystalline,44.697589813551616,95.56382580086708
highly crystalline,44.72942246475671,94.58544138700552
highly crystalline,44.7612551159618,84.62736359901224
highly crystalline,44.793087767166895,91.58422512028706
highly crystalline,44.82492041837199,91.55551030001703
highly crystalline,44.85675306957708,83.5477037517963
highly crystalline,44.888585720782174,84.63669825580723
highly crystalline,44.92041837198727,85.56165302171169
highly crystalline,44.95225102319236,87.5506410340877
highly crystalline,44.98408367439745,83.12927814774679
highly crystalline,45.01591632560255,82.76742114906202
highly crystalline,45.04774897680764,85.13944871141952
highly crystalline,45.07958162801273,89.45503697548233
highly crystalline,45.111414279217826,89.9283186599325
highly crystalline,45.14324693042292,81.38291272697184
highly crystalline,45.17507958162801,84.6817517718793
highly crystalline,45.206912232833105,86.60392096301169
highly crystalline,45.2387448840382,88.40417096327732
highly crystalline,45.27057753524329,93.18175299627666
highly crystalline,45.302410186448384,89.31256971590439
highly crystalline,45.33424283765348,86.84685851240842
highly crystalline,45.36607548885857,84.58078469766778
highly crystalline,45.39790814006366,88.09114601629847
highly crystalline,45.429740791268756,84.48017528722723
highly crystalline,45.46157344247385,84.94412843118532
highly crystalline,45.49340609367894,85.84841135388464
highly crystalline,45.525238744884035,82.07349516450127
highly crystalline,45.55707139608913,87.10734464896842
highly crystalline,45.58890404729422,88.39956833924231
highly crystalline,45.620736698499314,94.91810866407413
highly crystalline,45.65256934970441,88.47576123895307
highly crystalline,45.6844020009095,88.48517095489574
highly crystalline,45.71623465211459,88.27204869942054
highly crystalline,45.748067303319694,86.28639581860887
highly crystalline,45.77989995452479,86.0488547707652
highly crystalline,45.81173260572988,85.94076332668988
highly crystalline,45.84356525693497,85.20429188599387
highly crystalline,45.875397908140066,90.06985035147123
highly crystalline,45.90723055934516,89.85966496005916
highly crystalline,45.93906321055025,88.5728201783132
highly crystalline,45.970895861755345,91.40580693016497
highly crystalline,46.00272851296044,83.86433323994939
highly crystalline,46.03456116416553,90.31247552125431
highly crystalline,46.066393815370624,80.30627026673586
highly crystalline,46.09822646657572,82.5894438787935
highly crystalline,46.13005911778081,87.45962097179662
highly crystalline,46.1618917689859,91.56270376314193
highly crystalline,46.193724420190996,92.73596568997029
highly crystalline,46.22555707139609,89.5937557402235
highly crystalline,46.25738972260118,89.08691972339905
highly crystalline,46.289222373806275,81.46545801657501
highly crystalline,46.32105502501137,91.65394439416461
highly crystalline,46.35288767621646,85.77048090501768
highly crystalline,46.384720327421554,87.02610867913481
highly crystalline,46.41655297862665,86.83850016369973
highly crystalline,46.44838562983174,78.35610824994478
highly crystalline,46.480218281036834,85.78739215948936
highly crystalline,46.51205093224193,85.36356047721947
highly crystalline,46.54388358344702,84.97162181147985
highly crystalline,46.57571623465211,85.70874507198141
highly crystalline,46.607548885857206,83.40348912174514
highly crystalline,46.6393815370623,86.79520917126565
highly crystalline,46.67121418826739,85.03044419605004
highly crystalline,46.703046839472485,90.70333880968796
highly crystalline,46.73487949067758,85.0729918528353
highly crystalline,46.76671214188267,87.0557110772964
highly crystalline,46.798544793087764,89.03894310969106
highly crystalline,46.83037744429286,84.92433542467589
highly crystalline,46.86221009549795,85.82111091255673
highly crystalline,46.89404274670304,88.50713897220331
highly crystalline,46.925875397908136,84.92921633494767
highly crystalline,46.95770804911323,86.47475762758354
highly crystalline,46.98954070031833,87.60026894529193
highly crystalline,47.02137335152342,83.26758707096563
highly crystalline,47.053206002728516,82.46546361597552
highly crystalline,47.08503865393361,89.39798414071144
highly crystalline,47.1168713051387,83.07835818364708
highly crystalline,47.148703956343795,86.71317912878516
highly crystalline,47.18053660754889,88.3038370859941
highly crystalline,47.21236925875398,87.225122124763
highly crystalline,47.244201909959074,88.71354980883085
highly crystalline,47.27603456116417,87.99149503842374
highly crystalline,47.30786721236926,90.78613710435978
highly crystalline,47.33969986357435,87.99853904130697
highly crystalline,47.371532514779446,86.77018183450146
highly crystalline,47.40336516598454,79.320175512726
highly crystalline,47.43519781718963,85.80971972311762
highly crystalline,47.467030468394725,89.23367241517228
highly crystalline,47.49886311959982,87.14613605428384
highly crystalline,47.53069577080491,85.00115408418753
highly crystalline,47.562528422010004,84.11640803443474
highly crystalline,47.5943610732151,89.32740784261175
highly crystalline,47.62619372442019,87.34063503877177
highly crystalline,47.65802637562528,87.2675510767756
highly crystalline,47.689859026830376,84.87182230895336
highly crystalline,47.72169167803547,87.85992314246086
highly crystalline,47.75352432924056,89.79356372025114
highly crystalline,47.785356980445655,88.44210006637654
highly crystalline,47.81718963165075,87.52897521380352
highly crystalline,47.84902228285584,91.82965735026545
highly crystalline,47.880854934060935,86.46411780289951
highly crystalline,47.91268758526603,86.87483920355612
highly crystalline,47.94452023647112,88.97853602692214
highly crystalline,47.976352887676214,83.29711483767434
highly crystalline,48.00818553888131,86.94253764002796
highly crystalline,48.0400181900864,87.930350406845
highly crystalline,48.07185084129149,86.65103400818059
highly crystalline,48.103683492496586,85.97044986576893
highly crystalline,48.13551614370168,87.12280982599503
highly crystalline,48.16734879490677,85.36479904062303
highly crystalline,48.199181446111865,83.95092583751753
highly crystalline,48.23101409731696,83.14151229251733
highly crystalline,48.26284674852206,82.04687504696551
highly crystalline,48.29467939972715,87.01773707280687
highly crystalline,48.326512050932244,91.65310228486605
highly crystalline,48.35834470213734,85.71240309146604
highly crystalline,48.39017735334243,83.8919283617072
highly crystalline,48.42201000454752,81.58245114123218
highly crystalline,48.45384265575262,85.88199345154655
highly crystalline,48.48567530695771,84.93539637049946
highly crystalline,48.5175079581628,88.50123408753208
highly crystalline,48.549340609367896,86.88969085850636
highly crystalline,48.58117326057299,87.5510495703534
highly crystalline,48.61300591177808,89.01663031937875
highly crystalline,48.644838562983175,83.27498662745761
highly crystalline,48.67667121418827,86.81603622894936
highly crystalline,48.70850386539336,92.74127969128877
highly crystalline,48.740336516598454,83.42892421422263
highly crystalline,48.77216916780355,94.10723843736653
highly crystalline,48.80400181900864,82.45220736247434
highly crystalline,48.83583447021373,87.20717148020866
highly crystalline,48.867667121418826,88.65836053313386
highly crystalline,48.89949977262392,84.04411002455942
highly crystalline,48.93133242382901,91.30825717453675
highly crystalline,48.963165075034105,89.5502268864386
highly crystalline,48.9949977262392,88.3478557260859
highly crystalline,49.02683037744429,90.34373687212802
highly crystalline,49.058663028649384,87.14131110363557
highly crystalline,49.09049567985448,90.58277034529522
highly crystalline,49.12232833105957,86.86699743657817
highly crystalline,49.15416098226466,88.07365957370023
highly crystalline,49.18599363346976,87.66453091194433
highly crystalline,49.21782628467485,89.30505923442847
highly crystalline,49.24965893587994,88.82053682985195
highly crystalline,49.281491587085036,86.38351692931451
highly crystalline,49.31332423829013,89.06232303382471
highly crystalline,49.34515688949522,87.89921565878444
highly crystalline,49.376989540700315,90.17517683731805
highly crystalline,49.40882219190541,82.69161807687091
highly crystalline,49.4406548431105,83.03362999172776
highly crystalline,49.472487494315594,80.64842625048153
highly crystalline,49.504320145520694,85.88110123409889
highly crystalline,49.53615279672579,83.01165079491098
highly crystalline,49.56798544793088,87.28165102414945
highly crystalline,49.59981809913597,87.80746052736049
highly crystalline,49.631650750341066,82.32085462428466
highly crystalline,49.66348340154616,84.70001522095764
highly crystalline,49.69531605275125,87.54097869060057
highly crystalline,49.727148703956345,81.6745849512663
highly crystalline,49.75898135516144,82.85120451316583
highly crystalline,49.79081400636653,89.6266538851496
highly crystalline,49.822646657571624,83.90266667824982
highly crystalline,49.85447930877672,90.65492614276934
highly crystalline,49.88631195998181,89.13972653504791
highly crystalline,49.918144611186904,83.17380213367422
highly crystalline,49.949977262392,85.60303406897054
highly crystalline,49.98180991359709,88.82309319760908
highly crystalline,50.01364256480218,87.81169792626582
highly crystalline,50.045475216007276,88.73540075325155
highly crystalline,50.07730786721237,84.88430758944213
highly crystalline,50.10914051841746,88.82610998098059
highly crystalline,50.140973169622555,85.61373588565043
highly crystalline,50.17280582082765,87.70626293475559
highly crystalline,50.20463847203274,83.97331281127465
highly crystalline,50.236471123237834,87.11358323651646
highly crystalline,50.26830377444293,89.52354682902266
highly crystalline,50.30013642564802,84.22775304328314
highly crystalline,50.33196907685311,86.11770692081946
highly crystalline,50.363801728058206,90.96749894700936
highly crystalline,50.3956343792633,84.04194457615765
highly crystalline,50.42746703046839,89.3669466614914
highly crystalline,50.459299681673485,85.53183418956212
highly crystalline,50.49113233287858,90.94971466007645
highly crystalline,50.52296498408367,88.52987078751319
highly crystalline,50.554797635288764,90.22587930807788
highly crystalline,50.58663028649386,86.87690393350456
highly crystalline,50.61846293769895,90.5542519644557
highly crystalline,50.650295588904044,85.09204014308865
highly crystalline,50.68212824010914,84.43774412233957
highly crystalline,50.71396089131423,90.8054975037128
highly crystalline,50.74579354251932,84.67940505037343
highly crystalline,50.77762619372442,80.02803910088117
highly crystalline,50.809458844929516,85.25766090947724
highly crystalline,50.84129149613461,86.09876141328006
highly crystalline,50.8731241473397,88.17975507596309
highly crystalline,50.904956798544795,82.43668044068384
highly crystalline,50.93678944974989,87.86251154066383
highly crystalline,50.96862210095498,85.63602276987716
highly crystalline,51.000454752160074,89.2560388658923
highly crystalline,51.03228740336517,80.9680110053955
highly crystalline,51.06412005457026,88.29453505725616
highly crystalline,51.09595270577535,82.64302113362582
highly crystalline,51.127785356980446,84.49865244439218
highly crystalline,51.15961800818554,79.36326011656217
highly crystalline,51.19145065939063,82.99867689035874
highly crystalline,51.223283310595725,92.61207911503203
highly crystalline,51.25511596180082,84.00551492528658
highly crystalline,51.28694861300591,88.12842335076857
highly crystalline,51.318781264211005,88.80074311047382
highly crystalline,51.3506139154161,78.31307538270777
highly crystalline,51.38244656662119,87.44835813135593
highly crystalline,51.414279217826284,93.51107359382083
highly crystalline,51.44611186903138,87.51226046644199
highly crystalline,51.47794452023647,79.25478448357582
highly crystalline,51.50977717144156,89.02330785719245
highly crystalline,51.541609822646656,88.29543163533327
highly crystalline,51.57344247385175,88.66563803297986
highly crystalline,51.60527512505684,90.32379371841738
highly crystalline,51.637107776261935,82.33225880924992
highly crystalline,51.66894042746703,87.35050936041932
highly crystalline,51.70077307867212,82.39387851377975
highly crystalline,51.732605729877214,82.92143340450627
highly crystalline,51.76443838108231,85.29727663164569
highly crystalline,51.7962710322874,84.72042977168134
highly crystalline,51.82810368349249,84.34979530208436
highly crystalline,51.859936334697586,88.24833003526705
highly crystalline,51.89176898590268,87.31198491279531
highly crystalline,51.92360163710777,80.6080376697189
highly crystalline,51.955434288312865,91.01920191369496
highly crystalline,51.98726693951796,84.69249841991632
highly crystalline,52.01909959072306,85.70747007170999
highly crystalline,52.05093224192815,86.3702525345201
highly crystalline,52.082764893133245,86.62762097840012
highly crystalline,52.11459754433834,87.41656712838217
highly crystalline,52.14643019554343,83.51107979115801
highly crystalline,52.178262846748524,84.42390710039764
highly crystalline,52.21009549795362,88.21413645624965
highly crystalline,52.24192814915871,81.07448735493382
highly crystalline,52.2737608003638,82.71954346757505
highly crystalline,52.305593451568896,84.90021784297149
highly crystalline,52.33742610277399,90.69103359448731
highly crystalline,52.36925875397908,90.04185466167077
highly crystalline,52.401091405184175,82.16043704046086
highly crystalline,52.43292405638927,84.98099551306204
highly crystalline,52.46475670759436,89.16423988060174
highly crystalline,52.496589358799454,84.7669341129749
highly crystalline,52.52842201000455,84.07635300643999
highly crystalline,52.56025466120964,84.96975208126804
highly crystalline,52.59208731241473,86.23809942944328
highly crystalline,52.62391996361983,86.88551248674047
highly crystalline,52.65575261482492,84.52025835500332
highly crystalline,52.68758526603001,82.34716144992338
highly crystalline,52.719417917235106,88.42055579083362
highly crystalline,52.7512505684402,82.62484036791528
highly crystalline,52.78308321964529,88.48745234983362
highly crystalline,52.814915870850385,85.06291871023689
highly crystalline,52.84674852205548,86.20195530360638
highly crystalline,52.87858117326057,83.81858856922169
highly crystalline,52.910413824465664,97.88921013849057
highly crystalline,52.94224647567076,81.61960140518774
highly crystalline,52.97407912687585,84.1691122397147
highly crystalline,53.00591177808094,86.50568903799237
highly crystalline,53.037744429286036,83.71961810215497
highly crystalline,53.06957708049113,85.93641427306116
highly crystalline,53.10140973169622,87.19009815619
highly crystalline,53.133242382901315,83.75599024408297
highly crystalline,53.16507503410641,80.64577788025991
highly crystalline,53.1969076853115,87.18133077207465
highly crystalline,53.228740336516594,85.77302823274695
highly crystalline,53.260572987721694,91.21694270866486
highly crystalline,53.29240563892679,84.1219694792494
highly crystalline,53.32423829013188,82.75221106345488
highly crystalline,53.356070941336974,87.7102195767299
highly crystalline,53.38790359254207,87.53548602385754
highly crystalline,53.41973624374716,82.68253521918298
highly crystalline,53.45156889495225,84.77593430949747
highly crystalline,53.483401546157346,87.43169945353944
highly crystalline,53.51523419736244,85.25246622004512
highly crystalline,53.54706684856753,91.16552152215188
highly crystalline,53.578899499772625,93.10596827182704
highly crystalline,53.61073215097772,85.8299626172479
highly crystalline,53.64256480218281,84.36303925687241
highly crystalline,53.674397453387904,87.20951067362127
highly crystalline,53.706230104593,86.61197808651515
highly crystalline,53.73806275579809,86.78441820780915
highly crystalline,53.76989540700318,85.04423096888806
highly crystalline,53.801728058208276,83.12740743879887
highly crystalline,53.83356070941337,84.67339727829884
highly crystalline,53.86539336061846,80.78337554537514
highly crystalline,53.897226011823555,86.23727698356113
highly crystalline,53.92905866302865,84.21703218356755
highly crystalline,53.96089131423374,83.73219001832533
highly crystalline,53.992723965438834,88.54755516942578
highly crystalline,54.02455661664393,85.08352658377211
highly crystalline,54.05638926784902,82.9730838303702
highly crystalline,54.088221919054114,91.79304834453743
highly crystalline,54.12005457025921,84.57713434189348
highly crystalline,54.1518872214643,84.6666910774482
highly crystalline,54.18371987266939,82.78420435723582
highly crystalline,54.215552523874486,86.41565471104569
highly crystalline,54.24738517507958,86.43828787399617
highly crystalline,54.27921782628467,86.38839491183472
highly crystalline,54.311050477489765,83.8995662351002
highly crystalline,54.34288312869486,81.54779100169179
highly crystalline,54.37471577989995,86.08987776351343
highly crystalline,54.406548431105044,82.82804721891881
highly crystalline,54.43838108231014,84.49009230411548
highly crystalline,54.47021373351523,89.47100817434597
highly crystalline,54.50204638472032,86.50303325823944
highly crystalline,54.53387903592542,91.4920002774333
highly crystalline,54.565711687130516,83.82198260935992
highly crystalline,54.59754433833561,84.0290503411489
highly crystalline,54.6293769895407,85.55700547132768
highly crystalline,54.661209640745795,84.67346726667584
highly crystalline,54.69304229195089,93.91499280382307
highly crystalline,54.72487494315598,84.61994381194134
highly crystalline,54.756707594361075,86.36017046487912
highly crystalline,54.78854024556617,88.40823235560619
highly crystalline,54.82037289677126,89.4879424603638
highly crystalline,54.852205547976354,88.66302275182936
highly crystalline,54.88403819918145,88.75858800977454
highly crystalline,54.91587085038654,89.22915890987407
highly crystalline,54.94770350159163,83.58286885739624
highly crystalline,54.979536152796726,81.05955307205
highly crystalline,55.01136880400182,87.925297371288
highly crystalline,55.04320145520691,86.40045477428771
highly crystalline,55.075034106412005,89.38578256721877
highly crystalline,55.1068667576171,81.24589296532622
highly crystalline,55.13869940882219,84.05730858381195
highly crystalline,55.170532060027284,81.81393278186187
highly crystalline,55.20236471123238,80.1344588893929
highly crystalline,55.23419736243747,82.7746933563848
highly crystalline,55.26603001364256,85.14455428550818
highly crystalline,55.297862664847656,85.1939359925103
highly crystalline,55.32969531605275,84.41949370385124
highly crystalline,55.36152796725784,88.79097121787818
highly crystalline,55.393360618462935,83.06417962031598
highly crystalline,55.42519326966803,84.43409284036174
highly crystalline,55.45702592087312,83.56844056368884
highly crystalline,55.488858572078215,80.9714935646057
highly crystalline,55.52069122328331,84.8178072860417
highly crystalline,55.5525238744884,84.44176723233423
highly crystalline,55.584356525693494,86.02564986684257
highly crystalline,55.61618917689859,85.00644479809296
highly crystalline,55.64802182810368,82.49491554556062
highly crystalline,55.67985447930877,80.43655522277626
highly crystalline,55.711687130513866,86.10932223671
highly crystalline,55.74351978171896,90.39582279135382
highly crystalline,55.77535243292406,84.02786774358454
highly crystalline,55.80718508412915,88.13265926385493
highly crystalline,55.839017735334245,90.94148161290835
highly crystalline,55.87085038653934,83.54999268669097
highly crystalline,55.90268303774443,86.76132875704226
highly crystalline,55.934515688949524,83.1198833749471
highly crystalline,55.96634834015462,86.52913715487554
highly crystalline,55.99818099135971,86.78619297276116
highly crystalline,56.0300136425648,85.37903256532238
highly crystalline,56.0618462937699,79.56833985288158
highly crystalline,56.09367894497499,82.39459600586424
highly crystalline,56.12551159618008,85.44851007788701
highly crystalline,56.157344247385176,85.90203975065926
highly crystalline,56.18917689859027,81.79899524529226
highly crystalline,56.22100954979536,85.03685317944377
highly crystalline,56.252842201000455,86.80912222116588
highly crystalline,56.28467485220555,82.15246757784854
highly crystalline,56.31650750341064,85.62026567963913
highly crystalline,56.348340154615734,85.62236075419418
highly crystalline,56.38017280582083,83.4545255036704
highly crystalline,56.41200545702592,85.62580547584635
highly crystalline,56.44383810823101,86.61754590838224
highly crystalline,56.475670759436106,84.10574224004019
highly crystalline,56.5075034106412,84.83763468018243
highly crystalline,56.53933606184629,90.21709711115031
highly crystalline,56.571168713051385,81.74527961596539
highly crystalline,56.60300136425648,80.87932690739403
highly crystalline,56.63483401546157,83.84614215073384
highly crystalline,56.666666666666664,85.66297136660008
highly crystalline,56.69849931787176,78.36259075846749
highly crystalline,56.73033196907685,83.9781922368533
highly crystalline,56.76216462028194,89.23400737181478
highly crystalline,56.79399727148704,83.24222186175186
highly crystalline,56.82582992269213,80.52289267866907
highly crystalline,56.85766257389722,89.76181450176492
highly crystalline,56.889495225102316,90.59653010515734
highly crystalline,56.92132787630741,93.07753889684335
highly crystalline,56.9531605275125,85.9336630963857
highly crystalline,56.984993178717595,81.34132471278937
highly crystalline,57.016825829922695,88.5861862336572
highly crystalline,57.04865848112779,83.70906202451862
highly crystalline,57.08049113233288,79.66999975417224
highly crystalline,57.112323783537974,87.15461766696143
highly crystalline,57.14415643474307,86.03988716938423
highly crystalline,57.17598908594816,86.34856340646962
highly crystalline,57.20782173715325,84.50428068528693
highly crystalline,57.239654388358346,79.81976513216301
highly crystalline,57.27148703956344,86.96082134628281
highly crystalline,57.30331969076853,82.0142498625742
highly crystalline,57.335152341973625,84.03680792213687
highly crystalline,57.36698499317872,82.99121868341436
highly crystalline,57.39881764438381,89.71724183191063
highly crystalline,57.430650295588904,86.58828269832914
highly crystalline,57.462482946794,83.49119811845512
highly crystalline,57.49431559799909,85.25506758918715
highly crystalline,57.526148249204184,82.00218994132007
highly crystalline,57.55798090040928,85.18219959505355
highly crystalline,57.58981355161437,78.99418695397452
highly crystalline,57.62164620281946,88.94003040596046
highly crystalline,57.653478854024556,82.84297489399673
highly crystalline,57.68531150522965,87.61714258151154
highly crystalline,57.71714415643474,84.20352615343606
highly crystalline,57.748976807639835,86.04941190498192
highly crystalline,57.78080945884493,84.39741624858655
highly crystalline,57.81264211005002,87.33107395586538
highly crystalline,57.844474761255114,83.1370798626225
highly crystalline,57.87630741246021,86.67607172495217
highly crystalline,57.9081400636653,83.60114513758536
highly crystalline,57.93997271487039,86.98003450226223
highly crystalline,57.971805366075486,84.18122812397337
highly crystalline,58.00363801728058,87.76990997542106
highly crystalline,58.03547066848567,82.58923645305953
highly crystalline,58.067303319690765,86.00324946132962
highly crystalline,58.09913597089586,82.06535172914933
highly crystalline,58.13096862210095,82.87008924981068
highly crystalline,58.162801273306044,79.41843999379591
highly crystalline,58.19463392451114,84.4286712591487
highly crystalline,58.22646657571623,85.69076305678941
highly crystalline,58.258299226921324,80.77509817858855
highly crystalline,58.290131878126424,85.11342903373593
highly crystalline,58.32196452933152,85.82182897727785
highly crystalline,58.35379718053661,84.53096753957956
highly crystalline,58.3856298317417,83.19229688772144
highly crystalline,58.417462482946796,79.71453576218715
highly crystalline,58.44929513415189,81.52863093540158
highly crystalline,58.48112778535698,81.56846157124824
highly crystalline,58.512960436562075,81.08781576621799
highly crystalline,58.54479308776717,87.38707266855403
highly crystalline,58.57662573897226,85.8715912469979
highly crystalline,58.608458390177354,87.74011169190605
highly crystalline,58.64029104138245,79.85161769013432
highly crystalline,58.67212369258754,91.70784894709944
highly crystalline,58.70395634379263,82.44734977645452
highly crystalline,58.735788994997726,82.3051514582907
highly crystalline,58.76762164620282,82.7449121745981
highly crystalline,58.79945429740791,90.06855530209506
highly crystalline,58.831286948613005,84.6631303393853
highly crystalline,58.8631195998181,84.93696382787672
highly crystalline,58.89495225102319,86.0896620505391
highly crystalline,58.926784902228285,85.5887356032812
highly crystalline,58.95861755343338,87.96360664377148
highly crystalline,58.99045020463847,84.86108468247846
highly crystalline,59.022282855843564,83.99918525673486
highly crystalline,59.05411550704866,84.79190433101961
highly crystalline,59.08594815825375,83.35135335451842
highly crystalline,59.11778080945884,81.65835283139778
highly crystalline,59.149613460663936,85.10856652016989
highly crystalline,59.18144611186903,89.69853682780082
highly crystalline,59.21327876307412,80.90842028441668
highly crystalline,59.245111414279215,86.25196875523442
highly crystalline,59.27694406548431,84.69300774273043
highly crystalline,59.3087767166894,87.80156363396175
highly crystalline,59.340609367894494,86.06855164822413
highly crystalline,59.37244201909959,87.37479432651165
highly crystalline,59.40427467030468,87.07762023414006
highly crystalline,59.43610732150977,81.57440698452572
highly crystalline,59.467939972714866,82.59544577207362
highly crystalline,59.49977262391996,85.83674772430618
highly crystalline,59.53160527512506,85.03368425122194
highly crystalline,59.56343792633015,82.18501560916633
highly crystalline,59.595270577535246,84.57091725789144
highly crystalline,59.62710322874034,83.7527998653227
highly crystalline,59.65893587994543,89.1006269429521
highly crystalline,59.690768531150525,84.92661789348354
highly crystalline,59.72260118235562,83.7685944762997
highly crystalline,59.75443383356071,84.9630575570206
highly crystalline,59.786266484765804,84.85436586766502
highly crystalline,59.8180991359709,88.01150745460623
highly crystalline,59.84993178717599,83.92383735681118
highly crystalline,59.88176443838108,79.48194526418156
highly crystalline,59.913597089586176,84.96129759602634
highly crystalline,59.94542974079127,86.1294048831035
highly crystalline,59.97726239199636,80.27786377370772
highly crystalline,60.009095043201455,83.50450973943107
highly crystalline,60.04092769440655,84.03875353224852
highly crystalline,60.07276034561164,81.16991602646016
highly crystalline,60.104592996816734,81.55046583671401
highly crystalline,60.13642564802183,86.11688825401626
highly crystalline,60.16825829922692,83.77600227685083
highly crystalline,60.20009095043201,88.30834664762101
highly crystalline,60.23192360163711,83.86995183979018
highly crystalline,60.2637562528422,84.37590395793282
highly crystalline,60.29558890404729,84.25630769573871
highly crystalline,60.327421555252386,82.8301345125164
highly crystalline,60.35925420645748,87.13345719614138
highly crystalline,60.39108685766257,82.1634131441087
highly crystalline,60.422919508867665,84.61222902894984
highly crystalline,60.45475216007276,89.2787761350661
highly crystalline,60.48658481127785,87.4079040693691
highly crystalline,60.518417462482944,84.99528403359022
highly crystalline,60.55025011368804,75.13167077982293
highly crystalline,60.58208276489313,82.14771716348585
highly crystalline,60.61391541609822,86.70936138534488
highly crystalline,60.645748067303316,85.14726407201488
highly crystalline,60.67758071850841,80.61407614693918
highly crystalline,60.7094133697135,88.02477379305395
highly crystalline,60.741246020918595,82.66335058114757
highly crystalline,60.77307867212369,88.71868652694016
highly crystalline,60.80491132332879,82.29823267778396
highly crystalline,60.83674397453388,81.39065886074764
highly crystalline,60.868576625738974,88.18424468768006
highly crystalline,60.90040927694407,85.80058164282735
highly crystalline,60.93224192814916,82.81296442301601
highly crystalline,60.964074579354254,83.35732823635198
highly crystalline,60.99590723055935,86.16978359518447
highly crystalline,61.02773988176444,80.90679107019268
highly crystalline,61.05957253296953,84.92260654921607
highly crystalline,61.091405184174626,94.87505298934913
highly crystalline,61.12323783537972,85.49736841961462
highly crystalline,61.15507048658481,80.7722443859028
highly crystalline,61.186903137789905,80.4532285033941
highly crystalline,61.218735788995,78.88298657605121
highly crystalline,61.25056844020009,82.34969610537757
highly crystalline,61.282401091405184,84.82321938343613
highly crystalline,61.31423374261028,80.56296148155138
highly crystalline,61.34606639381537,88.74212522065709
highly crystalline,61.37789904502046,87.07816773172193
highly crystalline,61.409731696225556,82.67035401998396
highly crystalline,61.44156434743065,87.446000566025
highly crystalline,61.47339699863574,84.94364508674573
highly crystalline,61.505229649840835,81.7443991028018
highly crystalline,61.53706230104593,87.47061493704992
highly crystalline,61.56889495225102,85.348364658179
highly crystalline,61.600727603456114,86.63740093716443
highly crystalline,61.63256025466121,80.66780919390634
highly crystalline,61.6643929058663,89.56525140760773
highly crystalline,61.69622555707139,79.98319147793181
highly crystalline,61.72805820827649,85.25370053276872
highly crystalline,61.75989085948158,85.92107282958996
highly crystalline,61.79172351068667,80.89428904358324
highly crystalline,61.823556161891766,88.53044183048861
highly crystalline,61.85538881309686,88.31901796860822
highly crystalline,61.88722146430195,85.88094003888266
highly crystalline,61.919054115507045,84.53936648331369
highly crystalline,61.95088676671214,82.07692282526118
highly crystalline,61.98271941791723,84.28237392898035
highly crystalline,62.014552069122324,86.14877170116706
highly crystalline,62.046384720327424,89.4622459395257
highly crystalline,62.07821737153252,86.081920295843
highly crystalline,62.11005002273761,89.66578413475773
highly crystalline,62.1418826739427,72.40413412839985
highly crystalline,62.173715325147796,83.7642271476513
highly crystalline,62.20554797635289,84.36609895554689
highly crystalline,62.23738062755798,84.57430018648897
highly crystalline,62.269213278763075,82.97679068650952
highly crystalline,62.30104592996817,84.96983951311631
highly crystalline,62.33287858117326,78.08835574856698
highly crystalline,62.364711232378355,89.56183833079994
highly crystalline,62.39654388358345,86.77562913913448
highly crystalline,62.42837653478854,88.39714594690511
highly crystalline,62.460209185993634,83.1976650643998
highly crystalline,62.49204183719873,90.18009421898456
highly crystalline,62.52387448840382,83.00184451647638
highly crystalline,62.55570713960891,83.5932813537357
highly crystalline,62.587539790814006,81.25699649049207
highly crystalline,62.6193724420191,81.10949837316397
highly crystalline,62.65120509322419,86.05508801447317
highly crystalline,62.683037744429285,87.8072463225379
highly crystalline,62.71487039563438,81.2955980253613
highly crystalline,62.74670304683947,83.81566810337252
highly crystalline,62.778535698044564,78.3840194644724
highly crystalline,62.81036834924966,85.17590516058625
highly crystalline,62.84220100045475,79.82715086970894
highly crystalline,62.87403365165984,77.88881084882635
highly crystalline,62.905866302864936,80.5153391596832
highly crystalline,62.93769895407003,82.44216497997644
highly crystalline,62.96953160527512,83.61255803397891
highly crystalline,63.001364256480215,84.97620013990353
highly crystalline,63.03319690768531,83.18893070601602
highly crystalline,63.0650295588904,81.73217496593529
highly crystalline,63.096862210095495,82.70777740320621
highly crystalline,63.12869486130059,80.41562142571048
highly crystalline,63.16052751250568,85.64825511532568
highly crystalline,63.192360163710774,81.40633257707412
highly crystalline,63.22419281491587,80.22773871641311
highly crystalline,63.25602546612096,83.76250723758126
highly crystalline,63.28785811732606,86.66676113900456
highly crystalline,63.31969076853115,80.18922543779371
highly crystalline,63.351523419736246,77.7060470326067
highly crystalline,63.38335607094134,79.95214698479013
highly crystalline,63.41518872214643,78.64281401719128
highly crystalline,63.447021373351525,79.25209208205766
highly crystalline,63.47885402455662,85.26994293091312
highly crystalline,63.51068667576171,84.40990010914864
highly crystalline,63.542519326966804,86.55670692147334
highly crystalline,63.5743519781719,83.37230815114275
highly crystalline,63.60618462937699,85.48779339805394
highly crystalline,63.63801728058208,84.50195970845479
highly crystalline,63.669849931787176,87.1861334461765
highly crystalline,63.70168258299227,87.09511208673838
highly crystalline,63.73351523419736,86.99008188351554
highly crystalline,63.765347885402456,84.58851258889582
highly crystalline,63.79718053660755,85.05459485599462
highly crystalline,63.82901318781264,80.98743736432128
highly crystalline,63.860845839017735,81.78227615586671
highly crystalline,63.89267849022283,81.81351852624132
highly crystalline,63.92451114142792,82.3040351999371
highly crystalline,63.956343792633014,86.09058780556333
highly crystalline,63.98817644383811,86.60861846829064
highly crystalline,64.0200090950432,87.79140615292864
highly crystalline,64.0518417462483,79.82873692583826
highly crystalline,64.0836743974534,85.80250346367531
highly crystalline,64.11550704865849,89.75772537231693
highly crystalline,64.14733969986358,90.46470257562737
highly crystalline,64.17917235106867,93.64276538971285
highly crystalline,64.21100500227377,94.64536033213837
highly crystalline,64.24283765347886,95.0813503820946
highly crystalline,64.27467030468395,105.13595867199538
highly crystalline,64.30650295588904,111.22526358704738
highly crystalline,64.33833560709414,123.81907666575503
highly crystalline,64.37016825829923,130.23425664340482
highly crystalline,64.40200090950432,156.4438143545257
highly crystalline,64.43383356070942,178.41353769976942
highly crystalline,64.46566621191451,193.52027042446383
highly crystalline,64.4974988631196,224.8387605528263
highly crystalline,64.5293315143247,255.68703014820227
highly crystalline,64.56116416552979,284.5285946966275
highly crystalline,64.59299681673488,319.51728566464783
highly crystalline,64.62482946793997,347.03934402291156
highly crystalline,64.65666211914507,375.48581689239376
highly crystalline,64.68849477035016,398.1767558608718
highly crystalline,64.72032742155525,424.879049915549
highly crystalline,64.75216007276035,433.3269335233163
highly crystalline,64.78399272396544,440.7461790220008
highly crystalline,64.81582537517053,441.1809887154876
highly crystalline,64.84765802637563,429.64459566803947
highly crystalline,64.87949067758072,422.6844936376454
highly crystalline,64.91132332878581,395.6073507280121
highly crystalline,64.9431559799909,376.30414432457343
highly crystalline,64.974988631196,346.75713811414397
highly crystalline,65.00682128240109,312.3373121092603
highly crystalline,65.03865393360618,277.7294995093186
highly crystalline,65.07048658481128,257.6534738530128
highly crystalline,65.10231923601637,225.9497420811866
highly crystalline,65.13415188722146,191.41375651394696
highly crystalline,65.16598453842656,176.50731531339946
highly crystalline,65.19781718963165,152.82209291016545
highly crystalline,65.22964984083674,137.04348047684414
highly crystalline,65.26148249204184,125.06266044386977
highly crystalline,65.29331514324693,111.4571373070901
highly crystalline,65.32514779445202,103.04726039599207
highly crystalline,65.35698044565711,99.42069318367729
highly crystalline,65.38881309686221,96.4230406381768
highly crystalline,65.4206457480673,95.61762464924517
highly crystalline,65.4524783992724,85.5832874737089
highly crystalline,65.48431105047749,82.18951330714727
highly crystalline,65.51614370168258,85.81975422314096
highly crystalline,65.54797635288767,81.1279419263219
highly crystalline,65.57980900409277,88.22057409752584
highly crystalline,65.61164165529786,88.8122492360808
highly crystalline,65.64347430650295,87.59556277142126
highly crystalline,65.67530695770805,86.65630860049568
highly crystalline,65.70713960891314,82.76398758123399
highly crystalline,65.73897226011823,85.50068724096525
highly crystalline,65.77080491132332,86.18858544410432
highly crystalline,65.80263756252842,83.39893268566524
highly crystalline,65.83447021373351,84.01546122734169
highly crystalline,65.8663028649386,79.69287689839177
highly crystalline,65.8981355161437,82.66053725025914
highly crystalline,65.92996816734879,82.74131619602717
highly crystalline,65.96180081855388,77.75303793115991
highly crystalline,65.99363346975898,82.49853747577649
highly crystalline,66.02546612096407,85.87278672192163
highly crystalline,66.05729877216916,86.19549273968269
highly crystalline,66.08913142337425,79.88341778577157
highly crystalline,66.12096407457935,88.10080341976904
highly crystalline,66.15279672578444,82.23393517186402
highly crystalline,66.18462937698953,79.62540618311209
highly crystalline,66.21646202819463,86.34747236262592
highly crystalline,66.24829467939972,82.01285534248096
highly crystalline,66.28012733060481,90.62649771687661
highly crystalline,66.3119599818099,84.09340912385785
highly crystalline,66.343792633015,80.24387541752641
highly crystalline,66.37562528422009,82.9824231342899
highly crystalline,66.40745793542519,82.287999392052
highly crystalline,66.43929058663028,82.81712745382325
highly crystalline,66.47112323783537,84.94669218191035
highly crystalline,66.50295588904046,79.12645143681202
highly crystalline,66.53478854024556,86.39791606877505
highly crystalline,66.56662119145065,79.65134894149641
highly crystalline,66.59845384265574,82.14033839655747
highly crystalline,66.63028649386084,82.17498869348914
highly crystalline,66.66211914506593,85.15237180763415
highly crystalline,66.69395179627102,84.04225559422801
highly crystalline,66.72578444747612,91.78460463560378
highly crystalline,66.75761709868121,86.32192815423218
highly crystalline,66.7894497498863,76.53193985045779
highly crystalline,66.8212824010914,87.14849489122574
highly crystalline,66.85311505229649,82.49663227587783
highly crystalline,66.88494770350158,79.85756874491132
highly crystalline,66.91678035470667,79.62824516589981
highly crystalline,66.94861300591177,85.57886613144993
highly crystalline,66.98044565711686,83.52089765256265
highly crystalline,67.01227830832195,84.11027392648379
highly crystalline,67.04411095952706,82.72234706122244
highly crystalline,67.07594361073215,78.26117493176376
highly crystalline,67.10777626193725,87.67166328091893
highly crystalline,67.13960891314234,80.56654224175614
highly crystalline,67.17144156434743,85.88030048284142
highly crystalline,67.20327421555253,81.9251385978745
highly crystalline,67.23510686675762,80.78720005847704
highly crystalline,67.26693951796271,83.06114133037062
highly crystalline,67.2987721691678,78.82145166221137
highly crystalline,67.3306048203729,82.58752469678895
highly crystalline,67.36243747157799,83.63282483022915
highly crystalline,67.39427012278308,82.0834338488829
highly crystalline,67.42610277398818,82.1023331463583
highly crystalline,67.45793542519327,83.45862267841055
highly crystalline,67.48976807639836,86.38574857265874
highly crystalline,67.52160072760346,83.20847564285032
highly crystalline,67.55343337880855,82.20778080323721
highly crystalline,67.58526603001364,80.88744475468003
highly crystalline,67.61709868121874,83.26889550134234
highly crystalline,67.64893133242383,83.41294528645506
highly crystalline,67.68076398362892,85.97406112409709
highly crystalline,67.71259663483401,89.93453923398827
highly crystalline,67.74442928603911,76.93128315402276
highly crystalline,67.7762619372442,83.27674561293934
highly crystalline,67.8080945884493,86.2592441133028
highly crystalline,67.83992723965439,81.23580327092512
highly crystalline,67.87175989085948,86.56822487745048
highly crystalline,67.90359254206457,80.37895565740025
highly crystalline,67.93542519326967,84.49476380833164
highly crystalline,67.96725784447476,82.43346363196046
highly crystalline,67.99909049567985,84.96851159333207
highly crystalline,68.03092314688494,82.8425410662566
highly crystalline,68.06275579809004,86.30714379717774
highly crystalline,68.09458844929513,81.30927932959538
highly crystalline,68.12642110050022,87.37485755104542
highly crystalline,68.15825375170532,82.13610220852502
highly crystalline,68.19008640291041,83.26610727956461
highly crystalline,68.2219190541155,76.87419718408199
highly crystalline,68.2537517053206,84.07611137775012
highly crystalline,68.28558435652569,81.72300437710551
highly crystalline,68.3174170077308,89.4457581062361
highly crystalline,68.34924965893589,78.1190257208621
highly crystalline,68.38108231014098,80.44684853599504
highly crystalline,68.41291496134608,83.21690355523396
highly crystalline,68.44474761255117,84.78578303484286
highly crystalline,68.47658026375626,80.7474718076942
highly crystalline,68.50841291496135,78.32261587332746
highly crystalline,68.54024556616645,80.7429183644302
highly crystalline,68.57207821737154,81.61327232092127
highly crystalline,68.60391086857663,81.16187867954461
highly crystalline,68.63574351978173,87.29806752053373
highly crystalline,68.66757617098682,87.17219753688973
highly crystalline,68.69940882219191,81.77501985582983
highly crystalline,68.731241473397,79.59918402415198
highly crystalline,68.7630741246021,78.46749234607532
highly crystalline,68.79490677580719,81.1966266746821
highly crystalline,68.82673942701228,83.27225166000675
highly crystalline,68.85857207821738,81.84258269648558
highly crystalline,68.89040472942247,82.9203240556795
highly crystalline,68.92223738062756,85.47464364301099
highly crystalline,68.95407003183266,79.19569794937328
highly crystalline,68.98590268303775,85.37037512362157
highly crystalline,69.01773533424284,81.80201623244385
highly crystalline,69.04956798544794,83.92386823095688
highly crystalline,69.08140063665303,87.15479230103273
highly crystalline,69.11323328785812,86.00993636996509
highly crystalline,69.14506593906322,82.4412277296365
highly crystalline,69.17689859026831,82.99522999573149
highly crystalline,69.2087312414734,83.6983073670775
highly crystalline,69.2405638926785,86.45926380284135
highly crystalline,69.27239654388359,84.83732853059541
highly crystalline,69.30422919508868,87.69207331531472
highly crystalline,69.33606184629377,79.6659956204072
highly crystalline,69.36789449749887,86.20432207228546
highly crystalline,69.39972714870396,78.76341375423921
highly crystalline,69.43155979990905,81.75142940470994
highly crystalline,69.46339245111415,82.04823970688459
highly crystalline,69.49522510231924,81.3314461408915
highly crystalline,69.52705775352433,85.75634072535568
highly crystalline,69.55889040472942,81.75540352454367
highly crystalline,69.59072305593452,83.45991968318806
highly crystalline,69.62255570713961,81.83289497025947
highly crystalline,69.6543883583447,84.66667629618054
highly crystalline,69.6862210095498,88.1868021231582
highly crystalline,69.71805366075489,84.61097764015273
highly crystalline,69.74988631195998,86.76852647059711
highly crystalline,69.78171896316508,84.81821973717635
highly crystalline,69.81355161437017,83.46110413740989
highly crystalline,69.84538426557526,89.14352477750668
highly crystalline,69.87721691678036,84.2096540366471
highly crystalline,69.90904956798545,90.69445267062326
highly crystalline,69.94088221919054,84.27110177401454
highly crystalline,69.97271487039563,81.58919062444352
highly crystalline,70.00454752160073,90.0662054975999
highly crystalline,70.03638017280582,81.79591984113588
highly crystalline,70.06821282401091,80.93597940900685
highly crystalline,70.100045475216,83.04945347134392
highly crystalline,70.1318781264211,80.84847441233678
highly crystalline,70.16371077762619,80.63901493067452
highly crystalline,70.19554342883129,85.35431840126334
highly crystalline,70.22737608003638,83.54676413234698
highly crystalline,70.25920873124147,89.37771676253854
highly crystalline,70.29104138244656,85.5335485873245
highly crystalline,70.32287403365166,85.47520148169687
highly crystalline,70.35470668485675,84.92628786737917
highly crystalline,70.38653933606184,83.9399771919055
highly crystalline,70.41837198726694,84.28775517679098
highly crystalline,70.45020463847203,86.63979484076772
highly crystalline,70.48203728967712,80.71940765751094
highly crystalline,70.51386994088222,84.82182871014922
highly crystalline,70.54570259208731,81.3093801523603
highly crystalline,70.5775352432924,83.4325072789508
highly crystalline,70.6093678944975,88.8238368570509
highly crystalline,70.64120054570259,85.06009418236451
highly crystalline,70.67303319690768,85.2333031790422
highly crystalline,70.70486584811277,84.6369351781012
highly crystalline,70.73669849931787,86.57600256250286
highly crystalline,70.76853115052296,81.43323779107803
highly crystalline,70.80036380172805,89.92970960567177
highly crystalline,70.83219645293315,86.60343149889238
highly crystalline,70.86402910413824,81.32056100902037
highly crystalline,70.89586175534333,83.26665202999031
highly crystalline,70.92769440654843,84.00950468766483
highly crystalline,70.95952705775352,86.00122727585186
highly crystalline,70.99135970895861,83.56179767912222
highly crystalline,71.0231923601637,85.96710248932933
highly crystalline,71.0550250113688,79.91540227618512
highly crystalline,71.08685766257389,81.47022015279988
highly crystalline,71.11869031377898,75.65539189097977
highly crystalline,71.15052296498408,80.48045330598225
highly crystalline,71.18235561618917,76.54460203709276
highly crystalline,71.21418826739426,82.4450897517077
highly crystalline,71.24602091859936,87.45685287418037
highly crystalline,71.27785356980445,81.3164440856276
highly crystalline,71.30968622100954,83.43838632525127
highly crystalline,71.34151887221464,85.10325753729877
highly crystalline,71.37335152341973,79.7482175732349
highly crystalline,71.40518417462482,84.68539205394207
highly crystalline,71.43701682582991,82.64292287721378
highly crystalline,71.46884947703501,85.65276496140535
highly crystalline,71.5006821282401,83.15461590307757
highly crystalline,71.5325147794452,87.48316826867006
highly crystalline,71.56434743065029,82.06078500435117
highly crystalline,71.59618008185538,82.58905632903638
highly crystalline,71.62801273306047,80.8519783933622
highly crystalline,71.65984538426557,77.08793555275044
highly crystalline,71.69167803547066,86.17987948050484
highly crystalline,71.72351068667575,82.97552722750243
highly crystalline,71.75534333788084,82.89608876370423
highly crystalline,71.78717598908594,81.12969142440555
highly crystalline,71.81900864029103,80.71455869625375
highly crystalline,71.85084129149612,82.02481412572568
highly crystalline,71.88267394270122,84.53323934194871
highly crystalline,71.91450659390631,82.97677003989045
highly crystalline,71.9463392451114,85.3383893595635
highly crystalline,71.9781718963165,81.68721284672137
highly crystalline,72.01000454752159,76.31325119894954
highly crystalline,72.04183719872668,85.05889848562293
highly crystalline,72.07366984993179,86.09910847349258
highly crystalline,72.10550250113688,75.37784485093579
highly crystalline,72.13733515234198,79.01697013296632
highly crystalline,72.16916780354707,82.29774474144774
highly crystalline,72.20100045475216,84.90943503943042
highly crystalline,72.23283310595725,82.53762444974534
highly crystalline,72.26466575716235,84.73705084262282
highly crystalline,72.29649840836744,82.64832515653131
highly crystalline,72.32833105957253,83.48977979505558
highly crystalline,72.36016371077763,80.84015263422602
highly crystalline,72.39199636198272,80.94912606420549
highly crystalline,72.42382901318781,81.43174265813066
highly crystalline,72.4556616643929,81.7564372415449
highly crystalline,72.487494315598,84.064622852473
highly crystalline,72.51932696680309,83.42590385088972
highly crystalline,72.55115961800819,81.52825578000464
highly crystalline,72.58299226921328,86.45159013613329
highly crystalline,72.61482492041837,83.36028522049713
highly crystalline,72.64665757162346,84.92762594379349
highly crystalline,72.67849022282856,83.18932664868014
highly crystalline,72.71032287403365,83.95203532516432
highly crystalline,72.74215552523874,81.71666094407654
highly crystalline,72.77398817644384,86.59925044839386
highly crystalline,72.80582082764893,81.27777892366963
highly crystalline,72.83765347885402,83.12201981516819
highly crystalline,72.86948613005912,81.59083631073875
highly crystalline,72.90131878126421,82.57642237727892
highly crystalline,72.9331514324693,90.41850144988551
highly crystalline,72.9649840836744,85.54336045203547
highly crystalline,72.99681673487949,80.8350658145749
highly crystalline,73.02864938608458,80.92660785900048
highly crystalline,73.06048203728967,85.0762866535782
highly crystalline,73.09231468849477,81.75530468955674
highly crystalline,73.12414733969986,80.39400759922373
highly crystalline,73.15597999090495,84.12875434604905
highly crystalline,73.18781264211005,82.89209504362049
highly crystalline,73.21964529331514,81.93868969272017
highly crystalline,73.25147794452023,84.50688572614014
highly crystalline,73.28331059572533,87.43692541338984
highly crystalline,73.31514324693043,82.26042656490183
highly crystalline,73.34697589813553,86.93479453774002
highly crystalline,73.37880854934062,79.87007414143137
highly crystalline,73.41064120054571,82.41383476159399
highly crystalline,73.4424738517508,82.25622833954002
highly crystalline,73.4743065029559,87.44910428502361
highly crystalline,73.50613915416099,87.06598136233188
highly crystalline,73.53797180536608,79.42563985643791
highly crystalline,73.56980445657118,84.64534421499911
highly crystalline,73.60163710777627,86.99427470108486
highly crystalline,73.63346975898136,81.53523196397528
highly crystalline,73.66530241018646,81.93260688283941
highly crystalline,73.69713506139155,87.10196891139718
highly crystalline,73.72896771259664,84.76365535082851
highly crystalline,73.76080036380174,85.7380754550878
highly crystalline,73.79263301500683,84.37442825520412
highly crystalline,73.82446566621192,90.03090319260866
highly crystalline,73.85629831741701,79.30873170993637
highly crystalline,73.88813096862211,85.03340087820504
highly crystalline,73.9199636198272,82.68987332748414
highly crystalline,73.9517962710323,80.45679296065268
highly crystalline,73.98362892223739,85.99760461614976
highly crystalline,74.01546157344248,80.98706420231149
highly crystalline,74.04729422464757,81.69216374247931
highly crystalline,74.07912687585267,83.57511419615079
highly crystalline,74.11095952705776,83.02401728460376
highly crystalline,74.14279217826285,82.50953201281729
highly crystalline,74.17462482946794,81.9911347415549
highly crystalline,74.20645748067304,83.99522794098517
highly crystalline,74.23829013187813,90.34748287006111
highly crystalline,74.27012278308322,84.63134021953063
highly crystalline,74.30195543428832,85.29218892931375
highly crystalline,74.33378808549341,82.64058497351839
highly crystalline,74.3656207366985,81.59384098151554
highly crystalline,74.3974533879036,84.2398927996693
highly crystalline,74.42928603910869,78.08623329316379
highly crystalline,74.46111869031378,83.34831974601772
highly crystalline,74.49295134151888,79.04668588217557
highly crystalline,74.52478399272397,77.5887831902752
highly crystalline,74.55661664392906,88.20208158874195
highly crystalline,74.58844929513415,79.71872778553738
highly crystalline,74.62028194633925,76.91330863883204
highly crystalline,74.65211459754434,82.6096906163604
highly crystalline,74.68394724874943,86.43520211677118
highly crystalline,74.71577989995453,81.32917850573294
highly crystalline,74.74761255115962,85.72023365865324
highly crystalline,74.77944520236471,86.58043739998274
highly crystalline,74.8112778535698,82.98479719205915
highly crystalline,74.8431105047749,87.93246286446913
highly crystalline,74.87494315597999,83.50861022644287
highly crystalline,74.90677580718508,84.98649533701982
highly crystalline,74.93860845839018,80.50077217577223
highly crystalline,74.97044110959527,80.90163587978311
highly crystalline,75.00227376080036,82.82373704582403
highly crystalline,75.03410641200546,82.19094561516937
highly crystalline,75.06593906321055,77.23593875831088
highly crystalline,75.09777171441564,84.17763836018956
highly crystalline,75.12960436562074,84.7205197025732
highly crystalline,75.16143701682583,85.42815675447223
highly crystalline,75.19326966803092,86.18614010519379
highly crystalline,75.22510231923602,81.43813478499234
highly crystalline,75.25693497044111,77.17410764104557
highly crystalline,75.2887676216462,81.7751804039854
highly crystalline,75.3206002728513,85.69311630741238
highly crystalline,75.35243292405639,87.94602413687065
highly crystalline,75.38426557526148,83.64035433121327
highly crystalline,75.41609822646657,83.12760829225549
highly crystalline,75.44793087767167,81.48354521472399
highly crystalline,75.47976352887676,84.46765513318064
highly crystalline,75.51159618008185,81.65335584039457
highly crystalline,75.54342883128695,86.63368765779245
highly crystalline,75.57526148249204,84.05467976764062
highly crystalline,75.60709413369713,85.14613787661047
highly crystalline,75.63892678490222,84.22573345732695
highly crystalline,75.67075943610732,82.05336918792281
highly crystalline,75.70259208731241,83.60048179322473
highly crystalline,75.7344247385175,82.39255479585503
highly crystalline,75.7662573897226,84.14824063035121
highly crystalline,75.79809004092769,83.51430778740826
highly crystalline,75.82992269213278,84.5736320442515
highly crystalline,75.86175534333788,81.16258168295947
highly crystalline,75.89358799454297,80.420893828059
highly crystalline,75.92542064574806,84.29059361788353
highly crystalline,75.95725329695316,86.36343887480845
highly crystalline,75.98908594815825,82.51581543238463
highly crystalline,76.02091859936334,80.3733688126128
highly crystalline,76.05275125056843,82.18521722413436
highly crystalline,76.08458390177353,79.10386900249321
highly crystalline,76.11641655297862,79.10049169121376
highly crystalline,76.14824920418371,78.49649098481902
highly crystalline,76.1800818553888,86.61064455592862
highly crystalline,76.2119145065939,83.86025891718246
highly crystalline,76.24374715779899,81.62477115198529
highly crystalline,76.27557980900409,79.02792174991927
highly crystalline,76.30741246020918,83.09592226729606
highly crystalline,76.33924511141427,85.11754745904413
highly crystalline,76.37107776261936,79.74635092773592
highly crystalline,76.40291041382446,81.07823256767149
highly crystalline,76.43474306502955,80.23319490345193
highly crystalline,76.46657571623466,82.76001789503363
highly crystalline,76.49840836743975,81.13750617420716
highly crystalline,76.53024101864484,82.75785820637395
highly crystalline,76.56207366984994,80.92513726719646
highly crystalline,76.59390632105503,84.30683369038589
highly crystalline,76.62573897226012,83.70540571609945
highly crystalline,76.65757162346522,88.29694787233072
highly crystalline,76.68940427467031,81.35579204991654
highly crystalline,76.7212369258754,85.55734133728224
highly crystalline,76.7530695770805,81.33178711365359
highly crystalline,76.78490222828559,82.5056152867722
highly crystalline,76.81673487949068,80.92266928958452
highly crystalline,76.84856753069577,85.77794872933993
highly crystalline,76.88040018190087,82.04815227492007
highly crystalline,76.91223283310596,81.69569068362571
highly crystalline,76.94406548431105,87.9647927721953
highly crystalline,76.97589813551615,86.52415476105156
highly crystalline,77.00773078672124,86.68703293493137
highly crystalline,77.03956343792633,83.19988671795316
highly crystalline,77.07139608913143,83.71650370567474
highly crystalline,77.10322874033652,80.72231112542568
highly crystalline,77.13506139154161,80.51335057592385
highly crystalline,77.1668940427467,81.36904793010129
highly crystalline,77.1987266939518,88.2588351049828
highly crystalline,77.23055934515689,81.4781876673413
highly crystalline,77.26239199636198,87.23903240348301
highly crystalline,77.29422464756708,79.29797069873669
highly crystalline,77.32605729877217,82.35201887979615
highly crystalline,77.35788994997726,86.73399643250798
highly crystalline,77.38972260118236,81.00618931575023
highly crystalline,77.42155525238745,79.17620737114746
highly crystalline,77.45338790359254,79.63190828539803
highly crystalline,77.48522055479764,80.44953727233947
highly crystalline,77.51705320600273,82.27462734024832
highly crystalline,77.54888585720782,86.66921297488388
highly crystalline,77.58071850841291,79.29699577736493
highly crystalline,77.61255115961801,88.57607329477024
highly crystalline,77.6443838108231,83.98406528071145
highly crystalline,77.6762164620282,81.61647501828412
highly crystalline,77.70804911323329,86.29480710942663
highly crystalline,77.73988176443838,83.02618540361011
highly crystalline,77.77171441564347,84.8170689220893
highly crystalline,77.80354706684857,77.88048203951624
highly crystalline,77.83537971805366,82.42772848802919
highly crystalline,77.86721236925875,80.68144867691329
highly crystalline,77.89904502046384,79.08030083894215
highly crystalline,77.93087767166894,86.3817676734621
highly crystalline,77.96271032287403,84.21142522671911
highly crystalline,77.99454297407912,83.17484405348397
highly crystalline,78.02637562528422,80.51844486162433
highly crystalline,78.05820827648931,83.92917572898229
highly crystalline,78.0900409276944,82.47388267203954
highly crystalline,78.1218735788995,85.75442542208921
highly crystalline,78.15370623010459,85.0989116595979
highly crystalline,78.18553888130968,81.17631294347966
highly crystalline,78.21737153251478,75.64700031687897
highly crystalline,78.24920418371987,83.87662506376005
highly crystalline,78.28103683492496,81.90544183940102
highly crystalline,78.31286948613005,81.96615438052004
highly crystalline,78.34470213733515,84.47416749347536
highly crystalline,78.37653478854024,83.64669101521392
highly crystalline,78.40836743974533,83.68146143870722
highly crystalline,78.44020009095043,81.55049802152311
highly crystalline,78.47203274215552,81.4688885958226
highly crystalline,78.50386539336061,76.56012734610276
highly crystalline,78.5356980445657,86.12074824807074
highly crystalline,78.5675306957708,85.18711101945678
highly crystalline,78.59936334697589,82.29411851522447
highly crystalline,78.63119599818098,82.99790367532589
highly crystalline,78.66302864938608,81.09324614333485
highly crystalline,78.69486130059117,72.82358698520632
highly crystalline,78.72669395179626,82.35556691286659
highly crystalline,78.75852660300136,85.4140137137635
highly crystalline,78.79035925420645,79.31588248001333
highly crystalline,78.82219190541154,80.15638485593648
highly crystalline,78.85402455661664,82.82920538698083
highly crystalline,78.88585720782173,84.55757462947169
highly crystalline,78.91768985902682,87.32628250706624
highly crystalline,78.94952251023192,81.60032628184035
highly crystalline,78.98135516143702,84.24816993491415
highly crystalline,79.01318781264212,88.8997105373447
highly crystalline,79.04502046384721,81.57126571835823
highly crystalline,79.0768531150523,81.50985331194839
highly crystalline,79.1086857662574,82.5891678194534
highly crystalline,79.14051841746249,81.63317167474194
highly crystalline,79.17235106866758,84.91680928524914
highly crystalline,79.20418371987267,81.39764903857684
highly crystalline,79.23601637107777,83.70214824128041
highly crystalline,79.26784902228286,79.62664137178629
highly crystalline,79.29968167348795,80.08523448755815
highly crystalline,79.33151432469305,85.5302403197969
highly crystalline,79.36334697589814,82.60717845036812
highly crystalline,79.39517962710323,81.5404332632467
highly crystalline,79.42701227830833,82.55602227533208
highly crystalline,79.45884492951342,80.06666179780096
highly crystalline,79.49067758071851,82.59289917109648
highly crystalline,79.5225102319236,80.94373669865072
highly crystalline,79.5543428831287,86.92786908427489
highly crystalline,79.58617553433379,87.15860814191603
highly crystalline,79.61800818553888,86.62944539712848
highly crystalline,79.64984083674398,84.96575275285078
highly crystalline,79.68167348794907,81.80423260740108
highly crystalline,79.71350613915416,77.4636383406257
highly crystalline,79.74533879035926,85.32714316094408
highly crystalline,79.77717144156435,78.3270071818401
highly crystalline,79.80900409276944,82.59813320224465
highly crystalline,79.84083674397453,77.66791970178672
highly crystalline,79.87266939517963,78.03092639419337
highly crystalline,79.90450204638472,82.533333839327
highly crystalline,79.93633469758981,78.21804764690711
highly crystalline,79.9681673487949,79.3265954048729
highly crystalline,80.0,79.65058128182568
