series,two_theta_degree,intensity_au
observed,10.0,113.64894127686136
observed,10.031832651205093,108.80947965964735
observed,10.063665302410186,109.57554158271893
observed,10.09549795361528,108.60169948286305
observed,10.127330604820372,107.7720137091635
observed,10.159163256025465,107.08417684869669
observed,10.19099590723056,110.90150594695942
observed,10.222828558435653,112.07330965511657
observed,10.254661209640746,105.05467043829452
observed,10.28649386084584,115.90022312376999
observed,10.318326512050932,108.52166993937436
observed,10.350159163256025,114.30637904123368
observed,10.381991814461118,110.9419472080657
observed,10.413824465666211,109.93678527797223
observed,10.445657116871304,112.06602099850213
observed,10.4774897680764,110.40035640196194
observed,10.509322419281492,110.60152612013846
observed,10.541155070486585,115.2148895193029
observed,10.572987721691678,112.95197441065814
observed,10.604820372896771,111.84450381316218
observed,10.636653024101864,107.39282015251352
observed,10.668485675306957,105.28192535680695
observed,10.70031832651205,109.40482234172858
observed,10.732150977717144,108.76400422772058
observed,10.763983628922237,111.66765156753648
observed,10.795816280127331,107.5475208439791
observed,10.827648931332424,104.82465518657855
observed,10.859481582537517,108.74887929587028
observed,10.89131423374261,110.77825835793993
observed,10.923146884947704,106.73509780317792
observed,10.954979536152797,113.00329974659894
observed,10.98681218735789,110.8411746722703
observed,11.018644838562983,111.78226121572023
observed,11.050477489768076,109.56644872447745
observed,11.08231014097317,116.51801842112438
observed,11.114142792178264,104.32118981759308
observed,11.145975443383357,109.2709934113324
observed,11.17780809458845,111.6466885476779
observed,11.209640745793543,110.48399958866581
observed,11.241473396998636,108.01621500558743
observed,11.273306048203729,106.34909611285435
observed,11.305138699408822,105.25393346035597
observed,11.336971350613915,112.93507507169647
observed,11.368804001819008,107.19674370641117
observed,11.400636653024101,106.44397497750374
observed,11.432469304229196,108.06139621776906
observed,11.464301955434289,105.30232905341335
observed,11.496134606639382,110.56131821863548
observed,11.527967257844475,106.2173779187949
observed,11.559799909049568,113.8496130417329
observed,11.591632560254661,108.23056344401536
observed,11.623465211459754,110.76950580943542
observed,11.655297862664847,104.14755882575508
observed,11.68713051386994,109.76717238766085
observed,11.718963165075035,104.18572041759619
observed,11.750795816280128,107.58907608111237
observed,11.782628467485221,110.38601706066541
observed,11.814461118690314,112.55335778983289
observed,11.846293769895407,109.9626173776351
observed,11.8781264211005,110.980779598991
observed,11.909959072305593,108.40548712133852
observed,11.941791723510686,107.65224774920529
observed,11.97362437471578,113.85696593309835
observed,12.005457025920872,108.07756039165201
observed,12.037289677125965,107.57049595389641
observed,12.069122328331058,113.71795734602047
observed,12.100954979536153,111.79652179519813
observed,12.132787630741246,105.93173794622925
observed,12.16462028194634,113.48889478498182
observed,12.196452933151432,111.1137254134309
observed,12.228285584356525,109.10442669425402
observed,12.260118235561619,105.39405611889875
observed,12.291950886766712,106.40298888693275
observed,12.323783537971806,106.72582704020138
observed,12.3556161891769,106.88775720518329
observed,12.387448840381992,107.78978035076238
observed,12.419281491587085,117.07086621720971
observed,12.451114142792179,110.07512114214808
observed,12.482946793997272,103.16266304482917
observed,12.514779445202365,107.91680651070001
observed,12.546612096407458,106.46131475966011
observed,12.57844474761255,104.52137035345922
observed,12.610277398817644,106.90720925322708
observed,12.642110050022737,106.69098936763618
observed,12.67394270122783,108.78439594242775
observed,12.705775352432925,110.18793686043568
observed,12.737608003638018,107.34311970202997
observed,12.76944065484311,110.43656324364686
observed,12.801273306048204,114.38058221177397
observed,12.833105957253297,108.52876970450484
observed,12.86493860845839,105.35931121841753
observed,12.896771259663483,109.95416308554029
observed,12.928603910868576,108.7153524156447
observed,12.96043656207367,110.66526337543391
observed,12.992269213278764,110.34944937229831
observed,13.024101864483857,110.86590945944654
observed,13.05593451568895,110.83101293373157
observed,13.087767166894043,106.63963073101134
observed,13.119599818099136,106.22882764704472
observed,13.151432469304229,105.77353801522736
observed,13.183265120509322,114.90484765911901
observed,13.215097771714415,109.43935581472823
observed,13.246930422919508,113.95755910625213
observed,13.278763074124601,109.69350183943804
observed,13.310595725329694,106.0145936247593
observed,13.342428376534789,111.11748339914138
observed,13.374261027739882,106.70977994019225
observed,13.406093678944975,107.42393054087914
observed,13.437926330150068,107.30219183895424
observed,13.469758981355161,113.71694375601504
observed,13.501591632560254,104.68385861446384
observed,13.533424283765347,106.86387977671765
observed,13.565256934970442,110.45473995691425
observed,13.597089586175535,107.58716423993738
observed,13.628922237380628,111.39533441458654
observed,13.660754888585721,106.9377230692166
observed,13.692587539790814,110.1448436563389
observed,13.724420190995907,104.8446491024611
observed,13.756252842201,100.77535560627071
observed,13.788085493406093,110.49030490981943
observed,13.819918144611187,105.92080330031837
observed,13.85175079581628,108.55769115856933
observed,13.883583447021373,105.05686160171668
observed,13.915416098226466,110.4683573933846
observed,13.947248749431559,103.6247745613494
observed,13.979081400636653,104.27863179870666
observed,14.010914051841747,107.24693776944318
observed,14.04274670304684,108.19416288093849
observed,14.074579354251933,104.31352865327939
observed,14.106412005457026,104.49720033922048
observed,14.138244656662119,108.81061655064516
observed,14.170077307867214,107.03798718757194
observed,14.201909959072307,111.22475936670264
observed,14.2337426102774,111.18523744793178
observed,14.265575261482493,100.7428483912835
observed,14.297407912687586,106.99413070761597
observed,14.329240563892679,108.10929748092633
observed,14.361073215097772,102.96594793466559
observed,14.392905866302865,106.5821768214328
observed,14.424738517507958,102.28245018343847
observed,14.456571168713051,113.46254092306526
observed,14.488403819918144,108.66629657836295
observed,14.520236471123237,107.00599349613886
observed,14.55206912232833,109.48392578439335
observed,14.583901773533423,104.76398164707453
observed,14.615734424738516,115.31435669469779
observed,14.647567075943611,104.35112706269528
observed,14.679399727148704,106.8588694644951
observed,14.711232378353797,109.18237088600868
observed,14.74306502955889,104.88616921421772
observed,14.774897680763983,110.69965312402016
observed,14.806730331969078,107.46998968588422
observed,14.838562983174171,100.37046576080323
observed,14.870395634379264,109.2723722799376
observed,14.902228285584357,112.10132820753029
observed,14.93406093678945,104.21309000419379
observed,14.965893587994543,109.14848581378897
observed,14.997726239199636,102.53269613301858
observed,15.02955889040473,108.68950660475916
observed,15.061391541609822,110.63032213970595
observed,15.093224192814915,105.97218466454491
observed,15.125056844020008,112.17792758197155
observed,15.156889495225101,106.14080515282802
observed,15.188722146430194,102.5829091221086
observed,15.220554797635288,103.64636915173915
observed,15.252387448840382,108.9588540646751
observed,15.284220100045475,104.72408772334248
observed,15.316052751250568,108.69327448678027
observed,15.347885402455661,108.97564594621474
observed,15.379718053660755,104.26257958568054
observed,15.41155070486585,108.35191165940098
observed,15.443383356070942,115.4177608723021
observed,15.475216007276035,105.96895990084464
observed,15.507048658481128,108.3768467620337
observed,15.538881309686221,108.2355421037801
observed,15.570713960891315,101.6792964324249
observed,15.602546612096408,107.39368549220562
observed,15.6343792633015,110.63666494064812
observed,15.666211914506594,102.8415488386049
observed,15.698044565711687,111.15263166771058
observed,15.72987721691678,106.92351748867526
observed,15.761709868121873,107.7933928654148
observed,15.793542519326966,104.45082763161827
observed,15.825375170532059,105.57165024362001
observed,15.857207821737152,101.89913324456032
observed,15.889040472942247,107.19035874727417
observed,15.92087312414734,108.8091012665919
observed,15.952705775352433,104.25919597722493
observed,15.984538426557526,108.39878875281325
observed,16.01637107776262,105.94127829040971
observed,16.048203728967714,108.5718984029594
observed,16.080036380172807,104.30820932155358
observed,16.1118690313779,102.6811498576155
observed,16.143701682582993,103.88857270650442
observed,16.175534333788086,109.14424898809261
observed,16.20736698499318,101.59987477460247
observed,16.239199636198272,107.37294435926975
observed,16.271032287403365,104.01068445001118
observed,16.302864938608458,108.64330691211086
observed,16.33469758981355,107.2000358555505
observed,16.366530241018644,112.06459444851663
observed,16.398362892223737,108.73508333325117
observed,16.43019554342883,104.90557129355625
observed,16.462028194633923,108.81036888525782
observed,16.493860845839016,104.07727322434631
observed,16.52569349704411,107.83302849519262
observed,16.557526148249202,105.91263991120952
observed,16.589358799454295,106.34253584152987
observed,16.62119145065939,107.44063745655765
observed,16.65302410186448,103.34587156142464
observed,16.684856753069578,101.66859273158593
observed,16.71668940427467,112.6374654306734
observed,16.748522055479764,105.12808066855249
observed,16.780354706684857,104.17727231744692
observed,16.81218735788995,106.32533628545876
observed,16.844020009095043,107.54062860760241
observed,16.875852660300136,110.97760912921873
observed,16.90768531150523,104.13762396936613
observed,16.939517962710323,110.27801768309388
observed,16.971350613915416,106.46630068529855
observed,17.00318326512051,103.82381947562759
observed,17.0350159163256,103.69537685961082
observed,17.066848567530695,109.58986752661774
observed,17.098681218735788,104.93621194216419
observed,17.130513869940884,99.95852626447378
observed,17.162346521145977,105.75578296682164
observed,17.19417917235107,102.08245957603116
observed,17.226011823556163,108.92419578839109
observed,17.257844474761256,102.64847030852714
observed,17.28967712596635,107.46846308812738
observed,17.321509777171443,104.1239546418611
observed,17.353342428376536,99.97392522385596
observed,17.38517507958163,109.04649950963098
observed,17.41700773078672,111.60705492023133
observed,17.448840381991815,107.61321650927543
observed,17.480673033196908,104.8939367680451
observed,17.512505684402,107.17072760031627
observed,17.544338335607094,108.22100824998373
observed,17.576170986812187,111.12694409675251
observed,17.60800363801728,105.22637939821388
observed,17.639836289222373,104.92186381125398
observed,17.671668940427466,103.14684442531568
observed,17.70350159163256,107.5149340891877
observed,17.735334242837652,108.28138944376164
observed,17.767166894042745,106.239569268936
observed,17.79899954524784,102.57496595060896
observed,17.83083219645293,108.42945742550762
observed,17.862664847658024,105.3804020964675
observed,17.894497498863117,102.31490982744694
observed,17.926330150068214,102.4068679464597
observed,17.958162801273307,105.99251401863165
observed,17.9899954524784,107.58485997736669
observed,18.021828103683493,107.24493230063196
observed,18.053660754888586,108.47368431690187
observed,18.08549340609368,107.33771265437511
observed,18.117326057298772,103.74033303436842
observed,18.149158708503865,99.64550484337268
observed,18.18099135970896,105.48804600847191
observed,18.21282401091405,104.15499885108939
observed,18.244656662119144,108.6652109620064
observed,18.276489313324237,105.34756784435667
observed,18.308321964529334,108.60091331262946
observed,18.340154615734427,105.5301262607892
observed,18.37198726693952,107.24046588322231
observed,18.403819918144613,103.39971804593296
observed,18.435652569349706,102.56631418271402
observed,18.4674852205548,109.33207993681094
observed,18.499317871759892,106.49698081484243
observed,18.531150522964985,106.69939835188033
observed,18.56298317417008,105.8618190675974
observed,18.59481582537517,110.53903908382374
observed,18.626648476580264,100.58214960828508
observed,18.658481127785358,102.79952391898037
observed,18.69031377899045,105.48704624325889
observed,18.722146430195544,103.45650505672995
observed,18.753979081400637,105.24242057406508
observed,18.78581173260573,112.74112131045288
observed,18.817644383810823,108.10186641732251
observed,18.849477035015916,104.5001942991683
observed,18.88130968622101,101.33865072411895
observed,18.913142337426102,102.19669448580184
observed,18.944974988631195,100.422445153638
observed,18.976807639836288,106.44074783904584
observed,19.00864029104138,104.27104598943923
observed,19.040472942246474,105.73316037550177
observed,19.072305593451567,105.77911623968268
observed,19.10413824465666,100.62019373406507
observed,19.135970895861753,103.35024661103485
observed,19.167803547066846,101.63166428683687
observed,19.19963619827194,106.35996689403386
observed,19.231468849477032,109.08080083977393
observed,19.26330150068213,107.15357192979234
observed,19.295134151887222,103.94019243189237
observed,19.326966803092315,102.54691342594478
observed,19.358799454297408,100.94719169674994
observed,19.3906321055025,104.71764497097719
observed,19.422464756707594,103.15727373081239
observed,19.454297407912687,106.42005353759983
observed,19.48613005911778,103.13093964693621
observed,19.517962710322873,107.58517180578608
observed,19.549795361527966,102.08687265801439
observed,19.581628012733063,106.35026237018411
observed,19.613460663938156,103.96075895803826
observed,19.64529331514325,103.09627299019262
observed,19.677125966348342,107.34856899621144
observed,19.708958617553435,102.35396753087744
observed,19.740791268758528,106.82831395172258
observed,19.77262391996362,103.589878361485
observed,19.804456571168714,106.29227200682898
observed,19.836289222373807,100.65466415030691
observed,19.8681218735789,101.76591470019991
observed,19.899954524783993,102.87907288490948
observed,19.931787175989086,102.61506310845428
observed,19.96361982719418,108.39738148281049
observed,19.995452478399272,102.42992783971012
observed,20.027285129604365,107.38692477267638
observed,20.05911778080946,102.41369909557987
observed,20.09095043201455,106.09188884352838
observed,20.122783083219645,104.87869791307436
observed,20.154615734424738,106.64943136106045
observed,20.18644838562983,107.29616665617328
observed,20.218281036834924,106.47138978495146
observed,20.250113688040017,106.91412964859532
observed,20.28194633924511,101.11730576251965
observed,20.313778990450203,104.2316712130311
observed,20.345611641655296,107.49755381050409
observed,20.37744429286039,110.76167864594372
observed,20.409276944065482,108.48867994542995
observed,20.441109595270575,101.99931476925238
observed,20.472942246475668,104.65070986463122
observed,20.504774897680765,104.0112025826472
observed,20.536607548885858,101.70344572874858
observed,20.56844020009095,99.34214501552098
observed,20.600272851296044,108.05255366084442
observed,20.632105502501137,102.75688683505318
observed,20.66393815370623,107.69933346047644
observed,20.695770804911323,100.37106997480493
observed,20.727603456116416,111.61082242175186
observed,20.75943610732151,95.24372122022623
observed,20.791268758526602,106.62317920722934
observed,20.8231014097317,105.5082091727564
observed,20.85493406093679,103.71836055122608
observed,20.886766712141885,101.87650733924413
observed,20.918599363346978,104.59164894368922
observed,20.95043201455207,108.1426243869919
observed,20.982264665757164,106.64282148416929
observed,21.014097316962257,102.17804955427947
observed,21.04592996816735,104.82688864221794
observed,21.077762619372443,104.00315171827494
observed,21.109595270577536,109.77961937088146
observed,21.14142792178263,101.7743367228668
observed,21.173260572987722,108.00568658530183
observed,21.205093224192815,102.36300748243558
observed,21.236925875397908,104.46975206450972
observed,21.268758526603,104.61710610517792
observed,21.300591177808094,101.45509026814749
observed,21.332423829013187,105.24275966447622
observed,21.36425648021828,109.87776375785579
observed,21.396089131423373,102.77029228123266
observed,21.427921782628466,100.52915740282599
observed,21.45975443383356,112.62682082272482
observed,21.491587085038653,106.74245650424854
observed,21.523419736243746,108.8478755564914
observed,21.55525238744884,104.2551131363087
observed,21.58708503865393,100.91756917013701
observed,21.618917689859025,101.57388434031945
observed,21.650750341064118,105.23976292447409
observed,21.68258299226921,100.63659647294736
observed,21.714415643474304,106.44068467660074
observed,21.746248294679397,103.798344230826
observed,21.778080945884494,101.9834417456969
observed,21.809913597089587,104.3014603857866
observed,21.84174624829468,101.48123894663324
observed,21.873578899499773,110.42668326455612
observed,21.905411550704866,103.3057837700869
observed,21.93724420190996,107.47763084333678
observed,21.96907685311505,103.25861911455311
observed,22.000909504320145,106.52333878466992
observed,22.032742155525238,109.24954318626733
observed,22.06457480673033,106.06219877971172
observed,22.096407457935427,103.15017043685837
observed,22.12824010914052,106.81943277848063
observed,22.160072760345614,108.36137347749806
observed,22.191905411550707,106.55933474732997
observed,22.2237380627558,107.43021906288722
observed,22.255570713960893,106.85592621151623
observed,22.287403365165986,105.18535576197442
observed,22.31923601637108,104.3514986914182
observed,22.351068667576172,103.59437245882573
observed,22.382901318781265,99.642642348525
observed,22.414733969986358,102.0096630629791
observed,22.44656662119145,109.44237130591819
observed,22.478399272396544,105.76963470811825
observed,22.510231923601637,105.70460482109131
observed,22.54206457480673,102.01357596896175
observed,22.573897226011823,101.6356668671178
observed,22.605729877216916,103.27070859344249
observed,22.63756252842201,103.9229771150657
observed,22.669395179627102,102.69192028204367
observed,22.701227830832195,104.9689875407758
observed,22.73306048203729,104.59901149421341
observed,22.76489313324238,100.87397339502839
observed,22.796725784447474,108.59402103900328
observed,22.828558435652567,96.15919896976561
observed,22.86039108685766,99.27336192113626
observed,22.892223738062754,109.20961889059907
observed,22.924056389267847,102.92650705144085
observed,22.95588904047294,100.471153640392
observed,22.987721691678033,105.73452686441141
observed,23.01955434288313,105.07072460770193
observed,23.051386994088222,98.65358171371345
observed,23.083219645293315,106.85380561080548
observed,23.11505229649841,103.50831576787988
observed,23.1468849477035,102.7399294369557
observed,23.178717598908595,105.78973770518942
observed,23.210550250113688,105.79657277452387
observed,23.24238290131878,95.95945700773011
observed,23.274215552523874,98.26682721017289
observed,23.306048203728967,103.94604441338426
observed,23.337880854934063,100.81809902797666
observed,23.369713506139156,105.3341071602705
observed,23.40154615734425,105.07346072952058
observed,23.433378808549342,105.32227767108186
observed,23.465211459754435,106.29996565735132
observed,23.49704411095953,104.94431764114627
observed,23.52887676216462,101.80112133774327
observed,23.560709413369715,104.85999143999433
observed,23.592542064574808,103.3443962685942
observed,23.6243747157799,103.33922639567135
observed,23.656207366984994,102.31531499788258
observed,23.688040018190087,104.85369722311796
observed,23.71987266939518,103.47133220777951
observed,23.751705320600273,105.8180498375068
observed,23.783537971805366,106.13148826883237
observed,23.81537062301046,107.64226709720153
observed,23.847203274215552,107.4444052023806
observed,23.879035925420645,102.24125398415987
observed,23.910868576625738,107.40933241282626
observed,23.94270122783083,101.78197313362348
observed,23.974533879035924,105.18201906010232
observed,24.006366530241017,100.59163210406919
observed,24.03819918144611,109.88804287977511
observed,24.070031832651203,102.34189976197128
observed,24.101864483856296,102.28742743184006
observed,24.13369713506139,97.9579680485741
observed,24.165529786266482,105.5782206434209
observed,24.197362437471575,101.65433776425773
observed,24.22919508867667,102.25312903694605
observed,24.261027739881765,103.65743150521962
observed,24.292860391086858,100.72020500125885
observed,24.32469304229195,103.82336337800112
observed,24.356525693497044,104.30278816082757
observed,24.388358344702137,99.35356424462952
observed,24.42019099590723,103.09752505878944
observed,24.452023647112323,100.53318824373282
observed,24.483856298317416,104.09024147148884
observed,24.51568894952251,102.92063634170471
observed,24.547521600727602,101.29498390691283
observed,24.5793542519327,101.1317132152103
observed,24.611186903137792,100.96587529211389
observed,24.643019554342885,101.47326183862225
observed,24.674852205547978,102.08190224533755
observed,24.70668485675307,102.61055224159891
observed,24.738517507958164,101.36167420378997
observed,24.770350159163257,101.06008752050646
observed,24.80218281036835,99.1084591759349
observed,24.834015461573443,101.22748465115438
observed,24.865848112778536,107.7013642470845
observed,24.89768076398363,97.5095493239269
observed,24.929513415188723,105.34424972985242
observed,24.961346066393816,106.86924669324729
observed,24.99317871759891,102.07537693910554
observed,25.025011368804,103.24565466346829
observed,25.056844020009095,109.05215964750091
observed,25.088676671214188,100.68275921727643
observed,25.12050932241928,101.7330088316748
observed,25.152341973624374,100.32006555141841
observed,25.184174624829467,103.49979304636454
observed,25.21600727603456,107.85256790317516
observed,25.247839927239653,99.45826054256185
observed,25.279672578444746,103.71913593988982
observed,25.31150522964984,105.11792397572513
observed,25.343337880854932,103.70999801336119
observed,25.375170532060025,101.07291433437945
observed,25.407003183265118,101.5863550967296
observed,25.43883583447021,100.29935352486598
observed,25.470668485675304,103.59609763046082
observed,25.502501136880397,99.18407565597435
observed,25.534333788085494,100.33745360604314
observed,25.566166439290587,99.97582370369432
observed,25.59799909049568,99.32545417173522
observed,25.629831741700773,105.47197788148864
observed,25.661664392905866,99.8973773855601
observed,25.69349704411096,97.49908723136251
observed,25.725329695316052,104.42317704219016
observed,25.757162346521145,109.7083728283284
observed,25.78899499772624,109.9683944104215
observed,25.82082764893133,100.86110233237845
observed,25.852660300136428,103.84951605914071
observed,25.88449295134152,100.71650906913521
observed,25.916325602546614,99.11332712368473
observed,25.948158253751707,98.45086515548263
observed,25.9799909049568,104.80466736330705
observed,26.011823556161893,98.4470110328944
observed,26.043656207366986,105.58370788640677
observed,26.07548885857208,106.45144672906262
observed,26.107321509777172,103.57133315501036
observed,26.139154160982265,96.19580320216373
observed,26.17098681218736,104.50264941766949
observed,26.20281946339245,102.06964294180817
observed,26.234652114597544,101.65896410327902
observed,26.266484765802637,96.96144128421963
observed,26.29831741700773,96.95497635225686
observed,26.330150068212824,98.8531340360227
observed,26.361982719417917,97.51406941714183
observed,26.39381537062301,100.1622027292735
observed,26.425648021828103,103.62053104436549
observed,26.457480673033196,93.73232155658874
observed,26.48931332423829,102.19807794199023
observed,26.521145975443382,101.52509765561264
observed,26.552978626648475,100.0393887589212
observed,26.584811277853568,103.82314843134145
observed,26.616643929058664,103.7466857360671
observed,26.648476580263758,102.95592270091927
observed,26.68030923146885,101.87134603239667
observed,26.712141882673944,101.91854118234424
observed,26.743974533879037,108.26369089023113
observed,26.77580718508413,103.52555299489579
observed,26.807639836289223,103.25187577264342
observed,26.839472487494316,101.76344528482467
observed,26.87130513869941,101.64796456665466
observed,26.903137789904502,103.94178204279766
observed,26.934970441109595,108.17665406917847
observed,26.966803092314688,102.77501698961473
observed,26.99863574351978,101.32834335082984
observed,27.030468394724874,104.6853093911347
observed,27.062301045929967,101.87275608349705
observed,27.09413369713506,105.41472275651597
observed,27.125966348340153,106.1585463704319
observed,27.157798999545246,111.67091253863423
observed,27.18963165075034,106.52604519325544
observed,27.221464301955432,108.60699207050423
observed,27.25329695316053,114.08433415356713
observed,27.285129604365622,114.89672900923973
observed,27.316962255570715,124.98320970625012
observed,27.348794906775808,120.15006757275127
observed,27.3806275579809,123.00486606888052
observed,27.412460209185994,128.70651408673086
observed,27.444292860391087,131.7443586377672
observed,27.47612551159618,132.71289305545866
observed,27.507958162801273,148.28902012186649
observed,27.539790814006366,151.13765620608092
observed,27.57162346521146,163.9239098691238
observed,27.603456116416552,177.06489847468032
observed,27.635288767621645,185.05242076484893
observed,27.66712141882674,192.77400416844196
observed,27.69895407003183,206.0362013888287
observed,27.730786721236925,221.63877782092354
observed,27.762619372442018,231.12384254834436
observed,27.79445202364711,244.47551196963678
observed,27.826284674852204,262.8279385201188
observed,27.858117326057297,284.14114118639674
observed,27.889949977262393,297.8123711575261
observed,27.921782628467486,320.8708598055187
observed,27.95361527967258,341.30293564621576
observed,27.985447930877672,353.9292238630175
observed,28.017280582082766,379.8139433655653
observed,28.04911323328786,404.4427226294191
observed,28.08094588449295,425.6028191657895
observed,28.112778535698045,438.2454044213017
observed,28.144611186903138,463.51745168929955
observed,28.17644383810823,493.8295919485826
observed,28.208276489313324,510.87697223758335
observed,28.240109140518417,521.7300655730305
observed,28.27194179172351,545.8556691190568
observed,28.303774442928603,559.8764808239407
observed,28.335607094133696,572.8048784536561
observed,28.36743974533879,579.0831035658778
observed,28.399272396543882,587.9312360222696
observed,28.431105047748975,592.599703560033
observed,28.462937698954068,600.1225218815734
observed,28.494770350159165,599.5986888934476
observed,28.526603001364258,602.605022823459
observed,28.55843565256935,598.5717073715241
observed,28.590268303774444,589.534365478937
observed,28.622100954979537,579.322326829001
observed,28.65393360618463,578.7450164045634
observed,28.685766257389723,557.0437996911116
observed,28.717598908594816,542.6664392357527
observed,28.74943155979991,531.7137399417027
observed,28.781264211005002,512.708249736827
observed,28.813096862210095,496.6955304233888
observed,28.844929513415188,470.3410807017841
observed,28.87676216462028,448.6195681803626
observed,28.908594815825374,433.17223705513356
observed,28.940427467030467,408.7840489503363
observed,28.97226011823556,386.4673218122416
observed,29.004092769440653,360.7688295418128
observed,29.035925420645746,345.8130352158689
observed,29.06775807185084,330.4235863500195
observed,29.099590723055933,315.83494599179426
observed,29.13142337426103,289.2701918728665
observed,29.163256025466122,270.4247370419246
observed,29.195088676671215,255.03964756249619
observed,29.22692132787631,240.83760663553494
observed,29.2587539790814,221.38689197189439
observed,29.290586630286494,205.8557091803547
observed,29.322419281491587,194.1614396729485
observed,29.35425193269668,179.4701752309628
observed,29.386084583901773,173.85762655686446
observed,29.417917235106867,162.12343897512432
observed,29.44974988631196,155.24124365946113
observed,29.481582537517053,151.54629194151832
observed,29.513415188722146,142.41206551234296
observed,29.54524783992724,137.43111565377558
observed,29.57708049113233,127.97368449107319
observed,29.608913142337425,129.28675532667202
observed,29.640745793542518,121.52709884966104
observed,29.67257844474761,117.6243315724503
observed,29.704411095952704,117.33678561399492
observed,29.736243747157797,111.50525544987256
observed,29.768076398362894,113.2320728957354
observed,29.799909049567987,108.6973645158959
observed,29.83174170077308,105.73538094667113
observed,29.863574351978173,103.19730768727344
observed,29.895407003183266,111.03423147839565
observed,29.92723965438836,105.95799909209084
observed,29.959072305593452,98.83389016680576
observed,29.990904956798545,100.07765196548662
observed,30.022737608003638,100.29228683167099
observed,30.05457025920873,96.39206111922283
observed,30.086402910413824,98.67567115770413
observed,30.118235561618917,98.70814216665802
observed,30.15006821282401,102.31280429880943
observed,30.181900864029103,100.38212766532575
observed,30.213733515234196,98.77624553685041
observed,30.24556616643929,98.8291302839982
observed,30.277398817644382,103.84030573025689
observed,30.309231468849475,105.49492048639891
observed,30.34106412005457,97.60088234194478
observed,30.37289677125966,101.60603081001315
observed,30.404729422464758,102.93573991473086
observed,30.43656207366985,101.79880043829576
observed,30.468394724874944,102.32061197494586
observed,30.500227376080037,106.47820809346123
observed,30.53206002728513,94.07488293301351
observed,30.563892678490223,105.62301631391188
observed,30.595725329695316,98.9737486866077
observed,30.62755798090041,100.9616265991653
observed,30.659390632105502,93.57578159675053
observed,30.691223283310595,99.15054491731966
observed,30.72305593451569,95.76036998220981
observed,30.75488858572078,101.05443002671069
observed,30.786721236925874,98.22031491777227
observed,30.818553888130968,100.24280683081459
observed,30.85038653933606,99.56158532663761
observed,30.882219190541154,99.2763244107193
observed,30.914051841746247,102.11795789213659
observed,30.94588449295134,98.86134212539643
observed,30.977717144156433,98.18872972937534
observed,31.00954979536153,102.328748549297
observed,31.041382446566622,100.7762195408021
observed,31.073215097771715,98.82551084998262
observed,31.10504774897681,96.85801100012222
observed,31.1368804001819,97.27458687091683
observed,31.168713051386995,97.42409420666064
observed,31.200545702592088,98.41485864949445
observed,31.23237835379718,96.47140210060961
observed,31.264211005002274,98.07627815380383
observed,31.296043656207367,94.72824829272695
observed,31.32787630741246,103.3503262481772
observed,31.359708958617553,100.21541641422746
observed,31.391541609822646,101.40778094840384
observed,31.42337426102774,100.23123623552527
observed,31.455206912232832,99.05104408574368
observed,31.487039563437925,104.76679004020811
observed,31.518872214643018,101.69238348282369
observed,31.55070486584811,96.95390064121688
observed,31.582537517053204,101.90204927677944
observed,31.614370168258297,99.12209007365273
observed,31.646202819463394,99.60204973765003
observed,31.678035470668487,102.02561429192717
observed,31.70986812187358,104.2467034091243
observed,31.741700773078673,99.84021791505559
observed,31.773533424283766,99.10733630669307
observed,31.80536607548886,103.75951271972258
observed,31.837198726693952,105.5780671960717
observed,31.869031377899045,98.8895250662038
observed,31.900864029104138,101.16154012897213
observed,31.93269668030923,98.07574164465058
observed,31.964529331514324,102.43053595349535
observed,31.996361982719417,101.19216211080088
observed,32.028194633924514,101.9454555449894
observed,32.06002728512961,102.62239854188286
observed,32.0918599363347,104.08328672252175
observed,32.12369258753979,104.82854869208467
observed,32.155525238744886,102.38898344039349
observed,32.18735788994998,101.20914274077052
observed,32.21919054115507,100.95312694530452
observed,32.251023192360165,101.79476441007621
observed,32.28285584356526,99.89804493308804
observed,32.31468849477035,100.66654097534442
observed,32.346521145975444,92.14604445869632
observed,32.37835379718054,97.94352930372794
observed,32.41018644838563,101.32104590141654
observed,32.44201909959072,101.44831588254839
observed,32.473851750795816,98.43883029865061
observed,32.50568440200091,102.86257397120134
observed,32.537517053206,106.75734435317723
observed,32.569349704411096,103.56725691146657
observed,32.60118235561619,105.65471250206681
observed,32.63301500682128,99.05317483882735
observed,32.664847658026375,98.88543399575848
observed,32.69668030923147,100.1366892081723
observed,32.72851296043656,102.949513838885
observed,32.760345611641654,101.84861083565785
observed,32.79217826284675,94.98773895804536
observed,32.82401091405184,96.86131050422969
observed,32.85584356525693,98.8974842538715
observed,32.887676216462026,101.00999865391655
observed,32.91950886766712,103.49366130675745
observed,32.95134151887221,103.36506605898103
observed,32.983174170077305,101.18618283534099
observed,33.0150068212824,104.0133414977882
observed,33.04683947248749,102.0588173877387
observed,33.078672123692584,100.47880699477605
observed,33.11050477489768,99.94423995055185
observed,33.14233742610277,103.29110521035359
observed,33.17417007730786,101.62565340115977
observed,33.206002728512956,108.83806937058776
observed,33.23783537971805,100.71263055044273
observed,33.26966803092314,100.68938932179218
observed,33.301500682128236,106.134023703469
observed,33.33333333333333,100.95867863830739
observed,33.36516598453842,103.34466689868879
observed,33.396998635743515,96.69702689579002
observed,33.42883128694861,102.16016275090124
observed,33.4606639381537,98.68815923393547
observed,33.492496589358794,99.79399149298571
observed,33.524329240563894,99.31425743539945
observed,33.55616189176899,101.73803358666953
observed,33.58799454297408,94.79970919250614
observed,33.61982719417917,101.30428063317243
observed,33.651659845384266,103.28790631117447
observed,33.68349249658936,99.59314591276284
observed,33.71532514779445,95.62334253361323
observed,33.747157798999545,99.59400460369689
observed,33.77899045020464,101.27186595323492
observed,33.81082310140973,107.04627614722995
observed,33.842655752614824,98.90194943556004
observed,33.87448840381992,100.25046490959629
observed,33.90632105502501,99.85376845171193
observed,33.9381537062301,96.69014015667283
observed,33.9699863574352,101.53855271133422
observed,34.00181900864029,102.47991371556297
observed,34.03365165984538,100.68382622783297
observed,34.065484311050476,103.17502106294148
observed,34.09731696225557,101.63462592042707
observed,34.12914961346066,102.35873972671142
observed,34.16098226466576,98.18716416736382
observed,34.192814915870855,101.40237922649527
observed,34.22464756707595,102.94354106614061
observed,34.25648021828104,103.71164093397215
observed,34.288312869486134,101.24233766436923
observed,34.32014552069123,100.07049704756345
observed,34.35197817189632,95.21762204754377
observed,34.38381082310141,100.84036856704574
observed,34.415643474306506,96.1394164528083
observed,34.4474761255116,98.92579932937201
observed,34.47930877671669,99.73975091510685
observed,34.511141427921785,101.92270429301789
observed,34.54297407912688,92.84634027832693
observed,34.57480673033197,100.67913998163098
observed,34.606639381537065,98.494733716345
observed,34.63847203274216,100.7940631374373
observed,34.67030468394725,99.07794309548653
observed,34.702137335152344,93.22173627131303
observed,34.73396998635744,98.7071322422634
observed,34.76580263756253,99.44882008185103
observed,34.79763528876762,99.28065826346473
observed,34.829467939972716,98.23476611525626
observed,34.86130059117781,100.64111424825225
observed,34.8931332423829,103.1162058625441
observed,34.924965893587995,100.36274711387192
observed,34.95679854479309,98.45946486414266
observed,34.98863119599818,100.73320741993923
observed,35.020463847203274,98.03944739737967
observed,35.05229649840837,92.77814076345079
observed,35.08412914961346,102.07816491634577
observed,35.11596180081855,95.1916601261663
observed,35.147794452023646,104.00586573853462
observed,35.17962710322874,107.50246996469099
observed,35.21145975443383,96.42831061434957
observed,35.243292405638925,100.2172943417451
observed,35.27512505684402,98.36634747555328
observed,35.30695770804911,97.63912747228915
observed,35.338790359254205,100.46387752126208
observed,35.3706230104593,100.51560097448048
observed,35.40245566166439,96.16588222872275
observed,35.434288312869484,97.68878165845237
observed,35.46612096407458,96.8357581880882
observed,35.49795361527967,95.62195848542918
observed,35.52978626648476,97.04274411109344
observed,35.561618917689856,98.84670322888495
observed,35.59345156889495,104.78267716458296
observed,35.62528422010004,103.22696286998183
observed,35.657116871305135,96.53683567806351
observed,35.68894952251023,104.89915020658222
observed,35.72078217371532,102.9308172043859
observed,35.752614824920414,104.5192382626816
observed,35.78444747612551,110.40041842942611
observed,35.8162801273306,103.94164357556022
observed,35.84811277853569,111.20248553606366
observed,35.879945429740786,104.9127076484094
observed,35.91177808094588,110.70681831617686
observed,35.94361073215097,110.36601088773932
observed,35.975443383356065,111.34321458846637
observed,36.00727603456116,117.33159749365956
observed,36.03910868576626,118.6054275820691
observed,36.07094133697135,125.36488447985327
observed,36.102773988176445,127.4975751944205
observed,36.13460663938154,124.30716723176694
observed,36.16643929058663,141.63626768460298
observed,36.198271941791724,140.15100954002327
observed,36.23010459299682,146.7502349175652
observed,36.26193724420191,151.7091079016593
observed,36.293769895407,158.46868472048808
observed,36.325602546612096,166.67167504515464
observed,36.35743519781719,174.09860553491137
observed,36.38926784902228,182.5117608079609
observed,36.421100500227375,185.09310323702306
observed,36.45293315143247,194.8260224058587
observed,36.48476580263756,206.11328068684918
observed,36.516598453842654,213.60892457190224
observed,36.54843110504775,229.16197243154554
observed,36.58026375625284,238.0071558637199
observed,36.61209640745793,245.14380101888912
observed,36.64392905866303,257.02260266475037
observed,36.67576170986813,269.0848339562842
observed,36.70759436107322,284.5647901067522
observed,36.73942701227831,297.4207536649399
observed,36.771259663483406,306.1854224550693
observed,36.8030923146885,322.14098349261957
observed,36.83492496589359,325.4082569840926
observed,36.866757617098685,336.44115690054144
observed,36.89859026830378,348.6355323732602
observed,36.93042291950887,361.6942556862293
observed,36.962255570713964,367.2811528487569
observed,36.99408822191906,378.1333614362696
observed,37.02592087312415,378.5547435042953
observed,37.05775352432924,385.2210471706181
observed,37.089586175534336,392.35375346895387
observed,37.12141882673943,395.934902227892
observed,37.15325147794452,398.6133923261106
observed,37.185084129149615,396.45555162771626
observed,37.21691678035471,395.0487297646204
observed,37.2487494315598,394.6471756022672
observed,37.280582082764894,390.0541655613265
observed,37.31241473396999,391.23901021113767
observed,37.34424738517508,390.00133437432487
observed,37.37608003638017,377.30364041749147
observed,37.40791268758527,375.9978472443023
observed,37.43974533879036,368.0865523600706
observed,37.47157798999545,354.8960583565262
observed,37.503410641200546,349.1785068978578
observed,37.53524329240564,333.2801495059053
observed,37.56707594361073,320.51509168725016
observed,37.598908594815825,319.26483709290954
observed,37.63074124602092,314.292057015077
observed,37.66257389722601,300.8260615973321
observed,37.694406548431104,282.21357652965776
observed,37.7262391996362,277.3072778447424
observed,37.75807185084129,260.13928092652725
observed,37.78990450204638,246.62119198527705
observed,37.821737153251476,236.42471930047537
observed,37.85356980445657,231.98288256748805
observed,37.88540245566166,213.72732302648453
observed,37.917235106866755,207.01531337944957
observed,37.94906775807185,196.04541406114612
observed,37.98090040927694,189.44974281001717
observed,38.012733060482034,177.88173173667406
observed,38.04456571168713,168.33879354595416
observed,38.07639836289222,160.42967879873794
observed,38.10823101409731,159.2264034678044
observed,38.14006366530241,151.17321498919537
observed,38.1718963165075,140.86307510525276
observed,38.20372896771259,133.58532579708873
observed,38.235561618917686,136.31444272783935
observed,38.26739427012278,127.03315775782322
observed,38.29922692132787,124.06088284728716
observed,38.331059572532965,120.9362533539359
observed,38.36289222373806,120.45045825940707
observed,38.39472487494315,115.46516994877807
observed,38.426557526148244,116.53619260870315
observed,38.45839017735334,108.84792178409467
observed,38.49022282855843,106.04562945944538
observed,38.52205547976353,108.48824015236497
observed,38.55388813096862,105.58743928266722
observed,38.585720782173716,103.0991621572859
observed,38.61755343337881,104.84747658735878
observed,38.6493860845839,99.1566104818871
observed,38.681218735788995,104.91741888922746
observed,38.71305138699409,100.45889506351315
observed,38.74488403819918,100.10931476196333
observed,38.776716689404275,102.57963547118561
observed,38.80854934060937,101.98382566163357
observed,38.84038199181446,100.46462638944317
observed,38.872214643019554,96.34476234712656
observed,38.90404729422465,95.2982894247016
observed,38.93587994542974,99.58735415304065
observed,38.96771259663483,96.20797637570978
observed,38.999545247839926,99.13245540263519
observed,39.03137789904502,98.87486498862818
observed,39.06321055025011,97.29463064228256
observed,39.095043201455205,99.89637992379211
observed,39.1268758526603,96.0746410158999
observed,39.1587085038654,97.2414857998778
observed,39.19054115507049,91.0394381737059
observed,39.222373806275584,101.94147226412099
observed,39.25420645748068,101.38642069833871
observed,39.28603910868577,91.74384689172233
observed,39.31787175989086,97.01796920145465
observed,39.349704411095956,98.08957442188779
observed,39.38153706230105,94.78380250304036
observed,39.41336971350614,102.28603592004978
observed,39.445202364711236,95.45022381509828
observed,39.47703501591633,96.86351608845729
observed,39.50886766712142,101.15322221015018
observed,39.540700318326515,92.04221253775695
observed,39.57253296953161,98.93826465003595
observed,39.6043656207367,96.999801414855
observed,39.636198271941794,103.13218992911025
observed,39.66803092314689,94.7749004254833
observed,39.69986357435198,91.14893235147763
observed,39.73169622555707,100.66205362523318
observed,39.763528876762166,101.54989031957454
observed,39.79536152796726,96.29183157305924
observed,39.82719417917235,102.54598415224892
observed,39.859026830377445,98.66346261773315
observed,39.89085948158254,101.18173591022997
observed,39.92269213278763,94.66108841481686
observed,39.954524783992724,95.25483719883664
observed,39.98635743519782,93.49119576061238
observed,40.01819008640291,100.77515571090301
observed,40.050022737608,99.5297841685682
observed,40.081855388813096,102.20970128303118
observed,40.11368804001819,99.87902891017576
observed,40.14552069122328,97.90572450835192
observed,40.177353342428376,97.89375204378463
observed,40.20918599363347,100.78921795779917
observed,40.24101864483856,101.25260414464665
observed,40.272851296043655,100.07546551184689
observed,40.30468394724875,97.68264334239238
observed,40.33651659845384,96.62190458937772
observed,40.368349249658934,101.18334024564105
observed,40.40018190086403,100.22223344374261
observed,40.43201455206912,93.36867733204974
observed,40.46384720327421,98.13320584532558
observed,40.495679854479306,99.9735272336215
observed,40.5275125056844,99.42882088652586
observed,40.55934515688949,97.06893834197331
observed,40.591177808094585,97.97468728843333
observed,40.62301045929968,94.69233528312041
observed,40.65484311050477,94.06664169623255
observed,40.686675761709864,96.70195782692583
observed,40.71850841291496,99.4472353618999
observed,40.75034106412005,98.68766556845642
observed,40.78217371532514,95.48321421969753
observed,40.814006366530236,100.31399751137246
observed,40.84583901773533,97.40366294027093
observed,40.87767166894042,95.12498388780473
observed,40.909504320145516,98.85849123627912
observed,40.94133697135061,96.09260434339916
observed,40.9731696225557,95.51800063443702
observed,41.005002273760795,99.87585439921017
observed,41.036834924965895,100.48024176267768
observed,41.06866757617099,99.14685833941087
observed,41.10050022737608,96.97272065552289
observed,41.132332878581174,98.95414012451249
observed,41.16416552978627,102.93558549366794
observed,41.19599818099136,96.55720271128929
observed,41.22783083219645,100.41220360240251
observed,41.259663483401546,102.94865607145005
observed,41.29149613460664,93.60098426599747
observed,41.32332878581173,98.58664577626931
observed,41.355161437016825,99.20352258727395
observed,41.38699408822192,94.71165556443302
observed,41.41882673942701,96.49529262767346
observed,41.450659390632104,94.65337411812979
observed,41.4824920418372,100.18130624069786
observed,41.51432469304229,100.6259545562024
observed,41.54615734424738,95.81687558403439
observed,41.57798999545248,97.90755050206428
observed,41.60982264665757,97.4368090131663
observed,41.64165529786266,92.65150361873286
observed,41.67348794906776,92.64169941523589
observed,41.705320600272856,95.39156853205
observed,41.73715325147795,100.60596404622314
observed,41.76898590268304,93.24710820234647
observed,41.800818553888135,98.07666701259433
observed,41.83265120509323,104.3759317215263
observed,41.86448385629832,98.0498887779128
observed,41.896316507503414,98.26287328853238
observed,41.92814915870851,97.08919975868162
observed,41.9599818099136,99.37559176185745
observed,41.99181446111869,99.6605836512458
observed,42.023647112323786,99.53892563675447
observed,42.05547976352888,98.58801355175747
observed,42.08731241473397,102.43239718740291
observed,42.119145065939065,99.03463863777495
observed,42.15097771714416,99.74583272864744
observed,42.18281036834925,97.5289292914803
observed,42.214643019554345,102.86414371656058
observed,42.24647567075944,99.13913921091304
observed,42.27830832196453,98.16711060985618
observed,42.310140973169624,105.5725124085816
observed,42.34197362437472,92.76217969854879
observed,42.37380627557981,98.96515005663709
observed,42.4056389267849,94.2188124939296
observed,42.437471577989996,95.61976785022624
observed,42.46930422919509,95.1667397351708
observed,42.50113688040018,95.76468223052066
observed,42.532969531605275,94.95512248697435
observed,42.56480218281037,99.3005457480385
observed,42.59663483401546,93.65212296887982
observed,42.628467485220554,99.19883252268154
observed,42.66030013642565,99.39657266456403
observed,42.69213278763074,99.37841954202715
observed,42.72396543883583,92.37657536232399
observed,42.755798090040926,97.79656382834108
observed,42.78763074124602,95.80746157189283
observed,42.81946339245111,102.49015181005029
observed,42.851296043656205,98.39866002385831
observed,42.8831286948613,97.65037857070435
observed,42.91496134606639,98.39431025008798
observed,42.946793997271484,96.34619173455144
observed,42.97862664847658,94.39865588916146
observed,43.01045929968167,97.55764294860242
observed,43.042291950886764,98.55255765061285
observed,43.07412460209186,102.33189871463125
observed,43.10595725329695,100.0934098760705
observed,43.13778990450204,98.48507565963581
observed,43.169622555707136,95.08149045303098
observed,43.20145520691223,98.91525528334533
observed,43.23328785811733,99.4409965478106
observed,43.26512050932242,103.09488308625538
observed,43.296953160527515,97.13879451000477
observed,43.32878581173261,96.77346871043099
observed,43.3606184629377,95.20979810208624
observed,43.392451114142794,97.6309307236289
observed,43.42428376534789,94.84080865484813
observed,43.45611641655298,99.12791091335778
observed,43.48794906775807,92.04322725572325
observed,43.519781718963166,99.63462666413655
observed,43.55161437016826,96.30032337116786
observed,43.58344702137335,96.13404306083562
observed,43.615279672578446,100.81050630349
observed,43.64711232378354,98.96401746578746
observed,43.67894497498863,98.90117171520563
observed,43.710777626193725,95.83125608372453
observed,43.74261027739882,101.02225173949276
observed,43.77444292860391,100.96434367849929
observed,43.806275579809004,98.92394071328607
observed,43.8381082310141,98.99589603545624
observed,43.86994088221919,98.7844056194426
observed,43.90177353342428,103.5530853914444
observed,43.933606184629376,100.99415608970696
observed,43.96543883583447,99.32045345420593
observed,43.99727148703956,98.62659277384567
observed,44.029104138244655,97.50812979577779
observed,44.06093678944975,98.34638065975845
observed,44.09276944065484,92.50501820120134
observed,44.124602091859934,96.31862990455686
observed,44.15643474306503,93.62727417770716
observed,44.18826739427012,102.17841461792783
observed,44.22010004547521,97.35503662844643
observed,44.251932696680306,95.80215325052758
observed,44.2837653478854,95.27634759985348
observed,44.31559799909049,93.88509813397421
observed,44.347430650295586,95.17709498568546
observed,44.37926330150068,98.70570631513084
observed,44.41109595270577,95.68870329622617
observed,44.442928603910865,95.16441014580421
observed,44.47476125511596,98.00529563515025
observed,44.50659390632106,97.53593844401756
observed,44.53842655752615,96.42224430501497
observed,44.570259208731244,96.1051003126258
observed,44.60209185993634,96.7967750773581
observed,44.63392451114143,95.69790378839062
observed,44.66575716234652,96.12791831637949
observed,44.697589813551616,97.16118403692859
observed,44.72942246475671,91.3990438181635
observed,44.7612551159618,100.3581533753692
observed,44.793087767166895,97.18776191126062
observed,44.82492041837199,92.95665112857459
observed,44.85675306957708,97.46757370524695
observed,44.888585720782174,99.71218043789422
observed,44.92041837198727,94.12049885870789
observed,44.95225102319236,102.38596889415898
observed,44.98408367439745,98.36161116765325
observed,45.01591632560255,99.18275470405051
observed,45.04774897680764,100.14781957177885
observed,45.07958162801273,98.79320195186239
observed,45.111414279217826,101.50434590140581
observed,45.14324693042292,102.99595713634898
observed,45.17507958162801,94.09636094346862
observed,45.206912232833105,89.39907813942914
observed,45.2387448840382,97.408826734039
observed,45.27057753524329,96.01293789441351
observed,45.302410186448384,93.58562116176363
observed,45.33424283765348,98.26056883819756
observed,45.36607548885857,92.29937566562315
observed,45.39790814006366,94.58864338799853
observed,45.429740791268756,95.48710825200611
observed,45.46157344247385,98.55696004246731
observed,45.49340609367894,97.49713195569686
observed,45.525238744884035,94.2856241997266
observed,45.55707139608913,95.9062501859779
observed,45.58890404729422,97.13405861740732
observed,45.620736698499314,96.70122428883123
observed,45.65256934970441,94.62146613876185
observed,45.6844020009095,99.73328806732877
observed,45.71623465211459,94.08409924397607
observed,45.748067303319694,95.63372571601487
observed,45.77989995452479,92.51169493821207
observed,45.81173260572988,99.45664015740743
observed,45.84356525693497,97.6766697785045
observed,45.875397908140066,95.90805105894712
observed,45.90723055934516,95.41320094446144
observed,45.93906321055025,99.22512251865241
observed,45.970895861755345,102.45794226716313
observed,46.00272851296044,95.21280763258125
observed,46.03456116416553,95.42905777681048
observed,46.066393815370624,97.34809916204162
observed,46.09822646657572,95.50093972698171
observed,46.13005911778081,95.17888588132973
observed,46.1618917689859,98.83007815423387
observed,46.193724420190996,94.42315282875808
observed,46.22555707139609,99.3435718378613
observed,46.25738972260118,95.98520974476645
observed,46.289222373806275,94.15866240075201
observed,46.32105502501137,92.99972335219735
observed,46.35288767621646,95.63395196457785
observed,46.384720327421554,94.56156886554436
observed,46.41655297862665,96.54193172936404
observed,46.44838562983174,98.60099947316124
observed,46.480218281036834,100.46401066870351
observed,46.51205093224193,95.02391896693712
observed,46.54388358344702,96.32444482481091
observed,46.57571623465211,97.42451222196688
observed,46.607548885857206,98.65804401305337
observed,46.6393815370623,94.21089492009163
observed,46.67121418826739,99.80392783717629
observed,46.703046839472485,93.87926691376477
observed,46.73487949067758,96.69091677527757
observed,46.76671214188267,97.2215716499571
observed,46.798544793087764,97.10442476383395
observed,46.83037744429286,96.90864590044444
observed,46.86221009549795,98.60670677750026
observed,46.89404274670304,94.02193921945084
observed,46.925875397908136,95.03411710910908
observed,46.95770804911323,92.98185908563872
observed,46.98954070031833,98.82548950969948
observed,47.02137335152342,97.40909644291092
observed,47.053206002728516,94.64302291904221
observed,47.08503865393361,98.72662699163934
observed,47.1168713051387,99.0475204340362
observed,47.148703956343795,93.29509280078973
observed,47.18053660754889,94.74923852422029
observed,47.21236925875398,92.7322735738593
observed,47.244201909959074,95.85139793315226
observed,47.27603456116417,98.32582213202541
observed,47.30786721236926,99.23427750583393
observed,47.33969986357435,92.77186277435632
observed,47.371532514779446,97.8273323330691
observed,47.40336516598454,95.00352048172226
observed,47.43519781718963,89.42229034374803
observed,47.467030468394725,101.64558010343596
observed,47.49886311959982,105.81843750859451
observed,47.53069577080491,96.84786198026515
observed,47.562528422010004,101.99543903789834
observed,47.5943610732151,93.94215964116249
observed,47.62619372442019,96.19653607608687
observed,47.65802637562528,102.1177061792354
observed,47.689859026830376,98.69976632332893
observed,47.72169167803547,99.40918208840093
observed,47.75352432924056,100.1201496496929
observed,47.785356980445655,95.12642440858271
observed,47.81718963165075,97.48496625079996
observed,47.84902228285584,91.76171985003475
observed,47.880854934060935,97.16681317253695
observed,47.91268758526603,94.30798476934409
observed,47.94452023647112,91.19792742683778
observed,47.976352887676214,99.11328262724189
observed,48.00818553888131,97.17443198005873
observed,48.0400181900864,95.04841542889164
observed,48.07185084129149,100.22813489259686
observed,48.103683492496586,94.09085212742087
observed,48.13551614370168,98.79808343491754
observed,48.16734879490677,96.30681744570082
observed,48.199181446111865,97.14440529372396
observed,48.23101409731696,101.72110262874119
observed,48.26284674852206,94.17007200213553
observed,48.29467939972715,96.89449132233626
observed,48.326512050932244,94.73769185200433
observed,48.35834470213734,96.97400780121804
observed,48.39017735334243,95.31961546306682
observed,48.42201000454752,99.584640201914
observed,48.45384265575262,96.67012523410556
observed,48.48567530695771,99.84423017743757
observed,48.5175079581628,94.56582296215538
observed,48.549340609367896,98.54114083954217
observed,48.58117326057299,97.2833052903442
observed,48.61300591177808,96.18552312858625
observed,48.644838562983175,93.1797583440149
observed,48.67667121418827,99.46781729872511
observed,48.70850386539336,96.3365685836646
observed,48.740336516598454,96.56594966188243
observed,48.77216916780355,96.57454089570723
observed,48.80400181900864,95.06175050370358
observed,48.83583447021373,103.9797426782377
observed,48.867667121418826,95.34214539246848
observed,48.89949977262392,93.25023410954739
observed,48.93133242382901,97.19471485421288
observed,48.963165075034105,96.35686995649966
observed,48.9949977262392,99.90061338775187
observed,49.02683037744429,98.17294682591424
observed,49.058663028649384,99.32295995836375
observed,49.09049567985448,97.73600936969918
observed,49.12232833105957,102.56056157364006
observed,49.15416098226466,102.93498232035249
observed,49.18599363346976,101.15614216096182
observed,49.21782628467485,102.09530771130855
observed,49.24965893587994,102.32908688349013
observed,49.281491587085036,96.64924840612815
observed,49.31332423829013,111.29488104475428
observed,49.34515688949522,105.09701619149956
observed,49.376989540700315,106.55198743898873
observed,49.40882219190541,103.89130024342728
observed,49.4406548431105,112.02702564794522
observed,49.472487494315594,114.68562382820697
observed,49.504320145520694,119.65120015405384
observed,49.53615279672579,117.14774008733096
observed,49.56798544793088,113.18703104843358
observed,49.59981809913597,120.02334431186027
observed,49.631650750341066,126.11769703460521
observed,49.66348340154616,126.87757163624256
observed,49.69531605275125,130.92759845988593
observed,49.727148703956345,137.1128794010038
observed,49.75898135516144,139.45898825563125
observed,49.79081400636653,146.650704881359
observed,49.822646657571624,152.39094616484084
observed,49.85447930877672,150.69953333143917
observed,49.88631195998181,159.30805889058615
observed,49.918144611186904,170.0754283635786
observed,49.949977262392,167.55436603171927
observed,49.98180991359709,176.8955229532924
observed,50.01364256480218,184.96167011310786
observed,50.045475216007276,186.1752929462574
observed,50.07730786721237,193.2650629561574
observed,50.10914051841746,203.94170198149922
observed,50.140973169622555,205.4551500247822
observed,50.17280582082765,214.75476647624149
observed,50.20463847203274,224.56191315023256
observed,50.236471123237834,228.02271156340674
observed,50.26830377444293,235.70978866763096
observed,50.30013642564802,235.49611500408022
observed,50.33196907685311,251.60983528278751
observed,50.363801728058206,251.0396844046401
observed,50.3956343792633,256.38385884950446
observed,50.42746703046839,271.48710228880464
observed,50.459299681673485,267.66928726122
observed,50.49113233287858,269.8178780062885
observed,50.52296498408367,275.4801657329734
observed,50.554797635288764,279.36828766486246
observed,50.58663028649386,286.77482496797126
observed,50.61846293769895,286.8068461693503
observed,50.650295588904044,289.26107117013134
observed,50.68212824010914,287.5617455538894
observed,50.71396089131423,286.83759729958854
observed,50.74579354251932,285.12794859604344
observed,50.77762619372442,285.77492119987744
observed,50.809458844929516,285.74585319222825
observed,50.84129149613461,284.71658933058245
observed,50.8731241473397,273.90746031491227
observed,50.904956798544795,272.70228581788587
observed,50.93678944974989,265.13931256630894
observed,50.96862210095498,258.58378456896867
observed,51.000454752160074,254.23942086153843
observed,51.03228740336517,256.2644147932456
observed,51.06412005457026,246.3070750322649
observed,51.09595270577535,246.2882339941753
observed,51.127785356980446,240.00476867134557
observed,51.15961800818554,226.8984375018949
observed,51.19145065939063,221.77212424858288
observed,51.223283310595725,216.13123328446474
observed,51.25511596180082,210.1897463978808
observed,51.28694861300591,202.2025056308695
observed,51.318781264211005,199.34875665593424
observed,51.3506139154161,191.0510732200472
observed,51.38244656662119,184.93833203878228
observed,51.414279217826284,179.2294921412684
observed,51.44611186903138,172.81314168267474
observed,51.47794452023647,167.44612795999893
observed,51.50977717144156,163.89857960409145
observed,51.541609822646656,157.30229948220884
observed,51.57344247385175,145.93484352782707
observed,51.60527512505684,142.999152655949
observed,51.637107776261935,141.35947800139633
observed,51.66894042746703,134.68582324375487
observed,51.70077307867212,132.60524183270638
observed,51.732605729877214,131.59380181133017
observed,51.76443838108231,127.63107042841442
observed,51.7962710322874,120.40559760952533
observed,51.82810368349249,111.76565470429773
observed,51.859936334697586,119.85624871755091
observed,51.89176898590268,118.75934035539557
observed,51.92360163710777,105.5326210191351
observed,51.955434288312865,112.52403303163513
observed,51.98726693951796,108.13689590039336
observed,52.01909959072306,105.79025651231686
observed,52.05093224192815,102.34798082807029
observed,52.082764893133245,102.26652129154499
observed,52.11459754433834,99.21787502276244
observed,52.14643019554343,101.47919673521382
observed,52.178262846748524,102.44468057569615
observed,52.21009549795362,102.25725085289554
observed,52.24192814915871,99.99954130425286
observed,52.2737608003638,98.95990751589424
observed,52.305593451568896,101.13022561303963
observed,52.33742610277399,102.73475070290586
observed,52.36925875397908,97.10896137455526
observed,52.401091405184175,100.16277190305209
observed,52.43292405638927,96.24122662088374
observed,52.46475670759436,96.63294967860028
observed,52.496589358799454,93.79623703302255
observed,52.52842201000455,95.55918498998469
observed,52.56025466120964,96.99234632456992
observed,52.59208731241473,91.4044416482724
observed,52.62391996361983,95.15278534486824
observed,52.65575261482492,94.93854460135938
observed,52.68758526603001,96.21104559241621
observed,52.719417917235106,97.63085959711263
observed,52.7512505684402,94.0353405388066
observed,52.78308321964529,92.89054640535647
observed,52.814915870850385,91.49468934774501
observed,52.84674852205548,97.448596618677
observed,52.87858117326057,99.48276979172246
observed,52.910413824465664,94.2874314018986
observed,52.94224647567076,95.99158387516547
observed,52.97407912687585,94.11193924537692
observed,53.00591177808094,93.03461807483545
observed,53.037744429286036,91.9512131468599
observed,53.06957708049113,94.27847207956064
observed,53.10140973169622,93.17359084708148
observed,53.133242382901315,97.22648293584994
observed,53.16507503410641,98.71627485517973
observed,53.1969076853115,96.91903097696591
observed,53.228740336516594,93.73838771123829
observed,53.260572987721694,94.75461410184846
observed,53.29240563892679,94.05346298872087
observed,53.32423829013188,98.64929474822199
observed,53.356070941336974,95.66863433907716
observed,53.38790359254207,96.308079647213
observed,53.41973624374716,96.38356237729386
observed,53.45156889495225,91.91954369874479
observed,53.483401546157346,90.45841780135359
observed,53.51523419736244,94.35408427998952
observed,53.54706684856753,93.07163559688604
observed,53.578899499772625,94.57357895663453
observed,53.61073215097772,100.36743883995763
observed,53.64256480218281,94.31173005786763
observed,53.674397453387904,95.69264486259131
observed,53.706230104593,91.90637293390398
observed,53.73806275579809,101.7603887649931
observed,53.76989540700318,96.7428571596123
observed,53.801728058208276,95.02986123698416
observed,53.83356070941337,94.9136321995781
observed,53.86539336061846,97.3620448908425
observed,53.897226011823555,98.87237711566603
observed,53.92905866302865,98.70637674250744
observed,53.96089131423374,93.12658989184166
observed,53.992723965438834,96.760812081758
observed,54.02455661664393,100.8983275677115
observed,54.05638926784902,93.14023154399483
observed,54.088221919054114,96.51669046490886
observed,54.12005457025921,93.34270344431748
observed,54.1518872214643,100.36883462034218
observed,54.18371987266939,96.92700567801437
observed,54.215552523874486,100.59163390163796
observed,54.24738517507958,100.74368677961382
observed,54.27921782628467,104.99554520987164
observed,54.311050477489765,102.99240814090746
observed,54.34288312869486,110.37566910926651
observed,54.37471577989995,100.80066731337749
observed,54.406548431105044,106.97789119773108
observed,54.43838108231014,119.39980339868079
observed,54.47021373351523,119.24685175958545
observed,54.50204638472032,120.50318221922346
observed,54.53387903592542,125.11413991661898
observed,54.565711687130516,127.74479718960266
observed,54.59754433833561,139.1605898307282
observed,54.6293769895407,141.49560733504023
observed,54.661209640745795,142.5231450298797
observed,54.69304229195089,147.47293675550574
observed,54.72487494315598,155.95023320110826
observed,54.756707594361075,157.90931768478166
observed,54.78854024556617,164.94259399633947
observed,54.82037289677126,171.54810192588488
observed,54.852205547976354,176.7245707752824
observed,54.88403819918145,180.91718064539137
observed,54.91587085038654,189.42401646795352
observed,54.94770350159163,195.77772656940562
observed,54.979536152796726,199.59015576257482
observed,55.01136880400182,201.90808737413928
observed,55.04320145520691,210.18088407024695
observed,55.075034106412005,208.1889147946607
observed,55.1068667576171,214.34739650059046
observed,55.13869940882219,212.66686163635018
observed,55.170532060027284,222.64931963494814
observed,55.20236471123238,215.11444289338448
observed,55.23419736243747,216.87330476380723
observed,55.26603001364256,207.99599701691622
observed,55.297862664847656,212.50496494948254
observed,55.32969531605275,205.12122781333525
observed,55.36152796725784,205.52284489403527
observed,55.393360618462935,197.18770141955383
observed,55.42519326966803,191.11314444432023
observed,55.45702592087312,192.90119993657223
observed,55.488858572078215,188.79833825906275
observed,55.52069122328331,181.35331513662678
observed,55.5525238744884,171.5548704920425
observed,55.584356525693494,171.81635172875573
observed,55.61618917689859,161.41776932964345
observed,55.64802182810368,162.66711699848616
observed,55.67985447930877,157.4008720787612
observed,55.711687130513866,147.7748832493232
observed,55.74351978171896,138.6721197585171
observed,55.77535243292406,135.54471736296145
observed,55.80718508412915,128.39952149203688
observed,55.839017735334245,126.05839115296949
observed,55.87085038653934,129.9712398996373
observed,55.90268303774443,125.17351787732586
observed,55.934515688949524,121.22915858128647
observed,55.96634834015462,109.26681858978571
observed,55.99818099135971,108.09897888430098
observed,56.0300136425648,109.09534415247126
observed,56.0618462937699,110.27734018021953
observed,56.09367894497499,107.31322438201526
observed,56.12551159618008,106.57607663758067
observed,56.157344247385176,107.21808619835271
observed,56.18917689859027,102.0556574023284
observed,56.22100954979536,102.01425741944453
observed,56.252842201000455,99.07958588955498
observed,56.28467485220555,100.20711442248671
observed,56.31650750341064,99.51752018249486
observed,56.348340154615734,99.5816775933016
observed,56.38017280582083,99.01922551238695
observed,56.41200545702592,93.8620176991603
observed,56.44383810823101,97.60654949404717
observed,56.475670759436106,92.58000155081302
observed,56.5075034106412,99.41355661047326
observed,56.53933606184629,94.86476552269333
observed,56.571168713051385,91.10189828738616
observed,56.60300136425648,91.00470899643204
observed,56.63483401546157,91.7345583434845
observed,56.666666666666664,94.11838655207357
observed,56.69849931787176,95.17559191187338
observed,56.73033196907685,93.33783156278679
observed,56.76216462028194,98.00635139376472
observed,56.79399727148704,93.62112306128506
observed,56.82582992269213,87.20918290538806
observed,56.85766257389722,91.28780654825185
observed,56.889495225102316,96.38647861622067
observed,56.92132787630741,91.01780681989192
observed,56.9531605275125,92.65808345026836
observed,56.984993178717595,91.70642533389405
observed,57.016825829922695,95.93496869343414
observed,57.04865848112779,94.09603738226318
observed,57.08049113233288,91.3526091542961
observed,57.112323783537974,96.25341087943303
observed,57.14415643474307,96.78087098188898
observed,57.17598908594816,91.50356946828028
observed,57.20782173715325,94.67055520684687
observed,57.239654388358346,94.61814080943442
observed,57.27148703956344,91.25515507727958
observed,57.30331969076853,94.74143371995754
observed,57.335152341973625,95.73071081247302
observed,57.36698499317872,96.10001856821692
observed,57.39881764438381,95.90599432639543
observed,57.430650295588904,100.99543518919441
observed,57.462482946794,94.33169356583804
observed,57.49431559799909,97.65294852060552
observed,57.526148249204184,94.5024225110157
observed,57.55798090040928,92.09889182363005
observed,57.58981355161437,98.41877161302853
observed,57.62164620281946,93.08949599797494
observed,57.653478854024556,101.2896261321762
observed,57.68531150522965,96.73973573885911
observed,57.71714415643474,93.81627272321154
observed,57.748976807639835,94.68274756436676
observed,57.78080945884493,96.84309294972196
observed,57.81264211005002,97.55409212318015
observed,57.844474761255114,97.26937771217663
observed,57.87630741246021,94.85514534095707
observed,57.9081400636653,102.22911263942996
observed,57.93997271487039,96.03155027792253
observed,57.971805366075486,95.71727834962374
observed,58.00363801728058,97.58297113478226
observed,58.03547066848567,93.10664785816977
observed,58.067303319690765,93.43755111023108
observed,58.09913597089586,92.9914028926053
observed,58.13096862210095,92.87309703002083
observed,58.162801273306044,91.77568058831605
observed,58.19463392451114,93.71003753907455
observed,58.22646657571623,95.66546886761395
observed,58.258299226921324,92.16357888715864
observed,58.290131878126424,90.99798107118247
observed,58.32196452933152,94.72834667959894
observed,58.35379718053661,96.35547689736477
observed,58.3856298317417,97.24341599608815
observed,58.417462482946796,97.66027594620702
observed,58.44929513415189,96.83836167375577
observed,58.48112778535698,92.0428821506243
observed,58.512960436562075,94.27034565332887
observed,58.54479308776717,94.10717283388945
observed,58.57662573897226,97.84303233388677
observed,58.608458390177354,92.19733319374811
observed,58.64029104138245,93.93827998703648
observed,58.67212369258754,94.20273717031141
observed,58.70395634379263,93.5625345554812
observed,58.735788994997726,99.2566671375071
observed,58.76762164620282,96.05192343041104
observed,58.79945429740791,92.84721118698049
observed,58.831286948613005,95.13685440154971
observed,58.8631195998181,95.98150234507082
observed,58.89495225102319,91.25724174441278
observed,58.926784902228285,99.14440697363187
observed,58.95861755343338,98.86741752465971
observed,58.99045020463847,96.87619079319678
observed,59.022282855843564,96.42511521352671
observed,59.05411550704866,87.27937436328884
observed,59.08594815825375,93.16851787507069
observed,59.11778080945884,95.43927516232348
observed,59.149613460663936,95.804217289098
observed,59.18144611186903,93.96238311658107
observed,59.21327876307412,91.1158198712653
observed,59.245111414279215,92.15620301237327
observed,59.27694406548431,93.06244082431658
observed,59.3087767166894,97.53658818255943
observed,59.340609367894494,90.31421624709029
observed,59.37244201909959,92.7063696594415
observed,59.40427467030468,92.80634471217337
observed,59.43610732150977,93.01174727314546
observed,59.467939972714866,96.1484589173097
observed,59.49977262391996,87.668381258304
observed,59.53160527512506,92.62999178241196
observed,59.56343792633015,98.83014628251726
observed,59.595270577535246,96.00811313561955
observed,59.62710322874034,94.44949813105491
observed,59.65893587994543,95.99234376518865
observed,59.690768531150525,100.99678559996315
observed,59.72260118235562,93.67994546170672
observed,59.75443383356071,93.76867610142801
observed,59.786266484765804,93.1367408192108
observed,59.8180991359709,98.18217976075447
observed,59.84993178717599,92.58267773703096
observed,59.88176443838108,93.23177443538569
observed,59.913597089586176,93.88617101916469
observed,59.94542974079127,92.90750887378053
observed,59.97726239199636,95.01235145573011
observed,60.009095043201455,94.62095547638431
observed,60.04092769440655,91.29328030011733
observed,60.07276034561164,94.83232520982801
observed,60.104592996816734,90.77985300130202
observed,60.13642564802183,91.29268178764976
observed,60.16825829922692,87.49697109388714
observed,60.20009095043201,94.55445940562188
observed,60.23192360163711,95.36169946741285
observed,60.2637562528422,95.39411299799123
observed,60.29558890404729,95.29376215597297
observed,60.327421555252386,95.97927435892794
observed,60.35925420645748,97.85727656843773
observed,60.39108685766257,90.88851379806367
observed,60.422919508867665,98.23881785547896
observed,60.45475216007276,96.1220760469186
observed,60.48658481127785,97.78618540333106
observed,60.518417462482944,93.07289068451682
observed,60.55025011368804,96.55332072440719
observed,60.58208276489313,94.6811325775326
observed,60.61391541609822,93.97675699456659
observed,60.645748067303316,94.5101259588233
observed,60.67758071850841,96.34948717900566
observed,60.7094133697135,96.97781571502857
observed,60.741246020918595,93.13249187341853
observed,60.77307867212369,91.2251652128607
observed,60.80491132332879,95.20684101032197
observed,60.83674397453388,95.73075650906297
observed,60.868576625738974,96.75749087133299
observed,60.90040927694407,88.57674481229189
observed,60.93224192814916,92.16490090494987
observed,60.964074579354254,95.0112058528255
observed,60.99590723055935,96.821830280255
observed,61.02773988176444,95.39155865927832
observed,61.05957253296953,94.36591757990261
observed,61.091405184174626,97.72282523866681
observed,61.12323783537972,92.75002987112798
observed,61.15507048658481,93.21413732249285
observed,61.186903137789905,91.0341636851
observed,61.218735788995,92.37199841423106
observed,61.25056844020009,92.69052736628228
observed,61.282401091405184,91.49872640151708
observed,61.31423374261028,93.6752669682269
observed,61.34606639381537,89.96598651072956
observed,61.37789904502046,92.64207100497141
observed,61.409731696225556,94.33121572288897
observed,61.44156434743065,93.89297098231177
observed,61.47339699863574,94.36981886210332
observed,61.505229649840835,93.62090951237857
observed,61.53706230104593,98.35327119799784
observed,61.56889495225102,96.19838291601
observed,61.600727603456114,91.35665731575568
observed,61.63256025466121,94.2792320919695
observed,61.6643929058663,95.38821669206148
observed,61.69622555707139,91.65204853157137
observed,61.72805820827649,94.22517920285641
observed,61.75989085948158,89.55874599872917
observed,61.79172351068667,97.82729528146616
observed,61.823556161891766,93.03980798373449
observed,61.85538881309686,91.62931290812168
observed,61.88722146430195,90.56329959326511
observed,61.919054115507045,94.52111863960305
observed,61.95088676671214,91.391223096866
observed,61.98271941791723,92.69471568065083
observed,62.014552069122324,96.3131886224781
observed,62.046384720327424,95.76197840571822
observed,62.07821737153252,95.31395835936299
observed,62.11005002273761,95.17904463737672
observed,62.1418826739427,97.67513996126874
observed,62.173715325147796,87.10970852710679
observed,62.20554797635289,92.44204389257158
observed,62.23738062755798,93.135152997113
observed,62.269213278763075,96.99150276653324
observed,62.30104592996817,97.78969245463475
observed,62.33287858117326,89.00771461561976
observed,62.364711232378355,96.60131579165176
observed,62.39654388358345,89.21088639655866
observed,62.42837653478854,92.1744202744062
observed,62.460209185993634,93.21659578078552
observed,62.49204183719873,96.54304754209599
observed,62.52387448840382,93.28054024144349
observed,62.55570713960891,96.79698025895341
observed,62.587539790814006,92.82500668110993
observed,62.6193724420191,93.9619885988829
observed,62.65120509322419,92.4235833357914
observed,62.683037744429285,95.08603106779191
observed,62.71487039563438,93.13743570248609
observed,62.74670304683947,95.72420711885475
observed,62.778535698044564,88.60112116215139
observed,62.81036834924966,95.73419095389531
observed,62.84220100045475,99.25488817042267
observed,62.87403365165984,92.57132646581664
observed,62.905866302864936,91.22374005982249
observed,62.93769895407003,90.59420848119915
observed,62.96953160527512,89.80419404667387
observed,63.001364256480215,97.91058576182364
observed,63.03319690768531,90.6159095608053
observed,63.0650295588904,93.11578561655443
observed,63.096862210095495,98.63239485945631
observed,63.12869486130059,83.96909503652935
observed,63.16052751250568,92.39451563389287
observed,63.192360163710774,98.09906933103017
observed,63.22419281491587,94.26275178483263
observed,63.25602546612096,96.7004232021897
observed,63.28785811732606,93.30187208115689
observed,63.31969076853115,98.46141762040509
observed,63.351523419736246,92.5630396766803
observed,63.38335607094134,94.95292006214314
observed,63.41518872214643,95.92140370753629
observed,63.447021373351525,98.39330995539115
observed,63.47885402455662,95.64365033507116
observed,63.51068667576171,95.34552667725589
observed,63.542519326966804,90.14784242006459
observed,63.5743519781719,95.97510686956873
observed,63.60618462937699,97.37775241396434
observed,63.63801728058208,91.81847710683859
observed,63.669849931787176,96.48241531250116
observed,63.70168258299227,94.30148592673747
observed,63.73351523419736,94.33741467127639
observed,63.765347885402456,88.1566784144339
observed,63.79718053660755,100.96165404602255
observed,63.82901318781264,94.46798585662725
observed,63.860845839017735,96.02594381198375
observed,63.89267849022283,93.29388523034498
observed,63.92451114142792,93.73674207623094
observed,63.956343792633014,96.0347816391745
observed,63.98817644383811,97.49247960249461
observed,64.0200090950432,92.83259537147366
observed,64.0518417462483,97.45212792873285
observed,64.0836743974534,98.52004463994652
observed,64.11550704865849,100.03060969122379
observed,64.14733969986358,92.79125479924477
observed,64.17917235106867,94.73546436133114
observed,64.21100500227377,88.8766700643748
observed,64.24283765347886,93.2706805170702
observed,64.27467030468395,93.64344246718765
observed,64.30650295588904,92.86274187827372
observed,64.33833560709414,90.25093654638817
observed,64.37016825829923,97.19773427903893
observed,64.40200090950432,92.46866804008397
observed,64.43383356070942,99.75015503942595
observed,64.46566621191451,95.55755676767923
observed,64.4974988631196,93.11035925113526
observed,64.5293315143247,96.09993741310205
observed,64.56116416552979,94.95535670258562
observed,64.59299681673488,97.36837510425104
observed,64.62482946793997,91.80193654754564
observed,64.65666211914507,93.74021963384558
observed,64.68849477035016,95.60939397110931
observed,64.72032742155525,96.29143364880672
observed,64.75216007276035,94.77215191701092
observed,64.78399272396544,93.84270702913308
observed,64.81582537517053,96.20890841586385
observed,64.84765802637563,96.3821285090973
observed,64.87949067758072,90.09057040123237
observed,64.91132332878581,92.51148021985726
observed,64.9431559799909,94.08974310831964
observed,64.974988631196,97.37679504996441
observed,65.00682128240109,91.94856079809404
observed,65.03865393360618,96.78695582905985
observed,65.07048658481128,90.4387855318447
observed,65.10231923601637,93.48289762565521
observed,65.13415188722146,92.23171983323309
observed,65.16598453842656,91.76106869951552
observed,65.19781718963165,91.06351707464671
observed,65.22964984083674,90.7501906790318
observed,65.26148249204184,92.55781328480494
observed,65.29331514324693,96.08851031997213
observed,65.32514779445202,93.43612309406612
observed,65.35698044565711,92.11851336592736
observed,65.38881309686221,90.68187294552823
observed,65.4206457480673,92.28863538586397
observed,65.4524783992724,92.13095479883329
observed,65.48431105047749,93.53497464741164
observed,65.51614370168258,99.19702667761615
observed,65.54797635288767,97.97378127023086
observed,65.57980900409277,87.99031400633471
observed,65.61164165529786,90.11836946513213
observed,65.64347430650295,93.21521918378642
observed,65.67530695770805,95.89856700440735
observed,65.70713960891314,89.91774595783023
observed,65.73897226011823,91.12387991051104
observed,65.77080491132332,90.15192127759971
observed,65.80263756252842,95.38759176221232
observed,65.83447021373351,92.6178697807377
observed,65.8663028649386,95.90059628383
observed,65.8981355161437,96.65481384538933
observed,65.92996816734879,98.2814193613635
observed,65.96180081855388,92.63212898074438
observed,65.99363346975898,98.5328756117128
observed,66.02546612096407,92.9250740227316
observed,66.05729877216916,95.07845965672087
observed,66.08913142337425,96.58146354002989
observed,66.12096407457935,94.96836247136457
observed,66.15279672578444,95.56231044432288
observed,66.18462937698953,88.43591991825916
observed,66.21646202819463,90.76429067971792
observed,66.24829467939972,94.90850472797172
observed,66.28012733060481,96.71501790417477
observed,66.3119599818099,91.97810944979138
observed,66.343792633015,90.73054063395745
observed,66.37562528422009,94.27098389846043
observed,66.40745793542519,94.43094927357967
observed,66.43929058663028,89.90014317507311
observed,66.47112323783537,95.51798353474368
observed,66.50295588904046,94.77518730499257
observed,66.53478854024556,95.54329195272321
observed,66.56662119145065,95.63893693257523
observed,66.59845384265574,95.43228436692722
observed,66.63028649386084,96.00198107702283
observed,66.66211914506593,89.31582314504907
observed,66.69395179627102,85.87608113766566
observed,66.72578444747612,90.39986810500946
observed,66.75761709868121,96.68097203603469
observed,66.7894497498863,90.84975766549437
observed,66.8212824010914,95.15646333106032
observed,66.85311505229649,93.3887303846725
observed,66.88494770350158,88.16358840872462
observed,66.91678035470667,93.83850352748783
observed,66.94861300591177,92.48687085292799
observed,66.98044565711686,91.2701778523446
observed,67.01227830832195,92.63985279967072
observed,67.04411095952706,93.3818503992966
observed,67.07594361073215,91.45531943231622
observed,67.10777626193725,94.3214772762321
observed,67.13960891314234,95.88790348744277
observed,67.17144156434743,95.50934283056993
observed,67.20327421555253,94.13700445182864
observed,67.23510686675762,99.95837868635891
observed,67.26693951796271,92.79228528046795
observed,67.2987721691678,88.12821062542059
observed,67.3306048203729,92.09625283707477
observed,67.36243747157799,95.34112271804594
observed,67.39427012278308,89.90097711838122
observed,67.42610277398818,92.78157109440848
observed,67.45793542519327,94.15837019872257
observed,67.48976807639836,91.35213946903126
observed,67.52160072760346,93.77832589404744
observed,67.55343337880855,90.48109152306897
observed,67.58526603001364,92.41332997469091
observed,67.61709868121874,91.99804629327518
observed,67.64893133242383,95.5386861027351
observed,67.68076398362892,91.03769776386972
observed,67.71259663483401,93.38424301750152
observed,67.74442928603911,91.96626900566258
observed,67.7762619372442,93.51197661385201
observed,67.8080945884493,99.33555660014761
observed,67.83992723965439,90.11618174498129
observed,67.87175989085948,90.45547730525044
observed,67.90359254206457,92.17936339014105
observed,67.93542519326967,91.24750100395373
observed,67.96725784447476,94.54588241947098
observed,67.99909049567985,95.9775531274047
observed,68.03092314688494,89.93234005595008
observed,68.06275579809004,95.61915565502171
observed,68.09458844929513,92.64614701992213
observed,68.12642110050022,96.42847411864426
observed,68.15825375170532,91.03221923468288
observed,68.19008640291041,95.96053274496076
observed,68.2219190541155,90.91670239439051
observed,68.2537517053206,96.89531207054581
observed,68.28558435652569,92.15607278094353
observed,68.3174170077308,97.63603629296153
observed,68.34924965893589,96.53534739624247
observed,68.38108231014098,97.5050685523066
observed,68.41291496134608,92.49651216301682
observed,68.44474761255117,96.37485468052863
observed,68.47658026375626,91.81058975480747
observed,68.50841291496135,93.74012009793952
observed,68.54024556616645,88.94357249234454
observed,68.57207821737154,92.44556684203499
observed,68.60391086857663,89.97083735128844
observed,68.63574351978173,94.20438734554962
observed,68.66757617098682,92.1267534093354
observed,68.69940882219191,96.73095488220925
observed,68.731241473397,91.31282382919956
observed,68.7630741246021,98.49745294360817
observed,68.79490677580719,96.67706231630227
observed,68.82673942701228,95.27391472826723
observed,68.85857207821738,90.63605670984647
observed,68.89040472942247,89.4232997936595
observed,68.92223738062756,92.97739954425704
observed,68.95407003183266,91.49153210079594
observed,68.98590268303775,86.80961892617395
observed,69.01773533424284,90.85541408827935
observed,69.04956798544794,94.21671898684464
observed,69.08140063665303,99.820307840007
observed,69.11323328785812,91.89259945991698
observed,69.14506593906322,96.03903298785309
observed,69.17689859026831,91.81611242845946
observed,69.2087312414734,94.0114941166811
observed,69.2405638926785,95.3954915244701
observed,69.27239654388359,91.44927134662854
observed,69.30422919508868,95.86239443147926
observed,69.33606184629377,90.47928102603373
observed,69.36789449749887,91.99445409577251
observed,69.39972714870396,90.07274470355402
observed,69.43155979990905,93.62650853158874
observed,69.46339245111415,89.83123832014168
observed,69.49522510231924,92.76445940621569
observed,69.52705775352433,89.01330384842711
observed,69.55889040472942,100.04328513467149
observed,69.59072305593452,87.49210815840954
observed,69.62255570713961,94.36680294742042
observed,69.6543883583447,96.23139273429855
observed,69.6862210095498,89.60775636844066
observed,69.71805366075489,93.52377567792705
observed,69.74988631195998,95.17562198902162
observed,69.78171896316508,90.62875084292436
observed,69.81355161437017,91.59263160751337
observed,69.84538426557526,90.8665326041609
observed,69.87721691678036,95.10362540324809
observed,69.90904956798545,93.51674514076801
observed,69.94088221919054,87.70932642664864
observed,69.97271487039563,94.95674224380846
observed,70.00454752160073,92.7262289467441
observed,70.03638017280582,93.19462576990206
observed,70.06821282401091,91.91506347056946
observed,70.100045475216,95.92041655920858
observed,70.1318781264211,93.9790548913138
observed,70.16371077762619,96.08420230707897
observed,70.19554342883129,97.25641944856764
observed,70.22737608003638,91.45563508419374
observed,70.25920873124147,94.17642772119468
observed,70.29104138244656,92.24711428757027
observed,70.32287403365166,90.15744801933747
observed,70.35470668485675,90.30466663886982
observed,70.38653933606184,93.14959963370012
observed,70.41837198726694,92.36384192264968
observed,70.45020463847203,91.03802491024214
observed,70.48203728967712,86.3572726603068
observed,70.51386994088222,89.83028892715987
observed,70.54570259208731,83.91681361464518
observed,70.5775352432924,98.0241120631843
observed,70.6093678944975,91.85458270106746
observed,70.64120054570259,96.3226556722704
observed,70.67303319690768,90.73135586109034
observed,70.70486584811277,97.10793287559646
observed,70.73669849931787,88.60214669282516
observed,70.76853115052296,93.63875054058823
observed,70.80036380172805,92.01500700048797
observed,70.83219645293315,97.93822313742618
observed,70.86402910413824,93.07385799497034
observed,70.89586175534333,92.60818270783149
observed,70.92769440654843,95.53412299426904
observed,70.95952705775352,98.4147562957374
observed,70.99135970895861,90.41543925494197
observed,71.0231923601637,91.07255864862412
observed,71.0550250113688,93.87083277485371
observed,71.08685766257389,94.22662012902362
observed,71.11869031377898,90.22907188179136
observed,71.15052296498408,91.69899457130255
observed,71.18235561618917,93.84964072977063
observed,71.21418826739426,86.75371853525995
observed,71.24602091859936,92.42021459359052
observed,71.27785356980445,97.75205016042443
observed,71.30968622100954,92.2864702527941
observed,71.34151887221464,97.19774473991968
observed,71.37335152341973,88.76981128286081
observed,71.40518417462482,91.09280544984419
observed,71.43701682582991,90.53126582434021
observed,71.46884947703501,93.76655202397077
observed,71.5006821282401,90.75096157307117
observed,71.5325147794452,93.45935215878455
observed,71.56434743065029,94.47348163782478
observed,71.59618008185538,92.64969507648917
observed,71.62801273306047,93.99406691817327
observed,71.65984538426557,90.23990171446926
observed,71.69167803547066,91.37109293678813
observed,71.72351068667575,90.38929403023964
observed,71.75534333788084,94.82240235110778
observed,71.78717598908594,90.58554750410177
observed,71.81900864029103,95.28820204966179
observed,71.85084129149612,97.11469623787318
observed,71.88267394270122,94.13416268900083
observed,71.91450659390631,98.36372989970947
observed,71.9463392451114,92.01783963600357
observed,71.9781718963165,94.41971633300464
observed,72.01000454752159,88.5636521649248
observed,72.04183719872668,97.99716821804329
observed,72.07366984993179,93.06855664493358
observed,72.10550250113688,88.53372144263592
observed,72.13733515234198,96.2107666770096
observed,72.16916780354707,93.11632618106711
observed,72.20100045475216,93.77396805805634
observed,72.23283310595725,97.29766595180016
observed,72.26466575716235,95.23267065578925
observed,72.29649840836744,92.64970095677081
observed,72.32833105957253,97.01646792071791
observed,72.36016371077763,95.847967756523
observed,72.39199636198272,97.80722946281215
observed,72.42382901318781,95.8454288053656
observed,72.4556616643929,91.72776182712506
observed,72.487494315598,94.15075198465794
observed,72.51932696680309,91.08382407510918
observed,72.55115961800819,92.17599682823244
observed,72.58299226921328,97.33350393584399
observed,72.61482492041837,93.89372114195533
observed,72.64665757162346,94.7069323084854
observed,72.67849022282856,96.60185839338753
observed,72.71032287403365,98.23139816329555
observed,72.74215552523874,92.20386152495128
observed,72.77398817644384,94.21574032927296
observed,72.80582082764893,88.74391329109528
observed,72.83765347885402,88.32586934375219
observed,72.86948613005912,96.05205560038476
observed,72.90131878126421,90.36374364808842
observed,72.9331514324693,97.92977361017095
observed,72.9649840836744,92.37462224653189
observed,72.99681673487949,96.12242931501638
observed,73.02864938608458,97.5002791857318
observed,73.06048203728967,92.9887101936521
observed,73.09231468849477,97.79533975029257
observed,73.12414733969986,93.29979514898237
observed,73.15597999090495,90.80529902007312
observed,73.18781264211005,90.8831171439789
observed,73.21964529331514,90.14664473809265
observed,73.25147794452023,98.258241483731
observed,73.28331059572533,97.38743464469968
observed,73.31514324693043,92.22590694652581
observed,73.34697589813553,95.71654822324544
observed,73.37880854934062,92.47686248052706
observed,73.41064120054571,102.70563679743954
observed,73.4424738517508,90.08646720709717
observed,73.4743065029559,91.32750696565907
observed,73.50613915416099,91.89462158855672
observed,73.53797180536608,91.10772947387842
observed,73.56980445657118,90.26407249489512
observed,73.60163710777627,94.01947993943959
observed,73.63346975898136,96.59741947282835
observed,73.66530241018646,91.73213181019997
observed,73.69713506139155,92.65231437537925
observed,73.72896771259664,90.25018077192681
observed,73.76080036380174,92.96709178982927
observed,73.79263301500683,88.68800958155201
observed,73.82446566621192,89.11908702696341
observed,73.85629831741701,94.23219257307098
observed,73.88813096862211,97.34086452209756
observed,73.9199636198272,91.89452447731222
observed,73.9517962710323,93.65134722420596
observed,73.98362892223739,93.51521608378117
observed,74.01546157344248,92.13030993328371
observed,74.04729422464757,94.02196280273152
observed,74.07912687585267,95.61211988874089
observed,74.11095952705776,93.96010986594958
observed,74.14279217826285,94.81578182026347
observed,74.17462482946794,92.98647727639306
observed,74.20645748067304,94.39549865485256
observed,74.23829013187813,92.4703291765648
observed,74.27012278308322,91.67396349305311
observed,74.30195543428832,94.46142331426906
observed,74.33378808549341,98.7994029987373
observed,74.3656207366985,91.74234025922145
observed,74.3974533879036,93.2499530541122
observed,74.42928603910869,98.58293307476005
observed,74.46111869031378,93.8948979521715
observed,74.49295134151888,91.76499660130749
observed,74.52478399272397,91.74144211235439
observed,74.55661664392906,90.8535512270357
observed,74.58844929513415,93.79072478732962
observed,74.62028194633925,93.60776700622435
observed,74.65211459754434,91.26620126963445
observed,74.68394724874943,92.99804996762447
observed,74.71577989995453,90.62735648108342
observed,74.74761255115962,92.2058736476787
observed,74.77944520236471,96.95166923263164
observed,74.8112778535698,94.3207712074881
observed,74.8431105047749,90.67800274527785
observed,74.87494315597999,92.87246191727618
observed,74.90677580718508,91.13983538280628
observed,74.93860845839018,93.22566659496079
observed,74.97044110959527,95.21364626561734
observed,75.00227376080036,90.2571901625135
observed,75.03410641200546,91.1887201722048
observed,75.06593906321055,89.84369365178719
observed,75.09777171441564,92.02978222660371
observed,75.12960436562074,93.04708591682089
observed,75.16143701682583,95.87931134986468
observed,75.19326966803092,95.92919007750625
observed,75.22510231923602,98.75655205909554
observed,75.25693497044111,91.90536233533231
observed,75.2887676216462,90.46497630981364
observed,75.3206002728513,97.33520159488528
observed,75.35243292405639,91.69293503923731
observed,75.38426557526148,95.88987691668403
observed,75.41609822646657,91.72913214957417
observed,75.44793087767167,87.83350119839339
observed,75.47976352887676,89.65619253084397
observed,75.51159618008185,91.28009374393186
observed,75.54342883128695,95.56915436536518
observed,75.57526148249204,98.97840885363456
observed,75.60709413369713,94.97139546005872
observed,75.63892678490222,93.55998779440095
observed,75.67075943610732,87.9798086748836
observed,75.70259208731241,89.71527581825782
observed,75.7344247385175,87.88393062047324
observed,75.7662573897226,91.92022637114007
observed,75.79809004092769,90.48736925732105
observed,75.82992269213278,90.12498557591992
observed,75.86175534333788,96.83369371476111
observed,75.89358799454297,93.71658568410314
observed,75.92542064574806,90.959791051969
observed,75.95725329695316,95.34916189386651
observed,75.98908594815825,88.03970235726874
observed,76.02091859936334,93.71392668900292
observed,76.05275125056843,90.5792158715157
observed,76.08458390177353,93.40302399223843
observed,76.11641655297862,95.28291975772792
observed,76.14824920418371,92.61979062928428
observed,76.1800818553888,90.70606461660844
observed,76.2119145065939,92.31781402579576
observed,76.24374715779899,92.79020879521413
observed,76.27557980900409,89.6227455950106
observed,76.30741246020918,94.529832708603
observed,76.33924511141427,95.77752873248929
observed,76.37107776261936,97.28154548958861
observed,76.40291041382446,91.28212618601997
observed,76.43474306502955,95.25334924008871
observed,76.46657571623466,93.90383255581357
observed,76.49840836743975,93.39943752022859
observed,76.53024101864484,90.65067803391679
observed,76.56207366984994,92.27825729691996
observed,76.59390632105503,95.53624352506478
observed,76.62573897226012,93.06507868631674
observed,76.65757162346522,89.76365864926714
observed,76.68940427467031,90.74364407264213
observed,76.7212369258754,93.46787279523885
observed,76.7530695770805,89.04145034933104
observed,76.78490222828559,88.45933036376803
observed,76.81673487949068,98.25159981807937
observed,76.84856753069577,94.21997860338531
observed,76.88040018190087,90.41024366785028
observed,76.91223283310596,102.92309171924552
observed,76.94406548431105,91.43705926188524
observed,76.97589813551615,93.08770349098135
observed,77.00773078672124,90.1638185426231
observed,77.03956343792633,94.03882136969233
observed,77.07139608913143,91.98038620211382
observed,77.10322874033652,93.58829997218122
observed,77.13506139154161,91.35095441975156
observed,77.1668940427467,94.6925911763927
observed,77.1987266939518,91.26221059098177
observed,77.23055934515689,90.5687428992296
observed,77.26239199636198,87.79393587546426
observed,77.29422464756708,90.52224272388194
observed,77.32605729877217,88.56603681992229
observed,77.35788994997726,92.2756261489809
observed,77.38972260118236,94.46414312544526
observed,77.42155525238745,93.28329715615426
observed,77.45338790359254,93.45913794145213
observed,77.48522055479764,91.12760273779753
observed,77.51705320600273,92.64979752960453
observed,77.54888585720782,97.49071987137489
observed,77.58071850841291,95.43712438561178
observed,77.61255115961801,92.26931108023265
observed,77.6443838108231,91.05011659814775
observed,77.6762164620282,93.01864306091112
observed,77.70804911323329,94.7705985862727
observed,77.73988176443838,97.62455215212216
observed,77.77171441564347,92.66973333419507
observed,77.80354706684857,95.67075655507543
observed,77.83537971805366,95.33219711061186
observed,77.86721236925875,94.78140226502518
observed,77.89904502046384,92.96959945285393
observed,77.93087767166894,93.40702030606057
observed,77.96271032287403,90.86410463071248
observed,77.99454297407912,93.47085086637699
observed,78.02637562528422,90.59977594860602
observed,78.05820827648931,86.39160539432508
observed,78.0900409276944,92.2358171545806
observed,78.1218735788995,94.2169591558205
observed,78.15370623010459,92.5133055334514
observed,78.18553888130968,93.27214799649005
observed,78.21737153251478,90.65266105373269
observed,78.24920418371987,97.9675451072482
observed,78.28103683492496,89.3575100634099
observed,78.31286948613005,91.08352731603618
observed,78.34470213733515,90.18562640501766
observed,78.37653478854024,89.2255666751429
observed,78.40836743974533,87.91048546371006
observed,78.44020009095043,95.5438260955762
observed,78.47203274215552,94.92555455822682
observed,78.50386539336061,93.0450675921458
observed,78.5356980445657,90.56504140575176
observed,78.5675306957708,91.97240686075772
observed,78.59936334697589,92.2545335316782
observed,78.63119599818098,93.30203169417673
observed,78.66302864938608,93.74457483657757
observed,78.69486130059117,91.58208266217754
observed,78.72669395179626,91.8764670002063
observed,78.75852660300136,91.56190295959361
observed,78.79035925420645,93.11326048462671
observed,78.82219190541154,91.08384378647548
observed,78.85402455661664,97.14211288030083
observed,78.88585720782173,93.34062124776595
observed,78.91768985902682,95.35300268906593
observed,78.94952251023192,94.13807910574681
observed,78.98135516143702,93.79542456925589
observed,79.01318781264212,91.79894050127322
observed,79.04502046384721,88.80079343643895
observed,79.0768531150523,92.72349000878943
observed,79.1086857662574,88.44352283909645
observed,79.14051841746249,96.85593271292515
observed,79.17235106866758,90.6719144448856
observed,79.20418371987267,93.6985785452267
observed,79.23601637107777,88.13798279061764
observed,79.26784902228286,94.23371511002617
observed,79.29968167348795,92.13692351170289
observed,79.33151432469305,90.96485363679187
observed,79.36334697589814,94.03783009241891
observed,79.39517962710323,89.11622355852353
observed,79.42701227830833,90.73188009392784
observed,79.45884492951342,90.90955508420697
observed,79.49067758071851,91.93906312190659
observed,79.5225102319236,95.0920742081065
observed,79.5543428831287,92.23677230937673
observed,79.58617553433379,89.52846216721979
observed,79.61800818553888,90.59517383898175
observed,79.64984083674398,93.838299974832
observed,79.68167348794907,91.11281491465675
observed,79.71350613915416,96.25355678198213
observed,79.74533879035926,93.09742283451142
observed,79.77717144156435,95.1391462665025
observed,79.80900409276944,95.66848221590281
observed,79.84083674397453,90.44407302537054
observed,79.87266939517963,93.74916086876404
observed,79.90450204638472,92.33681051884862
observed,79.93633469758981,94.46952834691326
observed,79.9681673487949,87.4496870449221
observed,80.0,87.84717085761397
