series,two_theta_degree,intensity_au
300 °C,10.0,100.12376044579027
300 °C,10.031832651205093,97.69093281732532
300 °C,10.063665302410186,101.26444769549487
300 °C,10.09549795361528,99.26576941922266
300 °C,10.127330604820372,99.8195129030713
300 °C,10.159163256025465,101.65093481613414
300 °C,10.19099590723056,101.88135039504488
300 °C,10.222828558435653,95.41688851019117
300 °C,10.254661209640746,101.62872760967736
300 °C,10.28649386084584,98.95282180313636
300 °C,10.318326512050932,98.24800209834876
300 °C,10.350159163256025,102.37050076616951
300 °C,10.381991814461118,97.68038294464407
300 °C,10.413824465666211,99.77253422399751
300 °C,10.445657116871304,103.11821741308684
300 °C,10.4774897680764,99.32424644136555
300 °C,10.509322419281492,98.28651691822873
300 °C,10.541155070486585,98.81310768417197
300 °C,10.572987721691678,93.70638614376861
300 °C,10.604820372896771,99.96377675547794
300 °C,10.636653024101864,98.72813715152085
300 °C,10.668485675306957,100.7995345385056
300 °C,10.70031832651205,102.26837622496761
300 °C,10.732150977717144,104.19859398747658
300 °C,10.763983628922237,96.51108147783872
300 °C,10.795816280127331,103.44198615281435
300 °C,10.827648931332424,97.52611662766469
300 °C,10.859481582537517,98.71807635034286
300 °C,10.89131423374261,98.0591606079946
300 °C,10.923146884947704,96.77311513241962
300 °C,10.954979536152797,96.32086714832695
300 °C,10.98681218735789,97.43076583185186
300 °C,11.018644838562983,104.30148450486806
300 °C,11.050477489768076,98.1842644739623
300 °C,11.08231014097317,101.65688286367254
300 °C,11.114142792178264,99.85195406563638
300 °C,11.145975443383357,96.33478211074652
300 °C,11.17780809458845,97.31220526920787
300 °C,11.209640745793543,100.79254893846027
300 °C,11.241473396998636,100.81667144075126
300 °C,11.273306048203729,99.56015796380558
300 °C,11.305138699408822,99.93312588662462
300 °C,11.336971350613915,96.11467524654938
300 °C,11.368804001819008,104.32362148929738
300 °C,11.400636653024101,99.08903048488163
300 °C,11.432469304229196,98.15431137019692
300 °C,11.464301955434289,95.89059324141135
300 °C,11.496134606639382,96.0004766349857
300 °C,11.527967257844475,103.3625941904363
300 °C,11.559799909049568,102.90517024869911
300 °C,11.591632560254661,101.1464444504443
300 °C,11.623465211459754,102.50442158080877
300 °C,11.655297862664847,101.37970821974517
300 °C,11.68713051386994,101.05299618254433
300 °C,11.718963165075035,102.3535897342311
300 °C,11.750795816280128,101.30307715157561
300 °C,11.782628467485221,97.9355583089748
300 °C,11.814461118690314,97.424314694057
300 °C,11.846293769895407,102.12284562457288
300 °C,11.8781264211005,101.79604726005543
300 °C,11.909959072305593,99.83663928493256
300 °C,11.941791723510686,100.71648693014673
300 °C,11.97362437471578,104.50724232366869
300 °C,12.005457025920872,95.77766796610898
300 °C,12.037289677125965,99.90007931511639
300 °C,12.069122328331058,96.91907137966567
300 °C,12.100954979536153,99.85075762151595
300 °C,12.132787630741246,99.60156497455122
300 °C,12.16462028194634,102.59383486194363
300 °C,12.196452933151432,100.50844475552178
300 °C,12.228285584356525,102.4289762168546
300 °C,12.260118235561619,97.12200803142136
300 °C,12.291950886766712,96.57939027404507
300 °C,12.323783537971806,99.02444611163087
300 °C,12.3556161891769,98.84037754945993
300 °C,12.387448840381992,95.329651792758
300 °C,12.419281491587085,96.77680974338432
300 °C,12.451114142792179,97.45920970966405
300 °C,12.482946793997272,96.29635496680667
300 °C,12.514779445202365,98.02449271743724
300 °C,12.546612096407458,97.46272741315678
300 °C,12.57844474761255,103.37936690523382
300 °C,12.610277398817644,98.34064382237956
300 °C,12.642110050022737,101.4107671928736
300 °C,12.67394270122783,100.94633030297307
300 °C,12.705775352432925,99.2850005705068
300 °C,12.737608003638018,97.03510420813902
300 °C,12.76944065484311,98.06144225204277
300 °C,12.801273306048204,99.82830871958329
300 °C,12.833105957253297,101.15258886106982
300 °C,12.86493860845839,96.97201898206012
300 °C,12.896771259663483,96.13926955693296
300 °C,12.928603910868576,100.19331516412039
300 °C,12.96043656207367,96.81184398367449
300 °C,12.992269213278764,101.56867174860737
300 °C,13.024101864483857,96.83403795136343
300 °C,13.05593451568895,96.79698459201735
300 °C,13.087767166894043,94.99642478086915
300 °C,13.119599818099136,97.07600595953295
300 °C,13.151432469304229,99.37138561805457
300 °C,13.183265120509322,100.28807047161241
300 °C,13.215097771714415,100.58354679918145
300 °C,13.246930422919508,98.46255783804041
300 °C,13.278763074124601,96.3906421859816
300 °C,13.310595725329694,100.55130990696536
300 °C,13.342428376534789,97.49375576378586
300 °C,13.374261027739882,97.01966612649014
300 °C,13.406093678944975,97.74459272926642
300 °C,13.437926330150068,96.59524770601838
300 °C,13.469758981355161,99.54862978079873
300 °C,13.501591632560254,96.77538795900524
300 °C,13.533424283765347,97.07356523984818
300 °C,13.565256934970442,95.05107343991263
300 °C,13.597089586175535,98.29816286495203
300 °C,13.628922237380628,100.49090049727522
300 °C,13.660754888585721,100.82879844914613
300 °C,13.692587539790814,100.03185630667073
300 °C,13.724420190995907,98.09227922492907
300 °C,13.756252842201,99.32318043814959
300 °C,13.788085493406093,96.84187119979374
300 °C,13.819918144611187,96.41015915675712
300 °C,13.85175079581628,96.75780688742535
300 °C,13.883583447021373,98.20821353890254
300 °C,13.915416098226466,96.7351533870791
300 °C,13.947248749431559,99.49272264176928
300 °C,13.979081400636653,96.24488249891272
300 °C,14.010914051841747,98.87994070095894
300 °C,14.04274670304684,100.80267006313774
300 °C,14.074579354251933,98.7951144683984
300 °C,14.106412005457026,94.47480992929968
300 °C,14.138244656662119,91.15846082504952
300 °C,14.170077307867214,97.47301037774253
300 °C,14.201909959072307,102.62292026635555
300 °C,14.2337426102774,100.29673963223934
300 °C,14.265575261482493,98.02237387603564
300 °C,14.297407912687586,96.2868419980164
300 °C,14.329240563892679,96.32125359506574
300 °C,14.361073215097772,97.1567322482091
300 °C,14.392905866302865,101.87712022398503
300 °C,14.424738517507958,93.9557631316628
300 °C,14.456571168713051,97.12605160487223
300 °C,14.488403819918144,93.04117013531499
300 °C,14.520236471123237,100.07128874724413
300 °C,14.55206912232833,102.85140153609372
300 °C,14.583901773533423,99.19550855833076
300 °C,14.615734424738516,97.36490618807552
300 °C,14.647567075943611,100.37487125518518
300 °C,14.679399727148704,90.26258232968367
300 °C,14.711232378353797,98.34828167845674
300 °C,14.74306502955889,97.42081320123468
300 °C,14.774897680763983,94.46628409934995
300 °C,14.806730331969078,101.0725058220593
300 °C,14.838562983174171,99.35606844592297
300 °C,14.870395634379264,98.63218941684971
300 °C,14.902228285584357,97.2746636254642
300 °C,14.93406093678945,98.05428303247278
300 °C,14.965893587994543,92.6403732644994
300 °C,14.997726239199636,96.65294257495171
300 °C,15.02955889040473,95.13811389697966
300 °C,15.061391541609822,99.80087789827064
300 °C,15.093224192814915,95.13140981728117
300 °C,15.125056844020008,97.88557614845546
300 °C,15.156889495225101,95.94150192636273
300 °C,15.188722146430194,99.23894411022805
300 °C,15.220554797635288,97.80148775406549
300 °C,15.252387448840382,96.274533524002
300 °C,15.284220100045475,96.88632748770067
300 °C,15.316052751250568,96.91102918424882
300 °C,15.347885402455661,99.74672817533839
300 °C,15.379718053660755,96.43863197953138
300 °C,15.41155070486585,94.38052096036587
300 °C,15.443383356070942,95.74425572229873
300 °C,15.475216007276035,96.04043355919725
300 °C,15.507048658481128,92.14287402643197
300 °C,15.538881309686221,91.46129584481974
300 °C,15.570713960891315,95.74623223751118
300 °C,15.602546612096408,98.65402483915115
300 °C,15.6343792633015,99.4726886911824
300 °C,15.666211914506594,90.17406317349955
300 °C,15.698044565711687,92.71286312740821
300 °C,15.72987721691678,92.18977096844134
300 °C,15.761709868121873,92.48864918588207
300 °C,15.793542519326966,99.24172228651172
300 °C,15.825375170532059,98.11071154015657
300 °C,15.857207821737152,97.48743321268573
300 °C,15.889040472942247,99.72911283502722
300 °C,15.92087312414734,101.9714509822981
300 °C,15.952705775352433,97.32558747108173
300 °C,15.984538426557526,100.47882601106043
300 °C,16.01637107776262,96.40341350364827
300 °C,16.048203728967714,96.88815620058429
300 °C,16.080036380172807,95.8387076531707
300 °C,16.1118690313779,100.05686371281726
300 °C,16.143701682582993,97.5342046376134
300 °C,16.175534333788086,93.82232099247784
300 °C,16.20736698499318,96.2894184722238
300 °C,16.239199636198272,98.79557652906347
300 °C,16.271032287403365,97.40297554057867
300 °C,16.302864938608458,96.07860355453263
300 °C,16.33469758981355,92.43823337438536
300 °C,16.366530241018644,97.82197027906604
300 °C,16.398362892223737,96.04610232283305
300 °C,16.43019554342883,96.04069883483804
300 °C,16.462028194633923,96.85971140216928
300 °C,16.493860845839016,99.64689133306098
300 °C,16.52569349704411,100.54640169857255
300 °C,16.557526148249202,99.81494530988485
300 °C,16.589358799454295,92.16847235365911
300 °C,16.62119145065939,93.94948132880178
300 °C,16.65302410186448,95.68036071097197
300 °C,16.684856753069578,96.00686130564264
300 °C,16.71668940427467,95.34590012045794
300 °C,16.748522055479764,94.3880751578663
300 °C,16.780354706684857,95.51876491424738
300 °C,16.81218735788995,95.5870610132198
300 °C,16.844020009095043,91.62915945709508
300 °C,16.875852660300136,95.51785167691095
300 °C,16.90768531150523,96.86430423484829
300 °C,16.939517962710323,99.12601134241845
300 °C,16.971350613915416,95.77885969684344
300 °C,17.00318326512051,99.17682350060971
300 °C,17.0350159163256,95.34290831362458
300 °C,17.066848567530695,98.0774183628422
300 °C,17.098681218735788,93.62096078134897
300 °C,17.130513869940884,91.97722586592275
300 °C,17.162346521145977,97.39915463764872
300 °C,17.19417917235107,94.76855969638858
300 °C,17.226011823556163,98.67510168569589
300 °C,17.257844474761256,96.38930290643408
300 °C,17.28967712596635,94.21702050899894
300 °C,17.321509777171443,98.66003495648364
300 °C,17.353342428376536,97.90283045273111
300 °C,17.38517507958163,95.10959505306347
300 °C,17.41700773078672,93.6072260518312
300 °C,17.448840381991815,93.44264947166438
300 °C,17.480673033196908,97.30360061122767
300 °C,17.512505684402,91.99590029464117
300 °C,17.544338335607094,96.65870189006368
300 °C,17.576170986812187,97.9594898676029
300 °C,17.60800363801728,96.15632378144697
300 °C,17.639836289222373,99.24525644839103
300 °C,17.671668940427466,98.2674588618057
300 °C,17.70350159163256,98.24354053197274
300 °C,17.735334242837652,93.49956924524746
300 °C,17.767166894042745,95.92004431531764
300 °C,17.79899954524784,98.33874407832047
300 °C,17.83083219645293,94.60439079506159
300 °C,17.862664847658024,100.49185577097927
300 °C,17.894497498863117,94.26721833994388
300 °C,17.926330150068214,96.55860070292844
300 °C,17.958162801273307,96.29429854897387
300 °C,17.9899954524784,91.69832470048844
300 °C,18.021828103683493,92.18581257315054
300 °C,18.053660754888586,96.02571252898197
300 °C,18.08549340609368,96.12633598093
300 °C,18.117326057298772,95.38226912444566
300 °C,18.149158708503865,98.01645216031166
300 °C,18.18099135970896,95.21432729542012
300 °C,18.21282401091405,96.84238397895292
300 °C,18.244656662119144,98.70985965223296
300 °C,18.276489313324237,96.7438715982527
300 °C,18.308321964529334,97.25477451118688
300 °C,18.340154615734427,95.08005613477822
300 °C,18.37198726693952,92.34230944966207
300 °C,18.403819918144613,92.11128892384916
300 °C,18.435652569349706,97.15341710236592
300 °C,18.4674852205548,97.54243089328145
300 °C,18.499317871759892,92.84454862155164
300 °C,18.531150522964985,94.4046165855672
300 °C,18.56298317417008,92.10045293430274
300 °C,18.59481582537517,94.77721631810009
300 °C,18.626648476580264,96.23701180446315
300 °C,18.658481127785358,94.97118068934354
300 °C,18.69031377899045,93.00344021350959
300 °C,18.722146430195544,96.69690603707859
300 °C,18.753979081400637,92.84910075078493
300 °C,18.78581173260573,94.22393032921596
300 °C,18.817644383810823,95.40731886599626
300 °C,18.849477035015916,93.23883656903811
300 °C,18.88130968622101,98.11092512675083
300 °C,18.913142337426102,98.27399626633604
300 °C,18.944974988631195,94.1618227717726
300 °C,18.976807639836288,94.69793416463067
300 °C,19.00864029104138,94.70190123784215
300 °C,19.040472942246474,93.52563921572168
300 °C,19.072305593451567,98.70979471425204
300 °C,19.10413824465666,93.86485762872087
300 °C,19.135970895861753,94.63579521541452
300 °C,19.167803547066846,94.7695537323938
300 °C,19.19963619827194,90.33653143783815
300 °C,19.231468849477032,99.32988180250321
300 °C,19.26330150068213,92.1840178875538
300 °C,19.295134151887222,93.9891213866822
300 °C,19.326966803092315,91.76622187638857
300 °C,19.358799454297408,99.94920109713745
300 °C,19.3906321055025,95.62649786011721
300 °C,19.422464756707594,94.42914034473239
300 °C,19.454297407912687,92.18361500147839
300 °C,19.48613005911778,93.37449825352179
300 °C,19.517962710322873,97.15716880056063
300 °C,19.549795361527966,94.93651713044628
300 °C,19.581628012733063,93.35601402840219
300 °C,19.613460663938156,92.77994061936535
300 °C,19.64529331514325,88.33431411336177
300 °C,19.677125966348342,94.67194871548693
300 °C,19.708958617553435,95.91157612146664
300 °C,19.740791268758528,90.38437879767399
300 °C,19.77262391996362,96.17133788540107
300 °C,19.804456571168714,94.31888435099833
300 °C,19.836289222373807,99.12233987970089
300 °C,19.8681218735789,95.73510041580998
300 °C,19.899954524783993,94.67303672200576
300 °C,19.931787175989086,95.1224484846946
300 °C,19.96361982719418,94.15124957779526
300 °C,19.995452478399272,93.17411523585608
300 °C,20.027285129604365,97.15587044950044
300 °C,20.05911778080946,97.19522437621596
300 °C,20.09095043201455,90.72781462244626
300 °C,20.122783083219645,95.65010512068415
300 °C,20.154615734424738,94.03646247377584
300 °C,20.18644838562983,97.80972510613174
300 °C,20.218281036834924,93.59633222033936
300 °C,20.250113688040017,96.33700542910918
300 °C,20.28194633924511,98.62449988849379
300 °C,20.313778990450203,93.91507157068752
300 °C,20.345611641655296,95.72780340207511
300 °C,20.37744429286039,95.552317948552
300 °C,20.409276944065482,93.79656401550952
300 °C,20.441109595270575,88.82635180385194
300 °C,20.472942246475668,92.9069070742592
300 °C,20.504774897680765,93.36365790576107
300 °C,20.536607548885858,97.19449341261333
300 °C,20.56844020009095,97.0186142011072
300 °C,20.600272851296044,91.65642434193171
300 °C,20.632105502501137,96.87328488695276
300 °C,20.66393815370623,98.63652562274832
300 °C,20.695770804911323,93.71327126260897
300 °C,20.727603456116416,98.22012000444192
300 °C,20.75943610732151,93.16799748646983
300 °C,20.791268758526602,96.65966767786182
300 °C,20.8231014097317,91.26905436975329
300 °C,20.85493406093679,97.11539804761523
300 °C,20.886766712141885,95.65532940211546
300 °C,20.918599363346978,92.3833531192806
300 °C,20.95043201455207,92.42070738454657
300 °C,20.982264665757164,91.7639222705948
300 °C,21.014097316962257,94.68565992533067
300 °C,21.04592996816735,98.12823873150485
300 °C,21.077762619372443,94.3862706696263
300 °C,21.109595270577536,93.83747255975568
300 °C,21.14142792178263,97.32943026284067
300 °C,21.173260572987722,97.88195767928168
300 °C,21.205093224192815,96.79782113263545
300 °C,21.236925875397908,95.72641585036666
300 °C,21.268758526603,92.29322993727254
300 °C,21.300591177808094,94.07811529167998
300 °C,21.332423829013187,95.90768399957567
300 °C,21.36425648021828,91.37620779309856
300 °C,21.396089131423373,91.88502542977112
300 °C,21.427921782628466,90.94818894135405
300 °C,21.45975443383356,92.0633769190516
300 °C,21.491587085038653,91.4316257747952
300 °C,21.523419736243746,97.60292486523866
300 °C,21.55525238744884,89.32994426329562
300 °C,21.58708503865393,92.66100666042355
300 °C,21.618917689859025,93.1680446742415
300 °C,21.650750341064118,96.66682533811687
300 °C,21.68258299226921,95.14123952981066
300 °C,21.714415643474304,93.7826801179014
300 °C,21.746248294679397,97.45516928539199
300 °C,21.778080945884494,93.57248471768065
300 °C,21.809913597089587,95.97169818796183
300 °C,21.84174624829468,94.14064974865899
300 °C,21.873578899499773,94.6866846267152
300 °C,21.905411550704866,93.82623496782954
300 °C,21.93724420190996,98.52411694321312
300 °C,21.96907685311505,89.39821561790622
300 °C,22.000909504320145,93.42908982859616
300 °C,22.032742155525238,94.2017288664127
300 °C,22.06457480673033,94.28784422571536
300 °C,22.096407457935427,90.70793145613669
300 °C,22.12824010914052,93.30276516844395
300 °C,22.160072760345614,91.89367651384907
300 °C,22.191905411550707,96.0501692188258
300 °C,22.2237380627558,89.11477347764446
300 °C,22.255570713960893,93.76323586031262
300 °C,22.287403365165986,94.42948110340336
300 °C,22.31923601637108,90.52369090878327
300 °C,22.351068667576172,89.29470038969714
300 °C,22.382901318781265,92.8459677783613
300 °C,22.414733969986358,96.03448671964146
300 °C,22.44656662119145,91.83284039623268
300 °C,22.478399272396544,93.04354489617398
300 °C,22.510231923601637,96.13253144497638
300 °C,22.54206457480673,91.49264707041792
300 °C,22.573897226011823,96.85750584733599
300 °C,22.605729877216916,92.03317199906576
300 °C,22.63756252842201,96.80828985435551
300 °C,22.669395179627102,93.48934475541303
300 °C,22.701227830832195,90.81849791486071
300 °C,22.73306048203729,91.26544003983669
300 °C,22.76489313324238,89.6370072140447
300 °C,22.796725784447474,97.61178185908489
300 °C,22.828558435652567,96.51797919523511
300 °C,22.86039108685766,91.34968628791371
300 °C,22.892223738062754,92.84903619305578
300 °C,22.924056389267847,94.51260062211063
300 °C,22.95588904047294,95.63766967430247
300 °C,22.987721691678033,92.08019526119645
300 °C,23.01955434288313,95.2313967030994
300 °C,23.051386994088222,95.68811272646877
300 °C,23.083219645293315,87.83670147347948
300 °C,23.11505229649841,94.29311033536975
300 °C,23.1468849477035,91.51186480303853
300 °C,23.178717598908595,93.97765845191323
300 °C,23.210550250113688,92.46387530175345
300 °C,23.24238290131878,95.42087232562876
300 °C,23.274215552523874,95.26293322054136
300 °C,23.306048203728967,94.8714260820711
300 °C,23.337880854934063,92.4213899428468
300 °C,23.369713506139156,90.0089919305775
300 °C,23.40154615734425,96.77043838966404
300 °C,23.433378808549342,99.28086989693747
300 °C,23.465211459754435,93.9449979174818
300 °C,23.49704411095953,92.2313454952515
300 °C,23.52887676216462,97.8645407130739
300 °C,23.560709413369715,95.54836682646028
300 °C,23.592542064574808,90.46499894484428
300 °C,23.6243747157799,89.66808778227842
300 °C,23.656207366984994,96.24692692188843
300 °C,23.688040018190087,96.37862861187993
300 °C,23.71987266939518,93.61137709404525
300 °C,23.751705320600273,93.25977725452195
300 °C,23.783537971805366,93.49464173456494
300 °C,23.81537062301046,98.12469392056248
300 °C,23.847203274215552,94.77438401733131
300 °C,23.879035925420645,89.93996741255852
300 °C,23.910868576625738,88.4762727747587
300 °C,23.94270122783083,87.07665086695019
300 °C,23.974533879035924,94.22620736741837
300 °C,24.006366530241017,95.60585921283884
300 °C,24.03819918144611,99.33471075218357
300 °C,24.070031832651203,92.08774105552097
300 °C,24.101864483856296,94.51840497109575
300 °C,24.13369713506139,96.31480845152902
300 °C,24.165529786266482,96.48531812281998
300 °C,24.197362437471575,90.52601859624397
300 °C,24.22919508867667,92.39906236958251
300 °C,24.261027739881765,93.76014321214468
300 °C,24.292860391086858,87.8028156611922
300 °C,24.32469304229195,100.08615771221629
300 °C,24.356525693497044,91.78918867497602
300 °C,24.388358344702137,95.83714019631172
300 °C,24.42019099590723,92.81714491366236
300 °C,24.452023647112323,93.70554894507639
300 °C,24.483856298317416,94.50869854929041
300 °C,24.51568894952251,89.20749987836956
300 °C,24.547521600727602,92.4693645825191
300 °C,24.5793542519327,88.54515876955534
300 °C,24.611186903137792,92.68535721889573
300 °C,24.643019554342885,90.80337014564026
300 °C,24.674852205547978,95.9253600816833
300 °C,24.70668485675307,91.16104568086416
300 °C,24.738517507958164,93.9771103596563
300 °C,24.770350159163257,97.73260870060231
300 °C,24.80218281036835,95.30889627913302
300 °C,24.834015461573443,90.62694550178158
300 °C,24.865848112778536,94.21527997565713
300 °C,24.89768076398363,92.77343320452849
300 °C,24.929513415188723,92.44381328164013
300 °C,24.961346066393816,92.42836523238539
300 °C,24.99317871759891,92.1709909015568
300 °C,25.025011368804,90.29124554551929
300 °C,25.056844020009095,88.5180648868689
300 °C,25.088676671214188,91.36201104741967
300 °C,25.12050932241928,92.98463102112912
300 °C,25.152341973624374,93.89288207089065
300 °C,25.184174624829467,96.17076221273322
300 °C,25.21600727603456,96.02073405709055
300 °C,25.247839927239653,90.05486610468466
300 °C,25.279672578444746,94.92123018938024
300 °C,25.31150522964984,92.10949068297705
300 °C,25.343337880854932,94.5535486953424
300 °C,25.375170532060025,90.47282235777416
300 °C,25.407003183265118,89.94206886135852
300 °C,25.43883583447021,95.41644904208894
300 °C,25.470668485675304,92.65336648065504
300 °C,25.502501136880397,95.28492156800168
300 °C,25.534333788085494,90.46068862179607
300 °C,25.566166439290587,95.34812868281303
300 °C,25.59799909049568,88.34367230674896
300 °C,25.629831741700773,92.88386915081206
300 °C,25.661664392905866,93.80735153027307
300 °C,25.69349704411096,91.47784737555996
300 °C,25.725329695316052,91.7471013220263
300 °C,25.757162346521145,89.5558848768499
300 °C,25.78899499772624,90.09946492251406
300 °C,25.82082764893133,89.51960123884939
300 °C,25.852660300136428,95.24947794643629
300 °C,25.88449295134152,90.27434218692159
300 °C,25.916325602546614,91.49216947660055
300 °C,25.948158253751707,96.28503877044128
300 °C,25.9799909049568,90.80721771403401
300 °C,26.011823556161893,91.08415343484535
300 °C,26.043656207366986,92.54169987278424
300 °C,26.07548885857208,93.90677213706363
300 °C,26.107321509777172,90.60956356969014
300 °C,26.139154160982265,93.42268076615386
300 °C,26.17098681218736,93.80149821899683
300 °C,26.20281946339245,97.09733464478988
300 °C,26.234652114597544,91.15249701410143
300 °C,26.266484765802637,85.36895094290931
300 °C,26.29831741700773,89.43047552511597
300 °C,26.330150068212824,92.82199058726856
300 °C,26.361982719417917,90.13218679470265
300 °C,26.39381537062301,91.70008141843708
300 °C,26.425648021828103,91.89242240750208
300 °C,26.457480673033196,95.23626086052894
300 °C,26.48931332423829,93.27214955104685
300 °C,26.521145975443382,95.34463031196283
300 °C,26.552978626648475,94.6955611274386
300 °C,26.584811277853568,94.28506324114483
300 °C,26.616643929058664,94.66958313023889
300 °C,26.648476580263758,91.662029118781
300 °C,26.68030923146885,92.60006838761812
300 °C,26.712141882673944,93.67616115797942
300 °C,26.743974533879037,97.25744060117253
300 °C,26.77580718508413,90.98755738465637
300 °C,26.807639836289223,97.72787780185514
300 °C,26.839472487494316,96.65466157701991
300 °C,26.87130513869941,97.04420919375947
300 °C,26.903137789904502,101.05010108145827
300 °C,26.934970441109595,99.14518671872327
300 °C,26.966803092314688,99.39176580241214
300 °C,26.99863574351978,104.53068155207987
300 °C,27.030468394724874,103.52117790402308
300 °C,27.062301045929967,107.69165133929063
300 °C,27.09413369713506,106.6635874179535
300 °C,27.125966348340153,108.86067784795651
300 °C,27.157798999545246,110.25828284185617
300 °C,27.18963165075034,111.77159322749226
300 °C,27.221464301955432,116.43447622405183
300 °C,27.25329695316053,123.1309101791445
300 °C,27.285129604365622,124.91677712004041
300 °C,27.316962255570715,128.40524853847467
300 °C,27.348794906775808,131.28339674167634
300 °C,27.3806275579809,144.1472589605796
300 °C,27.412460209185994,148.56162746242114
300 °C,27.444292860391087,153.7656909958035
300 °C,27.47612551159618,156.0877970620879
300 °C,27.507958162801273,166.71771395582422
300 °C,27.539790814006366,173.74254313919576
300 °C,27.57162346521146,186.7086073756859
300 °C,27.603456116416552,189.78756349402948
300 °C,27.635288767621645,200.22156624936315
300 °C,27.66712141882674,212.5094717505875
300 °C,27.69895407003183,225.45350003491535
300 °C,27.730786721236925,236.45414636839382
300 °C,27.762619372442018,244.18758770964212
300 °C,27.79445202364711,255.20828802889042
300 °C,27.826284674852204,267.14721430721266
300 °C,27.858117326057297,284.50051861995433
300 °C,27.889949977262393,291.1672486915737
300 °C,27.921782628467486,312.1533462085874
300 °C,27.95361527967258,328.85054864153517
300 °C,27.985447930877672,332.27671777882335
300 °C,28.017280582082766,349.94379677203983
300 °C,28.04911323328786,364.0172697138127
300 °C,28.08094588449295,374.1897877809725
300 °C,28.112778535698045,390.5890529677109
300 °C,28.144611186903138,400.7787032816466
300 °C,28.17644383810823,412.44295074217416
300 °C,28.208276489313324,422.15073900162093
300 °C,28.240109140518417,429.15429266484136
300 °C,28.27194179172351,439.3537485853413
300 °C,28.303774442928603,452.5288748660072
300 °C,28.335607094133696,451.5694083310411
300 °C,28.36743974533879,461.20510473361867
300 °C,28.399272396543882,469.3149491138657
300 °C,28.431105047748975,473.0622813445756
300 °C,28.462937698954068,471.481227372275
300 °C,28.494770350159165,471.65844424346756
300 °C,28.526603001364258,469.00207785579033
300 °C,28.55843565256935,472.5915838966313
300 °C,28.590268303774444,465.9027612513161
300 °C,28.622100954979537,464.5989533195543
300 °C,28.65393360618463,455.4434404356971
300 °C,28.685766257389723,451.1377057642582
300 °C,28.717598908594816,445.49934447407065
300 °C,28.74943155979991,432.0851031254349
300 °C,28.781264211005002,426.83141837510743
300 °C,28.813096862210095,414.6522627248876
300 °C,28.844929513415188,402.0620978791767
300 °C,28.87676216462028,396.9343677180819
300 °C,28.908594815825374,380.1195627969102
300 °C,28.940427467030467,367.6632207546824
300 °C,28.97226011823556,355.4136170811093
300 °C,29.004092769440653,343.58146276124285
300 °C,29.035925420645746,328.20397161533486
300 °C,29.06775807185084,311.5377523276704
300 °C,29.099590723055933,304.52462422337214
300 °C,29.13142337426103,288.2394103756617
300 °C,29.163256025466122,275.6757514431754
300 °C,29.195088676671215,266.087425783552
300 °C,29.22692132787631,250.84807546587058
300 °C,29.2587539790814,236.70415851905932
300 °C,29.290586630286494,225.44078343280702
300 °C,29.322419281491587,217.12737151687625
300 °C,29.35425193269668,208.00683493336984
300 °C,29.386084583901773,191.7777601671502
300 °C,29.417917235106867,182.51165912924102
300 °C,29.44974988631196,177.54291703324205
300 °C,29.481582537517053,167.01477027461294
300 °C,29.513415188722146,162.9722699099631
300 °C,29.54524783992724,152.75235482134684
300 °C,29.57708049113233,145.3008754536703
300 °C,29.608913142337425,141.82472647409202
300 °C,29.640745793542518,133.06979434891562
300 °C,29.67257844474761,133.91659435781597
300 °C,29.704411095952704,127.62150009056879
300 °C,29.736243747157797,122.15751948334369
300 °C,29.768076398362894,117.08106426492729
300 °C,29.799909049567987,113.8248541385745
300 °C,29.83174170077308,112.02012059154862
300 °C,29.863574351978173,109.52675715430233
300 °C,29.895407003183266,109.5602293698758
300 °C,29.92723965438836,100.12512910700967
300 °C,29.959072305593452,102.89210164687155
300 °C,29.990904956798545,104.93557560934156
300 °C,30.022737608003638,97.43646992217143
300 °C,30.05457025920873,97.01045069829424
300 °C,30.086402910413824,95.36917149217093
300 °C,30.118235561618917,96.88057215383077
300 °C,30.15006821282401,91.87797107513849
300 °C,30.181900864029103,92.12637871017981
300 °C,30.213733515234196,97.63163972088691
300 °C,30.24556616643929,91.60882253143284
300 °C,30.277398817644382,90.6943129686696
300 °C,30.309231468849475,96.17418538941092
300 °C,30.34106412005457,97.57455112173143
300 °C,30.37289677125966,90.3884994338642
300 °C,30.404729422464758,90.51553952075506
300 °C,30.43656207366985,94.61546738279802
300 °C,30.468394724874944,90.66787787271072
300 °C,30.500227376080037,90.61298105557401
300 °C,30.53206002728513,94.60199628389465
300 °C,30.563892678490223,88.27471603417358
300 °C,30.595725329695316,89.51161231928533
300 °C,30.62755798090041,90.48488612852839
300 °C,30.659390632105502,91.85402022621959
300 °C,30.691223283310595,94.51531181174566
300 °C,30.72305593451569,89.28844527983598
300 °C,30.75488858572078,95.44920323872361
300 °C,30.786721236925874,92.13255559186733
300 °C,30.818553888130968,92.84814811350665
300 °C,30.85038653933606,90.50443489878117
300 °C,30.882219190541154,90.28231804420979
300 °C,30.914051841746247,87.44375206299398
300 °C,30.94588449295134,90.08163077709187
300 °C,30.977717144156433,87.86881973547862
300 °C,31.00954979536153,88.52653756240176
300 °C,31.041382446566622,89.73980716204764
300 °C,31.073215097771715,89.56774804983962
300 °C,31.10504774897681,92.41933241915149
300 °C,31.1368804001819,88.68066619335015
300 °C,31.168713051386995,84.05180982578551
300 °C,31.200545702592088,93.34753209382414
300 °C,31.23237835379718,93.80811964266847
300 °C,31.264211005002274,91.5181054111976
300 °C,31.296043656207367,93.36892835650795
300 °C,31.32787630741246,86.14859911721393
300 °C,31.359708958617553,92.08663814539474
300 °C,31.391541609822646,92.8153214609605
300 °C,31.42337426102774,91.04930251017917
300 °C,31.455206912232832,90.39273369222691
300 °C,31.487039563437925,88.25886928991157
300 °C,31.518872214643018,89.52678231241848
300 °C,31.55070486584811,88.91460704364026
300 °C,31.582537517053204,88.8247155360719
300 °C,31.614370168258297,90.07107123853396
300 °C,31.646202819463394,89.47569401917336
300 °C,31.678035470668487,92.08729979195311
300 °C,31.70986812187358,90.62472200755657
300 °C,31.741700773078673,89.51542840376038
300 °C,31.773533424283766,90.95415937316373
300 °C,31.80536607548886,93.20613493556645
300 °C,31.837198726693952,89.18410153339042
300 °C,31.869031377899045,90.56769814031817
300 °C,31.900864029104138,93.12367672520982
300 °C,31.93269668030923,91.04592442370705
300 °C,31.964529331514324,88.61534536753886
300 °C,31.996361982719417,89.48228124559772
300 °C,32.028194633924514,89.74996988156313
300 °C,32.06002728512961,90.54436623551634
300 °C,32.0918599363347,87.03030803659085
300 °C,32.12369258753979,90.46755115755462
300 °C,32.155525238744886,92.2343904532443
300 °C,32.18735788994998,92.13500296954713
300 °C,32.21919054115507,85.33296106945227
300 °C,32.251023192360165,92.20452959908722
300 °C,32.28285584356526,89.27868816978327
300 °C,32.31468849477035,91.62341580903403
300 °C,32.346521145975444,91.44797176162731
300 °C,32.37835379718054,91.58583712376756
300 °C,32.41018644838563,90.61401664352927
300 °C,32.44201909959072,88.39166371178571
300 °C,32.473851750795816,88.57682796051726
300 °C,32.50568440200091,90.76482584982115
300 °C,32.537517053206,92.53331244148441
300 °C,32.569349704411096,92.31469443322061
300 °C,32.60118235561619,87.92957427854222
300 °C,32.63301500682128,91.88746509269137
300 °C,32.664847658026375,89.03612659150794
300 °C,32.69668030923147,83.67210398437692
300 °C,32.72851296043656,91.30364516629659
300 °C,32.760345611641654,94.84930220947842
300 °C,32.79217826284675,89.83409062810163
300 °C,32.82401091405184,88.96822554736282
300 °C,32.85584356525693,88.37569288202543
300 °C,32.887676216462026,85.39502163837182
300 °C,32.91950886766712,92.52482065279932
300 °C,32.95134151887221,86.4271078874439
300 °C,32.983174170077305,87.77643265532555
300 °C,33.0150068212824,92.8460331922135
300 °C,33.04683947248749,83.32114760099958
300 °C,33.078672123692584,93.69524753079008
300 °C,33.11050477489768,92.63270495973514
300 °C,33.14233742610277,91.42388736794322
300 °C,33.17417007730786,86.01551398071416
300 °C,33.206002728512956,92.74467471473109
300 °C,33.23783537971805,88.91395710923383
300 °C,33.26966803092314,86.23360300144962
300 °C,33.301500682128236,89.52899727671588
300 °C,33.33333333333333,87.09135862496275
300 °C,33.36516598453842,91.69799305642485
300 °C,33.396998635743515,92.85386126557992
300 °C,33.42883128694861,90.42893973416608
300 °C,33.4606639381537,87.63403597963864
300 °C,33.492496589358794,87.62215133667499
300 °C,33.524329240563894,87.09293481651046
300 °C,33.55616189176899,84.56470252756608
300 °C,33.58799454297408,89.97835393119047
300 °C,33.61982719417917,90.11595843960197
300 °C,33.651659845384266,95.46260528478199
300 °C,33.68349249658936,91.85208851450513
300 °C,33.71532514779445,86.7524093919049
300 °C,33.747157798999545,88.03195940034134
300 °C,33.77899045020464,93.2567958649932
300 °C,33.81082310140973,90.82120742441894
300 °C,33.842655752614824,89.87812528656585
300 °C,33.87448840381992,88.46818265383087
300 °C,33.90632105502501,90.5690731528766
300 °C,33.9381537062301,87.94661495783437
300 °C,33.9699863574352,89.79620724711558
300 °C,34.00181900864029,93.1817194279896
300 °C,34.03365165984538,87.82534054073724
300 °C,34.065484311050476,89.64829119038497
300 °C,34.09731696225557,88.28707288908667
300 °C,34.12914961346066,92.11777622199715
300 °C,34.16098226466576,85.34970691100466
300 °C,34.192814915870855,88.38970480745357
300 °C,34.22464756707595,90.70636374568022
300 °C,34.25648021828104,87.40445686365153
300 °C,34.288312869486134,92.8557551041877
300 °C,34.32014552069123,89.31759816418824
300 °C,34.35197817189632,90.86076115490756
300 °C,34.38381082310141,89.54708550965877
300 °C,34.415643474306506,87.08790670590845
300 °C,34.4474761255116,90.42567328814353
300 °C,34.47930877671669,88.00663930773744
300 °C,34.511141427921785,89.19551343821311
300 °C,34.54297407912688,88.79086945104953
300 °C,34.57480673033197,86.95570023120816
300 °C,34.606639381537065,86.80183043656413
300 °C,34.63847203274216,88.47928785484947
300 °C,34.67030468394725,90.03083527449877
300 °C,34.702137335152344,92.91042372998533
300 °C,34.73396998635744,87.63931624170374
300 °C,34.76580263756253,91.58182289689891
300 °C,34.79763528876762,92.24702605768216
300 °C,34.829467939972716,94.18385870190362
300 °C,34.86130059117781,94.53773524520598
300 °C,34.8931332423829,91.90739749211022
300 °C,34.924965893587995,86.72391686895415
300 °C,34.95679854479309,87.82271347657343
300 °C,34.98863119599818,89.92962916790371
300 °C,35.020463847203274,93.29099041279198
300 °C,35.05229649840837,91.49487635540184
300 °C,35.08412914961346,88.2507553579858
300 °C,35.11596180081855,87.84686785116784
300 °C,35.147794452023646,90.2782840646508
300 °C,35.17962710322874,89.32102596307274
300 °C,35.21145975443383,86.49667853962019
300 °C,35.243292405638925,88.79481426691228
300 °C,35.27512505684402,88.64760883808442
300 °C,35.30695770804911,91.18258114592497
300 °C,35.338790359254205,90.26162756900487
300 °C,35.3706230104593,92.95690329331913
300 °C,35.40245566166439,93.14009517105123
300 °C,35.434288312869484,93.36033184637412
300 °C,35.46612096407458,90.02785574663739
300 °C,35.49795361527967,94.41490093333047
300 °C,35.52978626648476,90.19327412621948
300 °C,35.561618917689856,94.11291233839452
300 °C,35.59345156889495,95.00237515633343
300 °C,35.62528422010004,93.59308119356776
300 °C,35.657116871305135,98.70133289622575
300 °C,35.68894952251023,98.42569145598932
300 °C,35.72078217371532,97.10023844116671
300 °C,35.752614824920414,92.3960051018456
300 °C,35.78444747612551,97.19194598574653
300 °C,35.8162801273306,99.46106697557224
300 °C,35.84811277853569,101.09070862008227
300 °C,35.879945429740786,101.17999053245936
300 °C,35.91177808094588,104.30041370899671
300 °C,35.94361073215097,109.07213930145019
300 °C,35.975443383356065,113.58456582175421
300 °C,36.00727603456116,110.42487746755367
300 °C,36.03910868576626,113.93924101609286
300 °C,36.07094133697135,121.55368779716903
300 °C,36.102773988176445,125.7416835411124
300 °C,36.13460663938154,123.88467451433411
300 °C,36.16643929058663,129.72044743252533
300 °C,36.198271941791724,133.51276086471606
300 °C,36.23010459299682,145.97897074250864
300 °C,36.26193724420191,148.98221527510518
300 °C,36.293769895407,155.54895815202846
300 °C,36.325602546612096,160.35266010155487
300 °C,36.35743519781719,168.22727055237775
300 °C,36.38926784902228,171.44031255700565
300 °C,36.421100500227375,177.99987528170564
300 °C,36.45293315143247,190.554686751354
300 °C,36.48476580263756,199.65886782116092
300 °C,36.516598453842654,205.75472955736387
300 °C,36.54843110504775,215.0366956183773
300 °C,36.58026375625284,223.43348370240042
300 °C,36.61209640745793,226.88786372743712
300 °C,36.64392905866303,238.11796287075336
300 °C,36.67576170986813,250.73569146815086
300 °C,36.70759436107322,255.7760643478356
300 °C,36.73942701227831,269.47070680734726
300 °C,36.771259663483406,270.3023808030113
300 °C,36.8030923146885,282.22447927588354
300 °C,36.83492496589359,290.28960208655957
300 °C,36.866757617098685,299.47813232450903
300 °C,36.89859026830378,306.63275022994554
300 °C,36.93042291950887,310.4905515601821
300 °C,36.962255570713964,316.7853400509584
300 °C,36.99408822191906,319.3144235947512
300 °C,37.02592087312415,330.16506575925956
300 °C,37.05775352432924,328.76981147537487
300 °C,37.089586175534336,331.1412899740893
300 °C,37.12141882673943,339.1185739388675
300 °C,37.15325147794452,339.60636811285264
300 °C,37.185084129149615,335.66478743345374
300 °C,37.21691678035471,342.4853880925489
300 °C,37.2487494315598,334.03907855049
300 °C,37.280582082764894,340.5243949832896
300 °C,37.31241473396999,335.32664555010024
300 °C,37.34424738517508,333.0597995080667
300 °C,37.37608003638017,327.5203300421162
300 °C,37.40791268758527,323.09341792802115
300 °C,37.43974533879036,319.9354228515218
300 °C,37.47157798999545,309.99142478205823
300 °C,37.503410641200546,300.07989239467116
300 °C,37.53524329240564,295.3909392795231
300 °C,37.56707594361073,293.61024089251384
300 °C,37.598908594815825,279.418988782593
300 °C,37.63074124602092,267.7970599866159
300 °C,37.66257389722601,261.64158508822806
300 °C,37.694406548431104,259.6570557079256
300 °C,37.7262391996362,248.17630786402572
300 °C,37.75807185084129,242.6684908471965
300 °C,37.78990450204638,227.12487727775232
300 °C,37.821737153251476,216.07712619346205
300 °C,37.85356980445657,213.23761902938654
300 °C,37.88540245566166,200.00689711063643
300 °C,37.917235106866755,193.17035891943942
300 °C,37.94906775807185,191.16192598214909
300 °C,37.98090040927694,181.79411995772844
300 °C,38.012733060482034,173.32244360210325
300 °C,38.04456571168713,170.50679782412573
300 °C,38.07639836289222,160.14728537159903
300 °C,38.10823101409731,152.3570191775441
300 °C,38.14006366530241,146.7230464321622
300 °C,38.1718963165075,136.99978527795977
300 °C,38.20372896771259,134.1062050469139
300 °C,38.235561618917686,133.6234168060054
300 °C,38.26739427012278,133.29504332592674
300 °C,38.29922692132787,119.84010720676443
300 °C,38.331059572532965,118.80849688832082
300 °C,38.36289222373806,111.54595982413748
300 °C,38.39472487494315,109.47976978424809
300 °C,38.426557526148244,111.12881981112307
300 °C,38.45839017735334,107.84225912623877
300 °C,38.49022282855843,104.12651397148994
300 °C,38.52205547976353,104.54442095949447
300 °C,38.55388813096862,100.87257473532651
300 °C,38.585720782173716,96.44423442267428
300 °C,38.61755343337881,95.63800426750937
300 °C,38.6493860845839,99.07462156595231
300 °C,38.681218735788995,96.8115674206089
300 °C,38.71305138699409,92.69043011055076
300 °C,38.74488403819918,93.71098576601243
300 °C,38.776716689404275,93.07478965785171
300 °C,38.80854934060937,92.8795931687465
300 °C,38.84038199181446,91.24512793587233
300 °C,38.872214643019554,95.19723165706975
300 °C,38.90404729422465,90.84815296098468
300 °C,38.93587994542974,90.62188284096895
300 °C,38.96771259663483,88.84389730239131
300 °C,38.999545247839926,88.5109115181492
300 °C,39.03137789904502,90.02382469028475
300 °C,39.06321055025011,91.25495969203715
300 °C,39.095043201455205,89.53407945520513
300 °C,39.1268758526603,89.17802964368018
300 °C,39.1587085038654,89.70634099455039
300 °C,39.19054115507049,88.93485134196894
300 °C,39.222373806275584,89.80670436541926
300 °C,39.25420645748068,87.27974668353902
300 °C,39.28603910868577,83.19828452599525
300 °C,39.31787175989086,89.00460611005418
300 °C,39.349704411095956,88.38792994977982
300 °C,39.38153706230105,89.74784904942763
300 °C,39.41336971350614,89.64320606516077
300 °C,39.445202364711236,89.19487046802425
300 °C,39.47703501591633,87.7867383516187
300 °C,39.50886766712142,91.00528663915941
300 °C,39.540700318326515,90.7994715515572
300 °C,39.57253296953161,83.92434242405713
300 °C,39.6043656207367,84.78945804404107
300 °C,39.636198271941794,88.41820147880951
300 °C,39.66803092314689,89.86276701619146
300 °C,39.69986357435198,89.10584112324835
300 °C,39.73169622555707,86.12072566542903
300 °C,39.763528876762166,90.76431039550985
300 °C,39.79536152796726,86.9445347840234
300 °C,39.82719417917235,86.98888199688194
300 °C,39.859026830377445,88.63755529395677
300 °C,39.89085948158254,83.73387513759347
300 °C,39.92269213278763,90.14298051613744
300 °C,39.954524783992724,93.6809733422663
300 °C,39.98635743519782,92.01415596172434
300 °C,40.01819008640291,85.94641390919719
300 °C,40.050022737608,88.49315133430169
300 °C,40.081855388813096,93.86471720593686
300 °C,40.11368804001819,88.96027362376194
300 °C,40.14552069122328,87.1538989144188
300 °C,40.177353342428376,91.88587887567928
300 °C,40.20918599363347,84.66052897819542
300 °C,40.24101864483856,88.51071818311091
300 °C,40.272851296043655,88.87594418795236
300 °C,40.30468394724875,90.26689115070808
300 °C,40.33651659845384,90.99665906700766
300 °C,40.368349249658934,86.83327528596242
300 °C,40.40018190086403,91.65126209229452
300 °C,40.43201455206912,86.77041712861555
300 °C,40.46384720327421,86.91984234918343
300 °C,40.495679854479306,85.98726016087276
300 °C,40.5275125056844,92.28428651554078
300 °C,40.55934515688949,89.76785347796242
300 °C,40.591177808094585,90.82479949733896
300 °C,40.62301045929968,88.72967298594986
300 °C,40.65484311050477,88.49800353440062
300 °C,40.686675761709864,83.33542640649972
300 °C,40.71850841291496,86.54426995671663
300 °C,40.75034106412005,87.28532034823519
300 °C,40.78217371532514,89.04488745520175
300 °C,40.814006366530236,86.64708954305006
300 °C,40.84583901773533,89.39447131189816
300 °C,40.87767166894042,89.9522469785557
300 °C,40.909504320145516,88.20235204393032
300 °C,40.94133697135061,87.73906314841275
300 °C,40.9731696225557,87.52216838649593
300 °C,41.005002273760795,91.61957162765151
300 °C,41.036834924965895,84.4155740133803
300 °C,41.06866757617099,88.26698629753727
300 °C,41.10050022737608,89.91770732873358
300 °C,41.132332878581174,87.07799773743318
300 °C,41.16416552978627,90.60815535294262
300 °C,41.19599818099136,88.05165260681369
300 °C,41.22783083219645,87.81509868751654
300 °C,41.259663483401546,88.99679150129796
300 °C,41.29149613460664,83.46842023381978
300 °C,41.32332878581173,89.19292561701076
300 °C,41.355161437016825,89.35503251719098
300 °C,41.38699408822192,85.42079967586284
300 °C,41.41882673942701,91.5425837813948
300 °C,41.450659390632104,93.96460492824197
300 °C,41.4824920418372,92.03431403389945
300 °C,41.51432469304229,89.52366893291395
300 °C,41.54615734424738,90.15954699653633
300 °C,41.57798999545248,86.66027110078757
300 °C,41.60982264665757,88.12426831447091
300 °C,41.64165529786266,85.14088222019085
300 °C,41.67348794906776,89.39156652459019
300 °C,41.705320600272856,89.97284091214605
300 °C,41.73715325147795,86.9057735536834
300 °C,41.76898590268304,86.02308357650392
300 °C,41.800818553888135,86.84731049723564
300 °C,41.83265120509323,86.02951465446235
300 °C,41.86448385629832,90.8609135395602
300 °C,41.896316507503414,87.8498596382957
300 °C,41.92814915870851,91.31290946221795
300 °C,41.9599818099136,92.20536453077489
300 °C,41.99181446111869,91.1818850338858
300 °C,42.023647112323786,86.63567826865088
300 °C,42.05547976352888,92.50922653105165
300 °C,42.08731241473397,85.35153730739547
300 °C,42.119145065939065,84.55993629060269
300 °C,42.15097771714416,86.38661796759011
300 °C,42.18281036834925,92.4281662677087
300 °C,42.214643019554345,85.60955680661998
300 °C,42.24647567075944,87.89701046367517
300 °C,42.27830832196453,87.81764534302548
300 °C,42.310140973169624,84.61164642436209
300 °C,42.34197362437472,85.81029295672354
300 °C,42.37380627557981,87.85996506214805
300 °C,42.4056389267849,85.01564016415836
300 °C,42.437471577989996,85.38652819786597
300 °C,42.46930422919509,88.1733569711995
300 °C,42.50113688040018,86.79020942680913
300 °C,42.532969531605275,88.6604212703824
300 °C,42.56480218281037,85.38649862027528
300 °C,42.59663483401546,84.57241097494149
300 °C,42.628467485220554,85.52438103442843
300 °C,42.66030013642565,82.41890156043615
300 °C,42.69213278763074,88.37260741400837
300 °C,42.72396543883583,91.00851534734959
300 °C,42.755798090040926,87.76725839183493
300 °C,42.78763074124602,90.83214575105232
300 °C,42.81946339245111,89.19266933161535
300 °C,42.851296043656205,86.61690801179049
300 °C,42.8831286948613,87.07898123191143
300 °C,42.91496134606639,90.46408579700447
300 °C,42.946793997271484,89.48123799314607
300 °C,42.97862664847658,91.74038820731694
300 °C,43.01045929968167,90.30359745655655
300 °C,43.042291950886764,85.7789140848674
300 °C,43.07412460209186,88.18434722516619
300 °C,43.10595725329695,88.23678167024568
300 °C,43.13778990450204,87.04231732463934
300 °C,43.169622555707136,85.78208746554242
300 °C,43.20145520691223,92.80798561810988
300 °C,43.23328785811733,84.79302591137522
300 °C,43.26512050932242,87.67269587794163
300 °C,43.296953160527515,86.39163195955945
300 °C,43.32878581173261,85.73878937893893
300 °C,43.3606184629377,86.51388917346998
300 °C,43.392451114142794,86.10010620962092
300 °C,43.42428376534789,90.09204002662794
300 °C,43.45611641655298,88.17969343665432
300 °C,43.48794906775807,86.85281206891585
300 °C,43.519781718963166,87.84501237112067
300 °C,43.55161437016826,88.67802376516985
300 °C,43.58344702137335,85.1430060419738
300 °C,43.615279672578446,87.33360104242325
300 °C,43.64711232378354,88.98739860741452
300 °C,43.67894497498863,88.58875548663885
300 °C,43.710777626193725,85.19320150343727
300 °C,43.74261027739882,88.66800328777498
300 °C,43.77444292860391,86.97371086698028
300 °C,43.806275579809004,88.84135045278215
300 °C,43.8381082310141,88.98427544904091
300 °C,43.86994088221919,88.40273474268078
300 °C,43.90177353342428,87.58817430263056
300 °C,43.933606184629376,83.44371855167864
300 °C,43.96543883583447,87.76668054451153
300 °C,43.99727148703956,90.83251316778458
300 °C,44.029104138244655,89.45558885713707
300 °C,44.06093678944975,87.33438034931216
300 °C,44.09276944065484,89.41399840937727
300 °C,44.124602091859934,89.18645448444859
300 °C,44.15643474306503,83.397750741052
300 °C,44.18826739427012,91.148750513769
300 °C,44.22010004547521,89.01537574827798
300 °C,44.251932696680306,89.11252712268454
300 °C,44.2837653478854,88.72094740660106
300 °C,44.31559799909049,82.41530910489195
300 °C,44.347430650295586,87.10297324180118
300 °C,44.37926330150068,88.37598160792025
300 °C,44.41109595270577,85.86590596186299
300 °C,44.442928603910865,87.68574008041588
300 °C,44.47476125511596,85.2595831572025
300 °C,44.50659390632106,87.70379395353605
300 °C,44.53842655752615,85.70210057160237
300 °C,44.570259208731244,80.33629655293988
300 °C,44.60209185993634,85.1987191918082
300 °C,44.63392451114143,91.0768693413206
300 °C,44.66575716234652,89.04909280491502
300 °C,44.697589813551616,88.19186249347682
300 °C,44.72942246475671,87.33711153588516
300 °C,44.7612551159618,85.64353233459913
300 °C,44.793087767166895,87.96745062602136
300 °C,44.82492041837199,86.62778177773811
300 °C,44.85675306957708,85.69059609576527
300 °C,44.888585720782174,84.80682700549202
300 °C,44.92041837198727,83.69112846914801
300 °C,44.95225102319236,88.78227340096002
300 °C,44.98408367439745,90.57697790149551
300 °C,45.01591632560255,84.05257226086164
300 °C,45.04774897680764,90.7329350144429
300 °C,45.07958162801273,88.08095886711929
300 °C,45.111414279217826,86.58913962006956
300 °C,45.14324693042292,87.31203958969851
300 °C,45.17507958162801,85.27878848803684
300 °C,45.206912232833105,83.54288826012167
300 °C,45.2387448840382,87.18084767247404
300 °C,45.27057753524329,85.20476193635506
300 °C,45.302410186448384,86.0091076582785
300 °C,45.33424283765348,87.39106720120418
300 °C,45.36607548885857,86.83901634835668
300 °C,45.39790814006366,87.06210841949935
300 °C,45.429740791268756,89.39327776141236
300 °C,45.46157344247385,87.29836819406508
300 °C,45.49340609367894,89.43221560012327
300 °C,45.525238744884035,90.90315279283351
300 °C,45.55707139608913,83.07746418643488
300 °C,45.58890404729422,86.8090115620339
300 °C,45.620736698499314,86.2649316350112
300 °C,45.65256934970441,85.23533828176606
300 °C,45.6844020009095,84.99005047772418
300 °C,45.71623465211459,87.2571951433573
300 °C,45.748067303319694,84.896618713157
300 °C,45.77989995452479,87.70207011757294
300 °C,45.81173260572988,91.14062252520476
300 °C,45.84356525693497,90.62963890087094
300 °C,45.875397908140066,89.74611838222842
300 °C,45.90723055934516,89.50764987606216
300 °C,45.93906321055025,85.2507717060496
300 °C,45.970895861755345,82.12545493146692
300 °C,46.00272851296044,91.18583940549004
300 °C,46.03456116416553,82.77455201636883
300 °C,46.066393815370624,88.53353042011506
300 °C,46.09822646657572,87.67663475878331
300 °C,46.13005911778081,82.34563855053051
300 °C,46.1618917689859,86.85044587665399
300 °C,46.193724420190996,81.63346927018736
300 °C,46.22555707139609,84.62850358605976
300 °C,46.25738972260118,90.5669493177825
300 °C,46.289222373806275,81.90120144598153
300 °C,46.32105502501137,88.91816062005479
300 °C,46.35288767621646,88.01857694000088
300 °C,46.384720327421554,85.83320797826177
300 °C,46.41655297862665,86.03919646234175
300 °C,46.44838562983174,89.67501638778353
300 °C,46.480218281036834,83.90487636651179
300 °C,46.51205093224193,86.18467894286037
300 °C,46.54388358344702,88.23489875566881
300 °C,46.57571623465211,87.4305896212279
300 °C,46.607548885857206,87.0248499101357
300 °C,46.6393815370623,86.4763035964002
300 °C,46.67121418826739,82.69251287914119
300 °C,46.703046839472485,89.52102374119023
300 °C,46.73487949067758,85.14302357161341
300 °C,46.76671214188267,89.38908328382831
300 °C,46.798544793087764,84.19892888021641
300 °C,46.83037744429286,85.64332467527711
300 °C,46.86221009549795,79.58229026001109
300 °C,46.89404274670304,81.25810472094966
300 °C,46.925875397908136,85.47911022229346
300 °C,46.95770804911323,84.84304719766178
300 °C,46.98954070031833,85.28600749072783
300 °C,47.02137335152342,86.55637568737733
300 °C,47.053206002728516,82.18776408391054
300 °C,47.08503865393361,85.4326779127615
300 °C,47.1168713051387,85.83416118901131
300 °C,47.148703956343795,86.91843500605283
300 °C,47.18053660754889,88.70280703742655
300 °C,47.21236925875398,87.69856265603738
300 °C,47.244201909959074,85.54591510590701
300 °C,47.27603456116417,86.093601832388
300 °C,47.30786721236926,82.09707466191342
300 °C,47.33969986357435,84.5283407406948
300 °C,47.371532514779446,81.88515258928338
300 °C,47.40336516598454,88.74917490184143
300 °C,47.43519781718963,88.04424104787779
300 °C,47.467030468394725,83.91629241387447
300 °C,47.49886311959982,83.91732873233498
300 °C,47.53069577080491,86.07220160019047
300 °C,47.562528422010004,87.26325685334632
300 °C,47.5943610732151,86.5127460609609
300 °C,47.62619372442019,84.0770614490565
300 °C,47.65802637562528,84.96280716572925
300 °C,47.689859026830376,85.16026576900332
300 °C,47.72169167803547,85.5572630591867
300 °C,47.75352432924056,87.19173461330041
300 °C,47.785356980445655,84.08314923773621
300 °C,47.81718963165075,89.87720888366539
300 °C,47.84902228285584,90.64479426152201
300 °C,47.880854934060935,79.63207227077268
300 °C,47.91268758526603,85.73672502377566
300 °C,47.94452023647112,88.85551712957925
300 °C,47.976352887676214,87.51583896921409
300 °C,48.00818553888131,85.82956985007048
300 °C,48.0400181900864,85.69387164455027
300 °C,48.07185084129149,85.63645555089066
300 °C,48.103683492496586,84.13661253269291
300 °C,48.13551614370168,86.12366960228184
300 °C,48.16734879490677,81.5965385851919
300 °C,48.199181446111865,85.64097880991788
300 °C,48.23101409731696,86.20122735601798
300 °C,48.26284674852206,85.95237848953462
300 °C,48.29467939972715,87.1742592154434
300 °C,48.326512050932244,86.88490795537112
300 °C,48.35834470213734,86.21529011335151
300 °C,48.39017735334243,83.32783856026794
300 °C,48.42201000454752,88.03376735362068
300 °C,48.45384265575262,85.02971755805352
300 °C,48.48567530695771,87.04537169803103
300 °C,48.5175079581628,86.75971002863687
300 °C,48.549340609367896,88.74585389159259
300 °C,48.58117326057299,91.22985945227842
300 °C,48.61300591177808,88.0576127007822
300 °C,48.644838562983175,81.72787976424247
300 °C,48.67667121418827,84.46516087412098
300 °C,48.70850386539336,89.21700753741898
300 °C,48.740336516598454,82.21179938534235
300 °C,48.77216916780355,89.64902618651564
300 °C,48.80400181900864,82.59352673984561
300 °C,48.83583447021373,87.90708713669609
300 °C,48.867667121418826,87.38004963472738
300 °C,48.89949977262392,88.0869946518862
300 °C,48.93133242382901,85.87943931518359
300 °C,48.963165075034105,89.61823395224098
300 °C,48.9949977262392,91.71356158716246
300 °C,49.02683037744429,92.77305807072173
300 °C,49.058663028649384,94.06769217332119
300 °C,49.09049567985448,87.57152201877885
300 °C,49.12232833105957,92.55452937618784
300 °C,49.15416098226466,94.50749353300124
300 °C,49.18599363346976,90.84559029247943
300 °C,49.21782628467485,95.06637137619843
300 °C,49.24965893587994,96.66663662753282
300 °C,49.281491587085036,95.77781616176014
300 °C,49.31332423829013,100.2306033414604
300 °C,49.34515688949522,98.54472079041707
300 °C,49.376989540700315,101.20154165486059
300 °C,49.40882219190541,104.18860327768536
300 °C,49.4406548431105,105.91560901992838
300 °C,49.472487494315594,108.04164346900205
300 °C,49.504320145520694,106.30555885657913
300 °C,49.53615279672579,115.18639767849685
300 °C,49.56798544793088,112.31242397010115
300 °C,49.59981809913597,114.3669117971004
300 °C,49.631650750341066,121.91385610156172
300 °C,49.66348340154616,124.15817159008807
300 °C,49.69531605275125,126.50361028052434
300 °C,49.727148703956345,130.33040520248227
300 °C,49.75898135516144,131.73078921663586
300 °C,49.79081400636653,139.29587837014446
300 °C,49.822646657571624,141.35567619114914
300 °C,49.85447930877672,143.46559981847167
300 °C,49.88631195998181,148.8036114378284
300 °C,49.918144611186904,148.97739411310377
300 °C,49.949977262392,152.8498371082758
300 °C,49.98180991359709,157.40585173714683
300 °C,50.01364256480218,161.70293849640433
300 °C,50.045475216007276,166.46965124265728
300 °C,50.07730786721237,169.260159721388
300 °C,50.10914051841746,171.8016494246617
300 °C,50.140973169622555,180.07155209126563
300 °C,50.17280582082765,180.94523500871404
300 °C,50.20463847203274,181.84609935470223
300 °C,50.236471123237834,185.87751680413652
300 °C,50.26830377444293,189.70648555398168
300 °C,50.30013642564802,191.55129536762269
300 °C,50.33196907685311,194.38662686154458
300 °C,50.363801728058206,198.52832040863655
300 °C,50.3956343792633,200.63412606889847
300 °C,50.42746703046839,205.355263269703
300 °C,50.459299681673485,205.27318249602737
300 °C,50.49113233287858,209.07994580252654
300 °C,50.52296498408367,211.99093154560117
300 °C,50.554797635288764,213.5322677375547
300 °C,50.58663028649386,210.76925747219295
300 °C,50.61846293769895,208.98568799300065
300 °C,50.650295588904044,216.00771267178015
300 °C,50.68212824010914,219.2044519807174
300 °C,50.71396089131423,213.0898716732507
300 °C,50.74579354251932,220.41486804065764
300 °C,50.77762619372442,212.71203835843892
300 °C,50.809458844929516,212.0769934950338
300 °C,50.84129149613461,214.31497835345755
300 °C,50.8731241473397,212.52156061173565
300 °C,50.904956798544795,208.94052187623885
300 °C,50.93678944974989,212.34187312793324
300 °C,50.96862210095498,208.43824312338683
300 °C,51.000454752160074,202.26907071357886
300 °C,51.03228740336517,199.94995964423921
300 °C,51.06412005457026,194.6482454649481
300 °C,51.09595270577535,196.07168764959408
300 °C,51.127785356980446,194.37887787357238
300 °C,51.15961800818554,184.19896382198465
300 °C,51.19145065939063,183.25316298380278
300 °C,51.223283310595725,179.19639861867628
300 °C,51.25511596180082,174.385530885731
300 °C,51.28694861300591,171.921929773466
300 °C,51.318781264211005,163.71243922822308
300 °C,51.3506139154161,167.0633614408085
300 °C,51.38244656662119,163.6606760841831
300 °C,51.414279217826284,160.73384764676788
300 °C,51.44611186903138,152.2708959111528
300 °C,51.47794452023647,152.5208816183677
300 °C,51.50977717144156,145.72683978483084
300 °C,51.541609822646656,144.03170049588013
300 °C,51.57344247385175,140.46510085317328
300 °C,51.60527512505684,135.07726700774273
300 °C,51.637107776261935,129.32331286390655
300 °C,51.66894042746703,125.60681179124856
300 °C,51.70077307867212,130.00237510906808
300 °C,51.732605729877214,122.92335045481866
300 °C,51.76443838108231,119.1771274677202
300 °C,51.7962710322874,113.56926377604707
300 °C,51.82810368349249,117.63670144555617
300 °C,51.859936334697586,113.30831318602344
300 °C,51.89176898590268,114.55021756214165
300 °C,51.92360163710777,110.21303527445696
300 °C,51.955434288312865,109.3044052725729
300 °C,51.98726693951796,100.98081665501572
300 °C,52.01909959072306,101.91321938070533
300 °C,52.05093224192815,99.81635423030302
300 °C,52.082764893133245,104.3486648417539
300 °C,52.11459754433834,97.70744115098331
300 °C,52.14643019554343,91.75956150456499
300 °C,52.178262846748524,95.84090801884449
300 °C,52.21009549795362,93.67017912322162
300 °C,52.24192814915871,94.2317429000241
300 °C,52.2737608003638,95.12525265488287
300 °C,52.305593451568896,94.7026401995525
300 °C,52.33742610277399,87.9624059728202
300 °C,52.36925875397908,90.72647192369246
300 °C,52.401091405184175,89.3017567103282
300 °C,52.43292405638927,90.93774486433595
300 °C,52.46475670759436,85.83234573120565
300 °C,52.496589358799454,86.78625488020378
300 °C,52.52842201000455,85.26984315306548
300 °C,52.56025466120964,85.8475837763013
300 °C,52.59208731241473,86.70159690508363
300 °C,52.62391996361983,85.41941554288853
300 °C,52.65575261482492,82.88488766714816
300 °C,52.68758526603001,87.66327564128133
300 °C,52.719417917235106,88.29616477941026
300 °C,52.7512505684402,85.02179226804955
300 °C,52.78308321964529,79.18872349247167
300 °C,52.814915870850385,84.21076130714377
300 °C,52.84674852205548,87.00337494995863
300 °C,52.87858117326057,86.83750395720159
300 °C,52.910413824465664,90.82901076733442
300 °C,52.94224647567076,86.56028633818005
300 °C,52.97407912687585,85.50276372635284
300 °C,53.00591177808094,84.09532719673507
300 °C,53.037744429286036,84.4414658917994
300 °C,53.06957708049113,83.53501256336011
300 °C,53.10140973169622,86.71616595044904
300 °C,53.133242382901315,87.47391019491252
300 °C,53.16507503410641,87.51842869979279
300 °C,53.1969076853115,90.36548167393511
300 °C,53.228740336516594,84.75880442870613
300 °C,53.260572987721694,88.6324372415648
300 °C,53.29240563892679,87.0358539496419
300 °C,53.32423829013188,85.19540022885845
300 °C,53.356070941336974,82.41435743173606
300 °C,53.38790359254207,88.12515412204526
300 °C,53.41973624374716,85.77862840555014
300 °C,53.45156889495225,82.15596899332266
300 °C,53.483401546157346,84.48303880173626
300 °C,53.51523419736244,82.28655884111798
300 °C,53.54706684856753,85.89207287458225
300 °C,53.578899499772625,85.00139899356644
300 °C,53.61073215097772,86.10660346318457
300 °C,53.64256480218281,86.47762480594974
300 °C,53.674397453387904,88.88736201474704
300 °C,53.706230104593,87.2487892218655
300 °C,53.73806275579809,86.3021779966715
300 °C,53.76989540700318,84.61074173295968
300 °C,53.801728058208276,87.19107678767523
300 °C,53.83356070941337,78.92497785277122
300 °C,53.86539336061846,82.94055323351012
300 °C,53.897226011823555,86.4942302901435
300 °C,53.92905866302865,90.00627557906863
300 °C,53.96089131423374,86.87885441394256
300 °C,53.992723965438834,85.8902790801731
300 °C,54.02455661664393,84.29877421442387
300 °C,54.05638926784902,88.32633916557651
300 °C,54.088221919054114,84.53340194138688
300 °C,54.12005457025921,88.0089264258815
300 °C,54.1518872214643,83.81514842639474
300 °C,54.18371987266939,86.9089961505698
300 °C,54.215552523874486,86.27776071614781
300 °C,54.24738517507958,82.93808257135291
300 °C,54.27921782628467,84.1547535339773
300 °C,54.311050477489765,80.54900814046108
300 °C,54.34288312869486,85.13327940020964
300 °C,54.37471577989995,86.71818556266784
300 °C,54.406548431105044,85.04200312916191
300 °C,54.43838108231014,85.99061044997259
300 °C,54.47021373351523,84.98358998400089
300 °C,54.50204638472032,84.22478853813422
300 °C,54.53387903592542,83.23403423757928
300 °C,54.565711687130516,90.43930777720696
300 °C,54.59754433833561,85.59019943428954
300 °C,54.6293769895407,83.768056410507
300 °C,54.661209640745795,86.45382816247376
300 °C,54.69304229195089,83.3237566547155
300 °C,54.72487494315598,88.41322295151734
300 °C,54.756707594361075,88.5599373087414
300 °C,54.78854024556617,82.39138785544586
300 °C,54.82037289677126,82.56210385653938
300 °C,54.852205547976354,81.20750995234755
300 °C,54.88403819918145,82.7511991772298
300 °C,54.91587085038654,86.912015105248
300 °C,54.94770350159163,90.4160471618254
300 °C,54.979536152796726,83.5489034822584
300 °C,55.01136880400182,81.75708774640538
300 °C,55.04320145520691,87.0593221818362
300 °C,55.075034106412005,83.39383386303518
300 °C,55.1068667576171,86.4488168706417
300 °C,55.13869940882219,86.11919085845209
300 °C,55.170532060027284,84.17171527175059
300 °C,55.20236471123238,83.90832606322006
300 °C,55.23419736243747,86.15364060646036
300 °C,55.26603001364256,90.88886592829907
300 °C,55.297862664847656,84.81780560797698
300 °C,55.32969531605275,84.92776484042696
300 °C,55.36152796725784,85.93267892937273
300 °C,55.393360618462935,80.8407925952902
300 °C,55.42519326966803,85.11190876024281
300 °C,55.45702592087312,84.46171970081136
300 °C,55.488858572078215,82.6363123184549
300 °C,55.52069122328331,80.61909922550065
300 °C,55.5525238744884,85.70385631700066
300 °C,55.584356525693494,90.47724389343155
300 °C,55.61618917689859,83.38585310052589
300 °C,55.64802182810368,84.04919479243235
300 °C,55.67985447930877,91.6224040409056
300 °C,55.711687130513866,85.8926620593447
300 °C,55.74351978171896,84.31035202949904
300 °C,55.77535243292406,84.29509703337412
300 °C,55.80718508412915,85.21435516723963
300 °C,55.839017735334245,81.2491632051775
300 °C,55.87085038653934,85.70811708845387
300 °C,55.90268303774443,86.454401761779
300 °C,55.934515688949524,84.03572945190535
300 °C,55.96634834015462,85.21393841773566
300 °C,55.99818099135971,84.0929072331247
300 °C,56.0300136425648,85.15690518963466
300 °C,56.0618462937699,87.38532259055596
300 °C,56.09367894497499,86.29324026607333
300 °C,56.12551159618008,85.42274699014764
300 °C,56.157344247385176,83.2461817026819
300 °C,56.18917689859027,86.01167918533133
300 °C,56.22100954979536,86.026403820838
300 °C,56.252842201000455,86.40384361216799
300 °C,56.28467485220555,84.63170602863651
300 °C,56.31650750341064,83.45156620446082
300 °C,56.348340154615734,88.80846403651182
300 °C,56.38017280582083,89.210836073493
300 °C,56.41200545702592,86.80075257035236
300 °C,56.44383810823101,85.06324123110545
300 °C,56.475670759436106,88.4918787276259
300 °C,56.5075034106412,84.11039219743837
300 °C,56.53933606184629,88.81107739237106
300 °C,56.571168713051385,86.84613596022751
300 °C,56.60300136425648,81.73039476510134
300 °C,56.63483401546157,86.89446940285148
300 °C,56.666666666666664,84.50231525241887
300 °C,56.69849931787176,82.56987375953261
300 °C,56.73033196907685,87.94750688869244
300 °C,56.76216462028194,83.6062492132971
300 °C,56.79399727148704,86.81349590422201
300 °C,56.82582992269213,83.83393675927509
300 °C,56.85766257389722,82.13246158232548
300 °C,56.889495225102316,84.0134984738085
300 °C,56.92132787630741,84.92861718295231
300 °C,56.9531605275125,84.68770589494582
300 °C,56.984993178717595,84.05496804068734
300 °C,57.016825829922695,83.4261624803063
300 °C,57.04865848112779,85.1388007340701
300 °C,57.08049113233288,89.22873353424727
300 °C,57.112323783537974,81.38632571679234
300 °C,57.14415643474307,85.08192814232557
300 °C,57.17598908594816,86.19989585246933
300 °C,57.20782173715325,85.0560365184204
300 °C,57.239654388358346,86.57244966366495
300 °C,57.27148703956344,83.69661803789941
300 °C,57.30331969076853,82.98547297930455
300 °C,57.335152341973625,85.88025769386265
300 °C,57.36698499317872,83.29558630399417
300 °C,57.39881764438381,85.79969306312768
300 °C,57.430650295588904,83.89256048908008
300 °C,57.462482946794,89.60816600441268
300 °C,57.49431559799909,85.66560281770354
300 °C,57.526148249204184,84.58561520457673
300 °C,57.55798090040928,85.26623027721945
300 °C,57.58981355161437,86.81317194299606
300 °C,57.62164620281946,86.11715570216825
300 °C,57.653478854024556,84.90286176453016
300 °C,57.68531150522965,85.9619164283196
300 °C,57.71714415643474,91.26634544769537
300 °C,57.748976807639835,82.12305074447939
300 °C,57.78080945884493,81.90690329523865
300 °C,57.81264211005002,84.41350102065006
300 °C,57.844474761255114,84.45299129943663
300 °C,57.87630741246021,83.97651466515723
300 °C,57.9081400636653,84.81471512463898
300 °C,57.93997271487039,85.66491744910549
300 °C,57.971805366075486,84.77624172815567
300 °C,58.00363801728058,83.15736071897838
300 °C,58.03547066848567,87.1954855317837
300 °C,58.067303319690765,83.34501241908998
300 °C,58.09913597089586,90.31565092419467
300 °C,58.13096862210095,79.28263138984637
300 °C,58.162801273306044,81.95458747621612
300 °C,58.19463392451114,83.81123401500028
300 °C,58.22646657571623,88.00632125805527
300 °C,58.258299226921324,88.77207410945113
300 °C,58.290131878126424,81.44433506677095
300 °C,58.32196452933152,83.71083850178408
300 °C,58.35379718053661,85.5338972281069
300 °C,58.3856298317417,85.15625899766418
300 °C,58.417462482946796,83.0041005640192
300 °C,58.44929513415189,82.14322625223731
300 °C,58.48112778535698,85.84720934215233
300 °C,58.512960436562075,83.54787735864299
300 °C,58.54479308776717,86.08466808002817
300 °C,58.57662573897226,84.12366335842283
300 °C,58.608458390177354,80.27047915625192
300 °C,58.64029104138245,82.1067324479587
300 °C,58.67212369258754,79.30782690619847
300 °C,58.70395634379263,85.72899301965704
300 °C,58.735788994997726,84.36172177679931
300 °C,58.76762164620282,86.8483760218314
300 °C,58.79945429740791,82.02274865022271
300 °C,58.831286948613005,82.19702386295467
300 °C,58.8631195998181,82.50911427655146
300 °C,58.89495225102319,83.72315188406851
300 °C,58.926784902228285,82.75122212480022
300 °C,58.95861755343338,83.94978728426837
300 °C,58.99045020463847,82.51512797702374
300 °C,59.022282855843564,84.70374606005313
300 °C,59.05411550704866,83.17532898931864
300 °C,59.08594815825375,88.52032010883607
300 °C,59.11778080945884,83.82077544160204
300 °C,59.149613460663936,89.72829650429091
300 °C,59.18144611186903,84.39643640976202
300 °C,59.21327876307412,80.69849857536845
300 °C,59.245111414279215,84.40126175657443
300 °C,59.27694406548431,86.28683492564342
300 °C,59.3087767166894,87.11878549752942
300 °C,59.340609367894494,83.7915636060922
300 °C,59.37244201909959,83.82444905405944
300 °C,59.40427467030468,84.65047284975172
300 °C,59.43610732150977,83.36396312203165
300 °C,59.467939972714866,85.39465931966474
300 °C,59.49977262391996,82.51948223070994
300 °C,59.53160527512506,77.63027905041682
300 °C,59.56343792633015,80.49074798562539
300 °C,59.595270577535246,84.19101600023595
300 °C,59.62710322874034,83.80564284755268
300 °C,59.65893587994543,82.56910897899127
300 °C,59.690768531150525,84.69959101152672
300 °C,59.72260118235562,86.69477698904913
300 °C,59.75443383356071,84.37053414979388
300 °C,59.786266484765804,87.76466348914437
300 °C,59.8180991359709,87.8469546849664
300 °C,59.84993178717599,85.70510981518687
300 °C,59.88176443838108,83.98854254626586
300 °C,59.913597089586176,84.43857865129296
300 °C,59.94542974079127,87.87003270977648
300 °C,59.97726239199636,89.3311937684549
300 °C,60.009095043201455,88.78416185176063
300 °C,60.04092769440655,86.19021215250264
300 °C,60.07276034561164,85.86375217176058
300 °C,60.104592996816734,85.31692663235623
300 °C,60.13642564802183,89.54677242537993
300 °C,60.16825829922692,84.44506020025321
300 °C,60.20009095043201,82.72277695058392
300 °C,60.23192360163711,84.25963822551734
300 °C,60.2637562528422,81.50715413973474
300 °C,60.29558890404729,85.56616257156908
300 °C,60.327421555252386,86.00397516018812
300 °C,60.35925420645748,83.26558112007602
300 °C,60.39108685766257,86.60424350182365
300 °C,60.422919508867665,82.35338495565816
300 °C,60.45475216007276,78.75811932487505
300 °C,60.48658481127785,81.20276334915951
300 °C,60.518417462482944,86.11802569304879
300 °C,60.55025011368804,84.1107521038827
300 °C,60.58208276489313,83.7097105400418
300 °C,60.61391541609822,87.02589192923378
300 °C,60.645748067303316,82.96522636595755
300 °C,60.67758071850841,83.3299801071356
300 °C,60.7094133697135,83.36828964825455
300 °C,60.741246020918595,84.64677917163309
300 °C,60.77307867212369,90.14802244623888
300 °C,60.80491132332879,81.65827470013451
300 °C,60.83674397453388,79.17492141961225
300 °C,60.868576625738974,86.51584034295307
300 °C,60.90040927694407,86.88456804802473
300 °C,60.93224192814916,83.02876863862622
300 °C,60.964074579354254,84.83058376422001
300 °C,60.99590723055935,77.2695380430515
300 °C,61.02773988176444,81.87270843245238
300 °C,61.05957253296953,86.09724038334262
300 °C,61.091405184174626,83.65722933685596
300 °C,61.12323783537972,85.33511577746586
300 °C,61.15507048658481,86.86132478961315
300 °C,61.186903137789905,81.29628318829984
300 °C,61.218735788995,80.77498458890454
300 °C,61.25056844020009,87.86063347291375
300 °C,61.282401091405184,87.81770019680175
300 °C,61.31423374261028,85.66393758981518
300 °C,61.34606639381537,84.46739898534386
300 °C,61.37789904502046,89.60744251816158
300 °C,61.409731696225556,86.50765298613067
300 °C,61.44156434743065,88.9718249420381
300 °C,61.47339699863574,86.85841410984119
300 °C,61.505229649840835,85.01901107286626
300 °C,61.53706230104593,84.22648485984385
300 °C,61.56889495225102,87.27289687583551
300 °C,61.600727603456114,85.25650860336744
300 °C,61.63256025466121,80.76095843354817
300 °C,61.6643929058663,83.46249883509358
300 °C,61.69622555707139,82.63082356405243
300 °C,61.72805820827649,83.53965319754589
300 °C,61.75989085948158,84.89392260675668
300 °C,61.79172351068667,81.26483737059094
300 °C,61.823556161891766,80.77758497872809
300 °C,61.85538881309686,83.46990757176043
300 °C,61.88722146430195,82.7820392247552
300 °C,61.919054115507045,81.73691801499498
300 °C,61.95088676671214,79.90317705006852
300 °C,61.98271941791723,82.64554395481129
300 °C,62.014552069122324,84.57702598016786
300 °C,62.046384720327424,85.80056347463137
300 °C,62.07821737153252,81.38218622106098
300 °C,62.11005002273761,86.1735610830422
300 °C,62.1418826739427,83.60488131787564
300 °C,62.173715325147796,83.60050031615155
300 °C,62.20554797635289,83.24108926124012
300 °C,62.23738062755798,86.89082221929036
300 °C,62.269213278763075,87.13681434902323
300 °C,62.30104592996817,80.77746001311579
300 °C,62.33287858117326,84.07697459881105
300 °C,62.364711232378355,86.36180744015991
300 °C,62.39654388358345,87.50957602568273
300 °C,62.42837653478854,83.60472785388356
300 °C,62.460209185993634,85.11128559860724
300 °C,62.49204183719873,83.90581120709513
300 °C,62.52387448840382,87.0194315377564
300 °C,62.55570713960891,82.83247034708295
300 °C,62.587539790814006,89.0505206998891
300 °C,62.6193724420191,81.79747202740901
300 °C,62.65120509322419,86.12631865926218
300 °C,62.683037744429285,86.35342550218023
300 °C,62.71487039563438,83.74571436533792
300 °C,62.74670304683947,84.5930378314739
300 °C,62.778535698044564,85.96062546919266
300 °C,62.81036834924966,84.90150554683142
300 °C,62.84220100045475,85.92460790856828
300 °C,62.87403365165984,80.3890998021146
300 °C,62.905866302864936,82.85671622183618
300 °C,62.93769895407003,87.83119720016407
300 °C,62.96953160527512,86.53323608463278
300 °C,63.001364256480215,84.23138359673683
300 °C,63.03319690768531,85.54074895950363
300 °C,63.0650295588904,85.61187628825607
300 °C,63.096862210095495,81.26784603803955
300 °C,63.12869486130059,81.27111188310816
300 °C,63.16052751250568,89.01178630161507
300 °C,63.192360163710774,86.17601084784707
300 °C,63.22419281491587,86.38637680294069
300 °C,63.25602546612096,81.81253851578649
300 °C,63.28785811732606,79.49271331755948
300 °C,63.31969076853115,84.86784704937273
300 °C,63.351523419736246,83.54053095503822
300 °C,63.38335607094134,85.81914386778377
300 °C,63.41518872214643,79.97984900524548
300 °C,63.447021373351525,82.18730325516987
300 °C,63.47885402455662,85.43775903978079
300 °C,63.51068667576171,81.26281257155564
300 °C,63.542519326966804,83.4512450732736
300 °C,63.5743519781719,87.45363775284622
300 °C,63.60618462937699,87.70494459721112
300 °C,63.63801728058208,78.04987903495955
300 °C,63.669849931787176,86.60163409625488
300 °C,63.70168258299227,84.39268999305843
300 °C,63.73351523419736,80.29209615964243
300 °C,63.765347885402456,78.69330281563099
300 °C,63.79718053660755,84.11116885112936
300 °C,63.82901318781264,82.37978457345102
300 °C,63.860845839017735,83.52082720060233
300 °C,63.89267849022283,81.63634680853639
300 °C,63.92451114142792,79.8597153029122
300 °C,63.956343792633014,85.40467679041464
300 °C,63.98817644383811,81.77952105141888
300 °C,64.0200090950432,79.7658108420581
300 °C,64.0518417462483,83.26961983259999
300 °C,64.0836743974534,85.8467097155661
300 °C,64.11550704865849,81.73816247611592
300 °C,64.14733969986358,84.04306754998221
300 °C,64.17917235106867,83.9113386777617
300 °C,64.21100500227377,83.7174588665079
300 °C,64.24283765347886,86.56118513400386
300 °C,64.27467030468395,80.62162087276604
300 °C,64.30650295588904,85.6258245801201
300 °C,64.33833560709414,81.97568382519896
300 °C,64.37016825829923,83.45810999003083
300 °C,64.40200090950432,88.40269403161959
300 °C,64.43383356070942,93.0383865555364
300 °C,64.46566621191451,83.7572712984887
300 °C,64.4974988631196,86.4207074660397
300 °C,64.5293315143247,88.05013864430735
300 °C,64.56116416552979,85.71569587778481
300 °C,64.59299681673488,80.75618074144742
300 °C,64.62482946793997,83.6564880182709
300 °C,64.65666211914507,82.11398939526693
300 °C,64.68849477035016,87.47016650815216
300 °C,64.72032742155525,83.84876078511081
300 °C,64.75216007276035,81.90878898765892
300 °C,64.78399272396544,83.5211357899267
300 °C,64.81582537517053,82.79207097751166
300 °C,64.84765802637563,84.13008792740666
300 °C,64.87949067758072,83.95395900551401
300 °C,64.91132332878581,78.92389814249235
300 °C,64.9431559799909,84.26968766506197
300 °C,64.974988631196,85.09614307274782
300 °C,65.00682128240109,81.88572819710356
300 °C,65.03865393360618,81.46557054873054
300 °C,65.07048658481128,84.75208075309237
300 °C,65.10231923601637,81.80472409972617
300 °C,65.13415188722146,84.43756931125448
300 °C,65.16598453842656,88.2496561228356
300 °C,65.19781718963165,83.82086365632017
300 °C,65.22964984083674,76.22928757496828
300 °C,65.26148249204184,81.47344833282517
300 °C,65.29331514324693,85.01914109669877
300 °C,65.32514779445202,79.60860405593571
300 °C,65.35698044565711,80.9125812939873
300 °C,65.38881309686221,83.75186206657213
300 °C,65.4206457480673,79.95012607103921
300 °C,65.4524783992724,87.21456249274902
300 °C,65.48431105047749,81.34600729339587
300 °C,65.51614370168258,86.93967626785796
300 °C,65.54797635288767,85.20418067711704
300 °C,65.57980900409277,84.7336596659359
300 °C,65.61164165529786,83.9331299622365
300 °C,65.64347430650295,83.12417889164385
300 °C,65.67530695770805,82.3039837607809
300 °C,65.70713960891314,85.60361020092824
300 °C,65.73897226011823,84.29488915219353
300 °C,65.77080491132332,85.85846987380123
300 °C,65.80263756252842,87.77793052971822
300 °C,65.83447021373351,86.62172769749179
300 °C,65.8663028649386,83.6796099618125
300 °C,65.8981355161437,87.12542639020585
300 °C,65.92996816734879,82.88524784393445
300 °C,65.96180081855388,83.10148071327346
300 °C,65.99363346975898,85.09620927782065
300 °C,66.02546612096407,82.29512524152625
300 °C,66.05729877216916,85.80476663864408
300 °C,66.08913142337425,87.25229990596361
300 °C,66.12096407457935,83.8013610508954
300 °C,66.15279672578444,82.79176039763212
300 °C,66.18462937698953,82.97167664179982
300 °C,66.21646202819463,84.60541660365762
300 °C,66.24829467939972,82.04657692285559
300 °C,66.28012733060481,88.25984367863248
300 °C,66.3119599818099,80.21581291969052
300 °C,66.343792633015,81.53329580441047
300 °C,66.37562528422009,89.06824675897589
300 °C,66.40745793542519,84.67911952865445
300 °C,66.43929058663028,86.49470280091269
300 °C,66.47112323783537,81.14286969908144
300 °C,66.50295588904046,84.3952021180822
300 °C,66.53478854024556,82.86050745110578
300 °C,66.56662119145065,81.50331099189694
300 °C,66.59845384265574,83.21176586610382
300 °C,66.63028649386084,82.55950934177959
300 °C,66.66211914506593,85.35371696174109
300 °C,66.69395179627102,84.26018192283288
300 °C,66.72578444747612,84.1722532219284
300 °C,66.75761709868121,85.9284016402502
300 °C,66.7894497498863,85.11714824008503
300 °C,66.8212824010914,82.99805612807779
300 °C,66.85311505229649,85.15428556128312
300 °C,66.88494770350158,82.48624279975337
300 °C,66.91678035470667,81.35956082716113
300 °C,66.94861300591177,80.54205036820925
300 °C,66.98044565711686,85.24286382359227
300 °C,67.01227830832195,83.71097239995204
300 °C,67.04411095952706,83.85701621172267
300 °C,67.07594361073215,84.20119525385682
300 °C,67.10777626193725,81.94930094999097
300 °C,67.13960891314234,85.88257736208621
300 °C,67.17144156434743,85.19435587703595
300 °C,67.20327421555253,83.72498701872598
300 °C,67.23510686675762,82.52186971878581
300 °C,67.26693951796271,84.74039069361312
300 °C,67.2987721691678,82.71929987178466
300 °C,67.3306048203729,81.69196256159701
300 °C,67.36243747157799,87.31425483780792
300 °C,67.39427012278308,89.06970511626396
300 °C,67.42610277398818,81.34003370313567
300 °C,67.45793542519327,81.2051129843626
300 °C,67.48976807639836,82.24028237037648
300 °C,67.52160072760346,82.82210825688408
300 °C,67.55343337880855,84.66270527117885
300 °C,67.58526603001364,83.03096854892473
300 °C,67.61709868121874,85.65664227378998
300 °C,67.64893133242383,83.90562839314227
300 °C,67.68076398362892,82.12977168169594
300 °C,67.71259663483401,81.97489264206503
300 °C,67.74442928603911,82.27431063150658
300 °C,67.7762619372442,84.48553436191467
300 °C,67.8080945884493,83.38722760437108
300 °C,67.83992723965439,84.49481655226042
300 °C,67.87175989085948,86.3680599364146
300 °C,67.90359254206457,81.92675087520026
300 °C,67.93542519326967,89.49001248341705
300 °C,67.96725784447476,87.61975381437281
300 °C,67.99909049567985,76.35665564118162
300 °C,68.03092314688494,81.70636332645779
300 °C,68.06275579809004,84.01401996034674
300 °C,68.09458844929513,84.10995086629488
300 °C,68.12642110050022,83.9129343188252
300 °C,68.15825375170532,87.4676718212611
300 °C,68.19008640291041,82.65537067074801
300 °C,68.2219190541155,80.55642747546905
300 °C,68.2537517053206,84.390066500853
300 °C,68.28558435652569,81.34529049582586
300 °C,68.3174170077308,87.9716152725977
300 °C,68.34924965893589,83.21604800926568
300 °C,68.38108231014098,86.99156480983741
300 °C,68.41291496134608,84.29200230806107
300 °C,68.44474761255117,89.00357287456549
300 °C,68.47658026375626,86.73118809093252
300 °C,68.50841291496135,83.79783611504156
300 °C,68.54024556616645,84.47651544049515
300 °C,68.57207821737154,78.22694675408383
300 °C,68.60391086857663,86.6634037159241
300 °C,68.63574351978173,82.95888647482052
300 °C,68.66757617098682,79.23523864034806
300 °C,68.69940882219191,80.66058292805991
300 °C,68.731241473397,86.6903331298382
300 °C,68.7630741246021,81.18801332162302
300 °C,68.79490677580719,82.27005879750281
300 °C,68.82673942701228,85.92662976909625
300 °C,68.85857207821738,85.15448351365684
300 °C,68.89040472942247,83.23679980587673
300 °C,68.92223738062756,83.40126501587011
300 °C,68.95407003183266,85.95053018961453
300 °C,68.98590268303775,87.44507160522713
300 °C,69.01773533424284,85.26676507508883
300 °C,69.04956798544794,80.62905719108781
300 °C,69.08140063665303,84.05820913395553
300 °C,69.11323328785812,83.17941231870623
300 °C,69.14506593906322,80.53254315993335
300 °C,69.17689859026831,83.05829470245737
300 °C,69.2087312414734,82.05144631838074
300 °C,69.2405638926785,85.02594936025537
300 °C,69.27239654388359,80.83119821870011
300 °C,69.30422919508868,84.65988370454448
300 °C,69.33606184629377,82.4442679239539
300 °C,69.36789449749887,82.83842166250204
300 °C,69.39972714870396,81.09495143610489
300 °C,69.43155979990905,81.13483252992714
300 °C,69.46339245111415,81.5249340501456
300 °C,69.49522510231924,81.79879592603376
300 °C,69.52705775352433,81.66261627867698
300 °C,69.55889040472942,83.98944612353189
300 °C,69.59072305593452,87.5511182226385
300 °C,69.62255570713961,88.81616322153107
300 °C,69.6543883583447,85.05784443640323
300 °C,69.6862210095498,81.81679050760349
300 °C,69.71805366075489,79.05119823893125
300 °C,69.74988631195998,85.23756067290836
300 °C,69.78171896316508,85.43149469417561
300 °C,69.81355161437017,89.8114975859427
300 °C,69.84538426557526,84.65027837423617
300 °C,69.87721691678036,83.92852444489154
300 °C,69.90904956798545,88.08046252835378
300 °C,69.94088221919054,85.90186694126746
300 °C,69.97271487039563,85.07752085102008
300 °C,70.00454752160073,85.81802587462924
300 °C,70.03638017280582,83.25664927968798
300 °C,70.06821282401091,82.83288318644446
300 °C,70.100045475216,82.70078203768965
300 °C,70.1318781264211,86.24169142328287
300 °C,70.16371077762619,83.71387218980935
300 °C,70.19554342883129,85.64811994080426
300 °C,70.22737608003638,84.45346100095354
300 °C,70.25920873124147,86.68612800093648
300 °C,70.29104138244656,84.63503266998899
300 °C,70.32287403365166,79.3508075785835
300 °C,70.35470668485675,85.97662057389971
300 °C,70.38653933606184,81.84612687818209
300 °C,70.41837198726694,81.2797067640906
300 °C,70.45020463847203,85.6118419595184
300 °C,70.48203728967712,82.25419428619547
300 °C,70.51386994088222,85.33748325255308
300 °C,70.54570259208731,79.066236563014
300 °C,70.5775352432924,86.6256708102469
300 °C,70.6093678944975,83.29400035537337
300 °C,70.64120054570259,85.5599121543292
300 °C,70.67303319690768,85.44197481186579
300 °C,70.70486584811277,89.09103875466305
300 °C,70.73669849931787,85.49713431339296
300 °C,70.76853115052296,81.88443165461719
300 °C,70.80036380172805,79.18446443651197
300 °C,70.83219645293315,88.59456266389847
300 °C,70.86402910413824,83.33203202605024
300 °C,70.89586175534333,85.82871736540243
300 °C,70.92769440654843,83.59686749794623
300 °C,70.95952705775352,83.90562305076168
300 °C,70.99135970895861,82.27581158525487
300 °C,71.0231923601637,86.85394881909357
300 °C,71.0550250113688,78.89817007402763
300 °C,71.08685766257389,85.93031843395069
300 °C,71.11869031377898,84.60213581518434
300 °C,71.15052296498408,87.02893999801157
300 °C,71.18235561618917,83.70033575775989
300 °C,71.21418826739426,84.8426032782019
300 °C,71.24602091859936,81.26886998076876
300 °C,71.27785356980445,83.92232233854068
300 °C,71.30968622100954,83.63056123975159
300 °C,71.34151887221464,84.17675192462015
300 °C,71.37335152341973,76.50508217989555
300 °C,71.40518417462482,84.97587733640808
300 °C,71.43701682582991,82.70735441231984
300 °C,71.46884947703501,83.3955654038113
300 °C,71.5006821282401,82.85740961756127
300 °C,71.5325147794452,82.15995344005212
300 °C,71.56434743065029,89.1927022087279
300 °C,71.59618008185538,80.8526285299479
300 °C,71.62801273306047,81.81070126800732
300 °C,71.65984538426557,87.16488463866499
300 °C,71.69167803547066,82.42634752438995
300 °C,71.72351068667575,79.10100334961037
300 °C,71.75534333788084,85.50288148273086
300 °C,71.78717598908594,82.43778405829345
300 °C,71.81900864029103,84.69003103239174
300 °C,71.85084129149612,79.46882956560276
300 °C,71.88267394270122,82.36376020468461
300 °C,71.91450659390631,87.59831963641093
300 °C,71.9463392451114,84.48582776897871
300 °C,71.9781718963165,83.1795423413516
300 °C,72.01000454752159,85.03180564734377
300 °C,72.04183719872668,82.68551524131584
300 °C,72.07366984993179,83.711410487257
300 °C,72.10550250113688,81.998830681648
300 °C,72.13733515234198,79.64470626277178
300 °C,72.16916780354707,84.54325844978318
300 °C,72.20100045475216,81.56806333752363
300 °C,72.23283310595725,85.46127958788436
300 °C,72.26466575716235,82.07357846990676
300 °C,72.29649840836744,81.02774945171439
300 °C,72.32833105957253,81.0265850966596
300 °C,72.36016371077763,78.72654572644528
300 °C,72.39199636198272,84.38997476005373
300 °C,72.42382901318781,82.03305827290548
300 °C,72.4556616643929,82.2172111542284
300 °C,72.487494315598,81.73467871862613
300 °C,72.51932696680309,85.3277564378458
300 °C,72.55115961800819,81.23199977198665
300 °C,72.58299226921328,82.0452766506892
300 °C,72.61482492041837,84.01627104973711
300 °C,72.64665757162346,81.35749358872796
300 °C,72.67849022282856,78.90439940734265
300 °C,72.71032287403365,82.19869792255024
300 °C,72.74215552523874,83.35590503674635
300 °C,72.77398817644384,84.8865677167572
300 °C,72.80582082764893,85.04244999460838
300 °C,72.83765347885402,86.37171205728471
300 °C,72.86948613005912,81.49227673897083
300 °C,72.90131878126421,84.33427234372763
300 °C,72.9331514324693,84.88515630573471
300 °C,72.9649840836744,84.36328247348503
300 °C,72.99681673487949,84.23746272817023
300 °C,73.02864938608458,83.07594943562424
300 °C,73.06048203728967,83.48383267471573
300 °C,73.09231468849477,81.26636343792153
300 °C,73.12414733969986,83.45665431730583
300 °C,73.15597999090495,80.99553003896015
300 °C,73.18781264211005,84.14217265103245
300 °C,73.21964529331514,83.35212301045512
300 °C,73.25147794452023,83.24023680959657
300 °C,73.28331059572533,83.13000024170952
300 °C,73.31514324693043,83.62257766611238
300 °C,73.34697589813553,84.50852223093011
300 °C,73.37880854934062,80.38553391073152
300 °C,73.41064120054571,84.11980385590235
300 °C,73.4424738517508,78.84955089170407
300 °C,73.4743065029559,82.22585052642904
300 °C,73.50613915416099,85.53186264704921
300 °C,73.53797180536608,81.70850033012415
300 °C,73.56980445657118,82.31747776466223
300 °C,73.60163710777627,85.96292973676121
300 °C,73.63346975898136,81.20914165961207
300 °C,73.66530241018646,85.75827549440528
300 °C,73.69713506139155,83.60992104734692
300 °C,73.72896771259664,81.71623993438766
300 °C,73.76080036380174,85.29609868226625
300 °C,73.79263301500683,83.69937642630754
300 °C,73.82446566621192,81.76100261016487
300 °C,73.85629831741701,88.07729833026997
300 °C,73.88813096862211,80.95277842271102
300 °C,73.9199636198272,83.8673344401981
300 °C,73.9517962710323,83.69608466756893
300 °C,73.98362892223739,81.65283189998073
300 °C,74.01546157344248,84.15522490456642
300 °C,74.04729422464757,85.37871589788351
300 °C,74.07912687585267,85.88655703372366
300 °C,74.11095952705776,81.26452675155288
300 °C,74.14279217826285,80.89888084151008
300 °C,74.17462482946794,80.20838873863241
300 °C,74.20645748067304,86.85500974806268
300 °C,74.23829013187813,84.70634992899362
300 °C,74.27012278308322,80.43212023865226
300 °C,74.30195543428832,81.7767940679002
300 °C,74.33378808549341,83.90587578387037
300 °C,74.3656207366985,82.0826445584959
300 °C,74.3974533879036,83.62781642579992
300 °C,74.42928603910869,82.06622447517107
300 °C,74.46111869031378,83.29076502206331
300 °C,74.49295134151888,83.05205797396161
300 °C,74.52478399272397,82.36019831173999
300 °C,74.55661664392906,83.6735815572668
300 °C,74.58844929513415,85.51400474532028
300 °C,74.62028194633925,83.249340678983
300 °C,74.65211459754434,80.1933506054687
300 °C,74.68394724874943,85.29661553575767
300 °C,74.71577989995453,84.67119786263227
300 °C,74.74761255115962,79.60012870441423
300 °C,74.77944520236471,86.57712051596381
300 °C,74.8112778535698,86.57816537793055
300 °C,74.8431105047749,80.31136207544729
300 °C,74.87494315597999,86.27042275780805
300 °C,74.90677580718508,85.73781999594527
300 °C,74.93860845839018,81.52493663460548
300 °C,74.97044110959527,85.83488050962507
300 °C,75.00227376080036,85.99777369427173
300 °C,75.03410641200546,86.30093253786407
300 °C,75.06593906321055,82.86073333979316
300 °C,75.09777171441564,79.68196526278858
300 °C,75.12960436562074,82.25605130179225
300 °C,75.16143701682583,82.54012551281177
300 °C,75.19326966803092,87.94657223380038
300 °C,75.22510231923602,83.11018880136041
300 °C,75.25693497044111,83.84556653333905
300 °C,75.2887676216462,84.91758569795986
300 °C,75.3206002728513,83.55236696551825
300 °C,75.35243292405639,83.88894128947305
300 °C,75.38426557526148,77.37653281816915
300 °C,75.41609822646657,84.53325092860774
300 °C,75.44793087767167,85.76611428051325
300 °C,75.47976352887676,81.44967605873134
300 °C,75.51159618008185,85.10515600880709
300 °C,75.54342883128695,85.24435264158143
300 °C,75.57526148249204,82.78482045860794
300 °C,75.60709413369713,86.84790164811021
300 °C,75.63892678490222,82.20262066214673
300 °C,75.67075943610732,80.05037104380746
300 °C,75.70259208731241,79.94053285145188
300 °C,75.7344247385175,77.52573217729689
300 °C,75.7662573897226,84.99938922211912
300 °C,75.79809004092769,83.83762718845344
300 °C,75.82992269213278,85.82094867191252
300 °C,75.86175534333788,83.9242213835464
300 °C,75.89358799454297,80.02355416278847
300 °C,75.92542064574806,82.41112464885462
300 °C,75.95725329695316,85.15634608620978
300 °C,75.98908594815825,82.36912761548031
300 °C,76.02091859936334,84.01282273530911
300 °C,76.05275125056843,79.14777130103344
300 °C,76.08458390177353,82.75328961414525
300 °C,76.11641655297862,83.5151698780923
300 °C,76.14824920418371,85.77129636002576
300 °C,76.1800818553888,83.54405511708933
300 °C,76.2119145065939,84.35865381979096
300 °C,76.24374715779899,87.08397652155072
300 °C,76.27557980900409,85.25905111442579
300 °C,76.30741246020918,87.90988701298122
300 °C,76.33924511141427,82.56152869093401
300 °C,76.37107776261936,81.56158717002982
300 °C,76.40291041382446,79.60715765862497
300 °C,76.43474306502955,82.42964516270115
300 °C,76.46657571623466,82.46241957291429
300 °C,76.49840836743975,81.00194136312014
300 °C,76.53024101864484,86.11656386281639
300 °C,76.56207366984994,79.79455406428329
300 °C,76.59390632105503,79.54933344280522
300 °C,76.62573897226012,81.91073656970012
300 °C,76.65757162346522,80.70823906109074
300 °C,76.68940427467031,80.8813258868619
300 °C,76.7212369258754,85.0323814042975
300 °C,76.7530695770805,83.22037609975834
300 °C,76.78490222828559,83.6968059518132
300 °C,76.81673487949068,80.12423103213708
300 °C,76.84856753069577,83.81588776139023
300 °C,76.88040018190087,84.8116570495839
300 °C,76.91223283310596,83.76704575771844
300 °C,76.94406548431105,82.83664055198497
300 °C,76.97589813551615,81.63242988465453
300 °C,77.00773078672124,85.92127239512627
300 °C,77.03956343792633,81.56481040800185
300 °C,77.07139608913143,88.36257471101455
300 °C,77.10322874033652,85.77704364234847
300 °C,77.13506139154161,80.10843250197875
300 °C,77.1668940427467,80.28516092206517
300 °C,77.1987266939518,83.0035658599979
300 °C,77.23055934515689,82.82057073218688
300 °C,77.26239199636198,80.25956241793017
300 °C,77.29422464756708,77.96477274958296
300 °C,77.32605729877217,80.80085451921434
300 °C,77.35788994997726,83.58674499420921
300 °C,77.38972260118236,84.14300459055707
300 °C,77.42155525238745,79.26472800400451
300 °C,77.45338790359254,81.5566266203234
300 °C,77.48522055479764,80.37920077836824
300 °C,77.51705320600273,83.10962504627484
300 °C,77.54888585720782,85.68038404095638
300 °C,77.58071850841291,83.44430491901039
300 °C,77.61255115961801,84.89403443929154
300 °C,77.6443838108231,85.56118623825382
300 °C,77.6762164620282,85.67252603243301
300 °C,77.70804911323329,87.82575660719856
300 °C,77.73988176443838,84.66481310294378
300 °C,77.77171441564347,82.0116355409312
300 °C,77.80354706684857,82.8648412936314
300 °C,77.83537971805366,86.66521054744602
300 °C,77.86721236925875,85.13295138375588
300 °C,77.89904502046384,87.73117930068192
300 °C,77.93087767166894,81.91765083404688
300 °C,77.96271032287403,85.17495028412685
300 °C,77.99454297407912,81.2065506063374
300 °C,78.02637562528422,88.23550545562063
300 °C,78.05820827648931,80.54494905627051
300 °C,78.0900409276944,85.84488243874254
300 °C,78.1218735788995,83.91393835471553
300 °C,78.15370623010459,80.49096444487563
300 °C,78.18553888130968,82.7047179380582
300 °C,78.21737153251478,79.2453300096946
300 °C,78.24920418371987,84.35121971145513
300 °C,78.28103683492496,82.62560340778343
300 °C,78.31286948613005,82.41770645449749
300 °C,78.34470213733515,81.59649236117961
300 °C,78.37653478854024,84.94706333363973
300 °C,78.40836743974533,83.44894398798832
300 °C,78.44020009095043,80.6028708115506
300 °C,78.47203274215552,82.2892571967348
300 °C,78.50386539336061,85.24573195533114
300 °C,78.5356980445657,80.05045814781953
300 °C,78.5675306957708,84.13247173809589
300 °C,78.59936334697589,85.33436474377848
300 °C,78.63119599818098,82.1899997401289
300 °C,78.66302864938608,87.55057574241111
300 °C,78.69486130059117,81.99864502037485
300 °C,78.72669395179626,76.07043783585893
300 °C,78.75852660300136,83.39242600320068
300 °C,78.79035925420645,79.1996792380969
300 °C,78.82219190541154,79.99790835481355
300 °C,78.85402455661664,78.78878950475233
300 °C,78.88585720782173,86.35466322321027
300 °C,78.91768985902682,86.45323583206286
300 °C,78.94952251023192,78.83377071215489
300 °C,78.98135516143702,81.03761218299714
300 °C,79.01318781264212,85.82895105984181
300 °C,79.04502046384721,83.53533939866499
300 °C,79.0768531150523,83.07548364547321
300 °C,79.1086857662574,79.74229205063821
300 °C,79.14051841746249,82.67180543678087
300 °C,79.17235106866758,84.07991418345343
300 °C,79.20418371987267,83.03968398738112
300 °C,79.23601637107777,82.60888012997059
300 °C,79.26784902228286,80.78073639689221
300 °C,79.29968167348795,85.38348948219564
300 °C,79.33151432469305,81.13790076288505
300 °C,79.36334697589814,82.47716766283216
300 °C,79.39517962710323,88.25269406558476
300 °C,79.42701227830833,76.86189272362958
300 °C,79.45884492951342,84.34956997443942
300 °C,79.49067758071851,82.06857951107268
300 °C,79.5225102319236,83.58495026163332
300 °C,79.5543428831287,86.41653454190268
300 °C,79.58617553433379,81.72867027903811
300 °C,79.61800818553888,86.31821390707269
300 °C,79.64984083674398,79.70327140615643
300 °C,79.68167348794907,81.3536037478753
300 °C,79.71350613915416,80.60796255210998
300 °C,79.74533879035926,83.01704560935163
300 °C,79.77717144156435,84.16133314979612
300 °C,79.80900409276944,84.61109491291963
300 °C,79.84083674397453,85.45890481404277
300 °C,79.87266939517963,83.15268256840378
300 °C,79.90450204638472,85.94094640436069
300 °C,79.93633469758981,82.68068071371167
300 °C,79.9681673487949,83.55095972294554
300 °C,80.0,82.36559243240858
400 °C,10.0,397.0565933925304
400 °C,10.031832651205093,402.1784383682706
400 °C,10.063665302410186,400.6547280941685
400 °C,10.09549795361528,402.8995806740635
400 °C,10.127330604820372,401.7091087011821
400 °C,10.159163256025465,400.2723551497596
400 °C,10.19099590723056,401.09296344461876
400 °C,10.222828558435653,401.8425314861403
400 °C,10.254661209640746,401.12880420516234
400 °C,10.28649386084584,398.0865219938588
400 °C,10.318326512050932,399.62385995922267
400 °C,10.350159163256025,401.0509185247509
400 °C,10.381991814461118,399.51667340560186
400 °C,10.413824465666211,401.7856017226076
400 °C,10.445657116871304,398.2213597337334
400 °C,10.4774897680764,401.69349343437494
400 °C,10.509322419281492,401.10060886280263
400 °C,10.541155070486585,396.70341207075865
400 °C,10.572987721691678,396.4775206108976
400 °C,10.604820372896771,399.4555870274799
400 °C,10.636653024101864,400.62802159757956
400 °C,10.668485675306957,399.33662097862475
400 °C,10.70031832651205,399.58632179268665
400 °C,10.732150977717144,400.10358277427935
400 °C,10.763983628922237,401.10292307839757
400 °C,10.795816280127331,405.1366131857409
400 °C,10.827648931332424,399.64092993098916
400 °C,10.859481582537517,398.9721910074793
400 °C,10.89131423374261,396.62894209293
400 °C,10.923146884947704,399.44032985150585
400 °C,10.954979536152797,400.04529033735616
400 °C,10.98681218735789,403.73103149874936
400 °C,11.018644838562983,402.06208670844
400 °C,11.050477489768076,396.2650998340186
400 °C,11.08231014097317,399.50145976452853
400 °C,11.114142792178264,400.0390846883893
400 °C,11.145975443383357,401.8159322908414
400 °C,11.17780809458845,396.83064013008135
400 °C,11.209640745793543,398.12972659370223
400 °C,11.241473396998636,402.52458523677177
400 °C,11.273306048203729,398.43693903200176
400 °C,11.305138699408822,399.10716266929575
400 °C,11.336971350613915,398.2527562893953
400 °C,11.368804001819008,399.0416165411553
400 °C,11.400636653024101,403.6718620516393
400 °C,11.432469304229196,400.6596671109663
400 °C,11.464301955434289,403.500018164124
400 °C,11.496134606639382,396.98857039469294
400 °C,11.527967257844475,401.27678456373764
400 °C,11.559799909049568,394.15626457735
400 °C,11.591632560254661,395.5793093657533
400 °C,11.623465211459754,399.38646121269755
400 °C,11.655297862664847,404.6498797888303
400 °C,11.68713051386994,397.41624403942296
400 °C,11.718963165075035,396.60672602103244
400 °C,11.750795816280128,398.3253931451224
400 °C,11.782628467485221,401.79765105365175
400 °C,11.814461118690314,398.2225862214519
400 °C,11.846293769895407,398.9517019008946
400 °C,11.8781264211005,398.2204041653043
400 °C,11.909959072305593,400.8437064711884
400 °C,11.941791723510686,397.43331156639954
400 °C,11.97362437471578,400.6500207210013
400 °C,12.005457025920872,399.3143580294857
400 °C,12.037289677125965,395.65012838765676
400 °C,12.069122328331058,398.1237833579745
400 °C,12.100954979536153,400.59071210732264
400 °C,12.132787630741246,399.4965988925982
400 °C,12.16462028194634,399.4838152827764
400 °C,12.196452933151432,400.9721712011224
400 °C,12.228285584356525,396.8884430124318
400 °C,12.260118235561619,396.1116810717111
400 °C,12.291950886766712,399.67757831047
400 °C,12.323783537971806,399.1309615502388
400 °C,12.3556161891769,400.3336049348835
400 °C,12.387448840381992,395.56232102565406
400 °C,12.419281491587085,400.48714811500747
400 °C,12.451114142792179,398.09599181071644
400 °C,12.482946793997272,395.8379387864371
400 °C,12.514779445202365,402.50357738516186
400 °C,12.546612096407458,399.759739225452
400 °C,12.57844474761255,401.2703769466563
400 °C,12.610277398817644,399.3061017168469
400 °C,12.642110050022737,402.97717526725734
400 °C,12.67394270122783,399.0344169599556
400 °C,12.705775352432925,401.93244438987574
400 °C,12.737608003638018,395.0536199121352
400 °C,12.76944065484311,398.5273363276344
400 °C,12.801273306048204,395.7566416842095
400 °C,12.833105957253297,394.28311885565984
400 °C,12.86493860845839,398.7344756178876
400 °C,12.896771259663483,394.3171153041469
400 °C,12.928603910868576,396.25074667454163
400 °C,12.96043656207367,397.82824194935426
400 °C,12.992269213278764,402.16718680636484
400 °C,13.024101864483857,399.14197738177427
400 °C,13.05593451568895,398.27683811164434
400 °C,13.087767166894043,397.26835757610297
400 °C,13.119599818099136,395.4392333580907
400 °C,13.151432469304229,396.591909702492
400 °C,13.183265120509322,401.32491036064613
400 °C,13.215097771714415,396.56788427314314
400 °C,13.246930422919508,396.53667427923097
400 °C,13.278763074124601,399.20084837680804
400 °C,13.310595725329694,401.5303728085446
400 °C,13.342428376534789,402.54983025711243
400 °C,13.374261027739882,402.50110973587846
400 °C,13.406093678944975,398.4170645020247
400 °C,13.437926330150068,395.0659992274078
400 °C,13.469758981355161,399.07798186830945
400 °C,13.501591632560254,399.6112493927818
400 °C,13.533424283765347,397.5365925939191
400 °C,13.565256934970442,395.28766901062886
400 °C,13.597089586175535,400.29580612014183
400 °C,13.628922237380628,400.78818171590393
400 °C,13.660754888585721,397.81019035743344
400 °C,13.692587539790814,395.04861660740517
400 °C,13.724420190995907,397.3529393592487
400 °C,13.756252842201,396.6938079262608
400 °C,13.788085493406093,398.170216084927
400 °C,13.819918144611187,394.15957538996855
400 °C,13.85175079581628,396.62028962107615
400 °C,13.883583447021373,393.38290741508865
400 °C,13.915416098226466,398.48456212634227
400 °C,13.947248749431559,401.45959861667427
400 °C,13.979081400636653,402.18953969511824
400 °C,14.010914051841747,398.8209311313043
400 °C,14.04274670304684,396.46811053195023
400 °C,14.074579354251933,404.0750930281006
400 °C,14.106412005457026,400.6028149430777
400 °C,14.138244656662119,396.02968019188165
400 °C,14.170077307867214,397.77606018981345
400 °C,14.201909959072307,397.02117020445564
400 °C,14.2337426102774,398.50390045227124
400 °C,14.265575261482493,395.1612964269441
400 °C,14.297407912687586,400.29746554969563
400 °C,14.329240563892679,396.84943987449316
400 °C,14.361073215097772,402.3281972202509
400 °C,14.392905866302865,399.10354358809786
400 °C,14.424738517507958,399.1787338563412
400 °C,14.456571168713051,397.6795169639486
400 °C,14.488403819918144,401.6604264534492
400 °C,14.520236471123237,398.88749284866446
400 °C,14.55206912232833,401.3427017887862
400 °C,14.583901773533423,395.62114666694674
400 °C,14.615734424738516,398.63056310815824
400 °C,14.647567075943611,392.47601461315526
400 °C,14.679399727148704,399.26572526507323
400 °C,14.711232378353797,394.89632461545506
400 °C,14.74306502955889,396.31250146109255
400 °C,14.774897680763983,399.41973839228126
400 °C,14.806730331969078,398.9264347700366
400 °C,14.838562983174171,400.28281930792855
400 °C,14.870395634379264,399.52693922086337
400 °C,14.902228285584357,400.54714773548426
400 °C,14.93406093678945,390.38352339321193
400 °C,14.965893587994543,396.249099110025
400 °C,14.997726239199636,396.84714360170597
400 °C,15.02955889040473,396.7611749407348
400 °C,15.061391541609822,393.71212279294855
400 °C,15.093224192814915,394.5765493008919
400 °C,15.125056844020008,397.27320789237757
400 °C,15.156889495225101,396.77640060829447
400 °C,15.188722146430194,396.8474301750135
400 °C,15.220554797635288,400.40503210593704
400 °C,15.252387448840382,395.63948605352243
400 °C,15.284220100045475,397.2976066077248
400 °C,15.316052751250568,393.9955677216183
400 °C,15.347885402455661,398.4146331051845
400 °C,15.379718053660755,399.16457873149875
400 °C,15.41155070486585,398.9205169008033
400 °C,15.443383356070942,392.21901947059325
400 °C,15.475216007276035,396.29589847373404
400 °C,15.507048658481128,399.60895506060467
400 °C,15.538881309686221,391.8609852883527
400 °C,15.570713960891315,393.5733853793162
400 °C,15.602546612096408,392.73203057264027
400 °C,15.6343792633015,399.28182815015737
400 °C,15.666211914506594,395.1318133130313
400 °C,15.698044565711687,392.14260661609364
400 °C,15.72987721691678,398.9710891998234
400 °C,15.761709868121873,395.0219177015486
400 °C,15.793542519326966,399.7607375463612
400 °C,15.825375170532059,397.91441840196757
400 °C,15.857207821737152,395.5421684230089
400 °C,15.889040472942247,399.9524467227916
400 °C,15.92087312414734,397.84548423526763
400 °C,15.952705775352433,395.73132373584684
400 °C,15.984538426557526,398.01132271474444
400 °C,16.01637107776262,401.93113318203234
400 °C,16.048203728967714,395.0714433000077
400 °C,16.080036380172807,400.75754465536494
400 °C,16.1118690313779,395.71092465263894
400 °C,16.143701682582993,395.3342765040252
400 °C,16.175534333788086,401.2479162927239
400 °C,16.20736698499318,396.78279264137456
400 °C,16.239199636198272,397.28565211921523
400 °C,16.271032287403365,390.6452747746432
400 °C,16.302864938608458,397.00496328077816
400 °C,16.33469758981355,397.2446461100199
400 °C,16.366530241018644,398.34832029574847
400 °C,16.398362892223737,396.4487995671224
400 °C,16.43019554342883,393.20711608781943
400 °C,16.462028194633923,391.97661862519595
400 °C,16.493860845839016,400.5406905734277
400 °C,16.52569349704411,393.4185522260195
400 °C,16.557526148249202,397.69170451660597
400 °C,16.589358799454295,396.7365305457966
400 °C,16.62119145065939,394.6856741411885
400 °C,16.65302410186448,396.3065169436213
400 °C,16.684856753069578,396.17114510953064
400 °C,16.71668940427467,396.8267507528394
400 °C,16.748522055479764,394.1248969264531
400 °C,16.780354706684857,395.0838444785475
400 °C,16.81218735788995,396.52129061392964
400 °C,16.844020009095043,397.30833837302566
400 °C,16.875852660300136,400.89004960702243
400 °C,16.90768531150523,396.99832405302243
400 °C,16.939517962710323,390.8599727715332
400 °C,16.971350613915416,396.7607897310839
400 °C,17.00318326512051,394.7666237773475
400 °C,17.0350159163256,397.073775334114
400 °C,17.066848567530695,400.0948373182789
400 °C,17.098681218735788,393.0729351905755
400 °C,17.130513869940884,399.8869145748393
400 °C,17.162346521145977,395.098786935166
400 °C,17.19417917235107,393.8044365916845
400 °C,17.226011823556163,392.35877397481664
400 °C,17.257844474761256,399.06584452199456
400 °C,17.28967712596635,395.09728083322483
400 °C,17.321509777171443,397.62261909765886
400 °C,17.353342428376536,395.707887681321
400 °C,17.38517507958163,394.5783730218767
400 °C,17.41700773078672,395.793065691057
400 °C,17.448840381991815,395.1591278779552
400 °C,17.480673033196908,395.61981712010896
400 °C,17.512505684402,397.17976465619734
400 °C,17.544338335607094,395.6210756251386
400 °C,17.576170986812187,400.4376553970782
400 °C,17.60800363801728,397.0398619290631
400 °C,17.639836289222373,393.468028245067
400 °C,17.671668940427466,394.7468175961395
400 °C,17.70350159163256,396.5228756577738
400 °C,17.735334242837652,389.6322871821708
400 °C,17.767166894042745,393.00665312606543
400 °C,17.79899954524784,392.2518822232475
400 °C,17.83083219645293,397.18679881966875
400 °C,17.862664847658024,397.3247368779243
400 °C,17.894497498863117,394.70997802079296
400 °C,17.926330150068214,400.448507061195
400 °C,17.958162801273307,393.39061306346423
400 °C,17.9899954524784,395.033763939985
400 °C,18.021828103683493,398.13270267661636
400 °C,18.053660754888586,398.41447511448905
400 °C,18.08549340609368,393.0487020278491
400 °C,18.117326057298772,396.0580901853976
400 °C,18.149158708503865,391.00126245870047
400 °C,18.18099135970896,390.7647938341645
400 °C,18.21282401091405,398.21530754746783
400 °C,18.244656662119144,397.68383370925415
400 °C,18.276489313324237,397.3923656703264
400 °C,18.308321964529334,395.29328542149057
400 °C,18.340154615734427,401.89303820745556
400 °C,18.37198726693952,396.6317668054387
400 °C,18.403819918144613,396.7510365497719
400 °C,18.435652569349706,390.4052681533818
400 °C,18.4674852205548,393.2847431469984
400 °C,18.499317871759892,398.80379591701706
400 °C,18.531150522964985,399.2189154122133
400 °C,18.56298317417008,395.6335173757442
400 °C,18.59481582537517,396.2165772004105
400 °C,18.626648476580264,397.88576714942315
400 °C,18.658481127785358,390.6849902372595
400 °C,18.69031377899045,395.54954490090927
400 °C,18.722146430195544,392.3502245787489
400 °C,18.753979081400637,396.2723344556432
400 °C,18.78581173260573,393.4407284825871
400 °C,18.817644383810823,395.2766094961496
400 °C,18.849477035015916,395.10013915053383
400 °C,18.88130968622101,393.90553289425014
400 °C,18.913142337426102,395.6889268119395
400 °C,18.944974988631195,389.75221600102446
400 °C,18.976807639836288,392.3322144065849
400 °C,19.00864029104138,394.76012748996465
400 °C,19.040472942246474,397.5536501138015
400 °C,19.072305593451567,396.82487118175646
400 °C,19.10413824465666,394.87542721259433
400 °C,19.135970895861753,394.9060256295708
400 °C,19.167803547066846,392.7988419127689
400 °C,19.19963619827194,393.93335678731694
400 °C,19.231468849477032,396.093396670488
400 °C,19.26330150068213,392.2595902545932
400 °C,19.295134151887222,395.20868748783903
400 °C,19.326966803092315,394.3417748862271
400 °C,19.358799454297408,398.13464587446566
400 °C,19.3906321055025,396.5811734701533
400 °C,19.422464756707594,394.05535197316397
400 °C,19.454297407912687,396.93748392661894
400 °C,19.48613005911778,396.4747843083643
400 °C,19.517962710322873,392.59434155795077
400 °C,19.549795361527966,397.7842289789745
400 °C,19.581628012733063,394.5048986911609
400 °C,19.613460663938156,394.2515823698375
400 °C,19.64529331514325,395.50700954657407
400 °C,19.677125966348342,392.4999666966278
400 °C,19.708958617553435,390.365068489391
400 °C,19.740791268758528,397.2971448575975
400 °C,19.77262391996362,397.06220229492953
400 °C,19.804456571168714,391.5066696094294
400 °C,19.836289222373807,395.4059813115815
400 °C,19.8681218735789,396.1360995599191
400 °C,19.899954524783993,396.99950162211434
400 °C,19.931787175989086,395.7432643309878
400 °C,19.96361982719418,389.55629625002683
400 °C,19.995452478399272,388.1542476310034
400 °C,20.027285129604365,394.49580761422425
400 °C,20.05911778080946,395.26235805924534
400 °C,20.09095043201455,391.77467908364395
400 °C,20.122783083219645,394.2464709041778
400 °C,20.154615734424738,396.8563456119351
400 °C,20.18644838562983,397.85144238148814
400 °C,20.218281036834924,396.5135506866866
400 °C,20.250113688040017,393.77016009458293
400 °C,20.28194633924511,395.8129807182942
400 °C,20.313778990450203,394.68788097821096
400 °C,20.345611641655296,390.2963244295781
400 °C,20.37744429286039,396.78379404584564
400 °C,20.409276944065482,398.1552385876849
400 °C,20.441109595270575,393.85625469140297
400 °C,20.472942246475668,395.6422195892806
400 °C,20.504774897680765,393.64581586487736
400 °C,20.536607548885858,396.285967864664
400 °C,20.56844020009095,395.84238732736526
400 °C,20.600272851296044,392.5002833748321
400 °C,20.632105502501137,390.64844613118834
400 °C,20.66393815370623,395.7913531860177
400 °C,20.695770804911323,391.8269369103649
400 °C,20.727603456116416,394.6803400897127
400 °C,20.75943610732151,391.68384643113785
400 °C,20.791268758526602,397.50845424359113
400 °C,20.8231014097317,391.01522029105837
400 °C,20.85493406093679,394.2343881027291
400 °C,20.886766712141885,395.64650542279975
400 °C,20.918599363346978,393.18847960247695
400 °C,20.95043201455207,393.38809705201993
400 °C,20.982264665757164,389.5944956752973
400 °C,21.014097316962257,390.8310915847783
400 °C,21.04592996816735,393.0659209967524
400 °C,21.077762619372443,396.99087805612527
400 °C,21.109595270577536,396.4721471474416
400 °C,21.14142792178263,394.1106149671689
400 °C,21.173260572987722,393.4706117483987
400 °C,21.205093224192815,399.7872625726502
400 °C,21.236925875397908,391.79485837465467
400 °C,21.268758526603,394.1274157032823
400 °C,21.300591177808094,395.3349123759427
400 °C,21.332423829013187,394.987379355328
400 °C,21.36425648021828,396.75653757016374
400 °C,21.396089131423373,392.9463775624372
400 °C,21.427921782628466,396.53146620485836
400 °C,21.45975443383356,389.83611738484944
400 °C,21.491587085038653,394.5441961554199
400 °C,21.523419736243746,396.4913536116908
400 °C,21.55525238744884,393.1469755741422
400 °C,21.58708503865393,390.76316977893975
400 °C,21.618917689859025,393.8788675934462
400 °C,21.650750341064118,394.6582529425359
400 °C,21.68258299226921,398.3893840586255
400 °C,21.714415643474304,390.63405275078213
400 °C,21.746248294679397,394.54658666090904
400 °C,21.778080945884494,395.79408888223304
400 °C,21.809913597089587,393.5068030003045
400 °C,21.84174624829468,390.2740363112682
400 °C,21.873578899499773,395.06218191920874
400 °C,21.905411550704866,391.4993489273969
400 °C,21.93724420190996,392.82414732370967
400 °C,21.96907685311505,396.34369184105867
400 °C,22.000909504320145,388.9998372094226
400 °C,22.032742155525238,391.70729171378224
400 °C,22.06457480673033,396.40041352923754
400 °C,22.096407457935427,392.2927439133115
400 °C,22.12824010914052,395.320983762451
400 °C,22.160072760345614,391.1150137274571
400 °C,22.191905411550707,390.9817582655038
400 °C,22.2237380627558,396.9925398746202
400 °C,22.255570713960893,394.6444157097883
400 °C,22.287403365165986,390.38135219273266
400 °C,22.31923601637108,396.8793201343576
400 °C,22.351068667576172,391.73844147439564
400 °C,22.382901318781265,391.3676196721357
400 °C,22.414733969986358,391.384593041879
400 °C,22.44656662119145,395.21820005968016
400 °C,22.478399272396544,392.37012603081695
400 °C,22.510231923601637,389.7486200147248
400 °C,22.54206457480673,394.44009765647166
400 °C,22.573897226011823,391.4731066898611
400 °C,22.605729877216916,397.6380420775227
400 °C,22.63756252842201,394.4330825029671
400 °C,22.669395179627102,392.4078689310191
400 °C,22.701227830832195,390.26382038883514
400 °C,22.73306048203729,395.87169137194365
400 °C,22.76489313324238,394.9966772994675
400 °C,22.796725784447474,397.8903320256305
400 °C,22.828558435652567,389.31769171881115
400 °C,22.86039108685766,392.1055993513187
400 °C,22.892223738062754,394.0394821678386
400 °C,22.924056389267847,393.3310640819414
400 °C,22.95588904047294,397.00207772977626
400 °C,22.987721691678033,393.4816962044388
400 °C,23.01955434288313,395.99119143019186
400 °C,23.051386994088222,393.0312034672561
400 °C,23.083219645293315,391.62190383367493
400 °C,23.11505229649841,394.038907747279
400 °C,23.1468849477035,393.1969324384211
400 °C,23.178717598908595,391.598898081943
400 °C,23.210550250113688,391.0992747304372
400 °C,23.24238290131878,395.64925657327825
400 °C,23.274215552523874,395.2962930842332
400 °C,23.306048203728967,397.95736202350554
400 °C,23.337880854934063,393.34383757565
400 °C,23.369713506139156,394.84064113982646
400 °C,23.40154615734425,395.4096729829878
400 °C,23.433378808549342,391.03963716179777
400 °C,23.465211459754435,393.4265141546052
400 °C,23.49704411095953,391.79253503468266
400 °C,23.52887676216462,388.75898987137333
400 °C,23.560709413369715,388.8719135809505
400 °C,23.592542064574808,396.565787348518
400 °C,23.6243747157799,386.2467259406635
400 °C,23.656207366984994,396.44518323689726
400 °C,23.688040018190087,395.6182299571775
400 °C,23.71987266939518,398.5645378541283
400 °C,23.751705320600273,389.12488778617296
400 °C,23.783537971805366,393.36443237710483
400 °C,23.81537062301046,393.7378446403901
400 °C,23.847203274215552,391.9972464738769
400 °C,23.879035925420645,394.1965003893838
400 °C,23.910868576625738,392.7554068052139
400 °C,23.94270122783083,393.7935237823494
400 °C,23.974533879035924,392.0449423383435
400 °C,24.006366530241017,391.43155846021364
400 °C,24.03819918144611,394.6972128077008
400 °C,24.070031832651203,391.48156554864727
400 °C,24.101864483856296,396.4266551015231
400 °C,24.13369713506139,397.08342065374944
400 °C,24.165529786266482,391.02754604113363
400 °C,24.197362437471575,395.3654217646807
400 °C,24.22919508867667,391.07484752488233
400 °C,24.261027739881765,393.58632330278704
400 °C,24.292860391086858,396.2957719371103
400 °C,24.32469304229195,392.1118512445136
400 °C,24.356525693497044,392.97668106834186
400 °C,24.388358344702137,389.29882279427153
400 °C,24.42019099590723,391.4827380606285
400 °C,24.452023647112323,396.54795542333596
400 °C,24.483856298317416,393.7903165737846
400 °C,24.51568894952251,394.3631579482584
400 °C,24.547521600727602,388.11688535025786
400 °C,24.5793542519327,398.2778483074944
400 °C,24.611186903137792,394.2574181455234
400 °C,24.643019554342885,394.46300006749567
400 °C,24.674852205547978,394.6341356729266
400 °C,24.70668485675307,388.5843536127331
400 °C,24.738517507958164,396.5058732890192
400 °C,24.770350159163257,388.547969573035
400 °C,24.80218281036835,397.4178255861592
400 °C,24.834015461573443,392.9024105212621
400 °C,24.865848112778536,394.690185244066
400 °C,24.89768076398363,392.7356332481197
400 °C,24.929513415188723,387.79627508636037
400 °C,24.961346066393816,389.0815440912636
400 °C,24.99317871759891,392.37794970194557
400 °C,25.025011368804,395.31693014346206
400 °C,25.056844020009095,393.6419886597033
400 °C,25.088676671214188,387.37254262387273
400 °C,25.12050932241928,389.1590428600282
400 °C,25.152341973624374,394.1922374339234
400 °C,25.184174624829467,394.2822127008891
400 °C,25.21600727603456,398.42959020805813
400 °C,25.247839927239653,391.0151486005617
400 °C,25.279672578444746,393.42717145309666
400 °C,25.31150522964984,394.97064698736506
400 °C,25.343337880854932,387.5631007310472
400 °C,25.375170532060025,388.4616868360016
400 °C,25.407003183265118,395.295853548347
400 °C,25.43883583447021,395.4647137721037
400 °C,25.470668485675304,388.4108127825171
400 °C,25.502501136880397,394.7561922706832
400 °C,25.534333788085494,392.1170780805313
400 °C,25.566166439290587,393.1657049989886
400 °C,25.59799909049568,392.67464988911826
400 °C,25.629831741700773,388.0946261845943
400 °C,25.661664392905866,388.14126210096924
400 °C,25.69349704411096,391.75506134613386
400 °C,25.725329695316052,394.39469543696646
400 °C,25.757162346521145,391.2517488480242
400 °C,25.78899499772624,392.30529393219433
400 °C,25.82082764893133,390.7064182736742
400 °C,25.852660300136428,391.00532113428665
400 °C,25.88449295134152,391.779907300918
400 °C,25.916325602546614,389.3129328409141
400 °C,25.948158253751707,390.6453272043201
400 °C,25.9799909049568,394.58653991997414
400 °C,26.011823556161893,389.3008329500645
400 °C,26.043656207366986,391.7963080183082
400 °C,26.07548885857208,392.2887689093976
400 °C,26.107321509777172,395.7275811170561
400 °C,26.139154160982265,395.1971111988919
400 °C,26.17098681218736,393.46226034014023
400 °C,26.20281946339245,395.6300103527364
400 °C,26.234652114597544,395.43756704405877
400 °C,26.266484765802637,394.2807185903755
400 °C,26.29831741700773,388.23367258864835
400 °C,26.330150068212824,393.2498673908547
400 °C,26.361982719417917,394.0686461625287
400 °C,26.39381537062301,398.3963015819052
400 °C,26.425648021828103,393.2902367637901
400 °C,26.457480673033196,393.2736897744041
400 °C,26.48931332423829,386.9212141186225
400 °C,26.521145975443382,391.40286332186815
400 °C,26.552978626648475,393.3482481356069
400 °C,26.584811277853568,391.0286743904086
400 °C,26.616643929058664,395.5936869485738
400 °C,26.648476580263758,391.1124590964635
400 °C,26.68030923146885,392.35870084324824
400 °C,26.712141882673944,396.94599968252055
400 °C,26.743974533879037,395.5823883114539
400 °C,26.77580718508413,391.3084140327167
400 °C,26.807639836289223,396.17874043111175
400 °C,26.839472487494316,395.22354824869785
400 °C,26.87130513869941,399.309264254602
400 °C,26.903137789904502,400.45891077009196
400 °C,26.934970441109595,396.28471298297893
400 °C,26.966803092314688,398.7007096972535
400 °C,26.99863574351978,403.9079215760014
400 °C,27.030468394724874,406.9280478009641
400 °C,27.062301045929967,405.26470683569687
400 °C,27.09413369713506,406.7651187304979
400 °C,27.125966348340153,412.67813272127376
400 °C,27.157798999545246,409.61331916001126
400 °C,27.18963165075034,418.61486665967294
400 °C,27.221464301955432,421.7165012643485
400 °C,27.25329695316053,423.3898618644101
400 °C,27.285129604365622,425.6375940716724
400 °C,27.316962255570715,436.18661795619676
400 °C,27.348794906775808,436.4613275819001
400 °C,27.3806275579809,440.831962064851
400 °C,27.412460209185994,451.1440603114436
400 °C,27.444292860391087,452.775288267915
400 °C,27.47612551159618,463.03353419171657
400 °C,27.507958162801273,472.76995172447323
400 °C,27.539790814006366,480.59747469257024
400 °C,27.57162346521146,491.3738305002428
400 °C,27.603456116416552,502.7529403165336
400 °C,27.635288767621645,508.3952456998668
400 °C,27.66712141882674,519.6088674752518
400 °C,27.69895407003183,531.8040832496349
400 °C,27.730786721236925,546.8737285762317
400 °C,27.762619372442018,558.576261077737
400 °C,27.79445202364711,574.9465370784922
400 °C,27.826284674852204,586.6857134737261
400 °C,27.858117326057297,598.5578835719111
400 °C,27.889949977262393,610.6755469748922
400 °C,27.921782628467486,627.2095424239001
400 °C,27.95361527967258,644.0673387487411
400 °C,27.985447930877672,655.8378408553715
400 °C,28.017280582082766,670.7486768440594
400 °C,28.04911323328786,682.439442744183
400 °C,28.08094588449295,697.049759504506
400 °C,28.112778535698045,709.8107077351353
400 °C,28.144611186903138,725.7892735373159
400 °C,28.17644383810823,736.0391387603843
400 °C,28.208276489313324,749.5932983879197
400 °C,28.240109140518417,759.1804929356974
400 °C,28.27194179172351,766.924496325837
400 °C,28.303774442928603,778.0388066523146
400 °C,28.335607094133696,783.5815416245207
400 °C,28.36743974533879,793.0671172573896
400 °C,28.399272396543882,793.9434780213412
400 °C,28.431105047748975,798.149709934989
400 °C,28.462937698954068,802.6915375752145
400 °C,28.494770350159165,798.509622303446
400 °C,28.526603001364258,802.2242541249864
400 °C,28.55843565256935,798.2628336464393
400 °C,28.590268303774444,794.5704269521756
400 °C,28.622100954979537,790.3963890881314
400 °C,28.65393360618463,786.6936155010562
400 °C,28.685766257389723,779.1685557762626
400 °C,28.717598908594816,769.5210060765594
400 °C,28.74943155979991,761.8397100246262
400 °C,28.781264211005002,746.9322155343693
400 °C,28.813096862210095,743.5786093243353
400 °C,28.844929513415188,730.1251872251585
400 °C,28.87676216462028,709.9250177315398
400 °C,28.908594815825374,703.1857854994287
400 °C,28.940427467030467,689.6176828185057
400 °C,28.97226011823556,677.0093908476431
400 °C,29.004092769440653,659.4508738245805
400 °C,29.035925420645746,647.8987341063357
400 °C,29.06775807185084,631.8219304174075
400 °C,29.099590723055933,617.1740396107581
400 °C,29.13142337426103,605.7519600838514
400 °C,29.163256025466122,590.3802822450757
400 °C,29.195088676671215,571.1977778404914
400 °C,29.22692132787631,559.7891060723925
400 °C,29.2587539790814,547.6732700315526
400 °C,29.290586630286494,539.5111027697715
400 °C,29.322419281491587,525.4695912559265
400 °C,29.35425193269668,516.4836150899957
400 °C,29.386084583901773,506.0345838196852
400 °C,29.417917235106867,493.80443841367617
400 °C,29.44974988631196,484.7466997133531
400 °C,29.481582537517053,471.69191851288605
400 °C,29.513415188722146,464.2648905557293
400 °C,29.54524783992724,457.4024063596048
400 °C,29.57708049113233,455.892550326364
400 °C,29.608913142337425,443.8189347573968
400 °C,29.640745793542518,440.1480854437525
400 °C,29.67257844474761,432.2877419049992
400 °C,29.704411095952704,429.2292681244144
400 °C,29.736243747157797,423.46495945698234
400 °C,29.768076398362894,419.22152970956836
400 °C,29.799909049567987,413.88662896759956
400 °C,29.83174170077308,414.5720238312817
400 °C,29.863574351978173,408.0292379709158
400 °C,29.895407003183266,406.40536093114105
400 °C,29.92723965438836,405.5087322580915
400 °C,29.959072305593452,403.71999891963304
400 °C,29.990904956798545,399.877358918593
400 °C,30.022737608003638,402.0661230832625
400 °C,30.05457025920873,395.04835514545044
400 °C,30.086402910413824,396.65443061009313
400 °C,30.118235561618917,395.1653891273878
400 °C,30.15006821282401,393.9269361169646
400 °C,30.181900864029103,397.6114265955217
400 °C,30.213733515234196,394.4125872850803
400 °C,30.24556616643929,394.09286830966784
400 °C,30.277398817644382,391.61370367934245
400 °C,30.309231468849475,394.0105709428328
400 °C,30.34106412005457,393.5255245526461
400 °C,30.37289677125966,388.57158534705377
400 °C,30.404729422464758,388.9802423865244
400 °C,30.43656207366985,392.6318287364464
400 °C,30.468394724874944,392.0603734018616
400 °C,30.500227376080037,391.22538145422027
400 °C,30.53206002728513,389.25076304613657
400 °C,30.563892678490223,391.8512317889981
400 °C,30.595725329695316,394.0321981960983
400 °C,30.62755798090041,388.1916445658527
400 °C,30.659390632105502,392.5711459329465
400 °C,30.691223283310595,391.94989799346484
400 °C,30.72305593451569,388.5615706127679
400 °C,30.75488858572078,388.0546105193397
400 °C,30.786721236925874,390.6063733151456
400 °C,30.818553888130968,391.50568921550587
400 °C,30.85038653933606,391.79721350297996
400 °C,30.882219190541154,393.04495162053746
400 °C,30.914051841746247,390.5166675230199
400 °C,30.94588449295134,388.3383174181888
400 °C,30.977717144156433,388.1719397599499
400 °C,31.00954979536153,389.3670700117814
400 °C,31.041382446566622,389.51229236261474
400 °C,31.073215097771715,396.65650401623975
400 °C,31.10504774897681,390.4734723144405
400 °C,31.1368804001819,386.8427361243798
400 °C,31.168713051386995,390.7728719362248
400 °C,31.200545702592088,391.2959926842467
400 °C,31.23237835379718,390.51745415504325
400 °C,31.264211005002274,389.6528926839933
400 °C,31.296043656207367,388.909554056204
400 °C,31.32787630741246,387.7063472501199
400 °C,31.359708958617553,387.6541425885746
400 °C,31.391541609822646,385.8790307298775
400 °C,31.42337426102774,391.27360767168824
400 °C,31.455206912232832,390.10587913214715
400 °C,31.487039563437925,392.4567067285157
400 °C,31.518872214643018,391.03249863451526
400 °C,31.55070486584811,393.4943328906686
400 °C,31.582537517053204,389.96856622722055
400 °C,31.614370168258297,394.60154698280763
400 °C,31.646202819463394,391.05060562339725
400 °C,31.678035470668487,394.90847742331505
400 °C,31.70986812187358,387.3339517813886
400 °C,31.741700773078673,392.9600399903879
400 °C,31.773533424283766,391.6780533952468
400 °C,31.80536607548886,386.5644488536684
400 °C,31.837198726693952,390.9132017894417
400 °C,31.869031377899045,394.1132585851209
400 °C,31.900864029104138,392.04468382471157
400 °C,31.93269668030923,390.9493582552069
400 °C,31.964529331514324,386.02673674167625
400 °C,31.996361982719417,391.29224873781203
400 °C,32.028194633924514,389.03500213608106
400 °C,32.06002728512961,390.1078669972872
400 °C,32.0918599363347,394.6549050939714
400 °C,32.12369258753979,387.09805122054325
400 °C,32.155525238744886,393.0285473306232
400 °C,32.18735788994998,394.0437232882416
400 °C,32.21919054115507,390.7293620176721
400 °C,32.251023192360165,388.88000819043555
400 °C,32.28285584356526,384.6802106656842
400 °C,32.31468849477035,390.0801742654678
400 °C,32.346521145975444,390.3960990778921
400 °C,32.37835379718054,397.07865722005283
400 °C,32.41018644838563,387.47949138932773
400 °C,32.44201909959072,393.7833544461266
400 °C,32.473851750795816,392.3104607670002
400 °C,32.50568440200091,389.8854276483178
400 °C,32.537517053206,384.91664070332934
400 °C,32.569349704411096,392.0612645902013
400 °C,32.60118235561619,391.63380187273776
400 °C,32.63301500682128,385.4149712665817
400 °C,32.664847658026375,393.31221511758054
400 °C,32.69668030923147,390.44551390463806
400 °C,32.72851296043656,391.1007665384527
400 °C,32.760345611641654,391.83978415971717
400 °C,32.79217826284675,389.6661491029918
400 °C,32.82401091405184,387.2245049218448
400 °C,32.85584356525693,389.6838862210807
400 °C,32.887676216462026,391.72220113888807
400 °C,32.91950886766712,390.39592596825844
400 °C,32.95134151887221,389.3809272770428
400 °C,32.983174170077305,391.6782469359392
400 °C,33.0150068212824,389.0205552741836
400 °C,33.04683947248749,390.88011169607256
400 °C,33.078672123692584,393.8570763661298
400 °C,33.11050477489768,390.6203387682421
400 °C,33.14233742610277,389.88944213479374
400 °C,33.17417007730786,391.7318004136506
400 °C,33.206002728512956,385.66662210490045
400 °C,33.23783537971805,395.63999895399616
400 °C,33.26966803092314,394.34777502316797
400 °C,33.301500682128236,391.37051446515943
400 °C,33.33333333333333,394.92879542204986
400 °C,33.36516598453842,385.0333610637199
400 °C,33.396998635743515,389.9366691960465
400 °C,33.42883128694861,389.79182828856506
400 °C,33.4606639381537,393.53034838435065
400 °C,33.492496589358794,389.95896656749034
400 °C,33.524329240563894,389.30782987182687
400 °C,33.55616189176899,389.36679367197223
400 °C,33.58799454297408,393.4948364640905
400 °C,33.61982719417917,393.9819290431318
400 °C,33.651659845384266,392.9962126895098
400 °C,33.68349249658936,384.4037180909336
400 °C,33.71532514779445,393.8695678339728
400 °C,33.747157798999545,388.5281425416257
400 °C,33.77899045020464,391.70935244445224
400 °C,33.81082310140973,391.597586686579
400 °C,33.842655752614824,386.54144596949624
400 °C,33.87448840381992,391.69950866169256
400 °C,33.90632105502501,394.8550620279269
400 °C,33.9381537062301,392.01760926918956
400 °C,33.9699863574352,386.3422191449319
400 °C,34.00181900864029,389.94137729771217
400 °C,34.03365165984538,387.9223817488345
400 °C,34.065484311050476,390.14630657430223
400 °C,34.09731696225557,390.63305088669
400 °C,34.12914961346066,390.51163675449834
400 °C,34.16098226466576,394.41711963068093
400 °C,34.192814915870855,387.6692050556736
400 °C,34.22464756707595,386.2416622391087
400 °C,34.25648021828104,392.18698522089204
400 °C,34.288312869486134,388.58269704943007
400 °C,34.32014552069123,390.93087556941896
400 °C,34.35197817189632,390.2098681376741
400 °C,34.38381082310141,384.35955186870405
400 °C,34.415643474306506,386.1653089409445
400 °C,34.4474761255116,390.3442752953221
400 °C,34.47930877671669,393.4286530584049
400 °C,34.511141427921785,385.9736989575151
400 °C,34.54297407912688,389.31873855085485
400 °C,34.57480673033197,392.9667816048695
400 °C,34.606639381537065,388.42195605484676
400 °C,34.63847203274216,391.33482876698133
400 °C,34.67030468394725,387.5697678273626
400 °C,34.702137335152344,390.3085377848989
400 °C,34.73396998635744,387.2781076440423
400 °C,34.76580263756253,389.49420126368153
400 °C,34.79763528876762,389.23655837508716
400 °C,34.829467939972716,389.75283165833986
400 °C,34.86130059117781,387.05043335951245
400 °C,34.8931332423829,390.6563944653559
400 °C,34.924965893587995,385.28201727185046
400 °C,34.95679854479309,390.6541980765967
400 °C,34.98863119599818,389.31429172617726
400 °C,35.020463847203274,390.17696221070656
400 °C,35.05229649840837,389.3338810034583
400 °C,35.08412914961346,391.0555037742385
400 °C,35.11596180081855,393.37319260328997
400 °C,35.147794452023646,392.3958146740928
400 °C,35.17962710322874,394.3343763691264
400 °C,35.21145975443383,389.8694973234343
400 °C,35.243292405638925,388.5282979556685
400 °C,35.27512505684402,391.9468314866092
400 °C,35.30695770804911,390.14660331437005
400 °C,35.338790359254205,385.02851455049847
400 °C,35.3706230104593,391.249754911527
400 °C,35.40245566166439,391.1395346612307
400 °C,35.434288312869484,388.5544272848331
400 °C,35.46612096407458,391.092494593084
400 °C,35.49795361527967,393.76263239405836
400 °C,35.52978626648476,392.8075820753768
400 °C,35.561618917689856,392.45726054267914
400 °C,35.59345156889495,390.919420690995
400 °C,35.62528422010004,393.32836627829863
400 °C,35.657116871305135,396.6587480387064
400 °C,35.68894952251023,394.1578187942921
400 °C,35.72078217371532,395.85310274094064
400 °C,35.752614824920414,398.3167104037829
400 °C,35.78444747612551,399.18403440392103
400 °C,35.8162801273306,398.71155399106516
400 °C,35.84811277853569,405.33423711322365
400 °C,35.879945429740786,406.6093546723199
400 °C,35.91177808094588,405.9730935287187
400 °C,35.94361073215097,405.7064098235217
400 °C,35.975443383356065,413.3455475748512
400 °C,36.00727603456116,411.3509280927598
400 °C,36.03910868576626,418.08107348335625
400 °C,36.07094133697135,418.3123612030163
400 °C,36.102773988176445,422.06064683113175
400 °C,36.13460663938154,430.80180107333024
400 °C,36.16643929058663,433.64834088410606
400 °C,36.198271941791724,436.0585938568499
400 °C,36.23010459299682,446.9684310031541
400 °C,36.26193724420191,447.78702432886723
400 °C,36.293769895407,456.5874352851627
400 °C,36.325602546612096,459.9945513185317
400 °C,36.35743519781719,471.62668559328154
400 °C,36.38926784902228,477.6010844263479
400 °C,36.421100500227375,482.5835734349654
400 °C,36.45293315143247,493.8985369144861
400 °C,36.48476580263756,502.88938895339163
400 °C,36.516598453842654,511.18232069570723
400 °C,36.54843110504775,524.4958568659995
400 °C,36.58026375625284,530.4504719620195
400 °C,36.61209640745793,536.7835729261993
400 °C,36.64392905866303,544.3658482281872
400 °C,36.67576170986813,560.0691244464867
400 °C,36.70759436107322,569.2787809621157
400 °C,36.73942701227831,572.8195419942665
400 °C,36.771259663483406,583.3447987431862
400 °C,36.8030923146885,586.7988255397333
400 °C,36.83492496589359,604.5073426869935
400 °C,36.866757617098685,604.1878600025022
400 °C,36.89859026830378,619.7236171517129
400 °C,36.93042291950887,625.7815920027498
400 °C,36.962255570713964,629.5443422567507
400 °C,36.99408822191906,637.9642324300801
400 °C,37.02592087312415,641.0169919702344
400 °C,37.05775352432924,643.5339749539872
400 °C,37.089586175534336,645.8157557306422
400 °C,37.12141882673943,650.954833430067
400 °C,37.15325147794452,647.3981431463574
400 °C,37.185084129149615,652.2519811924233
400 °C,37.21691678035471,652.3588540946773
400 °C,37.2487494315598,653.7851844885588
400 °C,37.280582082764894,650.6229434601869
400 °C,37.31241473396999,648.020891259295
400 °C,37.34424738517508,644.7335316880789
400 °C,37.37608003638017,637.8697699411937
400 °C,37.40791268758527,633.656412082071
400 °C,37.43974533879036,626.9512635086455
400 °C,37.47157798999545,619.7886591699244
400 °C,37.503410641200546,616.6655834188032
400 °C,37.53524329240564,607.0372714201379
400 °C,37.56707594361073,602.0443790805897
400 °C,37.598908594815825,589.3085275407484
400 °C,37.63074124602092,581.5395109149756
400 °C,37.66257389722601,575.9016992288266
400 °C,37.694406548431104,565.1829249853545
400 °C,37.7262391996362,557.1486102361799
400 °C,37.75807185084129,547.2631129379098
400 °C,37.78990450204638,534.6283780775547
400 °C,37.821737153251476,530.7363579166683
400 °C,37.85356980445657,521.3310002084426
400 °C,37.88540245566166,511.01852555873666
400 °C,37.917235106866755,498.2387386185391
400 °C,37.94906775807185,491.23829456573776
400 °C,37.98090040927694,483.609787058375
400 °C,38.012733060482034,476.6250699768403
400 °C,38.04456571168713,472.592442976049
400 °C,38.07639836289222,464.1738575972446
400 °C,38.10823101409731,455.4607783562321
400 °C,38.14006366530241,449.2895678914663
400 °C,38.1718963165075,447.9600537193241
400 °C,38.20372896771259,441.34130306587133
400 °C,38.235561618917686,429.5638494867168
400 °C,38.26739427012278,424.71159925956874
400 °C,38.29922692132787,423.9637830341353
400 °C,38.331059572532965,417.669941322249
400 °C,38.36289222373806,422.2048123023842
400 °C,38.39472487494315,415.6026152184228
400 °C,38.426557526148244,413.8416324432967
400 °C,38.45839017735334,407.7706390896139
400 °C,38.49022282855843,400.76337772702175
400 °C,38.52205547976353,400.471686735405
400 °C,38.55388813096862,406.1483914396367
400 °C,38.585720782173716,397.13764739987596
400 °C,38.61755343337881,394.15120593186504
400 °C,38.6493860845839,395.32361836273117
400 °C,38.681218735788995,393.7000156610967
400 °C,38.71305138699409,397.37803409763444
400 °C,38.74488403819918,392.20748424768885
400 °C,38.776716689404275,393.9693832998027
400 °C,38.80854934060937,391.48793111006853
400 °C,38.84038199181446,393.4267437065176
400 °C,38.872214643019554,396.1321426450015
400 °C,38.90404729422465,389.76003064503504
400 °C,38.93587994542974,392.04825590548535
400 °C,38.96771259663483,391.1913430393394
400 °C,38.999545247839926,387.996844273666
400 °C,39.03137789904502,389.1292194177961
400 °C,39.06321055025011,392.40022561261344
400 °C,39.095043201455205,389.95655744250996
400 °C,39.1268758526603,390.37011588986473
400 °C,39.1587085038654,390.0364640186842
400 °C,39.19054115507049,394.5254344905189
400 °C,39.222373806275584,390.2064297445264
400 °C,39.25420645748068,386.4237953660018
400 °C,39.28603910868577,385.40040463136756
400 °C,39.31787175989086,387.11851494719537
400 °C,39.349704411095956,391.05912947127524
400 °C,39.38153706230105,390.3701429459569
400 °C,39.41336971350614,387.810151671609
400 °C,39.445202364711236,385.380707091771
400 °C,39.47703501591633,390.2521887162238
400 °C,39.50886766712142,383.68091125227807
400 °C,39.540700318326515,389.8125769938715
400 °C,39.57253296953161,388.2897904645694
400 °C,39.6043656207367,386.5182866019489
400 °C,39.636198271941794,388.4695485593503
400 °C,39.66803092314689,389.59400908477716
400 °C,39.69986357435198,391.9463837075458
400 °C,39.73169622555707,389.9254581736336
400 °C,39.763528876762166,387.82207909833704
400 °C,39.79536152796726,390.5055921796053
400 °C,39.82719417917235,387.66215778301586
400 °C,39.859026830377445,393.6111555647641
400 °C,39.89085948158254,391.2473380066861
400 °C,39.92269213278763,391.8558692393337
400 °C,39.954524783992724,388.7991137476398
400 °C,39.98635743519782,390.8903194078465
400 °C,40.01819008640291,390.7538724144075
400 °C,40.050022737608,392.81211749308636
400 °C,40.081855388813096,386.90632934276607
400 °C,40.11368804001819,386.535277542669
400 °C,40.14552069122328,389.16492663440465
400 °C,40.177353342428376,387.55671657277856
400 °C,40.20918599363347,391.00070037230387
400 °C,40.24101864483856,389.8924961046391
400 °C,40.272851296043655,384.3951996636707
400 °C,40.30468394724875,387.85109941144725
400 °C,40.33651659845384,387.8904871566792
400 °C,40.368349249658934,386.09344223814713
400 °C,40.40018190086403,388.26651173601914
400 °C,40.43201455206912,390.909213561145
400 °C,40.46384720327421,390.44219752686047
400 °C,40.495679854479306,389.06147192038134
400 °C,40.5275125056844,391.45315666093603
400 °C,40.55934515688949,383.3241284858098
400 °C,40.591177808094585,392.7025214853759
400 °C,40.62301045929968,389.87595486707016
400 °C,40.65484311050477,390.225159929068
400 °C,40.686675761709864,387.81024227472494
400 °C,40.71850841291496,394.30106616529554
400 °C,40.75034106412005,392.53286843900605
400 °C,40.78217371532514,390.03102926307974
400 °C,40.814006366530236,385.01089087002134
400 °C,40.84583901773533,391.01297146351527
400 °C,40.87767166894042,389.8133270739395
400 °C,40.909504320145516,387.73569778595794
400 °C,40.94133697135061,394.6082651646883
400 °C,40.9731696225557,389.1393824618689
400 °C,41.005002273760795,386.360970941655
400 °C,41.036834924965895,390.63334684350997
400 °C,41.06866757617099,389.5314520510547
400 °C,41.10050022737608,393.58848300578535
400 °C,41.132332878581174,391.5319635499424
400 °C,41.16416552978627,385.73798240827466
400 °C,41.19599818099136,391.4889509977806
400 °C,41.22783083219645,387.9636761847448
400 °C,41.259663483401546,385.49641753777667
400 °C,41.29149613460664,386.13042677764514
400 °C,41.32332878581173,385.8292232035235
400 °C,41.355161437016825,388.27383451815814
400 °C,41.38699408822192,389.23503212210414
400 °C,41.41882673942701,387.58787672385483
400 °C,41.450659390632104,388.4079784197411
400 °C,41.4824920418372,388.5606180699558
400 °C,41.51432469304229,386.9516219557857
400 °C,41.54615734424738,390.84273458272946
400 °C,41.57798999545248,386.3073008518683
400 °C,41.60982264665757,388.49959051269275
400 °C,41.64165529786266,387.07859386673493
400 °C,41.67348794906776,387.3220479480343
400 °C,41.705320600272856,390.13949252873795
400 °C,41.73715325147795,390.42568844028176
400 °C,41.76898590268304,388.9385774072239
400 °C,41.800818553888135,390.8596158736949
400 °C,41.83265120509323,388.04937492256033
400 °C,41.86448385629832,384.1610926601246
400 °C,41.896316507503414,386.64006741961816
400 °C,41.92814915870851,385.4453990783075
400 °C,41.9599818099136,388.14143068681693
400 °C,41.99181446111869,389.63323752809316
400 °C,42.023647112323786,387.21371455264546
400 °C,42.05547976352888,386.598213620288
400 °C,42.08731241473397,384.870104326038
400 °C,42.119145065939065,389.8982685039217
400 °C,42.15097771714416,383.61399506531194
400 °C,42.18281036834925,386.7057569816402
400 °C,42.214643019554345,383.35955571424057
400 °C,42.24647567075944,387.33525451528374
400 °C,42.27830832196453,390.51159353684034
400 °C,42.310140973169624,380.90550596126104
400 °C,42.34197362437472,385.90218253591337
400 °C,42.37380627557981,387.6172341762298
400 °C,42.4056389267849,387.1846943839934
400 °C,42.437471577989996,387.9728270080483
400 °C,42.46930422919509,385.06282957511735
400 °C,42.50113688040018,387.5304582477869
400 °C,42.532969531605275,388.0732239751484
400 °C,42.56480218281037,395.2622588991155
400 °C,42.59663483401546,390.9820798151843
400 °C,42.628467485220554,387.7354419599735
400 °C,42.66030013642565,386.2070735800363
400 °C,42.69213278763074,386.0838742592771
400 °C,42.72396543883583,387.03553331381147
400 °C,42.755798090040926,386.5770661833935
400 °C,42.78763074124602,386.75956704956116
400 °C,42.81946339245111,387.86554355017614
400 °C,42.851296043656205,383.5259185490484
400 °C,42.8831286948613,389.3073796099116
400 °C,42.91496134606639,385.4612398349693
400 °C,42.946793997271484,385.44824950645875
400 °C,42.97862664847658,391.4182297985269
400 °C,43.01045929968167,386.02302662426416
400 °C,43.042291950886764,389.07002858557627
400 °C,43.07412460209186,386.2174623288011
400 °C,43.10595725329695,385.32372915341836
400 °C,43.13778990450204,388.7871840265801
400 °C,43.169622555707136,389.4416279652951
400 °C,43.20145520691223,387.2778911530987
400 °C,43.23328785811733,392.0101066166942
400 °C,43.26512050932242,387.5412274635724
400 °C,43.296953160527515,384.3812375588242
400 °C,43.32878581173261,386.8926374313836
400 °C,43.3606184629377,382.23157997222626
400 °C,43.392451114142794,389.5502460605133
400 °C,43.42428376534789,386.6880837105446
400 °C,43.45611641655298,391.54732291616665
400 °C,43.48794906775807,388.8204604043542
400 °C,43.519781718963166,383.0140180033374
400 °C,43.55161437016826,390.6300770019559
400 °C,43.58344702137335,388.1111386638616
400 °C,43.615279672578446,387.0937034604731
400 °C,43.64711232378354,385.61593904073135
400 °C,43.67894497498863,388.55585242185964
400 °C,43.710777626193725,388.32295002648533
400 °C,43.74261027739882,385.47395335811143
400 °C,43.77444292860391,390.0627423452236
400 °C,43.806275579809004,386.2524215742071
400 °C,43.8381082310141,386.87532782528115
400 °C,43.86994088221919,388.00523552484566
400 °C,43.90177353342428,388.9854108552659
400 °C,43.933606184629376,388.13010538584876
400 °C,43.96543883583447,387.9460554657568
400 °C,43.99727148703956,389.14355724807746
400 °C,44.029104138244655,386.6928899457312
400 °C,44.06093678944975,390.77275062466424
400 °C,44.09276944065484,384.323151859653
400 °C,44.124602091859934,389.7314170523821
400 °C,44.15643474306503,385.3256098881466
400 °C,44.18826739427012,390.54395359946466
400 °C,44.22010004547521,393.78418515602755
400 °C,44.251932696680306,387.7372107423149
400 °C,44.2837653478854,386.3713690529862
400 °C,44.31559799909049,389.79862666455864
400 °C,44.347430650295586,388.89405838692346
400 °C,44.37926330150068,380.8386017009392
400 °C,44.41109595270577,390.7658624154551
400 °C,44.442928603910865,386.9759157342321
400 °C,44.47476125511596,387.2393447760836
400 °C,44.50659390632106,386.5442738832528
400 °C,44.53842655752615,389.0382984387555
400 °C,44.570259208731244,390.1588460361477
400 °C,44.60209185993634,387.51533200321455
400 °C,44.63392451114143,387.3427476412829
400 °C,44.66575716234652,387.67685058621015
400 °C,44.697589813551616,383.23992034016266
400 °C,44.72942246475671,382.70769733817485
400 °C,44.7612551159618,386.0810004230596
400 °C,44.793087767166895,384.15190278263987
400 °C,44.82492041837199,388.4535724020666
400 °C,44.85675306957708,384.7561772319052
400 °C,44.888585720782174,387.1504648481852
400 °C,44.92041837198727,388.89694458910355
400 °C,44.95225102319236,384.5578747967515
400 °C,44.98408367439745,385.89739870660384
400 °C,45.01591632560255,386.55293647662717
400 °C,45.04774897680764,384.6617102205958
400 °C,45.07958162801273,385.14466023529116
400 °C,45.111414279217826,387.08177363414666
400 °C,45.14324693042292,383.89726772716745
400 °C,45.17507958162801,388.24084772069006
400 °C,45.206912232833105,385.4768641936694
400 °C,45.2387448840382,384.0964859570145
400 °C,45.27057753524329,389.38475195146196
400 °C,45.302410186448384,385.4367480578286
400 °C,45.33424283765348,385.0445485237004
400 °C,45.36607548885857,388.32817742729964
400 °C,45.39790814006366,388.64942868728554
400 °C,45.429740791268756,386.4209580297411
400 °C,45.46157344247385,389.1405060020162
400 °C,45.49340609367894,382.9597114283308
400 °C,45.525238744884035,383.5578276058178
400 °C,45.55707139608913,386.3317992474615
400 °C,45.58890404729422,386.761954763046
400 °C,45.620736698499314,384.7843066778611
400 °C,45.65256934970441,388.3760432477732
400 °C,45.6844020009095,388.9156767304263
400 °C,45.71623465211459,384.3117923863215
400 °C,45.748067303319694,385.73071554123567
400 °C,45.77989995452479,388.2335664217335
400 °C,45.81173260572988,380.4421478009616
400 °C,45.84356525693497,385.8402413484394
400 °C,45.875397908140066,386.2847696511171
400 °C,45.90723055934516,384.96443490565184
400 °C,45.93906321055025,387.46165064175153
400 °C,45.970895861755345,383.98293749049344
400 °C,46.00272851296044,386.569744461155
400 °C,46.03456116416553,387.73639266078953
400 °C,46.066393815370624,387.0813267921459
400 °C,46.09822646657572,386.2819273221058
400 °C,46.13005911778081,383.8108005283833
400 °C,46.1618917689859,383.4240059111712
400 °C,46.193724420190996,388.4640622533349
400 °C,46.22555707139609,384.9936774098703
400 °C,46.25738972260118,385.34514889790694
400 °C,46.289222373806275,385.6301154717055
400 °C,46.32105502501137,387.7917530818711
400 °C,46.35288767621646,384.3292262797668
400 °C,46.384720327421554,385.70115272680874
400 °C,46.41655297862665,388.2641468912965
400 °C,46.44838562983174,391.92609759845186
400 °C,46.480218281036834,384.26380486179096
400 °C,46.51205093224193,384.5259437732252
400 °C,46.54388358344702,386.31142692234766
400 °C,46.57571623465211,385.3037008146903
400 °C,46.607548885857206,386.9150227939524
400 °C,46.6393815370623,389.77020256844
400 °C,46.67121418826739,388.8490479910547
400 °C,46.703046839472485,390.6842410425812
400 °C,46.73487949067758,389.6452338117029
400 °C,46.76671214188267,390.6677687429304
400 °C,46.798544793087764,387.28800396364005
400 °C,46.83037744429286,385.8231314743718
400 °C,46.86221009549795,384.6989850520929
400 °C,46.89404274670304,385.5074574573404
400 °C,46.925875397908136,388.0526298462338
400 °C,46.95770804911323,389.14519720097974
400 °C,46.98954070031833,385.71284341792375
400 °C,47.02137335152342,383.66211483968357
400 °C,47.053206002728516,388.3203542550691
400 °C,47.08503865393361,385.539533654699
400 °C,47.1168713051387,390.23184726190556
400 °C,47.148703956343795,384.41339571038634
400 °C,47.18053660754889,388.81992028170595
400 °C,47.21236925875398,383.506072395229
400 °C,47.244201909959074,391.78922444047237
400 °C,47.27603456116417,386.3100930173329
400 °C,47.30786721236926,391.9641907544235
400 °C,47.33969986357435,388.72663535624844
400 °C,47.371532514779446,390.2824607288739
400 °C,47.40336516598454,388.09482198701727
400 °C,47.43519781718963,388.1353726111861
400 °C,47.467030468394725,387.202490756694
400 °C,47.49886311959982,383.30109993998724
400 °C,47.53069577080491,386.3929048307891
400 °C,47.562528422010004,385.97090451478556
400 °C,47.5943610732151,383.26636450295086
400 °C,47.62619372442019,384.221613500761
400 °C,47.65802637562528,387.93817798703543
400 °C,47.689859026830376,387.50575880174205
400 °C,47.72169167803547,386.31096426377735
400 °C,47.75352432924056,386.48224946690925
400 °C,47.785356980445655,383.91084201941123
400 °C,47.81718963165075,386.44219469951315
400 °C,47.84902228285584,390.13659421309484
400 °C,47.880854934060935,385.81189322645025
400 °C,47.91268758526603,384.584157757513
400 °C,47.94452023647112,384.75208423950824
400 °C,47.976352887676214,386.85265804176174
400 °C,48.00818553888131,384.35769702314417
400 °C,48.0400181900864,387.01289016246614
400 °C,48.07185084129149,386.1786531601675
400 °C,48.103683492496586,383.7773218855226
400 °C,48.13551614370168,385.49269370620203
400 °C,48.16734879490677,390.3255200412823
400 °C,48.199181446111865,387.97541914323244
400 °C,48.23101409731696,386.06955836648115
400 °C,48.26284674852206,384.13712942146157
400 °C,48.29467939972715,385.62735307802603
400 °C,48.326512050932244,383.96606366071654
400 °C,48.35834470213734,389.91349824819383
400 °C,48.39017735334243,389.44983388478863
400 °C,48.42201000454752,391.80017284077775
400 °C,48.45384265575262,386.53635438747676
400 °C,48.48567530695771,387.8762979220892
400 °C,48.5175079581628,386.1157282172227
400 °C,48.549340609367896,389.1326744164545
400 °C,48.58117326057299,391.5299736666826
400 °C,48.61300591177808,384.0299863248051
400 °C,48.644838562983175,388.168564540602
400 °C,48.67667121418827,386.21747546422955
400 °C,48.70850386539336,388.3040360168367
400 °C,48.740336516598454,389.36191280408184
400 °C,48.77216916780355,390.6833420321695
400 °C,48.80400181900864,387.70811945211346
400 °C,48.83583447021373,389.10704970973813
400 °C,48.867667121418826,387.09129478294
400 °C,48.89949977262392,389.795058868012
400 °C,48.93133242382901,390.0630947297086
400 °C,48.963165075034105,394.725004777503
400 °C,48.9949977262392,393.29764382736596
400 °C,49.02683037744429,387.6712305084967
400 °C,49.058663028649384,394.2365860393336
400 °C,49.09049567985448,388.2731257263269
400 °C,49.12232833105957,390.7715392215446
400 °C,49.15416098226466,395.59075727991916
400 °C,49.18599363346976,395.8646299090493
400 °C,49.21782628467485,397.9302210167981
400 °C,49.24965893587994,397.0673740703049
400 °C,49.281491587085036,404.3879793245119
400 °C,49.31332423829013,399.3566636264416
400 °C,49.34515688949522,403.6927684243557
400 °C,49.376989540700315,401.72985540474747
400 °C,49.40882219190541,409.13237797444924
400 °C,49.4406548431105,409.41638761659385
400 °C,49.472487494315594,405.2258449954087
400 °C,49.504320145520694,411.8578331389956
400 °C,49.53615279672579,416.2790937419211
400 °C,49.56798544793088,417.54883480772196
400 °C,49.59981809913597,421.322128193852
400 °C,49.631650750341066,422.3112064573784
400 °C,49.66348340154616,422.61521162318644
400 °C,49.69531605275125,425.4265814983337
400 °C,49.727148703956345,431.96549599915716
400 °C,49.75898135516144,435.63826646992584
400 °C,49.79081400636653,437.51868414551643
400 °C,49.822646657571624,443.72340219698424
400 °C,49.85447930877672,447.84521593778896
400 °C,49.88631195998181,447.5928684293825
400 °C,49.918144611186904,455.3425653072449
400 °C,49.949977262392,462.19798117412245
400 °C,49.98180991359709,461.68597760176124
400 °C,50.01364256480218,464.87973558474505
400 °C,50.045475216007276,470.6249796098846
400 °C,50.07730786721237,476.49819471538683
400 °C,50.10914051841746,483.2742199368796
400 °C,50.140973169622555,485.80859558677173
400 °C,50.17280582082765,483.83587899606755
400 °C,50.20463847203274,489.66839885379704
400 °C,50.236471123237834,493.5767168033876
400 °C,50.26830377444293,499.8406158149453
400 °C,50.30013642564802,504.12186932144675
400 °C,50.33196907685311,507.3507445506791
400 °C,50.363801728058206,504.93243249409375
400 °C,50.3956343792633,516.0799898384075
400 °C,50.42746703046839,513.5419185118267
400 °C,50.459299681673485,519.164157677727
400 °C,50.49113233287858,522.5651636975529
400 °C,50.52296498408367,522.7625462165577
400 °C,50.554797635288764,520.2935666696428
400 °C,50.58663028649386,526.6128657963591
400 °C,50.61846293769895,527.8380425450757
400 °C,50.650295588904044,524.6343961897796
400 °C,50.68212824010914,528.9831280755653
400 °C,50.71396089131423,527.1446418210098
400 °C,50.74579354251932,525.4861702550687
400 °C,50.77762619372442,526.5338885565528
400 °C,50.809458844929516,519.6528274834571
400 °C,50.84129149613461,523.7204124172317
400 °C,50.8731241473397,521.0473773196575
400 °C,50.904956798544795,521.6848599527084
400 °C,50.93678944974989,513.3189678921632
400 °C,50.96862210095498,511.1531348877642
400 °C,51.000454752160074,518.6900433403448
400 °C,51.03228740336517,505.69547975500615
400 °C,51.06412005457026,507.80183270009627
400 °C,51.09595270577535,500.35065421979436
400 °C,51.127785356980446,496.84872970845686
400 °C,51.15961800818554,497.2951681573848
400 °C,51.19145065939063,492.3317260678923
400 °C,51.223283310595725,484.16015189670105
400 °C,51.25511596180082,483.9450029577413
400 °C,51.28694861300591,478.7655892227939
400 °C,51.318781264211005,476.8628833164019
400 °C,51.3506139154161,471.1889712236931
400 °C,51.38244656662119,466.4841259694417
400 °C,51.414279217826284,457.7293776751229
400 °C,51.44611186903138,459.84280321889577
400 °C,51.47794452023647,454.3170483673365
400 °C,51.50977717144156,449.8005771012182
400 °C,51.541609822646656,449.397216994653
400 °C,51.57344247385175,441.8569859728021
400 °C,51.60527512505684,436.43774889421206
400 °C,51.637107776261935,430.58506015003445
400 °C,51.66894042746703,430.5400922792778
400 °C,51.70077307867212,427.3006441839943
400 °C,51.732605729877214,427.3080530268811
400 °C,51.76443838108231,419.4668199533481
400 °C,51.7962710322874,422.1805427928118
400 °C,51.82810368349249,413.51334589706124
400 °C,51.859936334697586,414.4806987112087
400 °C,51.89176898590268,415.35185272348843
400 °C,51.92360163710777,408.19422324256936
400 °C,51.955434288312865,405.66352906947253
400 °C,51.98726693951796,406.8887835090207
400 °C,52.01909959072306,402.97388453733925
400 °C,52.05093224192815,402.01890368100044
400 °C,52.082764893133245,399.5540906950488
400 °C,52.11459754433834,396.2351244474139
400 °C,52.14643019554343,396.04908555714553
400 °C,52.178262846748524,397.2054226156491
400 °C,52.21009549795362,393.98896069582463
400 °C,52.24192814915871,396.4172937716168
400 °C,52.2737608003638,397.43330788652094
400 °C,52.305593451568896,388.3104972909249
400 °C,52.33742610277399,391.4607350976916
400 °C,52.36925875397908,391.2745896251205
400 °C,52.401091405184175,387.8801607450805
400 °C,52.43292405638927,391.6626198349971
400 °C,52.46475670759436,386.4713351450817
400 °C,52.496589358799454,386.99580275520816
400 °C,52.52842201000455,388.9079571708007
400 °C,52.56025466120964,386.8030355061471
400 °C,52.59208731241473,377.58995647092434
400 °C,52.62391996361983,385.1085226930875
400 °C,52.65575261482492,385.4770569819074
400 °C,52.68758526603001,385.89896230225713
400 °C,52.719417917235106,387.0809442911873
400 °C,52.7512505684402,386.350952361801
400 °C,52.78308321964529,388.3711105725125
400 °C,52.814915870850385,389.7036970599529
400 °C,52.84674852205548,384.26035175310733
400 °C,52.87858117326057,385.9785262271033
400 °C,52.910413824465664,386.9149312948577
400 °C,52.94224647567076,382.899517526762
400 °C,52.97407912687585,390.1297317151068
400 °C,53.00591177808094,383.69445146483133
400 °C,53.037744429286036,387.176617355049
400 °C,53.06957708049113,385.2752982163879
400 °C,53.10140973169622,385.1631974643292
400 °C,53.133242382901315,384.3671450542246
400 °C,53.16507503410641,384.1713614500089
400 °C,53.1969076853115,382.57581312562087
400 °C,53.228740336516594,391.27539383157125
400 °C,53.260572987721694,385.8861622860245
400 °C,53.29240563892679,383.94851007068
400 °C,53.32423829013188,386.48322574867746
400 °C,53.356070941336974,388.34462580199346
400 °C,53.38790359254207,384.7777796871527
400 °C,53.41973624374716,386.3451580721097
400 °C,53.45156889495225,384.74122280962064
400 °C,53.483401546157346,388.89333923970355
400 °C,53.51523419736244,380.0435007518972
400 °C,53.54706684856753,388.5049410581484
400 °C,53.578899499772625,386.1967717198877
400 °C,53.61073215097772,384.5885874382794
400 °C,53.64256480218281,387.99323660974136
400 °C,53.674397453387904,383.7050526219649
400 °C,53.706230104593,386.1008571163698
400 °C,53.73806275579809,384.31726870215385
400 °C,53.76989540700318,382.8839044212608
400 °C,53.801728058208276,385.02070176336287
400 °C,53.83356070941337,384.2228175743462
400 °C,53.86539336061846,385.71483572540444
400 °C,53.897226011823555,382.9232664893342
400 °C,53.92905866302865,388.5548329546719
400 °C,53.96089131423374,387.3019400862811
400 °C,53.992723965438834,386.05086933345183
400 °C,54.02455661664393,384.67118317338634
400 °C,54.05638926784902,388.71403486871293
400 °C,54.088221919054114,384.51493088257007
400 °C,54.12005457025921,387.7293966469655
400 °C,54.1518872214643,387.7111027215028
400 °C,54.18371987266939,389.7532163005164
400 °C,54.215552523874486,385.55567336086386
400 °C,54.24738517507958,383.4578037976253
400 °C,54.27921782628467,375.8862768242993
400 °C,54.311050477489765,389.7502687108906
400 °C,54.34288312869486,383.6609396035091
400 °C,54.37471577989995,383.71503786022816
400 °C,54.406548431105044,388.07370487135137
400 °C,54.43838108231014,386.2557275369462
400 °C,54.47021373351523,382.70067734285453
400 °C,54.50204638472032,387.3211939253196
400 °C,54.53387903592542,379.6293582141901
400 °C,54.565711687130516,386.5178910655351
400 °C,54.59754433833561,387.3481081621083
400 °C,54.6293769895407,385.2000557450858
400 °C,54.661209640745795,388.3620500647546
400 °C,54.69304229195089,383.7183290975079
400 °C,54.72487494315598,385.4513204596067
400 °C,54.756707594361075,384.99838383824584
400 °C,54.78854024556617,384.22874516158413
400 °C,54.82037289677126,386.72203727112355
400 °C,54.852205547976354,384.1872068730807
400 °C,54.88403819918145,384.0546179910706
400 °C,54.91587085038654,386.35604219599946
400 °C,54.94770350159163,382.5641104479521
400 °C,54.979536152796726,384.60195155354666
400 °C,55.01136880400182,388.079178400036
400 °C,55.04320145520691,387.844728745941
400 °C,55.075034106412005,384.6425765882013
400 °C,55.1068667576171,383.51760268681335
400 °C,55.13869940882219,385.8102888267287
400 °C,55.170532060027284,383.6355559449722
400 °C,55.20236471123238,384.263932804242
400 °C,55.23419736243747,387.29930703830735
400 °C,55.26603001364256,383.59497659646985
400 °C,55.297862664847656,385.8053356713564
400 °C,55.32969531605275,380.197951470022
400 °C,55.36152796725784,386.8558912668947
400 °C,55.393360618462935,384.4394196021896
400 °C,55.42519326966803,384.0929981501944
400 °C,55.45702592087312,383.04594841281335
400 °C,55.488858572078215,381.00472950640244
400 °C,55.52069122328331,387.4727950824065
400 °C,55.5525238744884,387.70582995516236
400 °C,55.584356525693494,383.50782883483885
400 °C,55.61618917689859,385.8678301661304
400 °C,55.64802182810368,380.52404120588966
400 °C,55.67985447930877,388.4483535465715
400 °C,55.711687130513866,383.12245891333765
400 °C,55.74351978171896,387.2091113429978
400 °C,55.77535243292406,377.91413628924244
400 °C,55.80718508412915,386.4616531744956
400 °C,55.839017735334245,383.82972188403596
400 °C,55.87085038653934,384.8148783611863
400 °C,55.90268303774443,381.88951174826286
400 °C,55.934515688949524,383.31955525636204
400 °C,55.96634834015462,385.27300491814583
400 °C,55.99818099135971,383.66356923831955
400 °C,56.0300136425648,391.12887990122425
400 °C,56.0618462937699,384.2067807149989
400 °C,56.09367894497499,384.9395370591836
400 °C,56.12551159618008,386.85618716229226
400 °C,56.157344247385176,383.23840271099675
400 °C,56.18917689859027,385.8274704878903
400 °C,56.22100954979536,382.8683224061527
400 °C,56.252842201000455,388.0929178780749
400 °C,56.28467485220555,387.1626078020211
400 °C,56.31650750341064,381.21535571846374
400 °C,56.348340154615734,385.20180416803134
400 °C,56.38017280582083,386.16154909545185
400 °C,56.41200545702592,383.5181984366302
400 °C,56.44383810823101,385.50762583767664
400 °C,56.475670759436106,379.5356090360627
400 °C,56.5075034106412,387.39917526343595
400 °C,56.53933606184629,382.6673642527727
400 °C,56.571168713051385,384.25809377195037
400 °C,56.60300136425648,385.0246027587369
400 °C,56.63483401546157,384.5368130691582
400 °C,56.666666666666664,383.64129187373965
400 °C,56.69849931787176,385.12300587729055
400 °C,56.73033196907685,388.7841167904637
400 °C,56.76216462028194,382.32186972527177
400 °C,56.79399727148704,383.25122851963033
400 °C,56.82582992269213,387.8295833604068
400 °C,56.85766257389722,387.7373784649141
400 °C,56.889495225102316,386.9972491694682
400 °C,56.92132787630741,390.6708974127821
400 °C,56.9531605275125,383.12425783805566
400 °C,56.984993178717595,384.83405832570276
400 °C,57.016825829922695,383.45317684585405
400 °C,57.04865848112779,386.8973169446285
400 °C,57.08049113233288,388.89526796307234
400 °C,57.112323783537974,383.2234908653754
400 °C,57.14415643474307,382.3263859420631
400 °C,57.17598908594816,379.0624876612618
400 °C,57.20782173715325,385.0677073597126
400 °C,57.239654388358346,380.94361161457675
400 °C,57.27148703956344,382.86904922879
400 °C,57.30331969076853,385.92693206200045
400 °C,57.335152341973625,386.21751564682336
400 °C,57.36698499317872,385.08926158799386
400 °C,57.39881764438381,390.3366208703376
400 °C,57.430650295588904,386.9741221619886
400 °C,57.462482946794,388.15560362993585
400 °C,57.49431559799909,387.50773420115934
400 °C,57.526148249204184,386.8014889470686
400 °C,57.55798090040928,386.2505426319459
400 °C,57.58981355161437,383.8918952095862
400 °C,57.62164620281946,382.52141905801653
400 °C,57.653478854024556,383.5813587697938
400 °C,57.68531150522965,386.03174594717467
400 °C,57.71714415643474,384.02568603123575
400 °C,57.748976807639835,386.6436169993219
400 °C,57.78080945884493,387.7241328866016
400 °C,57.81264211005002,385.3677306816361
400 °C,57.844474761255114,384.875768748677
400 °C,57.87630741246021,383.8402769657767
400 °C,57.9081400636653,385.649466217622
400 °C,57.93997271487039,386.6332264222573
400 °C,57.971805366075486,383.39407123385865
400 °C,58.00363801728058,387.5703842686271
400 °C,58.03547066848567,383.68981364711556
400 °C,58.067303319690765,386.52193519045204
400 °C,58.09913597089586,389.00021457587826
400 °C,58.13096862210095,385.4516111313592
400 °C,58.162801273306044,389.2316371077876
400 °C,58.19463392451114,386.5436147217892
400 °C,58.22646657571623,389.5099191570485
400 °C,58.258299226921324,382.8514297589571
400 °C,58.290131878126424,386.0056056761114
400 °C,58.32196452933152,383.94380190079346
400 °C,58.35379718053661,384.6047637593494
400 °C,58.3856298317417,385.61802523646975
400 °C,58.417462482946796,387.6482474040791
400 °C,58.44929513415189,384.1624829863347
400 °C,58.48112778535698,383.4043863899332
400 °C,58.512960436562075,383.95803772083497
400 °C,58.54479308776717,381.83366137455306
400 °C,58.57662573897226,382.62315825338817
400 °C,58.608458390177354,382.3333881993127
400 °C,58.64029104138245,383.1789423888832
400 °C,58.67212369258754,387.41498519899665
400 °C,58.70395634379263,386.4915202589493
400 °C,58.735788994997726,385.07989079635166
400 °C,58.76762164620282,383.21444489363387
400 °C,58.79945429740791,385.48988523799375
400 °C,58.831286948613005,384.88073597422397
400 °C,58.8631195998181,385.9244402505984
400 °C,58.89495225102319,383.01960108342064
400 °C,58.926784902228285,382.008577884515
400 °C,58.95861755343338,390.95914503392726
400 °C,58.99045020463847,388.2890707068145
400 °C,59.022282855843564,387.08698950669856
400 °C,59.05411550704866,380.4680511584418
400 °C,59.08594815825375,386.3541785496791
400 °C,59.11778080945884,384.7064793862745
400 °C,59.149613460663936,381.6681557647137
400 °C,59.18144611186903,385.9364600536562
400 °C,59.21327876307412,382.8978118937979
400 °C,59.245111414279215,385.6033800380266
400 °C,59.27694406548431,381.73753687819925
400 °C,59.3087767166894,386.32203770380346
400 °C,59.340609367894494,388.1550918789004
400 °C,59.37244201909959,385.2116860706567
400 °C,59.40427467030468,387.0659711263038
400 °C,59.43610732150977,383.7159344336665
400 °C,59.467939972714866,383.4556953958802
400 °C,59.49977262391996,384.7272994282507
400 °C,59.53160527512506,381.5691643548646
400 °C,59.56343792633015,381.72667763660803
400 °C,59.595270577535246,383.24145508223984
400 °C,59.62710322874034,384.0082249018086
400 °C,59.65893587994543,382.1518736537728
400 °C,59.690768531150525,387.02891541571125
400 °C,59.72260118235562,385.6063666579852
400 °C,59.75443383356071,383.75240308925765
400 °C,59.786266484765804,384.08737843509294
400 °C,59.8180991359709,390.9698070507324
400 °C,59.84993178717599,384.3640359110972
400 °C,59.88176443838108,385.2759515574044
400 °C,59.913597089586176,385.3466962546586
400 °C,59.94542974079127,385.96205557150773
400 °C,59.97726239199636,384.6493192296098
400 °C,60.009095043201455,383.62104881835944
400 °C,60.04092769440655,385.1116012807005
400 °C,60.07276034561164,384.9182814120628
400 °C,60.104592996816734,385.82888025529166
400 °C,60.13642564802183,389.74274846063753
400 °C,60.16825829922692,386.74680712765706
400 °C,60.20009095043201,382.7796282032064
400 °C,60.23192360163711,380.6376895324391
400 °C,60.2637562528422,386.29477832061673
400 °C,60.29558890404729,384.385794894746
400 °C,60.327421555252386,387.3509529823665
400 °C,60.35925420645748,387.34364153322576
400 °C,60.39108685766257,385.932030057944
400 °C,60.422919508867665,385.417163109509
400 °C,60.45475216007276,383.8813516294552
400 °C,60.48658481127785,386.12594164546283
400 °C,60.518417462482944,381.92071480882646
400 °C,60.55025011368804,383.3381548461351
400 °C,60.58208276489313,383.93230169545245
400 °C,60.61391541609822,382.11961421235594
400 °C,60.645748067303316,384.6456146863095
400 °C,60.67758071850841,387.11210923878104
400 °C,60.7094133697135,385.7593794350069
400 °C,60.741246020918595,386.3181936307079
400 °C,60.77307867212369,387.27221870852503
400 °C,60.80491132332879,383.8435433595468
400 °C,60.83674397453388,376.8615859233664
400 °C,60.868576625738974,384.6677395203312
400 °C,60.90040927694407,381.84353480115203
400 °C,60.93224192814916,387.5887733305756
400 °C,60.964074579354254,381.1187485291344
400 °C,60.99590723055935,382.3411329030473
400 °C,61.02773988176444,383.24491436655705
400 °C,61.05957253296953,383.4216117023135
400 °C,61.091405184174626,381.58941414820714
400 °C,61.12323783537972,387.1234788649656
400 °C,61.15507048658481,382.67436131118643
400 °C,61.186903137789905,380.5221634302171
400 °C,61.218735788995,384.4803840822461
400 °C,61.25056844020009,379.670925309361
400 °C,61.282401091405184,383.02307300042986
400 °C,61.31423374261028,383.0348300554892
400 °C,61.34606639381537,383.0572273525902
400 °C,61.37789904502046,386.8574163409494
400 °C,61.409731696225556,379.6893958684383
400 °C,61.44156434743065,387.0086051934107
400 °C,61.47339699863574,385.1736455438347
400 °C,61.505229649840835,383.1080186087247
400 °C,61.53706230104593,379.11711072108267
400 °C,61.56889495225102,384.43666712826473
400 °C,61.600727603456114,386.9159550381246
400 °C,61.63256025466121,384.42415291940404
400 °C,61.6643929058663,387.86360967829916
400 °C,61.69622555707139,383.1588537222827
400 °C,61.72805820827649,384.12926471645676
400 °C,61.75989085948158,382.85386137911826
400 °C,61.79172351068667,386.4351292235664
400 °C,61.823556161891766,380.9692715381073
400 °C,61.85538881309686,386.8938797491408
400 °C,61.88722146430195,385.1672135017172
400 °C,61.919054115507045,384.73503277413994
400 °C,61.95088676671214,384.3571909170972
400 °C,61.98271941791723,380.234828557701
400 °C,62.014552069122324,382.0964290757021
400 °C,62.046384720327424,379.2037324383659
400 °C,62.07821737153252,378.3867734479513
400 °C,62.11005002273761,382.73230565087016
400 °C,62.1418826739427,379.1920073307987
400 °C,62.173715325147796,386.3499799274401
400 °C,62.20554797635289,378.5074479882836
400 °C,62.23738062755798,379.60923806169995
400 °C,62.269213278763075,384.54449705937066
400 °C,62.30104592996817,381.44062370795865
400 °C,62.33287858117326,384.62485157357946
400 °C,62.364711232378355,383.0331865487033
400 °C,62.39654388358345,381.6549557496911
400 °C,62.42837653478854,386.0831746812654
400 °C,62.460209185993634,387.78063600380045
400 °C,62.49204183719873,385.2782160987587
400 °C,62.52387448840382,385.05321461549806
400 °C,62.55570713960891,386.6745776877445
400 °C,62.587539790814006,381.6768736818989
400 °C,62.6193724420191,384.90822496905383
400 °C,62.65120509322419,383.7444377723466
400 °C,62.683037744429285,386.3848096624046
400 °C,62.71487039563438,384.0107380634249
400 °C,62.74670304683947,386.04512124943494
400 °C,62.778535698044564,384.6294733248508
400 °C,62.81036834924966,377.2824422003562
400 °C,62.84220100045475,382.8577487847778
400 °C,62.87403365165984,382.015643589991
400 °C,62.905866302864936,378.79432342259327
400 °C,62.93769895407003,381.8652806200803
400 °C,62.96953160527512,382.7790270144668
400 °C,63.001364256480215,385.6862130061854
400 °C,63.03319690768531,383.88950157537613
400 °C,63.0650295588904,382.73172992121096
400 °C,63.096862210095495,384.81571855248166
400 °C,63.12869486130059,378.9456776669669
400 °C,63.16052751250568,385.44405834807355
400 °C,63.192360163710774,389.6676357426534
400 °C,63.22419281491587,383.97044727916204
400 °C,63.25602546612096,385.36246011574866
400 °C,63.28785811732606,381.3136008058723
400 °C,63.31969076853115,384.1462688654051
400 °C,63.351523419736246,383.48387044466205
400 °C,63.38335607094134,386.12455288715216
400 °C,63.41518872214643,384.7417581644161
400 °C,63.447021373351525,386.93080180517677
400 °C,63.47885402455662,383.38656917736216
400 °C,63.51068667576171,382.20121947025075
400 °C,63.542519326966804,386.343389970598
400 °C,63.5743519781719,386.07050716226115
400 °C,63.60618462937699,385.4359538461772
400 °C,63.63801728058208,381.4451837866884
400 °C,63.669849931787176,386.4199148271713
400 °C,63.70168258299227,386.90120041689204
400 °C,63.73351523419736,383.60553488040017
400 °C,63.765347885402456,384.3561674445099
400 °C,63.79718053660755,381.6190667240246
400 °C,63.82901318781264,386.36188251797626
400 °C,63.860845839017735,385.2424304655333
400 °C,63.89267849022283,383.1567993819168
400 °C,63.92451114142792,385.09852751050187
400 °C,63.956343792633014,386.75345123963376
400 °C,63.98817644383811,386.97806170566093
400 °C,64.0200090950432,385.84201079685704
400 °C,64.0518417462483,386.77912959550184
400 °C,64.0836743974534,382.782291440061
400 °C,64.11550704865849,383.9146782346789
400 °C,64.14733969986358,385.64735917706355
400 °C,64.17917235106867,386.53597192795763
400 °C,64.21100500227377,385.144580492805
400 °C,64.24283765347886,384.4931422112787
400 °C,64.27467030468395,383.43296672880876
400 °C,64.30650295588904,383.2680816441851
400 °C,64.33833560709414,380.34477089743075
400 °C,64.37016825829923,381.03896276601085
400 °C,64.40200090950432,381.8727136537767
400 °C,64.43383356070942,385.8410402298696
400 °C,64.46566621191451,384.5430639564938
400 °C,64.4974988631196,381.19588681771745
400 °C,64.5293315143247,385.23615282204486
400 °C,64.56116416552979,381.96860957345257
400 °C,64.59299681673488,390.99950326156375
400 °C,64.62482946793997,380.38776284963285
400 °C,64.65666211914507,387.0560085551296
400 °C,64.68849477035016,385.76858691842585
400 °C,64.72032742155525,386.5642078050772
400 °C,64.75216007276035,380.8124542075264
400 °C,64.78399272396544,383.3308681354903
400 °C,64.81582537517053,383.8832932974151
400 °C,64.84765802637563,387.17120879940234
400 °C,64.87949067758072,384.9771205205058
400 °C,64.91132332878581,382.3878877590166
400 °C,64.9431559799909,386.8475390770126
400 °C,64.974988631196,383.44718715025886
400 °C,65.00682128240109,382.70665609098756
400 °C,65.03865393360618,379.89945433331667
400 °C,65.07048658481128,387.20719673572574
400 °C,65.10231923601637,382.8318882184221
400 °C,65.13415188722146,385.31944480497765
400 °C,65.16598453842656,384.4823919541667
400 °C,65.19781718963165,378.95096869647705
400 °C,65.22964984083674,384.6138280745722
400 °C,65.26148249204184,387.03150926919307
400 °C,65.29331514324693,383.7164828177914
400 °C,65.32514779445202,386.4559332746067
400 °C,65.35698044565711,383.709039700031
400 °C,65.38881309686221,388.6831524646937
400 °C,65.4206457480673,386.2974170729386
400 °C,65.4524783992724,386.7614868313933
400 °C,65.48431105047749,380.32545311478066
400 °C,65.51614370168258,382.3248117690112
400 °C,65.54797635288767,378.8335205423868
400 °C,65.57980900409277,382.83393147848466
400 °C,65.61164165529786,384.1488248210071
400 °C,65.64347430650295,388.3050137453447
400 °C,65.67530695770805,379.40755136860776
400 °C,65.70713960891314,381.71042666077153
400 °C,65.73897226011823,386.3596905905961
400 °C,65.77080491132332,378.94959982947194
400 °C,65.80263756252842,380.4357314455655
400 °C,65.83447021373351,382.8165822209001
400 °C,65.8663028649386,387.377891878801
400 °C,65.8981355161437,382.45119530515296
400 °C,65.92996816734879,382.5809188090112
400 °C,65.96180081855388,383.9087443897089
400 °C,65.99363346975898,385.1288373605622
400 °C,66.02546612096407,384.0072265566072
400 °C,66.05729877216916,384.3525505250073
400 °C,66.08913142337425,385.0475582814281
400 °C,66.12096407457935,382.18801434557537
400 °C,66.15279672578444,385.4625114604487
400 °C,66.18462937698953,383.95405020239286
400 °C,66.21646202819463,380.57763890591684
400 °C,66.24829467939972,383.5706485355439
400 °C,66.28012733060481,381.98601845806377
400 °C,66.3119599818099,385.22374893540467
400 °C,66.343792633015,383.2813785684232
400 °C,66.37562528422009,386.67779024983764
400 °C,66.40745793542519,380.6567348131398
400 °C,66.43929058663028,385.15351961468656
400 °C,66.47112323783537,383.85568867393033
400 °C,66.50295588904046,383.5024400821543
400 °C,66.53478854024556,381.17664721080314
400 °C,66.56662119145065,392.03552593593156
400 °C,66.59845384265574,383.6029168090897
400 °C,66.63028649386084,379.18024632764934
400 °C,66.66211914506593,388.8698869063715
400 °C,66.69395179627102,384.722994822825
400 °C,66.72578444747612,382.7177563222681
400 °C,66.75761709868121,386.71201067341383
400 °C,66.7894497498863,383.47879333672734
400 °C,66.8212824010914,382.32747956002936
400 °C,66.85311505229649,379.5512657591745
400 °C,66.88494770350158,386.63373334596156
400 °C,66.91678035470667,382.1503771662657
400 °C,66.94861300591177,379.36172514090225
400 °C,66.98044565711686,387.1307998630261
400 °C,67.01227830832195,383.25783810904517
400 °C,67.04411095952706,386.3416176423142
400 °C,67.07594361073215,381.22061273980876
400 °C,67.10777626193725,382.3627910714068
400 °C,67.13960891314234,383.0561696806996
400 °C,67.17144156434743,383.6663904214965
400 °C,67.20327421555253,385.81375750992277
400 °C,67.23510686675762,382.09222934975554
400 °C,67.26693951796271,381.49588286415076
400 °C,67.2987721691678,380.04683164420265
400 °C,67.3306048203729,381.47619561560737
400 °C,67.36243747157799,384.84312983538723
400 °C,67.39427012278308,383.39882135393043
400 °C,67.42610277398818,382.54327774630394
400 °C,67.45793542519327,382.10331316064037
400 °C,67.48976807639836,384.28092474208495
400 °C,67.52160072760346,382.0251628723353
400 °C,67.55343337880855,387.2412982395594
400 °C,67.58526603001364,380.9116596004196
400 °C,67.61709868121874,386.08014088809557
400 °C,67.64893133242383,386.0836748818374
400 °C,67.68076398362892,382.02773718464823
400 °C,67.71259663483401,382.1206903808105
400 °C,67.74442928603911,385.04961940871164
400 °C,67.7762619372442,384.16099399480936
400 °C,67.8080945884493,388.1659592757694
400 °C,67.83992723965439,387.4890988668289
400 °C,67.87175989085948,385.8156039288965
400 °C,67.90359254206457,380.87907202743463
400 °C,67.93542519326967,381.8194985903515
400 °C,67.96725784447476,383.17931204181883
400 °C,67.99909049567985,380.89380558952104
400 °C,68.03092314688494,381.25350135592225
400 °C,68.06275579809004,384.74266267463935
400 °C,68.09458844929513,383.2343387782173
400 °C,68.12642110050022,380.5383343458716
400 °C,68.15825375170532,384.41380710479166
400 °C,68.19008640291041,386.6129667318092
400 °C,68.2219190541155,380.73199581350934
400 °C,68.2537517053206,384.11041279532776
400 °C,68.28558435652569,383.2382526636542
400 °C,68.3174170077308,384.9065179569281
400 °C,68.34924965893589,383.2457677092705
400 °C,68.38108231014098,384.11018870232095
400 °C,68.41291496134608,384.2458862810679
400 °C,68.44474761255117,383.92182965181564
400 °C,68.47658026375626,381.2021144443535
400 °C,68.50841291496135,382.33833501604795
400 °C,68.54024556616645,383.5568277581368
400 °C,68.57207821737154,381.630775164086
400 °C,68.60391086857663,383.78533061595294
400 °C,68.63574351978173,387.86539158019804
400 °C,68.66757617098682,383.3624592533257
400 °C,68.69940882219191,383.5242582212524
400 °C,68.731241473397,382.62786433484047
400 °C,68.7630741246021,386.03174503976607
400 °C,68.79490677580719,382.09629940594925
400 °C,68.82673942701228,384.6110962571447
400 °C,68.85857207821738,384.06723996731677
400 °C,68.89040472942247,382.86154574344556
400 °C,68.92223738062756,375.3857860285661
400 °C,68.95407003183266,382.01202624166535
400 °C,68.98590268303775,385.8017139761316
400 °C,69.01773533424284,379.99921118264956
400 °C,69.04956798544794,376.50216322677596
400 °C,69.08140063665303,384.53459895146835
400 °C,69.11323328785812,379.8121667482967
400 °C,69.14506593906322,382.382192680756
400 °C,69.17689859026831,378.892353594118
400 °C,69.2087312414734,384.6319470120237
400 °C,69.2405638926785,385.4236362478109
400 °C,69.27239654388359,384.41510850985657
400 °C,69.30422919508868,382.95556610045594
400 °C,69.33606184629377,381.52664807138365
400 °C,69.36789449749887,383.19372432056485
400 °C,69.39972714870396,381.6435204085979
400 °C,69.43155979990905,381.03080957840746
400 °C,69.46339245111415,383.5256000649391
400 °C,69.49522510231924,383.6718886483519
400 °C,69.52705775352433,385.24862986231176
400 °C,69.55889040472942,382.30877823497053
400 °C,69.59072305593452,385.56832650211106
400 °C,69.62255570713961,384.97773971795027
400 °C,69.6543883583447,385.7548409315111
400 °C,69.6862210095498,387.80507870936094
400 °C,69.71805366075489,383.4762664549581
400 °C,69.74988631195998,381.98781596157914
400 °C,69.78171896316508,386.62070353064803
400 °C,69.81355161437017,386.2982871405358
400 °C,69.84538426557526,385.352081640328
400 °C,69.87721691678036,384.38731123268315
400 °C,69.90904956798545,381.40962851638875
400 °C,69.94088221919054,381.14358604661044
400 °C,69.97271487039563,378.25521138784165
400 °C,70.00454752160073,380.84443113893326
400 °C,70.03638017280582,384.5342497419793
400 °C,70.06821282401091,386.3272079592195
400 °C,70.100045475216,386.43218398669563
400 °C,70.1318781264211,379.9062026248258
400 °C,70.16371077762619,385.5137544299974
400 °C,70.19554342883129,378.00573708654906
400 °C,70.22737608003638,384.01073084664785
400 °C,70.25920873124147,387.5514293785664
400 °C,70.29104138244656,381.7968967073401
400 °C,70.32287403365166,378.74816101638993
400 °C,70.35470668485675,384.3763581790687
400 °C,70.38653933606184,384.2885709551574
400 °C,70.41837198726694,381.20938473391385
400 °C,70.45020463847203,383.0308396475573
400 °C,70.48203728967712,379.74024466687655
400 °C,70.51386994088222,384.1038976488691
400 °C,70.54570259208731,385.6862700988455
400 °C,70.5775352432924,385.22002660763667
400 °C,70.6093678944975,385.56763473436246
400 °C,70.64120054570259,383.4623723210324
400 °C,70.67303319690768,381.24611193800166
400 °C,70.70486584811277,384.90937632094915
400 °C,70.73669849931787,380.50302000032525
400 °C,70.76853115052296,380.0718359153143
400 °C,70.80036380172805,385.7566371325486
400 °C,70.83219645293315,381.34102847786687
400 °C,70.86402910413824,383.2987092124708
400 °C,70.89586175534333,380.8181196945509
400 °C,70.92769440654843,382.60166005473934
400 °C,70.95952705775352,384.4292525240245
400 °C,70.99135970895861,381.09788597734195
400 °C,71.0231923601637,384.06545789765556
400 °C,71.0550250113688,386.1004528480532
400 °C,71.08685766257389,379.61017126924554
400 °C,71.11869031377898,381.28893497613376
400 °C,71.15052296498408,380.16041069015074
400 °C,71.18235561618917,379.2354480648209
400 °C,71.21418826739426,383.8900056383235
400 °C,71.24602091859936,381.7210034255674
400 °C,71.27785356980445,383.18096503177395
400 °C,71.30968622100954,384.6326300026535
400 °C,71.34151887221464,379.43028773413914
400 °C,71.37335152341973,377.68732551763657
400 °C,71.40518417462482,381.1247057142572
400 °C,71.43701682582991,379.1833913200524
400 °C,71.46884947703501,382.6756316514791
400 °C,71.5006821282401,379.17075300151924
400 °C,71.5325147794452,383.9809695778116
400 °C,71.56434743065029,386.5280939770496
400 °C,71.59618008185538,385.1238712057043
400 °C,71.62801273306047,382.16119644480534
400 °C,71.65984538426557,380.18094969797164
400 °C,71.69167803547066,382.1800535411704
400 °C,71.72351068667575,386.1643105730091
400 °C,71.75534333788084,383.0774083020676
400 °C,71.78717598908594,382.3905962440783
400 °C,71.81900864029103,382.26966864125427
400 °C,71.85084129149612,381.97946970304173
400 °C,71.88267394270122,385.56377051879315
400 °C,71.91450659390631,389.1868474604851
400 °C,71.9463392451114,387.9573494389617
400 °C,71.9781718963165,378.0046339457585
400 °C,72.01000454752159,382.20376669053843
400 °C,72.04183719872668,381.8053869633093
400 °C,72.07366984993179,384.8162415986041
400 °C,72.10550250113688,382.1441943009399
400 °C,72.13733515234198,383.1617494286422
400 °C,72.16916780354707,381.7470171298314
400 °C,72.20100045475216,385.5709358580565
400 °C,72.23283310595725,383.441440278207
400 °C,72.26466575716235,383.0505249205199
400 °C,72.29649840836744,387.03198846457144
400 °C,72.32833105957253,382.74500435613936
400 °C,72.36016371077763,379.9320836244963
400 °C,72.39199636198272,391.5440836455905
400 °C,72.42382901318781,386.4469260994048
400 °C,72.4556616643929,382.3544983329598
400 °C,72.487494315598,383.23269949766126
400 °C,72.51932696680309,381.9521063903153
400 °C,72.55115961800819,386.4799009456475
400 °C,72.58299226921328,380.50517318979155
400 °C,72.61482492041837,383.8518507148747
400 °C,72.64665757162346,386.757824994893
400 °C,72.67849022282856,380.6713037599817
400 °C,72.71032287403365,384.8974850745584
400 °C,72.74215552523874,383.8614399820396
400 °C,72.77398817644384,383.2928632129051
400 °C,72.80582082764893,386.78406023157817
400 °C,72.83765347885402,383.7027414694432
400 °C,72.86948613005912,382.7840054989997
400 °C,72.90131878126421,380.24257065365515
400 °C,72.9331514324693,386.6597227080262
400 °C,72.9649840836744,379.81604858571063
400 °C,72.99681673487949,384.9328379110907
400 °C,73.02864938608458,382.4141284368055
400 °C,73.06048203728967,384.4461719393119
400 °C,73.09231468849477,384.7286445394436
400 °C,73.12414733969986,386.32878706603606
400 °C,73.15597999090495,383.68309526161653
400 °C,73.18781264211005,383.24265143261334
400 °C,73.21964529331514,379.82925182145607
400 °C,73.25147794452023,380.4536138757869
400 °C,73.28331059572533,381.95553461056807
400 °C,73.31514324693043,380.0842049150478
400 °C,73.34697589813553,387.6769262976528
400 °C,73.37880854934062,379.12230694429485
400 °C,73.41064120054571,387.275922543948
400 °C,73.4424738517508,387.63919204531027
400 °C,73.4743065029559,382.3974075564709
400 °C,73.50613915416099,386.260422604033
400 °C,73.53797180536608,383.5507587787162
400 °C,73.56980445657118,381.88335005093813
400 °C,73.60163710777627,373.16423185844604
400 °C,73.63346975898136,384.39254789733496
400 °C,73.66530241018646,382.88713819247096
400 °C,73.69713506139155,382.01469783611185
400 °C,73.72896771259664,383.59950695541926
400 °C,73.76080036380174,382.3870638924535
400 °C,73.79263301500683,383.3340607101958
400 °C,73.82446566621192,381.13599036393134
400 °C,73.85629831741701,379.45047690992874
400 °C,73.88813096862211,378.0802169014039
400 °C,73.9199636198272,383.12124828670255
400 °C,73.9517962710323,382.4051443931399
400 °C,73.98362892223739,383.7231020899114
400 °C,74.01546157344248,379.0726639508472
400 °C,74.04729422464757,383.0230333090427
400 °C,74.07912687585267,383.7319006806934
400 °C,74.11095952705776,380.5638418749936
400 °C,74.14279217826285,381.324301981203
400 °C,74.17462482946794,383.6863088339128
400 °C,74.20645748067304,385.0527070055556
400 °C,74.23829013187813,382.74255653879175
400 °C,74.27012278308322,382.2526180592307
400 °C,74.30195543428832,382.92279896172306
400 °C,74.33378808549341,384.6653371750144
400 °C,74.3656207366985,382.4865944830164
400 °C,74.3974533879036,380.9338705295187
400 °C,74.42928603910869,385.4395628915195
400 °C,74.46111869031378,383.5598862637644
400 °C,74.49295134151888,385.08633465615213
400 °C,74.52478399272397,381.05469719260645
400 °C,74.55661664392906,384.9592308596667
400 °C,74.58844929513415,381.6222766422227
400 °C,74.62028194633925,383.5663891643878
400 °C,74.65211459754434,380.89241443973606
400 °C,74.68394724874943,384.88079750218293
400 °C,74.71577989995453,383.5230474572115
400 °C,74.74761255115962,381.50200564427973
400 °C,74.77944520236471,387.04982333762837
400 °C,74.8112778535698,390.10911033706583
400 °C,74.8431105047749,386.04662216054624
400 °C,74.87494315597999,381.60205826259266
400 °C,74.90677580718508,382.4463548149164
400 °C,74.93860845839018,382.89319523918255
400 °C,74.97044110959527,382.8344032297565
400 °C,75.00227376080036,385.12242589135343
400 °C,75.03410641200546,389.2016226357542
400 °C,75.06593906321055,378.91126147137993
400 °C,75.09777171441564,381.5764208017866
400 °C,75.12960436562074,382.08804767429024
400 °C,75.16143701682583,382.8379341517097
400 °C,75.19326966803092,381.535901000724
400 °C,75.22510231923602,375.894051305616
400 °C,75.25693497044111,387.02868860050995
400 °C,75.2887676216462,383.22205913840924
400 °C,75.3206002728513,382.7204268775268
400 °C,75.35243292405639,382.7434089473811
400 °C,75.38426557526148,387.73324650908313
400 °C,75.41609822646657,382.30966995808427
400 °C,75.44793087767167,385.32993662035244
400 °C,75.47976352887676,382.7023232803789
400 °C,75.51159618008185,378.19628413511185
400 °C,75.54342883128695,379.7932634153072
400 °C,75.57526148249204,384.4757028228437
400 °C,75.60709413369713,381.5979342430464
400 °C,75.63892678490222,381.6787417873719
400 °C,75.67075943610732,384.80713419441287
400 °C,75.70259208731241,387.7567916971036
400 °C,75.7344247385175,383.5194454362322
400 °C,75.7662573897226,380.72384142640783
400 °C,75.79809004092769,381.8791692118257
400 °C,75.82992269213278,384.47224984226375
400 °C,75.86175534333788,390.58133849055076
400 °C,75.89358799454297,386.7415801464862
400 °C,75.92542064574806,384.8343573948989
400 °C,75.95725329695316,383.59526378158216
400 °C,75.98908594815825,383.04322156096015
400 °C,76.02091859936334,387.05901541030784
400 °C,76.05275125056843,379.712222008547
400 °C,76.08458390177353,381.7880004264135
400 °C,76.11641655297862,383.06977547011775
400 °C,76.14824920418371,385.29097105046674
400 °C,76.1800818553888,389.84089773166374
400 °C,76.2119145065939,382.6104697166065
400 °C,76.24374715779899,384.30418632983475
400 °C,76.27557980900409,380.7501327000558
400 °C,76.30741246020918,379.0999792372044
400 °C,76.33924511141427,384.3431746830143
400 °C,76.37107776261936,384.5249308205899
400 °C,76.40291041382446,380.09420195280455
400 °C,76.43474306502955,379.78961122779964
400 °C,76.46657571623466,382.97776539510494
400 °C,76.49840836743975,382.6200590107059
400 °C,76.53024101864484,378.7525483352329
400 °C,76.56207366984994,383.75516277153974
400 °C,76.59390632105503,382.0715581051662
400 °C,76.62573897226012,386.5655530926172
400 °C,76.65757162346522,385.70094727235204
400 °C,76.68940427467031,386.25487638353076
400 °C,76.7212369258754,383.53377431427816
400 °C,76.7530695770805,381.1963072733737
400 °C,76.78490222828559,379.65847471836537
400 °C,76.81673487949068,384.2724101685474
400 °C,76.84856753069577,379.2563576111041
400 °C,76.88040018190087,386.23954027190194
400 °C,76.91223283310596,385.5082773978582
400 °C,76.94406548431105,385.83122778041366
400 °C,76.97589813551615,383.30230176193777
400 °C,77.00773078672124,380.25149829534615
400 °C,77.03956343792633,384.29666978539717
400 °C,77.07139608913143,381.87598749422057
400 °C,77.10322874033652,387.0985185906316
400 °C,77.13506139154161,384.7309687970759
400 °C,77.1668940427467,384.51745829805907
400 °C,77.1987266939518,384.52839110960457
400 °C,77.23055934515689,381.9419545276114
400 °C,77.26239199636198,380.7436469967987
400 °C,77.29422464756708,383.1934543092282
400 °C,77.32605729877217,386.17568326701263
400 °C,77.35788994997726,383.16790560766196
400 °C,77.38972260118236,382.81527004043005
400 °C,77.42155525238745,382.7498954950047
400 °C,77.45338790359254,382.1724392888567
400 °C,77.48522055479764,378.15123281843887
400 °C,77.51705320600273,382.2935121161909
400 °C,77.54888585720782,378.6654831876116
400 °C,77.58071850841291,384.2117679485116
400 °C,77.61255115961801,383.72516139501715
400 °C,77.6443838108231,381.9803517119137
400 °C,77.6762164620282,382.42109996330504
400 °C,77.70804911323329,383.7323736637825
400 °C,77.73988176443838,380.4612408609837
400 °C,77.77171441564347,384.0251165581842
400 °C,77.80354706684857,382.89131092175
400 °C,77.83537971805366,385.0417932588047
400 °C,77.86721236925875,383.94341861765986
400 °C,77.89904502046384,383.0985554617966
400 °C,77.93087767166894,387.3286652480007
400 °C,77.96271032287403,382.9519677479766
400 °C,77.99454297407912,377.8270691992911
400 °C,78.02637562528422,377.30733875563135
400 °C,78.05820827648931,384.1077345608716
400 °C,78.0900409276944,381.0875302666292
400 °C,78.1218735788995,380.87998346251
400 °C,78.15370623010459,381.82470938165613
400 °C,78.18553888130968,379.96413103495445
400 °C,78.21737153251478,379.11033000124064
400 °C,78.24920418371987,383.34256804213607
400 °C,78.28103683492496,383.056054979394
400 °C,78.31286948613005,384.04231657254513
400 °C,78.34470213733515,382.93148041289476
400 °C,78.37653478854024,378.9930458346664
400 °C,78.40836743974533,382.2042864735258
400 °C,78.44020009095043,380.9970113441028
400 °C,78.47203274215552,385.10536915146145
400 °C,78.50386539336061,383.6002845045258
400 °C,78.5356980445657,381.5808145195922
400 °C,78.5675306957708,380.9024122225424
400 °C,78.59936334697589,382.0013539794729
400 °C,78.63119599818098,376.97915256045826
400 °C,78.66302864938608,386.3817614594027
400 °C,78.69486130059117,384.54112700363686
400 °C,78.72669395179626,377.7980498952979
400 °C,78.75852660300136,383.07711112532576
400 °C,78.79035925420645,381.120364600181
400 °C,78.82219190541154,383.34776856862675
400 °C,78.85402455661664,383.19293596403907
400 °C,78.88585720782173,381.67348718364565
400 °C,78.91768985902682,382.66187923832314
400 °C,78.94952251023192,384.38322026306395
400 °C,78.98135516143702,379.28327480189705
400 °C,79.01318781264212,380.4069527589605
400 °C,79.04502046384721,384.1221513001284
400 °C,79.0768531150523,381.9251574016288
400 °C,79.1086857662574,386.1197407315326
400 °C,79.14051841746249,380.01317626458024
400 °C,79.17235106866758,387.303829596643
400 °C,79.20418371987267,382.9938408875727
400 °C,79.23601637107777,380.7232877464828
400 °C,79.26784902228286,385.8041718891836
400 °C,79.29968167348795,378.35385384282733
400 °C,79.33151432469305,384.1120024863517
400 °C,79.36334697589814,379.4312891221086
400 °C,79.39517962710323,379.0291922253204
400 °C,79.42701227830833,382.83560984810015
400 °C,79.45884492951342,385.58339497016357
400 °C,79.49067758071851,381.1552007262206
400 °C,79.5225102319236,382.535714105806
400 °C,79.5543428831287,379.8199180404708
400 °C,79.58617553433379,382.9521748467275
400 °C,79.61800818553888,382.55614611963216
400 °C,79.64984083674398,384.7545527616529
400 °C,79.68167348794907,385.1351707528985
400 °C,79.71350613915416,381.88390444013373
400 °C,79.74533879035926,382.29499697178545
400 °C,79.77717144156435,385.59383602795015
400 °C,79.80900409276944,383.15326321782067
400 °C,79.84083674397453,379.4774365479826
400 °C,79.87266939517963,384.28994028415434
400 °C,79.90450204638472,385.6867385111896
400 °C,79.93633469758981,381.7387042731403
400 °C,79.9681673487949,379.98825927123346
400 °C,80.0,381.78142740027914
500 °C,10.0,697.8782472687377
500 °C,10.031832651205093,700.9016492676178
500 °C,10.063665302410186,696.8312278738499
500 °C,10.09549795361528,700.0265078767482
500 °C,10.127330604820372,703.1599930846592
500 °C,10.159163256025465,697.0848134960657
500 °C,10.19099590723056,699.1938320842958
500 °C,10.222828558435653,699.9625548689951
500 °C,10.254661209640746,695.8931436834599
500 °C,10.28649386084584,699.4538955778488
500 °C,10.318326512050932,703.8606510580881
500 °C,10.350159163256025,697.9996078601214
500 °C,10.381991814461118,699.0044022517284
500 °C,10.413824465666211,704.5804595160317
500 °C,10.445657116871304,698.6533129194935
500 °C,10.4774897680764,700.8852510682697
500 °C,10.509322419281492,692.2946392470949
500 °C,10.541155070486585,694.3728660482578
500 °C,10.572987721691678,700.1951417993641
500 °C,10.604820372896771,699.4405903864845
500 °C,10.636653024101864,698.2049107750215
500 °C,10.668485675306957,699.1990403395371
500 °C,10.70031832651205,699.7166685086618
500 °C,10.732150977717144,697.0824183153552
500 °C,10.763983628922237,703.218942709805
500 °C,10.795816280127331,699.3905886698924
500 °C,10.827648931332424,698.6847919284211
500 °C,10.859481582537517,698.9920846117835
500 °C,10.89131423374261,700.230352159452
500 °C,10.923146884947704,701.3019385968017
500 °C,10.954979536152797,698.805514622046
500 °C,10.98681218735789,702.5607255331076
500 °C,11.018644838562983,697.8059122077682
500 °C,11.050477489768076,701.28331836163
500 °C,11.08231014097317,702.3244350270738
500 °C,11.114142792178264,701.4219317152837
500 °C,11.145975443383357,702.4746206606744
500 °C,11.17780809458845,695.6607109263184
500 °C,11.209640745793543,695.4673941310934
500 °C,11.241473396998636,701.0047643224449
500 °C,11.273306048203729,700.2597847302425
500 °C,11.305138699408822,701.8448932490601
500 °C,11.336971350613915,700.2577578619209
500 °C,11.368804001819008,701.6752904034328
500 °C,11.400636653024101,701.9305400072633
500 °C,11.432469304229196,698.4394072685327
500 °C,11.464301955434289,701.1669291192082
500 °C,11.496134606639382,695.1988502157719
500 °C,11.527967257844475,696.6719970285733
500 °C,11.559799909049568,701.0516069873194
500 °C,11.591632560254661,696.3656166579594
500 °C,11.623465211459754,703.7710836353771
500 °C,11.655297862664847,700.3216936618646
500 °C,11.68713051386994,693.2784271223968
500 °C,11.718963165075035,699.814991453024
500 °C,11.750795816280128,700.2795836892553
500 °C,11.782628467485221,702.3205418572416
500 °C,11.814461118690314,698.8396798723527
500 °C,11.846293769895407,698.4010444531043
500 °C,11.8781264211005,698.0326590893193
500 °C,11.909959072305593,701.6109607216946
500 °C,11.941791723510686,702.5785512846081
500 °C,11.97362437471578,704.2422478727214
500 °C,12.005457025920872,699.9749341762224
500 °C,12.037289677125965,695.4821082515442
500 °C,12.069122328331058,696.4150736018169
500 °C,12.100954979536153,698.6430367656353
500 °C,12.132787630741246,699.5308154129328
500 °C,12.16462028194634,702.0735438743621
500 °C,12.196452933151432,701.0089106333962
500 °C,12.228285584356525,698.9605331903855
500 °C,12.260118235561619,699.3268055908454
500 °C,12.291950886766712,697.6117789774848
500 °C,12.323783537971806,701.1665874049005
500 °C,12.3556161891769,702.0309652026868
500 °C,12.387448840381992,698.5282621182687
500 °C,12.419281491587085,701.0635874101107
500 °C,12.451114142792179,698.6372504204985
500 °C,12.482946793997272,699.0702597156464
500 °C,12.514779445202365,697.2217468956908
500 °C,12.546612096407458,697.4739464548755
500 °C,12.57844474761255,697.4925079368971
500 °C,12.610277398817644,701.6997045534416
500 °C,12.642110050022737,701.7068596278752
500 °C,12.67394270122783,696.9156786837815
500 °C,12.705775352432925,700.8179915819509
500 °C,12.737608003638018,700.2250399827767
500 °C,12.76944065484311,700.8604004850678
500 °C,12.801273306048204,695.858506426868
500 °C,12.833105957253297,700.3270385012561
500 °C,12.86493860845839,699.2280277115872
500 °C,12.896771259663483,700.4292012795788
500 °C,12.928603910868576,700.8091385910201
500 °C,12.96043656207367,702.7207945939618
500 °C,12.992269213278764,702.4808872875738
500 °C,13.024101864483857,697.8044315599113
500 °C,13.05593451568895,697.3322560895054
500 °C,13.087767166894043,696.6476476616674
500 °C,13.119599818099136,697.6853064261535
500 °C,13.151432469304229,698.822897342691
500 °C,13.183265120509322,693.3102088610061
500 °C,13.215097771714415,695.4218000535351
500 °C,13.246930422919508,699.9480815746075
500 °C,13.278763074124601,697.4818622882208
500 °C,13.310595725329694,697.5205737579913
500 °C,13.342428376534789,694.9137098576491
500 °C,13.374261027739882,695.6833451115145
500 °C,13.406093678944975,693.134929003833
500 °C,13.437926330150068,694.6743439448315
500 °C,13.469758981355161,698.7878345024127
500 °C,13.501591632560254,697.7095103581322
500 °C,13.533424283765347,702.0977543666523
500 °C,13.565256934970442,699.3575435280917
500 °C,13.597089586175535,697.4133138992926
500 °C,13.628922237380628,696.94794485376
500 °C,13.660754888585721,695.955502624247
500 °C,13.692587539790814,695.5602678247004
500 °C,13.724420190995907,699.7309611185487
500 °C,13.756252842201,695.9533328984538
500 °C,13.788085493406093,699.6251681454497
500 °C,13.819918144611187,693.2743261796927
500 °C,13.85175079581628,699.8717187344876
500 °C,13.883583447021373,701.419421312111
500 °C,13.915416098226466,697.6879349567886
500 °C,13.947248749431559,697.2093662546434
500 °C,13.979081400636653,697.7296697220925
500 °C,14.010914051841747,696.9288507978375
500 °C,14.04274670304684,699.0760552509208
500 °C,14.074579354251933,694.3865740380339
500 °C,14.106412005457026,699.7293620572361
500 °C,14.138244656662119,700.1705334027156
500 °C,14.170077307867214,694.2077655761137
500 °C,14.201909959072307,697.156872941599
500 °C,14.2337426102774,700.776585885016
500 °C,14.265575261482493,700.4220849213368
500 °C,14.297407912687586,697.9818354610536
500 °C,14.329240563892679,695.5511600129134
500 °C,14.361073215097772,695.1592307493635
500 °C,14.392905866302865,695.1994269232022
500 °C,14.424738517507958,699.1231409452246
500 °C,14.456571168713051,700.4901613497228
500 °C,14.488403819918144,697.1850056124861
500 °C,14.520236471123237,698.0366178087036
500 °C,14.55206912232833,695.2009593378942
500 °C,14.583901773533423,697.2670573815298
500 °C,14.615734424738516,695.3563549426015
500 °C,14.647567075943611,696.5706129268577
500 °C,14.679399727148704,697.6356946868791
500 °C,14.711232378353797,693.787086710189
500 °C,14.74306502955889,700.1345899007163
500 °C,14.774897680763983,695.6514750989153
500 °C,14.806730331969078,694.9448814894338
500 °C,14.838562983174171,698.0122525080349
500 °C,14.870395634379264,698.2008343067804
500 °C,14.902228285584357,695.1984142372007
500 °C,14.93406093678945,694.0221220329281
500 °C,14.965893587994543,697.2223598850411
500 °C,14.997726239199636,696.0434926994918
500 °C,15.02955889040473,695.7473322702884
500 °C,15.061391541609822,697.4417567025728
500 °C,15.093224192814915,692.8549646689064
500 °C,15.125056844020008,694.6476866824183
500 °C,15.156889495225101,694.0871778043409
500 °C,15.188722146430194,694.1198744385752
500 °C,15.220554797635288,698.2222272545177
500 °C,15.252387448840382,698.6009333382616
500 °C,15.284220100045475,695.6982821515287
500 °C,15.316052751250568,699.4219350733584
500 °C,15.347885402455661,697.7991272009468
500 °C,15.379718053660755,694.7104785551458
500 °C,15.41155070486585,701.1521602146574
500 °C,15.443383356070942,698.7590109188216
500 °C,15.475216007276035,693.9063678290656
500 °C,15.507048658481128,696.2355259660003
500 °C,15.538881309686221,692.4089621327021
500 °C,15.570713960891315,700.1826674951657
500 °C,15.602546612096408,695.3729470469948
500 °C,15.6343792633015,693.2035056910763
500 °C,15.666211914506594,693.9642368526413
500 °C,15.698044565711687,701.1502226753325
500 °C,15.72987721691678,693.9144749305444
500 °C,15.761709868121873,701.2889856181964
500 °C,15.793542519326966,696.130814089892
500 °C,15.825375170532059,698.1329406776802
500 °C,15.857207821737152,700.1157079022609
500 °C,15.889040472942247,699.6051832710111
500 °C,15.92087312414734,698.3463543702916
500 °C,15.952705775352433,697.0156994365827
500 °C,15.984538426557526,696.7871961430918
500 °C,16.01637107776262,696.6916292714661
500 °C,16.048203728967714,693.240521301933
500 °C,16.080036380172807,696.8379282462913
500 °C,16.1118690313779,695.7514291880464
500 °C,16.143701682582993,695.5579241396537
500 °C,16.175534333788086,696.5306414943202
500 °C,16.20736698499318,698.3696745897618
500 °C,16.239199636198272,698.2783020945379
500 °C,16.271032287403365,696.0827660053263
500 °C,16.302864938608458,697.6589907594332
500 °C,16.33469758981355,696.3525696361623
500 °C,16.366530241018644,697.4351943032568
500 °C,16.398362892223737,699.7206817124868
500 °C,16.43019554342883,696.283333320358
500 °C,16.462028194633923,697.6953270216275
500 °C,16.493860845839016,697.8142643693795
500 °C,16.52569349704411,694.292753166561
500 °C,16.557526148249202,696.9031119805571
500 °C,16.589358799454295,694.8550347007072
500 °C,16.62119145065939,699.1237197244186
500 °C,16.65302410186448,697.6099650784738
500 °C,16.684856753069578,695.9971250720342
500 °C,16.71668940427467,694.8278538730221
500 °C,16.748522055479764,695.4860136512883
500 °C,16.780354706684857,695.4120857119417
500 °C,16.81218735788995,686.3479987510264
500 °C,16.844020009095043,699.1665922919187
500 °C,16.875852660300136,697.842489310651
500 °C,16.90768531150523,694.7153743183657
500 °C,16.939517962710323,693.899399291534
500 °C,16.971350613915416,698.7891996932576
500 °C,17.00318326512051,695.5894253146873
500 °C,17.0350159163256,695.2233349522485
500 °C,17.066848567530695,694.7316596283478
500 °C,17.098681218735788,699.9866121648529
500 °C,17.130513869940884,694.4880978505641
500 °C,17.162346521145977,701.2396218573267
500 °C,17.19417917235107,700.0804776758708
500 °C,17.226011823556163,694.0073399787658
500 °C,17.257844474761256,693.0625679830887
500 °C,17.28967712596635,694.3571702962729
500 °C,17.321509777171443,698.403975684693
500 °C,17.353342428376536,696.9447413049195
500 °C,17.38517507958163,696.2696448423334
500 °C,17.41700773078672,695.1509500057273
500 °C,17.448840381991815,696.5160618063579
500 °C,17.480673033196908,693.3550739905345
500 °C,17.512505684402,693.5002986906205
500 °C,17.544338335607094,699.0968709495618
500 °C,17.576170986812187,695.0269697110609
500 °C,17.60800363801728,699.9213392319252
500 °C,17.639836289222373,691.9677470440913
500 °C,17.671668940427466,696.7978313183468
500 °C,17.70350159163256,694.8136031789576
500 °C,17.735334242837652,697.4415808183877
500 °C,17.767166894042745,696.3087863807593
500 °C,17.79899954524784,693.3633496941349
500 °C,17.83083219645293,697.5981354214509
500 °C,17.862664847658024,691.4262104471441
500 °C,17.894497498863117,691.8478508671918
500 °C,17.926330150068214,697.6148932757773
500 °C,17.958162801273307,698.106186365377
500 °C,17.9899954524784,691.1439430275374
500 °C,18.021828103683493,697.6398784413241
500 °C,18.053660754888586,691.9931889849754
500 °C,18.08549340609368,692.0896928571083
500 °C,18.117326057298772,696.1402858557618
500 °C,18.149158708503865,690.7347589691088
500 °C,18.18099135970896,698.1071643764717
500 °C,18.21282401091405,694.8078021544516
500 °C,18.244656662119144,694.1673710829294
500 °C,18.276489313324237,696.1086339389484
500 °C,18.308321964529334,697.003200970783
500 °C,18.340154615734427,696.5320990089617
500 °C,18.37198726693952,694.7378178670945
500 °C,18.403819918144613,696.0487533797832
500 °C,18.435652569349706,697.1110137525043
500 °C,18.4674852205548,695.7837671518153
500 °C,18.499317871759892,695.6720209283101
500 °C,18.531150522964985,693.7598129514508
500 °C,18.56298317417008,698.1426036796491
500 °C,18.59481582537517,693.7187208021727
500 °C,18.626648476580264,700.1456310933552
500 °C,18.658481127785358,696.0897454742454
500 °C,18.69031377899045,692.1011729014768
500 °C,18.722146430195544,695.0627794278212
500 °C,18.753979081400637,693.5829185306959
500 °C,18.78581173260573,694.060101700243
500 °C,18.817644383810823,694.9306156902379
500 °C,18.849477035015916,693.0538184922469
500 °C,18.88130968622101,693.3459378005875
500 °C,18.913142337426102,694.1522294124268
500 °C,18.944974988631195,695.2892031122691
500 °C,18.976807639836288,695.1773031508205
500 °C,19.00864029104138,694.2246179921294
500 °C,19.040472942246474,697.9826125486496
500 °C,19.072305593451567,692.830031815518
500 °C,19.10413824465666,694.0153113482951
500 °C,19.135970895861753,695.8175359384766
500 °C,19.167803547066846,697.5572113094818
500 °C,19.19963619827194,690.355960959996
500 °C,19.231468849477032,696.7826468065141
500 °C,19.26330150068213,695.759981752251
500 °C,19.295134151887222,696.324609517467
500 °C,19.326966803092315,690.0067375731671
500 °C,19.358799454297408,691.4952222785433
500 °C,19.3906321055025,691.2597753479079
500 °C,19.422464756707594,692.9537848314978
500 °C,19.454297407912687,698.6833671975149
500 °C,19.48613005911778,691.5853968302807
500 °C,19.517962710322873,700.2690686800007
500 °C,19.549795361527966,698.969253807626
500 °C,19.581628012733063,693.421644104789
500 °C,19.613460663938156,695.5880999622698
500 °C,19.64529331514325,691.9867916016806
500 °C,19.677125966348342,692.6508697917736
500 °C,19.708958617553435,692.4302076589481
500 °C,19.740791268758528,697.8754403711607
500 °C,19.77262391996362,697.2529594176538
500 °C,19.804456571168714,697.9987546188081
500 °C,19.836289222373807,690.3516500189194
500 °C,19.8681218735789,692.7015856297813
500 °C,19.899954524783993,695.1752935476301
500 °C,19.931787175989086,691.8628691346845
500 °C,19.96361982719418,697.8713021285954
500 °C,19.995452478399272,698.3962689211197
500 °C,20.027285129604365,694.7428397736209
500 °C,20.05911778080946,697.78363532155
500 °C,20.09095043201455,692.5777607982378
500 °C,20.122783083219645,693.7414309273895
500 °C,20.154615734424738,694.6424574425162
500 °C,20.18644838562983,693.7396733535237
500 °C,20.218281036834924,694.0770137791468
500 °C,20.250113688040017,697.6214671170002
500 °C,20.28194633924511,697.2737892280527
500 °C,20.313778990450203,695.3820306207411
500 °C,20.345611641655296,695.8577931815538
500 °C,20.37744429286039,694.348582385981
500 °C,20.409276944065482,692.8849717881984
500 °C,20.441109595270575,694.0063327930905
500 °C,20.472942246475668,698.0432009000697
500 °C,20.504774897680765,699.1195444092218
500 °C,20.536607548885858,695.916930236081
500 °C,20.56844020009095,694.6722309137608
500 °C,20.600272851296044,691.8141003083073
500 °C,20.632105502501137,696.2574505601267
500 °C,20.66393815370623,696.6706826630416
500 °C,20.695770804911323,694.1999267225639
500 °C,20.727603456116416,695.2252234822876
500 °C,20.75943610732151,697.578583098027
500 °C,20.791268758526602,696.3124005419804
500 °C,20.8231014097317,699.0682403161294
500 °C,20.85493406093679,696.2658956025595
500 °C,20.886766712141885,695.7597962067265
500 °C,20.918599363346978,691.2471211259876
500 °C,20.95043201455207,688.2989590192187
500 °C,20.982264665757164,701.5383024200153
500 °C,21.014097316962257,691.9526082548448
500 °C,21.04592996816735,693.3739366036407
500 °C,21.077762619372443,687.6869037358714
500 °C,21.109595270577536,698.866405538078
500 °C,21.14142792178263,692.2088454290543
500 °C,21.173260572987722,697.9615568156241
500 °C,21.205093224192815,695.051338969458
500 °C,21.236925875397908,699.0728802260497
500 °C,21.268758526603,693.7600335555844
500 °C,21.300591177808094,692.3541035365065
500 °C,21.332423829013187,692.1676824614943
500 °C,21.36425648021828,694.6124544372803
500 °C,21.396089131423373,692.3126004207548
500 °C,21.427921782628466,693.6368981169605
500 °C,21.45975443383356,695.27731744677
500 °C,21.491587085038653,691.7351266581334
500 °C,21.523419736243746,696.326699361843
500 °C,21.55525238744884,699.3861797959225
500 °C,21.58708503865393,692.9558347663186
500 °C,21.618917689859025,691.2741217368578
500 °C,21.650750341064118,690.8170154067775
500 °C,21.68258299226921,691.9405257563106
500 °C,21.714415643474304,691.4933163212365
500 °C,21.746248294679397,693.3744185764014
500 °C,21.778080945884494,689.3773674521909
500 °C,21.809913597089587,690.7485485496178
500 °C,21.84174624829468,690.5318520755886
500 °C,21.873578899499773,693.7883596226328
500 °C,21.905411550704866,690.0758826822068
500 °C,21.93724420190996,693.6677548849515
500 °C,21.96907685311505,688.8262323409792
500 °C,22.000909504320145,694.2504072714469
500 °C,22.032742155525238,694.6153134520606
500 °C,22.06457480673033,694.4470922933406
500 °C,22.096407457935427,692.9795435488079
500 °C,22.12824010914052,695.9009978824931
500 °C,22.160072760345614,697.4588209297518
500 °C,22.191905411550707,692.5588352834205
500 °C,22.2237380627558,689.8604496080908
500 °C,22.255570713960893,693.2868793788031
500 °C,22.287403365165986,693.1145655323215
500 °C,22.31923601637108,693.6390083335318
500 °C,22.351068667576172,691.0611182981874
500 °C,22.382901318781265,694.7604216513165
500 °C,22.414733969986358,696.8284620015834
500 °C,22.44656662119145,700.7257706923614
500 °C,22.478399272396544,690.7593432474549
500 °C,22.510231923601637,691.1405895371792
500 °C,22.54206457480673,693.4548831264656
500 °C,22.573897226011823,692.248447273343
500 °C,22.605729877216916,691.9397519236202
500 °C,22.63756252842201,692.7878252338178
500 °C,22.669395179627102,691.4888526677393
500 °C,22.701227830832195,692.2032857594517
500 °C,22.73306048203729,694.6859949027946
500 °C,22.76489313324238,695.841053410365
500 °C,22.796725784447474,690.1877461113004
500 °C,22.828558435652567,696.3917962852759
500 °C,22.86039108685766,695.736264549135
500 °C,22.892223738062754,693.2845140120152
500 °C,22.924056389267847,693.6185289272221
500 °C,22.95588904047294,691.813135590414
500 °C,22.987721691678033,693.9302254248163
500 °C,23.01955434288313,692.2102936079589
500 °C,23.051386994088222,689.7081229804694
500 °C,23.083219645293315,689.5797817376771
500 °C,23.11505229649841,691.2039092549198
500 °C,23.1468849477035,694.875379844637
500 °C,23.178717598908595,689.815668337753
500 °C,23.210550250113688,693.4004020719731
500 °C,23.24238290131878,692.341793156798
500 °C,23.274215552523874,694.7681998019258
500 °C,23.306048203728967,694.2861465779839
500 °C,23.337880854934063,689.3219141211882
500 °C,23.369713506139156,695.7019620518886
500 °C,23.40154615734425,693.5702742286983
500 °C,23.433378808549342,691.2334281935376
500 °C,23.465211459754435,693.9123167596722
500 °C,23.49704411095953,697.8065524661275
500 °C,23.52887676216462,693.3545356331814
500 °C,23.560709413369715,692.3462783607167
500 °C,23.592542064574808,693.24451350828
500 °C,23.6243747157799,693.3408888572666
500 °C,23.656207366984994,696.3831997355321
500 °C,23.688040018190087,692.5013093592564
500 °C,23.71987266939518,692.7203633658208
500 °C,23.751705320600273,696.9468561467233
500 °C,23.783537971805366,694.6867059005699
500 °C,23.81537062301046,696.5373814273604
500 °C,23.847203274215552,692.0912016149313
500 °C,23.879035925420645,694.2639924527016
500 °C,23.910868576625738,693.5265781908187
500 °C,23.94270122783083,691.4632127686139
500 °C,23.974533879035924,695.3808289026019
500 °C,24.006366530241017,694.0448166773565
500 °C,24.03819918144611,692.8408033630918
500 °C,24.070031832651203,694.4341781714697
500 °C,24.101864483856296,690.9228857865946
500 °C,24.13369713506139,695.7258522612613
500 °C,24.165529786266482,694.2910803802682
500 °C,24.197362437471575,696.674083237197
500 °C,24.22919508867667,694.0680316417549
500 °C,24.261027739881765,692.3980301848484
500 °C,24.292860391086858,687.5632387182106
500 °C,24.32469304229195,692.3257607643543
500 °C,24.356525693497044,691.1470438447523
500 °C,24.388358344702137,696.5420417488358
500 °C,24.42019099590723,692.9779775765105
500 °C,24.452023647112323,689.0913071058351
500 °C,24.483856298317416,698.2910269317338
500 °C,24.51568894952251,692.2508277621797
500 °C,24.547521600727602,695.0062839160521
500 °C,24.5793542519327,695.1200004893489
500 °C,24.611186903137792,693.9350821804009
500 °C,24.643019554342885,690.4090240660757
500 °C,24.674852205547978,690.9960137426335
500 °C,24.70668485675307,693.8168369941352
500 °C,24.738517507958164,692.2664020588079
500 °C,24.770350159163257,693.7094943270038
500 °C,24.80218281036835,695.4517267914521
500 °C,24.834015461573443,693.0957607810881
500 °C,24.865848112778536,690.902425507144
500 °C,24.89768076398363,693.3223966370923
500 °C,24.929513415188723,694.6125689147365
500 °C,24.961346066393816,693.9734238992573
500 °C,24.99317871759891,693.4652426225691
500 °C,25.025011368804,695.6849227525755
500 °C,25.056844020009095,690.6660385208038
500 °C,25.088676671214188,691.8547794021631
500 °C,25.12050932241928,694.9442857993713
500 °C,25.152341973624374,694.2895930413176
500 °C,25.184174624829467,696.523959518187
500 °C,25.21600727603456,691.7383803924477
500 °C,25.247839927239653,689.6941050130472
500 °C,25.279672578444746,690.4317554844736
500 °C,25.31150522964984,693.4527048150932
500 °C,25.343337880854932,691.1150732092884
500 °C,25.375170532060025,693.940738693313
500 °C,25.407003183265118,692.4453242757878
500 °C,25.43883583447021,697.881985489539
500 °C,25.470668485675304,693.6896590537663
500 °C,25.502501136880397,695.5677019502721
500 °C,25.534333788085494,691.1854576918984
500 °C,25.566166439290587,694.2798454203185
500 °C,25.59799909049568,692.5214693917843
500 °C,25.629831741700773,695.3876296767681
500 °C,25.661664392905866,693.4462814230734
500 °C,25.69349704411096,693.6856234656896
500 °C,25.725329695316052,695.4856351208641
500 °C,25.757162346521145,689.4687919097364
500 °C,25.78899499772624,691.7583492017869
500 °C,25.82082764893133,693.0297778811971
500 °C,25.852660300136428,696.9746997346892
500 °C,25.88449295134152,691.5701069208392
500 °C,25.916325602546614,690.8660840450946
500 °C,25.948158253751707,691.4974984328296
500 °C,25.9799909049568,690.3853367463624
500 °C,26.011823556161893,691.8427798084206
500 °C,26.043656207366986,690.8508938723319
500 °C,26.07548885857208,692.651545722224
500 °C,26.107321509777172,692.8326561727324
500 °C,26.139154160982265,691.9312982243865
500 °C,26.17098681218736,693.1443247264995
500 °C,26.20281946339245,693.9165787007962
500 °C,26.234652114597544,690.682465155186
500 °C,26.266484765802637,695.4451626472887
500 °C,26.29831741700773,692.5591661391653
500 °C,26.330150068212824,689.0576519108944
500 °C,26.361982719417917,690.365754008811
500 °C,26.39381537062301,692.9287017559107
500 °C,26.425648021828103,692.9614570328259
500 °C,26.457480673033196,691.3911711856429
500 °C,26.48931332423829,696.5388977381177
500 °C,26.521145975443382,690.9726941156399
500 °C,26.552978626648475,693.5036979121414
500 °C,26.584811277853568,690.0791684190973
500 °C,26.616643929058664,693.4511235708778
500 °C,26.648476580263758,692.0912317203944
500 °C,26.68030923146885,692.6633410690887
500 °C,26.712141882673944,696.0244807612257
500 °C,26.743974533879037,694.1530552130794
500 °C,26.77580718508413,693.737113780499
500 °C,26.807639836289223,694.3872465024286
500 °C,26.839472487494316,698.3139899445305
500 °C,26.87130513869941,699.4855601304535
500 °C,26.903137789904502,697.7354906555187
500 °C,26.934970441109595,705.1028323895664
500 °C,26.966803092314688,705.8045355413693
500 °C,26.99863574351978,704.0716913633249
500 °C,27.030468394724874,701.3016234010266
500 °C,27.062301045929967,706.3323829681556
500 °C,27.09413369713506,713.1119248840914
500 °C,27.125966348340153,709.965316172867
500 °C,27.157798999545246,713.7315712064205
500 °C,27.18963165075034,719.9325053858046
500 °C,27.221464301955432,718.8206637912771
500 °C,27.25329695316053,725.3838409296745
500 °C,27.285129604365622,728.8292687424935
500 °C,27.316962255570715,737.0713915526088
500 °C,27.348794906775808,743.4443063426716
500 °C,27.3806275579809,748.6805760501006
500 °C,27.412460209185994,753.471536514447
500 °C,27.444292860391087,763.4863076415392
500 °C,27.47612551159618,769.7593869361305
500 °C,27.507958162801273,782.4755761739611
500 °C,27.539790814006366,785.6075593230177
500 °C,27.57162346521146,796.2252357781423
500 °C,27.603456116416552,808.9224457823486
500 °C,27.635288767621645,819.6303090119511
500 °C,27.66712141882674,832.2451093596279
500 °C,27.69895407003183,844.4668934465342
500 °C,27.730786721236925,859.5514634188767
500 °C,27.762619372442018,874.8675596302409
500 °C,27.79445202364711,885.6839107941889
500 °C,27.826284674852204,898.9877667857363
500 °C,27.858117326057297,915.3360480854774
500 °C,27.889949977262393,931.4846786039141
500 °C,27.921782628467486,945.558415002964
500 °C,27.95361527967258,957.4337504806617
500 °C,27.985447930877672,976.4160392556203
500 °C,28.017280582082766,992.3775555001864
500 °C,28.04911323328786,1007.4953629931456
500 °C,28.08094588449295,1021.6398767609535
500 °C,28.112778535698045,1031.6770811864944
500 °C,28.144611186903138,1055.9410432463305
500 °C,28.17644383810823,1057.1866539054563
500 °C,28.208276489313324,1080.8426878942628
500 °C,28.240109140518417,1079.8549339744766
500 °C,28.27194179172351,1095.8342788964019
500 °C,28.303774442928603,1101.3937610189334
500 °C,28.335607094133696,1115.7325123431383
500 °C,28.36743974533879,1114.6731001988305
500 °C,28.399272396543882,1125.6340094957277
500 °C,28.431105047748975,1126.157771914713
500 °C,28.462937698954068,1130.456077561387
500 °C,28.494770350159165,1128.3825318922936
500 °C,28.526603001364258,1131.1893552257657
500 °C,28.55843565256935,1128.2124758361897
500 °C,28.590268303774444,1130.4960528437878
500 °C,28.622100954979537,1122.2354110583947
500 °C,28.65393360618463,1115.4980506358052
500 °C,28.685766257389723,1104.3398717056257
500 °C,28.717598908594816,1096.6452957279992
500 °C,28.74943155979991,1083.9803955046584
500 °C,28.781264211005002,1077.3619382593208
500 °C,28.813096862210095,1063.2825132509142
500 °C,28.844929513415188,1052.4280527441124
500 °C,28.87676216462028,1032.8038731328604
500 °C,28.908594815825374,1020.057415088844
500 °C,28.940427467030467,1013.2403841778008
500 °C,28.97226011823556,994.7269553174865
500 °C,29.004092769440653,977.2223600322942
500 °C,29.035925420645746,964.7408314282316
500 °C,29.06775807185084,952.8674453049109
500 °C,29.099590723055933,934.6828902880634
500 °C,29.13142337426103,919.6066073315978
500 °C,29.163256025466122,904.0061960647062
500 °C,29.195088676671215,889.4318960189759
500 °C,29.22692132787631,876.0634518436124
500 °C,29.2587539790814,862.2230008303912
500 °C,29.290586630286494,854.3181554795382
500 °C,29.322419281491587,834.1275006307899
500 °C,29.35425193269668,817.1676159027377
500 °C,29.386084583901773,812.7776346992192
500 °C,29.417917235106867,803.3435126597685
500 °C,29.44974988631196,791.4569228780059
500 °C,29.481582537517053,781.2882344082143
500 °C,29.513415188722146,769.6289950170511
500 °C,29.54524783992724,761.0805885604105
500 °C,29.57708049113233,752.8348536282572
500 °C,29.608913142337425,746.9398363664893
500 °C,29.640745793542518,739.104041281662
500 °C,29.67257844474761,736.2627697504875
500 °C,29.704411095952704,732.15735470867
500 °C,29.736243747157797,729.1633567091073
500 °C,29.768076398362894,721.6231599941403
500 °C,29.799909049567987,714.1379128080348
500 °C,29.83174170077308,713.1684636602376
500 °C,29.863574351978173,712.8337872071669
500 °C,29.895407003183266,708.9026536576766
500 °C,29.92723965438836,706.8760606262001
500 °C,29.959072305593452,704.0882598722729
500 °C,29.990904956798545,700.6373335850463
500 °C,30.022737608003638,703.9279718656876
500 °C,30.05457025920873,700.5144382562215
500 °C,30.086402910413824,695.6725498430901
500 °C,30.118235561618917,697.854565016955
500 °C,30.15006821282401,696.1356915494026
500 °C,30.181900864029103,697.1507432920408
500 °C,30.213733515234196,696.2354849153505
500 °C,30.24556616643929,697.971374300359
500 °C,30.277398817644382,691.9091922638759
500 °C,30.309231468849475,693.2517868422972
500 °C,30.34106412005457,693.0205781441987
500 °C,30.37289677125966,692.0807953762362
500 °C,30.404729422464758,690.219757622551
500 °C,30.43656207366985,686.9566552082395
500 °C,30.468394724874944,691.7505937621576
500 °C,30.500227376080037,688.7078632944682
500 °C,30.53206002728513,689.8697236941
500 °C,30.563892678490223,694.7443723486788
500 °C,30.595725329695316,692.0552718619402
500 °C,30.62755798090041,689.994847001688
500 °C,30.659390632105502,693.2758492518786
500 °C,30.691223283310595,691.816423979263
500 °C,30.72305593451569,689.7803006709817
500 °C,30.75488858572078,693.4419118386867
500 °C,30.786721236925874,691.3778642444629
500 °C,30.818553888130968,690.321468314903
500 °C,30.85038653933606,691.6507853470474
500 °C,30.882219190541154,689.043846500554
500 °C,30.914051841746247,691.0886442571342
500 °C,30.94588449295134,689.3042564881821
500 °C,30.977717144156433,691.1535893640394
500 °C,31.00954979536153,688.4682566973954
500 °C,31.041382446566622,691.5009400257647
500 °C,31.073215097771715,687.4467115634305
500 °C,31.10504774897681,691.0734881988136
500 °C,31.1368804001819,690.2119839960595
500 °C,31.168713051386995,686.7205820731601
500 °C,31.200545702592088,692.6304002290333
500 °C,31.23237835379718,692.1968962221908
500 °C,31.264211005002274,687.862043785186
500 °C,31.296043656207367,689.4293546070961
500 °C,31.32787630741246,690.8775434517775
500 °C,31.359708958617553,690.4418450774018
500 °C,31.391541609822646,692.4459269234208
500 °C,31.42337426102774,690.2949104169857
500 °C,31.455206912232832,686.8717548104662
500 °C,31.487039563437925,691.6577681003065
500 °C,31.518872214643018,686.9460754582398
500 °C,31.55070486584811,684.5263706529717
500 °C,31.582537517053204,686.4245651854643
500 °C,31.614370168258297,691.3260160153455
500 °C,31.646202819463394,697.8054830105242
500 °C,31.678035470668487,686.6338985841653
500 °C,31.70986812187358,692.5461105898939
500 °C,31.741700773078673,692.0172715885749
500 °C,31.773533424283766,690.2246598821195
500 °C,31.80536607548886,690.4653555510308
500 °C,31.837198726693952,688.0562413373344
500 °C,31.869031377899045,690.8905772555138
500 °C,31.900864029104138,691.6136375385355
500 °C,31.93269668030923,689.7187893043877
500 °C,31.964529331514324,694.1949618654676
500 °C,31.996361982719417,695.0236295597526
500 °C,32.028194633924514,687.6494116452656
500 °C,32.06002728512961,691.6446545051624
500 °C,32.0918599363347,686.589881747779
500 °C,32.12369258753979,691.0850809853215
500 °C,32.155525238744886,686.1104365884953
500 °C,32.18735788994998,688.1703412951075
500 °C,32.21919054115507,686.2665831817029
500 °C,32.251023192360165,687.697204808964
500 °C,32.28285584356526,693.3803031416556
500 °C,32.31468849477035,692.6580156633634
500 °C,32.346521145975444,685.5361493947544
500 °C,32.37835379718054,689.6834282099591
500 °C,32.41018644838563,685.5084004551187
500 °C,32.44201909959072,689.4973740489103
500 °C,32.473851750795816,692.5737672269221
500 °C,32.50568440200091,690.011175144305
500 °C,32.537517053206,688.3482588044666
500 °C,32.569349704411096,688.6372857768513
500 °C,32.60118235561619,694.6645365114767
500 °C,32.63301500682128,690.9454235192144
500 °C,32.664847658026375,688.3374282978298
500 °C,32.69668030923147,687.6413193171708
500 °C,32.72851296043656,688.8220965483276
500 °C,32.760345611641654,693.3049625943014
500 °C,32.79217826284675,691.4664414735812
500 °C,32.82401091405184,691.4224041063836
500 °C,32.85584356525693,683.3287675471624
500 °C,32.887676216462026,691.4036987151576
500 °C,32.91950886766712,684.7215916267222
500 °C,32.95134151887221,690.2694347743314
500 °C,32.983174170077305,693.1202396444572
500 °C,33.0150068212824,692.1209477152363
500 °C,33.04683947248749,687.9884080848474
500 °C,33.078672123692584,692.9561807161374
500 °C,33.11050477489768,689.7391441801666
500 °C,33.14233742610277,689.9300789082278
500 °C,33.17417007730786,690.1202351726761
500 °C,33.206002728512956,690.2877460250518
500 °C,33.23783537971805,688.5212407739305
500 °C,33.26966803092314,692.4380928417851
500 °C,33.301500682128236,689.4824366150149
500 °C,33.33333333333333,693.7001684924443
500 °C,33.36516598453842,691.8794124636047
500 °C,33.396998635743515,688.2815292888441
500 °C,33.42883128694861,690.6550841311899
500 °C,33.4606639381537,691.2600148458903
500 °C,33.492496589358794,693.0627228486076
500 °C,33.524329240563894,691.3853037494615
500 °C,33.55616189176899,694.5135543278205
500 °C,33.58799454297408,692.6773973163714
500 °C,33.61982719417917,691.6911132486641
500 °C,33.651659845384266,689.0045689355547
500 °C,33.68349249658936,690.5280039126263
500 °C,33.71532514779445,692.0793403212169
500 °C,33.747157798999545,688.0753206315582
500 °C,33.77899045020464,687.0656103228964
500 °C,33.81082310140973,686.8695520145021
500 °C,33.842655752614824,691.6006603905525
500 °C,33.87448840381992,691.5151828020712
500 °C,33.90632105502501,686.9866589651589
500 °C,33.9381537062301,689.5385024618118
500 °C,33.9699863574352,692.0154565936465
500 °C,34.00181900864029,690.7713472290748
500 °C,34.03365165984538,688.9253530352515
500 °C,34.065484311050476,686.936263505146
500 °C,34.09731696225557,690.7491046195637
500 °C,34.12914961346066,691.7137051180919
500 °C,34.16098226466576,690.5548850502937
500 °C,34.192814915870855,689.0713988880375
500 °C,34.22464756707595,686.5993886584405
500 °C,34.25648021828104,692.9303548165408
500 °C,34.288312869486134,693.4151749375611
500 °C,34.32014552069123,691.3611671190329
500 °C,34.35197817189632,688.8958145590817
500 °C,34.38381082310141,688.8611238273427
500 °C,34.415643474306506,689.5015001184437
500 °C,34.4474761255116,689.3495241998996
500 °C,34.47930877671669,685.5413706070302
500 °C,34.511141427921785,686.0753682490547
500 °C,34.54297407912688,688.562734375863
500 °C,34.57480673033197,690.397185319829
500 °C,34.606639381537065,689.9836871158947
500 °C,34.63847203274216,690.4222497309091
500 °C,34.67030468394725,692.5261277163358
500 °C,34.702137335152344,689.0049329139066
500 °C,34.73396998635744,690.4887463056759
500 °C,34.76580263756253,692.3485661583117
500 °C,34.79763528876762,689.0344830884213
500 °C,34.829467939972716,689.7327472849488
500 °C,34.86130059117781,684.796165104524
500 °C,34.8931332423829,691.3893421874607
500 °C,34.924965893587995,687.9615891243445
500 °C,34.95679854479309,687.9735842203402
500 °C,34.98863119599818,686.1563435739845
500 °C,35.020463847203274,690.6706293290601
500 °C,35.05229649840837,689.2524519071311
500 °C,35.08412914961346,693.723130124216
500 °C,35.11596180081855,693.4004475451778
500 °C,35.147794452023646,689.4516873271821
500 °C,35.17962710322874,690.8487561620118
500 °C,35.21145975443383,688.6225839012886
500 °C,35.243292405638925,682.46112654492
500 °C,35.27512505684402,689.4013765992773
500 °C,35.30695770804911,687.2522070131231
500 °C,35.338790359254205,688.8058086284937
500 °C,35.3706230104593,689.8309308548044
500 °C,35.40245566166439,694.3351632025058
500 °C,35.434288312869484,693.7691632496403
500 °C,35.46612096407458,691.5073817599524
500 °C,35.49795361527967,690.7761718995572
500 °C,35.52978626648476,691.9169158092718
500 °C,35.561618917689856,691.3194136290242
500 °C,35.59345156889495,691.6345667208519
500 °C,35.62528422010004,689.6922924153625
500 °C,35.657116871305135,697.6141808019624
500 °C,35.68894952251023,695.7157514981284
500 °C,35.72078217371532,699.5144385129344
500 °C,35.752614824920414,699.0026507921078
500 °C,35.78444747612551,700.6796368308533
500 °C,35.8162801273306,699.1711407409542
500 °C,35.84811277853569,702.1438101565661
500 °C,35.879945429740786,705.3213277874386
500 °C,35.91177808094588,708.1994413616108
500 °C,35.94361073215097,705.4407171297141
500 °C,35.975443383356065,711.0843652727415
500 °C,36.00727603456116,716.4341044330525
500 °C,36.03910868576626,724.0251762705489
500 °C,36.07094133697135,722.1365925240883
500 °C,36.102773988176445,730.9693713102297
500 °C,36.13460663938154,734.2034906166924
500 °C,36.16643929058663,731.4663737147132
500 °C,36.198271941791724,740.232915075065
500 °C,36.23010459299682,749.1753635396446
500 °C,36.26193724420191,754.2535888230763
500 °C,36.293769895407,760.3742867148688
500 °C,36.325602546612096,769.1849662519538
500 °C,36.35743519781719,778.8517370408081
500 °C,36.38926784902228,781.8029238689069
500 °C,36.421100500227375,786.1032555952914
500 °C,36.45293315143247,803.9550727578674
500 °C,36.48476580263756,807.0142599405971
500 °C,36.516598453842654,820.0795100227806
500 °C,36.54843110504775,827.6722737827009
500 °C,36.58026375625284,842.1067494731888
500 °C,36.61209640745793,847.5242423155361
500 °C,36.64392905866303,853.9106186013289
500 °C,36.67576170986813,868.3181630215421
500 °C,36.70759436107322,874.3481564365982
500 °C,36.73942701227831,885.3169986156574
500 °C,36.771259663483406,896.6710567397733
500 °C,36.8030923146885,903.475840653432
500 °C,36.83492496589359,911.4284751250566
500 °C,36.866757617098685,921.2425884245096
500 °C,36.89859026830378,929.022642041404
500 °C,36.93042291950887,938.0452878501101
500 °C,36.962255570713964,947.7510048229365
500 °C,36.99408822191906,950.4168136167576
500 °C,37.02592087312415,955.5515716337127
500 °C,37.05775352432924,965.1873346991365
500 °C,37.089586175534336,964.7491604633642
500 °C,37.12141882673943,965.1550846649476
500 °C,37.15325147794452,968.7716958171725
500 °C,37.185084129149615,969.3258002570537
500 °C,37.21691678035471,970.1286491895676
500 °C,37.2487494315598,964.265917919068
500 °C,37.280582082764894,968.8527866977685
500 °C,37.31241473396999,959.0035673445645
500 °C,37.34424738517508,961.9712492663173
500 °C,37.37608003638017,951.3232399439429
500 °C,37.40791268758527,950.276201838137
500 °C,37.43974533879036,943.4292825614069
500 °C,37.47157798999545,938.8566326077225
500 °C,37.503410641200546,927.6467022572135
500 °C,37.53524329240564,921.633445962624
500 °C,37.56707594361073,909.1783497347037
500 °C,37.598908594815825,905.9870121825459
500 °C,37.63074124602092,895.979824268245
500 °C,37.66257389722601,884.9932125871768
500 °C,37.694406548431104,875.9822534257426
500 °C,37.7262391996362,867.3076549518663
500 °C,37.75807185084129,852.4923751728878
500 °C,37.78990450204638,845.2779641987679
500 °C,37.821737153251476,831.8551711866913
500 °C,37.85356980445657,826.1536346132473
500 °C,37.88540245566166,816.7553054269277
500 °C,37.917235106866755,807.7339962152935
500 °C,37.94906775807185,802.6432167844148
500 °C,37.98090040927694,791.6602678752134
500 °C,38.012733060482034,783.1927872063266
500 °C,38.04456571168713,768.335294445627
500 °C,38.07639836289222,765.7893124891425
500 °C,38.10823101409731,763.9736561900024
500 °C,38.14006366530241,749.9128379065326
500 °C,38.1718963165075,750.8443693058415
500 °C,38.20372896771259,741.9683871088661
500 °C,38.235561618917686,735.2472987474575
500 °C,38.26739427012278,729.2513328849789
500 °C,38.29922692132787,728.4352135677196
500 °C,38.331059572532965,720.3241680125305
500 °C,38.36289222373806,715.2791884023222
500 °C,38.39472487494315,716.9126371909947
500 °C,38.426557526148244,711.1003313267447
500 °C,38.45839017735334,710.2820058282144
500 °C,38.49022282855843,709.0759972141999
500 °C,38.52205547976353,704.2302176816635
500 °C,38.55388813096862,697.8773260697506
500 °C,38.585720782173716,700.8236106815845
500 °C,38.61755343337881,699.0275237964031
500 °C,38.6493860845839,696.3442357588643
500 °C,38.681218735788995,692.3403664366825
500 °C,38.71305138699409,694.3066328489758
500 °C,38.74488403819918,692.8423878139172
500 °C,38.776716689404275,696.1983590620299
500 °C,38.80854934060937,687.4309200411792
500 °C,38.84038199181446,695.137829960316
500 °C,38.872214643019554,690.5215585570177
500 °C,38.90404729422465,687.9530371010608
500 °C,38.93587994542974,690.8116424358724
500 °C,38.96771259663483,691.0251095623519
500 °C,38.999545247839926,690.7673647351211
500 °C,39.03137789904502,687.0972320296993
500 °C,39.06321055025011,690.844479284207
500 °C,39.095043201455205,687.9192269318334
500 °C,39.1268758526603,684.8585790701488
500 °C,39.1587085038654,692.3755743443592
500 °C,39.19054115507049,688.9875514280684
500 °C,39.222373806275584,686.4580194448735
500 °C,39.25420645748068,690.6145783766307
500 °C,39.28603910868577,690.8136651640496
500 °C,39.31787175989086,687.4269264198169
500 °C,39.349704411095956,686.1853192960434
500 °C,39.38153706230105,688.9936712744245
500 °C,39.41336971350614,684.359974651522
500 °C,39.445202364711236,685.1908628593626
500 °C,39.47703501591633,689.4886969294827
500 °C,39.50886766712142,689.7243061132675
500 °C,39.540700318326515,685.4001193414496
500 °C,39.57253296953161,692.8455323099255
500 °C,39.6043656207367,684.9435669014422
500 °C,39.636198271941794,686.889423151032
500 °C,39.66803092314689,686.5159589171553
500 °C,39.69986357435198,690.8274352542111
500 °C,39.73169622555707,689.0518631603942
500 °C,39.763528876762166,687.1037580903168
500 °C,39.79536152796726,689.5893604812626
500 °C,39.82719417917235,688.3215960483899
500 °C,39.859026830377445,689.0572028285164
500 °C,39.89085948158254,689.9281314844001
500 °C,39.92269213278763,693.6282635075381
500 °C,39.954524783992724,685.3986482828074
500 °C,39.98635743519782,690.8738134029675
500 °C,40.01819008640291,689.7344810194994
500 °C,40.050022737608,685.5652304629978
500 °C,40.081855388813096,690.2995510078672
500 °C,40.11368804001819,690.2689067303777
500 °C,40.14552069122328,687.0842589504591
500 °C,40.177353342428376,686.276058916401
500 °C,40.20918599363347,691.3695364639274
500 °C,40.24101864483856,685.511208323808
500 °C,40.272851296043655,684.5960984307254
500 °C,40.30468394724875,689.2012082198822
500 °C,40.33651659845384,690.4038302332903
500 °C,40.368349249658934,692.1038739053274
500 °C,40.40018190086403,688.4442668306003
500 °C,40.43201455206912,686.5246755070975
500 °C,40.46384720327421,687.215004648005
500 °C,40.495679854479306,692.3005078976099
500 °C,40.5275125056844,689.8605354971571
500 °C,40.55934515688949,687.8341861143551
500 °C,40.591177808094585,685.8822267979663
500 °C,40.62301045929968,688.1724597729985
500 °C,40.65484311050477,690.8600431953826
500 °C,40.686675761709864,693.0680742166552
500 °C,40.71850841291496,686.7955652716727
500 °C,40.75034106412005,690.6594828821511
500 °C,40.78217371532514,691.2869102093829
500 °C,40.814006366530236,689.2137069112869
500 °C,40.84583901773533,692.5508898267269
500 °C,40.87767166894042,688.9838088009676
500 °C,40.909504320145516,687.7462902269755
500 °C,40.94133697135061,687.6899981345788
500 °C,40.9731696225557,682.0503275400552
500 °C,41.005002273760795,688.4926156528467
500 °C,41.036834924965895,683.4692964771707
500 °C,41.06866757617099,692.5471949258676
500 °C,41.10050022737608,688.3352785716072
500 °C,41.132332878581174,693.4610495141213
500 °C,41.16416552978627,688.465378728758
500 °C,41.19599818099136,686.562833597597
500 °C,41.22783083219645,685.8942606048226
500 °C,41.259663483401546,691.6692605419732
500 °C,41.29149613460664,684.5488089684152
500 °C,41.32332878581173,688.2547668826923
500 °C,41.355161437016825,687.3447588933872
500 °C,41.38699408822192,686.661000462903
500 °C,41.41882673942701,683.8403493116226
500 °C,41.450659390632104,687.0384012460795
500 °C,41.4824920418372,687.502951886888
500 °C,41.51432469304229,688.1676236206563
500 °C,41.54615734424738,690.3929316365326
500 °C,41.57798999545248,686.131808959033
500 °C,41.60982264665757,689.6988097317809
500 °C,41.64165529786266,686.8808265180928
500 °C,41.67348794906776,685.9855878812963
500 °C,41.705320600272856,690.6384090306316
500 °C,41.73715325147795,684.296960928894
500 °C,41.76898590268304,687.9491280726847
500 °C,41.800818553888135,687.2953273101342
500 °C,41.83265120509323,689.0461204984899
500 °C,41.86448385629832,686.5243615136535
500 °C,41.896316507503414,687.5192942788249
500 °C,41.92814915870851,683.3369430820105
500 °C,41.9599818099136,687.294543992842
500 °C,41.99181446111869,682.6020701568168
500 °C,42.023647112323786,691.6549286589469
500 °C,42.05547976352888,684.8964085662851
500 °C,42.08731241473397,689.5607906101075
500 °C,42.119145065939065,686.9139115294412
500 °C,42.15097771714416,684.4054269622195
500 °C,42.18281036834925,691.591854476161
500 °C,42.214643019554345,688.8550229440666
500 °C,42.24647567075944,687.4192110859777
500 °C,42.27830832196453,683.7089282820273
500 °C,42.310140973169624,683.9891114506315
500 °C,42.34197362437472,687.8435960437772
500 °C,42.37380627557981,684.8266662653707
500 °C,42.4056389267849,687.9126324378249
500 °C,42.437471577989996,685.9495430751848
500 °C,42.46930422919509,684.3597830820554
500 °C,42.50113688040018,687.9710196778278
500 °C,42.532969531605275,687.1049194617007
500 °C,42.56480218281037,685.0167145030341
500 °C,42.59663483401546,685.5001712119956
500 °C,42.628467485220554,686.6792762429408
500 °C,42.66030013642565,686.2918662142868
500 °C,42.69213278763074,685.5691404451688
500 °C,42.72396543883583,690.492728090117
500 °C,42.755798090040926,686.6591657905377
500 °C,42.78763074124602,688.2681985019947
500 °C,42.81946339245111,687.4616154510892
500 °C,42.851296043656205,686.1592171758699
500 °C,42.8831286948613,685.4459785262392
500 °C,42.91496134606639,687.8900486529069
500 °C,42.946793997271484,684.4487164030897
500 °C,42.97862664847658,690.0104505608385
500 °C,43.01045929968167,687.5772537905599
500 °C,43.042291950886764,688.4248736587354
500 °C,43.07412460209186,689.46487136526
500 °C,43.10595725329695,690.4043427881114
500 °C,43.13778990450204,684.2342797983869
500 °C,43.169622555707136,689.3323751468403
500 °C,43.20145520691223,685.043092368212
500 °C,43.23328785811733,688.6522891280782
500 °C,43.26512050932242,686.3287618481031
500 °C,43.296953160527515,688.7545349193285
500 °C,43.32878581173261,685.3211494001055
500 °C,43.3606184629377,689.5231560817763
500 °C,43.392451114142794,687.8738965726371
500 °C,43.42428376534789,685.5921167496277
500 °C,43.45611641655298,690.2206918019127
500 °C,43.48794906775807,684.6781214939762
500 °C,43.519781718963166,688.3168566762477
500 °C,43.55161437016826,686.9046990424453
500 °C,43.58344702137335,688.1927492366078
500 °C,43.615279672578446,685.6294610298106
500 °C,43.64711232378354,688.9217526772002
500 °C,43.67894497498863,688.1819280988323
500 °C,43.710777626193725,687.4588720678976
500 °C,43.74261027739882,684.5590758348325
500 °C,43.77444292860391,688.3443770118782
500 °C,43.806275579809004,689.7792596969462
500 °C,43.8381082310141,690.1309083141258
500 °C,43.86994088221919,685.9797203068238
500 °C,43.90177353342428,683.3480550130886
500 °C,43.933606184629376,685.5283990756122
500 °C,43.96543883583447,689.0699716663714
500 °C,43.99727148703956,688.827688300281
500 °C,44.029104138244655,687.1561655339744
500 °C,44.06093678944975,683.5157068495093
500 °C,44.09276944065484,690.1137330097137
500 °C,44.124602091859934,686.2324137959538
500 °C,44.15643474306503,685.8875707201004
500 °C,44.18826739427012,687.9416169765784
500 °C,44.22010004547521,688.6380376415464
500 °C,44.251932696680306,685.865108780696
500 °C,44.2837653478854,684.0517769501837
500 °C,44.31559799909049,688.4526639040748
500 °C,44.347430650295586,687.2879498699873
500 °C,44.37926330150068,687.2102991592028
500 °C,44.41109595270577,684.6735578822859
500 °C,44.442928603910865,685.7985824934387
500 °C,44.47476125511596,688.9034480042769
500 °C,44.50659390632106,687.8218473558422
500 °C,44.53842655752615,688.3140241363155
500 °C,44.570259208731244,687.5326545662167
500 °C,44.60209185993634,688.2602262291275
500 °C,44.63392451114143,685.1713758984401
500 °C,44.66575716234652,688.6869535351179
500 °C,44.697589813551616,687.7281260310687
500 °C,44.72942246475671,691.6828021462129
500 °C,44.7612551159618,690.0213154556
500 °C,44.793087767166895,689.2178708352582
500 °C,44.82492041837199,690.8887821737989
500 °C,44.85675306957708,688.813804022066
500 °C,44.888585720782174,686.4860330703372
500 °C,44.92041837198727,689.6865932602752
500 °C,44.95225102319236,683.4052428693997
500 °C,44.98408367439745,684.9595751642898
500 °C,45.01591632560255,691.4484625050716
500 °C,45.04774897680764,686.9188419810748
500 °C,45.07958162801273,688.6737381725364
500 °C,45.111414279217826,682.0504026046199
500 °C,45.14324693042292,685.958521071496
500 °C,45.17507958162801,687.6721668414284
500 °C,45.206912232833105,686.5803365746289
500 °C,45.2387448840382,687.0979536618378
500 °C,45.27057753524329,686.081797399477
500 °C,45.302410186448384,685.4485162997049
500 °C,45.33424283765348,686.3105230144661
500 °C,45.36607548885857,679.9252961185055
500 °C,45.39790814006366,685.9695822831202
500 °C,45.429740791268756,686.2670021257694
500 °C,45.46157344247385,684.640359913941
500 °C,45.49340609367894,685.2619786178719
500 °C,45.525238744884035,687.6401886424029
500 °C,45.55707139608913,690.4557432017518
500 °C,45.58890404729422,683.807585898124
500 °C,45.620736698499314,687.4389809705115
500 °C,45.65256934970441,684.0726382910826
500 °C,45.6844020009095,688.0914890774004
500 °C,45.71623465211459,684.4952249590739
500 °C,45.748067303319694,685.0080685159069
500 °C,45.77989995452479,685.2081915477139
500 °C,45.81173260572988,686.9285009580057
500 °C,45.84356525693497,688.2420135693467
500 °C,45.875397908140066,685.611896808492
500 °C,45.90723055934516,687.1885728345652
500 °C,45.93906321055025,689.33965028894
500 °C,45.970895861755345,688.3654936310509
500 °C,46.00272851296044,686.0560734646937
500 °C,46.03456116416553,685.9295730296058
500 °C,46.066393815370624,683.0326892353376
500 °C,46.09822646657572,690.399160155436
500 °C,46.13005911778081,687.7326563840693
500 °C,46.1618917689859,685.0953103315499
500 °C,46.193724420190996,681.6819680800143
500 °C,46.22555707139609,686.120948987066
500 °C,46.25738972260118,685.4004423685096
500 °C,46.289222373806275,687.7478698253855
500 °C,46.32105502501137,685.1609732447292
500 °C,46.35288767621646,687.6383693964183
500 °C,46.384720327421554,686.6544256812398
500 °C,46.41655297862665,690.7430519806467
500 °C,46.44838562983174,688.1240867286716
500 °C,46.480218281036834,688.4400101100825
500 °C,46.51205093224193,688.7362285141342
500 °C,46.54388358344702,685.0114548053732
500 °C,46.57571623465211,689.3056180816807
500 °C,46.607548885857206,688.9795551073754
500 °C,46.6393815370623,687.9539147541694
500 °C,46.67121418826739,688.6563276197861
500 °C,46.703046839472485,686.3978236517731
500 °C,46.73487949067758,685.1756752501286
500 °C,46.76671214188267,687.6351035710558
500 °C,46.798544793087764,689.2931522944338
500 °C,46.83037744429286,686.7395103280043
500 °C,46.86221009549795,685.3996027913014
500 °C,46.89404274670304,687.2762506641917
500 °C,46.925875397908136,688.8524027169033
500 °C,46.95770804911323,684.1227487451422
500 °C,46.98954070031833,685.4835034280974
500 °C,47.02137335152342,687.4357800235712
500 °C,47.053206002728516,682.9312806253083
500 °C,47.08503865393361,689.8778458380905
500 °C,47.1168713051387,688.2191276101769
500 °C,47.148703956343795,687.4624081483099
500 °C,47.18053660754889,683.471732084784
500 °C,47.21236925875398,688.3350785786506
500 °C,47.244201909959074,689.1760192510574
500 °C,47.27603456116417,690.0130167178513
500 °C,47.30786721236926,687.0121754565615
500 °C,47.33969986357435,689.8395499539744
500 °C,47.371532514779446,685.6627552476194
500 °C,47.40336516598454,688.2333359532664
500 °C,47.43519781718963,686.7871608334732
500 °C,47.467030468394725,690.0416793657115
500 °C,47.49886311959982,684.3535441203597
500 °C,47.53069577080491,687.4394573936443
500 °C,47.562528422010004,689.3454739463986
500 °C,47.5943610732151,689.9329124825657
500 °C,47.62619372442019,684.4244379939831
500 °C,47.65802637562528,686.591681001351
500 °C,47.689859026830376,689.0125097943271
500 °C,47.72169167803547,682.6300319375486
500 °C,47.75352432924056,687.5414866443335
500 °C,47.785356980445655,684.7050264667737
500 °C,47.81718963165075,685.2908878678525
500 °C,47.84902228285584,686.2288812142826
500 °C,47.880854934060935,688.2228652479398
500 °C,47.91268758526603,688.2607960439018
500 °C,47.94452023647112,689.9050320763415
500 °C,47.976352887676214,690.351736283933
500 °C,48.00818553888131,685.5524894348791
500 °C,48.0400181900864,689.7546725221717
500 °C,48.07185084129149,689.2985888472385
500 °C,48.103683492496586,685.295915830495
500 °C,48.13551614370168,684.3194088239188
500 °C,48.16734879490677,687.1083299588573
500 °C,48.199181446111865,679.8898129052144
500 °C,48.23101409731696,687.7242775740353
500 °C,48.26284674852206,682.6496454239639
500 °C,48.29467939972715,683.2452868408341
500 °C,48.326512050932244,685.5040277588139
500 °C,48.35834470213734,686.0995224068558
500 °C,48.39017735334243,685.1551889425466
500 °C,48.42201000454752,687.7044845423158
500 °C,48.45384265575262,688.2008858675453
500 °C,48.48567530695771,688.5329005395391
500 °C,48.5175079581628,690.5710924178375
500 °C,48.549340609367896,687.0333257483107
500 °C,48.58117326057299,686.731790318108
500 °C,48.61300591177808,681.5165673391531
500 °C,48.644838562983175,687.6460322787494
500 °C,48.67667121418827,685.6841491482669
500 °C,48.70850386539336,685.5918279743216
500 °C,48.740336516598454,687.4845547797491
500 °C,48.77216916780355,692.5704001531826
500 °C,48.80400181900864,691.1728644602856
500 °C,48.83583447021373,690.6689627626406
500 °C,48.867667121418826,687.1196632554614
500 °C,48.89949977262392,689.6299485754599
500 °C,48.93133242382901,688.1001241285437
500 °C,48.963165075034105,687.833509027816
500 °C,48.9949977262392,693.0959606007875
500 °C,49.02683037744429,687.9488728365152
500 °C,49.058663028649384,689.449516982934
500 °C,49.09049567985448,693.719562301502
500 °C,49.12232833105957,695.4455904301495
500 °C,49.15416098226466,700.7265033189622
500 °C,49.18599363346976,698.9512476746335
500 °C,49.21782628467485,698.2881253584808
500 °C,49.24965893587994,700.4205823342812
500 °C,49.281491587085036,699.4679687397984
500 °C,49.31332423829013,698.1313389083608
500 °C,49.34515688949522,700.2495220578106
500 °C,49.376989540700315,705.8633306153234
500 °C,49.40882219190541,708.4064612113775
500 °C,49.4406548431105,712.1253756675167
500 °C,49.472487494315594,709.6953891877237
500 °C,49.504320145520694,715.7956886239289
500 °C,49.53615279672579,717.6085159299814
500 °C,49.56798544793088,716.6311298275064
500 °C,49.59981809913597,716.8552946058726
500 °C,49.631650750341066,727.4912083513079
500 °C,49.66348340154616,727.2159323535765
500 °C,49.69531605275125,736.7206951562014
500 °C,49.727148703956345,735.9824397173478
500 °C,49.75898135516144,743.6298649328148
500 °C,49.79081400636653,743.2425328495231
500 °C,49.822646657571624,752.2065824723046
500 °C,49.85447930877672,746.6184591596917
500 °C,49.88631195998181,756.3994621285756
500 °C,49.918144611186904,754.8562370789227
500 °C,49.949977262392,763.8965969592863
500 °C,49.98180991359709,771.3683142631144
500 °C,50.01364256480218,767.0972809155757
500 °C,50.045475216007276,777.4075809226736
500 °C,50.07730786721237,775.9936291881633
500 °C,50.10914051841746,780.7285414606138
500 °C,50.140973169622555,788.0301983413715
500 °C,50.17280582082765,793.3709831199735
500 °C,50.20463847203274,798.7527626338432
500 °C,50.236471123237834,801.9860424525506
500 °C,50.26830377444293,810.1661915466582
500 °C,50.30013642564802,811.97173871007
500 °C,50.33196907685311,813.6309519718752
500 °C,50.363801728058206,817.8953522687041
500 °C,50.3956343792633,822.279712954152
500 °C,50.42746703046839,822.9024348377509
500 °C,50.459299681673485,827.7508153211936
500 °C,50.49113233287858,823.3117969700705
500 °C,50.52296498408367,827.0403503200677
500 °C,50.554797635288764,834.0191698423547
500 °C,50.58663028649386,838.6095045818365
500 °C,50.61846293769895,833.6854654055005
500 °C,50.650295588904044,836.3086856004775
500 °C,50.68212824010914,839.0231095398738
500 °C,50.71396089131423,839.3001082216863
500 °C,50.74579354251932,834.7115666285649
500 °C,50.77762619372442,835.1022911046573
500 °C,50.809458844929516,832.3016294738444
500 °C,50.84129149613461,830.8056454027022
500 °C,50.8731241473397,827.2803004422444
500 °C,50.904956798544795,826.258544471502
500 °C,50.93678944974989,826.1650636045712
500 °C,50.96862210095498,822.681614551821
500 °C,51.000454752160074,822.5331424691191
500 °C,51.03228740336517,816.71422178543
500 °C,51.06412005457026,816.3639334396532
500 °C,51.09595270577535,809.7317333600583
500 °C,51.127785356980446,805.1949533639768
500 °C,51.15961800818554,802.3830104513785
500 °C,51.19145065939063,795.795201755522
500 °C,51.223283310595725,787.8416813583614
500 °C,51.25511596180082,793.5117059324897
500 °C,51.28694861300591,789.867816951114
500 °C,51.318781264211005,782.0540935604116
500 °C,51.3506139154161,776.1516628102546
500 °C,51.38244656662119,766.4073478051168
500 °C,51.414279217826284,764.4085788113454
500 °C,51.44611186903138,766.2399984076911
500 °C,51.47794452023647,761.9189507545276
500 °C,51.50977717144156,755.8190073551968
500 °C,51.541609822646656,748.5328711925182
500 °C,51.57344247385175,741.8499456554991
500 °C,51.60527512505684,743.4309820763563
500 °C,51.637107776261935,738.0193326129768
500 °C,51.66894042746703,734.4530041347119
500 °C,51.70077307867212,736.0170460123634
500 °C,51.732605729877214,726.0257713248633
500 °C,51.76443838108231,720.920843713996
500 °C,51.7962710322874,723.0321961665736
500 °C,51.82810368349249,719.1835126062572
500 °C,51.859936334697586,711.3690616688305
500 °C,51.89176898590268,709.7866525544237
500 °C,51.92360163710777,707.6791872419313
500 °C,51.955434288312865,708.7751270728833
500 °C,51.98726693951796,706.8630743132906
500 °C,52.01909959072306,700.6122203303177
500 °C,52.05093224192815,704.6858545082597
500 °C,52.082764893133245,699.420891399289
500 °C,52.11459754433834,699.6407584697736
500 °C,52.14643019554343,701.0040616463406
500 °C,52.178262846748524,696.266645591032
500 °C,52.21009549795362,698.0346614383141
500 °C,52.24192814915871,698.900121729956
500 °C,52.2737608003638,693.5895936720286
500 °C,52.305593451568896,690.0152616649643
500 °C,52.33742610277399,693.5951758296183
500 °C,52.36925875397908,690.2228370216712
500 °C,52.401091405184175,693.0675830821809
500 °C,52.43292405638927,691.7410491440758
500 °C,52.46475670759436,690.2055317854447
500 °C,52.496589358799454,684.9466266748145
500 °C,52.52842201000455,685.6986571524209
500 °C,52.56025466120964,687.1674563764449
500 °C,52.59208731241473,687.7430018797154
500 °C,52.62391996361983,687.3407220517618
500 °C,52.65575261482492,691.6777499163456
500 °C,52.68758526603001,682.5264229667192
500 °C,52.719417917235106,685.8465454872024
500 °C,52.7512505684402,685.6303206261358
500 °C,52.78308321964529,684.1377290307482
500 °C,52.814915870850385,685.5612220296223
500 °C,52.84674852205548,686.8621043282408
500 °C,52.87858117326057,689.615228496011
500 °C,52.910413824465664,686.3802330474499
500 °C,52.94224647567076,681.382381795816
500 °C,52.97407912687585,687.7658053567825
500 °C,53.00591177808094,684.900764365726
500 °C,53.037744429286036,687.4565039556043
500 °C,53.06957708049113,685.760728276246
500 °C,53.10140973169622,682.304426357356
500 °C,53.133242382901315,686.544144962981
500 °C,53.16507503410641,682.5113906437539
500 °C,53.1969076853115,690.1647413436907
500 °C,53.228740336516594,689.1354356007614
500 °C,53.260572987721694,686.7691894080365
500 °C,53.29240563892679,684.59348956237
500 °C,53.32423829013188,684.4121208557316
500 °C,53.356070941336974,686.2466373697946
500 °C,53.38790359254207,685.7726432911019
500 °C,53.41973624374716,685.1318274768053
500 °C,53.45156889495225,686.7291466328732
500 °C,53.483401546157346,684.6819976867248
500 °C,53.51523419736244,683.2800460961407
500 °C,53.54706684856753,685.1886611223592
500 °C,53.578899499772625,684.7526222020932
500 °C,53.61073215097772,682.3668157849369
500 °C,53.64256480218281,681.4523371882702
500 °C,53.674397453387904,686.160657322985
500 °C,53.706230104593,683.2298379000806
500 °C,53.73806275579809,683.7174404774674
500 °C,53.76989540700318,683.7484374050332
500 °C,53.801728058208276,686.9018897560355
500 °C,53.83356070941337,682.9865877231097
500 °C,53.86539336061846,683.9527049664158
500 °C,53.897226011823555,682.8482117523135
500 °C,53.92905866302865,684.882180872379
500 °C,53.96089131423374,684.853643809647
500 °C,53.992723965438834,688.3785184482424
500 °C,54.02455661664393,685.4848333910137
500 °C,54.05638926784902,685.0487825259399
500 °C,54.088221919054114,689.140886299786
500 °C,54.12005457025921,686.567581638285
500 °C,54.1518872214643,684.0995876797095
500 °C,54.18371987266939,686.8200264853509
500 °C,54.215552523874486,684.3255294518322
500 °C,54.24738517507958,682.3782633317636
500 °C,54.27921782628467,681.8419591662823
500 °C,54.311050477489765,684.5985086130686
500 °C,54.34288312869486,685.6856778893473
500 °C,54.37471577989995,684.7761145368055
500 °C,54.406548431105044,689.5429087644005
500 °C,54.43838108231014,683.259649488268
500 °C,54.47021373351523,685.6023412197511
500 °C,54.50204638472032,685.072631549951
500 °C,54.53387903592542,693.1026802837283
500 °C,54.565711687130516,685.425076617369
500 °C,54.59754433833561,685.22114212121
500 °C,54.6293769895407,686.851939598737
500 °C,54.661209640745795,688.5451819809313
500 °C,54.69304229195089,682.6310475888477
500 °C,54.72487494315598,689.3658681985062
500 °C,54.756707594361075,685.5815845852972
500 °C,54.78854024556617,679.4620798413819
500 °C,54.82037289677126,688.9158218712406
500 °C,54.852205547976354,689.7802599195545
500 °C,54.88403819918145,683.6315546170305
500 °C,54.91587085038654,681.8370585408231
500 °C,54.94770350159163,685.1956836823248
500 °C,54.979536152796726,686.5957632252058
500 °C,55.01136880400182,686.087960702134
500 °C,55.04320145520691,681.5969890286586
500 °C,55.075034106412005,682.0844249967248
500 °C,55.1068667576171,684.2904342749542
500 °C,55.13869940882219,689.6096890987703
500 °C,55.170532060027284,687.5546817534547
500 °C,55.20236471123238,684.134998098167
500 °C,55.23419736243747,692.9947165974884
500 °C,55.26603001364256,687.7786493324974
500 °C,55.297862664847656,679.0582174689112
500 °C,55.32969531605275,685.4605282548249
500 °C,55.36152796725784,682.177957015473
500 °C,55.393360618462935,685.4313355167216
500 °C,55.42519326966803,688.7032046798876
500 °C,55.45702592087312,681.2166162435738
500 °C,55.488858572078215,684.0050079074886
500 °C,55.52069122328331,688.1433193187316
500 °C,55.5525238744884,683.3046882649008
500 °C,55.584356525693494,684.7243400557767
500 °C,55.61618917689859,684.3485367768299
500 °C,55.64802182810368,682.5659712715413
500 °C,55.67985447930877,689.9532148473943
500 °C,55.711687130513866,681.7112247878972
500 °C,55.74351978171896,682.7985782698054
500 °C,55.77535243292406,685.6883469577292
500 °C,55.80718508412915,684.1140884823244
500 °C,55.839017735334245,686.0023540668853
500 °C,55.87085038653934,685.8294702680831
500 °C,55.90268303774443,683.2239722227445
500 °C,55.934515688949524,684.1814259918284
500 °C,55.96634834015462,683.5132729872525
500 °C,55.99818099135971,684.6816927858297
500 °C,56.0300136425648,686.744725728197
500 °C,56.0618462937699,688.7675078746464
500 °C,56.09367894497499,685.0051021645111
500 °C,56.12551159618008,684.7070380352253
500 °C,56.157344247385176,684.6208392947334
500 °C,56.18917689859027,684.2193237143942
500 °C,56.22100954979536,683.8529257932439
500 °C,56.252842201000455,690.0120533905558
500 °C,56.28467485220555,684.056765274479
500 °C,56.31650750341064,686.0717503584709
500 °C,56.348340154615734,687.0705733410521
500 °C,56.38017280582083,685.689754549501
500 °C,56.41200545702592,686.4475853460964
500 °C,56.44383810823101,684.6487961739655
500 °C,56.475670759436106,679.1493971082703
500 °C,56.5075034106412,689.3616328174252
500 °C,56.53933606184629,683.3015021659007
500 °C,56.571168713051385,685.8627129333964
500 °C,56.60300136425648,688.5010809585206
500 °C,56.63483401546157,687.9682174689023
500 °C,56.666666666666664,684.1977465596399
500 °C,56.69849931787176,685.2686347365843
500 °C,56.73033196907685,684.4415084996635
500 °C,56.76216462028194,685.5856535810931
500 °C,56.79399727148704,683.0808802061508
500 °C,56.82582992269213,684.2180936733662
500 °C,56.85766257389722,684.4959460373465
500 °C,56.889495225102316,684.4446849696103
500 °C,56.92132787630741,682.730899155352
500 °C,56.9531605275125,685.3317926853484
500 °C,56.984993178717595,682.5598832924015
500 °C,57.016825829922695,682.2555855924584
500 °C,57.04865848112779,681.4408890998025
500 °C,57.08049113233288,685.0081513174882
500 °C,57.112323783537974,683.7371508435203
500 °C,57.14415643474307,688.7158176335728
500 °C,57.17598908594816,684.7778495579299
500 °C,57.20782173715325,689.239217046156
500 °C,57.239654388358346,684.375672381384
500 °C,57.27148703956344,683.689599008121
500 °C,57.30331969076853,688.1815759528488
500 °C,57.335152341973625,687.4565554111639
500 °C,57.36698499317872,682.9924486678799
500 °C,57.39881764438381,682.3209024167155
500 °C,57.430650295588904,681.1369796968632
500 °C,57.462482946794,684.7108716958919
500 °C,57.49431559799909,682.8787507443462
500 °C,57.526148249204184,685.7866927289472
500 °C,57.55798090040928,686.1890136589205
500 °C,57.58981355161437,681.121590486621
500 °C,57.62164620281946,685.7354317449308
500 °C,57.653478854024556,682.3963079219376
500 °C,57.68531150522965,685.1902778047563
500 °C,57.71714415643474,679.0854831721604
500 °C,57.748976807639835,685.0634644128929
500 °C,57.78080945884493,680.5259046044538
500 °C,57.81264211005002,685.144051794242
500 °C,57.844474761255114,685.409548461752
500 °C,57.87630741246021,685.4903605011481
500 °C,57.9081400636653,685.0187653743923
500 °C,57.93997271487039,686.4023496320948
500 °C,57.971805366075486,686.9722983016276
500 °C,58.00363801728058,683.9792910275767
500 °C,58.03547066848567,683.9619215903297
500 °C,58.067303319690765,689.2300352298236
500 °C,58.09913597089586,685.2986142315083
500 °C,58.13096862210095,685.9795468437957
500 °C,58.162801273306044,688.1477202179029
500 °C,58.19463392451114,682.8794083028399
500 °C,58.22646657571623,688.1884885623185
500 °C,58.258299226921324,685.5961293026438
500 °C,58.290131878126424,682.461448488089
500 °C,58.32196452933152,685.5753967212001
500 °C,58.35379718053661,682.761009896978
500 °C,58.3856298317417,685.866401557162
500 °C,58.417462482946796,684.3150998834807
500 °C,58.44929513415189,683.2908782621139
500 °C,58.48112778535698,684.8089732250031
500 °C,58.512960436562075,687.8017459921691
500 °C,58.54479308776717,685.2660312724736
500 °C,58.57662573897226,684.8901864122977
500 °C,58.608458390177354,688.1150511788286
500 °C,58.64029104138245,688.5941602806225
500 °C,58.67212369258754,682.349864911778
500 °C,58.70395634379263,687.1745490353369
500 °C,58.735788994997726,682.3175916276425
500 °C,58.76762164620282,684.8878020947225
500 °C,58.79945429740791,687.240565067249
500 °C,58.831286948613005,685.3466931865155
500 °C,58.8631195998181,684.9921643592709
500 °C,58.89495225102319,681.8843696921751
500 °C,58.926784902228285,686.496418215039
500 °C,58.95861755343338,686.2658657964062
500 °C,58.99045020463847,685.1303322865815
500 °C,59.022282855843564,680.5168278291251
500 °C,59.05411550704866,684.4867639096638
500 °C,59.08594815825375,685.180156043493
500 °C,59.11778080945884,686.4802565817695
500 °C,59.149613460663936,684.679590073604
500 °C,59.18144611186903,682.4309077686876
500 °C,59.21327876307412,682.007427237359
500 °C,59.245111414279215,686.7424055939154
500 °C,59.27694406548431,689.1926348326161
500 °C,59.3087767166894,682.3700527959729
500 °C,59.340609367894494,685.8657908153075
500 °C,59.37244201909959,682.7595339632344
500 °C,59.40427467030468,678.1154454840714
500 °C,59.43610732150977,685.7434955582224
500 °C,59.467939972714866,684.887646905866
500 °C,59.49977262391996,686.0169849615849
500 °C,59.53160527512506,687.7242774996124
500 °C,59.56343792633015,682.4901128400103
500 °C,59.595270577535246,685.4591086925208
500 °C,59.62710322874034,683.4013719138538
500 °C,59.65893587994543,684.1561874255224
500 °C,59.690768531150525,682.5410618127588
500 °C,59.72260118235562,682.0937276564961
500 °C,59.75443383356071,685.6031423634656
500 °C,59.786266484765804,681.1511095860114
500 °C,59.8180991359709,682.7816998319495
500 °C,59.84993178717599,685.4023005311321
500 °C,59.88176443838108,687.0433452969346
500 °C,59.913597089586176,686.5094552400512
500 °C,59.94542974079127,684.2066758993775
500 °C,59.97726239199636,685.2239260645335
500 °C,60.009095043201455,686.8830920521747
500 °C,60.04092769440655,682.3729751360481
500 °C,60.07276034561164,683.4904661357857
500 °C,60.104592996816734,681.2135858901044
500 °C,60.13642564802183,682.7776082897709
500 °C,60.16825829922692,683.8077972926313
500 °C,60.20009095043201,691.3414018619083
500 °C,60.23192360163711,684.8259130346031
500 °C,60.2637562528422,687.0354383465586
500 °C,60.29558890404729,684.9844111751685
500 °C,60.327421555252386,685.7986497663262
500 °C,60.35925420645748,683.8300282395459
500 °C,60.39108685766257,683.7986072332455
500 °C,60.422919508867665,685.2745475242141
500 °C,60.45475216007276,682.8225498362864
500 °C,60.48658481127785,684.6906458862566
500 °C,60.518417462482944,684.6244376560003
500 °C,60.55025011368804,685.1306216637179
500 °C,60.58208276489313,689.5773551064642
500 °C,60.61391541609822,684.8501139793375
500 °C,60.645748067303316,682.9224950504494
500 °C,60.67758071850841,683.1827216428844
500 °C,60.7094133697135,684.7407907016542
500 °C,60.741246020918595,682.6751953974945
500 °C,60.77307867212369,684.881166872722
500 °C,60.80491132332879,681.3276034097237
500 °C,60.83674397453388,682.5255043706113
500 °C,60.868576625738974,681.3858481315891
500 °C,60.90040927694407,684.8996486635391
500 °C,60.93224192814916,686.4903398899022
500 °C,60.964074579354254,684.3343882215696
500 °C,60.99590723055935,685.0781756292159
500 °C,61.02773988176444,684.1844724085504
500 °C,61.05957253296953,685.8009818206887
500 °C,61.091405184174626,688.3466421809677
500 °C,61.12323783537972,684.1995334945284
500 °C,61.15507048658481,686.2617462074494
500 °C,61.186903137789905,682.774737763959
500 °C,61.218735788995,681.4887945220629
500 °C,61.25056844020009,686.851544600285
500 °C,61.282401091405184,684.7872975397083
500 °C,61.31423374261028,682.8766550085312
500 °C,61.34606639381537,686.5433848295122
500 °C,61.37789904502046,684.4865226767416
500 °C,61.409731696225556,680.1931337027276
500 °C,61.44156434743065,686.4245757117327
500 °C,61.47339699863574,688.1418945040757
500 °C,61.505229649840835,681.2808396033597
500 °C,61.53706230104593,685.4447283589519
500 °C,61.56889495225102,686.2888737303736
500 °C,61.600727603456114,685.6901588836948
500 °C,61.63256025466121,687.2669590503631
500 °C,61.6643929058663,682.1502126117795
500 °C,61.69622555707139,687.0775591971828
500 °C,61.72805820827649,687.1167919141166
500 °C,61.75989085948158,683.2518413390628
500 °C,61.79172351068667,684.2317230141803
500 °C,61.823556161891766,682.48745498061
500 °C,61.85538881309686,684.5405249340114
500 °C,61.88722146430195,682.548818363457
500 °C,61.919054115507045,683.8681599810243
500 °C,61.95088676671214,684.131024129355
500 °C,61.98271941791723,681.9110722488782
500 °C,62.014552069122324,685.7920513063195
500 °C,62.046384720327424,683.0944362078988
500 °C,62.07821737153252,685.8907518893216
500 °C,62.11005002273761,682.4886373166089
500 °C,62.1418826739427,686.4519282562528
500 °C,62.173715325147796,681.0272032939265
500 °C,62.20554797635289,686.4398137477544
500 °C,62.23738062755798,688.0123742083535
500 °C,62.269213278763075,678.9753479333284
500 °C,62.30104592996817,685.6114971074301
500 °C,62.33287858117326,683.9932890388433
500 °C,62.364711232378355,685.1979414418583
500 °C,62.39654388358345,684.2503163004277
500 °C,62.42837653478854,680.8398109742724
500 °C,62.460209185993634,683.6382542280243
500 °C,62.49204183719873,684.7071171995716
500 °C,62.52387448840382,682.5541514256047
500 °C,62.55570713960891,685.7395016619524
500 °C,62.587539790814006,681.7279742016719
500 °C,62.6193724420191,685.7483540899512
500 °C,62.65120509322419,685.2908067374508
500 °C,62.683037744429285,684.9573556454712
500 °C,62.71487039563438,683.813674995811
500 °C,62.74670304683947,686.658102979407
500 °C,62.778535698044564,683.3274430496685
500 °C,62.81036834924966,686.2325778331578
500 °C,62.84220100045475,687.1064719740458
500 °C,62.87403365165984,682.2139642140938
500 °C,62.905866302864936,684.7905575955091
500 °C,62.93769895407003,687.2134865593065
500 °C,62.96953160527512,683.0396112205135
500 °C,63.001364256480215,683.3463578153381
500 °C,63.03319690768531,682.8382252346714
500 °C,63.0650295588904,680.4370734757216
500 °C,63.096862210095495,682.5192615300967
500 °C,63.12869486130059,684.1005003567858
500 °C,63.16052751250568,680.6853538194929
500 °C,63.192360163710774,685.1287321271947
500 °C,63.22419281491587,681.6922475677961
500 °C,63.25602546612096,686.8718387810671
500 °C,63.28785811732606,681.33863114737
500 °C,63.31969076853115,682.1827878993726
500 °C,63.351523419736246,685.5116142978966
500 °C,63.38335607094134,684.201554921265
500 °C,63.41518872214643,688.3399443166369
500 °C,63.447021373351525,682.136477651072
500 °C,63.47885402455662,685.8096582573401
500 °C,63.51068667576171,681.1069789626463
500 °C,63.542519326966804,682.9433005199305
500 °C,63.5743519781719,687.3511524991887
500 °C,63.60618462937699,688.3751556879674
500 °C,63.63801728058208,685.5433251852738
500 °C,63.669849931787176,683.8533677990565
500 °C,63.70168258299227,685.1604500116098
500 °C,63.73351523419736,681.8286990689987
500 °C,63.765347885402456,684.2451973843965
500 °C,63.79718053660755,681.7924477479905
500 °C,63.82901318781264,679.8469663724178
500 °C,63.860845839017735,680.350140112884
500 °C,63.89267849022283,683.7121133286811
500 °C,63.92451114142792,679.6670941434325
500 °C,63.956343792633014,682.8991283197641
500 °C,63.98817644383811,684.120628544956
500 °C,64.0200090950432,684.4092091281761
500 °C,64.0518417462483,685.5281104844129
500 °C,64.0836743974534,679.0193073106249
500 °C,64.11550704865849,679.6902203488535
500 °C,64.14733969986358,685.1832640289867
500 °C,64.17917235106867,685.4299166381867
500 °C,64.21100500227377,681.0062059883047
500 °C,64.24283765347886,679.9532785792833
500 °C,64.27467030468395,685.4939959008593
500 °C,64.30650295588904,683.4677011291643
500 °C,64.33833560709414,681.4905915092412
500 °C,64.37016825829923,682.5391492066925
500 °C,64.40200090950432,685.4903908747985
500 °C,64.43383356070942,682.2046847997146
500 °C,64.46566621191451,685.1604329352431
500 °C,64.4974988631196,686.7246192812445
500 °C,64.5293315143247,681.3214869595655
500 °C,64.56116416552979,685.646018076184
500 °C,64.59299681673488,683.24937899855
500 °C,64.62482946793997,679.0828020770539
500 °C,64.65666211914507,682.9126502145341
500 °C,64.68849477035016,682.3398932434735
500 °C,64.72032742155525,689.1137598539332
500 °C,64.75216007276035,685.3231712594607
500 °C,64.78399272396544,686.8640482188587
500 °C,64.81582537517053,684.1654043925259
500 °C,64.84765802637563,681.7386260271611
500 °C,64.87949067758072,685.4089763896882
500 °C,64.91132332878581,684.0153380236039
500 °C,64.9431559799909,685.5346569701876
500 °C,64.974988631196,679.4068842014343
500 °C,65.00682128240109,679.9285669780626
500 °C,65.03865393360618,681.4405151165192
500 °C,65.07048658481128,686.0360879639915
500 °C,65.10231923601637,680.4493815145181
500 °C,65.13415188722146,683.9802158961025
500 °C,65.16598453842656,682.0043442498398
500 °C,65.19781718963165,684.5997613607764
500 °C,65.22964984083674,682.5875142731404
500 °C,65.26148249204184,686.98068071875
500 °C,65.29331514324693,681.7316716418163
500 °C,65.32514779445202,685.4601358653367
500 °C,65.35698044565711,686.2211536849518
500 °C,65.38881309686221,684.9483982034104
500 °C,65.4206457480673,683.6551605180287
500 °C,65.4524783992724,682.1844216879529
500 °C,65.48431105047749,684.2911394379128
500 °C,65.51614370168258,683.1817774223199
500 °C,65.54797635288767,684.0459715737651
500 °C,65.57980900409277,682.7120861788883
500 °C,65.61164165529786,686.9417190597819
500 °C,65.64347430650295,687.3379080036726
500 °C,65.67530695770805,682.8225873201134
500 °C,65.70713960891314,685.0793964583818
500 °C,65.73897226011823,678.1671367132498
500 °C,65.77080491132332,685.5420388282871
500 °C,65.80263756252842,681.9057484878427
500 °C,65.83447021373351,682.572650897169
500 °C,65.8663028649386,679.4976106979299
500 °C,65.8981355161437,681.6191939892818
500 °C,65.92996816734879,687.0971143549037
500 °C,65.96180081855388,684.6814968966178
500 °C,65.99363346975898,679.3941766228287
500 °C,66.02546612096407,682.756956913009
500 °C,66.05729877216916,678.6559013893885
500 °C,66.08913142337425,677.8298918013606
500 °C,66.12096407457935,685.2572973065077
500 °C,66.15279672578444,683.9485736602827
500 °C,66.18462937698953,685.4889640501139
500 °C,66.21646202819463,687.1446704513506
500 °C,66.24829467939972,684.1068673493578
500 °C,66.28012733060481,684.1779148935709
500 °C,66.3119599818099,682.270090492676
500 °C,66.343792633015,685.4021194232593
500 °C,66.37562528422009,684.9203406049646
500 °C,66.40745793542519,684.0451371026086
500 °C,66.43929058663028,684.3992878427108
500 °C,66.47112323783537,684.7752585399759
500 °C,66.50295588904046,680.8881097688978
500 °C,66.53478854024556,681.7657956459805
500 °C,66.56662119145065,683.8009051827597
500 °C,66.59845384265574,681.5062480393636
500 °C,66.63028649386084,682.9686754313122
500 °C,66.66211914506593,685.5278897270005
500 °C,66.69395179627102,681.6916692910534
500 °C,66.72578444747612,683.9453910362188
500 °C,66.75761709868121,681.3446775000826
500 °C,66.7894497498863,683.6954896306072
500 °C,66.8212824010914,689.0878882103387
500 °C,66.85311505229649,682.1533305099497
500 °C,66.88494770350158,686.2006067730139
500 °C,66.91678035470667,684.8702479710487
500 °C,66.94861300591177,685.7254517921886
500 °C,66.98044565711686,682.7457723146135
500 °C,67.01227830832195,681.7426147478142
500 °C,67.04411095952706,684.7610789718049
500 °C,67.07594361073215,680.6945415704041
500 °C,67.10777626193725,685.5571774204901
500 °C,67.13960891314234,683.5726049467995
500 °C,67.17144156434743,682.9767441243429
500 °C,67.20327421555253,683.6756995419505
500 °C,67.23510686675762,680.5007569928489
500 °C,67.26693951796271,685.6963163779142
500 °C,67.2987721691678,684.1904225555481
500 °C,67.3306048203729,683.1467548236919
500 °C,67.36243747157799,686.5935532698844
500 °C,67.39427012278308,684.7913993731314
500 °C,67.42610277398818,684.0524570832166
500 °C,67.45793542519327,684.0088413844782
500 °C,67.48976807639836,686.1937744773107
500 °C,67.52160072760346,679.6218476138914
500 °C,67.55343337880855,684.3193093192677
500 °C,67.58526603001364,679.4823446733049
500 °C,67.61709868121874,682.641491989433
500 °C,67.64893133242383,685.2947699973595
500 °C,67.68076398362892,683.6128934510256
500 °C,67.71259663483401,680.7500130315292
500 °C,67.74442928603911,685.0670656014481
500 °C,67.7762619372442,683.0094978785997
500 °C,67.8080945884493,687.6870313607591
500 °C,67.83992723965439,682.3301848372367
500 °C,67.87175989085948,684.119349804321
500 °C,67.90359254206457,676.8827936189371
500 °C,67.93542519326967,681.439286072163
500 °C,67.96725784447476,681.8276101511751
500 °C,67.99909049567985,687.42228191915
500 °C,68.03092314688494,678.9271097482604
500 °C,68.06275579809004,685.363927728878
500 °C,68.09458844929513,682.4537940540299
500 °C,68.12642110050022,687.6494239069305
500 °C,68.15825375170532,683.8889646257128
500 °C,68.19008640291041,684.2757758278576
500 °C,68.2219190541155,681.4802667973712
500 °C,68.2537517053206,681.1256758807102
500 °C,68.28558435652569,681.1768821118444
500 °C,68.3174170077308,683.7099541979278
500 °C,68.34924965893589,685.6185681071544
500 °C,68.38108231014098,682.8834686827242
500 °C,68.41291496134608,680.6840441321384
500 °C,68.44474761255117,681.5975862782617
500 °C,68.47658026375626,687.9400771671251
500 °C,68.50841291496135,683.9555842006548
500 °C,68.54024556616645,683.3288144572928
500 °C,68.57207821737154,680.0761893885922
500 °C,68.60391086857663,681.3838689969962
500 °C,68.63574351978173,682.8390600509935
500 °C,68.66757617098682,680.5798937815857
500 °C,68.69940882219191,683.0689650811219
500 °C,68.731241473397,683.6538731796288
500 °C,68.7630741246021,681.5442933029889
500 °C,68.79490677580719,679.5308827657967
500 °C,68.82673942701228,687.7897692121811
500 °C,68.85857207821738,680.6184441902736
500 °C,68.89040472942247,686.8643724610437
500 °C,68.92223738062756,679.7680933689452
500 °C,68.95407003183266,683.764107900505
500 °C,68.98590268303775,684.2265251446655
500 °C,69.01773533424284,683.9317406435218
500 °C,69.04956798544794,685.3514599340668
500 °C,69.08140063665303,683.8340824285451
500 °C,69.11323328785812,680.4582895735732
500 °C,69.14506593906322,683.1128117645272
500 °C,69.17689859026831,674.5626879492182
500 °C,69.2087312414734,683.9095522166747
500 °C,69.2405638926785,683.0788652640214
500 °C,69.27239654388359,682.283411761447
500 °C,69.30422919508868,687.0549089816586
500 °C,69.33606184629377,680.2302876621638
500 °C,69.36789449749887,686.2879606183873
500 °C,69.39972714870396,683.2672920337469
500 °C,69.43155979990905,683.0662331579402
500 °C,69.46339245111415,687.5663979700435
500 °C,69.49522510231924,683.8934723618379
500 °C,69.52705775352433,684.4876115166285
500 °C,69.55889040472942,685.2267903592274
500 °C,69.59072305593452,682.6826295894527
500 °C,69.62255570713961,685.2684349287033
500 °C,69.6543883583447,680.5654883351242
500 °C,69.6862210095498,681.9222707806631
500 °C,69.71805366075489,683.7633122548773
500 °C,69.74988631195998,683.2627178431413
500 °C,69.78171896316508,683.9406452143132
500 °C,69.81355161437017,683.8671782305613
500 °C,69.84538426557526,684.7201753676751
500 °C,69.87721691678036,683.7525888712001
500 °C,69.90904956798545,682.8868846656611
500 °C,69.94088221919054,686.9072650426572
500 °C,69.97271487039563,684.3456521471578
500 °C,70.00454752160073,684.3341790104168
500 °C,70.03638017280582,685.0670624769821
500 °C,70.06821282401091,679.7834071603623
500 °C,70.100045475216,687.7676742940149
500 °C,70.1318781264211,686.3788802321517
500 °C,70.16371077762619,679.6444031661787
500 °C,70.19554342883129,686.3331013477234
500 °C,70.22737608003638,677.202897444102
500 °C,70.25920873124147,681.6550374371359
500 °C,70.29104138244656,681.8962384743644
500 °C,70.32287403365166,683.5862608866291
500 °C,70.35470668485675,679.1841937791357
500 °C,70.38653933606184,687.1266213065508
500 °C,70.41837198726694,685.5278523131849
500 °C,70.45020463847203,687.4228275244136
500 °C,70.48203728967712,680.2195628712971
500 °C,70.51386994088222,684.1966536839848
500 °C,70.54570259208731,682.156830698524
500 °C,70.5775352432924,684.8960854634835
500 °C,70.6093678944975,684.1665667445726
500 °C,70.64120054570259,682.9207015090647
500 °C,70.67303319690768,688.076439092723
500 °C,70.70486584811277,679.0162552347026
500 °C,70.73669849931787,686.3922114358178
500 °C,70.76853115052296,683.5576763760573
500 °C,70.80036380172805,681.6170855254525
500 °C,70.83219645293315,681.9138216787779
500 °C,70.86402910413824,682.1804194952022
500 °C,70.89586175534333,680.8242462805586
500 °C,70.92769440654843,681.5389066935782
500 °C,70.95952705775352,683.0350528949607
500 °C,70.99135970895861,679.9349263609168
500 °C,71.0231923601637,685.4669905323766
500 °C,71.0550250113688,683.1909191425556
500 °C,71.08685766257389,685.3317066319794
500 °C,71.11869031377898,682.3566184908374
500 °C,71.15052296498408,684.2453729697612
500 °C,71.18235561618917,681.6729447186024
500 °C,71.21418826739426,685.3338514008468
500 °C,71.24602091859936,683.8421004299963
500 °C,71.27785356980445,683.7623804587968
500 °C,71.30968622100954,686.6410807235618
500 °C,71.34151887221464,682.0735251740654
500 °C,71.37335152341973,684.5556129115051
500 °C,71.40518417462482,683.5197168500886
500 °C,71.43701682582991,686.6675464634718
500 °C,71.46884947703501,684.7621959861054
500 °C,71.5006821282401,681.081820667641
500 °C,71.5325147794452,684.2600279191072
500 °C,71.56434743065029,682.5035947924345
500 °C,71.59618008185538,685.866598818754
500 °C,71.62801273306047,685.6444302518349
500 °C,71.65984538426557,679.5499261555789
500 °C,71.69167803547066,681.4071327939351
500 °C,71.72351068667575,680.3237151417059
500 °C,71.75534333788084,684.3677003411793
500 °C,71.78717598908594,682.1193215176193
500 °C,71.81900864029103,679.272065351081
500 °C,71.85084129149612,688.2107551222751
500 °C,71.88267394270122,683.0246598151906
500 °C,71.91450659390631,683.5215954021811
500 °C,71.9463392451114,684.5323549733719
500 °C,71.9781718963165,685.5697077391836
500 °C,72.01000454752159,685.2011816196448
500 °C,72.04183719872668,680.5471834209383
500 °C,72.07366984993179,680.2515821994126
500 °C,72.10550250113688,682.7062134460798
500 °C,72.13733515234198,682.4920867714575
500 °C,72.16916780354707,685.7749225350448
500 °C,72.20100045475216,683.7314235211301
500 °C,72.23283310595725,682.5184855177911
500 °C,72.26466575716235,684.316859452745
500 °C,72.29649840836744,680.1537270265316
500 °C,72.32833105957253,685.1239971000209
500 °C,72.36016371077763,680.2153510399422
500 °C,72.39199636198272,679.9001263713911
500 °C,72.42382901318781,683.0925620409228
500 °C,72.4556616643929,682.5396876692485
500 °C,72.487494315598,686.566299278915
500 °C,72.51932696680309,682.405306940044
500 °C,72.55115961800819,681.3054093868277
500 °C,72.58299226921328,680.0415364957141
500 °C,72.61482492041837,682.5124094694711
500 °C,72.64665757162346,687.5797221170158
500 °C,72.67849022282856,685.5545021996803
500 °C,72.71032287403365,679.4607962976318
500 °C,72.74215552523874,682.2409739893793
500 °C,72.77398817644384,683.2904775455825
500 °C,72.80582082764893,681.4489859761503
500 °C,72.83765347885402,684.0448913079972
500 °C,72.86948613005912,682.6278867106694
500 °C,72.90131878126421,678.5755543881797
500 °C,72.9331514324693,683.0255612307863
500 °C,72.9649840836744,684.3980311863237
500 °C,72.99681673487949,682.489680779652
500 °C,73.02864938608458,678.1774444716788
500 °C,73.06048203728967,683.7956434279602
500 °C,73.09231468849477,683.4790261633818
500 °C,73.12414733969986,683.5811138629879
500 °C,73.15597999090495,686.1869797363729
500 °C,73.18781264211005,684.0560622064083
500 °C,73.21964529331514,682.6697883216725
500 °C,73.25147794452023,686.4741787399682
500 °C,73.28331059572533,682.8215758130932
500 °C,73.31514324693043,682.4815338526811
500 °C,73.34697589813553,679.7157058793416
500 °C,73.37880854934062,681.2862088764675
500 °C,73.41064120054571,679.8449979996417
500 °C,73.4424738517508,676.1219919930168
500 °C,73.4743065029559,681.1639747522246
500 °C,73.50613915416099,685.0954517578118
500 °C,73.53797180536608,682.7511912163905
500 °C,73.56980445657118,684.9810775754137
500 °C,73.60163710777627,683.0140343284905
500 °C,73.63346975898136,677.9965088152119
500 °C,73.66530241018646,683.561378553599
500 °C,73.69713506139155,686.3036736776716
500 °C,73.72896771259664,687.0274090892179
500 °C,73.76080036380174,678.2437654490998
500 °C,73.79263301500683,682.0695038165346
500 °C,73.82446566621192,681.9887790769228
500 °C,73.85629831741701,684.787854570563
500 °C,73.88813096862211,682.6014654119814
500 °C,73.9199636198272,682.972550009217
500 °C,73.9517962710323,682.3308842548273
500 °C,73.98362892223739,687.230614756301
500 °C,74.01546157344248,681.0418154486005
500 °C,74.04729422464757,681.1454176424436
500 °C,74.07912687585267,681.3469769938722
500 °C,74.11095952705776,683.586386580129
500 °C,74.14279217826285,678.0182187094559
500 °C,74.17462482946794,683.5349852343304
500 °C,74.20645748067304,679.197539890102
500 °C,74.23829013187813,681.4271832689491
500 °C,74.27012278308322,682.3682147205433
500 °C,74.30195543428832,681.0688325835425
500 °C,74.33378808549341,682.1472949755594
500 °C,74.3656207366985,686.5965834760775
500 °C,74.3974533879036,684.7386253557386
500 °C,74.42928603910869,682.6147200711205
500 °C,74.46111869031378,681.1180100511064
500 °C,74.49295134151888,679.3106469508709
500 °C,74.52478399272397,683.3632406515201
500 °C,74.55661664392906,685.5964022963002
500 °C,74.58844929513415,681.1873882627416
500 °C,74.62028194633925,682.1503704384199
500 °C,74.65211459754434,681.7409100332198
500 °C,74.68394724874943,680.8430022650997
500 °C,74.71577989995453,678.5930109848839
500 °C,74.74761255115962,679.1884899637683
500 °C,74.77944520236471,683.0579482221576
500 °C,74.8112778535698,680.5469931375792
500 °C,74.8431105047749,684.5105178963927
500 °C,74.87494315597999,681.552836044165
500 °C,74.90677580718508,683.7383161156592
500 °C,74.93860845839018,683.70749694371
500 °C,74.97044110959527,682.318658427449
500 °C,75.00227376080036,680.8828023536623
500 °C,75.03410641200546,685.1995642624186
500 °C,75.06593906321055,680.8610541814743
500 °C,75.09777171441564,680.5756938581798
500 °C,75.12960436562074,679.6958277623079
500 °C,75.16143701682583,681.7396599992712
500 °C,75.19326966803092,679.4496701410453
500 °C,75.22510231923602,684.1590657859158
500 °C,75.25693497044111,680.5062934175262
500 °C,75.2887676216462,679.8193002098564
500 °C,75.3206002728513,682.9363739927676
500 °C,75.35243292405639,685.0431185937471
500 °C,75.38426557526148,683.2785823888942
500 °C,75.41609822646657,686.9341232216627
500 °C,75.44793087767167,682.3081110562641
500 °C,75.47976352887676,679.4967671870438
500 °C,75.51159618008185,681.1102765475126
500 °C,75.54342883128695,682.4231200248528
500 °C,75.57526148249204,685.7599730341379
500 °C,75.60709413369713,676.6109876483795
500 °C,75.63892678490222,684.8280252630325
500 °C,75.67075943610732,687.8922451243199
500 °C,75.70259208731241,683.7900411784457
500 °C,75.7344247385175,681.4179078332096
500 °C,75.7662573897226,681.9170552125225
500 °C,75.79809004092769,682.8074882453441
500 °C,75.82992269213278,681.9816115563332
500 °C,75.86175534333788,684.6990123642506
500 °C,75.89358799454297,682.3698003983317
500 °C,75.92542064574806,684.0730138946477
500 °C,75.95725329695316,683.2312813916318
500 °C,75.98908594815825,682.5656700941795
500 °C,76.02091859936334,685.3281467291358
500 °C,76.05275125056843,684.2174481604387
500 °C,76.08458390177353,681.6366219823775
500 °C,76.11641655297862,686.1065492069341
500 °C,76.14824920418371,682.7672694341078
500 °C,76.1800818553888,682.9728127354673
500 °C,76.2119145065939,680.9952540858236
500 °C,76.24374715779899,683.1932333227987
500 °C,76.27557980900409,684.4284117090193
500 °C,76.30741246020918,681.2377156064495
500 °C,76.33924511141427,684.3166049325962
500 °C,76.37107776261936,680.5409636890776
500 °C,76.40291041382446,682.3922433066941
500 °C,76.43474306502955,680.2700716935345
500 °C,76.46657571623466,685.275684234037
500 °C,76.49840836743975,683.1445213597281
500 °C,76.53024101864484,679.1552149993087
500 °C,76.56207366984994,682.9194295894208
500 °C,76.59390632105503,682.3674344689291
500 °C,76.62573897226012,678.507589498273
500 °C,76.65757162346522,685.3680739340658
500 °C,76.68940427467031,679.072537527976
500 °C,76.7212369258754,680.4685044931927
500 °C,76.7530695770805,685.0361941844438
500 °C,76.78490222828559,681.4082378148595
500 °C,76.81673487949068,686.5844640435258
500 °C,76.84856753069577,682.8196544773552
500 °C,76.88040018190087,680.8812640052544
500 °C,76.91223283310596,683.6485452044673
500 °C,76.94406548431105,687.6576667923407
500 °C,76.97589813551615,681.5060225405829
500 °C,77.00773078672124,683.2520494118745
500 °C,77.03956343792633,680.8277087652879
500 °C,77.07139608913143,682.1984558036647
500 °C,77.10322874033652,685.1516639846859
500 °C,77.13506139154161,678.938785234012
500 °C,77.1668940427467,682.9146167781516
500 °C,77.1987266939518,686.8184522043609
500 °C,77.23055934515689,684.2142521401706
500 °C,77.26239199636198,685.2575808366039
500 °C,77.29422464756708,683.9919047733127
500 °C,77.32605729877217,682.3668504945113
500 °C,77.35788994997726,679.5618654615532
500 °C,77.38972260118236,681.37691237312
500 °C,77.42155525238745,680.7733450195673
500 °C,77.45338790359254,682.6117170193202
500 °C,77.48522055479764,682.8736983776419
500 °C,77.51705320600273,680.5122072474076
500 °C,77.54888585720782,678.7988976506455
500 °C,77.58071850841291,677.9277218220587
500 °C,77.61255115961801,683.5630882513605
500 °C,77.6443838108231,682.3221934048594
500 °C,77.6762164620282,682.8231790635662
500 °C,77.70804911323329,678.0670461966032
500 °C,77.73988176443838,683.9675007808006
500 °C,77.77171441564347,682.7293778123445
500 °C,77.80354706684857,683.6945852648796
500 °C,77.83537971805366,682.0351929029803
500 °C,77.86721236925875,680.4765780437885
500 °C,77.89904502046384,685.451277088461
500 °C,77.93087767166894,689.5379246549433
500 °C,77.96271032287403,680.6109385877293
500 °C,77.99454297407912,685.5706436638251
500 °C,78.02637562528422,683.8551913921735
500 °C,78.05820827648931,684.9423943986203
500 °C,78.0900409276944,685.7075534505663
500 °C,78.1218735788995,683.918364249502
500 °C,78.15370623010459,681.9594481305801
500 °C,78.18553888130968,679.9153445306722
500 °C,78.21737153251478,686.8015396445293
500 °C,78.24920418371987,680.4462532866853
500 °C,78.28103683492496,680.6969786808326
500 °C,78.31286948613005,682.60290196822
500 °C,78.34470213733515,686.1211902011761
500 °C,78.37653478854024,683.916789377816
500 °C,78.40836743974533,681.5124630013598
500 °C,78.44020009095043,684.9836277918542
500 °C,78.47203274215552,684.9894920426277
500 °C,78.50386539336061,679.8236461512884
500 °C,78.5356980445657,688.0715740033766
500 °C,78.5675306957708,687.6846394442027
500 °C,78.59936334697589,682.3597282810024
500 °C,78.63119599818098,679.4837401642969
500 °C,78.66302864938608,679.227848802903
500 °C,78.69486130059117,684.2305112013591
500 °C,78.72669395179626,691.4709941413162
500 °C,78.75852660300136,685.2506356442439
500 °C,78.79035925420645,683.619744328808
500 °C,78.82219190541154,684.3924995176166
500 °C,78.85402455661664,682.2623888136125
500 °C,78.88585720782173,683.7774180717668
500 °C,78.91768985902682,682.6970858676686
500 °C,78.94952251023192,684.916953467492
500 °C,78.98135516143702,682.1770592351622
500 °C,79.01318781264212,680.8046578375217
500 °C,79.04502046384721,679.1448216198676
500 °C,79.0768531150523,683.1513378247935
500 °C,79.1086857662574,680.0758250002173
500 °C,79.14051841746249,683.9213103737807
500 °C,79.17235106866758,683.0303235658623
500 °C,79.20418371987267,683.1747183909109
500 °C,79.23601637107777,680.6267058736468
500 °C,79.26784902228286,686.0123431622923
500 °C,79.29968167348795,687.3827303299498
500 °C,79.33151432469305,683.735518069676
500 °C,79.36334697589814,682.1713908375629
500 °C,79.39517962710323,681.6463815644696
500 °C,79.42701227830833,685.4726706277152
500 °C,79.45884492951342,684.1319689217862
500 °C,79.49067758071851,682.3411158388025
500 °C,79.5225102319236,685.2222873004246
500 °C,79.5543428831287,681.9063684103922
500 °C,79.58617553433379,685.4084786559782
500 °C,79.61800818553888,684.5261752923539
500 °C,79.64984083674398,682.7399733903474
500 °C,79.68167348794907,681.232661232918
500 °C,79.71350613915416,678.0918681664233
500 °C,79.74533879035926,683.4198260544424
500 °C,79.77717144156435,683.5400652328151
500 °C,79.80900409276944,682.8962197060141
500 °C,79.84083674397453,678.1493464873131
500 °C,79.87266939517963,684.0738381107371
500 °C,79.90450204638472,678.8903193963318
500 °C,79.93633469758981,677.1380337369783
500 °C,79.9681673487949,684.1259543703823
500 °C,80.0,684.1030569988595
