curve_uid,fit_point_index,j_mA_cm2,eta_mV,source_point_indices,source_point_count
batch0/case13/figure_3__panel_b/curve_6,0,20.959409594095924,42.20664258905164,27,1
batch0/case13/figure_3__panel_b/curve_6,1,23.91143911439113,125.48686353657662,26,1
batch0/case13/figure_3__panel_b/curve_6,2,35.71955719557194,149.2812123787266,25,1
batch0/case13/figure_3__panel_b/curve_6,3,45.756457564575626,173.67041994193033,24,1
batch0/case13/figure_3__panel_b/curve_6,4,62.287822878228766,218.5822533814885,23,1
batch0/case13/figure_3__panel_b/curve_6,5,76.16236162361623,252.19177112102545,22,1
batch0/case13/figure_3__panel_b/curve_6,6,92.98892988929887,288.4781531053041,21,1
batch0/case13/figure_3__panel_b/curve_6,7,109.520295202952,313.7596487500885,20,1
batch0/case13/figure_3__panel_b/curve_6,8,120.73800738007378,336.0668507896041,19,1
batch0/case13/figure_3__panel_b/curve_6,9,133.13653136531363,360.4560583528078,18,1
batch0/case13/figure_3__panel_b/curve_6,10,141.99261992619924,384.2504071949578,17,1
batch0/case13/figure_3__panel_b/curve_6,11,153.80073800738006,411.0190496423765,16,1
batch0/case13/figure_3__panel_b/curve_6,12,165.60885608856088,437.7876920897953,15,1
batch0/case13/figure_3__panel_b/curve_6,13,180.3690036900369,464.556334537214,14,1
batch0/case13/figure_3__panel_b/curve_6,14,192.17712177121768,491.3249769846327,13,1
batch0/case13/figure_3__panel_b/curve_6,15,209.8892988929889,515.1193258267828,12,1
batch0/case13/figure_3__panel_b/curve_6,16,227.60147601476007,538.9136746689327,11,1
batch0/case13/figure_3__panel_b/curve_6,17,245.31365313653131,562.7080235110827,10,1
batch0/case13/figure_3__panel_b/curve_6,18,265.97785977859775,586.5023723532328,9,1
batch0/case13/figure_3__panel_b/curve_6,19,286.6420664206642,610.2967211953827,8,1
batch0/case13/figure_3__panel_b/curve_6,20,313.21033210332104,634.0910700375327,7,1
batch0/case13/figure_3__panel_b/curve_6,21,333.87453874538744,651.9368316691451,6,1
batch0/case13/figure_3__panel_b/curve_6,22,357.4907749077491,669.7825933007578,5,1
batch0/case13/figure_3__panel_b/curve_6,23,378.1549815498155,687.6283549323701,4,1
batch0/case13/figure_3__panel_b/curve_6,24,401.77121771217713,705.4741165639828,3,1
batch0/case13/figure_3__panel_b/curve_6,25,431.2915129151292,717.3712909850577,2,1
batch0/case13/figure_3__panel_b/curve_6,26,454.9077490774908,738.1913462219389,1,1
batch0/case13/figure_3__panel_b/curve_6,27,490.3321033210332,756.0371078535513,0,1
batch0/case18/figure_4__panel_a/curve_ptc,0,4.491310290958824,29.835651074589016,18;19,2
batch0/case18/figure_4__panel_a/curve_ptc,1,12.69283343097054,45.00632111251569,17,1
batch0/case18/figure_4__panel_a/curve_ptc,2,29.09587971099397,55.12010113780014,16,1
batch0/case18/figure_4__panel_a/curve_ptc,3,66.00273384104669,75.34766118836906,15,1
batch0/case18/figure_4__panel_a/curve_ptc,4,127.51415739113456,108.21744627054352,14,1
batch0/case18/figure_4__panel_a/curve_ptc,5,189.02558094122244,136.03034134007575,13,1
batch0/case18/figure_4__panel_a/curve_ptc,6,250.53700449131028,163.84323640960798,12,1
batch0/case18/figure_4__panel_a/curve_ptc,7,312.0484280413981,191.65613147914024,11,1
batch0/case18/figure_4__panel_a/curve_ptc,8,373.5598515914861,216.94058154235137,10,1
batch0/case18/figure_4__panel_a/curve_ptc,9,435.0712751415739,244.75347661188363,9,1
batch0/case18/figure_4__panel_a/curve_ptc,10,496.5826986916618,262.4525916561314,8,1
batch0/case2/figure_6__panel_a/curve_20wt_ptc,0,1.2813571557480647,1.9667170953101705,16,1
batch0/case2/figure_6__panel_a/curve_20wt_ptc,1,1.8498465980869927,4.084720121028778,15,1
batch0/case2/figure_6__panel_a/curve_20wt_ptc,2,2.228839559646278,6.2027231467473865,14,1
batch0/case2/figure_6__panel_a/curve_20wt_ptc,3,2.9868254827648486,8.320726172465996,13,1
batch0/case2/figure_6__panel_a/curve_20wt_ptc,4,4.1238043674427045,10.438729198184603,12,1
batch0/case2/figure_6__panel_a/curve_20wt_ptc,5,5.450279732900203,12.55673222390321,11,1
batch0/case2/figure_6__panel_a/curve_20wt_ptc,6,6.966251579137344,14.674735249621818,10,1
batch0/case2/figure_6__panel_a/curve_20wt_ptc,7,8.671719906154127,16.792738275340426,9,1
batch0/case2/figure_6__panel_a/curve_20wt_ptc,8,10.94567767550984,18.910741301059037,8,1
batch0/case2/figure_6__panel_a/curve_20wt_ptc,9,13.977621367984122,21.02874432677764,7,1
batch0/case2/figure_6__panel_a/curve_20wt_ptc,10,17.767550983576974,23.14674735249625,6,1
batch0/case2/figure_6__panel_a/curve_20wt_ptc,11,21.936473560729112,25.264750378214856,5,1
batch0/case2/figure_6__panel_a/curve_20wt_ptc,12,27.242375022559106,27.382753403933467,4,1
batch0/case2/figure_6__panel_a/curve_20wt_ptc,13,32.35878000360946,29.500756429652075,3,1
batch0/case2/figure_6__panel_a/curve_20wt_ptc,14,36.33820609998195,31.61875945537068,2,1
batch0/case2/figure_6__panel_a/curve_20wt_ptc,15,45.81303013896409,33.73676248108929,1,1
batch0/case2/figure_6__panel_a/curve_20wt_ptc,16,46.7605125428623,35.8547655068079,0,1
batch0/case41/figure_2__panel_a/curve_1,0,1.893568396996407,4.24175901993417,17,1
batch0/case41/figure_2__panel_a/curve_1,1,2.350636630754161,8.802181071415951,16,1
batch0/case41/figure_2__panel_a/curve_1,2,3.2647730982696688,13.362603122897736,15,1
batch0/case41/figure_2__panel_a/curve_1,3,5.093046033300684,17.92302517437952,14,1
batch0/case41/figure_2__panel_a/curve_1,4,9.8922624877571,22.4834472258613,13,1
batch0/case41/figure_2__panel_a/curve_1,5,14.234410708455762,27.043869277343084,12,1
batch0/case41/figure_2__panel_a/curve_1,6,19.49069539666993,31.60429132882487,11,1
batch0/case41/figure_2__panel_a/curve_1,7,35.94515181194907,45.28555748327021,10,1
batch0/case41/figure_2__panel_a/curve_1,8,41.65850473392099,49.845979534752,9,1
batch0/case41/figure_2__panel_a/curve_1,9,47.60039177277179,54.40640158623378,8,1
batch0/case41/figure_2__panel_a/curve_1,10,53.77081292850147,58.96682363771557,7,1
batch0/case41/figure_2__panel_a/curve_1,11,59.94123408423115,63.52724568919735,6,1
batch0/case41/figure_2__panel_a/curve_1,12,66.3401893568397,68.08766774067914,5,1
batch0/case41/figure_2__panel_a/curve_1,13,72.73914462944826,72.6480897921609,4,1
batch0/case41/figure_2__panel_a/curve_1,14,78.68103166829906,77.2085118436427,3,1
batch0/case41/figure_2__panel_a/curve_1,15,85.53705517466537,81.76893389512448,2,1
batch0/case41/figure_2__panel_a/curve_1,16,92.1645445641528,86.32935594660626,1,1
batch0/case41/figure_2__panel_a/curve_1,17,98.33496571988248,90.88977799808804,0,1
batch0/case41/figure_2__panel_c/curve_2,0,40.99908620164488,49.69818913480894,36,1
batch0/case41/figure_2__panel_c/curve_2,1,53.731343283582135,59.35613682092564,35,1
batch0/case41/figure_2__panel_c/curve_2,2,67.62107828205913,69.01408450704234,34,1
batch0/case41/figure_2__panel_c/curve_2,3,80.93207432226626,78.67203219315904,33,1
batch0/case41/figure_2__panel_c/curve_2,4,94.82180932074328,88.32997987927574,32,1
batch0/case41/figure_2__panel_c/curve_2,5,108.1328053609504,97.98792756539244,31,1
batch0/case41/figure_2__panel_c/curve_2,6,122.0225403594274,107.64587525150914,30,1
batch0/case41/figure_2__panel_c/curve_2,7,136.49101431617427,117.30382293762584,29,1
batch0/case41/figure_2__panel_c/curve_2,8,148.64453243984164,126.96177062374254,28,1
batch0/case41/figure_2__panel_c/curve_2,9,165.42796222966803,136.61971830985925,27,1
batch0/case41/figure_2__panel_c/curve_2,10,177.5814803533354,146.27766599597595,26,1
batch0/case41/figure_2__panel_c/curve_2,11,192.62869326835212,155.93561368209262,25,1
batch0/case41/figure_2__panel_c/curve_2,12,203.6247334754798,165.59356136820935,24,1
batch0/case41/figure_2__panel_c/curve_2,13,219.82942430703628,175.25150905432605,23,1
batch0/case41/figure_2__panel_c/curve_2,14,232.56168138897357,184.90945674044272,22,1
batch0/case41/figure_2__panel_c/curve_2,15,248.76637222053003,194.56740442655945,21,1
batch0/case41/figure_2__panel_c/curve_2,16,263.2348461772769,204.22535211267612,20,1
batch0/case41/figure_2__panel_c/curve_2,17,272.4946695095949,213.88329979879285,19,1
batch0/case41/figure_2__panel_c/curve_2,18,290.435577215961,223.54124748490952,18,1
batch0/case41/figure_2__panel_c/curve_2,19,306.06152908924764,233.19919517102625,17,1
batch0/case41/figure_2__panel_c/curve_2,20,318.7937861711849,242.85714285714292,16,1
batch0/case41/figure_2__panel_c/curve_2,21,325.1599147121535,252.51509054325965,15,1
batch0/case41/figure_2__panel_c/curve_2,22,343.21657021017364,262.17303822937635,14,1
batch0/case41/figure_2__panel_c/curve_2,23,357.68504416692053,271.83098591549305,13,1
batch0/case41/figure_2__panel_c/curve_2,24,373.1952482485531,281.48893360160974,12,1
batch0/case41/figure_2__panel_c/curve_2,25,388.2424611635699,291.14688128772644,11,1
batch0/case41/figure_2__panel_c/curve_2,26,394.6085897045385,300.80482897384314,10,1
batch0/case41/figure_2__panel_c/curve_2,27,412.0865062442888,310.46277665995984,9,1
batch0/case41/figure_2__panel_c/curve_2,28,424.1242765763021,320.12072434607654,8,1
batch0/case41/figure_2__panel_c/curve_2,29,436.8565336582394,329.77867203219324,7,1
batch0/case41/figure_2__panel_c/curve_2,30,447.8525738653671,339.43661971830994,6,1
batch0/case41/figure_2__panel_c/curve_2,31,461.2793176972282,349.09456740442664,5,1
batch0/case41/figure_2__panel_c/curve_2,32,482.34541577825166,358.75251509054334,4,1
batch0/case41/figure_2__panel_c/curve_2,33,490.79500456899177,368.41046277666,3,1
batch0/case41/figure_2__panel_c/curve_2,34,497.6241242765763,378.0684104627768,2,1
batch0/case41/figure_2__panel_c/curve_2,35,498.781602193116,392.5553319919518,0;1,2
batch0/case44/figure_4__panel_a/curve_3,0,2.4902490249025,8.552574455153174,44,1
batch0/case44/figure_4__panel_a/curve_3,1,4.170417041704189,13.11105322566633,43,1
batch0/case44/figure_4__panel_a/curve_3,2,4.5904590459046,17.669531996179487,42,1
batch0/case44/figure_4__panel_a/curve_3,3,6.585658565856601,22.22801076669264,41,1
batch0/case44/figure_4__panel_a/curve_3,4,8.37083708370839,26.786489537205792,40,1
batch0/case44/figure_4__panel_a/curve_3,5,10.47104710471049,31.344968307718947,39,1
batch0/case44/figure_4__panel_a/curve_3,6,13.096309630963114,35.903447078232105,38,1
batch0/case44/figure_4__panel_a/curve_3,7,16.456645664566462,40.46192584874527,37,1
batch0/case44/figure_4__panel_a/curve_3,8,20.23702370237025,45.020404619258414,36,1
batch0/case44/figure_4__panel_a/curve_3,9,24.12241224122414,49.578883389771576,35,1
batch0/case44/figure_4__panel_a/curve_3,10,28.63786378637865,54.13736216028472,34,1
batch0/case44/figure_4__panel_a/curve_3,11,34.30843084308432,58.695840930797885,33,1
batch0/case44/figure_4__panel_a/curve_3,12,40.18901890189021,63.25431970131104,32,1
batch0/case44/figure_4__panel_a/curve_3,13,47.749774977497765,67.8127984718242,31,1
batch0/case44/figure_4__panel_a/curve_3,14,55.94059405940595,72.37127724233734,30,1
batch0/case44/figure_4__panel_a/curve_3,15,65.70657065706573,76.9297560128505,29,1
batch0/case44/figure_4__panel_a/curve_3,16,76.20762076207622,81.48823478336365,28,1
batch0/case44/figure_4__panel_a/curve_3,17,87.33873387338734,86.04671355387681,27,1
batch0/case44/figure_4__panel_a/curve_3,18,98.6798679867987,90.60519232438998,26,1
batch0/case44/figure_4__panel_a/curve_3,19,111.4911491149115,95.16367109490312,25,1
batch0/case44/figure_4__panel_a/curve_3,20,123.04230423042304,99.72214986541628,24,1
batch0/case44/figure_4__panel_a/curve_3,21,135.43354335433546,104.28062863592945,23,1
batch0/case44/figure_4__panel_a/curve_3,22,148.13981398139816,108.8391074064426,22,1
batch0/case44/figure_4__panel_a/curve_3,23,160.11101110111014,113.39758617695576,21,1
batch0/case44/figure_4__panel_a/curve_3,24,173.6573657365737,117.95606494746887,20,1
batch0/case44/figure_4__panel_a/curve_3,25,186.67866786678667,122.51454371798204,19,1
batch0/case44/figure_4__panel_a/curve_3,26,200.54005400540052,127.07302248849524,18,1
batch0/case44/figure_4__panel_a/curve_3,27,215.976597659766,131.63150125900836,17,1
batch0/case44/figure_4__panel_a/curve_3,28,228.6828682868287,136.1899800295215,16,1
batch0/case44/figure_4__panel_a/curve_3,29,242.96429642964296,140.74845880003468,15,1
batch0/case44/figure_4__panel_a/curve_3,30,256.61566156615663,145.30693757054783,14,1
batch0/case44/figure_4__panel_a/curve_3,31,271.63216321632166,149.86541634106098,13,1
batch0/case44/figure_4__panel_a/curve_3,32,286.85868586858686,154.42389511157415,12,1
batch0/case44/figure_4__panel_a/curve_3,33,311.8511851185118,163.54085265260045,10,1
batch0/case44/figure_4__panel_a/curve_3,34,316.1566156615661,158.9823738820873,11,1
batch0/case44/figure_4__panel_a/curve_3,35,329.80798079807977,168.09933142311365,9,1
batch0/case44/figure_4__panel_a/curve_3,36,346.7146714671468,172.65781019362677,8,1
batch0/case44/figure_4__panel_a/curve_3,37,358.58085808580853,177.21628896413992,7,1
batch0/case44/figure_4__panel_a/curve_3,38,380.94809480948095,181.77476773465307,6,1
batch0/case44/figure_4__panel_a/curve_3,39,386.7236723672368,186.33324650516624,5,1
batch0/case44/figure_4__panel_a/curve_3,40,400.1650165016501,190.8917252756794,4,1
batch0/case44/figure_4__panel_a/curve_3,41,409.30093009300936,195.4502040461925,3,1
batch0/case44/figure_4__panel_a/curve_3,42,454.77047704770473,200.0086828167057,2,1
batch0/case44/figure_4__panel_a/curve_3,43,463.8013801380138,209.125640357732,0,1
batch0/case44/figure_4__panel_a/curve_3,44,468.7368736873688,204.5671615872189,1,1
batch0/case45/figure_4__panel_d/curve_1,0,2.328767123287671,3.461405330564248,12,1
batch0/case45/figure_4__panel_d/curve_1,1,3.0136986301369864,8.30737279335414,11,1
batch0/case45/figure_4__panel_d/curve_1,2,3.8356164383561646,13.153340256144034,10,1
batch0/case45/figure_4__panel_d/curve_1,3,5.205479452054795,17.999307718933924,9,1
batch0/case45/figure_4__panel_d/curve_1,4,7.26027397260274,22.845275181723817,8,1
batch0/case45/figure_4__panel_d/curve_1,5,14.794520547945206,34.96019383869855,7,1
batch0/case45/figure_4__panel_d/curve_1,6,25.2054794520548,47.07511249567328,6,1
batch0/case45/figure_4__panel_d/curve_1,7,36.16438356164384,59.19003115264802,5,1
batch0/case45/figure_4__panel_d/curve_1,8,46.98630136986301,71.30494980962276,4,1
batch0/case45/figure_4__panel_d/curve_1,9,57.945205479452056,83.41986846659748,3,1
batch0/case45/figure_4__panel_d/curve_1,10,69.17808219178082,95.5347871235722,2,1
batch0/case45/figure_4__panel_d/curve_1,11,80.13698630136986,107.64970578054694,1,1
batch0/case45/figure_4__panel_d/curve_1,12,91.23287671232876,119.76462443752168,0,1
batch0/case5/figure_3__panel_a/curve_gray,0,3.0875866414618724,12.244897959183673,14,1
batch0/case5/figure_3__panel_a/curve_gray,1,8.128544423440449,18.36734693877551,13,1
batch0/case5/figure_3__panel_a/curve_gray,2,17.580340264650278,24.489795918367346,12,1
batch0/case5/figure_3__panel_a/curve_gray,3,28.292375551354752,30.61224489795918,11,1
batch0/case5/figure_3__panel_a/curve_gray,4,40.8947700063012,36.73469387755102,10,1
batch0/case5/figure_3__panel_a/curve_gray,5,52.86704473850031,42.85714285714285,9,1
batch0/case5/figure_3__panel_a/curve_gray,6,66.7296786389414,48.97959183673469,8,1
batch0/case5/figure_3__panel_a/curve_gray,7,80.59231253938248,55.10204081632652,7,1
batch0/case5/figure_3__panel_a/curve_gray,8,94.45494643982356,61.22448979591836,6,1
batch0/case5/figure_3__panel_a/curve_gray,9,108.31758034026464,67.3469387755102,5,1
batch0/case5/figure_3__panel_a/curve_gray,10,122.18021424070572,73.46938775510203,4,1
batch0/case5/figure_3__panel_a/curve_gray,11,137.93320730938876,79.59183673469387,3,1
batch0/case5/figure_3__panel_a/curve_gray,12,152.42596093257717,85.71428571428571,2,1
batch0/case5/figure_3__panel_a/curve_gray,13,165.02835538752362,91.83673469387756,1,1
batch0/case5/figure_3__panel_a/curve_gray,14,177.00063011972273,97.95918367346938,0,1
batch0/case54/figure_5__panel_b/curve_4,0,18.840727867511745,12.745098039215634,33,1
batch0/case54/figure_5__panel_b/curve_4,1,27.857288897975863,20.81891580161471,32,1
batch0/case54/figure_5__panel_b/curve_4,2,37.3032099775097,28.892733564013792,31,1
batch0/case54/figure_5__panel_b/curve_4,3,44.17297076262522,34.9480968858131,30,1
batch0/case54/figure_5__panel_b/curve_4,4,46.749131057043535,36.96655132641287,29,1
batch0/case54/figure_5__panel_b/curve_4,5,56.624412185647095,45.04036908881195,28,1
batch0/case54/figure_5__panel_b/curve_4,6,61.34737272541401,49.07727797001149,27,1
batch0/case54/figure_5__panel_b/curve_4,7,66.07033326518093,53.114186851211024,26,1
batch0/case54/figure_5__panel_b/curve_4,8,76.37497444285421,61.1880046136101,25,1
batch0/case54/figure_5__panel_b/curve_4,9,78.52177468820281,63.206459054209866,24,1
batch0/case54/figure_5__panel_b/curve_4,10,85.82089552238804,69.26182237600918,23,1
batch0/case54/figure_5__panel_b/curve_4,11,95.26681660192187,77.33564013840825,22,1
batch0/case54/figure_5__panel_b/curve_4,12,105.14209773052544,85.40945790080734,21,1
batch0/case54/figure_5__panel_b/curve_4,13,112.01185851564097,91.46482122260664,20,1
batch0/case54/figure_5__panel_b/curve_4,14,115.017378859129,93.4832756632064,19,1
batch0/case54/figure_5__panel_b/curve_4,15,124.46329993866284,101.5570934256055,18,1
batch0/case54/figure_5__panel_b/curve_4,16,128.32754038029032,105.59400230680504,17,1
batch0/case54/figure_5__panel_b/curve_4,17,133.47986096912695,109.63091118800456,16,1
batch0/case54/figure_5__panel_b/curve_4,18,142.06706195052135,117.70472895040363,15,1
batch0/case54/figure_5__panel_b/curve_4,19,144.21386219586995,119.72318339100342,14,1
batch0/case54/figure_5__panel_b/curve_4,20,152.37170312819464,125.77854671280272,13,1
batch0/case54/figure_5__panel_b/curve_4,21,160.5295440605193,133.8523644752018,12,1
batch0/case54/figure_5__panel_b/curve_4,22,169.97546514005316,141.9261822376009,11,1
batch0/case54/figure_5__panel_b/curve_4,23,175.98650582702922,147.9815455594002,10,1
batch0/case54/figure_5__panel_b/curve_4,24,178.13330607237782,149.99999999999997,9,1
batch0/case54/figure_5__panel_b/curve_4,25,187.57922715191165,158.07381776239905,8,1
batch0/case54/figure_5__panel_b/curve_4,26,191.87282764260885,162.11072664359858,7,1
batch0/case54/figure_5__panel_b/curve_4,27,205.6123492128399,176.23990772779698,6,1
batch0/case54/figure_5__panel_b/curve_4,28,220.6399509302801,190.3690888119953,5,1
batch0/case54/figure_5__panel_b/curve_4,29,236.5262727458597,204.49826989619373,4,1
batch0/case54/figure_5__panel_b/curve_4,30,250.26579431609076,218.62745098039213,3,1
batch0/case54/figure_5__panel_b/curve_4,31,264.0053158863218,232.7566320645905,2,1
batch0/case54/figure_5__panel_b/curve_4,32,279.032917603762,246.8858131487889,1,1
batch0/case54/figure_5__panel_b/curve_4,33,294.48987937027186,261.0149942329873,0,1
batch0/case58/figure_5__panel_a/curve_black,0,35.71830985915488,27.9146141215106,20,1
batch0/case58/figure_5__panel_a/curve_black,1,78.30985915492953,46.305418719211744,19,1
batch0/case58/figure_5__panel_a/curve_black,2,138.25352112676052,64.69622331691289,18,1
batch0/case58/figure_5__panel_a/curve_black,3,201.3521126760563,82.85714285714273,17,1
batch0/case58/figure_5__panel_a/curve_black,4,327.5492957746479,120.78817733990137,16,1
batch0/case58/figure_5__panel_a/curve_black,5,387.4929577464789,138.48932676518882,15,1
batch0/case58/figure_5__panel_a/curve_black,6,449.01408450704224,156.65024630541865,14,1
batch0/case58/figure_6__panel_j/curve_3,0,25.31477799867456,20.689655172413797,46,1
batch0/case58/figure_6__panel_j/curve_3,1,29.025844930417435,24.13793103448276,45,1
batch0/case58/figure_6__panel_j/curve_3,2,40.15904572564607,31.03448275862069,44,1
batch0/case58/figure_6__panel_j/curve_3,3,58.714380384360446,37.93103448275862,43,1
batch0/case58/figure_6__panel_j/curve_3,4,73.55864811133195,44.82758620689655,42,1
batch0/case58/figure_6__panel_j/curve_3,5,95.8250497017892,51.72413793103448,41,1
batch0/case58/figure_6__panel_j/curve_3,6,118.09145129224646,58.62068965517241,40,1
batch0/case58/figure_6__panel_j/curve_3,7,140.35785288270372,65.51724137931035,39,1
batch0/case58/figure_6__panel_j/curve_3,8,166.33532140490385,72.41379310344828,38,1
batch0/case58/figure_6__panel_j/curve_3,9,188.60172299536111,79.3103448275862,37,1
batch0/case58/figure_6__panel_j/curve_3,10,214.57919151756124,86.20689655172414,36,1
batch0/case58/figure_6__panel_j/curve_3,11,240.55666003976137,93.10344827586208,35,1
batch0/case58/figure_6__panel_j/curve_3,12,266.5341285619615,100.0,34,1
batch0/case58/figure_6__panel_j/curve_3,13,325.9111994698476,118.96551724137932,33,1
batch0/case58/figure_6__panel_j/curve_3,14,351.88866799204766,127.58620689655172,32,1
batch0/case58/figure_6__panel_j/curve_3,15,381.5772034459907,136.20689655172413,31,1
batch0/case58/figure_6__panel_j/curve_3,16,411.2657388999337,144.82758620689657,30,1
batch0/case58/figure_6__panel_j/curve_3,17,444.6653412856196,153.44827586206895,29,1
batch0/case58/figure_6__panel_j/curve_3,18,463.220675944334,162.06896551724137,28,1
batch0/case58/figure_6__panel_j/curve_3,19,496.6202783300198,170.6896551724138,27,1
batch0/case62/figure_3__panel_A/curve_3,0,1.3465517773865812,0.5922767116796753,20,1
batch0/case62/figure_3__panel_A/curve_3,1,1.735692887365271,3.9090262970859775,19,1
batch0/case62/figure_3__panel_A/curve_3,2,2.124833997343961,7.22577588249228,18,1
batch0/case62/figure_3__panel_A/curve_3,3,2.643688810648881,10.542525467898582,17,1
batch0/case62/figure_3__panel_A/curve_3,4,3.4219710306062607,13.859275053304884,16,1
batch0/case62/figure_3__panel_A/curve_3,5,4.32996695388987,17.176024638711187,15,1
batch0/case62/figure_3__panel_A/curve_3,6,5.36767658049971,20.49277422411749,14,1
batch0/case62/figure_3__panel_A/curve_3,7,6.79452731708824,23.809523809523792,13,1
batch0/case62/figure_3__panel_A/curve_3,8,8.740232866981689,27.12627339493009,12,1
batch0/case62/figure_3__panel_A/curve_3,9,11.075079526853829,30.443022980336394,11,1
batch0/case62/figure_3__panel_A/curve_3,10,13.928781000030888,33.75977256574269,10,1
batch0/case62/figure_3__panel_A/curve_3,11,17.560764693165325,37.07652215114901,9,1
batch0/case62/figure_3__panel_A/curve_3,12,22.100744309583376,40.393271736555306,8,1
batch0/case62/figure_3__panel_A/curve_3,13,27.937860959263723,43.710021321961605,7,1
batch0/case62/figure_3__panel_A/curve_3,14,34.42354612557522,47.026770907367904,6,1
batch0/case62/figure_3__panel_A/curve_3,15,42.07665462182279,50.34352049277421,5,1
batch0/case62/figure_3__panel_A/curve_3,16,51.026900151332654,53.66027007818052,4,1
batch0/case62/figure_3__panel_A/curve_3,17,60.36628679082121,56.977019663586816,3,1
batch0/case62/figure_3__panel_A/curve_3,18,69.835387133636,60.29376924899312,2,1
batch0/case62/figure_3__panel_A/curve_3,19,81.5096204329967,63.61051883439941,1,1
batch0/case62/figure_3__panel_A/curve_3,20,92.40557151240002,66.92726841980571,0,1
batch0/case63/figure_3__panel_a/curve_7,0,1.4944531035114763,3.350827614049258,23;24,2
batch0/case63/figure_3__panel_a/curve_7,1,2.411295498303812,13.443681873233755,20;21;22,3
batch0/case63/figure_3__panel_a/curve_7,2,3.328137893096147,21.51796528058136,19,1
batch0/case63/figure_3__panel_a/curve_7,3,5.161822682680818,25.55510698425516,18,1
batch0/case63/figure_3__panel_a/curve_7,4,6.078665077473153,29.592248687928954,17,1
batch0/case63/figure_3__panel_a/curve_7,5,8.82919226185016,33.62939039160276,16,1
batch0/case63/figure_3__panel_a/curve_7,6,10.66287705143483,37.66653209527655,15,1
batch0/case63/figure_3__panel_a/curve_7,7,13.413404235811836,41.70367379895036,14,1
batch0/case63/figure_3__panel_a/curve_7,8,16.16393142018884,45.74081550262415,13,1
batch0/case63/figure_3__panel_a/curve_7,9,18.914458604565848,49.77795720629796,12,1
batch0/case63/figure_3__panel_a/curve_7,10,21.66498578894285,53.81509890997176,11,1
batch0/case63/figure_3__panel_a/curve_7,11,23.498670578527527,57.85224061364556,10,1
batch0/case63/figure_3__panel_a/curve_7,12,27.166040157696862,61.88938231731935,9,1
batch0/case63/figure_3__panel_a/curve_7,13,28.99972494728154,65.92652402099316,8,1
batch0/case63/figure_3__panel_a/curve_7,14,31.750252131658545,69.96366572466695,7,1
batch0/case63/figure_3__panel_a/curve_7,15,34.50077931603555,74.00080742834075,6,1
batch0/case63/figure_3__panel_a/curve_7,16,37.25130650041256,78.03794913201455,5,1
batch0/case63/figure_3__panel_a/curve_7,17,40.00183368478956,82.07509083568836,4,1
batch0/case63/figure_3__panel_a/curve_7,18,42.752360869166566,86.11223253936215,3,1
batch0/case63/figure_3__panel_a/curve_7,19,45.50288805354357,90.14937424303596,2,1
batch0/case63/figure_3__panel_a/curve_7,20,48.25341523792058,94.18651594670976,1,1
batch0/case63/figure_3__panel_a/curve_7,21,51.003942422297584,98.22365765038354,0,1
batch1/case102/figure_3__panel_a/curve_4,0,33.24225865209473,8.496023138105793,9,1
batch1/case102/figure_3__panel_a/curve_4,1,68.76138433515484,38.86478669558952,8,1
batch1/case102/figure_3__panel_a/curve_4,2,112.47723132969035,69.23355025307325,7,1
batch1/case102/figure_3__panel_a/curve_4,3,164.38979963570128,107.19450469992792,6,1
batch1/case102/figure_3__panel_a/curve_4,4,216.30236794171225,137.56326825741164,5,1
batch1/case102/figure_3__panel_a/curve_4,5,270.94717668488164,160.33984092552444,4,1
batch1/case102/figure_3__panel_a/curve_4,6,314.6630236794172,190.70860448300817,3,1
batch1/case102/figure_3__panel_a/curve_4,7,372.04007285974507,221.07736804049188,2,1
batch1/case102/figure_3__panel_a/curve_4,8,421.2204007285975,251.44613159797564,1,1
batch1/case102/figure_3__panel_a/curve_4,9,462.20400728597457,281.8148951554594,0,1
batch1/case12/figure_3__panel_a/curve_3,0,0.9917355371900828,5.208333333333333,23,1
batch1/case12/figure_3__panel_a/curve_3,1,1.487603305785124,11.458333333333332,22,1
batch1/case12/figure_3__panel_a/curve_3,2,2.231404958677686,17.708333333333332,21,1
batch1/case12/figure_3__panel_a/curve_3,3,3.2231404958677685,23.958333333333336,20,1
batch1/case12/figure_3__panel_a/curve_3,4,4.214876033057851,30.20833333333333,19,1
batch1/case12/figure_3__panel_a/curve_3,5,5.206611570247934,36.458333333333336,18,1
batch1/case12/figure_3__panel_a/curve_3,6,7.43801652892562,42.708333333333336,17,1
batch1/case12/figure_3__panel_a/curve_3,7,10.413223140495868,48.958333333333336,16,1
batch1/case12/figure_3__panel_a/curve_3,8,13.884297520661155,55.20833333333333,15,1
batch1/case12/figure_3__panel_a/curve_3,9,17.107438016528928,61.45833333333333,14,1
batch1/case12/figure_3__panel_a/curve_3,10,20.57851239669421,67.70833333333333,13,1
batch1/case12/figure_3__panel_a/curve_3,11,24.793388429752067,73.95833333333333,12,1
batch1/case12/figure_3__panel_a/curve_3,12,29.00826446280992,80.20833333333334,11,1
batch1/case12/figure_3__panel_a/curve_3,13,33.22314049586777,86.45833333333333,10,1
batch1/case12/figure_3__panel_a/curve_3,14,37.68595041322314,92.70833333333334,9,1
batch1/case12/figure_3__panel_a/curve_3,15,42.14876033057851,98.95833333333331,8,1
batch1/case12/figure_3__panel_a/curve_3,16,46.61157024793389,105.20833333333331,7,1
batch1/case12/figure_3__panel_a/curve_3,17,51.32231404958678,111.45833333333334,6,1
batch1/case12/figure_3__panel_a/curve_3,18,56.03305785123967,117.70833333333331,5,1
batch1/case12/figure_3__panel_a/curve_3,19,61.48760330578513,123.95833333333334,4,1
batch1/case12/figure_3__panel_a/curve_3,20,64.7107438016529,130.20833333333334,3,1
batch1/case12/figure_3__panel_a/curve_3,21,68.42975206611571,136.45833333333331,2,1
batch1/case12/figure_3__panel_a/curve_3,22,73.88429752066116,142.70833333333331,1,1
batch1/case12/figure_3__panel_a/curve_3,23,78.34710743801654,148.95833333333334,0,1
batch1/case21/figure_3__panel_a/curve_4,0,0.5053057099545233,6.094808126410852,29;30,2
batch1/case21/figure_3__panel_a/curve_4,1,0.7705912076806476,12.114371708051184,27;28,2
batch1/case21/figure_3__panel_a/curve_4,2,1.035876705406772,16.629044394281433,26,1
batch1/case21/figure_3__panel_a/curve_4,3,1.2127337038908548,19.6388261851016,25,1
batch1/case21/figure_3__panel_a/curve_4,4,1.478019201616979,22.64860797592176,24,1
batch1/case21/figure_3__panel_a/curve_4,5,1.9201616978271865,25.658389766741927,23,1
batch1/case21/figure_3__panel_a/curve_4,6,2.0970186963112694,28.668171557562093,22,1
batch1/case21/figure_3__panel_a/curve_4,7,2.5391611925214765,31.677953348382264,21,1
batch1/case21/figure_3__panel_a/curve_4,8,3.1581606872157666,34.687735139202424,20,1
batch1/case21/figure_3__panel_a/curve_4,9,3.688731682668015,37.69751693002259,19,1
batch1/case21/figure_3__panel_a/curve_4,10,4.484588175846388,40.70729872084276,18,1
batch1/case21/figure_3__panel_a/curve_4,11,5.280444669024761,43.71708051166292,17,1
batch1/case21/figure_3__panel_a/curve_4,12,6.253158160687217,46.72686230248309,16,1
batch1/case21/figure_3__panel_a/curve_4,13,7.314300151591714,49.73664409330325,15,1
batch1/case21/figure_3__panel_a/curve_4,14,8.90601313794846,52.74642588412342,14,1
batch1/case21/figure_3__panel_a/curve_4,15,11.647296614451744,55.75620767494358,13,1
batch1/case21/figure_3__panel_a/curve_4,16,14.38858009095503,58.76598946576375,12,1
batch1/case21/figure_3__panel_a/curve_4,17,17.306720565942395,61.77577125658392,11,1
batch1/case21/figure_3__panel_a/curve_4,18,20.313289540171805,64.78555304740408,10,1
batch1/case21/figure_3__panel_a/curve_4,19,23.408287013643257,67.79533483822425,9,1
batch1/case21/figure_3__panel_a/curve_4,20,27.21071248105104,70.80511662904442,8,1
batch1/case21/figure_3__panel_a/curve_4,21,30.21728145528045,73.81489841986458,7,1
batch1/case21/figure_3__panel_a/curve_4,22,33.66599292572006,76.82468021068475,6,1
batch1/case21/figure_3__panel_a/curve_4,23,37.291561394643765,79.8344620015049,5,1
batch1/case21/figure_3__panel_a/curve_4,24,40.74027286508338,82.84424379232507,4,1
batch1/case21/figure_3__panel_a/curve_4,25,44.188984335523,85.85402558314524,3,1
batch1/case21/figure_3__panel_a/curve_4,26,47.99140980293078,88.8638073739654,2,1
batch1/case21/figure_3__panel_a/curve_4,27,51.35169277412836,91.87358916478556,1,1
batch1/case21/figure_3__panel_a/curve_4,28,54.09297625063165,94.88337095560574,0,1
batch1/case28/figure_4__panel_a/curve_blue,0,0.3461653237839525,1.770873786407746,23,1
batch1/case28/figure_4__panel_a/curve_blue,1,0.4953745150701358,8.761165048543669,22,1
batch1/case28/figure_4__panel_a/curve_blue,2,0.7937928976425023,15.75145631067959,21,1
batch1/case28/figure_4__panel_a/curve_blue,3,1.987466427931968,22.741747572815516,20,1
batch1/case28/figure_4__panel_a/curve_blue,4,4.82244106236945,29.732038834951435,19,1
batch1/case28/figure_4__panel_a/curve_blue,5,9.44792599224113,36.722330097087365,18,1
batch1/case28/figure_4__panel_a/curve_blue,6,14.96866606982991,43.71262135922328,17,1
batch1/case28/figure_4__panel_a/curve_blue,7,20.93703372127724,50.70291262135921,16,1
batch1/case28/figure_4__panel_a/curve_blue,8,27.35302894658312,57.69320388349513,15,1
batch1/case28/figure_4__panel_a/curve_blue,9,33.769024171888994,64.68349514563106,14,1
batch1/case28/figure_4__panel_a/curve_blue,10,40.18501939719488,71.67378640776698,13,1
batch1/case28/figure_4__panel_a/curve_blue,11,46.75022381378694,78.6640776699029,12,1
batch1/case28/figure_4__panel_a/curve_blue,12,52.4201730826619,85.65436893203882,11,1
batch1/case28/figure_4__panel_a/curve_blue,13,59.58221426439869,92.64466019417476,10,1
batch1/case28/figure_4__panel_a/curve_blue,14,66.44583706356312,99.63495145631067,9,1
batch1/case28/figure_4__panel_a/curve_blue,15,72.56341390629663,106.6252427184466,8,1
batch1/case28/figure_4__panel_a/curve_blue,16,78.83019994031633,113.61553398058253,7,1
batch1/case28/figure_4__panel_a/curve_blue,17,85.39540435690839,120.60582524271844,6,1
batch1/case28/figure_4__panel_a/curve_blue,18,92.25902715607282,127.59611650485436,5,1
batch1/case28/figure_4__panel_a/curve_blue,19,99.12264995523724,134.58640776699028,4,1
batch1/case28/figure_4__panel_a/curve_blue,20,106.13548194568786,141.5766990291262,3,1
batch1/case28/figure_4__panel_a/curve_blue,21,112.1038495971352,148.56699029126213,2,1
batch1/case28/figure_4__panel_a/curve_blue,22,117.77379886601015,155.55728155339804,1,1
batch1/case28/figure_4__panel_a/curve_blue,23,119.56430916144436,162.54757281553398,0,1
batch1/case35/figure_3__panel_a/curve_4,0,4.174438227196026,12.878370941111648,35;36,2
batch1/case35/figure_3__panel_a/curve_4,1,7.904787281286087,37.64446890478804,34,1
batch1/case35/figure_3__panel_a/curve_4,2,19.09583444355627,57.45734727572916,33,1
batch1/case35/figure_3__panel_a/curve_4,3,30.28688160582645,72.31700605393499,32,1
batch1/case35/figure_3__panel_a/curve_4,4,60.12967403854695,88.82773802971924,31,1
batch1/case35/figure_3__panel_a/curve_4,5,89.97246647126744,97.08310401761138,30,1
batch1/case35/figure_3__panel_a/curve_4,6,119.81525890398792,106.98954320308194,29,1
batch1/case35/figure_3__panel_a/curve_4,7,149.6580513367084,113.59383599339564,28,1
batch1/case35/figure_3__panel_a/curve_4,8,179.5008437694289,116.8959823885525,27,1
batch1/case35/figure_3__panel_a/curve_4,9,209.34363620214936,121.84920198128776,26,1
batch1/case35/figure_3__panel_a/curve_4,10,239.18642863486988,126.80242157402304,25,1
batch1/case35/figure_3__panel_a/curve_4,11,269.0292210675904,131.75564116675832,24,1
batch1/case35/figure_3__panel_a/curve_4,12,298.87201350031086,135.05778756191518,23,1
batch1/case35/figure_3__panel_a/curve_4,13,328.71480593303136,138.35993395707203,22,1
batch1/case35/figure_3__panel_a/curve_4,14,358.55759836575186,141.66208035222888,21,1
batch1/case35/figure_3__panel_a/curve_4,15,388.4003907984724,144.96422674738574,20,1
batch1/case35/figure_3__panel_a/curve_4,16,418.2431832311928,146.61529994496416,19,1
batch1/case35/figure_3__panel_a/curve_4,17,448.0859756639133,153.21959273527784,18,1
batch1/case35/figure_3__panel_a/curve_4,18,477.9287680966338,156.52173913043472,17,1
batch1/case36/figure_4__panel_a/curve_4,0,41.7910447761194,68.92382103990326,29,1
batch1/case36/figure_4__panel_a/curve_4,1,49.253731343283576,79.80652962515114,28,1
batch1/case36/figure_4__panel_a/curve_4,2,59.70149253731343,94.316807738815,27,1
batch1/case36/figure_4__panel_a/curve_4,3,71.64179104477611,108.82708585247885,26,1
batch1/case36/figure_4__panel_a/curve_4,4,86.56716417910447,123.33736396614268,25,1
batch1/case36/figure_4__panel_a/curve_4,5,95.52238805970148,152.35792019347036,23,1
batch1/case36/figure_4__panel_a/curve_4,6,98.50746268656717,152.35792019347036,22;24,2
batch1/case36/figure_4__panel_a/curve_4,7,114.92537313432835,181.37847642079805,21,1
batch1/case36/figure_4__panel_a/curve_4,8,119.40298507462686,195.8887545344619,20,1
batch1/case36/figure_4__panel_a/curve_4,9,128.3582089552239,210.3990326481257,19,1
batch1/case36/figure_4__panel_a/curve_4,10,143.28358208955223,224.9093107617896,18,1
batch1/case36/figure_4__panel_a/curve_4,11,156.71641791044777,246.67472793228532,16;17,2
batch1/case36/figure_4__panel_a/curve_4,12,167.1641791044776,268.4401451027811,15,1
batch1/case36/figure_4__panel_a/curve_4,13,179.1044776119403,282.95042321644496,14,1
batch1/case36/figure_4__panel_a/curve_4,14,189.55223880597012,297.4607013301088,13,1
batch1/case36/figure_4__panel_a/curve_4,15,201.4925373134328,311.97097944377265,12,1
batch1/case36/figure_4__panel_a/curve_4,16,211.94029850746267,326.4812575574365,11,1
batch1/case36/figure_4__panel_a/curve_4,17,223.88059701492537,340.99153567110034,10,1
batch1/case36/figure_4__panel_a/curve_4,18,238.8059701492537,355.5018137847642,9,1
batch1/case36/figure_4__panel_a/curve_4,19,244.92537313432837,381.6203143893591,8,1
batch1/case36/figure_4__panel_a/curve_4,20,248.8059701492537,388.5126964933495,7,1
batch1/case36/figure_4__panel_a/curve_4,21,268.0597014925373,437.84764207980646,6,1
batch1/case36/figure_4__panel_a/curve_4,22,288.2089552238806,484.64328899637246,5,1
batch1/case36/figure_4__panel_a/curve_4,23,306.56716417910445,505.6831922611848,4,1
batch1/case36/figure_4__panel_a/curve_4,24,324.9253731343283,543.0471584038693,3,1
batch1/case36/figure_4__panel_a/curve_4,25,343.1343283582089,559.3712212817411,2,1
batch1/case36/figure_4__panel_a/curve_4,26,357.6119402985075,578.2345828295042,1,1
batch1/case36/figure_4__panel_a/curve_4,27,376.86567164179104,608.7061668681984,0,1
batch1/case44/figure_5__panel_a/curve_5,0,3.827751196172249,5.770023241630502,32;33,2
batch1/case44/figure_5__panel_a/curve_5,1,4.306220095693781,9.23154268383137,31,1
batch1/case44/figure_5__panel_a/curve_5,2,4.545454545454546,10.385382497898323,30,1
batch1/case44/figure_5__panel_a/curve_5,3,5.023923444976077,12.693062126032236,29,1
batch1/case44/figure_5__panel_a/curve_5,4,5.502392344497608,15.000741754166148,28,1
batch1/case44/figure_5__panel_a/curve_5,5,5.741626794258374,16.154581568233105,27,1
batch1/case44/figure_5__panel_a/curve_5,6,6.937799043062202,18.462261196367013,26,1
batch1/case44/figure_5__panel_a/curve_5,7,8.373205741626794,20.769940824500928,25,1
batch1/case44/figure_5__panel_a/curve_5,8,9.569377990430622,21.923780638567884,24,1
batch1/case44/figure_5__panel_a/curve_5,9,11.483253588516748,24.23146026670179,23,1
batch1/case44/figure_5__panel_a/curve_5,10,12.440191387559809,25.385300080768747,22,1
batch1/case44/figure_5__panel_a/curve_5,11,14.5933014354067,27.69297970890266,21,1
batch1/case44/figure_5__panel_a/curve_5,12,16.74641148325359,30.00065933703657,20,1
batch1/case44/figure_5__panel_a/curve_5,13,17.942583732057418,31.15449915110353,19,1
batch1/case44/figure_5__panel_a/curve_5,14,20.09569377990431,33.46217877923744,18,1
batch1/case44/figure_5__panel_a/curve_5,15,22.2488038277512,35.769858407371345,17,1
batch1/case44/figure_5__panel_a/curve_5,16,23.444976076555022,36.9236982214383,16,1
batch1/case44/figure_5__panel_a/curve_5,17,25.59808612440192,39.23137784957222,15,1
batch1/case44/figure_5__panel_a/curve_5,18,27.751196172248807,41.53905747770613,14,1
batch1/case44/figure_5__panel_a/curve_5,19,28.947368421052637,42.692897291773086,13,1
batch1/case44/figure_5__panel_a/curve_5,20,31.33971291866029,45.000576919907,12,1
batch1/case44/figure_5__panel_a/curve_5,21,32.29665071770335,46.154416733973946,11,1
batch1/case44/figure_5__panel_a/curve_5,22,34.68899521531101,48.46209636210786,10,1
batch1/case44/figure_5__panel_a/curve_5,23,36.8421052631579,50.769775990241776,9,1
batch1/case44/figure_5__panel_a/curve_5,24,38.03827751196173,51.92361580430873,8,1
batch1/case44/figure_5__panel_a/curve_5,25,40.43062200956938,54.23129543244264,7,1
batch1/case44/figure_5__panel_a/curve_5,26,42.82296650717704,56.53897506057655,6,1
batch1/case44/figure_5__panel_a/curve_5,27,43.7799043062201,57.6928148746435,5,1
batch1/case44/figure_5__panel_a/curve_5,28,46.17224880382776,60.00049450277742,4,1
batch1/case44/figure_5__panel_a/curve_5,29,48.803827751196174,62.30817413091133,3,1
batch1/case44/figure_5__panel_a/curve_5,30,50.0,63.46201394497829,2,1
batch1/case44/figure_5__panel_a/curve_5,31,52.153110047846894,65.7696935731122,1,1
batch1/case44/figure_5__panel_a/curve_5,32,52.631578947368425,66.92353338717916,0,1
batch1/case51/figure_4__panel_a/curve_black,0,0.4113871976304079,8.707451701931925,33,1
batch1/case51/figure_4__panel_a/curve_black,1,0.6417640283034374,11.467341306347748,32,1
batch1/case51/figure_4__panel_a/curve_black,2,0.8721408589764669,14.227230910763572,31,1
batch1/case51/figure_4__panel_a/curve_black,3,1.1025176896494964,16.987120515179395,30,1
batch1/case51/figure_4__panel_a/curve_black,4,1.5632713509955554,19.747010119595217,29,1
batch1/case51/figure_4__panel_a/curve_black,5,1.7936481816685848,22.50689972401104,28,1
batch1/case51/figure_4__panel_a/curve_black,6,2.0240250123416144,25.266789328426864,27,1
batch1/case51/figure_4__panel_a/curve_black,7,2.484778673687673,28.02667893284269,26,1
batch1/case51/figure_4__panel_a/curve_black,8,2.9455323350337324,30.78656853725851,25,1
batch1/case51/figure_4__panel_a/curve_black,9,3.6366628270528207,33.546458141674336,24,1
batch1/case51/figure_4__panel_a/curve_black,10,4.327793319071909,36.30634774609016,23,1
batch1/case51/figure_4__panel_a/curve_black,11,5.249300641764027,39.06623735050598,22,1
batch1/case51/figure_4__panel_a/curve_black,12,6.631561625802203,41.82612695492181,21,1
batch1/case51/figure_4__panel_a/curve_black,13,8.47457627118644,44.58601655933763,20,1
batch1/case51/figure_4__panel_a/curve_black,14,10.547967747243703,47.34590616375345,19,1
batch1/case51/figure_4__panel_a/curve_black,15,13.08211288464703,50.10579576816927,18,1
batch1/case51/figure_4__panel_a/curve_black,16,16.077011683396414,52.8656853725851,17,1
batch1/case51/figure_4__panel_a/curve_black,17,19.0719104821458,55.62557497700092,16,1
batch1/case51/figure_4__panel_a/curve_black,18,22.06680928089518,58.38546458141675,15,1
batch1/case51/figure_4__panel_a/curve_black,19,24.831331248971534,61.14535418583257,14,1
batch1/case51/figure_4__panel_a/curve_black,20,27.82623004772092,63.90524379024839,13,1
batch1/case51/figure_4__panel_a/curve_black,21,30.821128846470295,66.66513339466422,12,1
batch1/case51/figure_4__panel_a/curve_black,22,33.816027645219684,69.42502299908004,11,1
batch1/case51/figure_4__panel_a/curve_black,23,36.810926443969066,72.18491260349586,10,1
batch1/case51/figure_4__panel_a/curve_black,24,39.80582524271845,74.94480220791168,9,1
batch1/case51/figure_4__panel_a/curve_black,25,42.80072404146783,77.7046918123275,8,1
batch1/case51/figure_4__panel_a/curve_black,26,45.79562284021721,80.46458141674333,7,1
batch1/case51/figure_4__panel_a/curve_black,27,48.7905216389666,83.22447102115915,6,1
batch1/case51/figure_4__panel_a/curve_black,28,51.78542043771599,85.98436062557498,5,1
batch1/case51/figure_4__panel_a/curve_black,29,54.78031923646537,88.7442502299908,4,1
batch1/case51/figure_4__panel_a/curve_black,30,57.77521803521475,91.50413983440664,3,1
batch1/case51/figure_4__panel_a/curve_black,31,60.77011683396413,94.26402943882243,2,1
batch1/case51/figure_4__panel_a/curve_black,32,63.76501563271352,97.02391904323828,1,1
batch1/case51/figure_4__panel_a/curve_black,33,66.0687839394438,99.7838086476541,0,1
batch1/case61/figure_3__panel_a/curve_black_ph03,0,17.10574061978373,23.00884955752212,19,1
batch1/case61/figure_3__panel_a/curve_black_ph03,1,22.28753900863633,26.54867256637168,18,1
batch1/case61/figure_3__panel_a/curve_black_ph03,2,25.6404673778939,29.646017699115045,17,1
batch1/case61/figure_3__panel_a/curve_black_ph03,3,29.603019087016477,32.30088495575222,16,1
batch1/case61/figure_3__panel_a/curve_black_ph03,4,31.736700776544016,34.51327433628319,15,1
batch1/case61/figure_3__panel_a/curve_black_ph03,5,35.6992524856666,37.61061946902655,14,1
batch1/case61/figure_3__panel_a/curve_black_ph03,6,41.1858625444517,42.0353982300885,13,1
batch1/case61/figure_3__panel_a/curve_black_ph03,7,46.0628492633718,44.24778761061947,12,1
batch1/case61/figure_3__panel_a/curve_black_ph03,8,46.36766093330431,46.017699115044245,11,1
batch1/case61/figure_3__panel_a/curve_black_ph03,9,51.549459322156906,49.115044247787615,10,1
batch1/case61/figure_3__panel_a/curve_black_ph03,10,57.03606938094202,53.09734513274336,9,1
batch1/case61/figure_3__panel_a/curve_black_ph03,11,59.16975107046956,55.75221238938053,8,1
batch1/case61/figure_3__panel_a/curve_black_ph03,12,64.35154945932216,59.29203539823009,7,1
batch1/case61/figure_3__panel_a/curve_black_ph03,13,69.53334784817476,62.389380530973455,6,1
batch1/case61/figure_3__panel_a/curve_black_ph03,14,74.71514623702735,66.8141592920354,5,1
batch1/case61/figure_3__panel_a/curve_black_ph03,15,79.59213295594745,69.46902654867257,4,1
batch1/case61/figure_3__panel_a/curve_black_ph03,16,84.77393134480005,73.00884955752213,3,1
batch1/case61/figure_3__panel_a/curve_black_ph03,17,86.29798969446259,75.66371681415929,2,1
batch1/case61/figure_3__panel_a/curve_black_ph03,18,91.4797880833152,79.20353982300884,1,1
batch1/case61/figure_3__panel_a/curve_black_ph03,19,96.05196313230276,82.30088495575222,0,1
batch1/case88/figure_3__panel_c/curve_7,0,2.759819766872362,1.9157088122604824,25,1
batch1/case88/figure_3__panel_c/curve_7,1,6.188167303359775,15.325670498084238,24,1
batch1/case88/figure_3__panel_c/curve_7,2,9.616514839847188,28.735632183907992,23,1
batch1/case88/figure_3__panel_c/curve_7,3,13.730531883632084,42.14559386973175,22,1
batch1/case88/figure_3__panel_c/curve_7,4,18.530218434714463,55.55555555555551,21,1
batch1/case88/figure_3__panel_c/curve_7,5,24.015574493094324,68.96551724137927,20,1
batch1/case88/figure_3__panel_c/curve_7,6,29.500930551474184,82.37547892720302,19,1
batch1/case88/figure_3__panel_c/curve_7,7,35.67195611715153,95.78544061302676,18,1
batch1/case88/figure_3__panel_c/curve_7,8,41.15731217553139,109.19540229885052,17,1
batch1/case88/figure_3__panel_c/curve_7,9,47.328337741208735,122.60536398467428,16,1
batch1/case88/figure_3__panel_c/curve_7,10,54.18503281418356,136.01532567049804,15,1
batch1/case88/figure_3__panel_c/curve_7,11,59.67038887256342,149.4252873563218,14,1
batch1/case88/figure_3__panel_c/curve_7,12,65.84141443824076,162.83524904214556,13,1
batch1/case88/figure_3__panel_c/curve_7,13,72.69810951121559,176.24521072796932,12,1
batch1/case88/figure_3__panel_c/curve_7,14,78.86913507689293,189.65517241379305,11,1
batch1/case88/figure_3__panel_c/curve_7,15,85.04016064257027,203.0651340996168,10,1
batch1/case88/figure_3__panel_c/curve_7,16,91.89685571554509,216.47509578544057,9,1
batch1/case88/figure_3__panel_c/curve_7,17,98.06788128122244,229.88505747126436,8,1
batch1/case88/figure_3__panel_c/curve_7,18,104.92457635419726,243.2950191570881,7,1
batch1/case88/figure_3__panel_c/curve_7,19,111.0956019198746,256.7049808429118,6,1
batch1/case88/figure_3__panel_c/curve_7,20,118.63796650014692,270.1149425287356,5,1
batch1/case88/figure_3__panel_c/curve_7,21,124.80899206582426,283.52490421455934,4,1
batch1/case88/figure_3__panel_c/curve_7,22,132.35135664609658,296.9348659003831,3,1
batch1/case88/figure_3__panel_c/curve_7,23,138.5223822117739,310.34482758620686,2,1
batch1/case88/figure_3__panel_c/curve_7,24,146.7504162993437,323.7547892720306,1,1
batch1/case88/figure_3__panel_c/curve_7,25,150.17876383583112,337.1647509578544,0,1
batch1/case98/figure_5__panel_a/curve_2,0,1.095720487905729,9.040074557315926,29,1
batch1/case98/figure_5__panel_a/curve_2,1,3.163117634897666,12.76794035414724,28,1
batch1/case98/figure_5__panel_a/curve_2,2,5.230514781889603,18.35973904939421,27,1
batch1/case98/figure_5__panel_a/curve_2,3,9.365309075873478,23.951537744641183,26,1
batch1/case98/figure_5__panel_a/curve_2,4,13.500103369857351,29.543336439888154,25,1
batch1/case98/figure_5__panel_a/curve_2,5,17.634897663841226,35.13513513513512,24,1
batch1/case98/figure_5__panel_a/curve_2,6,23.83708910481704,40.726933830382094,23,1
batch1/case98/figure_5__panel_a/curve_2,7,32.106677692784785,46.318732525629066,22,1
batch1/case98/figure_5__panel_a/curve_2,8,42.44366342774447,51.91053122087604,21,1
batch1/case98/figure_5__panel_a/curve_2,9,50.71325201571222,57.50232991612301,20,1
batch1/case98/figure_5__panel_a/curve_2,10,61.050237750671904,63.09412861136998,19,1
batch1/case98/figure_5__panel_a/curve_2,11,71.3872234856316,68.68592730661695,18,1
batch1/case98/figure_5__panel_a/curve_2,12,81.72420922059128,74.27772600186393,17,1
batch1/case98/figure_5__panel_a/curve_2,13,94.1285921025429,79.86952469711089,16,1
batch1/case98/figure_5__panel_a/curve_2,14,106.53297498449452,85.46132339235785,15,1
batch1/case98/figure_5__panel_a/curve_2,15,118.93735786644616,91.05312208760483,14,1
batch1/case98/figure_5__panel_a/curve_2,16,131.34174074839777,96.6449207828518,13,1
batch1/case98/figure_5__panel_a/curve_2,17,143.7461236303494,102.23671947809878,12,1
batch1/case98/figure_5__panel_a/curve_2,18,156.150506512301,107.82851817334576,11,1
batch1/case98/figure_5__panel_a/curve_2,19,168.55488939425263,113.42031686859272,10,1
batch1/case98/figure_5__panel_a/curve_2,20,180.95927227620425,119.01211556383969,9,1
batch1/case98/figure_5__panel_a/curve_2,21,193.36365515815584,124.60391425908666,8,1
batch1/case98/figure_5__panel_a/curve_2,22,205.7680380401075,130.19571295433363,7,1
batch1/case98/figure_5__panel_a/curve_2,23,218.17242092205916,135.7875116495806,6,1
batch1/case98/figure_5__panel_a/curve_2,24,232.6442009510027,141.37931034482756,5,1
batch1/case98/figure_5__panel_a/curve_2,25,245.0485838329543,146.97110904007454,4,1
batch1/case98/figure_5__panel_a/curve_2,26,257.4529667149059,152.56290773532152,3,1
batch1/case98/figure_5__panel_a/curve_2,27,269.85734959685755,158.15470643056847,2,1
batch1/case98/figure_5__panel_a/curve_2,28,284.3291296258011,163.74650512581545,1,1
batch1/case98/figure_5__panel_a/curve_2,29,296.7335125077527,169.33830382106242,0,1
batch2/case153/figure_4__a/curve_ptc,0,72.38095238095235,112.23792370924548,14,1
batch2/case153/figure_4__a/curve_ptc,1,103.030303030303,125.16856008127836,13,1
batch2/case153/figure_4__a/curve_ptc,2,133.67965367965363,144.56451463932768,12,1
batch2/case153/figure_4__a/curve_ptc,3,174.54545454545453,163.960469197377,11,1
batch2/case153/figure_4__a/curve_ptc,4,225.6277056277056,176.8911055694099,10,1
batch2/case153/figure_4__a/curve_ptc,5,276.7099567099567,196.28706012745923,9,1
batch2/case153/figure_4__a/curve_ptc,6,338.008658008658,209.2176964994921,8,1
batch2/case153/figure_4__a/curve_ptc,7,399.30735930735926,228.6136510575414,7,1
batch2/case153/figure_4__a/curve_ptc,8,470.8225108225108,241.5442874295743,6,1
batch2/case155/figure_5__a/curve_4,0,1.6326530612244954,4.363636363636392,24,1
batch2/case155/figure_5__a/curve_4,1,1.8367346938775568,6.787878787878816,23,1
batch2/case155/figure_5__a/curve_4,2,2.4489795918367405,11.636363636363663,22,1
batch2/case155/figure_5__a/curve_4,3,3.673469387755108,16.484848484848513,21,1
batch2/case155/figure_5__a/curve_4,4,5.306122448979597,21.33333333333336,20,1
batch2/case155/figure_5__a/curve_4,5,7.755102040816332,26.18181818181821,19,1
batch2/case155/figure_5__a/curve_4,6,11.02040816326531,31.030303030303056,18,1
batch2/case155/figure_5__a/curve_4,7,14.897959183673477,35.878787878787904,17,1
batch2/case155/figure_5__a/curve_4,8,19.18367346938776,40.72727272727276,16,1
batch2/case155/figure_5__a/curve_4,9,23.673469387755105,45.575757575757606,15,1
batch2/case155/figure_5__a/curve_4,10,28.571428571428577,50.42424242424246,14,1
batch2/case155/figure_5__a/curve_4,11,33.46938775510204,55.2727272727273,13,1
batch2/case155/figure_5__a/curve_4,12,38.16326530612245,60.12121212121215,12,1
batch2/case155/figure_5__a/curve_4,13,43.87755102040816,64.969696969697,11,1
batch2/case155/figure_5__a/curve_4,14,48.36734693877551,69.81818181818186,10,1
batch2/case155/figure_5__a/curve_4,15,51.632653061224495,74.6666666666667,9,1
batch2/case155/figure_5__a/curve_4,16,55.30612244897959,79.51515151515154,8,1
batch2/case155/figure_5__a/curve_4,17,59.18367346938775,84.36363636363639,7,1
batch2/case155/figure_5__a/curve_4,18,63.265306122448976,89.21212121212125,6,1
batch2/case155/figure_5__a/curve_4,19,67.14285714285714,94.06060606060608,5,1
batch2/case155/figure_5__a/curve_4,20,71.63265306122449,98.90909090909092,4,1
batch2/case155/figure_5__a/curve_4,21,74.6938775510204,103.75757575757578,3,1
batch2/case155/figure_5__a/curve_4,22,83.26530612244898,108.60606060606064,2,1
batch2/case155/figure_5__a/curve_4,23,88.48979591836735,113.45454545454548,1,1
batch2/case155/figure_5__a/curve_4,24,96.53061224489797,118.30303030303033,0,1
batch2/case187/figure_4__d/curve_5,0,3.4138411518810963,8.9370345294515,6,1
batch2/case187/figure_4__d/curve_5,1,10.826753367394334,20.31144211238989,5,1
batch2/case187/figure_4__d/curve_5,2,21.360891778913143,31.685849695328283,4,1
batch2/case187/figure_4__d/curve_5,3,33.58569437993498,43.06025727826667,3,1
batch2/case187/figure_4__d/curve_5,4,45.94054807245704,54.43466486120506,2,1
batch2/case187/figure_4__d/curve_5,5,59.33581049698096,65.80907244414345,1,1
batch2/case187/figure_4__d/curve_5,6,69.08964235949837,77.18348002708186,0,1
batch2/case187/figure_5__h/curve_4,0,2.0,2.2988505747126218,28,1
batch2/case187/figure_5__h/curve_4,1,2.5,8.045977011494232,27,1
batch2/case187/figure_5__h/curve_4,2,3.5,13.793103448275842,26,1
batch2/case187/figure_5__h/curve_4,3,5.0,19.54022988505745,25,1
batch2/case187/figure_5__h/curve_4,4,9.5,31.03448275862067,24,1
batch2/case187/figure_5__h/curve_4,5,12.0,36.78160919540228,23,1
batch2/case187/figure_5__h/curve_4,6,15.5,42.52873563218389,22,1
batch2/case187/figure_5__h/curve_4,7,18.5,48.275862068965495,21,1
batch2/case187/figure_5__h/curve_4,8,22.0,54.02298850574711,20,1
batch2/case187/figure_5__h/curve_4,9,25.5,59.77011494252872,19,1
batch2/case187/figure_5__h/curve_4,10,28.5,65.51724137931032,18,1
batch2/case187/figure_5__h/curve_4,11,32.0,71.26436781609193,17,1
batch2/case187/figure_5__h/curve_4,12,36.0,77.01149425287355,16,1
batch2/case187/figure_5__h/curve_4,13,39.5,82.75862068965516,15,1
batch2/case187/figure_5__h/curve_4,14,43.0,88.50574712643676,14,1
batch2/case187/figure_5__h/curve_4,15,47.0,94.25287356321836,13,1
batch2/case187/figure_5__h/curve_4,16,50.0,99.99999999999996,12,1
batch2/case187/figure_5__h/curve_4,17,54.0,105.7471264367816,11,1
batch2/case187/figure_5__h/curve_4,18,57.5,111.4942528735632,10,1
batch2/case187/figure_5__h/curve_4,19,61.0,117.2413793103448,9,1
batch2/case187/figure_5__h/curve_4,20,65.0,122.9885057471264,8,1
batch2/case187/figure_5__h/curve_4,21,68.5,128.73563218390802,7,1
batch2/case187/figure_5__h/curve_4,22,72.0,134.48275862068965,6,1
batch2/case187/figure_5__h/curve_4,23,76.0,140.22988505747125,5,1
batch2/case187/figure_5__h/curve_4,24,80.0,145.97701149425285,4,1
batch2/case187/figure_5__h/curve_4,25,83.5,151.72413793103445,3,1
batch2/case187/figure_5__h/curve_4,26,87.0,157.47126436781608,2,1
batch2/case187/figure_5__h/curve_4,27,91.0,163.21839080459768,1,1
batch2/case187/figure_5__h/curve_4,28,94.0,168.96551724137927,0,1
batch2/case197/figure_4__panel_a/curve_4,0,2.745098039215681,12.941176470588236,36,1
batch2/case197/figure_4__panel_a/curve_4,1,4.313725490196073,17.647058823529413,35,1
batch2/case197/figure_4__panel_a/curve_4,2,6.666666666666662,22.35294117647059,34,1
batch2/case197/figure_4__panel_a/curve_4,3,9.01960784313725,27.058823529411764,33,1
batch2/case197/figure_4__panel_a/curve_4,4,10.58823529411764,31.76470588235294,32,1
batch2/case197/figure_4__panel_a/curve_4,5,12.156862745098037,36.47058823529412,31,1
batch2/case197/figure_4__panel_a/curve_4,6,14.509803921568622,41.1764705882353,30,1
batch2/case197/figure_4__panel_a/curve_4,7,15.29411764705882,45.88235294117647,29,1
batch2/case197/figure_4__panel_a/curve_4,8,19.2156862745098,50.58823529411765,28,1
batch2/case197/figure_4__panel_a/curve_4,9,20.392156862745093,55.294117647058826,27,1
batch2/case197/figure_4__panel_a/curve_4,10,23.921568627450977,60.0,26,1
batch2/case197/figure_4__panel_a/curve_4,11,25.490196078431367,64.70588235294119,25,1
batch2/case197/figure_4__panel_a/curve_4,12,29.803921568627448,69.41176470588235,24,1
batch2/case197/figure_4__panel_a/curve_4,13,31.37254901960784,74.11764705882352,23,1
batch2/case197/figure_4__panel_a/curve_4,14,34.509803921568626,78.82352941176471,22,1
batch2/case197/figure_4__panel_a/curve_4,15,36.86274509803921,83.52941176470588,21,1
batch2/case197/figure_4__panel_a/curve_4,16,38.8235294117647,88.23529411764706,20,1
batch2/case197/figure_4__panel_a/curve_4,17,41.96078431372549,92.94117647058825,19,1
batch2/case197/figure_4__panel_a/curve_4,18,44.31372549019608,97.6470588235294,18,1
batch2/case197/figure_4__panel_a/curve_4,19,45.88235294117647,102.3529411764706,17,1
batch2/case197/figure_4__panel_a/curve_4,20,49.80392156862745,107.05882352941175,16,1
batch2/case197/figure_4__panel_a/curve_4,21,51.372549019607845,111.76470588235294,15,1
batch2/case197/figure_4__panel_a/curve_4,22,54.50980392156863,116.47058823529412,14,1
batch2/case197/figure_4__panel_a/curve_4,23,56.86274509803922,121.17647058823528,13,1
batch2/case197/figure_4__panel_a/curve_4,24,60.7843137254902,125.88235294117648,12,1
batch2/case197/figure_4__panel_a/curve_4,25,63.13725490196079,130.58823529411765,11,1
batch2/case197/figure_4__panel_a/curve_4,26,64.70588235294117,135.2941176470588,10,1
batch2/case197/figure_4__panel_a/curve_4,27,69.01960784313727,140.0,9,1
batch2/case197/figure_4__panel_a/curve_4,28,70.98039215686275,144.7058823529412,8,1
batch2/case197/figure_4__panel_a/curve_4,29,74.50980392156863,149.41176470588235,7,1
batch2/case197/figure_4__panel_a/curve_4,30,78.03921568627452,154.11764705882354,6,1
batch2/case197/figure_4__panel_a/curve_4,31,80.3921568627451,158.8235294117647,5,1
batch2/case197/figure_4__panel_a/curve_4,32,84.31372549019608,163.52941176470588,4,1
batch2/case197/figure_4__panel_a/curve_4,33,87.05882352941177,168.23529411764707,3,1
batch2/case197/figure_4__panel_a/curve_4,34,89.80392156862746,172.94117647058823,2,1
batch2/case197/figure_4__panel_a/curve_4,35,94.11764705882354,177.64705882352942,1,1
batch2/case197/figure_4__panel_a/curve_4,36,97.64705882352942,182.35294117647055,0,1
batch2/case199/figure_5__panel_a/curve_5,0,0.4790801660811246,0.2821942322252063,13,1
batch2/case199/figure_5__panel_a/curve_5,1,0.7473650590865542,7.509119691651182,12,1
batch2/case199/figure_5__panel_a/curve_5,2,1.37336314276589,14.736045151077157,11,1
batch2/case199/figure_5__panel_a/curve_5,3,3.251357393803897,21.96297061050313,10,1
batch2/case199/figure_5__panel_a/curve_5,4,6.828489300542958,29.18989606992911,9,1
batch2/case199/figure_5__panel_a/curve_5,5,11.478760779303736,36.41682152935508,8,1
batch2/case199/figure_5__panel_a/curve_5,6,15.860747365059089,43.64374698878106,7,1
batch2/case199/figure_5__panel_a/curve_5,7,20.95816033216225,50.87067244820703,6,1
batch2/case199/figure_5__panel_a/curve_5,8,25.876716703928462,58.09759790763301,5,1
batch2/case199/figure_5__panel_a/curve_5,9,30.884701373363143,65.32452336705899,4,1
batch2/case199/figure_5__panel_a/curve_5,10,35.53497285212393,72.55144882648496,3,1
batch2/case199/figure_5__panel_a/curve_5,11,40.54295752155861,79.77837428591093,2,1
batch2/case199/figure_5__panel_a/curve_5,12,45.46151389332482,87.00529974533691,1,1
batch2/case199/figure_5__panel_a/curve_5,13,49.48578728840626,94.23222520476288,0,1
batch2/case20/figure_1__panel_d/curve_7,0,6.009389671361495,17.77301927194851,19,1
batch2/case20/figure_1__panel_d/curve_7,1,9.765258215962431,23.5546038543896,18,1
batch2/case20/figure_1__panel_d/curve_7,2,13.521126760563371,26.12419700214118,17,1
batch2/case20/figure_1__panel_d/curve_7,3,17.276995305164313,30.62098501070654,16,1
batch2/case20/figure_1__panel_d/curve_7,4,21.032863849765253,32.5481798715202,15,1
batch2/case20/figure_1__panel_d/curve_7,5,24.78873239436619,34.475374732333975,14,1
batch2/case20/figure_1__panel_d/curve_7,6,28.54460093896713,36.83083511777287,13,1
batch2/case20/figure_1__panel_d/curve_7,7,32.300469483568065,38.75802997858665,12,1
batch2/case20/figure_1__panel_d/curve_7,8,36.05633802816901,39.82869379014982,11,1
batch2/case20/figure_1__panel_d/curve_7,9,39.812206572769945,41.11349036402555,10,1
batch2/case20/figure_1__panel_d/curve_7,10,43.56807511737089,42.61241970021408,9,1
batch2/case20/figure_1__panel_d/curve_7,11,47.32394366197183,44.111349036402494,8,1
batch2/case20/figure_1__panel_d/curve_7,12,51.07981220657276,45.18201284796567,7,1
batch2/case20/figure_1__panel_d/curve_7,13,54.835680751173705,45.610278372590905,6,1
batch2/case20/figure_1__panel_d/curve_7,14,58.59154929577464,46.68094218415408,5,1
batch2/case20/figure_1__panel_d/curve_7,15,62.347417840375584,47.53747323340456,4,1
batch2/case20/figure_1__panel_d/curve_7,16,66.10328638497653,47.96573875802993,3,1
batch2/case20/figure_1__panel_d/curve_7,17,69.85915492957746,49.46466809421835,2,1
batch2/case20/figure_1__panel_d/curve_7,18,73.6150234741784,49.89293361884359,1,1
batch2/case20/figure_1__panel_d/curve_7,19,77.37089201877934,50.96359743040676,0,1
batch2/case20/figure_3__panel_e/curve_ptc,0,4.553534801039251,18.161298723847523,24,1
batch2/case20/figure_3__panel_e/curve_ptc,1,6.850813619581573,21.28657001475821,23,1
batch2/case20/figure_3__panel_e/curve_ptc,2,9.88650348694107,24.585467488497216,22,1
batch2/case20/figure_3__panel_e/curve_ptc,3,14.111855599617128,27.88436496223631,21,1
batch2/case20/figure_3__panel_e/curve_ptc,4,18.460276220429375,31.877767167288752,20,1
batch2/case20/figure_3__panel_e/curve_ptc,5,22.849719677287027,34.308533726886004,19,1
batch2/case20/figure_3__panel_e/curve_ptc,6,27.075071789963083,37.43380501779669,18,1
batch2/case20/figure_3__panel_e/curve_ptc,7,30.68508136195816,39.86457157739384,17,1
batch2/case20/figure_3__panel_e/curve_ptc,8,34.705319294407225,40.73270249153569,16,1
batch2/case20/figure_3__panel_e/curve_ptc,9,40.40749350471764,42.29533813699099,15,1
batch2/case20/figure_3__panel_e/curve_ptc,10,45.576370846437854,44.72610469658824,14,1
batch2/case20/figure_3__panel_e/curve_ptc,11,50.70422535211268,45.59423561073009,13,1
batch2/case20/figure_3__panel_e/curve_ptc,12,54.724463284561736,46.46236652487194,12,1
batch2/case20/figure_3__panel_e/curve_ptc,13,60.42663749487215,48.025002170327234,11,1
batch2/case20/figure_3__panel_e/curve_ptc,14,65.22630931218379,48.89313308446909,10,1
batch2/case20/figure_3__panel_e/curve_ptc,15,69.98495829345002,50.45576872992448,9,1
batch2/case20/figure_3__panel_e/curve_ptc,16,76.466566388623,54.44917093497693,8,1
batch2/case20/figure_3__panel_e/curve_ptc,17,81.02010118966226,56.01180658043232,7,1
batch2/case20/figure_3__panel_e/curve_ptc,18,86.64022972788186,58.095320774372745,2,1
batch2/case20/figure_3__panel_e/curve_ptc,19,91.97319841378368,58.095320774372745,3,1
batch2/case20/figure_3__panel_e/curve_ptc,20,96.89593873923153,58.095320774372745,4,1
batch2/case20/figure_3__panel_e/curve_ptc,21,101.81867906467932,58.095320774372745,5,1
batch2/case20/figure_3__panel_e/curve_ptc,22,107.56187611103516,58.095320774372745,6,1
batch2/case20/figure_3__panel_e/curve_ptc,23,112.89484479693697,59.83158260265645,0,1
batch2/case20/figure_3__panel_e/curve_ptc,24,118.63804184329275,59.83158260265645,1,1
batch2/case202/figure_5__panel_a/curve_5,0,0.9509658246656768,6.271379703534803,28,1
batch2/case202/figure_5__panel_a/curve_5,1,1.2481426448737003,9.4640820980616,27,1
batch2/case202/figure_5__panel_a/curve_5,2,2.139673105497772,15.849486887115187,26,1
batch2/case202/figure_5__panel_a/curve_5,3,2.7340267459138192,22.234891676168782,25,1
batch2/case202/figure_5__panel_a/curve_5,4,4.517087667161962,28.62029646522237,24,1
batch2/case202/figure_5__panel_a/curve_5,5,5.705794947994057,35.00570125427597,23,1
batch2/case202/figure_5__panel_a/curve_5,6,7.191679049034176,41.39110604332956,22,1
batch2/case202/figure_5__panel_a/curve_5,7,8.083209509658246,47.77651083238315,21,1
batch2/case202/figure_5__panel_a/curve_5,8,10.460624071322435,54.16191562143674,20,1
batch2/case202/figure_5__panel_a/curve_5,9,11.946508172362556,60.54732041049033,19,1
batch2/case202/figure_5__panel_a/curve_5,10,14.026745913818722,66.93272519954392,18,1
batch2/case202/figure_5__panel_a/curve_5,11,15.809806835066864,73.31812998859752,17,1
batch2/case202/figure_5__panel_a/curve_5,12,18.48439821693908,79.7035347776511,16,1
batch2/case202/figure_5__panel_a/curve_5,13,20.86181277860327,86.0889395667047,15,1
batch2/case202/figure_5__panel_a/curve_5,14,23.53640416047548,92.47434435575828,14,1
batch2/case202/figure_5__panel_a/curve_5,15,25.616641901931647,98.85974914481189,13,1
batch2/case202/figure_5__panel_a/curve_5,16,28.88558692421991,105.24515393386548,12,1
batch2/case202/figure_5__panel_a/curve_5,17,30.96582466567608,111.63055872291906,11,1
batch2/case202/figure_5__panel_a/curve_5,18,34.82912332838038,118.01596351197266,10,1
batch2/case202/figure_5__panel_a/curve_5,19,37.80089153046063,124.40136830102624,9,1
batch2/case202/figure_5__panel_a/curve_5,20,41.06983655274888,130.78677309007983,8,1
batch2/case202/figure_5__panel_a/curve_5,21,44.63595839524516,137.17217787913344,7,1
batch2/case202/figure_5__panel_a/curve_5,22,48.79643387815749,143.55758266818702,6,1
batch2/case202/figure_5__panel_a/curve_5,23,52.06537890044576,149.9429874572406,5,1
batch2/case202/figure_5__panel_a/curve_5,24,57.41456166419019,156.3283922462942,4,1
batch2/case202/figure_5__panel_a/curve_5,25,61.2778603268945,162.7137970353478,3,1
batch2/case202/figure_5__panel_a/curve_5,26,65.73551263001485,169.09920182440138,2,1
batch2/case202/figure_5__panel_a/curve_5,27,69.89598811292718,175.48460661345496,1,1
batch2/case202/figure_5__panel_a/curve_5,28,73.7592867756315,181.87001140250857,0,1
batch2/case212/figure_3__panel_a/curve_2,0,21.60159074475772,38.455957045421485,48,1
batch2/case212/figure_3__panel_a/curve_2,1,31.091829356471383,46.07459004498614,47,1
batch2/case212/figure_3__panel_a/curve_2,2,42.48011569052779,53.693223044550784,46,1
batch2/case212/figure_3__panel_a/curve_2,3,51.970354302241454,61.31185604411544,45,1
batch2/case212/figure_3__panel_a/curve_2,4,63.35864063629786,68.93048904368008,44,1
batch2/case212/figure_3__panel_a/curve_2,5,72.84887924801151,76.54912204324474,43,1
batch2/case212/figure_3__panel_a/curve_2,6,84.23716558206792,84.16775504280939,42,1
batch2/case212/figure_3__panel_a/curve_2,7,95.62545191612432,91.78638804237404,41,1
batch2/case212/figure_3__panel_a/curve_2,8,108.91178597252346,100.9287476418516,40,1
batch2/case212/figure_3__panel_a/curve_2,9,116.5039768618944,107.02365404150332,39,1
batch2/case212/figure_3__panel_a/curve_2,10,125.99421547360804,114.642287041068,38,1
batch2/case212/figure_3__panel_a/curve_2,11,135.48445408532172,122.26092004063264,37,1
batch2/case212/figure_3__panel_a/curve_2,12,146.87274041937812,129.8795530401973,36,1
batch2/case212/figure_3__panel_a/curve_2,13,156.36297903109178,137.49818603976195,35,1
batch2/case212/figure_3__panel_a/curve_2,14,167.7512653651482,145.11681903932657,34,1
batch2/case212/figure_3__panel_a/curve_2,15,177.24150397686185,154.25917863880417,33,1
batch2/case212/figure_3__panel_a/curve_2,16,188.62979031091825,160.35408503845588,32,1
batch2/case212/figure_3__panel_a/curve_2,17,198.12002892263192,167.97271803802056,31,1
batch2/case212/figure_3__panel_a/curve_2,18,209.50831525668832,175.59135103758518,30,1
batch2/case212/figure_3__panel_a/curve_2,19,218.998553868402,183.20998403714984,29,1
batch2/case212/figure_3__panel_a/curve_2,20,228.48879248011565,190.8286170367145,28,1
batch2/case212/figure_3__panel_a/curve_2,21,239.87707881417205,198.44725003627917,27,1
batch2/case212/figure_3__panel_a/curve_2,22,249.3673174258857,206.0658830358438,26,1
batch2/case212/figure_3__panel_a/curve_2,23,260.7556037599421,213.68451603540845,25,1
batch2/case212/figure_3__panel_a/curve_2,24,274.04193781634126,221.30314903497307,24,1
batch2/case212/figure_3__panel_a/curve_2,25,283.5321764280549,228.92178203453776,23,1
batch2/case212/figure_3__panel_a/curve_2,26,291.1243673174259,236.5404150341024,22,1
batch2/case212/figure_3__panel_a/curve_2,27,306.30874909616773,244.15904803366703,21,1
batch2/case212/figure_3__panel_a/curve_2,28,315.7989877078814,251.7776810332317,20,1
batch2/case212/figure_3__panel_a/curve_2,29,327.18727404193777,260.9200406327093,19,1
batch2/case212/figure_3__panel_a/curve_2,30,336.67751265365143,267.014947032361,18,1
batch2/case212/figure_3__panel_a/curve_2,31,348.06579898770786,274.63358003192565,17,1
batch2/case212/figure_3__panel_a/curve_2,32,357.5560375994216,282.25221303149027,16,1
batch2/case212/figure_3__panel_a/curve_2,33,367.0462762111352,289.8708460310549,15,1
batch2/case212/figure_3__panel_a/curve_2,34,378.4345625451916,297.48947903061963,14,1
batch2/case212/figure_3__panel_a/curve_2,35,387.9248011569053,305.10811203018426,13,1
batch2/case212/figure_3__panel_a/curve_2,36,397.41503976861895,312.7267450297489,12,1
batch2/case212/figure_3__panel_a/curve_2,37,408.8033261026753,321.86910462922646,11,1
batch2/case212/figure_3__panel_a/curve_2,38,418.293564714389,327.9640110288782,10,1
batch2/case212/figure_3__panel_a/curve_2,39,427.78380332610266,335.58264402844287,9,1
batch2/case212/figure_3__panel_a/curve_2,40,437.2740419378163,343.2012770280075,8,1
batch2/case212/figure_3__panel_a/curve_2,41,446.76428054953,350.8199100275721,7,1
batch2/case212/figure_3__panel_a/curve_2,42,454.35647143890094,358.4385430271368,6,1
batch2/case212/figure_3__panel_a/curve_2,43,461.94866232827184,367.5809026266144,5,1
batch2/case212/figure_3__panel_a/curve_2,44,469.5408532176428,373.6758090262661,4,1
batch2/case212/figure_3__panel_a/curve_2,45,475.234996384671,381.29444202583073,3,1
batch2/case212/figure_3__panel_a/curve_2,46,480.9291395516992,388.9130750253954,2,1
batch2/case212/figure_3__panel_a/curve_2,47,484.72523499638464,396.5317080249601,1,1
batch2/case212/figure_3__panel_a/curve_2,48,494.2154736080983,407.19779422435056,0,1
batch2/case212/figure_3__panel_g/curve_3,0,22.0466847090663,39.33675338951992,20,1
batch2/case212/figure_3__panel_g/curve_3,1,26.593369418132607,43.9171857823378,19,1
batch2/case212/figure_3__panel_g/curve_3,2,32.27672530446549,48.49761817515569,18,1
batch2/case212/figure_3__panel_g/curve_3,3,37.96008119079837,53.07805056797356,17,1
batch2/case212/figure_3__panel_g/curve_3,4,44.21177266576454,57.65848296079145,16,1
batch2/case212/figure_3__panel_g/curve_3,5,50.46346414073072,62.238915353609336,15,1
batch2/case212/figure_3__panel_g/curve_3,6,56.71515561569689,66.81934774642721,14,1
batch2/case212/figure_3__panel_g/curve_3,7,62.96684709066305,71.3997801392451,13,1
batch2/case212/figure_3__panel_g/curve_3,8,69.21853856562923,75.98021253206298,12,1
batch2/case212/figure_3__panel_g/curve_3,9,75.4702300405954,80.56064492488086,11,1
batch2/case212/figure_3__panel_g/curve_3,10,82.29025710419485,85.14107731769874,10,1
batch2/case212/figure_3__panel_g/curve_3,11,88.54194857916103,89.72150971051663,9,1
batch2/case212/figure_3__panel_g/curve_3,12,94.7936400541272,94.30194210333453,8,1
batch2/case212/figure_3__panel_g/curve_3,13,101.61366711772664,98.8823744961524,7,1
batch2/case212/figure_3__panel_g/curve_3,14,107.86535859269284,103.46280688897028,6,1
batch2/case212/figure_3__panel_g/curve_3,15,115.25372124492556,108.04323928178816,5,1
batch2/case212/figure_3__panel_g/curve_3,16,120.93707713125843,112.62367167460604,4,1
batch2/case212/figure_3__panel_g/curve_3,17,126.05209742895804,117.20410406742393,3,1
batch2/case212/figure_3__panel_g/curve_3,18,131.73545331529093,121.7845364602418,2,1
batch2/case212/figure_3__panel_g/curve_3,19,139.69215155615697,126.36496885305968,1,1
batch2/case212/figure_3__panel_g/curve_3,20,149.35385656292286,130.94540124587755,0,1
batch2/case212/figure_3__panel_g/curve_4,0,15.226657645466842,48.49761817515569,24,1
batch2/case212/figure_3__panel_g/curve_4,1,20.341677943166435,57.65848296079145,23,1
batch2/case212/figure_3__panel_g/curve_4,2,24.32002706359945,66.81934774642721,22,1
batch2/case212/figure_3__panel_g/curve_4,3,30.003382949932337,75.98021253206298,21,1
batch2/case212/figure_3__panel_g/curve_4,4,35.68673883626522,85.14107731769874,20,1
batch2/case212/figure_3__panel_g/curve_4,5,41.3700947225981,94.30194210333453,19,1
batch2/case212/figure_3__panel_g/curve_4,6,46.4851150202977,103.46280688897028,18,1
batch2/case212/figure_3__panel_g/curve_4,7,53.30514208389715,112.62367167460604,17,1
batch2/case212/figure_3__panel_g/curve_4,8,58.98849797023004,121.7845364602418,16,1
batch2/case212/figure_3__panel_g/curve_4,9,64.10351826792963,130.94540124587755,15,1
batch2/case212/figure_3__panel_g/curve_4,10,69.21853856562923,140.10626603151331,14,1
batch2/case212/figure_3__panel_g/curve_4,11,74.90189445196211,149.2671308171491,13,1
batch2/case212/figure_3__panel_g/curve_4,12,81.72192151556156,158.42799560278488,12,1
batch2/case212/figure_3__panel_g/curve_4,13,85.70027063599458,167.58886038842064,11,1
batch2/case212/figure_3__panel_g/curve_4,14,92.52029769959404,176.7497251740564,10,1
batch2/case212/figure_3__panel_g/curve_4,15,98.20365358592692,185.91058995969212,9,1
batch2/case212/figure_3__panel_g/curve_4,16,104.4553450608931,195.0714547453279,8,1
batch2/case212/figure_3__panel_g/curve_4,17,108.43369418132612,204.23231953096368,7,1
batch2/case212/figure_3__panel_g/curve_4,18,115.25372124492556,213.39318431659945,6,1
batch2/case212/figure_3__panel_g/curve_4,19,120.93707713125843,222.5540491022352,5,1
batch2/case212/figure_3__panel_g/curve_4,20,127.18876860622464,231.714913887871,4,1
batch2/case212/figure_3__panel_g/curve_4,21,131.16711772665764,240.87577867350677,3,1
batch2/case212/figure_3__panel_g/curve_4,22,137.9871447902571,250.0366434591425,2,1
batch2/case212/figure_3__panel_g/curve_4,23,143.67050067659,259.19750824477825,1,1
batch2/case212/figure_3__panel_g/curve_4,24,150.49052774018944,277.51923781604984,0,1
batch2/case218/figure_4__panel_c/curve_6,0,3.6296715741789343,7.340045469308421,14,1
batch2/case218/figure_4__panel_c/curve_6,1,3.884484711211777,11.345675002706711,13,1
batch2/case218/figure_4__panel_c/curve_6,2,5.328425821064552,19.356934069503293,12,1
batch2/case218/figure_4__panel_c/curve_6,3,6.857304643261607,27.36819313629987,11,1
batch2/case218/figure_4__panel_c/curve_6,4,8.725934314835786,35.37945220309645,10,1
batch2/case218/figure_4__panel_c/curve_6,5,10.594563986409964,43.39071126989303,9,1
batch2/case218/figure_4__panel_c/curve_6,6,12.718006795016986,51.40197033668961,8,1
batch2/case218/figure_4__panel_c/curve_6,7,14.926387315968288,59.41322940348618,7,1
batch2/case218/figure_4__panel_c/curve_6,8,17.13476783691959,67.42448847028277,6,1
batch2/case218/figure_4__panel_c/curve_6,9,19.34314835787089,75.43574753707934,5,1
batch2/case218/figure_4__panel_c/curve_6,10,21.80634201585504,83.44700660387592,4,1
batch2/case218/figure_4__panel_c/curve_6,11,24.269535673839187,91.4582656706725,3,1
batch2/case218/figure_4__panel_c/curve_6,12,26.392978482446207,99.46952473746909,2,1
batch2/case218/figure_4__panel_c/curve_6,13,27.58210645526614,107.48078380426568,1,1
batch2/case218/figure_4__panel_c/curve_6,14,28.941109852774638,115.49204287106224,0,1
batch2/case231/figure_4__panel_a/curve_4,0,2.3893090777266988,7.535475452617851,20,1
batch2/case231/figure_4__panel_a/curve_4,1,2.821856410763428,10.7975860381667,19,1
batch2/case231/figure_4__panel_a/curve_4,2,3.4101207836933813,14.059696623715553,18,1
batch2/case231/figure_4__panel_a/curve_4,3,4.015687049944803,17.321807209264403,17,1
batch2/case231/figure_4__panel_a/curve_4,4,5.0538006492329535,20.58391779481325,16,1
batch2/case231/figure_4__panel_a/curve_4,5,6.853197554665746,23.8460283803621,15,1
batch2/case231/figure_4__panel_a/curve_4,6,10.469293258852806,27.108138965910957,14,1
batch2/case231/figure_4__panel_a/curve_4,7,11.991859871142092,30.3702495514598,13,1
batch2/case231/figure_4__panel_a/curve_4,8,15.054294989042136,33.63236013700865,12,1
batch2/case231/figure_4__panel_a/curve_4,9,18.25514525351393,36.8944707225575,11,1
batch2/case231/figure_4__panel_a/curve_4,10,21.300278478092512,40.15658130810635,10,1
batch2/case231/figure_4__panel_a/curve_4,11,24.310807916028143,43.4186918936552,9,1
batch2/case231/figure_4__panel_a/curve_4,12,27.286733567320848,46.68080247920405,8,1
batch2/case231/figure_4__panel_a/curve_4,13,30.05503649875592,49.9429130647529,7,1
batch2/case231/figure_4__panel_a/curve_4,14,33.10016972333449,53.20502365030176,6,1
batch2/case231/figure_4__panel_a/curve_4,15,35.92037833473397,56.4671342358506,5,1
batch2/case231/figure_4__panel_a/curve_4,16,38.72328505281197,59.72924482139945,4,1
batch2/case231/figure_4__panel_a/curve_4,17,41.97604099724818,62.99135540694831,3,1
batch2/case231/figure_4__panel_a/curve_4,18,44.83085339529059,66.25346599249715,2,1
batch2/case231/figure_4__panel_a/curve_4,19,47.56455254008274,69.515576578046,1,1
batch2/case231/figure_4__panel_a/curve_4,20,49.17362861897936,72.77768716359485,0,1
batch2/case258/figure_3__panel_a/20pct_pt_c,0,24.429530201342267,40.69855732725886,25,1
batch2/case258/figure_3__panel_a/20pct_pt_c,1,33.82550335570468,49.81017463933176,24,1
batch2/case258/figure_3__panel_a/20pct_pt_c,2,44.56375838926173,58.92179195140465,23,1
batch2/case258/figure_3__panel_a/20pct_pt_c,3,57.98657718120804,68.03340926347755,22,1
batch2/case258/figure_3__panel_a/20pct_pt_c,4,70.06711409395972,77.14502657555043,21,1
batch2/case258/figure_3__panel_a/20pct_pt_c,5,83.48993288590603,86.25664388762333,20,1
batch2/case258/figure_3__panel_a/20pct_pt_c,6,98.25503355704696,95.36826119969622,19,1
batch2/case258/figure_3__panel_a/20pct_pt_c,7,111.67785234899328,104.47987851176912,18,1
batch2/case258/figure_3__panel_a/20pct_pt_c,8,126.4429530201342,113.591495823842,17,1
batch2/case258/figure_3__panel_a/20pct_pt_c,9,139.8657718120805,122.7031131359149,16,1
batch2/case258/figure_3__panel_a/20pct_pt_c,10,154.63087248322145,131.8147304479878,15,1
batch2/case258/figure_3__panel_a/20pct_pt_c,11,169.3959731543624,140.92634776006068,14,1
batch2/case258/figure_3__panel_a/20pct_pt_c,12,184.1610738255033,150.0379650721336,13,1
batch2/case258/figure_3__panel_a/20pct_pt_c,13,198.92617449664428,159.1495823842065,12,1
batch2/case258/figure_3__panel_a/20pct_pt_c,14,216.37583892617448,168.2611996962794,11,1
batch2/case258/figure_3__panel_a/20pct_pt_c,15,229.7986577181208,177.37281700835229,10,1
batch2/case258/figure_3__panel_a/20pct_pt_c,16,247.24832214765095,186.48443432042515,9,1
batch2/case258/figure_3__panel_a/20pct_pt_c,17,262.0134228187919,195.59605163249807,8,1
batch2/case258/figure_3__panel_a/20pct_pt_c,18,279.4630872483221,204.70766894457097,7,1
batch2/case258/figure_3__panel_a/20pct_pt_c,19,295.5704697986577,213.81928625664384,6,1
batch2/case258/figure_3__panel_a/20pct_pt_c,20,310.33557046979865,222.9309035687168,5,1
batch2/case258/figure_3__panel_a/20pct_pt_c,21,322.4161073825503,232.0425208807896,4,1
batch2/case258/figure_3__panel_a/20pct_pt_c,22,342.55033557046977,241.15413819286252,3,1
batch2/case258/figure_3__panel_a/20pct_pt_c,23,366.71140939597313,250.26575550493547,2,1
batch2/case258/figure_3__panel_a/20pct_pt_c,24,384.16107382550337,259.37737281700834,1,1
batch2/case258/figure_3__panel_a/20pct_pt_c,25,397.5838926174496,268.48899012908123,0,1
batch2/case30/figure_5__panel_a/curve_5,0,0.7016864310827702,31.503579952267405,37;38,2
batch2/case30/figure_5__panel_a/curve_5,1,0.7895834574816737,33.890214797136146,36,1
batch2/case30/figure_5__panel_a/curve_5,2,0.9653775102794808,35.4813046937153,35,1
batch2/case30/figure_5__panel_a/curve_5,3,1.0532745366783842,37.07239459029445,34,1
batch2/case30/figure_5__panel_a/curve_5,4,1.2290685894761912,38.66348448687361,33,1
batch2/case30/figure_5__panel_a/curve_5,5,1.3169656158750949,41.05011933174234,31;32,2
batch2/case30/figure_5__panel_a/curve_5,6,2.547523985459744,48.21002386634854,30,1
batch2/case30/figure_5__panel_a/curve_5,7,2.7233180382575517,49.801113762927706,29,1
batch2/case30/figure_5__panel_a/curve_5,8,2.899112091055358,51.39220365950686,28,1
batch2/case30/figure_5__panel_a/curve_5,9,4.041773434241104,52.98329355608602,27,1
batch2/case30/figure_5__panel_a/curve_5,10,4.217567487038911,55.36992840095475,25;26,2
batch2/case30/figure_5__panel_a/curve_5,11,5.623919909421367,57.75656324582349,24,1
batch2/case30/figure_5__panel_a/curve_5,12,5.799713962219174,59.34765314240265,23,1
batch2/case30/figure_5__panel_a/curve_5,13,7.20606638460163,60.9387430389818,22,1
batch2/case30/figure_5__panel_a/curve_5,14,7.293963411000534,62.52983293556096,21,1
batch2/case30/figure_5__panel_a/curve_5,15,8.788212859781893,64.12092283214012,20,1
batch2/case30/figure_5__panel_a/curve_5,16,8.876109886180798,65.71201272871926,19,1
batch2/case30/figure_5__panel_a/curve_5,17,10.45825636136106,68.098647573588,17;18,2
batch2/case30/figure_5__panel_a/curve_5,18,12.040402836541324,70.48528241845673,16,1
batch2/case30/figure_5__panel_a/curve_5,19,12.128299862940228,72.0763723150359,15,1
batch2/case30/figure_5__panel_a/curve_5,20,13.622549311721588,74.46300715990463,12;14,2
batch2/case30/figure_5__panel_a/curve_5,21,15.292592813300754,75.25855210819421,13,1
batch2/case30/figure_5__panel_a/curve_5,22,16.786842262082114,76.84964200477336,11,1
batch2/case30/figure_5__panel_a/curve_5,23,16.874739288481017,78.44073190135252,9,1
batch2/case30/figure_5__panel_a/curve_5,24,18.368988737262377,78.44073190135252,10,1
batch2/case30/figure_5__panel_a/curve_5,25,18.45688576366128,80.03182179793168,7,1
batch2/case30/figure_5__panel_a/curve_5,26,19.95113521244264,80.82736674622126,5;8,2
batch2/case30/figure_5__panel_a/curve_5,27,21.533281687622903,81.62291169451083,6,1
batch2/case30/figure_5__panel_a/curve_5,28,21.62117871402181,83.21400159109,3,1
batch2/case30/figure_5__panel_a/curve_5,29,23.203325189202072,83.21400159109,4,1
batch2/case30/figure_5__panel_a/curve_5,30,23.467016268398783,84.80509148766915,1,1
batch2/case30/figure_5__panel_a/curve_5,31,24.609677611584527,84.80509148766915,2,1
batch2/case30/figure_5__panel_a/curve_5,32,24.697574637983436,86.39618138424831,0,1
batch2/case46/figure_4__panel_a/curve_5,0,1.2790697674418603,4.347826086956522,19,1
batch2/case46/figure_4__panel_a/curve_5,1,4.069767441860465,14.492753623188408,18,1
batch2/case46/figure_4__panel_a/curve_5,2,5.116279069767442,17.39130434782609,17,1
batch2/case46/figure_4__panel_a/curve_5,3,6.627906976744186,20.28985507246377,16,1
batch2/case46/figure_4__panel_a/curve_5,4,8.023255813953488,23.188405797101453,15,1
batch2/case46/figure_4__panel_a/curve_5,5,9.418604651162791,26.086956521739136,14,1
batch2/case46/figure_4__panel_a/curve_5,6,10.930232558139537,28.985507246376816,13,1
batch2/case46/figure_4__panel_a/curve_5,7,12.790697674418606,31.8840579710145,12,1
batch2/case46/figure_4__panel_a/curve_5,8,14.30232558139535,34.78260869565218,11,1
batch2/case46/figure_4__panel_a/curve_5,9,15.58139534883721,37.681159420289866,10,1
batch2/case46/figure_4__panel_a/curve_5,10,17.093023255813954,40.57971014492754,9,1
batch2/case46/figure_4__panel_a/curve_5,11,18.6046511627907,43.478260869565226,8,1
batch2/case46/figure_4__panel_a/curve_5,12,19.88372093023256,46.376811594202906,7,1
batch2/case46/figure_4__panel_a/curve_5,13,21.27906976744186,49.27536231884059,6,1
batch2/case46/figure_4__panel_a/curve_5,14,22.906976744186046,52.17391304347827,5,1
batch2/case46/figure_4__panel_a/curve_5,15,24.41860465116279,55.072463768115945,4,1
batch2/case46/figure_4__panel_a/curve_5,16,25.813953488372093,59.42028985507248,3,1
batch2/case46/figure_4__panel_a/curve_5,17,26.976744186046517,62.31884057971016,2,1
batch2/case46/figure_4__panel_a/curve_5,18,28.25581395348837,65.21739130434784,1,1
batch2/case46/figure_4__panel_a/curve_5,19,29.30232558139535,66.66666666666669,0,1
batch2/case51/figure_8__panel_C/curve_5,0,2.1883950355362267,6.202849958088833,17,1
batch2/case51/figure_8__panel_C/curve_5,1,3.7403203564230414,12.908633696563266,16,1
batch2/case51/figure_8__panel_C/curve_5,2,6.279834517874193,19.6144174350377,15,1
batch2/case51/figure_8__panel_C/curve_5,3,9.80693751988968,26.32020117351213,14,1
batch2/case51/figure_8__panel_C/curve_5,4,13.898377002227646,33.02598491198657,13,1
batch2/case51/figure_8__panel_C/curve_5,5,18.41306884480747,39.73176865046101,12,1
batch2/case51/figure_8__panel_C/curve_5,6,23.492097167709773,46.43755238893544,11,1
batch2/case51/figure_8__panel_C/curve_5,7,28.571125490612072,53.143336127409874,10,1
batch2/case51/figure_8__panel_C/curve_5,8,33.93232205367561,59.84911986588431,9,1
batch2/case51/figure_8__panel_C/curve_5,9,39.85785509706163,66.55490360435874,8,1
batch2/case51/figure_8__panel_C/curve_5,10,44.936883419963934,73.26068734283317,7,1
batch2/case51/figure_8__panel_C/curve_5,11,50.58024822318872,79.96647108130762,6,1
batch2/case51/figure_8__panel_C/curve_5,12,55.941444786252255,86.67225481978204,5,1
batch2/case51/figure_8__panel_C/curve_5,13,61.16155722923518,93.37803855825648,4,1
batch2/case51/figure_8__panel_C/curve_5,14,66.66383791237934,100.0838222967309,3,1
batch2/case51/figure_8__panel_C/curve_5,15,72.02503447544288,106.78960603520537,2,1
batch2/case51/figure_8__panel_C/curve_5,16,76.3986421979421,113.49538977367978,1,1
batch2/case51/figure_8__panel_C/curve_5,17,79.07924047947387,120.2011735121542,0,1
batch2/case71/figure_3__panel_d/curve_2,0,7.80669144981414,18.518518518518523,24,1
batch2/case71/figure_3__panel_d/curve_2,1,9.04584882280051,20.37037037037037,23,1
batch2/case71/figure_3__panel_d/curve_2,2,10.28500619578688,24.07407407407408,22,1
batch2/case71/figure_3__panel_d/curve_2,3,14.002478314745986,27.777777777777786,21,1
batch2/case71/figure_3__panel_d/curve_2,4,17.719950433705094,31.481481481481485,20,1
batch2/case71/figure_3__panel_d/curve_2,5,23.91573729863694,35.1851851851852,19,1
batch2/case71/figure_3__panel_d/curve_2,6,30.111524163568784,38.8888888888889,18,1
batch2/case71/figure_3__panel_d/curve_2,7,40.024783147459736,42.5925925925926,17,1
batch2/case71/figure_3__panel_d/curve_2,8,49.93804213135069,46.29629629629631,16,1
batch2/case71/figure_3__panel_d/curve_2,9,62.32961586121439,50.00000000000001,15,1
batch2/case71/figure_3__panel_d/curve_2,10,77.19950433705081,53.70370370370371,14,1
batch2/case71/figure_3__panel_d/curve_2,11,90.83023543990087,57.40740740740742,13,1
batch2/case71/figure_3__panel_d/curve_2,12,108.17843866171005,61.11111111111112,12,1
batch2/case71/figure_3__panel_d/curve_2,13,124.28748451053283,64.81481481481482,11,1
batch2/case71/figure_3__panel_d/curve_2,14,144.11400247831477,68.51851851851853,10,1
batch2/case71/figure_3__panel_d/curve_2,15,162.7013630731103,72.22222222222224,9,1
batch2/case71/figure_3__panel_d/curve_2,16,183.76703841387857,75.92592592592594,8,1
batch2/case71/figure_3__panel_d/curve_2,17,204.83271375464685,79.62962962962965,7,1
batch2/case71/figure_3__panel_d/curve_2,18,227.1375464684015,83.33333333333336,6,1
batch2/case71/figure_3__panel_d/curve_2,19,246.9640644361834,87.03703703703705,5,1
batch2/case71/figure_3__panel_d/curve_2,20,270.5080545229244,90.74074074074076,4,1
batch2/case71/figure_3__panel_d/curve_2,21,297.7695167286245,94.44444444444449,3,1
batch2/case71/figure_3__panel_d/curve_2,22,322.5526641883519,98.14814814814817,2,1
batch2/case71/figure_3__panel_d/curve_2,23,342.3791821561338,101.85185185185188,1,1
batch2/case71/figure_3__panel_d/curve_2,24,349.81412639405204,105.5555555555556,0,1
batch3/case303/figure_5__panel_a/curve_5,0,26.117072674566447,41.08697357070034,16,1
batch3/case303/figure_5__panel_a/curve_5,1,27.663123633219755,45.4787859775704,15,1
batch3/case303/figure_5__panel_a/curve_5,2,30.75522555052637,52.06650458787546,14,1
batch3/case303/figure_5__panel_a/curve_5,3,36.55291664547627,58.65422319818054,13,1
batch3/case303/figure_5__panel_a/curve_5,4,42.35060774042618,65.2419418084856,12,1
batch3/case303/figure_5__panel_a/curve_5,5,47.37527335604943,71.82966041879068,11,1
batch3/case303/figure_5__panel_a/curve_5,6,52.01342623200936,78.41737902909577,10,1
batch3/case303/figure_5__panel_a/curve_5,7,57.81111732695926,85.00509763940084,9,1
batch3/case303/figure_5__panel_a/curve_5,8,62.83578294258251,91.5928162497059,8,1
batch3/case303/figure_5__panel_a/curve_5,9,67.86044855820576,98.18053486001098,7,1
batch3/case303/figure_5__panel_a/curve_5,10,73.27162691349234,104.76825347031604,6,1
batch3/case303/figure_5__panel_a/curve_5,11,78.68280526877892,111.35597208062111,5,1
batch3/case303/figure_5__panel_a/curve_5,12,84.86700910339215,117.9436906909262,4,1
batch3/case303/figure_5__panel_a/curve_5,13,89.11864923968875,124.53140930123128,3,1
batch3/case303/figure_5__panel_a/curve_5,14,92.21075115699536,131.11912791153634,2,1
batch3/case303/figure_5__panel_a/curve_5,15,94.91634033463863,137.7068465218414,1,1
batch3/case303/figure_5__panel_a/curve_5,16,97.62192951228194,144.2945651321465,0,1
batch3/case330/figure_4__panel_a/curve_5,0,0.2269503546099323,7.042375075515734,33,1
batch3/case330/figure_4__panel_a/curve_5,1,1.645390070921989,17.398809010097594,32,1
batch3/case330/figure_4__panel_a/curve_5,2,3.3475177304964574,27.75524294467945,31,1
batch3/case330/figure_4__panel_a/curve_5,3,5.049645390070926,34.65953223440069,30,1
batch3/case330/figure_4__panel_a/curve_5,4,6.751773049645394,39.83774920169162,29,1
batch3/case330/figure_4__panel_a/curve_5,5,8.453900709219862,45.01596616898255,28,1
batch3/case330/figure_4__panel_a/curve_5,6,10.15602836879433,48.46811081384317,27,1
batch3/case330/figure_4__panel_a/curve_5,7,11.858156028368798,55.37240010356441,26,1
batch3/case330/figure_4__panel_a/curve_5,8,13.560283687943263,58.82454474842503,25,1
batch3/case330/figure_4__panel_a/curve_5,9,15.262411347517734,60.55061707085534,24,1
batch3/case330/figure_4__panel_a/curve_5,10,16.964539007092203,64.00276171571595,23,1
batch3/case330/figure_4__panel_a/curve_5,11,18.66666666666667,65.72883403814626,22,1
batch3/case330/figure_4__panel_a/curve_5,12,20.36879432624114,69.18097868300688,21,1
batch3/case330/figure_4__panel_a/curve_5,13,22.070921985815605,72.63312332786751,20,1
batch3/case330/figure_4__panel_a/curve_5,14,25.475177304964543,76.08526797272812,19,1
batch3/case330/figure_4__panel_a/curve_5,15,27.17730496453901,79.53741261758874,18,1
batch3/case330/figure_4__panel_a/curve_5,16,30.581560283687946,82.98955726244935,17,1
batch3/case330/figure_4__panel_a/curve_5,17,32.283687943262414,86.44170190730999,16,1
batch3/case330/figure_4__panel_a/curve_5,18,35.68794326241135,89.8938465521706,15,1
batch3/case330/figure_4__panel_a/curve_5,19,37.39007092198582,93.34599119703122,14,1
batch3/case330/figure_4__panel_a/curve_5,20,39.09219858156029,95.07206351946152,13,1
batch3/case330/figure_4__panel_a/curve_5,21,40.79432624113476,96.79813584189183,12,1
batch3/case330/figure_4__panel_a/curve_5,22,44.19858156028369,100.25028048675246,11,1
batch3/case330/figure_4__panel_a/curve_5,23,47.60283687943263,103.70242513161308,10,1
batch3/case330/figure_4__panel_a/curve_5,24,51.00709219858157,107.15456977647368,9,1
batch3/case330/figure_4__panel_a/curve_5,25,52.70921985815603,108.880642098904,8,1
batch3/case330/figure_4__panel_a/curve_5,26,54.4113475177305,110.60671442133432,7,1
batch3/case330/figure_4__panel_a/curve_5,27,57.81560283687944,114.05885906619494,6,1
batch3/case330/figure_4__panel_a/curve_5,28,61.21985815602837,117.51100371105557,5,1
batch3/case330/figure_4__panel_a/curve_5,29,64.62411347517731,120.96314835591618,4,1
batch3/case330/figure_4__panel_a/curve_5,30,68.02836879432624,124.41529300077678,3,1
batch3/case330/figure_4__panel_a/curve_5,31,73.13475177304964,127.8674376456374,2,1
batch3/case330/figure_4__panel_a/curve_5,32,76.53900709219859,131.31958229049803,1,1
batch3/case330/figure_4__panel_a/curve_5,33,79.65957446808511,134.77172693535866,0,1
batch3/case332/figure_4__panel_a/curve_11,0,0.9033477819791582,1.827411167512644,29,1
batch3/case332/figure_4__panel_a/curve_11,1,2.0469427280273,6.39593908629437,28,1
batch3/case332/figure_4__panel_a/curve_11,2,4.21977312551877,10.050761421319717,27,1
batch3/case332/figure_4__panel_a/curve_11,3,6.135294660149405,14.51776649746188,26,1
batch3/case332/figure_4__panel_a/curve_11,4,9.709028866549849,17.766497461928875,25,1
batch3/case332/figure_4__panel_a/curve_11,5,13.68302130406714,20.91370558375625,24,1
batch3/case332/figure_4__panel_a/curve_11,6,16.74213778474592,23.55329949238572,23,1
batch3/case332/figure_4__panel_a/curve_11,7,20.172922622890347,25.583756345177594,22,1
batch3/case332/figure_4__panel_a/curve_11,8,23.60370746103477,27.614213197969477,21,1
batch3/case332/figure_4__panel_a/curve_11,9,27.034492299179195,29.644670050761352,20,1
batch3/case332/figure_4__panel_a/curve_11,10,30.46527713732362,31.67512690355323,19,1
batch3/case332/figure_4__panel_a/curve_11,11,33.896061975468044,33.705583756345106,18,1
batch3/case332/figure_4__panel_a/curve_11,12,37.32684681361247,35.736040609136985,17,1
batch3/case332/figure_4__panel_a/curve_11,13,40.757631651756896,37.766497461928864,16,1
batch3/case332/figure_4__panel_a/curve_11,14,44.18841648990132,39.79695431472074,15,1
batch3/case332/figure_4__panel_a/curve_11,15,47.61920132804575,41.82741116751262,14,1
batch3/case332/figure_4__panel_a/curve_11,16,51.04998616619017,43.8578680203045,13,1
batch3/case332/figure_4__panel_a/curve_11,17,54.4807710043346,45.88832487309637,12,1
batch3/case332/figure_4__panel_a/curve_11,18,57.91155584247903,47.91878172588825,11,1
batch3/case332/figure_4__panel_a/curve_11,19,61.34234068062344,49.94923857868013,10,1
batch3/case332/figure_4__panel_a/curve_11,20,64.77312551876787,51.97969543147201,9,1
batch3/case332/figure_4__panel_a/curve_11,21,68.2039103569123,54.01015228426389,8,1
batch3/case332/figure_4__panel_a/curve_11,22,71.63469519505672,56.04060913705577,7,1
batch3/case332/figure_4__panel_a/curve_11,23,75.06548003320115,58.07106598984765,6,1
batch3/case332/figure_4__panel_a/curve_11,24,78.49626487134557,60.101522842639525,5,1
batch3/case332/figure_4__panel_a/curve_11,25,81.92704970948999,62.13197969543141,4,1
batch3/case332/figure_4__panel_a/curve_11,26,85.35783454763443,64.16243654822327,3,1
batch3/case332/figure_4__panel_a/curve_11,27,88.78861938577884,66.19289340101516,2,1
batch3/case332/figure_4__panel_a/curve_11,28,92.21940422392328,68.22335025380703,1,1
batch3/case332/figure_4__panel_a/curve_11,29,95.6501890620677,70.25380710659891,0,1
batch3/case347/figure_3__panel_a/curve_4,0,16.81286549707602,48.49039341262571,37,1
batch3/case347/figure_3__panel_a/curve_4,1,33.09409888357257,61.29917657822498,36,1
batch3/case347/figure_3__panel_a/curve_4,2,47.04944178628389,74.10795974382425,35,1
batch3/case347/figure_3__panel_a/curve_4,3,63.33067517278044,86.91674290942352,34,1
batch3/case347/figure_3__panel_a/curve_4,4,79.61190855927698,99.72552607502278,33,1
batch3/case347/figure_3__panel_a/curve_4,5,95.89314194577352,112.53430924062206,32,1
batch3/case347/figure_3__panel_a/curve_4,6,119.15204678362574,125.34309240622132,31,1
batch3/case347/figure_3__panel_a/curve_4,7,144.73684210526315,138.1518755718206,30,1
batch3/case347/figure_3__panel_a/curve_4,8,170.3216374269006,150.96065873741986,29,1
batch3/case347/figure_3__panel_a/curve_4,9,179.62519936204149,173.3760292772186,28,1
batch3/case347/figure_3__panel_a/curve_4,10,212.18766613503456,186.18481244281787,27,1
batch3/case347/figure_3__panel_a/curve_4,11,247.07602339181287,198.99359560841717,26,1
batch3/case347/figure_3__panel_a/curve_4,12,268.0090377458799,211.80237877401643,25,1
batch3/case347/figure_3__panel_a/curve_4,13,293.59383306751727,224.61116193961567,24,1
batch3/case347/figure_3__panel_a/curve_4,14,316.8527379053695,237.4199451052149,23,1
batch3/case347/figure_3__panel_a/curve_4,15,344.7634237107921,250.2287282708142,22,1
batch3/case347/figure_3__panel_a/curve_4,16,370.3482190324296,263.0375114364135,21,1
batch3/case347/figure_3__panel_a/curve_4,17,400.58479532163744,275.8462946020128,20,1
batch3/case347/figure_3__panel_a/curve_4,18,428.4954811270601,288.655077767612,19,1
batch3/case347/figure_3__panel_a/curve_4,19,449.4284954811271,301.4638609332113,18,1
batch3/case347/figure_3__panel_a/curve_4,20,475.0132908027645,314.2726440988106,17,1
batch3/case347/figure_3__panel_a/curve_4,21,498.2721956406167,327.08142726440985,16,1
batch3/case377/figure_4__d/curve_lightblue,0,3.014397120575882,2.5142857142856365,27,1
batch3/case377/figure_4__d/curve_lightblue,1,4.8890221955608855,5.942857142857065,26,1
batch3/case377/figure_4__d/curve_lightblue,2,6.7636472705458885,9.371428571428494,25,1
batch3/case377/figure_4__d/curve_lightblue,3,9.388122375524892,12.799999999999924,24,1
batch3/case377/figure_4__d/curve_lightblue,4,11.637672465506895,16.22857142857135,23,1
batch3/case377/figure_4__d/curve_lightblue,5,14.6370725854829,19.65714285714278,22,1
batch3/case377/figure_4__d/curve_lightblue,6,17.636472705458907,23.08571428571421,21,1
batch3/case377/figure_4__d/curve_lightblue,7,20.635872825434912,26.51428571428564,20,1
batch3/case377/figure_4__d/curve_lightblue,8,23.63527294541092,29.942857142857065,19,1
batch3/case377/figure_4__d/curve_lightblue,9,27.009598080383924,33.371428571428496,18,1
batch3/case377/figure_4__d/curve_lightblue,10,30.383923215356926,36.799999999999926,17,1
batch3/case377/figure_4__d/curve_lightblue,11,34.508098380323936,40.22857142857135,16,1
batch3/case377/figure_4__d/curve_lightblue,12,37.88242351529694,43.65714285714277,15,1
batch3/case377/figure_4__d/curve_lightblue,13,42.00659868026395,47.08571428571421,14,1
batch3/case377/figure_4__d/curve_lightblue,14,45.75584883023395,50.514285714285634,13,1
batch3/case377/figure_4__d/curve_lightblue,15,49.88002399520096,53.942857142857065,12,1
batch3/case377/figure_4__d/curve_lightblue,16,53.62927414517097,57.371428571428496,11,1
batch3/case377/figure_4__d/curve_lightblue,17,57.75344931013797,60.799999999999926,10,1
batch3/case377/figure_4__d/curve_lightblue,18,61.87762447510498,64.22857142857136,9,1
batch3/case377/figure_4__d/curve_lightblue,19,66.37672465506898,67.65714285714277,8,1
batch3/case377/figure_4__d/curve_lightblue,20,70.125974805039,71.0857142857142,7,1
batch3/case377/figure_4__d/curve_lightblue,21,74.625074985003,74.51428571428563,6,1
batch3/case377/figure_4__d/curve_lightblue,22,78.74925014997001,77.94285714285706,5,1
batch3/case377/figure_4__d/curve_lightblue,23,82.87342531493701,81.3714285714285,4,1
batch3/case377/figure_4__d/curve_lightblue,24,87.37252549490103,84.79999999999991,3,1
batch3/case377/figure_4__d/curve_lightblue,25,91.87162567486504,88.22857142857136,2,1
batch3/case377/figure_4__d/curve_lightblue,26,95.99580083983204,91.6571428571428,1,1
batch3/case377/figure_4__d/curve_lightblue,27,99.37012597480503,95.0857142857142,0,1
batch3/case379/figure_3__panel_b/curve_4,0,1.2398865188609929,6.140350877193132,16,1
batch3/case379/figure_3__panel_b/curve_4,1,3.3413890932016463,14.912280701754538,15,1
batch3/case379/figure_3__panel_b/curve_4,2,6.493642954712627,23.684210526315944,14,1
batch3/case379/figure_3__panel_b/curve_4,3,9.645896816223608,32.45614035087735,13,1
batch3/case379/figure_3__panel_b/curve_4,4,14.89965325207524,41.22807017543875,12,1
batch3/case379/figure_3__panel_b/curve_4,5,21.204160975097203,50.00000000000016,11,1
batch3/case379/figure_3__panel_b/curve_4,6,29.610171272459816,58.77192982456156,10,1
batch3/case379/figure_3__panel_b/curve_4,7,39.06693285699276,67.54385964912296,9,1
batch3/case379/figure_3__panel_b/curve_4,8,49.57444572869603,76.31578947368436,8,1
batch3/case379/figure_3__panel_b/curve_4,9,62.183461174739946,85.08771929824577,7,1
batch3/case379/figure_3__panel_b/curve_4,10,75.8432279079542,93.85964912280718,6,1
batch3/case379/figure_3__panel_b/curve_4,11,90.55374592833876,102.63157894736858,5,1
batch3/case379/figure_3__panel_b/curve_4,12,106.31501523589368,111.40350877193,4,1
batch3/case379/figure_3__panel_b/curve_4,13,121.02553325627824,120.1754385964914,3,1
batch3/case379/figure_3__panel_b/curve_4,14,138.8883051381738,128.9473684210528,2,1
batch3/case379/figure_3__panel_b/curve_4,15,155.70032573289902,137.71929824561423,1,1
batch3/case379/figure_3__panel_b/curve_4,16,178.8168540506462,146.49122807017562,0,1
batch3/case400/figure_3__panel_a/curve_blue,0,4.5386904761904825,22.55434782608696,28,1
batch3/case400/figure_3__panel_a/curve_blue,1,6.212797619047625,25.815217391304348,27,1
batch3/case400/figure_3__panel_a/curve_blue,2,8.072916666666673,30.43478260869565,25;26,2
batch3/case400/figure_3__panel_a/curve_blue,3,11.049107142857148,33.96739130434782,24,1
batch3/case400/figure_3__panel_a/curve_blue,4,11.607142857142865,36.684782608695656,23,1
batch3/case400/figure_3__panel_a/curve_blue,5,16.25744047619048,42.119565217391305,22,1
batch3/case400/figure_3__panel_a/curve_blue,6,20.349702380952387,44.29347826086956,21,1
batch3/case400/figure_3__panel_a/curve_blue,7,25.18601190476191,48.641304347826086,20,1
batch3/case400/figure_3__panel_a/curve_blue,8,26.488095238095244,51.90217391304348,19,1
batch3/case400/figure_3__panel_a/curve_blue,9,30.39434523809524,53.53260869565218,18,1
batch3/case400/figure_3__panel_a/curve_blue,10,32.06845238095239,56.79347826086956,17,1
batch3/case400/figure_3__panel_a/curve_blue,11,37.46279761904762,61.68478260869565,16,1
batch3/case400/figure_3__panel_a/curve_blue,12,42.67113095238096,64.94565217391305,15,1
batch3/case400/figure_3__panel_a/curve_blue,13,46.01934523809524,68.20652173913042,14,1
batch3/case400/figure_3__panel_a/curve_blue,14,48.80952380952381,71.46739130434783,13,1
batch3/case400/figure_3__panel_a/curve_blue,15,54.017857142857146,74.18478260869566,12,1
batch3/case400/figure_3__panel_a/curve_blue,16,54.94791666666667,76.90217391304348,11,1
batch3/case400/figure_3__panel_a/curve_blue,17,59.59821428571429,79.07608695652173,10,1
batch3/case400/figure_3__panel_a/curve_blue,18,65.73660714285714,83.96739130434783,9,1
batch3/case400/figure_3__panel_a/curve_blue,19,66.48065476190476,86.68478260869566,8,1
batch3/case400/figure_3__panel_a/curve_blue,20,71.31696428571429,88.8586956521739,7,1
batch3/case400/figure_3__panel_a/curve_blue,21,77.08333333333333,93.75,6,1
batch3/case400/figure_3__panel_a/curve_blue,22,78.38541666666667,97.0108695652174,5,1
batch3/case400/figure_3__panel_a/curve_blue,23,82.84970238095238,98.6413043478261,4,1
batch3/case400/figure_3__panel_a/curve_blue,24,84.15178571428572,101.90217391304348,3,1
batch3/case400/figure_3__panel_a/curve_blue,25,89.54613095238095,105.70652173913044,2,1
batch3/case400/figure_3__panel_a/curve_blue,26,96.24255952380952,108.96739130434784,1,1
batch3/case400/figure_3__panel_a/curve_blue,27,97.54464285714286,111.68478260869564,0,1
batch3/case400/figure_5__panel_a/curve_5,0,1.351351351351351,2.621305075292767,42,1
batch3/case400/figure_5__panel_a/curve_5,1,1.6891891891891893,7.083100948131585,41,1
batch3/case400/figure_5__panel_a/curve_5,2,2.364864864864865,11.544896820970402,40,1
batch3/case400/figure_5__panel_a/curve_5,3,2.702702702702702,16.00669269380922,39,1
batch3/case400/figure_5__panel_a/curve_5,4,3.3783783783783785,20.46848856664804,38,1
batch3/case400/figure_5__panel_a/curve_5,5,4.391891891891892,24.372559955382005,37,1
batch3/case400/figure_5__panel_a/curve_5,6,6.081081081081082,28.27663134411597,36,1
batch3/case400/figure_5__panel_a/curve_5,7,7.77027027027027,31.622978248745085,35,1
batch3/case400/figure_5__panel_a/curve_5,8,9.797297297297298,34.9693251533742,34,1
batch3/case400/figure_5__panel_a/curve_5,9,11.824324324324325,37.757947573898456,33,1
batch3/case400/figure_5__panel_a/curve_5,10,13.85135135135135,40.54656999442272,32,1
batch3/case400/figure_5__panel_a/curve_5,11,16.216216216216218,43.33519241494698,31,1
batch3/case400/figure_5__panel_a/curve_5,12,18.58108108108108,46.12381483547124,30,1
batch3/case400/figure_5__panel_a/curve_5,13,20.945945945945947,48.9124372559955,29,1
batch3/case400/figure_5__panel_a/curve_5,14,23.64864864864865,51.70105967651976,28,1
batch3/case400/figure_5__panel_a/curve_5,15,26.35135135135135,54.489682097044025,27,1
batch3/case400/figure_5__panel_a/curve_5,16,29.054054054054056,57.27830451756828,26,1
batch3/case400/figure_5__panel_a/curve_5,17,31.75675675675676,60.06692693809254,25,1
batch3/case400/figure_5__panel_a/curve_5,18,34.45945945945946,62.8555493586168,24,1
batch3/case400/figure_5__panel_a/curve_5,19,37.16216216216216,65.64417177914108,23,1
batch3/case400/figure_5__panel_a/curve_5,20,39.86486486486486,68.43279419966534,22,1
batch3/case400/figure_5__panel_a/curve_5,21,42.567567567567565,71.22141662018959,21,1
batch3/case400/figure_5__panel_a/curve_5,22,45.270270270270274,74.01003904071385,20,1
batch3/case400/figure_5__panel_a/curve_5,23,47.972972972972975,76.79866146123811,19,1
batch3/case400/figure_5__panel_a/curve_5,24,50.67567567567568,79.58728388176236,18,1
batch3/case400/figure_5__panel_a/curve_5,25,53.37837837837838,82.37590630228664,17,1
batch3/case400/figure_5__panel_a/curve_5,26,56.08108108108108,85.1645287228109,16,1
batch3/case400/figure_5__panel_a/curve_5,27,58.78378378378378,87.95315114333516,15,1
batch3/case400/figure_5__panel_a/curve_5,28,61.48648648648648,90.7417735638594,14,1
batch3/case400/figure_5__panel_a/curve_5,29,64.1891891891892,93.53039598438367,13,1
batch3/case400/figure_5__panel_a/curve_5,30,66.89189189189189,96.31901840490794,12,1
batch3/case400/figure_5__panel_a/curve_5,31,69.5945945945946,99.10764082543218,11,1
batch3/case400/figure_5__panel_a/curve_5,32,72.29729729729729,101.89626324595646,10,1
batch3/case400/figure_5__panel_a/curve_5,33,75.0,104.68488566648072,9,1
batch3/case400/figure_5__panel_a/curve_5,34,77.70270270270271,107.473508087005,8,1
batch3/case400/figure_5__panel_a/curve_5,35,80.4054054054054,110.26213050752924,7,1
batch3/case400/figure_5__panel_a/curve_5,36,83.10810810810811,113.0507529280535,6,1
batch3/case400/figure_5__panel_a/curve_5,37,85.8108108108108,115.83937534857776,5,1
batch3/case400/figure_5__panel_a/curve_5,38,88.51351351351352,118.62799776910204,4,1
batch3/case400/figure_5__panel_a/curve_5,39,91.2162162162162,121.41662018962629,3,1
batch3/case400/figure_5__panel_a/curve_5,40,93.91891891891892,124.20524261015056,2,1
batch3/case400/figure_5__panel_a/curve_5,41,96.62162162162164,126.9938650306748,1,1
batch3/case400/figure_5__panel_a/curve_5,42,99.32432432432432,129.78248745119907,0,1
batch3/case400/figure_5__panel_a/curve_6,0,11.14864864864865,39.988845510317866,21,1
batch3/case400/figure_5__panel_a/curve_6,1,11.824324324324325,41.10429447852757,20,1
batch3/case400/figure_5__panel_a/curve_6,2,15.202702702702704,46.12381483547124,19,1
batch3/case400/figure_5__panel_a/curve_6,3,18.58108108108108,52.25878416062461,18,1
batch3/case400/figure_5__panel_a/curve_6,4,21.95945945945946,56.72058003346344,17,1
batch3/case400/figure_5__panel_a/curve_6,5,27.027027027027028,63.97099832682651,16,1
batch3/case400/figure_5__panel_a/curve_6,6,32.0945945945946,70.66369213608473,15,1
batch3/case400/figure_5__panel_a/curve_6,7,35.472972972972975,74.5677635248187,14,1
batch3/case400/figure_5__panel_a/curve_6,8,38.85135135135136,80.14500836586723,13,1
batch3/case400/figure_5__panel_a/curve_6,9,42.22972972972973,85.72225320691575,12,1
batch3/case400/figure_5__panel_a/curve_6,10,45.608108108108105,90.18404907975456,11,1
batch3/case400/figure_5__panel_a/curve_6,11,50.67567567567568,97.43446737311764,10,1
batch3/case400/figure_5__panel_a/curve_6,12,55.74324324324324,104.12716118237589,9,1
batch3/case400/figure_5__panel_a/curve_6,13,59.12162162162162,108.58895705521468,8,1
batch3/case400/figure_5__panel_a/curve_6,14,62.5,113.60847741215836,7,1
batch3/case400/figure_5__panel_a/curve_6,15,65.87837837837839,119.74344673731171,6,1
batch3/case400/figure_5__panel_a/curve_6,16,72.63513513513513,126.9938650306748,5,1
batch3/case400/figure_5__panel_a/curve_6,17,79.39189189189189,139.26380368098157,4,1
batch3/case400/figure_5__panel_a/curve_6,18,86.14864864864865,147.07194645844947,3,1
batch3/case400/figure_5__panel_a/curve_6,19,92.9054054054054,158.22643614054655,2,1
batch3/case400/figure_5__panel_a/curve_6,20,96.2837837837838,165.4768544339096,1,1
batch3/case400/figure_5__panel_a/curve_6,21,99.66216216216216,168.26547685443387,0,1
batch3/case407/figure_4__panel_a/curve_5,0,16.22807017543867,47.65957446808516,20,1
batch3/case407/figure_4__panel_a/curve_5,1,40.35087719298253,71.97568389057757,19,1
batch3/case407/figure_4__panel_a/curve_5,2,68.85964912280708,96.29179331306996,18,1
batch3/case407/figure_4__panel_a/curve_5,3,97.36842105263165,120.60790273556236,17,1
batch3/case407/figure_4__panel_a/curve_5,4,128.07017543859655,144.92401215805475,16,1
batch3/case407/figure_4__panel_a/curve_5,5,160.9649122807018,169.24012158054717,15,1
batch3/case407/figure_4__panel_a/curve_5,6,196.05263157894743,193.5562310030396,14,1
batch3/case407/figure_4__panel_a/curve_5,7,228.9473684210527,217.872340425532,13,1
batch3/case407/figure_4__panel_a/curve_5,8,261.842105263158,242.1884498480244,12,1
batch3/case407/figure_4__panel_a/curve_5,9,294.73684210526324,266.5045592705167,11,1
batch3/case407/figure_4__panel_a/curve_5,10,327.6315789473685,290.8206686930092,10,1
batch3/case407/figure_4__panel_a/curve_5,11,360.52631578947376,315.1367781155016,9,1
batch3/case407/figure_4__panel_a/curve_5,12,393.421052631579,339.45288753799394,8,1
batch3/case407/figure_4__panel_a/curve_5,13,426.3157894736843,363.7689969604864,7,1
batch3/case407/figure_4__panel_a/curve_5,14,459.2105263157896,388.0851063829788,6,1
batch3/case407/figure_4__panel_a/curve_5,15,492.1052631578948,412.4012158054712,5,1
batch3/case492/figure_5__panel_a/curve_4,0,5.082684824902724,3.669724770642202,18,1
batch3/case492/figure_5__panel_a/curve_4,1,6.44455252918288,9.174311926605505,17,1
batch3/case492/figure_5__panel_a/curve_4,2,8.317120622568094,14.678899082568808,16,1
batch3/case492/figure_5__panel_a/curve_4,3,10.359922178988327,20.18348623853211,15,1
batch3/case492/figure_5__panel_a/curve_4,4,11.875000000000002,25.68807339449541,14,1
batch3/case492/figure_5__panel_a/curve_4,5,13.849708171206226,31.19266055045872,13,1
batch3/case492/figure_5__panel_a/curve_4,6,16.420233463035018,36.69724770642202,12,1
batch3/case492/figure_5__panel_a/curve_4,7,19.21206225680934,42.201834862385326,11,1
batch3/case492/figure_5__panel_a/curve_4,8,21.59533073929961,47.70642201834863,10,1
batch3/case492/figure_5__panel_a/curve_4,9,24.216926070038912,53.21100917431193,9,1
batch3/case492/figure_5__panel_a/curve_4,10,27.928015564202333,58.71559633027523,8,1
batch3/case492/figure_5__panel_a/curve_4,11,30.10700389105058,64.22018348623854,7,1
batch3/case492/figure_5__panel_a/curve_4,12,32.66050583657587,69.72477064220183,6,1
batch3/case492/figure_5__panel_a/curve_4,13,34.70330739299611,75.22935779816514,5,1
batch3/case492/figure_5__panel_a/curve_4,14,37.42704280155642,80.73394495412845,4,1
batch3/case492/figure_5__panel_a/curve_4,15,40.32101167315175,86.23853211009175,3,1
batch3/case492/figure_5__panel_a/curve_4,16,43.84484435797665,91.74311926605505,2,1
batch3/case492/figure_5__panel_a/curve_4,17,47.13035019455253,97.24770642201835,1,1
batch3/case492/figure_5__panel_a/curve_4,18,48.32198443579767,102.75229357798166,0,1
batch4/case504/figure_3__panel_a/curve_3,0,1.5504807692307734,1.891749868628493,30,1
batch4/case504/figure_3__panel_a/curve_3,1,2.0913461538461577,3.4682080924855607,29,1
batch4/case504/figure_3__panel_a/curve_3,2,2.6322115384615423,5.570152390961651,28,1
batch4/case504/figure_3__panel_a/curve_3,3,3.713942307692312,7.672096689437741,27,1
batch4/case504/figure_3__panel_a/curve_3,4,5.516826923076927,9.774040987913832,26,1
batch4/case504/figure_3__panel_a/curve_3,5,7.860576923076927,11.875985286389922,25,1
batch4/case504/figure_3__panel_a/curve_3,6,10.745192307692312,13.977929584866011,24,1
batch4/case504/figure_3__panel_a/curve_3,7,13.810096153846157,16.079873883342103,23,1
batch4/case504/figure_3__panel_a/curve_3,8,17.956730769230774,18.18181818181819,22,1
batch4/case504/figure_3__panel_a/curve_3,9,21.38221153846154,20.28376248029428,21,1
batch4/case504/figure_3__panel_a/curve_3,10,25.168269230769237,22.385706778770373,20,1
batch4/case504/figure_3__panel_a/curve_3,11,28.774038461538463,24.48765107724646,19,1
batch4/case504/figure_3__panel_a/curve_3,12,32.19951923076923,26.58959537572255,18,1
batch4/case504/figure_3__panel_a/curve_3,13,35.80528846153847,28.691539674198644,17,1
batch4/case504/figure_3__panel_a/curve_3,14,39.41105769230769,30.79348397267473,16,1
batch4/case504/figure_3__panel_a/curve_3,15,43.37740384615385,32.89542827115082,15,1
batch4/case504/figure_3__panel_a/curve_3,16,46.98317307692308,34.99737256962691,14,1
batch4/case504/figure_3__panel_a/curve_3,17,50.40865384615385,37.099316868103,13,1
batch4/case504/figure_3__panel_a/curve_3,18,54.375,39.20126116657909,12,1
batch4/case504/figure_3__panel_a/curve_3,19,57.80048076923077,41.30320546505519,11,1
batch4/case504/figure_3__panel_a/curve_3,20,61.58653846153847,43.40514976353127,10,1
batch4/case504/figure_3__panel_a/curve_3,21,65.1923076923077,45.50709406200736,9,1
batch4/case504/figure_3__panel_a/curve_3,22,68.97836538461539,47.60903836048345,8,1
batch4/case504/figure_3__panel_a/curve_3,23,73.125,49.71098265895954,7,1
batch4/case504/figure_3__panel_a/curve_3,24,76.73076923076923,51.81292695743564,6,1
batch4/case504/figure_3__panel_a/curve_3,25,80.87740384615385,53.91487125591173,5,1
batch4/case504/figure_3__panel_a/curve_3,26,84.48317307692308,56.01681555438781,4,1
batch4/case504/figure_3__panel_a/curve_3,27,88.0889423076923,58.1187598528639,3,1
batch4/case504/figure_3__panel_a/curve_3,28,92.4158653846154,60.22070415134,2,1
batch4/case504/figure_3__panel_a/curve_3,29,96.38221153846152,62.32264844981608,1,1
batch4/case504/figure_3__panel_a/curve_3,30,99.26682692307692,64.42459274829218,0,1
batch4/case559/figure_4__panel_a/c7,0,1.2850241545893697,6.382978723404255,32,1
batch4/case559/figure_4__panel_a/c7,1,2.938271604938269,12.05673758865248,31,1
batch4/case559/figure_4__panel_a/c7,2,4.290928609769187,14.893617021276595,30,1
batch4/case559/figure_4__panel_a/c7,3,6.094471282877078,17.73049645390071,29,1
batch4/case559/figure_4__panel_a/c7,4,8.04830917874396,20.56737588652482,28,1
batch4/case559/figure_4__panel_a/c7,5,9.701556629092858,21.98581560283688,27,1
batch4/case559/figure_4__panel_a/c7,6,11.50509930220075,24.113475177304963,26,1
batch4/case559/figure_4__panel_a/c7,7,13.30864197530864,26.24113475177305,25,1
batch4/case559/figure_4__panel_a/c7,8,15.11218464841653,27.659574468085104,24,1
batch4/case559/figure_4__panel_a/c7,9,16.91572732152442,29.787234042553195,23,1
batch4/case559/figure_4__panel_a/c7,10,18.71926999463231,31.20567375886525,22,1
batch4/case559/figure_4__panel_a/c7,11,20.37251744498121,32.6241134751773,21,1
batch4/case559/figure_4__panel_a/c7,12,22.1760601180891,34.04255319148936,20,1
batch4/case559/figure_4__panel_a/c7,13,23.829307568438,35.46099290780142,19,1
batch4/case559/figure_4__panel_a/c7,14,25.93344068706387,37.5886524822695,18,1
batch4/case559/figure_4__panel_a/c7,15,27.58668813741277,39.00709219858156,17,1
batch4/case559/figure_4__panel_a/c7,16,29.390230810520663,40.42553191489362,16,1
batch4/case559/figure_4__panel_a/c7,17,31.043478260869563,41.84397163120567,15,1
batch4/case559/figure_4__panel_a/c7,18,32.847020933977454,43.26241134751773,14,1
batch4/case559/figure_4__panel_a/c7,19,34.80085882984434,45.39007092198582,13,1
batch4/case559/figure_4__panel_a/c7,20,36.60440150295223,46.80851063829787,12,1
batch4/case559/figure_4__panel_a/c7,21,38.25764895330113,48.226950354609926,11,1
batch4/case559/figure_4__panel_a/c7,22,40.06119162640901,49.64539007092199,10,1
batch4/case559/figure_4__panel_a/c7,23,42.015029522275896,51.77304964539007,9,1
batch4/case559/figure_4__panel_a/c7,24,43.81857219538378,53.191489361702125,8,1
batch4/case559/figure_4__panel_a/c7,25,45.47181964573268,54.60992907801419,7,1
batch4/case559/figure_4__panel_a/c7,26,47.27536231884057,56.02836879432624,6,1
batch4/case559/figure_4__panel_a/c7,27,49.07890499194846,57.4468085106383,5,1
batch4/case559/figure_4__panel_a/c7,28,50.882447665056354,58.86524822695036,4,1
batch4/case559/figure_4__panel_a/c7,29,52.685990338164245,60.99290780141844,3,1
batch4/case559/figure_4__panel_a/c7,30,54.48953301127214,62.4113475177305,2,1
batch4/case559/figure_4__panel_a/c7,31,56.29307568438003,63.82978723404255,1,1
batch4/case559/figure_4__panel_a/c7,32,57.94632313472893,65.2482269503546,0,1
batch4/case589/figure_4__panel_a/curve_5,0,1.477477477477475,2.621231979030144,27,1
batch4/case589/figure_4__panel_a/curve_5,1,2.0450450450450424,5.242463958060288,26,1
batch4/case589/figure_4__panel_a/curve_5,2,2.9909909909909884,10.484927916120576,25,1
batch4/case589/figure_4__panel_a/curve_5,3,4.88288288288288,17.038007863695935,24,1
batch4/case589/figure_4__panel_a/curve_5,4,6.774774774774772,22.280471821756223,23,1
batch4/case589/figure_4__panel_a/curve_5,5,8.666666666666664,24.901703800786365,22,1
batch4/case589/figure_4__panel_a/curve_5,6,10.558558558558556,28.83355176933158,21,1
batch4/case589/figure_4__panel_a/curve_5,7,12.450450450450449,31.454783748361727,20,1
batch4/case589/figure_4__panel_a/curve_5,8,14.34234234234234,34.07601572739187,19,1
batch4/case589/figure_4__panel_a/curve_5,9,16.234234234234233,36.69724770642201,18,1
batch4/case589/figure_4__panel_a/curve_5,10,18.126126126126124,38.00786369593708,17,1
batch4/case589/figure_4__panel_a/curve_5,11,20.01801801801801,40.62909567496723,16,1
batch4/case589/figure_4__panel_a/curve_5,12,21.909909909909903,41.9397116644823,15,1
batch4/case589/figure_4__panel_a/curve_5,13,23.8018018018018,43.250327653997374,14,1
batch4/case589/figure_4__panel_a/curve_5,14,25.69369369369369,44.560943643512445,13,1
batch4/case589/figure_4__panel_a/curve_5,15,27.585585585585584,47.18217562254259,12,1
batch4/case589/figure_4__panel_a/curve_5,16,29.477477477477475,48.49279161205766,10,1
batch4/case589/figure_4__panel_a/curve_5,17,31.36936936936937,48.49279161205766,11,1
batch4/case589/figure_4__panel_a/curve_5,18,33.26126126126126,49.80340760157273,9,1
batch4/case589/figure_4__panel_a/curve_5,19,35.15315315315315,51.11402359108781,8,1
batch4/case589/figure_4__panel_a/curve_5,20,37.04504504504504,52.42463958060287,7,1
batch4/case589/figure_4__panel_a/curve_5,21,38.93693693693694,53.73525557011795,6,1
batch4/case589/figure_4__panel_a/curve_5,22,40.828828828828826,55.04587155963301,5,1
batch4/case589/figure_4__panel_a/curve_5,23,42.72072072072072,56.35648754914809,4,1
batch4/case589/figure_4__panel_a/curve_5,24,44.61261261261261,57.66710353866316,2,1
batch4/case589/figure_4__panel_a/curve_5,25,46.5045045045045,57.66710353866316,3,1
batch4/case589/figure_4__panel_a/curve_5,26,48.3963963963964,58.97771952817824,1,1
batch4/case589/figure_4__panel_a/curve_5,27,49.53153153153153,60.28833551769331,0,1
batch4/case591/figure_3__panel_b/curve_2,0,4.5624640184225695,26.289616269576182,19,1
batch4/case591/figure_3__panel_b/curve_2,1,6.9804260218768,32.93995398203815,18,1
batch4/case591/figure_3__panel_b/curve_2,2,11.060736902705816,39.59029169450011,17,1
batch4/case591/figure_3__panel_b/curve_2,3,15.29217040875072,46.240629406962064,16,1
batch4/case591/figure_3__panel_b/curve_2,4,20.88370754173863,52.89096711942403,15,1
batch4/case591/figure_3__panel_b/curve_2,5,26.02187679907887,59.54130483188599,14,1
batch4/case591/figure_3__panel_b/curve_2,6,31.160046056419112,66.19164254434796,13,1
batch4/case591/figure_3__panel_b/curve_2,7,36.44933793897525,72.8419802568099,12,1
batch4/case591/figure_3__panel_b/curve_2,8,41.738629821531376,79.49231796927187,11,1
batch4/case591/figure_3__panel_b/curve_2,9,47.481289579735176,86.14265568173383,10,1
batch4/case591/figure_3__panel_b/curve_2,10,53.072826712723085,92.7929933941958,9,1
batch4/case591/figure_3__panel_b/curve_2,11,58.36211859527921,99.44333110665777,8,1
batch4/case591/figure_3__panel_b/curve_2,12,63.80253310305124,106.09366881911971,7,1
batch4/case591/figure_3__panel_b/curve_2,13,69.39407023603914,112.74400653158168,6,1
batch4/case591/figure_3__panel_b/curve_2,14,74.68336211859528,119.39434424404364,5,1
batch4/case591/figure_3__panel_b/curve_2,15,79.9726540011514,126.04468195650558,4,1
batch4/case591/figure_3__panel_b/curve_2,16,85.11082325849164,132.69501966896755,3,1
batch4/case591/figure_3__panel_b/curve_2,17,90.70236039147956,139.3453573814295,2,1
batch4/case591/figure_3__panel_b/curve_2,18,96.74726540011513,145.9956950938915,1,1
batch4/case591/figure_3__panel_b/curve_2,19,99.61859527921705,152.64603280635345,0,1
batch4/case591/figure_3__panel_b/curve_4,0,1.2377662636730014,26.289616269576182,22,1
batch4/case591/figure_3__panel_b/curve_4,1,1.8422567645365595,36.26512283826912,21,1
batch4/case591/figure_3__panel_b/curve_4,2,4.109096142774901,46.240629406962064,20,1
batch4/case591/figure_3__panel_b/curve_4,3,8.038284398388027,56.21613597565501,19,1
batch4/case591/figure_3__panel_b/curve_4,4,12.571963154864711,66.19164254434796,18,1
batch4/case591/figure_3__panel_b/curve_4,5,17.407887161773175,76.16714911304089,17,1
batch4/case591/figure_3__panel_b/curve_4,6,22.092688543465748,86.14265568173383,16,1
batch4/case591/figure_3__panel_b/curve_4,7,26.77748992515832,96.11816225042676,15,1
batch4/case591/figure_3__panel_b/curve_4,8,31.462291306850894,106.09366881911971,14,1
batch4/case591/figure_3__panel_b/curve_4,9,36.75158318940702,116.06917538781263,13,1
batch4/case591/figure_3__panel_b/curve_4,10,41.587507196315485,126.04468195650558,12,1
batch4/case591/figure_3__panel_b/curve_4,11,46.27230857800806,136.0201885251985,11,1
batch4/case591/figure_3__panel_b/curve_4,12,51.25935521013241,145.9956950938915,10,1
batch4/case591/figure_3__panel_b/curve_4,13,56.246401842256766,155.9712016625844,9,1
batch4/case591/figure_3__panel_b/curve_4,14,61.08232584916523,165.94670823127737,8,1
batch4/case591/figure_3__panel_b/curve_4,15,66.22049510650547,175.9222147999703,7,1
batch4/case591/figure_3__panel_b/curve_4,16,70.90529648819805,185.8977213686632,6,1
batch4/case591/figure_3__panel_b/curve_4,17,76.04346574553828,195.87322793735615,5,1
batch4/case591/figure_3__panel_b/curve_4,18,81.18163500287852,205.8487345060491,4,1
batch4/case591/figure_3__panel_b/curve_4,19,86.16868163500287,215.82424107474205,3,1
batch4/case591/figure_3__panel_b/curve_4,20,91.00460564191133,225.79974764343496,2,1
batch4/case591/figure_3__panel_b/curve_4,21,95.8405296488198,235.77525421212795,1,1
batch4/case591/figure_3__panel_b/curve_4,22,99.76971790443292,245.75076078082088,0,1
batch4/case696/figure_7__panel_e/curve_2,0,1.8543870566272176,4.297041521016253,42,1
batch4/case696/figure_7__panel_e/curve_2,1,12.86869943995018,24.759144002046177,41,1
batch4/case696/figure_7__panel_e/curve_2,2,36.73304293714993,45.2212464830761,40,1
batch4/case696/figure_7__panel_e/curve_2,3,66.10454262601117,72.504049791116,39,1
batch4/case696/figure_7__panel_e/curve_2,4,108.3260734287492,99.7868530991559,38,1
batch4/case696/figure_7__panel_e/curve_2,5,152.38332296204103,127.0696564071958,37,1
batch4/case696/figure_7__panel_e/curve_2,6,189.0976975731176,154.3524597152357,36,1
batch4/case696/figure_7__panel_e/curve_2,7,211.1263223397635,181.6352630232756,35,1
batch4/case696/figure_7__panel_e/curve_2,8,251.5121344119477,208.9180663313155,34,1
batch4/case696/figure_7__panel_e/curve_2,9,277.2121966397013,222.55946798533543,33,1
batch4/case696/figure_7__panel_e/curve_2,10,304.7479775980087,236.20086963935535,32,1
batch4/case696/figure_7__panel_e/curve_2,11,317.5980087118855,249.84227129337532,31,1
batch4/case696/figure_7__panel_e/curve_2,12,346.96950840074675,263.4836729473953,30,1
batch4/case696/figure_7__panel_e/curve_2,13,357.9838207840697,277.12507460141524,29,1
batch4/case696/figure_7__panel_e/curve_2,14,380.0124455507156,290.7664762554352,28,1
batch4/case696/figure_7__panel_e/curve_2,15,391.0267579340386,304.4078779094551,27,1
batch4/case696/figure_7__panel_e/curve_2,16,416.72682016179215,318.0492795634751,26,1
batch4/case696/figure_7__panel_e/curve_2,17,431.4125700062228,331.69068121749507,25,1
batch4/case696/figure_7__panel_e/curve_2,18,460.784069695084,345.332082871515,24,1
batch4/case696/figure_7__panel_e/curve_2,19,475.4698195395146,358.97348452553496,23,1
batch5/case791/figure_4__a/curve_6,0,37.98449612403103,32.71889400921657,15,1
batch5/case791/figure_4__a/curve_6,1,84.49612403100777,55.76036866359445,14,1
batch5/case791/figure_4__a/curve_6,2,119.37984496124032,74.19354838709675,13,1
batch5/case791/figure_4__a/curve_6,3,138.75968992248065,83.41013824884791,12,1
batch5/case791/figure_4__a/curve_6,4,158.13953488372096,92.62672811059906,11,1
batch5/case791/figure_4__a/curve_6,5,177.51937984496126,101.84331797235022,10,1
batch5/case791/figure_4__a/curve_6,6,196.8992248062016,111.05990783410137,9,1
batch5/case791/figure_4__a/curve_6,7,216.27906976744188,120.27649769585253,8,1
batch5/case791/figure_4__a/curve_6,8,235.6589147286822,129.49308755760367,7,1
batch5/case791/figure_4__a/curve_6,9,262.79069767441865,138.70967741935482,6,1
batch5/case791/figure_4__a/curve_6,10,278.2945736434109,147.92626728110596,5,1
batch5/case791/figure_4__a/curve_6,11,305.4263565891473,157.14285714285714,4,1
batch5/case791/figure_4__a/curve_6,12,332.55813953488376,166.35944700460828,3,1
batch5/case791/figure_4__a/curve_6,13,351.93798449612405,175.57603686635946,2,1
batch5/case791/figure_4__a/curve_6,14,379.0697674418605,184.79262672811055,1,1
batch5/case791/figure_4__a/curve_6,15,386.82170542635663,189.40092165898616,0,1
batch5/case849/figure_4__panel_a/curve_6,0,1.8620689655172409,5.228758169934634,27,1
batch5/case849/figure_4__panel_a/curve_6,1,3.758620689655172,13.38086749851456,26,1
batch5/case849/figure_4__panel_a/curve_6,2,5.655172413793103,18.37195484254308,25,1
batch5/case849/figure_4__panel_a/curve_6,3,6.931034482758621,24.52762923351157,24,1
batch5/case849/figure_4__panel_a/curve_6,4,8.413793103448278,27.522281639928703,23,1
batch5/case849/figure_4__panel_a/curve_6,5,10.931034482758625,32.6797385620915,22,1
batch5/case849/figure_4__panel_a/curve_6,6,12.620689655172413,35.674390968508625,21,1
batch5/case849/figure_4__panel_a/curve_6,7,16.000000000000004,42.82828282828281,20,1
batch5/case849/figure_4__panel_a/curve_6,8,19.17241379310345,46.98752228163992,19,1
batch5/case849/figure_4__panel_a/curve_6,9,24.03448275862069,54.14141414141415,18,1
batch5/case849/figure_4__panel_a/curve_6,10,28.689655172413797,58.13428401663697,17,1
batch5/case849/figure_4__panel_a/curve_6,11,33.3448275862069,63.29174093879978,16,1
batch5/case849/figure_4__panel_a/curve_6,12,37.3448275862069,65.28817587641116,15,1
batch5/case849/figure_4__panel_a/curve_6,13,42.00000000000001,70.44563279857395,14,1
batch5/case849/figure_4__panel_a/curve_6,14,46.862068965517246,72.4420677361854,13,1
batch5/case849/figure_4__panel_a/curve_6,15,50.65517241379311,74.43850267379678,12,1
batch5/case849/figure_4__panel_a/curve_6,16,55.10344827586207,78.59774212715388,11,1
batch5/case849/figure_4__panel_a/curve_6,17,59.10344827586207,82.5906120023767,10,1
batch5/case849/figure_4__panel_a/curve_6,18,63.96551724137931,86.7498514557338,9,1
batch5/case849/figure_4__panel_a/curve_6,19,68.17241379310344,88.7462863933452,8,1
batch5/case849/figure_4__panel_a/curve_6,20,72.0,92.90552584670228,7,1
batch5/case849/figure_4__panel_a/curve_6,21,76.20689655172414,94.90196078431372,6,1
batch5/case849/figure_4__panel_a/curve_6,22,80.44827586206897,97.89661319073082,5,1
batch5/case849/figure_4__panel_a/curve_6,23,83.62068965517241,99.89304812834226,4,1
batch5/case849/figure_4__panel_a/curve_6,24,87.20689655172413,101.05763517528224,3,1
batch5/case849/figure_4__panel_a/curve_6,25,90.58620689655172,103.05407011289364,2,1
batch5/case849/figure_4__panel_a/curve_6,26,94.3793103448276,105.05050505050504,1,1
batch5/case849/figure_4__panel_a/curve_6,27,98.17241379310344,109.20974450386214,0,1
batch5/case866/figure_3__panel_a/curve_6,0,6.5,26.948051948051948,9,1
batch5/case866/figure_3__panel_a/curve_6,1,7.9,30.844155844155843,8,1
batch5/case866/figure_3__panel_a/curve_6,2,11.3,36.688311688311686,7,1
batch5/case866/figure_3__panel_a/curve_6,3,14.3,40.58441558441558,6,1
batch5/case866/figure_3__panel_a/curve_6,4,19.3,45.77922077922078,5,1
batch5/case866/figure_3__panel_a/curve_6,5,22.3,48.37662337662338,4,1
batch5/case866/figure_3__panel_a/curve_6,6,24.5,50.324675324675326,3,1
batch5/case866/figure_3__panel_a/curve_6,7,29.3,54.870129870129865,2,1
batch5/case866/figure_3__panel_a/curve_6,8,33.9,58.11688311688312,1,1
batch5/case866/figure_3__panel_a/curve_6,9,39.3,62.662337662337656,0,1
batch6/case1073/figure_3__panel_a/curve_1,0,5.3921568627450975,19.48717948717949,33,1
batch6/case1073/figure_3__panel_a/curve_1,1,5.563725490196077,20.512820512820515,32,1
batch6/case1073/figure_3__panel_a/curve_1,2,6.640318627450978,22.56410256410257,31,1
batch6/case1073/figure_3__panel_a/curve_1,3,8.15441176470588,24.615384615384617,30,1
batch6/case1073/figure_3__panel_a/curve_1,4,9.65563725490196,26.666666666666668,29,1
batch6/case1073/figure_3__panel_a/curve_1,5,11.590073529411764,28.71794871794872,28,1
batch6/case1073/figure_3__panel_a/curve_1,6,13.713235294117649,30.76923076923077,27,1
batch6/case1073/figure_3__panel_a/curve_1,7,15.793504901960784,32.82051282051282,26,1
batch6/case1073/figure_3__panel_a/curve_1,8,18.825980392156858,34.87179487179487,25,1
batch6/case1073/figure_3__panel_a/curve_1,9,21.53247549019608,36.92307692307693,24,1
batch6/case1073/figure_3__panel_a/curve_1,10,24.616421568627448,38.97435897435898,23,1
batch6/case1073/figure_3__panel_a/curve_1,11,27.318627450980397,41.02564102564103,22,1
batch6/case1073/figure_3__panel_a/curve_1,12,30.64276960784314,43.07692307692307,21,1
batch6/case1073/figure_3__panel_a/curve_1,13,33.791053921568626,45.12820512820513,20,1
batch6/case1073/figure_3__panel_a/curve_1,14,36.86642156862745,47.17948717948718,19,1
batch6/case1073/figure_3__panel_a/curve_1,15,40.07475490196079,49.23076923076923,18,1
batch6/case1073/figure_3__panel_a/curve_1,16,43.5704656862745,51.28205128205128,17,1
batch6/case1073/figure_3__panel_a/curve_1,17,46.6672794117647,53.333333333333336,16,1
batch6/case1073/figure_3__panel_a/curve_1,18,50.21446078431372,55.38461538461539,15,1
batch6/case1073/figure_3__panel_a/curve_1,19,53.33700980392157,57.43589743589744,14,1
batch6/case1073/figure_3__panel_a/curve_1,20,56.72120098039216,59.48717948717948,13,1
batch6/case1073/figure_3__panel_a/curve_1,21,60.122549019607845,61.53846153846154,12,1
batch6/case1073/figure_3__panel_a/curve_1,22,63.91850490196077,63.58974358974359,11,1
batch6/case1073/figure_3__panel_a/curve_1,23,67.41421568627452,65.64102564102564,10,1
batch6/case1073/figure_3__panel_a/curve_1,24,70.5796568627451,67.6923076923077,9,1
batch6/case1073/figure_3__panel_a/curve_1,25,73.70220588235293,69.74358974358974,8,1
batch6/case1073/figure_3__panel_a/curve_1,26,77.66544117647058,71.7948717948718,7,1
batch6/case1073/figure_3__panel_a/curve_1,27,81.22549019607843,73.84615384615385,6,1
batch6/case1073/figure_3__panel_a/curve_1,28,84.28799019607843,75.8974358974359,5,1
batch6/case1073/figure_3__panel_a/curve_1,29,88.1268382352941,77.94871794871796,4,1
batch6/case1073/figure_3__panel_a/curve_1,30,91.57107843137256,80.0,3,1
batch6/case1073/figure_3__panel_a/curve_1,31,94.38051470588236,82.05128205128206,2,1
batch6/case1073/figure_3__panel_a/curve_1,32,97.69178921568628,84.1025641025641,1,1
batch6/case1073/figure_3__panel_a/curve_1,33,99.32598039215684,86.15384615384615,0,1
batch6/case1073/figure_3__panel_e/curve_2,0,7.159185369908565,34.89082302641633,11,1
batch6/case1073/figure_3__panel_e/curve_2,1,15.01454696591854,44.51061230722256,10,1
batch6/case1073/figure_3__panel_e/curve_2,2,22.869908561928515,54.13040158802879,9,1
batch6/case1073/figure_3__panel_e/curve_2,3,30.28886118038238,62.14689265536731,8,1
batch6/case1073/figure_3__panel_e/curve_2,4,38.58063175394847,70.16338372270583,7,1
batch6/case1073/figure_3__panel_e/curve_2,5,46.43599334995845,79.78317300351206,6,1
batch6/case1073/figure_3__panel_e/curve_2,6,54.291354945968415,87.79966407085058,5,1
batch6/case1073/figure_3__panel_e/curve_2,7,62.1467165419784,95.81615513818912,4,1
batch6/case1073/figure_3__panel_e/curve_2,8,70.00207813798838,103.83264620552764,3,1
batch6/case1073/figure_3__panel_e/curve_2,9,77.85743973399835,111.84913727286616,2,1
batch6/case1073/figure_3__panel_e/curve_2,10,85.71280133000832,121.4689265536724,1,1
batch6/case1073/figure_3__panel_e/curve_2,11,93.1317539484622,129.4854176210109,0,1
batch6/case1082/figure_3__a/curve_3,0,3.534103410341039,19.04761904761905,37,1
batch6/case1082/figure_3__a/curve_3,1,3.8228822882288274,20.23809523809524,36,1
batch6/case1082/figure_3__a/curve_3,2,4.111661166116616,21.428571428571427,35,1
batch6/case1082/figure_3__a/curve_3,3,4.400440044004405,22.619047619047617,34,1
batch6/case1082/figure_3__a/curve_3,4,4.977997799779983,23.809523809523807,33,1
batch6/case1082/figure_3__a/curve_3,5,5.55555555555556,25.0,32,1
batch6/case1082/figure_3__a/curve_3,6,6.421892189218927,26.19047619047619,31,1
batch6/case1082/figure_3__a/curve_3,7,6.999449944994504,27.38095238095238,30,1
batch6/case1082/figure_3__a/curve_3,8,7.86578657865787,28.57142857142857,29,1
batch6/case1082/figure_3__a/curve_3,9,8.732123212321236,29.76190476190476,28,1
batch6/case1082/figure_3__a/curve_3,10,9.598459845984603,30.952380952380956,27,1
batch6/case1082/figure_3__a/curve_3,11,10.753575357535755,32.14285714285714,26,1
batch6/case1082/figure_3__a/curve_3,12,11.619911991199125,33.333333333333336,25,1
batch6/case1082/figure_3__a/curve_3,13,12.775027502750278,34.523809523809526,24,1
batch6/case1082/figure_3__a/curve_3,14,14.218921892189224,35.714285714285715,23,1
batch6/case1082/figure_3__a/curve_3,15,15.374037403740378,36.90476190476191,22,1
batch6/case1082/figure_3__a/curve_3,16,16.529152915291533,38.0952380952381,21,1
batch6/case1082/figure_3__a/curve_3,17,17.97304730473048,39.285714285714285,20,1
batch6/case1082/figure_3__a/curve_3,18,19.41694169416942,40.47619047619048,19,1
batch6/case1082/figure_3__a/curve_3,19,20.860836083608365,41.66666666666666,18,1
batch6/case1082/figure_3__a/curve_3,20,22.304730473047307,42.85714285714285,17,1
batch6/case1082/figure_3__a/curve_3,21,23.748624862486253,44.04761904761905,16,1
batch6/case1082/figure_3__a/curve_3,22,25.192519251925194,45.238095238095234,15,1
batch6/case1082/figure_3__a/curve_3,23,26.63641364136414,46.42857142857143,14,1
batch6/case1082/figure_3__a/curve_3,24,28.36908690869087,47.61904761904761,13,1
batch6/case1082/figure_3__a/curve_3,25,29.812981298129817,48.80952380952381,12,1
batch6/case1082/figure_3__a/curve_3,26,31.545654565456548,50.0,11,1
batch6/case1082/figure_3__a/curve_3,27,33.27832783278328,51.19047619047619,10,1
batch6/case1082/figure_3__a/curve_3,28,35.011001100110015,52.38095238095238,9,1
batch6/case1082/figure_3__a/curve_3,29,36.45489548954896,53.57142857142857,8,1
batch6/case1082/figure_3__a/curve_3,30,38.187568756875685,54.76190476190476,7,1
batch6/case1082/figure_3__a/curve_3,31,39.920242024202416,55.95238095238096,6,1
batch6/case1082/figure_3__a/curve_3,32,41.36413641364136,57.14285714285714,5,1
batch6/case1082/figure_3__a/curve_3,33,43.09680968096809,58.333333333333336,4,1
batch6/case1082/figure_3__a/curve_3,34,44.54070407040704,59.52380952380952,3,1
batch6/case1082/figure_3__a/curve_3,35,46.27337733773377,60.71428571428572,2,1
batch6/case1082/figure_3__a/curve_3,36,47.71727172717272,61.90476190476191,1,1
batch6/case1082/figure_3__a/curve_3,37,48.58360836083608,63.095238095238095,0,1
batch6/case931/figure_3__panel_a/curve_4,0,6.069131832797425,29.558011049723746,11,1
batch6/case931/figure_3__panel_a/curve_4,1,10.088424437299032,33.42541436464087,10,1
batch6/case931/figure_3__panel_a/curve_4,2,14.10771704180064,41.160220994475125,9,1
batch6/case931/figure_3__panel_a/curve_4,3,18.12700964630225,45.02762430939225,8,1
batch6/case931/figure_3__panel_a/curve_4,4,26.165594855305464,54.69613259668507,7,1
batch6/case931/figure_3__panel_a/curve_4,5,34.20418006430868,62.43093922651932,6,1
batch6/case931/figure_3__panel_a/curve_4,6,38.22347266881029,66.29834254143644,5,1
batch6/case931/figure_3__panel_a/curve_4,7,42.242765273311896,72.09944751381214,4,1
batch6/case931/figure_3__panel_a/curve_4,8,46.262057877813504,74.03314917127071,3,1
batch6/case931/figure_3__panel_a/curve_4,9,55.184887459807065,82.54143646408835,2,1
batch6/case931/figure_3__panel_a/curve_4,10,63.62540192926044,92.79005524861874,1,1
batch6/case931/figure_3__panel_a/curve_4,11,71.58360128617363,101.68508287292818,0,1
batch7/case1199/figure_3__panel_a/curve_3,0,1.9922879177377852,7.938718662952631,17,1
batch7/case1199/figure_3__panel_a/curve_3,1,5.848329048843183,14.902506963788284,16,1
batch7/case1199/figure_3__panel_a/curve_3,2,10.989717223650382,21.86629526462394,15,1
batch7/case1199/figure_3__panel_a/curve_3,3,16.131105398457578,28.8300835654596,14,1
batch7/case1199/figure_3__panel_a/curve_3,4,23.200514138817475,35.79387186629525,13,1
batch7/case1199/figure_3__panel_a/curve_3,5,31.555269922879173,42.7576601671309,12,1
batch7/case1199/figure_3__panel_a/curve_3,6,41.19537275064267,49.72144846796655,11,1
batch7/case1199/figure_3__panel_a/curve_3,7,51.47814910025706,56.68523676880221,10,1
batch7/case1199/figure_3__panel_a/curve_3,8,63.04627249357326,63.649025069637865,9,1
batch7/case1199/figure_3__panel_a/curve_3,9,77.18508997429305,70.61281337047352,8,1
batch7/case1199/figure_3__panel_a/curve_3,10,91.32390745501284,77.57660167130916,7,1
batch7/case1199/figure_3__panel_a/curve_3,11,106.10539845758356,84.54038997214484,6,1
batch7/case1199/figure_3__panel_a/curve_3,12,121.52956298200512,91.5041782729805,5,1
batch7/case1199/figure_3__panel_a/curve_3,13,136.95372750642673,98.46796657381614,4,1
batch7/case1199/figure_3__panel_a/curve_3,14,152.37789203084833,105.4317548746518,3,1
batch7/case1199/figure_3__panel_a/curve_3,15,167.80205655526993,112.39554317548745,2,1
batch7/case1199/figure_3__panel_a/curve_3,16,183.22622107969156,119.3593314763231,1,1
batch7/case1199/figure_3__panel_a/curve_3,17,198.65038560411315,126.32311977715877,0,1
batch8/case1538/figure_6__panel_A/curve_6,0,0.6595744680851051,3.417634996582365,29,1
batch8/case1538/figure_6__panel_A/curve_6,1,1.2553191489361684,10.116199589883925,28,1
batch8/case1538/figure_6__panel_A/curve_6,2,1.7021276595744663,19.548872180451223,27,1
batch8/case1538/figure_6__panel_A/curve_6,3,2.595744680851063,27.20437457279575,26,1
batch8/case1538/figure_6__panel_A/curve_6,4,4.212765957446808,38.55092276144914,25,1
batch8/case1538/figure_6__panel_A/curve_6,5,6.276595744680849,43.33561175666445,24,1
batch8/case1538/figure_6__panel_A/curve_6,6,8.80851063829787,52.90498974709507,23,1
batch8/case1538/figure_6__panel_A/curve_6,7,11.31914893617021,60.42378673957627,22,1
batch8/case1538/figure_6__panel_A/curve_6,8,15.02127659574468,67.12235133287768,21,1
batch8/case1538/figure_6__panel_A/curve_6,9,18.276595744680847,74.7778537252222,20,1
batch8/case1538/figure_6__panel_A/curve_6,10,21.23404255319149,81.47641831852361,19,1
batch8/case1538/figure_6__panel_A/curve_6,11,24.936170212765955,86.1244019138756,18,1
batch8/case1538/figure_6__panel_A/curve_6,12,29.276595744680847,96.65071770334934,17,1
batch8/case1538/figure_6__panel_A/curve_6,13,33.1063829787234,102.11893369788112,16,1
batch8/case1538/figure_6__panel_A/curve_6,14,37.14893617021277,107.58714969241292,15,1
batch8/case1538/figure_6__panel_A/curve_6,15,41.40425531914893,113.0553656869447,14,1
batch8/case1538/figure_6__panel_A/curve_6,16,45.659574468085104,118.52358168147649,13,1
batch8/case1538/figure_6__panel_A/curve_6,17,49.91489361702127,123.99179767600826,12,1
batch8/case1538/figure_6__panel_A/curve_6,18,53.95744680851063,129.46001367054006,11,1
batch8/case1538/figure_6__panel_A/curve_6,19,58.0,134.92822966507185,10,1
batch8/case1538/figure_6__panel_A/curve_6,20,61.82978723404256,140.39644565960364,9,1
batch8/case1538/figure_6__panel_A/curve_6,21,65.4468085106383,145.8646616541354,8,1
batch8/case1538/figure_6__panel_A/curve_6,22,68.63829787234043,149.96582365003425,7,1
batch8/case1538/figure_6__panel_A/curve_6,23,71.82978723404256,154.06698564593307,6,1
batch8/case1538/figure_6__panel_A/curve_6,24,74.80851063829788,158.1681476418319,5,1
batch8/case1538/figure_6__panel_A/curve_6,25,77.7872340425532,162.26930963773077,4,1
batch8/case1538/figure_6__panel_A/curve_6,26,80.76595744680851,166.3704716336296,3,1
batch8/case1538/figure_6__panel_A/curve_6,27,83.74468085106383,170.47163362952844,2,1
batch8/case1538/figure_6__panel_A/curve_6,28,86.51063829787235,174.57279562542726,1,1
batch8/case1538/figure_6__panel_A/curve_6,29,89.06382978723404,178.6739576213261,0,1
batch8/case1605/figure_3__panel_a/curve_2,0,4.25097772487677,53.2138172278093,29,1
batch8/case1605/figure_3__panel_a/curve_2,1,9.012072776738698,67.90555312636637,28,1
batch8/case1605/figure_3__panel_a/curve_2,2,32.817548036048336,82.59728902492343,27,1
batch8/case1605/figure_3__panel_a/curve_2,3,66.14521339908184,97.28902492348048,26,1
batch8/case1605/figure_3__panel_a/curve_2,4,104.23397381397726,111.98076082203757,25,1
batch8/case1605/figure_3__panel_a/curve_2,5,149.46437680666557,126.6724967205946,24,1
batch8/case1605/figure_3__panel_a/curve_2,6,189.93368474749195,141.3642326191517,23,1
batch8/case1605/figure_3__panel_a/curve_2,7,232.7835402142493,156.05596851770875,22,1
batch8/case1605/figure_3__panel_a/curve_2,8,270.8723006291447,170.7477044162658,21,1
batch8/case1605/figure_3__panel_a/curve_2,9,316.10270362183303,185.4394403148229,20,1
batch8/case1605/figure_3__panel_a/curve_2,10,351.8109165107975,200.13117621337992,19,1
batch8/case1605/figure_3__panel_a/curve_2,11,387.519129399762,214.822912111937,18,1
batch8/case1605/figure_3__panel_a/curve_2,12,427.9884373405884,229.51464801049408,17,1
batch8/case1605/figure_3__panel_a/curve_2,13,461.3161027036219,244.2063839090511,16,1
batch8/case1605/figure_3__panel_a/curve_2,14,489.8826730147934,258.89811980760817,15,1
batch8/case1661/figure_2__panel_a/curve_ptc,0,1.4385964912280722,1.1948604632130309,40,1
batch8/case1661/figure_2__panel_a/curve_ptc,1,1.9649122807017565,6.350765201735006,39,1
batch8/case1661/figure_2__panel_a/curve_ptc,2,2.7017543859649145,11.50666994025698,38,1
batch8/case1661/figure_2__panel_a/curve_ptc,3,3.438596491228072,14.514281037728132,37,1
batch8/case1661/figure_2__panel_a/curve_ptc,4,5.964912280701756,19.670185776250104,36,1
batch8/case1661/figure_2__panel_a/curve_ptc,5,8.49122807017544,24.39643178656192,35,1
batch8/case1661/figure_2__panel_a/curve_ptc,6,11.017543859649123,28.69301906866356,34,1
batch8/case1661/figure_2__panel_a/curve_ptc,7,13.543859649122808,32.13028889434488,33,1
batch8/case1661/figure_2__panel_a/curve_ptc,8,16.070175438596493,35.99721744823636,32,1
batch8/case1661/figure_2__panel_a/curve_ptc,9,18.596491228070175,39.00482854570751,31,1
batch8/case1661/figure_2__panel_a/curve_ptc,10,21.122807017543863,42.01243964317866,30,1
batch8/case1661/figure_2__panel_a/curve_ptc,11,23.649122807017545,45.020050740649815,29,1
batch8/case1661/figure_2__panel_a/curve_ptc,12,26.17543859649123,48.457320566331134,28,1
batch8/case1661/figure_2__panel_a/curve_ptc,13,28.701754385964914,50.605614207381954,27,1
batch8/case1661/figure_2__panel_a/curve_ptc,14,31.2280701754386,53.61322530485311,26,1
batch8/case1661/figure_2__panel_a/curve_ptc,15,33.75438596491228,56.62083640232426,25,1
batch8/case1661/figure_2__panel_a/curve_ptc,16,36.280701754385966,59.628447499795406,24,1
batch8/case1661/figure_2__panel_a/curve_ptc,17,38.80701754385965,62.2063998690564,23,1
batch8/case1661/figure_2__panel_a/curve_ptc,18,41.333333333333336,66.50298715115804,22,1
batch8/case1661/figure_2__panel_a/curve_ptc,19,43.85964912280702,68.22162206399871,21,1
batch8/case1661/figure_2__panel_a/curve_ptc,20,46.38596491228071,71.22923316146985,20,1
batch8/case1661/figure_2__panel_a/curve_ptc,21,48.91228070175439,73.80718553073085,19,1
batch8/case1661/figure_2__panel_a/curve_ptc,22,51.43859649122808,76.38513789999182,18,1
batch8/case1661/figure_2__panel_a/curve_ptc,23,53.96491228070176,78.96309026925282,17,1
batch8/case1661/figure_2__panel_a/curve_ptc,24,56.491228070175445,81.97070136672396,16,1
batch8/case1661/figure_2__panel_a/curve_ptc,25,59.01754385964913,84.54865373598496,15,1
batch8/case1661/figure_2__panel_a/curve_ptc,26,61.543859649122815,87.98592356166628,14,1
batch8/case1661/figure_2__panel_a/curve_ptc,27,64.0701754385965,90.56387593092724,13,1
batch8/case1661/figure_2__panel_a/curve_ptc,28,66.59649122807018,94.86046321302892,12,1
batch8/case1661/figure_2__panel_a/curve_ptc,29,69.12280701754386,96.1494393976594,11,1
batch8/case1661/figure_2__panel_a/curve_ptc,30,71.64912280701755,98.7273917669204,10,1
batch8/case1661/figure_2__panel_a/curve_ptc,31,74.17543859649123,101.30534413618138,9,1
batch8/case1661/figure_2__panel_a/curve_ptc,32,76.70175438596492,103.88329650544236,8,1
batch8/case1661/figure_2__panel_a/curve_ptc,33,79.2280701754386,106.0315901464932,7,1
batch8/case1661/figure_2__panel_a/curve_ptc,34,81.75438596491229,109.4688599721745,6,1
batch8/case1661/figure_2__panel_a/curve_ptc,35,84.28070175438597,112.04681234143548,5,1
batch8/case1661/figure_2__panel_a/curve_ptc,36,86.80701754385966,115.4840821671168,4,1
batch8/case1661/figure_2__panel_a/curve_ptc,37,89.33333333333334,117.63237580816762,3,1
batch8/case1661/figure_2__panel_a/curve_ptc,38,91.85964912280704,120.21032817742862,2,1
batch8/case1661/figure_2__panel_a/curve_ptc,39,94.38596491228073,122.7882805466896,1,1
batch8/case1661/figure_2__panel_a/curve_ptc,40,96.9122807017544,125.3662329159506,0,1
batch8/case1701/figure_5__panel_a/curve_4,0,9.96168582375479,22.789591494124185,37,1
batch8/case1701/figure_5__panel_a/curve_4,1,16.091954022988507,35.38052602126464,36,1
batch8/case1701/figure_5__panel_a/curve_4,2,22.222222222222225,49.37045327364294,35,1
batch8/case1701/figure_5__panel_a/curve_4,3,29.118773946360157,63.36038052602123,34,1
batch8/case1701/figure_5__panel_a/curve_4,4,35.63218390804598,77.35030777839953,33,1
batch8/case1701/figure_5__panel_a/curve_4,5,42.145593869731805,91.3402350307778,32,1
batch8/case1701/figure_5__panel_a/curve_4,6,49.04214559386973,105.3301622831561,31,1
batch8/case1701/figure_5__panel_a/curve_4,7,55.17241379310345,119.32008953553438,30,1
batch8/case1701/figure_5__panel_a/curve_4,8,61.68582375478928,133.31001678791267,29,1
batch8/case1701/figure_5__panel_a/curve_4,9,67.816091954023,147.29994404029097,28,1
batch8/case1701/figure_5__panel_a/curve_4,10,74.32950191570882,161.28987129266926,27,1
batch8/case1701/figure_5__panel_a/curve_4,11,80.45977011494253,175.27979854504756,26,1
batch8/case1701/figure_5__panel_a/curve_4,12,86.20689655172414,189.26972579742585,25,1
batch8/case1701/figure_5__panel_a/curve_4,13,93.10344827586208,203.25965304980411,24,1
batch8/case1701/figure_5__panel_a/curve_4,14,98.85057471264368,217.2495803021824,23,1
batch8/case1701/figure_5__panel_a/curve_4,15,105.3639846743295,231.2395075545607,22,1
batch8/case1701/figure_5__panel_a/curve_4,16,110.3448275862069,245.22943480693905,21,1
batch8/case1701/figure_5__panel_a/curve_4,17,117.24137931034484,259.2193620593173,20,1
batch8/case1701/figure_5__panel_a/curve_4,18,123.37164750957857,273.2092893116956,19,1
batch8/case1701/figure_5__panel_a/curve_4,19,129.50191570881228,287.1992165640739,18,1
batch8/case1701/figure_5__panel_a/curve_4,20,133.33333333333334,298.39115836597654,17,1
batch8/case1701/figure_5__panel_a/curve_4,21,137.1647509578544,306.7851147174035,16,1
batch8/case1701/figure_5__panel_a/curve_4,22,140.99616858237547,315.17907106883047,15,1
batch8/case1701/figure_5__panel_a/curve_4,23,144.82758620689657,323.57302742025746,14,1
batch8/case1701/figure_5__panel_a/curve_4,24,148.65900383141764,331.96698377168445,13,1
batch8/case1701/figure_5__panel_a/curve_4,25,152.1072796934866,341.7599328483492,12,1
batch8/case1701/figure_5__panel_a/curve_4,26,155.55555555555557,348.7548964745383,11,1
batch8/case1701/figure_5__panel_a/curve_4,27,160.91954022988506,358.5478455512032,10,1
batch8/case1701/figure_5__panel_a/curve_4,28,165.90038314176246,369.7397873531058,9,1
batch8/case1701/figure_5__panel_a/curve_4,29,168.96551724137933,375.3357582540571,8,1
batch8/case1701/figure_5__panel_a/curve_4,30,172.41379310344828,385.1287073307219,7,1
batch8/case1701/figure_5__panel_a/curve_4,31,176.24521072796935,393.5226636821489,6,1
batch8/case1701/figure_5__panel_a/curve_4,32,179.69348659003833,399.1186345831002,5,1
batch8/case1701/figure_5__panel_a/curve_4,33,184.6743295019157,413.1085618354785,4,1
batch8/case1701/figure_5__panel_a/curve_4,34,188.88888888888889,418.7045327364298,3,1
batch8/case1701/figure_5__panel_a/curve_4,35,191.57088122605364,424.3005036373812,2,1
batch8/case1701/figure_5__panel_a/curve_4,36,195.4022988505747,435.49244543928376,1,1
batch8/case1701/figure_5__panel_a/curve_4,37,199.2337164750958,441.0884163402351,0,1
batch8/case1709/figure_5__panel_a/ptc_black,0,2.4736515809051456,21.49061361725977,16,1
batch8/case1709/figure_5__panel_a/ptc_black,1,3.1680099194048355,26.720836835714984,15,1
batch8/case1709/figure_5__panel_a/ptc_black,2,4.20954742715437,31.9510600541702,14,1
batch8/case1709/figure_5__panel_a/ptc_black,3,5.424674519528828,37.18128327262541,13,1
batch8/case1709/figure_5__panel_a/ptc_black,4,7.160570365778053,42.41150649108064,12,1
batch8/case1709/figure_5__panel_a/ptc_black,5,9.417234965902043,47.641729709535845,11,1
batch8/case1709/figure_5__panel_a/ptc_black,6,12.54184748915065,52.87195292799107,10,1
batch8/case1709/figure_5__panel_a/ptc_black,7,16.447613143211406,58.10217614644628,9,1
batch8/case1709/figure_5__panel_a/ptc_black,8,21.134531928084314,63.3323993649015,8,1
batch8/case1709/figure_5__panel_a/ptc_black,9,26.081835089894604,68.56262258335671,7,1
batch8/case1709/figure_5__panel_a/ptc_black,10,31.202727836329817,73.79284580181194,6,1
batch8/case1709/figure_5__panel_a/ptc_black,11,36.41041537507749,79.02306902026714,5,1
batch8/case1709/figure_5__panel_a/ptc_black,12,41.61810291382517,84.25329223872235,4,1
batch8/case1709/figure_5__panel_a/ptc_black,13,47.08617482951023,89.48351545717757,3,1
batch8/case1709/figure_5__panel_a/ptc_black,14,52.467451952882826,94.7137386756328,2,1
batch8/case1709/figure_5__panel_a/ptc_black,15,56.37321760694358,99.943961894088,1,1
batch8/case1709/figure_5__panel_a/ptc_black,16,59.41103533787973,105.17418511254324,0,1
batch8/case1739/figure_4__panel_a/curve_4,0,2.316192464978682,6.929510155316553,23,1
batch8/case1739/figure_4__panel_a/curve_4,1,2.6816322979204723,12.90322580645156,22,1
batch8/case1739/figure_4__panel_a/curve_4,2,4.508831462629426,21.266427718040564,21,1
batch8/case1739/figure_4__panel_a/curve_4,3,7.0669102932219605,29.629629629629576,20,1
batch8/case1739/figure_4__panel_a/curve_4,4,9.259549290872704,35.60334528076458,19,1
batch8/case1739/figure_4__panel_a/curve_4,5,11.452188288523448,40.382317801672585,18,1
batch8/case1739/figure_4__panel_a/curve_4,6,14.010267119115984,45.16129032258059,17,1
batch8/case1739/figure_4__panel_a/curve_4,7,17.2992256155921,49.9402628434886,16,1
batch8/case1739/figure_4__panel_a/curve_4,8,20.588184112068216,54.7192353643966,15,1
batch8/case1739/figure_4__panel_a/curve_4,9,24.608022274427917,59.4982078853046,14,1
batch8/case1739/figure_4__panel_a/curve_4,10,28.62786043678761,64.27718040621261,13,1
batch8/case1739/figure_4__panel_a/curve_4,11,33.37857826503089,70.25089605734762,12,1
batch8/case1739/figure_4__panel_a/curve_4,12,38.12929609327417,75.02986857825563,11,1
batch8/case1739/figure_4__panel_a/curve_4,13,42.880013921517445,79.80884109916363,10,1
batch8/case1739/figure_4__panel_a/curve_4,14,47.99617158270252,84.58781362007163,9,1
batch8/case1739/figure_4__panel_a/curve_4,15,53.84320890977117,89.36678614097963,8,1
batch8/case1739/figure_4__panel_a/curve_4,16,59.32480640389803,94.14575866188764,7,1
batch8/case1739/figure_4__panel_a/curve_4,17,65.17184373096669,100.11947431302264,6,1
batch8/case1739/figure_4__panel_a/curve_4,18,71.01888105803533,104.89844683393063,5,1
batch8/case1739/figure_4__panel_a/curve_4,19,76.86591838510398,109.67741935483866,4,1
batch8/case1739/figure_4__panel_a/curve_4,20,83.07839554511442,114.45639187574666,3,1
batch8/case1739/figure_4__panel_a/curve_4,21,89.29087270512487,120.43010752688168,2,1
batch8/case1739/figure_4__panel_a/curve_4,22,95.50334986513528,124.01433691756267,1,1
batch8/case1739/figure_4__panel_a/curve_4,23,98.79230836161142,127.59856630824368,0,1
batch8/case1748/figure_4__panel_a/curve_2,0,22.222222222222232,52.619446772841606,35,1
batch8/case1748/figure_4__panel_a/curve_2,1,31.17076808351977,62.67812238055326,34,1
batch8/case1748/figure_4__panel_a/curve_2,2,40.119313944817314,72.73679798826491,33,1
batch8/case1748/figure_4__panel_a/curve_2,3,49.06785980611485,82.79547359597656,32,1
batch8/case1748/figure_4__panel_a/curve_2,4,58.01640566741239,92.8541492036882,31,1
batch8/case1748/figure_4__panel_a/curve_2,5,66.96495152870993,102.91282481139984,30,1
batch8/case1748/figure_4__panel_a/curve_2,6,76.36092468307234,112.9715004191115,29,1
batch8/case1748/figure_4__panel_a/curve_2,7,85.30947054436989,123.03017602682316,28,1
batch8/case1748/figure_4__panel_a/curve_2,8,95.60029828486206,133.08885163453482,27,1
batch8/case1748/figure_4__panel_a/curve_2,9,103.65398956002984,143.14752724224647,26,1
batch8/case1748/figure_4__panel_a/curve_2,10,113.04996271439228,153.20620284995812,25,1
batch8/case1748/figure_4__panel_a/curve_2,11,121.10365398956004,163.26487845766977,24,1
batch8/case1748/figure_4__panel_a/curve_2,12,130.49962714392245,173.32355406538142,23,1
batch8/case1748/figure_4__panel_a/curve_2,13,140.34302759134977,183.38222967309304,22,1
batch8/case1748/figure_4__panel_a/curve_2,14,148.39671886651757,193.4409052808047,21,1
batch8/case1748/figure_4__panel_a/curve_2,15,156.89783743475022,203.4995808885164,20,1
batch8/case1748/figure_4__panel_a/curve_2,16,168.08351976137212,213.558256496228,19,1
batch8/case1748/figure_4__panel_a/curve_2,17,173.90007457121553,223.6169321039397,18,1
batch8/case1748/figure_4__panel_a/curve_2,18,185.9806114839672,233.6756077116513,17,1
batch8/case1748/figure_4__panel_a/curve_2,19,194.48173005219988,243.734283319363,16,1
batch8/case1748/figure_4__panel_a/curve_2,20,205.6674123788218,253.7929589270746,15,1
batch8/case1748/figure_4__panel_a/curve_2,21,213.7211036539896,263.8516345347863,14,1
batch8/case1748/figure_4__panel_a/curve_2,22,223.117076808352,273.9103101424979,13,1
batch8/case1748/figure_4__panel_a/curve_2,23,232.51304996271443,283.9689857502096,12,1
batch8/case1748/figure_4__panel_a/curve_2,24,242.3564504101417,294.02766135792126,11,1
batch8/case1748/figure_4__panel_a/curve_2,25,252.6472781506339,304.0863369656329,10,1
batch8/case1748/figure_4__panel_a/curve_2,26,264.7278150633856,314.14501257334456,9,1
batch8/case1748/figure_4__panel_a/curve_2,27,274.123788217748,324.2036881810562,8,1
batch8/case1748/figure_4__panel_a/curve_2,28,289.3363161819538,334.26236378876786,7,1
batch8/case1748/figure_4__panel_a/curve_2,29,299.627143922446,344.3210393964795,6,1
batch8/case1748/figure_4__panel_a/curve_2,30,307.23340790454887,354.3797150041912,5,1
batch8/case1748/figure_4__panel_a/curve_2,31,317.971662938106,364.4383906119028,4,1
batch8/case1748/figure_4__panel_a/curve_2,32,336.3161819537659,374.49706621961445,3,1
batch8/case1748/figure_4__panel_a/curve_2,33,349.7390007457122,384.5557418273261,2,1
batch8/case1748/figure_4__panel_a/curve_2,34,363.6092468307234,394.61441743503775,1,1
batch8/case1748/figure_4__panel_a/curve_2,35,381.95376584638336,404.6730930427494,0,1
batch8/case1774/figure_3__panel_a/curve_purple,0,9.497932663910216,7.193515704153911,15,1
batch8/case1774/figure_3__panel_a/curve_purple,1,14.034258712344943,13.27254305977701,14,1
batch8/case1774/figure_3__panel_a/curve_purple,2,20.69698759598346,21.37791286727448,13,1
batch8/case1774/figure_3__panel_a/curve_purple,3,27.690490253987004,29.483282674771942,12,1
batch8/case1774/figure_3__panel_a/curve_purple,4,34.68399291199054,37.58865248226942,11,1
batch8/case1774/figure_3__panel_a/curve_purple,5,40.5434140578854,43.66767983789252,10,1
batch8/case1774/figure_3__panel_a/curve_purple,6,48.62374483165978,51.77304964538999,9,1
batch8/case1774/figure_3__panel_a/curve_purple,7,57.79090372120496,59.87841945288745,8,1
batch8/case1774/figure_3__panel_a/curve_purple,8,67.05256940342588,67.98378926038492,7,1
batch8/case1774/figure_3__panel_a/curve_purple,9,74.75487300649733,74.06281661600802,6,1
batch8/case1774/figure_3__panel_a/curve_purple,10,85.85942114589486,82.16818642350549,5,1
batch8/case1774/figure_3__panel_a/curve_purple,11,99.5629060838748,90.27355623100296,4,1
batch8/case1774/figure_3__panel_a/curve_purple,12,113.2663910218547,98.37892603850042,3,1
batch8/case1774/figure_3__panel_a/curve_purple,13,125.22150029533373,104.45795339412354,2,1
batch8/case1774/figure_3__panel_a/curve_purple,14,139.91730655640876,112.563323201621,1,1
batch8/case1774/figure_3__panel_a/curve_purple,15,147.28883638511522,120.66869300911846,0,1
batch8/case1791/figure_3__panel_a/curve_1,0,99.2790627816164,107.35537190082648,13,1
batch8/case1791/figure_3__panel_a/curve_1,1,150.79603484529918,166.58903080390695,12,1
batch8/case1791/figure_3__panel_a/curve_1,2,197.05617302493263,195.6574004507887,11,1
batch8/case1791/figure_3__panel_a/curve_1,3,269.6004806248125,272.9902329075882,10,1
batch8/case1791/figure_3__panel_a/curve_1,4,315.86061880444606,323.9969947407964,9,1
batch8/case1791/figure_3__panel_a/curve_1,5,383.14809252027663,379.3914350112696,8,1
batch8/case1791/figure_3__panel_a/curve_1,6,464.1033343346352,450.14274981217136,7,1
batch8/case1791/figure_3__panel_a/curve_2,0,14.118353860018308,25.0864012021037,16,1
batch8/case1791/figure_3__panel_a/curve_2,1,36.19705617302523,67.31780616078133,15,1
batch8/case1791/figure_3__panel_a/curve_2,2,124.51186542505285,122.71224643125478,14,1
batch8/case1791/figure_3__panel_a/curve_2,3,177.0802042655455,171.52516904583018,13,1
batch8/case1791/figure_3__panel_a/curve_2,4,250.6758786422352,215.40195341848232,12,1
batch8/case1791/figure_3__panel_a/curve_2,5,324.27155301892486,259.27873779113446,11,1
batch8/case1791/figure_3__panel_a/curve_2,6,387.353559627516,303.1555221637866,10,1
batch8/case1791/figure_3__panel_a/curve_2,7,472.5142685491141,388.16679188580014,9,1
batch8/case1800/figure_4__panel_a/curve_4,0,5.699676717028435,35.53090983774893,21,1
batch8/case1800/figure_4__panel_a/curve_4,1,9.024872995975455,41.692339289381714,20,1
batch8/case1800/figure_4__panel_a/curve_4,2,12.719535528138811,47.85376874101449,19,1
batch8/case1800/figure_4__panel_a/curve_4,3,16.41419806030217,51.96138837543634,18,1
batch8/case1800/figure_4__panel_a/curve_4,4,20.108860592465525,56.069008009858194,17,1
batch8/case1800/figure_4__panel_a/curve_4,5,23.80352312462888,60.176627644280046,16,1
batch8/case1800/figure_4__panel_a/curve_4,6,27.49818565679224,64.2842472787019,15,1
batch8/case1800/figure_4__panel_a/curve_4,7,31.1928481889556,70.44567673033468,14,1
batch8/case1800/figure_4__panel_a/curve_4,8,34.88751072111895,74.55329636475653,13,1
batch8/case1800/figure_4__panel_a/curve_4,9,38.58217325328231,78.66091599917839,12,1
batch8/case1800/figure_4__panel_a/curve_4,10,42.27683578544567,82.76853563360025,10,1
batch8/case1800/figure_4__panel_a/curve_4,11,45.97149831760903,82.76853563360025,11,1
batch8/case1800/figure_4__panel_a/curve_4,12,47.81882958369069,84.82234545081116,9,1
batch8/case1800/figure_4__panel_a/curve_4,13,49.666160849772375,86.87615526802209,8,1
batch8/case1800/figure_4__panel_a/curve_4,14,51.513492115854056,88.92996508523302,7,1
batch8/case1800/figure_4__panel_a/curve_4,15,53.36082338193573,90.98377490244394,6,1
batch8/case1800/figure_4__panel_a/curve_4,16,55.20815464801741,93.03758471965487,5,1
batch8/case1800/figure_4__panel_a/curve_4,17,57.05548591409909,95.0913945368658,3,1
batch8/case1800/figure_4__panel_a/curve_4,18,58.90281718018077,95.0913945368658,4,1
batch8/case1800/figure_4__panel_a/curve_4,19,60.75014844626244,99.19901417128766,2,1
batch8/case1800/figure_4__panel_a/curve_4,20,62.597479712344125,101.25282398849858,1,1
batch8/case1800/figure_4__panel_a/curve_4,21,64.4448109784258,103.30663380570952,0,1
batch8/case1821/figure_3__panel_a/curve_1,0,2.36546021417921,12.3907863383638,16,1
batch8/case1821/figure_3__panel_a/curve_1,1,3.788803036464692,17.156473391580636,15,1
batch8/case1821/figure_3__panel_a/curve_1,2,6.161041073607162,21.92216044479748,14,1
batch8/case1821/figure_3__panel_a/curve_1,3,9.007726718178125,26.687847498014317,13,1
batch8/case1821/figure_3__panel_a/curve_1,4,12.328859970177584,31.45353455123116,12,1
batch8/case1821/figure_3__panel_a/curve_1,5,17.073336044462522,34.63065925337571,11,1
batch8/case1821/figure_3__panel_a/curve_1,6,22.76670733360445,39.39634630659255,10,1
batch8/case1821/figure_3__panel_a/curve_1,7,28.46007862274638,44.16203335980939,9,1
batch8/case1821/figure_3__panel_a/curve_1,8,36.05124034160228,47.339158061953945,8,1
batch8/case1821/figure_3__panel_a/curve_1,9,44.11684966788668,52.10484511517079,7,1
batch8/case1821/figure_3__panel_a/curve_1,10,53.13135420902807,56.870532168387626,6,1
batch8/case1821/figure_3__panel_a/curve_1,11,62.52541683611225,64.49563145353459,5,1
batch8/case1821/figure_3__panel_a/curve_1,12,70.6384709231395,69.8967434471803,4,1
batch8/case1821/figure_3__panel_a/curve_1,13,80.36464687542362,75.29785544082611,3,1
batch8/case1821/figure_3__panel_a/curve_1,14,88.14558763725093,80.06354249404295,1,1
batch8/case1821/figure_3__panel_a/curve_1,15,95.83163887759252,79.11040508339954,2,1
batch8/case1821/figure_3__panel_a/curve_1,16,99.15277212959198,83.87609213661638,0,1
batch8/case1831/figure_5__panel_a/curve_2,0,0.5846512620912783,16.957605985037407,32;33,2
batch8/case1831/figure_5__panel_a/curve_2,1,1.2744083690528982,24.438902743142144,31,1
batch8/case1831/figure_5__panel_a/curve_2,2,1.619286922533708,29.42643391521197,30,1
batch8/case1831/figure_5__panel_a/curve_2,3,1.9641654760145184,34.413965087281795,29,1
batch8/case1831/figure_5__panel_a/curve_2,4,2.998801136456948,39.40149625935162,28,1
batch8/case1831/figure_5__panel_a/curve_2,5,4.0334367968993785,44.38902743142145,27,1
batch8/case1831/figure_5__panel_a/curve_2,6,5.412951010822618,49.37655860349127,26,1
batch8/case1831/figure_5__panel_a/curve_2,7,7.482222331707478,54.3640897755611,25,1
batch8/case1831/figure_5__panel_a/curve_2,8,9.551493652592338,59.35162094763093,24,1
batch8/case1831/figure_5__panel_a/curve_2,9,11.620764973477195,64.33915211970074,23,1
batch8/case1831/figure_5__panel_a/curve_2,10,14.379793401323678,69.32668329177058,22,1
batch8/case1831/figure_5__panel_a/curve_2,11,17.13882182917016,74.3142144638404,21,1
batch8/case1831/figure_5__panel_a/curve_2,12,20.587607363978258,79.30174563591022,20,1
batch8/case1831/figure_5__panel_a/curve_2,13,23.34663579182474,84.28927680798006,19,1
batch8/case1831/figure_5__panel_a/curve_2,14,26.79542132663284,89.27680798004988,18,1
batch8/case1831/figure_5__panel_a/curve_2,15,30.244206861440937,94.26433915211967,17,1
batch8/case1831/figure_5__panel_a/curve_2,16,33.69299239624904,99.25187032418953,16,1
batch8/case1831/figure_5__panel_a/curve_2,17,37.486656484537946,104.23940149625936,15,1
batch8/case1831/figure_5__panel_a/curve_2,18,41.28032057282686,109.22693266832918,14,1
batch8/case1831/figure_5__panel_a/curve_2,19,44.384227554154144,114.214463840399,13,1
batch8/case1831/figure_5__panel_a/curve_2,20,48.17789164244306,119.20199501246884,12,1
batch8/case1831/figure_5__panel_a/curve_2,21,53.0061913911744,124.18952618453864,11,1
batch8/case1831/figure_5__panel_a/curve_2,22,58.52424824686736,129.1770573566085,10,1
batch8/case1831/figure_5__panel_a/curve_2,23,61.28327667471383,134.1645885286783,9,1
batch8/case1831/figure_5__panel_a/curve_2,24,66.8013335304068,139.15211970074813,8,1
batch8/case1831/figure_5__panel_a/curve_2,25,71.28475472565732,144.13965087281795,7,1
batch8/case1831/figure_5__panel_a/curve_2,26,74.73354026046543,149.12718204488775,6,1
batch8/case1831/figure_5__panel_a/curve_2,27,77.83744724179272,154.1147132169576,5,1
batch8/case1831/figure_5__panel_a/curve_2,28,81.28623277660081,159.10224438902742,4,1
batch8/case1831/figure_5__panel_a/curve_2,29,86.11453252533215,164.08977556109724,3,1
batch8/case1831/figure_5__panel_a/curve_2,30,91.63258938102511,169.0773067331671,2,1
batch8/case1831/figure_5__panel_a/curve_2,31,96.46088912975644,174.0648379052369,1,1
batch8/case1831/figure_5__panel_a/curve_2,32,99.21991755760294,179.05236907730674,0,1
